{"type":"FeatureCollection","name":"barreiros-area-da-balea-buildings","crs":{"type":"name","properties":{"name":"EPSG:25829"}},"source":"Direcci\u00f3n General del Catastro, INSPIRE BU","features":[{"type":"Feature","properties":{"id":"G01100800PJ42F_part1","floors":2,"height":6.2,"heightSource":"Catastro:numberOfFloorsAboveGround"},"geometry":{"type":"Polygon","coordinates":[[[644996.1375,4824785.7855],[644975.7935,4824796.77],[644976.473,4824798.028],[644996.8165,4824787.0435],[644996.1375,4824785.7855]]]}},{"type":"Feature","properties":{"id":"G01100800PJ42F_part2","floors":2,"height":6.2,"heightSource":"Catastro:numberOfFloorsAboveGround"},"geometry":{"type":"Polygon","coordinates":[[[644980.383,4824805.2705],[644981.0625,4824806.5285],[645001.4065,4824795.544],[645000.727,4824794.286],[644980.383,4824805.2705]]]}},{"type":"Feature","properties":{"id":"G01100800PJ42F_part3","floors":3,"height":9.3,"heightSource":"Catastro:numberOfFloorsAboveGround"},"geometry":{"type":"Polygon","coordinates":[[[644976.473,4824798.028],[644980.383,4824805.2705],[645000.727,4824794.286],[644996.8165,4824787.0435],[644976.473,4824798.028]]]}},{"type":"Feature","properties":{"id":"G01101200PJ42D_part1","floors":2,"height":6.2,"heightSource":"Catastro:numberOfFloorsAboveGround"},"geometry":{"type":"Polygon","coordinates":[[[645409.8916,4824737.35175],[645407.37285,4824748.7481],[645406.8703,4824751.02185],[645408.7692,4824750.9951],[645420.45845,4824750.83025],[645422.77645,4824740.1995],[645409.8916,4824737.35175]]]}},{"type":"Feature","properties":{"id":"G01101300PJ42D_part1","floors":1,"height":3.1,"heightSource":"Catastro:numberOfFloorsAboveGround"},"geometry":{"type":"Polygon","coordinates":[[[645004.7976,4824710.7868],[644998.2546,4824711.271],[644996.9729,4824718.30055],[645003.2199,4824719.43955],[645004.7976,4824710.7868]]]}},{"type":"Feature","properties":{"id":"G01101300PJ42D_part2","floors":1,"height":3.1,"heightSource":"Catastro:numberOfFloorsAboveGround"},"geometry":{"type":"Polygon","coordinates":[[[644999.61185,4824725.9526],[645001.95445,4824726.37975],[645001.9724,4824726.28135],[645003.2199,4824719.43955],[645000.87725,4824719.0124],[644999.61185,4824725.9526]]]}},{"type":"Feature","properties":{"id":"G01101300PJ42D_part3","floors":2,"height":6.2,"heightSource":"Catastro:numberOfFloorsAboveGround"},"geometry":{"type":"Polygon","coordinates":[[[644998.0501,4824725.66785],[644999.61185,4824725.9526],[645000.87725,4824719.0124],[644999.3155,4824718.72765],[644998.0501,4824725.66785]]]}},{"type":"Feature","properties":{"id":"G01101300PJ42D_part4","floors":1,"height":3.1,"heightSource":"Catastro:numberOfFloorsAboveGround"},"geometry":{"type":"Polygon","coordinates":[[[644996.9729,4824718.30055],[644995.7254,4824725.1423],[644995.70745,4824725.2407],[644998.0501,4824725.66785],[644999.3155,4824718.72765],[644996.9729,4824718.30055]]]}},{"type":"Feature","properties":{"id":"G01101400PJ42D_part1","floors":1,"height":3.1,"heightSource":"Catastro:numberOfFloorsAboveGround"},"geometry":{"type":"Polygon","coordinates":[[[645268.292,4824731.44795],[645270.9013,4824727.7817],[645269.7607,4824726.9699],[645267.1514,4824730.63615],[645268.292,4824731.44795]]]}},{"type":"Feature","properties":{"id":"G01101500PJ42D_part1","floors":1,"height":3.1,"heightSource":"Catastro:numberOfFloorsAboveGround"},"geometry":{"type":"Polygon","coordinates":[[[645370.3095,4824743.489],[645374.0645,4824744.505],[645374.4955,4824742.912],[645370.7405,4824741.896],[645370.3095,4824743.489]]]}},{"type":"Feature","properties":{"id":"G01101500PJ42D_part2","floors":1,"height":3.1,"heightSource":"Catastro:numberOfFloorsAboveGround"},"geometry":{"type":"Polygon","coordinates":[[[645387.375,4824730.1115],[645384.103,4824729.226],[645383.6645,4824730.848],[645386.9365,4824731.733],[645387.375,4824730.1115]]]}},{"type":"Feature","properties":{"id":"G01101500PJ42D_part3","floors":1,"height":3.1,"heightSource":"Catastro:numberOfFloorsAboveGround"},"geometry":{"type":"Polygon","coordinates":[[[645379.084,4824745.863],[645382.839,4824746.8785],[645383.27,4824745.286],[645379.515,4824744.27],[645379.084,4824745.863]]]}},{"type":"Feature","properties":{"id":"G01101500PJ42D_part4","floors":1,"height":3.1,"heightSource":"Catastro:numberOfFloorsAboveGround"},"geometry":{"type":"Polygon","coordinates":[[[645378.118,4824727.607],[645374.846,4824726.7215],[645374.407,4824728.3435],[645377.679,4824729.2285],[645378.118,4824727.607]]]}},{"type":"Feature","properties":{"id":"G01101500PJ42D_part5","floors":1,"height":3.1,"heightSource":"Catastro:numberOfFloorsAboveGround"},"geometry":{"type":"Polygon","coordinates":[[[645374.0645,4824744.505],[645376.5745,4824745.1835],[645379.084,4824745.863],[645379.515,4824744.27],[645374.4955,4824742.912],[645374.0645,4824744.505]]]}},{"type":"Feature","properties":{"id":"G01101500PJ42D_part6","floors":2,"height":6.2,"heightSource":"Catastro:numberOfFloorsAboveGround"},"geometry":{"type":"Polygon","coordinates":[[[645372.158,4824736.656],[645378.423,4824738.351],[645384.6875,4824740.0455],[645386.9365,4824731.733],[645383.6645,4824730.848],[645377.679,4824729.2285],[645374.407,4824728.3435],[645372.158,4824736.656]]]}},{"type":"Feature","properties":{"id":"G01101500PJ42D_part7","floors":2,"height":6.2,"heightSource":"Catastro:numberOfFloorsAboveGround"},"geometry":{"type":"Polygon","coordinates":[[[645370.7405,4824741.896],[645374.4955,4824742.912],[645379.515,4824744.27],[645383.27,4824745.286],[645384.6875,4824740.0455],[645378.423,4824738.351],[645372.158,4824736.656],[645370.7405,4824741.896]]]}},{"type":"Feature","properties":{"id":"G01101600PJ42D_part1","floors":1,"height":3.1,"heightSource":"Catastro:numberOfFloorsAboveGround"},"geometry":{"type":"Polygon","coordinates":[[[645162.0019,4824667.6555],[645162.20065,4824671.7403],[645167.91325,4824669.03195],[645166.28,4824665.62725],[645162.0019,4824667.6555]]]}},{"type":"Feature","properties":{"id":"G01101600PJ42D_part2","floors":1,"height":3.1,"heightSource":"Catastro:numberOfFloorsAboveGround"},"geometry":{"type":"Polygon","coordinates":[[[645181.1673,4824677.21545],[645181.126,4824677.07125],[645178.45665,4824667.7458],[645176.07025,4824668.4289],[645178.78085,4824677.89855],[645181.1673,4824677.21545]]]}},{"type":"Feature","properties":{"id":"G01101600PJ42D_part3","floors":2,"height":6.2,"heightSource":"Catastro:numberOfFloorsAboveGround"},"geometry":{"type":"Polygon","coordinates":[[[645173.44035,4824669.18165],[645176.15095,4824678.65135],[645178.78085,4824677.89855],[645176.07025,4824668.4289],[645173.44035,4824669.18165]]]}},{"type":"Feature","properties":{"id":"G01101600PJ42D_part4","floors":1,"height":3.1,"heightSource":"Catastro:numberOfFloorsAboveGround"},"geometry":{"type":"Polygon","coordinates":[[[645171.05395,4824669.86475],[645173.7233,4824679.19025],[645173.7646,4824679.33445],[645176.15095,4824678.65135],[645173.44035,4824669.18165],[645171.05395,4824669.86475]]]}},{"type":"Feature","properties":{"id":"G01101700PJ42D_part1","floors":1,"height":3.1,"heightSource":"Catastro:numberOfFloorsAboveGround"},"geometry":{"type":"Polygon","coordinates":[[[645162.30785,4824673.94425],[645162.0019,4824667.6555],[645158.39275,4824668.3279],[645158.6746,4824674.121],[645162.30785,4824673.94425]]]}},{"type":"Feature","properties":{"id":"G01101900PJ42D_part1","floors":1,"height":3.1,"heightSource":"Catastro:numberOfFloorsAboveGround"},"geometry":{"type":"Polygon","coordinates":[[[645348.24945,4824660.8167],[645342.0054,4824658.5288],[645340.4228,4824662.84795],[645336.1975,4824661.29975],[645333.1871,4824669.5156],[645343.5344,4824673.307],[645347.1485,4824663.82135],[645348.24945,4824660.8167]]]}},{"type":"Feature","properties":{"id":"G01101900PJ42D_part2","floors":1,"height":3.1,"heightSource":"Catastro:numberOfFloorsAboveGround"},"geometry":{"type":"Polygon","coordinates":[[[645349.58975,4824664.71585],[645347.1485,4824663.82135],[645346.65,4824665.12975],[645346.1403,4824666.4675],[645355.423,4824669.86875],[645355.9155,4824668.5247],[645349.1081,4824666.0304],[645349.58975,4824664.71585]]]}},{"type":"Feature","properties":{"id":"G01101900PJ42D_part3","floors":2,"height":6.2,"heightSource":"Catastro:numberOfFloorsAboveGround"},"geometry":{"type":"Polygon","coordinates":[[[645357.14475,4824672.4364],[645354.79735,4824671.5763],[645345.49275,4824668.16705],[645344.64475,4824670.3928],[645356.342,4824674.6788],[645357.14475,4824672.4364]]]}},{"type":"Feature","properties":{"id":"G01101900PJ42D_part4","floors":3,"height":9.3,"heightSource":"Catastro:numberOfFloorsAboveGround"},"geometry":{"type":"Polygon","coordinates":[[[645343.5344,4824673.307],[645343.005,4824674.7518],[645354.7723,4824679.0635],[645356.342,4824674.6788],[645344.64475,4824670.3928],[645343.5344,4824673.307]]]}},{"type":"Feature","properties":{"id":"G01101900PJ42D_part5","floors":2,"height":6.2,"heightSource":"Catastro:numberOfFloorsAboveGround"},"geometry":{"type":"Polygon","coordinates":[[[645342.1926,4824676.9689],[645353.97645,4824681.28665],[645354.7723,4824679.0635],[645343.005,4824674.7518],[645342.1926,4824676.9689]]]}},{"type":"Feature","properties":{"id":"G01101900PJ42D_part6","floors":2,"height":6.2,"heightSource":"Catastro:numberOfFloorsAboveGround"},"geometry":{"type":"Polygon","coordinates":[[[645345.49275,4824668.16705],[645354.79735,4824671.5763],[645355.423,4824669.86875],[645346.1403,4824666.4675],[645345.49275,4824668.16705]]]}},{"type":"Feature","properties":{"id":"G01101900PJ42D_part7","floors":1,"height":3.1,"heightSource":"Catastro:numberOfFloorsAboveGround"},"geometry":{"type":"Polygon","coordinates":[[[645354.79735,4824671.5763],[645357.14475,4824672.4364],[645357.4818,4824671.4949],[645355.135,4824670.65475],[645354.79735,4824671.5763]]]}},{"type":"Feature","properties":{"id":"G01101900PJ42D_part8","floors":1,"height":3.1,"heightSource":"Catastro:numberOfFloorsAboveGround"},"geometry":{"type":"Polygon","coordinates":[[[645355.84745,4824678.88365],[645356.8803,4824679.2621],[645359.11655,4824673.1589],[645358.0838,4824672.7805],[645356.1915,4824677.9447],[645355.84745,4824678.88365]]]}},{"type":"Feature","properties":{"id":"G01101900PJ42D_part9","floors":1,"height":3.1,"heightSource":"Catastro:numberOfFloorsAboveGround"},"geometry":{"type":"Polygon","coordinates":[[[645357.14475,4824672.4364],[645355.29095,4824677.61475],[645356.1915,4824677.9447],[645358.0838,4824672.7805],[645357.14475,4824672.4364]]]}},{"type":"Feature","properties":{"id":"G01101900PJ42D_part10","floors":1,"height":3.1,"heightSource":"Catastro:numberOfFloorsAboveGround"},"geometry":{"type":"Polygon","coordinates":[[[645341.84855,4824677.90785],[645353.6324,4824682.22565],[645353.97645,4824681.28665],[645342.1926,4824676.9689],[645341.84855,4824677.90785]]]}},{"type":"Feature","properties":{"id":"G01102000PJ42D_part1","floors":1,"height":3.1,"heightSource":"Catastro:numberOfFloorsAboveGround"},"geometry":{"type":"Polygon","coordinates":[[[645128.089,4824626.805],[645128.7685,4824634.274],[645130.362,4824634.129],[645129.6825,4824626.66],[645128.089,4824626.805]]]}},{"type":"Feature","properties":{"id":"G01102000PJ42D_part2","floors":1,"height":3.1,"heightSource":"Catastro:numberOfFloorsAboveGround"},"geometry":{"type":"Polygon","coordinates":[[[645136.5145,4824629.795],[645136.855,4824633.5385],[645140.9385,4824633.167],[645140.665,4824630.1595],[645140.5165,4824629.431],[645136.5145,4824629.795]]]}},{"type":"Feature","properties":{"id":"G01102000PJ42D_part3","floors":1,"height":3.1,"heightSource":"Catastro:numberOfFloorsAboveGround"},"geometry":{"type":"Polygon","coordinates":[[[645136.015,4824633.615],[645136.386,4824637.698],[645141.31,4824637.25],[645140.9385,4824633.167],[645136.855,4824633.5385],[645136.015,4824633.615]]]}},{"type":"Feature","properties":{"id":"G01102000PJ42D_part4","floors":1,"height":3.1,"heightSource":"Catastro:numberOfFloorsAboveGround"},"geometry":{"type":"Polygon","coordinates":[[[645135.489,4824616.28],[645135.7885,4824617.75],[645138.042,4824617.2905],[645137.7425,4824615.821],[645135.489,4824616.28]]]}},{"type":"Feature","properties":{"id":"G01102000PJ42D_part5","floors":1,"height":3.1,"heightSource":"Catastro:numberOfFloorsAboveGround"},"geometry":{"type":"Polygon","coordinates":[[[645134.7105,4824617.9695],[645136.1085,4824624.8285],[645139.44,4824624.1495],[645138.042,4824617.2905],[645135.7885,4824617.75],[645134.7105,4824617.9695]]]}},{"type":"Feature","properties":{"id":"G01102000PJ42D_part6","floors":1,"height":3.1,"heightSource":"Catastro:numberOfFloorsAboveGround"},"geometry":{"type":"Polygon","coordinates":[[[645132.2415,4824612.207],[645134.1305,4824611.9555],[645133.7955,4824609.4425],[645131.9065,4824609.694],[645132.2415,4824612.207]]]}},{"type":"Feature","properties":{"id":"G01102000PJ42D_part7","floors":1,"height":3.1,"heightSource":"Catastro:numberOfFloorsAboveGround"},"geometry":{"type":"Polygon","coordinates":[[[645136.176,4824626.069],[645129.6825,4824626.66],[645130.362,4824634.129],[645136.015,4824633.615],[645136.855,4824633.5385],[645136.5145,4824629.795],[645136.176,4824626.069]]]}},{"type":"Feature","properties":{"id":"G01102100PJ42D_part1","floors":1,"height":3.1,"heightSource":"Catastro:numberOfFloorsAboveGround"},"geometry":{"type":"Polygon","coordinates":[[[645263.887,4824565.163],[645260.0235,4824567.804],[645262.016,4824570.718],[645263.254,4824569.8715],[645262.1085,4824568.196],[645264.7335,4824566.401],[645263.887,4824565.163]]]}},{"type":"Feature","properties":{"id":"G01102100PJ42D_part2","floors":1,"height":3.1,"heightSource":"Catastro:numberOfFloorsAboveGround"},"geometry":{"type":"Polygon","coordinates":[[[645283.498,4824599.479],[645284.644,4824601.1545],[645287.2685,4824599.3595],[645290.7355,4824596.989],[645290.098,4824596.056],[645286.631,4824598.427],[645286.123,4824597.684],[645283.498,4824599.479]]]}},{"type":"Feature","properties":{"id":"G01102100PJ42D_part3","floors":1,"height":3.1,"heightSource":"Catastro:numberOfFloorsAboveGround"},"geometry":{"type":"Polygon","coordinates":[[[645283.2405,4824599.1025],[645283.498,4824599.479],[645286.123,4824597.684],[645286.631,4824598.427],[645290.098,4824596.056],[645290.7355,4824596.989],[645294.1365,4824594.6635],[645292.7335,4824592.611],[645283.2405,4824599.1025]]]}},{"type":"Feature","properties":{"id":"G01102100PJ42D_part4","floors":1,"height":3.1,"heightSource":"Catastro:numberOfFloorsAboveGround"},"geometry":{"type":"Polygon","coordinates":[[[645282.2595,4824600.3255],[645284.252,4824603.2395],[645288.1155,4824600.598],[645287.2685,4824599.3595],[645284.644,4824601.1545],[645283.498,4824599.479],[645282.2595,4824600.3255]]]}},{"type":"Feature","properties":{"id":"G01102100PJ42D_part5","floors":2,"height":6.2,"heightSource":"Catastro:numberOfFloorsAboveGround"},"geometry":{"type":"Polygon","coordinates":[[[645281.4185,4824596.438],[645283.2405,4824599.1025],[645292.7335,4824592.611],[645290.9115,4824589.947],[645281.4185,4824596.438]]]}},{"type":"Feature","properties":{"id":"G01102100PJ42D_part6","floors":1,"height":3.1,"heightSource":"Catastro:numberOfFloorsAboveGround"},"geometry":{"type":"Polygon","coordinates":[[[645280.0155,4824594.386],[645281.4185,4824596.438],[645290.9115,4824589.947],[645289.508,4824587.8945],[645282.4085,4824592.7495],[645280.675,4824593.9345],[645280.0155,4824594.386]]]}},{"type":"Feature","properties":{"id":"G01102100PJ42D_part7","floors":1,"height":3.1,"heightSource":"Catastro:numberOfFloorsAboveGround"},"geometry":{"type":"Polygon","coordinates":[[[645281.731,4824591.759],[645279.9975,4824592.944],[645280.675,4824593.9345],[645282.4085,4824592.7495],[645281.731,4824591.759]]]}},{"type":"Feature","properties":{"id":"G01102100PJ42D_part8","floors":1,"height":3.1,"heightSource":"Catastro:numberOfFloorsAboveGround"},"geometry":{"type":"Polygon","coordinates":[[[645273.8695,4824585.3985],[645275.0155,4824587.074],[645277.6405,4824585.279],[645281.1075,4824582.9085],[645280.4695,4824581.9755],[645277.0025,4824584.3465],[645276.4945,4824583.6035],[645273.8695,4824585.3985]]]}},{"type":"Feature","properties":{"id":"G01102100PJ42D_part9","floors":1,"height":3.1,"heightSource":"Catastro:numberOfFloorsAboveGround"},"geometry":{"type":"Polygon","coordinates":[[[645273.612,4824585.022],[645273.8695,4824585.3985],[645276.4945,4824583.6035],[645277.0025,4824584.3465],[645280.4695,4824581.9755],[645281.1075,4824582.9085],[645284.5085,4824580.583],[645283.105,4824578.5305],[645273.612,4824585.022]]]}},{"type":"Feature","properties":{"id":"G01102100PJ42D_part10","floors":1,"height":3.1,"heightSource":"Catastro:numberOfFloorsAboveGround"},"geometry":{"type":"Polygon","coordinates":[[[645272.6315,4824586.245],[645274.624,4824589.159],[645278.487,4824586.5175],[645277.6405,4824585.279],[645275.0155,4824587.074],[645273.8695,4824585.3985],[645272.6315,4824586.245]]]}},{"type":"Feature","properties":{"id":"G01102100PJ42D_part11","floors":2,"height":6.2,"heightSource":"Catastro:numberOfFloorsAboveGround"},"geometry":{"type":"Polygon","coordinates":[[[645271.7905,4824582.3575],[645273.612,4824585.022],[645283.105,4824578.5305],[645281.283,4824575.8665],[645271.7905,4824582.3575]]]}},{"type":"Feature","properties":{"id":"G01102100PJ42D_part12","floors":1,"height":3.1,"heightSource":"Catastro:numberOfFloorsAboveGround"},"geometry":{"type":"Polygon","coordinates":[[[645270.387,4824580.305],[645271.7905,4824582.3575],[645281.283,4824575.8665],[645279.88,4824573.814],[645272.7805,4824578.669],[645271.047,4824579.854],[645270.387,4824580.305]]]}},{"type":"Feature","properties":{"id":"G01102100PJ42D_part13","floors":1,"height":3.1,"heightSource":"Catastro:numberOfFloorsAboveGround"},"geometry":{"type":"Polygon","coordinates":[[[645272.103,4824577.678],[645270.3695,4824578.8635],[645271.047,4824579.854],[645272.7805,4824578.669],[645272.103,4824577.678]]]}},{"type":"Feature","properties":{"id":"G01102100PJ42D_part14","floors":1,"height":3.1,"heightSource":"Catastro:numberOfFloorsAboveGround"},"geometry":{"type":"Polygon","coordinates":[[[645267.396,4824574.514],[645268.0735,4824575.505],[645269.807,4824574.3195],[645269.1295,4824573.329],[645267.396,4824574.514]]]}},{"type":"Feature","properties":{"id":"G01102100PJ42D_part15","floors":1,"height":3.1,"heightSource":"Catastro:numberOfFloorsAboveGround"},"geometry":{"type":"Polygon","coordinates":[[[645265.333,4824572.913],[645266.7365,4824574.965],[645267.396,4824574.514],[645269.1295,4824573.329],[645276.23,4824568.475],[645274.827,4824566.4225],[645265.333,4824572.913]]]}},{"type":"Feature","properties":{"id":"G01102100PJ42D_part16","floors":2,"height":6.2,"heightSource":"Catastro:numberOfFloorsAboveGround"},"geometry":{"type":"Polygon","coordinates":[[[645263.5115,4824570.248],[645265.333,4824572.913],[645274.827,4824566.4225],[645273.005,4824563.758],[645263.5115,4824570.248]]]}},{"type":"Feature","properties":{"id":"G01102100PJ42D_part17","floors":1,"height":3.1,"heightSource":"Catastro:numberOfFloorsAboveGround"},"geometry":{"type":"Polygon","coordinates":[[[645263.254,4824569.8715],[645263.5115,4824570.248],[645273.005,4824563.758],[645271.602,4824561.7055],[645268.201,4824564.031],[645268.8385,4824564.964],[645265.3715,4824567.334],[645265.8795,4824568.077],[645263.254,4824569.8715]]]}},{"type":"Feature","properties":{"id":"G01102100PJ42D_part18","floors":1,"height":3.1,"heightSource":"Catastro:numberOfFloorsAboveGround"},"geometry":{"type":"Polygon","coordinates":[[[645262.1085,4824568.196],[645263.254,4824569.8715],[645265.8795,4824568.077],[645265.3715,4824567.334],[645268.8385,4824564.964],[645268.201,4824564.031],[645264.7335,4824566.401],[645262.1085,4824568.196]]]}},{"type":"Feature","properties":{"id":"G01102400PJ42D_part1","floors":1,"height":3.1,"heightSource":"Catastro:numberOfFloorsAboveGround"},"geometry":{"type":"Polygon","coordinates":[[[645238.54945,4824487.81535],[645237.6817,4824483.9106],[645218.15795,4824488.2492],[645219.0257,4824492.15395],[645238.54945,4824487.81535]]]}},{"type":"Feature","properties":{"id":"G01102700PJ42D_part1","floors":1,"height":3.1,"heightSource":"Catastro:numberOfFloorsAboveGround"},"geometry":{"type":"Polygon","coordinates":[[[645064.0212,4824330.0448],[645005.7391,4824356.6643],[645009.933,4824381.6015],[645032.6835,4824368.1715],[645070.93655,4824346.5352],[645064.0212,4824330.0448]]]}},{"type":"Feature","properties":{"id":"G01103700PJ42A_part1","floors":2,"height":6.2,"heightSource":"Catastro:numberOfFloorsAboveGround"},"geometry":{"type":"Polygon","coordinates":[[[645756.7043,4824607.8831],[645756.8284,4824611.7146],[645766.42335,4824611.40385],[645766.29925,4824607.57235],[645756.7043,4824607.8831]]]}},{"type":"Feature","properties":{"id":"G01103700PJ42A_part2","floors":1,"height":3.1,"heightSource":"Catastro:numberOfFloorsAboveGround"},"geometry":{"type":"Polygon","coordinates":[[[645766.29925,4824607.57235],[645766.2221,4824605.19035],[645765.3235,4824605.21945],[645765.40065,4824607.60145],[645766.29925,4824607.57235]]]}},{"type":"Feature","properties":{"id":"G01103700PJ42A_part3","floors":1,"height":3.1,"heightSource":"Catastro:numberOfFloorsAboveGround"},"geometry":{"type":"Polygon","coordinates":[[[645756.62715,4824605.5011],[645756.7043,4824607.8831],[645765.40065,4824607.60145],[645765.3235,4824605.21945],[645756.62715,4824605.5011]]]}},{"type":"Feature","properties":{"id":"G01103700PJ42A_part4","floors":1,"height":3.1,"heightSource":"Catastro:numberOfFloorsAboveGround"},"geometry":{"type":"Polygon","coordinates":[[[645747.18625,4824593.5459],[645747.38075,4824598.5421],[645750.3785,4824598.4254],[645750.17455,4824593.18705],[645747.18625,4824593.5459]]]}},{"type":"Feature","properties":{"id":"G01103700PJ42A_part5","floors":1,"height":3.1,"heightSource":"Catastro:numberOfFloorsAboveGround"},"geometry":{"type":"Polygon","coordinates":[[[645756.8284,4824611.7146],[645756.90555,4824614.0966],[645766.5005,4824613.78585],[645766.42335,4824611.40385],[645756.8284,4824611.7146]]]}},{"type":"Feature","properties":{"id":"G01103800PJ42A_part1","floors":1,"height":3.1,"heightSource":"Catastro:numberOfFloorsAboveGround"},"geometry":{"type":"Polygon","coordinates":[[[645760.70065,4824633.8081],[645760.85095,4824635.80245],[645762.8453,4824635.65215],[645762.695,4824633.65785],[645760.70065,4824633.8081]]]}},{"type":"Feature","properties":{"id":"G01103800PJ42A_part2","floors":2,"height":6.2,"heightSource":"Catastro:numberOfFloorsAboveGround"},"geometry":{"type":"Polygon","coordinates":[[[645757.4018,4824632.24035],[645757.5379,4824634.0464],[645766.11355,4824633.40025],[645765.9775,4824631.59425],[645757.4018,4824632.24035]]]}},{"type":"Feature","properties":{"id":"G01103800PJ42A_part3","floors":3,"height":9.3,"heightSource":"Catastro:numberOfFloorsAboveGround"},"geometry":{"type":"Polygon","coordinates":[[[645757.0243,4824627.2301],[645757.4018,4824632.24035],[645765.9775,4824631.59425],[645765.6,4824626.584],[645757.0243,4824627.2301]]]}},{"type":"Feature","properties":{"id":"G01103800PJ42A_part4","floors":2,"height":6.2,"heightSource":"Catastro:numberOfFloorsAboveGround"},"geometry":{"type":"Polygon","coordinates":[[[645765.46745,4824624.8246],[645756.89175,4824625.4707],[645757.0243,4824627.2301],[645765.6,4824626.584],[645765.46745,4824624.8246]]]}},{"type":"Feature","properties":{"id":"G01104700PJ42D_part1","floors":1,"height":3.1,"heightSource":"Catastro:numberOfFloorsAboveGround"},"geometry":{"type":"Polygon","coordinates":[[[646056.29,4824506.36],[646052.69,4824506.53],[646052.53,4824503.25],[646050.732,4824503.3405],[646051.065,4824510.178],[646056.47,4824509.95],[646056.29,4824506.36]]]}},{"type":"Feature","properties":{"id":"G01104700PJ42D_part2","floors":1,"height":3.1,"heightSource":"Catastro:numberOfFloorsAboveGround"},"geometry":{"type":"Polygon","coordinates":[[[646063.6,4824504.64],[646064.1,4824504.64],[646064.1,4824497.61],[646063.6,4824497.61],[646063.6,4824504.64]]]}},{"type":"Feature","properties":{"id":"G01104700PJ42D_part3","floors":2,"height":6.2,"heightSource":"Catastro:numberOfFloorsAboveGround"},"geometry":{"type":"Polygon","coordinates":[[[646063.6,4824504.64],[646063.6,4824497.61],[646056.59,4824497.61],[646056.59,4824504.64],[646063.6,4824504.64]]]}},{"type":"Feature","properties":{"id":"G01104700PJ42D_part4","floors":1,"height":3.1,"heightSource":"Catastro:numberOfFloorsAboveGround"},"geometry":{"type":"Polygon","coordinates":[[[646056.09,4824497.61],[646056.09,4824504.64],[646056.59,4824504.64],[646056.59,4824497.61],[646056.09,4824497.61]]]}},{"type":"Feature","properties":{"id":"G01104800PJ42D_part1","floors":1,"height":3.1,"heightSource":"Catastro:numberOfFloorsAboveGround"},"geometry":{"type":"Polygon","coordinates":[[[646055.7555,4824548.86],[646055.8165,4824555.0595],[646055.878,4824561.259],[646058.5445,4824561.233],[646058.4835,4824555.033],[646058.422,4824548.8335],[646055.7555,4824548.86]]]}},{"type":"Feature","properties":{"id":"G01104800PJ42D_part2","floors":1,"height":3.1,"heightSource":"Catastro:numberOfFloorsAboveGround"},"geometry":{"type":"Polygon","coordinates":[[[646066.447,4824561.155],[646066.386,4824554.955],[646066.325,4824548.7555],[646065.3575,4824548.765],[646065.4185,4824554.965],[646065.4795,4824561.1645],[646066.447,4824561.155]]]}},{"type":"Feature","properties":{"id":"G01104800PJ42D_part3","floors":2,"height":6.2,"heightSource":"Catastro:numberOfFloorsAboveGround"},"geometry":{"type":"Polygon","coordinates":[[[646058.422,4824548.8335],[646058.4835,4824555.033],[646058.5445,4824561.233],[646065.4795,4824561.1645],[646065.4185,4824554.965],[646065.3575,4824548.765],[646058.422,4824548.8335]]]}},{"type":"Feature","properties":{"id":"G01104900PJ42D_part1","floors":1,"height":3.1,"heightSource":"Catastro:numberOfFloorsAboveGround"},"geometry":{"type":"Polygon","coordinates":[[[646053.892,4824564.225],[646054.166,4824569.458],[646055.5135,4824569.4],[646057.354,4824569.321],[646057.3075,4824568.232],[646057.8785,4824568.207],[646058.3265,4824568.188],[646058.148,4824564.042],[646053.892,4824564.225]]]}},{"type":"Feature","properties":{"id":"G01104900PJ42D_part3","floors":1,"height":3.1,"heightSource":"Catastro:numberOfFloorsAboveGround"},"geometry":{"type":"Polygon","coordinates":[[[646065.3,4824567.888],[646064.729,4824567.9125],[646064.9235,4824572.4285],[646065.494,4824572.404],[646065.3,4824567.888]]]}},{"type":"Feature","properties":{"id":"G01104900PJ42D_part4","floors":2,"height":6.2,"heightSource":"Catastro:numberOfFloorsAboveGround"},"geometry":{"type":"Polygon","coordinates":[[[646064.016,4824572.4675],[646064.123,4824574.965],[646065.031,4824574.926],[646064.9235,4824572.4285],[646064.016,4824572.4675]]]}},{"type":"Feature","properties":{"id":"G01104900PJ42D_part5","floors":2,"height":6.2,"heightSource":"Catastro:numberOfFloorsAboveGround"},"geometry":{"type":"Polygon","coordinates":[[[646057.8785,4824568.207],[646058.18,4824575.2205],[646064.123,4824574.965],[646064.016,4824572.4675],[646064.9235,4824572.4285],[646064.729,4824567.9125],[646058.3265,4824568.188],[646057.8785,4824568.207]]]}},{"type":"Feature","properties":{"id":"G01104900PJ42D_part6","floors":1,"height":3.1,"heightSource":"Catastro:numberOfFloorsAboveGround"},"geometry":{"type":"Polygon","coordinates":[[[646057.3075,4824568.232],[646057.354,4824569.321],[646057.609,4824575.245],[646058.18,4824575.2205],[646057.8785,4824568.207],[646057.3075,4824568.232]]]}},{"type":"Feature","properties":{"id":"G01104900PJ42D_part7","floors":1,"height":3.1,"heightSource":"Catastro:numberOfFloorsAboveGround"},"geometry":{"type":"Polygon","coordinates":[[[646060.606,4824577.6705],[646056.11,4824577.864],[646056.304,4824582.3595],[646060.799,4824582.1665],[646060.606,4824577.6705]]]}},{"type":"Feature","properties":{"id":"G01104900PJ42D_part8","floors":1,"height":3.1,"heightSource":"Catastro:numberOfFloorsAboveGround"},"geometry":{"type":"Polygon","coordinates":[[[646054.166,4824569.458],[646054.2835,4824571.705],[646055.61,4824571.648],[646055.5135,4824569.4],[646054.166,4824569.458]]]}},{"type":"Feature","properties":{"id":"G01105000PJ42D_part1","floors":2,"height":6.2,"heightSource":"Catastro:numberOfFloorsAboveGround"},"geometry":{"type":"Polygon","coordinates":[[[646066.08395,4824589.64405],[646066.1957,4824592.1416],[646067.10315,4824592.101],[646066.99145,4824589.6035],[646066.08395,4824589.64405]]]}},{"type":"Feature","properties":{"id":"G01105000PJ42D_part2","floors":2,"height":6.2,"heightSource":"Catastro:numberOfFloorsAboveGround"},"geometry":{"type":"Polygon","coordinates":[[[646060.14115,4824589.91],[646060.45485,4824596.92295],[646060.903,4824596.9029],[646067.3051,4824596.6165],[646067.10315,4824592.101],[646066.1957,4824592.1416],[646066.08395,4824589.64405],[646060.14115,4824589.91]]]}},{"type":"Feature","properties":{"id":"G01105000PJ42D_part3","floors":1,"height":3.1,"heightSource":"Catastro:numberOfFloorsAboveGround"},"geometry":{"type":"Polygon","coordinates":[[[646059.57025,4824589.93555],[646059.8353,4824595.85955],[646059.88395,4824596.9485],[646060.45485,4824596.92295],[646060.14115,4824589.91],[646059.57025,4824589.93555]]]}},{"type":"Feature","properties":{"id":"G01105000PJ42D_part4","floors":1,"height":3.1,"heightSource":"Catastro:numberOfFloorsAboveGround"},"geometry":{"type":"Polygon","coordinates":[[[646056.49,4824594.58],[646056.74975,4824600.6742],[646063.36605,4824600.3896],[646063.2119,4824596.7996],[646060.903,4824596.9029],[646060.45485,4824596.92295],[646059.88395,4824596.9485],[646059.8353,4824595.85955],[646059.7718,4824594.4401],[646056.49,4824594.58]]]}},{"type":"Feature","properties":{"id":"G01105000PJ42D_part5","floors":1,"height":3.1,"heightSource":"Catastro:numberOfFloorsAboveGround"},"geometry":{"type":"Polygon","coordinates":[[[646067.10315,4824592.101],[646067.3051,4824596.6165],[646067.876,4824596.59095],[646067.674,4824592.07545],[646067.10315,4824592.101]]]}},{"type":"Feature","properties":{"id":"G01105100PJ42D_part1","floors":1,"height":3.1,"heightSource":"Catastro:numberOfFloorsAboveGround"},"geometry":{"type":"Polygon","coordinates":[[[646067.9988,4824605.52625],[646060.27935,4824605.93005],[646060.3163,4824606.63665],[646068.03575,4824606.23285],[646067.9988,4824605.52625]]]}},{"type":"Feature","properties":{"id":"G01105100PJ42D_part2","floors":1,"height":3.1,"heightSource":"Catastro:numberOfFloorsAboveGround"},"geometry":{"type":"Polygon","coordinates":[[[646056.73225,4824618.5218],[646060.92955,4824618.36005],[646060.77665,4824615.43705],[646060.6842,4824613.66945],[646060.6564,4824613.13825],[646056.4621,4824613.35765],[646056.4899,4824613.88885],[646056.73225,4824618.5218]]]}},{"type":"Feature","properties":{"id":"G01105100PJ42D_part3","floors":2,"height":6.2,"heightSource":"Catastro:numberOfFloorsAboveGround"},"geometry":{"type":"Polygon","coordinates":[[[646065.39905,4824613.1925],[646065.46655,4824614.4832],[646068.45915,4824614.32665],[646068.39165,4824613.036],[646065.39905,4824613.1925]]]}},{"type":"Feature","properties":{"id":"G01105100PJ42D_part4","floors":2,"height":6.2,"heightSource":"Catastro:numberOfFloorsAboveGround"},"geometry":{"type":"Polygon","coordinates":[[[646068.03575,4824606.23285],[646060.3163,4824606.63665],[646060.6842,4824613.66945],[646060.7397,4824614.73045],[646065.46655,4824614.4832],[646065.39905,4824613.1925],[646068.39165,4824613.036],[646068.03575,4824606.23285]]]}},{"type":"Feature","properties":{"id":"G01105100PJ42D_part5","floors":1,"height":3.1,"heightSource":"Catastro:numberOfFloorsAboveGround"},"geometry":{"type":"Polygon","coordinates":[[[646068.4961,4824615.03325],[646068.45915,4824614.32665],[646065.46655,4824614.4832],[646065.5035,4824615.1898],[646068.4961,4824615.03325]]]}},{"type":"Feature","properties":{"id":"G01105100PJ42D_part6","floors":1,"height":3.1,"heightSource":"Catastro:numberOfFloorsAboveGround"},"geometry":{"type":"Polygon","coordinates":[[[646060.7397,4824614.73045],[646060.77665,4824615.43705],[646065.5035,4824615.1898],[646065.46655,4824614.4832],[646060.7397,4824614.73045]]]}},{"type":"Feature","properties":{"id":"G01105200PJ42D_part1","floors":2,"height":6.2,"heightSource":"Catastro:numberOfFloorsAboveGround"},"geometry":{"type":"Polygon","coordinates":[[[646051.44885,4824610.96405],[646040.3043,4824611.3123],[646040.59415,4824620.5878],[646051.73875,4824620.2395],[646051.44885,4824610.96405]]]}},{"type":"Feature","properties":{"id":"G01105300PJ42D_part1","floors":1,"height":3.1,"heightSource":"Catastro:numberOfFloorsAboveGround"},"geometry":{"type":"Polygon","coordinates":[[[646069.03905,4824622.58455],[646061.31645,4824622.92245],[646061.34735,4824623.62935],[646069.06995,4824623.29145],[646069.03905,4824622.58455]]]}},{"type":"Feature","properties":{"id":"G01105300PJ42D_part2","floors":1,"height":3.1,"heightSource":"Catastro:numberOfFloorsAboveGround"},"geometry":{"type":"Polygon","coordinates":[[[646059.9049,4824618.93025],[646059.90325,4824618.8873],[646059.88445,4824618.4003],[646056.73225,4824618.5218],[646056.75995,4824619.05145],[646057.0097,4824623.82615],[646060.0874,4824623.66515],[646059.9049,4824618.93025]]]}},{"type":"Feature","properties":{"id":"G01105300PJ42D_part3","floors":1,"height":3.1,"heightSource":"Catastro:numberOfFloorsAboveGround"},"geometry":{"type":"Polygon","coordinates":[[[646066.4304,4824631.51955],[646066.46135,4824632.22645],[646069.45515,4824632.09545],[646069.42425,4824631.3886],[646066.4304,4824631.51955]]]}},{"type":"Feature","properties":{"id":"G01105300PJ42D_part4","floors":2,"height":6.2,"heightSource":"Catastro:numberOfFloorsAboveGround"},"geometry":{"type":"Polygon","coordinates":[[[646066.37395,4824630.22835],[646066.4304,4824631.51955],[646069.42425,4824631.3886],[646069.36775,4824630.0974],[646066.37395,4824630.22835]]]}},{"type":"Feature","properties":{"id":"G01105300PJ42D_part5","floors":1,"height":3.1,"heightSource":"Catastro:numberOfFloorsAboveGround"},"geometry":{"type":"Polygon","coordinates":[[[646061.7016,4824631.72645],[646061.73255,4824632.43335],[646066.46135,4824632.22645],[646066.4304,4824631.51955],[646061.7016,4824631.72645]]]}},{"type":"Feature","properties":{"id":"G01105300PJ42D_part6","floors":2,"height":6.2,"heightSource":"Catastro:numberOfFloorsAboveGround"},"geometry":{"type":"Polygon","coordinates":[[[646061.34735,4824623.62935],[646061.6552,4824630.665],[646061.7016,4824631.72645],[646066.4304,4824631.51955],[646066.37395,4824630.22835],[646069.36775,4824630.0974],[646069.06995,4824623.29145],[646061.34735,4824623.62935]]]}},{"type":"Feature","properties":{"id":"G01105500PJ42D_part1","floors":1,"height":3.1,"heightSource":"Catastro:numberOfFloorsAboveGround"},"geometry":{"type":"Polygon","coordinates":[[[645854.37945,4824672.6193],[645854.10945,4824664.57385],[645853.42955,4824664.59665],[645853.6995,4824672.6421],[645854.37945,4824672.6193]]]}},{"type":"Feature","properties":{"id":"G01105500PJ42D_part2","floors":1,"height":3.1,"heightSource":"Catastro:numberOfFloorsAboveGround"},"geometry":{"type":"Polygon","coordinates":[[[645858.0337,4824675.82655],[645858.0337,4824673.25655],[645853.8837,4824673.25655],[645853.8837,4824675.82655],[645858.0337,4824675.82655]]]}},{"type":"Feature","properties":{"id":"G01105500PJ42D_part3","floors":1,"height":3.1,"heightSource":"Catastro:numberOfFloorsAboveGround"},"geometry":{"type":"Polygon","coordinates":[[[645846.1092,4824665.89275],[645846.34395,4824672.88895],[645847.02385,4824672.86615],[645846.78915,4824665.86995],[645846.1092,4824665.89275]]]}},{"type":"Feature","properties":{"id":"G01105500PJ42D_part5","floors":2,"height":6.2,"heightSource":"Catastro:numberOfFloorsAboveGround"},"geometry":{"type":"Polygon","coordinates":[[[645850.4068,4824665.74855],[645846.78915,4824665.86995],[645847.02385,4824672.86615],[645853.6995,4824672.6421],[645853.42955,4824664.59665],[645850.3716,4824664.6993],[645850.4068,4824665.74855]]]}},{"type":"Feature","properties":{"id":"G01105500PJ42D_part6","floors":2,"height":6.2,"heightSource":"Catastro:numberOfFloorsAboveGround"},"geometry":{"type":"Polygon","coordinates":[[[645846.75395,4824664.8207],[645846.78915,4824665.86995],[645850.4068,4824665.74855],[645850.3716,4824664.6993],[645846.75395,4824664.8207]]]}},{"type":"Feature","properties":{"id":"G01105600PJ42D_part1","floors":1,"height":3.1,"heightSource":"Catastro:numberOfFloorsAboveGround"},"geometry":{"type":"Polygon","coordinates":[[[645828.573,4824670.9305],[645827.743,4824663.4005],[645820.7825,4824664.17],[645821.6125,4824671.7],[645828.573,4824670.9305]]]}},{"type":"Feature","properties":{"id":"G01105700PJ42D_part1","floors":1,"height":3.1,"heightSource":"Catastro:numberOfFloorsAboveGround"},"geometry":{"type":"Polygon","coordinates":[[[645815.33815,4824672.4972],[645814.33915,4824662.48685],[645813.89575,4824662.5293],[645814.89475,4824672.53965],[645815.33815,4824672.4972]]]}},{"type":"Feature","properties":{"id":"G01105700PJ42D_part2","floors":1,"height":3.1,"heightSource":"Catastro:numberOfFloorsAboveGround"},"geometry":{"type":"Polygon","coordinates":[[[645804.893,4824665.3906],[645805.6624,4824673.4239],[645806.12575,4824673.3795],[645805.3243,4824665.3493],[645804.893,4824665.3906]]]}},{"type":"Feature","properties":{"id":"G01105700PJ42D_part4","floors":2,"height":6.2,"heightSource":"Catastro:numberOfFloorsAboveGround"},"geometry":{"type":"Polygon","coordinates":[[[645810.96525,4824664.80905],[645805.3243,4824665.3493],[645806.12575,4824673.3795],[645814.89475,4824672.53965],[645813.89575,4824662.5293],[645810.77555,4824662.82815],[645810.96525,4824664.80905]]]}},{"type":"Feature","properties":{"id":"G01105700PJ42D_part5","floors":2,"height":6.2,"heightSource":"Catastro:numberOfFloorsAboveGround"},"geometry":{"type":"Polygon","coordinates":[[[645805.1267,4824663.36915],[645805.3243,4824665.3493],[645810.96525,4824664.80905],[645810.77555,4824662.82815],[645805.1267,4824663.36915]]]}},{"type":"Feature","properties":{"id":"G01105800PJ42D_part1","floors":1,"height":3.1,"heightSource":"Catastro:numberOfFloorsAboveGround"},"geometry":{"type":"Polygon","coordinates":[[[645784.3066,4824671.762],[645784.51535,4824674.6848],[645787.84685,4824674.44685],[645787.4315,4824668.63165],[645784.3394,4824668.8525],[645784.546,4824671.7449],[645784.3066,4824671.762]]]}},{"type":"Feature","properties":{"id":"G01105800PJ42D_part2","floors":2,"height":6.2,"heightSource":"Catastro:numberOfFloorsAboveGround"},"geometry":{"type":"Polygon","coordinates":[[[645784.3066,4824671.762],[645784.546,4824671.7449],[645784.3394,4824668.8525],[645784.1185,4824665.76015],[645780.79365,4824665.99765],[645781.22115,4824671.9824],[645784.3066,4824671.762]]]}},{"type":"Feature","properties":{"id":"G01105800PJ42D_part3","floors":1,"height":3.1,"heightSource":"Catastro:numberOfFloorsAboveGround"},"geometry":{"type":"Polygon","coordinates":[[[645777.38565,4824666.24105],[645777.81315,4824672.2258],[645781.22115,4824671.9824],[645780.79365,4824665.99765],[645777.38565,4824666.24105]]]}},{"type":"Feature","properties":{"id":"G01105900PJ42D_part1","floors":1,"height":3.1,"heightSource":"Catastro:numberOfFloorsAboveGround"},"geometry":{"type":"Polygon","coordinates":[[[645741.48355,4824679.0629],[645741.50275,4824679.31895],[645749.2809,4824678.7356],[645749.2617,4824678.47955],[645741.48355,4824679.0629]]]}},{"type":"Feature","properties":{"id":"G01105900PJ42D_part4","floors":2,"height":6.2,"heightSource":"Catastro:numberOfFloorsAboveGround"},"geometry":{"type":"Polygon","coordinates":[[[645743.86985,4824670.76795],[645740.87825,4824670.9923],[645741.48355,4824679.0629],[645749.2617,4824678.47955],[645748.98175,4824674.7468],[645751.61435,4824674.54935],[645751.4124,4824671.8569],[645748.7798,4824672.05435],[645748.59065,4824669.5324],[645743.8041,4824669.8914],[645743.86985,4824670.76795]]]}},{"type":"Feature","properties":{"id":"G01105900PJ42D_part5","floors":2,"height":6.2,"heightSource":"Catastro:numberOfFloorsAboveGround"},"geometry":{"type":"Polygon","coordinates":[[[645740.8125,4824670.11575],[645740.87825,4824670.9923],[645743.86985,4824670.76795],[645743.8041,4824669.8914],[645740.8125,4824670.11575]]]}},{"type":"Feature","properties":{"id":"G01106000PJ42D_part1","floors":1,"height":3.1,"heightSource":"Catastro:numberOfFloorsAboveGround"},"geometry":{"type":"Polygon","coordinates":[[[645688.1171,4824700.47945],[645684.55395,4824701.11845],[645685.3606,4824705.61665],[645688.92375,4824704.9777],[645688.1171,4824700.47945]]]}},{"type":"Feature","properties":{"id":"G01106000PJ42D_part2","floors":1,"height":3.1,"heightSource":"Catastro:numberOfFloorsAboveGround"},"geometry":{"type":"Polygon","coordinates":[[[645691.35775,4824694.8694],[645688.6021,4824695.36355],[645689.2234,4824698.8283],[645691.97905,4824698.33415],[645691.35775,4824694.8694]]]}},{"type":"Feature","properties":{"id":"G01106000PJ42D_part3","floors":2,"height":6.2,"heightSource":"Catastro:numberOfFloorsAboveGround"},"geometry":{"type":"Polygon","coordinates":[[[645683.6802,4824696.24615],[645684.55395,4824701.11845],[645688.1171,4824700.47945],[645688.92375,4824704.9777],[645693.0381,4824704.2399],[645691.97905,4824698.33415],[645689.2234,4824698.8283],[645688.6021,4824695.36355],[645683.6802,4824696.24615]]]}},{"type":"Feature","properties":{"id":"G01106100PJ42D_part1","floors":2,"height":6.2,"heightSource":"Catastro:numberOfFloorsAboveGround"},"geometry":{"type":"Polygon","coordinates":[[[645794.06025,4824609.85085],[645794.1221,4824612.7502],[645794.15195,4824614.1499],[645795.1487,4824614.1286],[645795.05695,4824609.8296],[645794.06025,4824609.85085]]]}},{"type":"Feature","properties":{"id":"G01106100PJ42D_part2","floors":1,"height":3.1,"heightSource":"Catastro:numberOfFloorsAboveGround"},"geometry":{"type":"Polygon","coordinates":[[[645794.06025,4824609.85085],[645793.69035,4824609.85875],[645793.75215,4824612.7581],[645791.61965,4824612.8036],[645791.60685,4824612.20375],[645790.25715,4824612.23255],[645790.31265,4824614.83195],[645791.6623,4824614.80315],[645791.6495,4824614.2033],[645794.15195,4824614.1499],[645794.1221,4824612.7502],[645794.06025,4824609.85085]]]}},{"type":"Feature","properties":{"id":"G01106100PJ42D_part3","floors":2,"height":6.2,"heightSource":"Catastro:numberOfFloorsAboveGround"},"geometry":{"type":"Polygon","coordinates":[[[645795.1487,4824614.1286],[645794.15195,4824614.1499],[645794.26655,4824619.51865],[645802.9246,4824619.3339],[645802.7183,4824609.6661],[645795.05695,4824609.8296],[645795.1487,4824614.1286]]]}},{"type":"Feature","properties":{"id":"G01106400PJ42D_part1","floors":2,"height":6.2,"heightSource":"Catastro:numberOfFloorsAboveGround"},"geometry":{"type":"Polygon","coordinates":[[[645758.5993,4824578.4169],[645759.03245,4824583.6299],[645765.76895,4824583.0701],[645765.46495,4824579.41135],[645762.37075,4824579.66845],[645762.2416,4824578.11425],[645758.5993,4824578.4169]]]}},{"type":"Feature","properties":{"id":"G01106400PJ42D_part2","floors":1,"height":3.1,"heightSource":"Catastro:numberOfFloorsAboveGround"},"geometry":{"type":"Polygon","coordinates":[[[645752.07,4824590.85],[645749.67,4824590.95],[645749.63,4824590.75],[645749.57,4824590.56],[645749.49,4824590.37],[645749.4,4824590.19],[645749.29,4824590.02],[645749.17,4824589.86],[645749.04,4824589.71],[645748.89,4824589.58],[645748.73,4824589.45],[645748.56,4824589.35],[645748.38,4824589.25],[645748.2,4824589.17],[645748.01,4824589.11],[645747.81,4824589.06],[645747.41,4824589.02],[645747.21,4824589.03],[645747.0112,4824589.04995],[645747.18625,4824593.5459],[645752.15,4824592.9498],[645752.07,4824590.85]]]}},{"type":"Feature","properties":{"id":"G01106400PJ42D_part3","floors":1,"height":3.1,"heightSource":"Catastro:numberOfFloorsAboveGround"},"geometry":{"type":"Polygon","coordinates":[[[645758.4892,4824583.67505],[645758.8162,4824587.6105],[645759.35945,4824587.56535],[645759.03245,4824583.6299],[645758.4892,4824583.67505]]]}},{"type":"Feature","properties":{"id":"G01106400PJ42D_part4","floors":1,"height":3.1,"heightSource":"Catastro:numberOfFloorsAboveGround"},"geometry":{"type":"Polygon","coordinates":[[[645758.5993,4824578.4169],[645758.05605,4824578.46205],[645758.4892,4824583.67505],[645759.03245,4824583.6299],[645758.5993,4824578.4169]]]}},{"type":"Feature","properties":{"id":"G01106400PJ42D_part5","floors":1,"height":3.1,"heightSource":"Catastro:numberOfFloorsAboveGround"},"geometry":{"type":"Polygon","coordinates":[[[645765.76895,4824583.0701],[645766.09595,4824587.0056],[645766.63925,4824586.96045],[645766.31225,4824583.02495],[645765.76895,4824583.0701]]]}},{"type":"Feature","properties":{"id":"G01106400PJ42D_part6","floors":1,"height":3.1,"heightSource":"Catastro:numberOfFloorsAboveGround"},"geometry":{"type":"Polygon","coordinates":[[[645765.46495,4824579.41135],[645765.76895,4824583.0701],[645766.31225,4824583.02495],[645766.0082,4824579.3662],[645765.46495,4824579.41135]]]}},{"type":"Feature","properties":{"id":"G01106400PJ42D_part8","floors":2,"height":6.2,"heightSource":"Catastro:numberOfFloorsAboveGround"},"geometry":{"type":"Polygon","coordinates":[[[645765.3358,4824577.85715],[645762.2416,4824578.11425],[645762.37075,4824579.66845],[645765.46495,4824579.41135],[645765.3358,4824577.85715]]]}},{"type":"Feature","properties":{"id":"G01106400PJ42D_part9","floors":2,"height":6.2,"heightSource":"Catastro:numberOfFloorsAboveGround"},"geometry":{"type":"Polygon","coordinates":[[[645759.03245,4824583.6299],[645759.35945,4824587.56535],[645766.09595,4824587.0056],[645765.76895,4824583.0701],[645759.03245,4824583.6299]]]}},{"type":"Feature","properties":{"id":"G01106500PJ42D_part1","floors":1,"height":3.1,"heightSource":"Catastro:numberOfFloorsAboveGround"},"geometry":{"type":"Polygon","coordinates":[[[645756.4311,4824555.15875],[645756.86425,4824560.3718],[645757.4075,4824560.32665],[645756.97435,4824555.11365],[645756.4311,4824555.15875]]]}},{"type":"Feature","properties":{"id":"G01106500PJ42D_part2","floors":1,"height":3.1,"heightSource":"Catastro:numberOfFloorsAboveGround"},"geometry":{"type":"Polygon","coordinates":[[[645744.2828,4824546.29715],[645744.29105,4824546.84585],[645744.63185,4824551.88985],[645748.79,4824551.4],[645748.37,4824547.83],[645750.57,4824547.57],[645750.33925,4824545.5837],[645744.2828,4824546.29715]]]}},{"type":"Feature","properties":{"id":"G01106500PJ42D_part3","floors":1,"height":3.1,"heightSource":"Catastro:numberOfFloorsAboveGround"},"geometry":{"type":"Polygon","coordinates":[[[645764.144,4824559.76685],[645764.471,4824563.70235],[645765.0143,4824563.6572],[645764.6873,4824559.7217],[645764.144,4824559.76685]]]}},{"type":"Feature","properties":{"id":"G01106500PJ42D_part4","floors":1,"height":3.1,"heightSource":"Catastro:numberOfFloorsAboveGround"},"geometry":{"type":"Polygon","coordinates":[[[645763.84,4824556.1081],[645764.144,4824559.76685],[645764.6873,4824559.7217],[645764.38325,4824556.06295],[645763.84,4824556.1081]]]}},{"type":"Feature","properties":{"id":"G01106500PJ42D_part6","floors":2,"height":6.2,"heightSource":"Catastro:numberOfFloorsAboveGround"},"geometry":{"type":"Polygon","coordinates":[[[645760.61665,4824554.811],[645760.7458,4824556.3652],[645763.84,4824556.1081],[645763.71085,4824554.5539],[645760.61665,4824554.811]]]}},{"type":"Feature","properties":{"id":"G01106500PJ42D_part7","floors":2,"height":6.2,"heightSource":"Catastro:numberOfFloorsAboveGround"},"geometry":{"type":"Polygon","coordinates":[[[645757.4075,4824560.32665],[645757.7345,4824564.2621],[645764.471,4824563.70235],[645764.144,4824559.76685],[645757.4075,4824560.32665]]]}},{"type":"Feature","properties":{"id":"G01106500PJ42D_part8","floors":2,"height":6.2,"heightSource":"Catastro:numberOfFloorsAboveGround"},"geometry":{"type":"Polygon","coordinates":[[[645756.97435,4824555.11365],[645757.4075,4824560.32665],[645764.144,4824559.76685],[645763.84,4824556.1081],[645760.7458,4824556.3652],[645760.61665,4824554.811],[645756.97435,4824555.11365]]]}},{"type":"Feature","properties":{"id":"G01106500PJ42D_part9","floors":1,"height":3.1,"heightSource":"Catastro:numberOfFloorsAboveGround"},"geometry":{"type":"Polygon","coordinates":[[[645756.86425,4824560.3718],[645757.19125,4824564.30725],[645757.7345,4824564.2621],[645757.4075,4824560.32665],[645756.86425,4824560.3718]]]}},{"type":"Feature","properties":{"id":"G01106600PJ42D_part1","floors":1,"height":3.1,"heightSource":"Catastro:numberOfFloorsAboveGround"},"geometry":{"type":"Polygon","coordinates":[[[645802.47,4824557.12],[645802.47,4824556.63],[645793.58,4824556.66],[645793.58,4824557.15],[645802.47,4824557.12]]]}},{"type":"Feature","properties":{"id":"G01106600PJ42D_part2","floors":2,"height":6.2,"heightSource":"Catastro:numberOfFloorsAboveGround"},"geometry":{"type":"Polygon","coordinates":[[[645793.58,4824557.15],[645793.6,4824563.58],[645802.49,4824563.55],[645802.47,4824557.12],[645793.58,4824557.15]]]}},{"type":"Feature","properties":{"id":"G01106600PJ42D_part3","floors":1,"height":3.1,"heightSource":"Catastro:numberOfFloorsAboveGround"},"geometry":{"type":"Polygon","coordinates":[[[645792.23,4824556.66],[645792.23,4824557.15],[645792.25,4824564.08],[645793.6,4824564.08],[645793.6,4824563.58],[645793.58,4824557.15],[645793.58,4824556.66],[645792.23,4824556.66]]]}},{"type":"Feature","properties":{"id":"G01106600PJ42D_part4","floors":1,"height":3.1,"heightSource":"Catastro:numberOfFloorsAboveGround"},"geometry":{"type":"Polygon","coordinates":[[[645805.7,4824562.45],[645805.9105,4824566.5455],[645812.0025,4824566.233],[645811.911,4824564.796],[645811.743,4824562.14],[645805.7,4824562.45]]]}},{"type":"Feature","properties":{"id":"G01106600PJ42D_part5","floors":1,"height":3.1,"heightSource":"Catastro:numberOfFloorsAboveGround"},"geometry":{"type":"Polygon","coordinates":[[[645802.49,4824564.05],[645802.49,4824563.55],[645793.6,4824563.58],[645793.6,4824564.08],[645802.49,4824564.05]]]}},{"type":"Feature","properties":{"id":"G01106800PJ42D_part1","floors":1,"height":3.1,"heightSource":"Catastro:numberOfFloorsAboveGround"},"geometry":{"type":"Polygon","coordinates":[[[645802.88995,4824524.7076],[645802.11615,4824515.6004],[645801.61795,4824515.64275],[645802.39175,4824524.74995],[645802.88995,4824524.7076]]]}},{"type":"Feature","properties":{"id":"G01106800PJ42D_part2","floors":1,"height":3.1,"heightSource":"Catastro:numberOfFloorsAboveGround"},"geometry":{"type":"Polygon","coordinates":[[[645809.35805,4824524.5317],[645809.19605,4824521.97665],[645806.94245,4824522.15365],[645807.06065,4824523.649],[645805.8644,4824523.74355],[645806.14255,4824527.26255],[645809.5143,4824526.99595],[645809.35805,4824524.5317]]]}},{"type":"Feature","properties":{"id":"G01106800PJ42D_part3","floors":1,"height":3.1,"heightSource":"Catastro:numberOfFloorsAboveGround"},"geometry":{"type":"Polygon","coordinates":[[[645803.3712,4824527.48165],[645803.6864,4824531.4692],[645805.89645,4824531.2945],[645809.76745,4824530.9885],[645809.75425,4824530.7803],[645809.56645,4824527.8186],[645809.5143,4824526.99595],[645806.14255,4824527.26255],[645803.3712,4824527.48165]]]}},{"type":"Feature","properties":{"id":"G01106800PJ42D_part4","floors":1,"height":3.1,"heightSource":"Catastro:numberOfFloorsAboveGround"},"geometry":{"type":"Polygon","coordinates":[[[645794.93275,4824520.2352],[645795.36705,4824525.3468],[645795.86525,4824525.30445],[645795.43095,4824520.1929],[645794.93275,4824520.2352]]]}},{"type":"Feature","properties":{"id":"G01106800PJ42D_part5","floors":1,"height":3.1,"heightSource":"Catastro:numberOfFloorsAboveGround"},"geometry":{"type":"Polygon","coordinates":[[[645795.09145,4824516.19725],[645794.59325,4824516.2396],[645794.93275,4824520.2352],[645795.43095,4824520.1929],[645795.09145,4824516.19725]]]}},{"type":"Feature","properties":{"id":"G01106800PJ42D_part6","floors":2,"height":6.2,"heightSource":"Catastro:numberOfFloorsAboveGround"},"geometry":{"type":"Polygon","coordinates":[[[645796.4467,4824520.1066],[645795.43095,4824520.1929],[645795.86525,4824525.30445],[645802.39175,4824524.74995],[645801.61795,4824515.64275],[645796.10725,4824516.111],[645796.4467,4824520.1066]]]}},{"type":"Feature","properties":{"id":"G01106800PJ42D_part7","floors":2,"height":6.2,"heightSource":"Catastro:numberOfFloorsAboveGround"},"geometry":{"type":"Polygon","coordinates":[[[645795.09145,4824516.19725],[645795.43095,4824520.1929],[645796.4467,4824520.1066],[645796.10725,4824516.111],[645795.09145,4824516.19725]]]}},{"type":"Feature","properties":{"id":"G01106900PJ42D_part1","floors":1,"height":3.1,"heightSource":"Catastro:numberOfFloorsAboveGround"},"geometry":{"type":"Polygon","coordinates":[[[645753.10615,4824535.88475],[645753.1564,4824537.93695],[645759.97435,4824537.76995],[645759.9241,4824535.7178],[645753.10615,4824535.88475]]]}},{"type":"Feature","properties":{"id":"G01106900PJ42D_part2","floors":1,"height":3.1,"heightSource":"Catastro:numberOfFloorsAboveGround"},"geometry":{"type":"Polygon","coordinates":[[[645751.14595,4824522.45025],[645751.071,4824517.4508],[645743.8518,4824517.56035],[645743.92675,4824522.5585],[645751.14595,4824522.45025]]]}},{"type":"Feature","properties":{"id":"G01106900PJ42D_part3","floors":2,"height":6.2,"heightSource":"Catastro:numberOfFloorsAboveGround"},"geometry":{"type":"Polygon","coordinates":[[[645754.92465,4824528.64085],[645752.92995,4824528.6897],[645753.10615,4824535.88475],[645759.9241,4824535.7178],[645759.7185,4824527.3231],[645754.89525,4824527.4412],[645754.92465,4824528.64085]]]}},{"type":"Feature","properties":{"id":"G01106900PJ42D_part4","floors":2,"height":6.2,"heightSource":"Catastro:numberOfFloorsAboveGround"},"geometry":{"type":"Polygon","coordinates":[[[645752.90055,4824527.49005],[645752.92995,4824528.6897],[645754.92465,4824528.64085],[645754.89525,4824527.4412],[645752.90055,4824527.49005]]]}},{"type":"Feature","properties":{"id":"G01107000PJ42D_part1","floors":1,"height":3.1,"heightSource":"Catastro:numberOfFloorsAboveGround"},"geometry":{"type":"Polygon","coordinates":[[[645732.33,4824527.54],[645732.38,4824528.84],[645732.66,4824536.06],[645733.56,4824536.03],[645733.23,4824527.5],[645732.33,4824527.54]]]}},{"type":"Feature","properties":{"id":"G01107000PJ42D_part2","floors":1,"height":3.1,"heightSource":"Catastro:numberOfFloorsAboveGround"},"geometry":{"type":"Polygon","coordinates":[[[645739.75,4824535.79],[645739.42,4824527.26],[645738.42,4824527.3],[645738.75,4824535.82],[645739.75,4824535.79]]]}},{"type":"Feature","properties":{"id":"G01107000PJ42D_part3","floors":1,"height":3.1,"heightSource":"Catastro:numberOfFloorsAboveGround"},"geometry":{"type":"Polygon","coordinates":[[[645735.2,4824517.69],[645735.26,4824521.82],[645742.79,4824521.71],[645742.85,4824525.41],[645743.969,4824525.39],[645743.852,4824517.56],[645735.2,4824517.69]]]}},{"type":"Feature","properties":{"id":"G01107000PJ42D_part4","floors":2,"height":6.2,"heightSource":"Catastro:numberOfFloorsAboveGround"},"geometry":{"type":"Polygon","coordinates":[[[645733.23,4824527.5],[645733.56,4824536.03],[645738.75,4824535.82],[645738.42,4824527.3],[645733.23,4824527.5]]]}},{"type":"Feature","properties":{"id":"G01107100PJ42D_part1","floors":2,"height":6.2,"heightSource":"Catastro:numberOfFloorsAboveGround"},"geometry":{"type":"Polygon","coordinates":[[[645743.0232,4824556.05075],[645735.2033,4824556.08365],[645735.24025,4824564.88355],[645736.69025,4824564.87745],[645743.0602,4824564.85065],[645743.0232,4824556.05075]]]}},{"type":"Feature","properties":{"id":"G01107100PJ42D_part2","floors":1,"height":3.1,"heightSource":"Catastro:numberOfFloorsAboveGround"},"geometry":{"type":"Polygon","coordinates":[[[645736.69025,4824564.87745],[645736.7037,4824568.07745],[645743.07365,4824568.05065],[645743.0602,4824564.85065],[645736.69025,4824564.87745]]]}},{"type":"Feature","properties":{"id":"G01107200PJ42D_part1","floors":1,"height":3.1,"heightSource":"Catastro:numberOfFloorsAboveGround"},"geometry":{"type":"Polygon","coordinates":[[[645738.04375,4824580.183],[645738.2466,4824588.35045],[645739.8461,4824588.3107],[645743.395,4824588.22255],[645743.3366,4824585.87325],[645745.0061,4824585.8318],[645744.949,4824583.5325],[645743.2795,4824583.574],[645743.19205,4824580.05505],[645738.39355,4824580.1743],[645738.04375,4824580.183]]]}},{"type":"Feature","properties":{"id":"G01107200PJ42D_part2","floors":1,"height":3.1,"heightSource":"Catastro:numberOfFloorsAboveGround"},"geometry":{"type":"Polygon","coordinates":[[[645747.18625,4824593.5459],[645747.0566,4824590.21545],[645741.30775,4824590.43925],[645741.46475,4824594.47365],[645747.18625,4824593.5459]]]}},{"type":"Feature","properties":{"id":"G01107200PJ42D_part3","floors":1,"height":3.1,"heightSource":"Catastro:numberOfFloorsAboveGround"},"geometry":{"type":"Polygon","coordinates":[[[645733.5429,4824583.09435],[645732.7346,4824583.10595],[645732.9005,4824589.78365],[645739.87835,4824589.6103],[645739.8461,4824588.3107],[645738.2466,4824588.35045],[645738.04375,4824580.183],[645738.39355,4824580.1743],[645738.35505,4824578.62475],[645733.47965,4824578.6948],[645733.5429,4824583.09435]]]}},{"type":"Feature","properties":{"id":"G01107200PJ42D_part4","floors":1,"height":3.1,"heightSource":"Catastro:numberOfFloorsAboveGround"},"geometry":{"type":"Polygon","coordinates":[[[645732.62535,4824578.7071],[645732.7346,4824583.10595],[645733.5429,4824583.09435],[645733.47965,4824578.6948],[645732.62535,4824578.7071]]]}},{"type":"Feature","properties":{"id":"G01107300PJ42D_part1","floors":1,"height":3.1,"heightSource":"Catastro:numberOfFloorsAboveGround"},"geometry":{"type":"Polygon","coordinates":[[[645732.36295,4824608.16825],[645732.5374,4824612.3346],[645734.5357,4824612.25095],[645734.452,4824610.2527],[645732.9532,4824610.31545],[645732.8623,4824608.14735],[645732.36295,4824608.16825]]]}},{"type":"Feature","properties":{"id":"G01107300PJ42D_part2","floors":1,"height":3.1,"heightSource":"Catastro:numberOfFloorsAboveGround"},"geometry":{"type":"Polygon","coordinates":[[[645747.18625,4824593.5459],[645742.17175,4824594.359],[645742.3446,4824598.7662],[645747.356,4824597.9062],[645747.18625,4824593.5459]]]}},{"type":"Feature","properties":{"id":"G01107300PJ42D_part3","floors":1,"height":3.1,"heightSource":"Catastro:numberOfFloorsAboveGround"},"geometry":{"type":"Polygon","coordinates":[[[645741.84955,4824609.94295],[645740.54665,4824609.9975],[645740.6303,4824611.99575],[645742.62855,4824611.91205],[645742.2508,4824602.88995],[645740.25255,4824602.97365],[645740.3362,4824604.9719],[645741.6389,4824604.91735],[645741.84955,4824609.94295]]]}},{"type":"Feature","properties":{"id":"G01107300PJ42D_part4","floors":2,"height":6.2,"heightSource":"Catastro:numberOfFloorsAboveGround"},"geometry":{"type":"Polygon","coordinates":[[[645740.3362,4824604.9719],[645740.25255,4824602.97365],[645734.1579,4824603.22885],[645734.24155,4824605.2271],[645733.4612,4824605.25975],[645733.58085,4824608.11725],[645732.8623,4824608.14735],[645732.9532,4824610.31545],[645734.452,4824610.2527],[645734.5357,4824612.25095],[645740.6303,4824611.99575],[645740.54665,4824609.9975],[645741.84955,4824609.94295],[645741.6389,4824604.91735],[645740.3362,4824604.9719]]]}},{"type":"Feature","properties":{"id":"G01107300PJ42D_part5","floors":2,"height":6.2,"heightSource":"Catastro:numberOfFloorsAboveGround"},"geometry":{"type":"Polygon","coordinates":[[[645732.74255,4824605.28985],[645732.8623,4824608.14735],[645733.58085,4824608.11725],[645733.4612,4824605.25975],[645732.74255,4824605.28985]]]}},{"type":"Feature","properties":{"id":"G01107300PJ42D_part6","floors":1,"height":3.1,"heightSource":"Catastro:numberOfFloorsAboveGround"},"geometry":{"type":"Polygon","coordinates":[[[645733.37755,4824603.2615],[645732.15965,4824603.3125],[645732.36295,4824608.16825],[645732.8623,4824608.14735],[645732.74255,4824605.28985],[645733.4612,4824605.25975],[645733.37755,4824603.2615]]]}},{"type":"Feature","properties":{"id":"G01107400PJ42D_part1","floors":1,"height":3.1,"heightSource":"Catastro:numberOfFloorsAboveGround"},"geometry":{"type":"Polygon","coordinates":[[[645733.56935,4824632.10495],[645733.65215,4824636.96425],[645734.1519,4824636.95575],[645734.10305,4824634.09615],[645734.8222,4824634.0839],[645734.78815,4824632.08415],[645733.56935,4824632.10495]]]}},{"type":"Feature","properties":{"id":"G01107400PJ42D_part2","floors":1,"height":3.1,"heightSource":"Catastro:numberOfFloorsAboveGround"},"geometry":{"type":"Polygon","coordinates":[[[645748.4887,4824626.9999],[645748.31445,4824622.52395],[645742.9738,4824623.079],[645743.4154,4824627.3282],[645748.5015,4824627.3282],[645748.4887,4824626.9999]]]}},{"type":"Feature","properties":{"id":"G01107400PJ42D_part3","floors":1,"height":3.1,"heightSource":"Catastro:numberOfFloorsAboveGround"},"geometry":{"type":"Polygon","coordinates":[[[645736.59775,4824641.0847],[645736.5637,4824639.08495],[645735.68885,4824639.09985],[645734.189,4824639.1254],[645734.1519,4824636.95575],[645733.65215,4824636.96425],[645733.72325,4824641.13365],[645735.723,4824641.0996],[645736.59775,4824641.0847]]]}},{"type":"Feature","properties":{"id":"G01107400PJ42D_part4","floors":1,"height":3.1,"heightSource":"Catastro:numberOfFloorsAboveGround"},"geometry":{"type":"Polygon","coordinates":[[[645736.478,4824634.0557],[645736.44395,4824632.056],[645735.56905,4824632.0709],[645734.78815,4824632.08415],[645734.8222,4824634.0839],[645735.60315,4824634.0706],[645736.478,4824634.0557]]]}},{"type":"Feature","properties":{"id":"G01107400PJ42D_part5","floors":1,"height":3.1,"heightSource":"Catastro:numberOfFloorsAboveGround"},"geometry":{"type":"Polygon","coordinates":[[[645743.0059,4824633.9444],[645743.09185,4824638.9737],[645741.788,4824638.9959],[645740.91815,4824639.0107],[645740.9522,4824641.01045],[645741.82205,4824640.9956],[645743.82175,4824640.9615],[645743.6679,4824631.9328],[645741.6682,4824631.9669],[645740.79845,4824631.98175],[645740.8325,4824633.9815],[645741.70225,4824633.96665],[645743.0059,4824633.9444]]]}},{"type":"Feature","properties":{"id":"G01107400PJ42D_part6","floors":2,"height":6.2,"heightSource":"Catastro:numberOfFloorsAboveGround"},"geometry":{"type":"Polygon","coordinates":[[[645734.8222,4824634.0839],[645734.87095,4824636.94345],[645734.1519,4824636.95575],[645734.189,4824639.1254],[645735.68885,4824639.09985],[645736.5637,4824639.08495],[645736.59775,4824641.0847],[645740.9522,4824641.01045],[645740.91815,4824639.0107],[645741.788,4824638.9959],[645743.09185,4824638.9737],[645743.0059,4824633.9444],[645741.70225,4824633.96665],[645740.8325,4824633.9815],[645740.79845,4824631.98175],[645736.44395,4824632.056],[645736.478,4824634.0557],[645735.60315,4824634.0706],[645734.8222,4824634.0839]]]}},{"type":"Feature","properties":{"id":"G01107400PJ42D_part7","floors":2,"height":6.2,"heightSource":"Catastro:numberOfFloorsAboveGround"},"geometry":{"type":"Polygon","coordinates":[[[645734.10305,4824634.09615],[645734.1519,4824636.95575],[645734.87095,4824636.94345],[645734.8222,4824634.0839],[645734.10305,4824634.09615]]]}},{"type":"Feature","properties":{"id":"G01107500PJ42D_part1","floors":1,"height":3.1,"heightSource":"Catastro:numberOfFloorsAboveGround"},"geometry":{"type":"Polygon","coordinates":[[[645728.98825,4824305.3671],[645729.3237,4824309.39315],[645730.41995,4824309.3018],[645730.08445,4824305.27575],[645728.98825,4824305.3671]]]}},{"type":"Feature","properties":{"id":"G01107500PJ42D_part2","floors":1,"height":3.1,"heightSource":"Catastro:numberOfFloorsAboveGround"},"geometry":{"type":"Polygon","coordinates":[[[645745.0882,4824314.60085],[645750.40785,4824313.80065],[645749.85065,4824308.4933],[645749.83335,4824308.32855],[645744.4826,4824308.8899],[645744.5001,4824309.05505],[645745.0882,4824314.60085]]]}},{"type":"Feature","properties":{"id":"G01107500PJ42D_part3","floors":2,"height":6.2,"heightSource":"Catastro:numberOfFloorsAboveGround"},"geometry":{"type":"Polygon","coordinates":[[[645737.01105,4824304.1036],[645734.3403,4824304.32615],[645734.4026,4824305.07365],[645737.07335,4824304.8511],[645737.01105,4824304.1036]]]}},{"type":"Feature","properties":{"id":"G01107500PJ42D_part6","floors":1,"height":3.1,"heightSource":"Catastro:numberOfFloorsAboveGround"},"geometry":{"type":"Polygon","coordinates":[[[645737.55085,4824310.5816],[645737.6754,4824312.0764],[645731.1979,4824312.6162],[645731.0733,4824311.1214],[645730.57505,4824311.1629],[645730.7411,4824313.1557],[645738.2152,4824312.53285],[645738.04915,4824310.5401],[645737.55085,4824310.5816]]]}},{"type":"Feature","properties":{"id":"G01107500PJ42D_part7","floors":2,"height":6.2,"heightSource":"Catastro:numberOfFloorsAboveGround"},"geometry":{"type":"Polygon","coordinates":[[[645730.5335,4824304.6434],[645730.65805,4824306.1382],[645730.15975,4824306.17975],[645730.57505,4824311.1629],[645731.0733,4824311.1214],[645731.1979,4824312.6162],[645737.6754,4824312.0764],[645737.55085,4824310.5816],[645738.04915,4824310.5401],[645737.6339,4824305.55695],[645737.1356,4824305.59845],[645737.07335,4824304.8511],[645734.4026,4824305.07365],[645734.3403,4824304.32615],[645730.5335,4824304.6434]]]}},{"type":"Feature","properties":{"id":"G01107500PJ42D_part8","floors":1,"height":3.1,"heightSource":"Catastro:numberOfFloorsAboveGround"},"geometry":{"type":"Polygon","coordinates":[[[645734.2988,4824303.82805],[645729.9937,4824304.1868],[645730.15975,4824306.17975],[645730.65805,4824306.1382],[645730.5335,4824304.6434],[645734.3403,4824304.32615],[645734.2988,4824303.82805]]]}},{"type":"Feature","properties":{"id":"G01107500PJ42D_part9","floors":1,"height":3.1,"heightSource":"Catastro:numberOfFloorsAboveGround"},"geometry":{"type":"Polygon","coordinates":[[[645727.30305,4824304.41105],[645727.3944,4824305.50725],[645728.98825,4824305.3671],[645730.08445,4824305.27575],[645729.9937,4824304.1868],[645727.30305,4824304.41105]]]}},{"type":"Feature","properties":{"id":"G01107600PJ42D_part1","floors":1,"height":3.1,"heightSource":"Catastro:numberOfFloorsAboveGround"},"geometry":{"type":"Polygon","coordinates":[[[645691.6,4824320.67],[645685.9675,4824321.45],[645686.3625,4824325.0625],[645686.4,4824325.407],[645692.1395,4824324.616],[645691.6,4824320.67]]]}},{"type":"Feature","properties":{"id":"G01107600PJ42D_part2","floors":2,"height":6.2,"heightSource":"Catastro:numberOfFloorsAboveGround"},"geometry":{"type":"Polygon","coordinates":[[[645703.77,4824307.63],[645701.43,4824307.85],[645701.56,4824309.34],[645703.9,4824309.13],[645703.77,4824307.63]]]}},{"type":"Feature","properties":{"id":"G01107600PJ42D_part3","floors":2,"height":6.2,"heightSource":"Catastro:numberOfFloorsAboveGround"},"geometry":{"type":"Polygon","coordinates":[[[645696.8,4824308.27],[645697.57,4824316.74],[645704.54,4824316.1],[645703.9,4824309.13],[645701.56,4824309.34],[645701.43,4824307.85],[645696.8,4824308.27]]]}},{"type":"Feature","properties":{"id":"G01107600PJ42D_part4","floors":2,"height":6.2,"heightSource":"Catastro:numberOfFloorsAboveGround"},"geometry":{"type":"Polygon","coordinates":[[[645692.71,4824308.65],[645693.49,4824317.11],[645697.57,4824316.74],[645696.8,4824308.27],[645692.71,4824308.65]]]}},{"type":"Feature","properties":{"id":"G01107700PJ42D_part1","floors":1,"height":3.1,"heightSource":"Catastro:numberOfFloorsAboveGround"},"geometry":{"type":"Polygon","coordinates":[[[645750.4532,4824314.2327],[645750.40785,4824313.80065],[645745.0882,4824314.60085],[645745.40055,4824316.6775],[645750.6273,4824315.89125],[645750.4532,4824314.2327]]]}},{"type":"Feature","properties":{"id":"G01107700PJ42D_part2","floors":1,"height":3.1,"heightSource":"Catastro:numberOfFloorsAboveGround"},"geometry":{"type":"Polygon","coordinates":[[[645731.0121,4824328.051],[645731.1304,4824332.4694],[645731.7302,4824332.45335],[645731.61195,4824328.03495],[645731.0121,4824328.051]]]}},{"type":"Feature","properties":{"id":"G01107700PJ42D_part5","floors":2,"height":6.2,"heightSource":"Catastro:numberOfFloorsAboveGround"},"geometry":{"type":"Polygon","coordinates":[[[645731.48675,4824323.3566],[645731.61195,4824328.03495],[645732.5102,4824328.0109],[645732.62845,4824332.4293],[645734.2301,4824332.38645],[645737.8788,4824332.2888],[645738.37935,4824332.2754],[645738.36595,4824331.7756],[645740.36375,4824331.72215],[645740.14705,4824323.625],[645738.14775,4824323.6785],[645738.13435,4824323.1787],[645731.48675,4824323.3566]]]}},{"type":"Feature","properties":{"id":"G01107700PJ42D_part6","floors":2,"height":6.2,"heightSource":"Catastro:numberOfFloorsAboveGround"},"geometry":{"type":"Polygon","coordinates":[[[645732.5102,4824328.0109],[645731.61195,4824328.03495],[645731.7302,4824332.45335],[645732.62845,4824332.4293],[645732.5102,4824328.0109]]]}},{"type":"Feature","properties":{"id":"G01107700PJ42D_part7","floors":2,"height":6.2,"heightSource":"Catastro:numberOfFloorsAboveGround"},"geometry":{"type":"Polygon","coordinates":[[[645737.8788,4824332.2888],[645737.9243,4824333.98825],[645738.824,4824333.9642],[645739.90275,4824333.13495],[645739.87865,4824332.23525],[645737.8788,4824332.2888]]]}},{"type":"Feature","properties":{"id":"G01107700PJ42D_part8","floors":2,"height":6.2,"heightSource":"Catastro:numberOfFloorsAboveGround"},"geometry":{"type":"Polygon","coordinates":[[[645734.2301,4824332.38645],[645734.289,4824334.58565],[645737.9377,4824334.488],[645737.9243,4824333.98825],[645737.8788,4824332.2888],[645734.2301,4824332.38645]]]}},{"type":"Feature","properties":{"id":"G01107700PJ42D_part9","floors":1,"height":3.1,"heightSource":"Catastro:numberOfFloorsAboveGround"},"geometry":{"type":"Polygon","coordinates":[[[645747.5644,4824325.9847],[645747.9475,4824329.63405],[645746.2568,4824329.81155],[645746.98485,4824336.7465],[645752.74445,4824336.0583],[645752.5574,4824334.2768],[645752.50355,4824333.7639],[645752.40095,4824332.78635],[645752.0251,4824329.20595],[645751.642,4824325.5566],[645747.7633,4824325.9638],[645747.5644,4824325.9847]]]}},{"type":"Feature","properties":{"id":"G01107800PJ42D_part1","floors":1,"height":3.1,"heightSource":"Catastro:numberOfFloorsAboveGround"},"geometry":{"type":"Polygon","coordinates":[[[645748.97965,4824353.35455],[645749.50355,4824358.3443],[645754.99735,4824357.5187],[645754.68205,4824354.5154],[645754.6217,4824353.94055],[645754.5865,4824353.60525],[645754.53295,4824353.0951],[645754.49935,4824352.77505],[645748.97965,4824353.35455]]]}},{"type":"Feature","properties":{"id":"G01107800PJ42D_part2","floors":1,"height":3.1,"heightSource":"Catastro:numberOfFloorsAboveGround"},"geometry":{"type":"Polygon","coordinates":[[[645733.23455,4824348.2255],[645733.43145,4824351.72],[645734.42985,4824351.6637],[645734.23295,4824348.16925],[645733.23455,4824348.2255]]]}},{"type":"Feature","properties":{"id":"G01107800PJ42D_part3","floors":1,"height":3.1,"heightSource":"Catastro:numberOfFloorsAboveGround"},"geometry":{"type":"Polygon","coordinates":[[[645741.86955,4824344.69305],[645735.20955,4824345.06825],[645735.23755,4824345.56495],[645741.3983,4824345.21785],[645741.4827,4824346.71545],[645741.9819,4824346.68735],[645741.86955,4824344.69305]]]}},{"type":"Feature","properties":{"id":"G01107800PJ42D_part4","floors":2,"height":6.2,"heightSource":"Catastro:numberOfFloorsAboveGround"},"geometry":{"type":"Polygon","coordinates":[[[645735.34905,4824347.5443],[645734.2014,4824347.60895],[645734.4107,4824351.32355],[645742.2183,4824350.8837],[645744.0554,4824350.7802],[645743.8979,4824347.98465],[645742.0608,4824348.08815],[645741.9819,4824346.68735],[645741.4827,4824346.71545],[645741.3983,4824345.21785],[645735.23755,4824345.56495],[645735.34905,4824347.5443]]]}},{"type":"Feature","properties":{"id":"G01107800PJ42D_part7","floors":1,"height":3.1,"heightSource":"Catastro:numberOfFloorsAboveGround"},"geometry":{"type":"Polygon","coordinates":[[[645741.79705,4824352.2957],[645741.88145,4824353.79335],[645735.07225,4824354.17705],[645734.98785,4824352.6794],[645734.48865,4824352.70755],[645734.6008,4824354.69775],[645742.4084,4824354.25785],[645742.29625,4824352.26755],[645741.79705,4824352.2957]]]}},{"type":"Feature","properties":{"id":"G01107800PJ42D_part8","floors":2,"height":6.2,"heightSource":"Catastro:numberOfFloorsAboveGround"},"geometry":{"type":"Polygon","coordinates":[[[645742.2183,4824350.8837],[645734.4107,4824351.32355],[645734.48865,4824352.70755],[645734.98785,4824352.6794],[645735.07225,4824354.17705],[645741.88145,4824353.79335],[645741.79705,4824352.2957],[645742.29625,4824352.26755],[645742.2183,4824350.8837]]]}},{"type":"Feature","properties":{"id":"G01107900PJ42D_part1","floors":2,"height":6.2,"heightSource":"Catastro:numberOfFloorsAboveGround"},"geometry":{"type":"Polygon","coordinates":[[[645737.8411,4824367.75695],[645737.0921,4824367.81415],[645737.4089,4824371.96205],[645738.90455,4824371.84785],[645738.94265,4824372.34635],[645744.4289,4824371.9273],[645744.3908,4824371.42875],[645745.88645,4824371.3145],[645745.3533,4824364.33485],[645743.8577,4824364.44905],[645743.8196,4824363.9505],[645738.33335,4824364.3696],[645738.37145,4824364.86815],[645737.62485,4824364.9252],[645737.8411,4824367.75695]]]}},{"type":"Feature","properties":{"id":"G01107900PJ42D_part2","floors":1,"height":3.1,"heightSource":"Catastro:numberOfFloorsAboveGround"},"geometry":{"type":"Polygon","coordinates":[[[645751.26,4824371.38],[645751.75935,4824376.09715],[645756.8911,4824375.55835],[645756.73635,4824374.08415],[645756.7126,4824373.85775],[645756.66205,4824373.37635],[645756.39575,4824370.8394],[645751.26,4824371.38]]]}},{"type":"Feature","properties":{"id":"G01107900PJ42D_part3","floors":1,"height":3.1,"heightSource":"Catastro:numberOfFloorsAboveGround"},"geometry":{"type":"Polygon","coordinates":[[[645736.59525,4824367.8521],[645736.9502,4824372.49855],[645738.94265,4824372.34635],[645738.90455,4824371.84785],[645737.4089,4824371.96205],[645737.0921,4824367.81415],[645736.59525,4824367.8521]]]}},{"type":"Feature","properties":{"id":"G01107900PJ42D_part4","floors":1,"height":3.1,"heightSource":"Catastro:numberOfFloorsAboveGround"},"geometry":{"type":"Polygon","coordinates":[[[645741.43715,4824372.1558],[645741.5255,4824373.3124],[645743.32025,4824373.1753],[645743.2319,4824372.0187],[645741.43715,4824372.1558]]]}},{"type":"Feature","properties":{"id":"G01107900PJ42D_part5","floors":1,"height":3.1,"heightSource":"Catastro:numberOfFloorsAboveGround"},"geometry":{"type":"Polygon","coordinates":[[[645751.75935,4824376.09715],[645752.2038,4824380.33075],[645757.31495,4824379.59535],[645756.8911,4824375.55835],[645751.75935,4824376.09715]]]}},{"type":"Feature","properties":{"id":"G01107900PJ42D_part6","floors":1,"height":3.1,"heightSource":"Catastro:numberOfFloorsAboveGround"},"geometry":{"type":"Polygon","coordinates":[[[645740.2361,4824373.4109],[645741.5255,4824373.3124],[645741.43715,4824372.1558],[645740.14775,4824372.2543],[645738.8584,4824372.3528],[645738.94675,4824373.5094],[645740.2361,4824373.4109]]]}},{"type":"Feature","properties":{"id":"G01107900PJ42D_part7","floors":1,"height":3.1,"heightSource":"Catastro:numberOfFloorsAboveGround"},"geometry":{"type":"Polygon","coordinates":[[[645736.9502,4824372.49855],[645737.03855,4824373.6552],[645738.94675,4824373.5094],[645738.8584,4824372.3528],[645736.9502,4824372.49855]]]}},{"type":"Feature","properties":{"id":"G01107900PJ42D_part8","floors":1,"height":3.1,"heightSource":"Catastro:numberOfFloorsAboveGround"},"geometry":{"type":"Polygon","coordinates":[[[645742.6621,4824363.2366],[645739.37165,4824363.488],[645739.4326,4824364.2856],[645742.723,4824364.03425],[645742.6621,4824363.2366]]]}},{"type":"Feature","properties":{"id":"G01107900PJ42D_part9","floors":2,"height":6.2,"heightSource":"Catastro:numberOfFloorsAboveGround"},"geometry":{"type":"Polygon","coordinates":[[[645736.8758,4824364.9824],[645737.0921,4824367.81415],[645737.8411,4824367.75695],[645737.62485,4824364.9252],[645736.8758,4824364.9824]]]}},{"type":"Feature","properties":{"id":"G01107900PJ42D_part10","floors":1,"height":3.1,"heightSource":"Catastro:numberOfFloorsAboveGround"},"geometry":{"type":"Polygon","coordinates":[[[645737.58675,4824364.42665],[645736.34085,4824364.5218],[645736.59525,4824367.8521],[645737.0921,4824367.81415],[645736.8758,4824364.9824],[645737.62485,4824364.9252],[645737.58675,4824364.42665]]]}},{"type":"Feature","properties":{"id":"G01107900PJ42D_part11","floors":1,"height":3.1,"heightSource":"Catastro:numberOfFloorsAboveGround"},"geometry":{"type":"Polygon","coordinates":[[[645746.4226,4824371.775],[645745.81325,4824363.7982],[645743.8196,4824363.9505],[645743.8577,4824364.44905],[645745.3533,4824364.33485],[645745.88645,4824371.3145],[645744.3908,4824371.42875],[645744.4289,4824371.9273],[645746.4226,4824371.775]]]}},{"type":"Feature","properties":{"id":"G01108000PJ42D_part1","floors":1,"height":3.1,"heightSource":"Catastro:numberOfFloorsAboveGround"},"geometry":{"type":"Polygon","coordinates":[[[645753.2857,4824394.85105],[645753.73365,4824399.1176],[645759.30685,4824398.56955],[645758.8551,4824394.26635],[645753.2857,4824394.85105]]]}},{"type":"Feature","properties":{"id":"G01108000PJ42D_part2","floors":2,"height":6.2,"heightSource":"Catastro:numberOfFloorsAboveGround"},"geometry":{"type":"Polygon","coordinates":[[[645740.6072,4824395.46715],[645740.4558,4824392.97175],[645739.52035,4824393.0285],[645739.6718,4824395.5239],[645740.6072,4824395.46715]]]}},{"type":"Feature","properties":{"id":"G01108000PJ42D_part4","floors":2,"height":6.2,"heightSource":"Catastro:numberOfFloorsAboveGround"},"geometry":{"type":"Polygon","coordinates":[[[645740.4558,4824392.97175],[645740.6072,4824395.46715],[645748.6379,4824394.9798],[645748.16725,4824387.2241],[645739.2011,4824387.7682],[645739.52035,4824393.0285],[645740.4558,4824392.97175]]]}},{"type":"Feature","properties":{"id":"G01108000PJ42D_part6","floors":1,"height":3.1,"heightSource":"Catastro:numberOfFloorsAboveGround"},"geometry":{"type":"Polygon","coordinates":[[[645748.89485,4824394.9642],[645748.4242,4824387.2085],[645748.16725,4824387.2241],[645748.6379,4824394.9798],[645748.89485,4824394.9642]]]}},{"type":"Feature","properties":{"id":"G01108000PJ42D_part7","floors":1,"height":3.1,"heightSource":"Catastro:numberOfFloorsAboveGround"},"geometry":{"type":"Polygon","coordinates":[[[645748.30305,4824385.21215],[645747.3049,4824385.27275],[645747.3453,4824385.9388],[645747.426,4824387.2691],[645748.4242,4824387.2085],[645748.30305,4824385.21215]]]}},{"type":"Feature","properties":{"id":"G01108000PJ42D_part8","floors":1,"height":3.1,"heightSource":"Catastro:numberOfFloorsAboveGround"},"geometry":{"type":"Polygon","coordinates":[[[645745.15885,4824385.403],[645745.2194,4824386.40115],[645742.97355,4824386.53745],[645743.03415,4824387.5356],[645747.426,4824387.2691],[645747.3453,4824385.9388],[645747.3049,4824385.27275],[645745.15885,4824385.403]]]}},{"type":"Feature","properties":{"id":"G01108100PJ42D_part1","floors":1,"height":3.1,"heightSource":"Catastro:numberOfFloorsAboveGround"},"geometry":{"type":"Polygon","coordinates":[[[645699.10555,4824384.5952],[645692.9479,4824385.3206],[645693.3562,4824389.0565],[645693.4151,4824389.59565],[645693.45655,4824389.97505],[645693.52385,4824390.54915],[645699.72095,4824389.8191],[645699.10555,4824384.5952]]]}},{"type":"Feature","properties":{"id":"G01108100PJ42D_part2","floors":2,"height":6.2,"heightSource":"Catastro:numberOfFloorsAboveGround"},"geometry":{"type":"Polygon","coordinates":[[[645709.6733,4824376.8756],[645709.23125,4824371.85505],[645708.2351,4824371.94275],[645708.30515,4824372.7385],[645707.3112,4824372.826],[645707.6832,4824377.05085],[645708.67715,4824376.96335],[645709.6733,4824376.8756]]]}},{"type":"Feature","properties":{"id":"G01108100PJ42D_part4","floors":1,"height":3.1,"heightSource":"Catastro:numberOfFloorsAboveGround"},"geometry":{"type":"Polygon","coordinates":[[[645705.9753,4824380.47385],[645706.04545,4824381.27075],[645709.03325,4824381.0077],[645708.9631,4824380.2108],[645705.9753,4824380.47385]]]}},{"type":"Feature","properties":{"id":"G01108100PJ42D_part6","floors":1,"height":3.1,"heightSource":"Catastro:numberOfFloorsAboveGround"},"geometry":{"type":"Polygon","coordinates":[[[645703.88275,4824380.65815],[645700.89435,4824380.9213],[645700.9645,4824381.71815],[645703.9529,4824381.455],[645703.88275,4824380.65815]]]}},{"type":"Feature","properties":{"id":"G01108100PJ42D_part7","floors":2,"height":6.2,"heightSource":"Catastro:numberOfFloorsAboveGround"},"geometry":{"type":"Polygon","coordinates":[[[645703.22465,4824373.1837],[645700.2362,4824373.4469],[645700.89435,4824380.9213],[645703.88275,4824380.65815],[645703.9529,4824381.455],[645706.04545,4824381.27075],[645705.9753,4824380.47385],[645708.9631,4824380.2108],[645708.67715,4824376.96335],[645707.6832,4824377.05085],[645707.3112,4824372.826],[645705.31675,4824373.00165],[645705.2467,4824372.20585],[645703.15475,4824372.39005],[645703.22465,4824373.1837]]]}},{"type":"Feature","properties":{"id":"G01108100PJ42D_part8","floors":1,"height":3.1,"heightSource":"Catastro:numberOfFloorsAboveGround"},"geometry":{"type":"Polygon","coordinates":[[[645700.1663,4824372.6532],[645700.2362,4824373.4469],[645703.22465,4824373.1837],[645703.15475,4824372.39005],[645700.1663,4824372.6532]]]}},{"type":"Feature","properties":{"id":"G01108200PJ42D_part1","floors":1,"height":3.1,"heightSource":"Catastro:numberOfFloorsAboveGround"},"geometry":{"type":"Polygon","coordinates":[[[645701.3948,4824403.5846],[645695.13765,4824404.31795],[645695.8369,4824410.284],[645696.10145,4824412.5411],[645702.34545,4824411.69525],[645701.3948,4824403.5846]]]}},{"type":"Feature","properties":{"id":"G01108200PJ42D_part2","floors":1,"height":3.1,"heightSource":"Catastro:numberOfFloorsAboveGround"},"geometry":{"type":"Polygon","coordinates":[[[645712.34865,4824395.5558],[645703.7014,4824396.51215],[645704.7677,4824406.1534],[645713.415,4824405.197],[645712.34865,4824395.5558]]]}},{"type":"Feature","properties":{"id":"G01108200PJ42D_part3","floors":1,"height":3.1,"heightSource":"Catastro:numberOfFloorsAboveGround"},"geometry":{"type":"Polygon","coordinates":[[[645693.52385,4824390.54915],[645694.11055,4824395.55485],[645699.59545,4824394.9087],[645699.0058,4824389.90335],[645693.52385,4824390.54915]]]}},{"type":"Feature","properties":{"id":"G01108300PJ42D_part1","floors":1,"height":3.1,"heightSource":"Catastro:numberOfFloorsAboveGround"},"geometry":{"type":"Polygon","coordinates":[[[645696.1015,4824412.541],[645696.706,4824417.7005],[645702.56,4824417.02],[645701.95,4824411.749],[645696.1015,4824412.541]]]}},{"type":"Feature","properties":{"id":"G01108300PJ42D_part2","floors":1,"height":3.1,"heightSource":"Catastro:numberOfFloorsAboveGround"},"geometry":{"type":"Polygon","coordinates":[[[645711.14,4824424.1],[645703.96,4824425.13],[645703.63,4824422.39],[645697.3615,4824423.29],[645698.315,4824431.4255],[645711.79,4824429.489],[645711.14,4824424.1]]]}},{"type":"Feature","properties":{"id":"G01108400PJ42D_part1","floors":1,"height":3.1,"heightSource":"Catastro:numberOfFloorsAboveGround"},"geometry":{"type":"Polygon","coordinates":[[[645701.6876,4824464.8042],[645702.2973,4824470.83865],[645712.1642,4824469.72085],[645711.4815,4824463.69465],[645701.6876,4824464.8042]]]}},{"type":"Feature","properties":{"id":"G01108500PJ42D_part1","floors":1,"height":3.1,"heightSource":"Catastro:numberOfFloorsAboveGround"},"geometry":{"type":"Polygon","coordinates":[[[645757.4845,4824423.3555],[645757.434,4824422.9405],[645757.4285,4824422.9175],[645757.38,4824422.5165],[645750.0775,4824423.7035],[645751.016,4824429.4775],[645758.117,4824428.3235],[645757.4845,4824423.3555]]]}},{"type":"Feature","properties":{"id":"G01108500PJ42D_part2","floors":1,"height":3.1,"heightSource":"Catastro:numberOfFloorsAboveGround"},"geometry":{"type":"Polygon","coordinates":[[[645753.4775,4824450.549],[645754.2245,4824456.3205],[645761.562,4824455.371],[645761.0335,4824451.2215],[645760.8265,4824449.598],[645753.4775,4824450.549]]]}},{"type":"Feature","properties":{"id":"G01108600PJ42D_part1","floors":1,"height":3.1,"heightSource":"Catastro:numberOfFloorsAboveGround"},"geometry":{"type":"Polygon","coordinates":[[[645749.1016,4824417.2432],[645749.7848,4824423.7509],[645755.5188,4824422.81895],[645754.8699,4824416.63765],[645749.1016,4824417.2432]]]}},{"type":"Feature","properties":{"id":"G01108600PJ42D_part2","floors":1,"height":3.1,"heightSource":"Catastro:numberOfFloorsAboveGround"},"geometry":{"type":"Polygon","coordinates":[[[645757.3799,4824422.51645],[645761.79225,4824422.24455],[645761.1346,4824415.98],[645754.8699,4824416.63765],[645755.5188,4824422.81895],[645757.3799,4824422.51645]]]}},{"type":"Feature","properties":{"id":"G01108800PJ42D_part1","floors":1,"height":3.1,"heightSource":"Catastro:numberOfFloorsAboveGround"},"geometry":{"type":"Polygon","coordinates":[[[645774.65,4824473.15],[645773.5,4824473.25],[645773.41,4824472.1],[645769.12,4824472.46],[645768.49,4824471.64],[645768.02,4824467.91],[645763.24,4824468.52],[645764.41,4824477.7],[645774.95,4824476.82],[645774.65,4824473.15]]]}},{"type":"Feature","properties":{"id":"G01108900PJ42D_part1","floors":1,"height":3.1,"heightSource":"Catastro:numberOfFloorsAboveGround"},"geometry":{"type":"Polygon","coordinates":[[[645761.79225,4824422.24455],[645757.3799,4824422.51645],[645757.4286,4824422.9175],[645757.43395,4824422.94035],[645757.4845,4824423.35525],[645757.8704,4824426.38545],[645764.038,4824425.6036],[645763.598,4824422.13325],[645761.79225,4824422.24455]]]}},{"type":"Feature","properties":{"id":"G01108900PJ42D_part2","floors":1,"height":3.1,"heightSource":"Catastro:numberOfFloorsAboveGround"},"geometry":{"type":"Polygon","coordinates":[[[645767.1997,4824434.40635],[645767.336,4824435.69915],[645767.49325,4824437.1909],[645768.98505,4824437.0336],[645768.69145,4824434.2491],[645767.1997,4824434.40635]]]}},{"type":"Feature","properties":{"id":"G01108900PJ42D_part3","floors":1,"height":3.1,"heightSource":"Catastro:numberOfFloorsAboveGround"},"geometry":{"type":"Polygon","coordinates":[[[645763.22875,4824436.1322],[645763.09245,4824434.83935],[645761.60075,4824434.9966],[645761.89435,4824437.7812],[645763.386,4824437.62395],[645763.22875,4824436.1322]]]}},{"type":"Feature","properties":{"id":"G01108900PJ42D_part4","floors":2,"height":6.2,"heightSource":"Catastro:numberOfFloorsAboveGround"},"geometry":{"type":"Polygon","coordinates":[[[645762.5766,4824429.94645],[645762.7129,4824431.2393],[645761.2212,4824431.39655],[645761.60075,4824434.9966],[645763.09245,4824434.83935],[645763.22875,4824436.1322],[645763.386,4824437.62395],[645767.49325,4824437.1909],[645767.336,4824435.69915],[645767.1997,4824434.40635],[645768.69145,4824434.2491],[645768.33495,4824430.8678],[645767.07605,4824431.0005],[645766.7594,4824427.99715],[645762.41935,4824428.4547],[645762.5766,4824429.94645]]]}},{"type":"Feature","properties":{"id":"G01108900PJ42D_part5","floors":1,"height":3.1,"heightSource":"Catastro:numberOfFloorsAboveGround"},"geometry":{"type":"Polygon","coordinates":[[[645760.9276,4824428.612],[645761.2212,4824431.39655],[645762.7129,4824431.2393],[645762.5766,4824429.94645],[645762.41935,4824428.4547],[645760.9276,4824428.612]]]}},{"type":"Feature","properties":{"id":"G01108900PJ42D_part6","floors":1,"height":3.1,"heightSource":"Catastro:numberOfFloorsAboveGround"},"geometry":{"type":"Polygon","coordinates":[[[645768.0183,4824427.86445],[645766.7594,4824427.99715],[645767.07605,4824431.0005],[645768.33495,4824430.8678],[645768.0183,4824427.86445]]]}},{"type":"Feature","properties":{"id":"G01109000PJ42D_part1","floors":1,"height":3.1,"heightSource":"Catastro:numberOfFloorsAboveGround"},"geometry":{"type":"Polygon","coordinates":[[[645758.855,4824394.2665],[645759.307,4824398.5695],[645761.7925,4824422.2445],[645775.72,4824421.386],[645775.29,4824417.24],[645765.37,4824417.86],[645764.58,4824410.33],[645765.46,4824410.23],[645764.41,4824400.23],[645766.03,4824400.06],[645765.37,4824393.729],[645758.855,4824394.2665]]]}},{"type":"Feature","properties":{"id":"G01109100PJ42D_part1","floors":1,"height":3.1,"heightSource":"Catastro:numberOfFloorsAboveGround"},"geometry":{"type":"Polygon","coordinates":[[[645756.73635,4824374.08415],[645757.04965,4824377.06815],[645760.9823,4824376.7199],[645760.7177,4824373.7316],[645756.73635,4824374.08415]]]}},{"type":"Feature","properties":{"id":"G01109100PJ42D_part3","floors":1,"height":3.1,"heightSource":"Catastro:numberOfFloorsAboveGround"},"geometry":{"type":"Polygon","coordinates":[[[645776.6747,4824382.46365],[645775.23465,4824382.5622],[645775.36785,4824384.50765],[645776.80785,4824384.4091],[645776.6747,4824382.46365]]]}},{"type":"Feature","properties":{"id":"G01109100PJ42D_part4","floors":2,"height":6.2,"heightSource":"Catastro:numberOfFloorsAboveGround"},"geometry":{"type":"Polygon","coordinates":[[[645774.13585,4824387.83955],[645773.51235,4824378.73085],[645766.379,4824379.21915],[645767.00255,4824388.32785],[645774.13585,4824387.83955]]]}},{"type":"Feature","properties":{"id":"G01109200PJ42D_part1","floors":1,"height":3.1,"heightSource":"Catastro:numberOfFloorsAboveGround"},"geometry":{"type":"Polygon","coordinates":[[[645775.9273,4824339.79375],[645770.8533,4824340.0407],[645770.98265,4824342.69755],[645766.48795,4824342.91635],[645766.75245,4824348.3499],[645776.3211,4824347.88415],[645775.9273,4824339.79375]]]}},{"type":"Feature","properties":{"id":"G01109200PJ42D_part2","floors":1,"height":3.1,"heightSource":"Catastro:numberOfFloorsAboveGround"},"geometry":{"type":"Polygon","coordinates":[[[645775.84075,4824338.01585],[645770.76675,4824338.26285],[645770.8533,4824340.0407],[645775.9273,4824339.79375],[645775.84075,4824338.01585]]]}},{"type":"Feature","properties":{"id":"G01109200PJ42D_part3","floors":1,"height":3.1,"heightSource":"Catastro:numberOfFloorsAboveGround"},"geometry":{"type":"Polygon","coordinates":[[[645766.35865,4824340.2595],[645766.48795,4824342.91635],[645770.98265,4824342.69755],[645770.8533,4824340.0407],[645766.35865,4824340.2595]]]}},{"type":"Feature","properties":{"id":"G01109300PJ42D_part1","floors":1,"height":3.1,"heightSource":"Catastro:numberOfFloorsAboveGround"},"geometry":{"type":"Polygon","coordinates":[[[645756.09545,4824313.682],[645750.4532,4824314.2327],[645750.89645,4824318.45475],[645756.5078,4824317.90705],[645756.09545,4824313.682]]]}},{"type":"Feature","properties":{"id":"G01109300PJ42D_part2","floors":1,"height":3.1,"heightSource":"Catastro:numberOfFloorsAboveGround"},"geometry":{"type":"Polygon","coordinates":[[[645763.9118,4824318.8984],[645762.203,4824319.0945],[645762.08555,4824318.0712],[645758.6084,4824318.4702],[645758.8398,4824320.48695],[645764.0258,4824319.89185],[645763.9118,4824318.8984]]]}},{"type":"Feature","properties":{"id":"G01109300PJ42D_part3","floors":1,"height":3.1,"heightSource":"Catastro:numberOfFloorsAboveGround"},"geometry":{"type":"Polygon","coordinates":[[[645762.7038,4824327.8444],[645762.8064,4824328.73855],[645766.2836,4824328.3395],[645766.1812,4824327.44535],[645762.7038,4824327.8444]]]}},{"type":"Feature","properties":{"id":"G01109300PJ42D_part4","floors":2,"height":6.2,"heightSource":"Catastro:numberOfFloorsAboveGround"},"geometry":{"type":"Polygon","coordinates":[[[645762.7038,4824327.8444],[645766.1812,4824327.44535],[645766.1242,4824326.94865],[645768.60765,4824326.66365],[645768.1083,4824322.3122],[645767.36395,4824322.3976],[645767.09375,4824320.04305],[645765.35455,4824320.24265],[645765.29755,4824319.7459],[645761.8202,4824320.14495],[645761.8772,4824320.6417],[645759.39355,4824320.9267],[645760.1631,4824327.6327],[645762.6468,4824327.3477],[645762.7038,4824327.8444]]]}},{"type":"Feature","properties":{"id":"G01109300PJ42D_part5","floors":1,"height":3.1,"heightSource":"Catastro:numberOfFloorsAboveGround"},"geometry":{"type":"Polygon","coordinates":[[[645769.1614,4824327.10335],[645768.60505,4824322.2552],[645768.1083,4824322.3122],[645768.60765,4824326.66365],[645766.1242,4824326.94865],[645766.1812,4824327.44535],[645769.1614,4824327.10335]]]}},{"type":"Feature","properties":{"id":"G01109300PJ42D_part7","floors":1,"height":3.1,"heightSource":"Catastro:numberOfFloorsAboveGround"},"geometry":{"type":"Polygon","coordinates":[[[645758.8398,4824320.48695],[645759.72335,4824328.18645],[645762.7038,4824327.8444],[645762.6468,4824327.3477],[645760.1631,4824327.6327],[645759.39355,4824320.9267],[645761.8772,4824320.6417],[645761.8202,4824320.14495],[645758.8398,4824320.48695]]]}},{"type":"Feature","properties":{"id":"G01109400PJ42D_part1","floors":1,"height":3.1,"heightSource":"Catastro:numberOfFloorsAboveGround"},"geometry":{"type":"Polygon","coordinates":[[[645753.0085,4824297.4695],[645753.795,4824303.418],[645754.5815,4824309.366],[645764.069,4824308.1115],[645763.542,4824304.126],[645763.2825,4824302.163],[645763.023,4824300.2],[645762.496,4824296.215],[645753.0085,4824297.4695]]]}},{"type":"Feature","properties":{"id":"G01109400PJ42D_part2","floors":2,"height":6.2,"heightSource":"Catastro:numberOfFloorsAboveGround"},"geometry":{"type":"Polygon","coordinates":[[[645763.542,4824304.126],[645764.069,4824308.1115],[645766.478,4824307.793],[645765.951,4824303.8075],[645763.542,4824304.126]]]}},{"type":"Feature","properties":{"id":"G01109400PJ42D_part3","floors":1,"height":3.1,"heightSource":"Catastro:numberOfFloorsAboveGround"},"geometry":{"type":"Polygon","coordinates":[[[645763.023,4824300.2],[645763.2825,4824302.163],[645763.542,4824304.126],[645765.951,4824303.8075],[645765.432,4824299.8815],[645763.023,4824300.2]]]}},{"type":"Feature","properties":{"id":"G01109400PJ42D_part4","floors":2,"height":6.2,"heightSource":"Catastro:numberOfFloorsAboveGround"},"geometry":{"type":"Polygon","coordinates":[[[645764.905,4824295.8965],[645762.496,4824296.215],[645763.023,4824300.2],[645765.432,4824299.8815],[645764.905,4824295.8965]]]}},{"type":"Feature","properties":{"id":"G01109500PJ42D_part1","floors":1,"height":3.1,"heightSource":"Catastro:numberOfFloorsAboveGround"},"geometry":{"type":"Polygon","coordinates":[[[645818.61645,4824314.4972],[645822.62545,4824314.0858],[645821.90505,4824307.0659],[645812.2207,4824307.9866],[645812.94855,4824315.0788],[645818.61645,4824314.4972]]]}},{"type":"Feature","properties":{"id":"G01109500PJ42D_part2","floors":1,"height":3.1,"heightSource":"Catastro:numberOfFloorsAboveGround"},"geometry":{"type":"Polygon","coordinates":[[[645820.6927,4824321.9951],[645820.63555,4824321.43805],[645821.2324,4824321.3768],[645821.12625,4824320.34225],[645819.2362,4824320.5362],[645819.39955,4824322.12785],[645820.6927,4824321.9951]]]}},{"type":"Feature","properties":{"id":"G01109500PJ42D_part3","floors":2,"height":6.2,"heightSource":"Catastro:numberOfFloorsAboveGround"},"geometry":{"type":"Polygon","coordinates":[[[645804.29745,4824340.09395],[645803.00095,4824340.1763],[645803.29875,4824344.86685],[645812.4204,4824344.2877],[645811.92865,4824336.5433],[645804.1035,4824337.04015],[645804.29745,4824340.09395]]]}},{"type":"Feature","properties":{"id":"G01109500PJ42D_part4","floors":2,"height":6.2,"heightSource":"Catastro:numberOfFloorsAboveGround"},"geometry":{"type":"Polygon","coordinates":[[[645802.80705,4824337.12245],[645803.00095,4824340.1763],[645804.29745,4824340.09395],[645804.1035,4824337.04015],[645802.80705,4824337.12245]]]}},{"type":"Feature","properties":{"id":"G01109500PJ42D_part5","floors":1,"height":3.1,"heightSource":"Catastro:numberOfFloorsAboveGround"},"geometry":{"type":"Polygon","coordinates":[[[645820.04645,4824343.1257],[645820.5064,4824347.60775],[645826.0098,4824347.06575],[645825.54755,4824342.5612],[645820.04645,4824343.1257]]]}},{"type":"Feature","properties":{"id":"G01109500PJ42D_part6","floors":1,"height":3.1,"heightSource":"Catastro:numberOfFloorsAboveGround"},"geometry":{"type":"Polygon","coordinates":[[[645819.8078,4824326.10625],[645820.0048,4824328.02615],[645824.01375,4824327.61475],[645823.9751,4824327.238],[645823.81675,4824325.69485],[645819.8078,4824326.10625]]]}},{"type":"Feature","properties":{"id":"G01109500PJ42D_part7","floors":1,"height":3.1,"heightSource":"Catastro:numberOfFloorsAboveGround"},"geometry":{"type":"Polygon","coordinates":[[[645822.62545,4824314.0858],[645818.61645,4824314.4972],[645819.2362,4824320.5362],[645821.12625,4824320.34225],[645821.2324,4824321.3768],[645820.63555,4824321.43805],[645820.6927,4824321.9951],[645819.39955,4824322.12785],[645819.8078,4824326.10625],[645823.81675,4824325.69485],[645822.62545,4824314.0858]]]}},{"type":"Feature","properties":{"id":"G01109600PJ42D_part1","floors":1,"height":3.1,"heightSource":"Catastro:numberOfFloorsAboveGround"},"geometry":{"type":"Polygon","coordinates":[[[645830.15445,4824387.4538],[645824.17365,4824387.94785],[645824.7472,4824393.5368],[645830.71585,4824392.9243],[645830.15445,4824387.4538]]]}},{"type":"Feature","properties":{"id":"G01109600PJ42D_part2","floors":2,"height":6.2,"heightSource":"Catastro:numberOfFloorsAboveGround"},"geometry":{"type":"Polygon","coordinates":[[[645806.1043,4824398.19695],[645806.20695,4824399.1917],[645806.6233,4824403.2264],[645813.7057,4824402.49555],[645813.28935,4824398.46085],[645813.1867,4824397.4661],[645806.1043,4824398.19695]]]}},{"type":"Feature","properties":{"id":"G01109600PJ42D_part3","floors":1,"height":3.1,"heightSource":"Catastro:numberOfFloorsAboveGround"},"geometry":{"type":"Polygon","coordinates":[[[645813.13705,4824396.9849],[645813.0344,4824395.9902],[645811.0549,4824396.19445],[645805.952,4824396.72095],[645806.1043,4824398.19695],[645813.1867,4824397.4661],[645813.13705,4824396.9849]]]}},{"type":"Feature","properties":{"id":"G01109600PJ42D_part4","floors":1,"height":3.1,"heightSource":"Catastro:numberOfFloorsAboveGround"},"geometry":{"type":"Polygon","coordinates":[[[645813.8607,4824403.9976],[645813.80835,4824403.4903],[645813.7057,4824402.49555],[645808.37815,4824403.0453],[645808.52935,4824404.54775],[645813.8607,4824403.9976]]]}},{"type":"Feature","properties":{"id":"G01109600PJ42D_part5","floors":1,"height":3.1,"heightSource":"Catastro:numberOfFloorsAboveGround"},"geometry":{"type":"Polygon","coordinates":[[[645806.6233,4824403.2264],[645806.72595,4824404.22115],[645806.7783,4824404.72845],[645808.52935,4824404.54775],[645808.37815,4824403.0453],[645806.6233,4824403.2264]]]}},{"type":"Feature","properties":{"id":"G01109600PJ42D_part6","floors":1,"height":3.1,"heightSource":"Catastro:numberOfFloorsAboveGround"},"geometry":{"type":"Polygon","coordinates":[[[645810.8496,4824394.205],[645810.74695,4824393.2103],[645805.64405,4824393.7369],[645805.952,4824396.72095],[645811.0549,4824396.19445],[645810.8496,4824394.205]]]}},{"type":"Feature","properties":{"id":"G01109700PJ42D_part1","floors":2,"height":6.2,"heightSource":"Catastro:numberOfFloorsAboveGround"},"geometry":{"type":"Polygon","coordinates":[[[645889.60145,4824392.5256],[645881.8058,4824392.78545],[645881.97235,4824397.7827],[645889.76805,4824397.5228],[645889.60145,4824392.5256]]]}},{"type":"Feature","properties":{"id":"G01109700PJ42D_part2","floors":1,"height":3.1,"heightSource":"Catastro:numberOfFloorsAboveGround"},"geometry":{"type":"Polygon","coordinates":[[[645891.71175,4824392.37185],[645895.69555,4824392.2183],[645895.08245,4824386.52005],[645895.05005,4824386.2187],[645895.0453,4824386.17495],[645891.03295,4824386.3736],[645891.71175,4824392.37185]]]}},{"type":"Feature","properties":{"id":"G01109700PJ42D_part3","floors":1,"height":3.1,"heightSource":"Catastro:numberOfFloorsAboveGround"},"geometry":{"type":"Polygon","coordinates":[[[645881.97235,4824397.7827],[645882.0743,4824400.841],[645889.87,4824400.5811],[645889.76805,4824397.5228],[645881.97235,4824397.7827]]]}},{"type":"Feature","properties":{"id":"G01109800PJ42D_part1","floors":1,"height":3.1,"heightSource":"Catastro:numberOfFloorsAboveGround"},"geometry":{"type":"Polygon","coordinates":[[[645908.349,4824397.8059],[645908.45155,4824399.80545],[645914.00425,4824399.5207],[645913.9017,4824397.5211],[645908.349,4824397.8059]]]}},{"type":"Feature","properties":{"id":"G01109800PJ42D_part2","floors":3,"height":9.3,"heightSource":"Catastro:numberOfFloorsAboveGround"},"geometry":{"type":"Polygon","coordinates":[[[645913.78395,4824395.22445],[645913.5729,4824391.10915],[645908.0202,4824391.39395],[645907.90245,4824389.0973],[645905.49735,4824389.22065],[645905.94395,4824397.92925],[645908.349,4824397.8059],[645908.2723,4824396.31005],[645908.23125,4824395.5092],[645913.78395,4824395.22445]]]}},{"type":"Feature","properties":{"id":"G01109800PJ42D_part3","floors":2,"height":6.2,"heightSource":"Catastro:numberOfFloorsAboveGround"},"geometry":{"type":"Polygon","coordinates":[[[645902.9689,4824389.3503],[645903.4155,4824398.0589],[645905.94395,4824397.92925],[645905.49735,4824389.22065],[645902.9689,4824389.3503]]]}},{"type":"Feature","properties":{"id":"G01109800PJ42D_part4","floors":2,"height":6.2,"heightSource":"Catastro:numberOfFloorsAboveGround"},"geometry":{"type":"Polygon","coordinates":[[[645908.23125,4824395.5092],[645908.2723,4824396.31005],[645913.825,4824396.0253],[645913.78395,4824395.22445],[645908.23125,4824395.5092]]]}},{"type":"Feature","properties":{"id":"G01109800PJ42D_part5","floors":2,"height":6.2,"heightSource":"Catastro:numberOfFloorsAboveGround"},"geometry":{"type":"Polygon","coordinates":[[[645913.4551,4824388.81255],[645907.90245,4824389.0973],[645908.0202,4824391.39395],[645913.5729,4824391.10915],[645913.4551,4824388.81255]]]}},{"type":"Feature","properties":{"id":"G01109800PJ42D_part6","floors":2,"height":6.2,"heightSource":"Catastro:numberOfFloorsAboveGround"},"geometry":{"type":"Polygon","coordinates":[[[645908.2723,4824396.31005],[645908.349,4824397.8059],[645913.9017,4824397.5211],[645913.825,4824396.0253],[645908.2723,4824396.31005]]]}},{"type":"Feature","properties":{"id":"G01109900PJ42D_part1","floors":2,"height":6.2,"heightSource":"Catastro:numberOfFloorsAboveGround"},"geometry":{"type":"Polygon","coordinates":[[[645945.3745,4824402.44115],[645944.27685,4824402.51305],[645944.5795,4824407.1332],[645945.67715,4824407.06125],[645945.3745,4824402.44115]]]}},{"type":"Feature","properties":{"id":"G01109900PJ42D_part2","floors":1,"height":3.1,"heightSource":"Catastro:numberOfFloorsAboveGround"},"geometry":{"type":"Polygon","coordinates":[[[645957.2,4824401.83],[645958.1108,4824409.90895],[645963.35315,4824409.60055],[645962.423,4824401.24115],[645957.2,4824401.83]]]}},{"type":"Feature","properties":{"id":"G01109900PJ42D_part3","floors":1,"height":3.1,"heightSource":"Catastro:numberOfFloorsAboveGround"},"geometry":{"type":"Polygon","coordinates":[[[645942.9742,4824404.06155],[645943.18145,4824407.2248],[645943.25535,4824408.35235],[645948.544,4824408.00585],[645948.4701,4824406.87825],[645945.67715,4824407.06125],[645944.5795,4824407.1332],[645944.27685,4824402.51305],[645944.24155,4824401.97425],[645942.8434,4824402.06585],[645941.9616,4824402.1236],[645942.09235,4824404.1193],[645942.9742,4824404.06155]]]}},{"type":"Feature","properties":{"id":"G01109900PJ42D_part4","floors":1,"height":3.1,"heightSource":"Catastro:numberOfFloorsAboveGround"},"geometry":{"type":"Polygon","coordinates":[[[645938.85195,4824402.32735],[645938.9827,4824404.32305],[645942.09235,4824404.1193],[645941.9616,4824402.1236],[645938.85195,4824402.32735]]]}},{"type":"Feature","properties":{"id":"G01109900PJ42D_part5","floors":2,"height":6.2,"heightSource":"Catastro:numberOfFloorsAboveGround"},"geometry":{"type":"Polygon","coordinates":[[[645953.66005,4824406.5382],[645953.00435,4824396.52965],[645943.9238,4824397.1246],[645944.27685,4824402.51305],[645945.3745,4824402.44115],[645945.67715,4824407.06125],[645953.66005,4824406.5382]],[[645946.90095,4824404.3241],[645946.63625,4824400.28505],[645946.5819,4824399.4558],[645950.6731,4824399.18775],[645950.99205,4824404.0561],[645946.90095,4824404.3241]]]}},{"type":"Feature","properties":{"id":"G01109900PJ42D_part6","floors":3,"height":9.3,"heightSource":"Catastro:numberOfFloorsAboveGround"},"geometry":{"type":"Polygon","coordinates":[[[645950.6731,4824399.18775],[645946.5819,4824399.4558],[645946.63625,4824400.28505],[645946.90095,4824404.3241],[645950.99205,4824404.0561],[645950.6731,4824399.18775]]]}},{"type":"Feature","properties":{"id":"G01110000PJ42D_part1","floors":1,"height":3.1,"heightSource":"Catastro:numberOfFloorsAboveGround"},"geometry":{"type":"Polygon","coordinates":[[[645955.58275,4824339.768],[645955.1699,4824336.0577],[645955.12685,4824335.6707],[645955.1191,4824335.601],[645950.72835,4824336.4403],[645951.20405,4824340.84305],[645955.62045,4824340.107],[645955.58275,4824339.768]]]}},{"type":"Feature","properties":{"id":"G01110000PJ42D_part2","floors":2,"height":6.2,"heightSource":"Catastro:numberOfFloorsAboveGround"},"geometry":{"type":"Polygon","coordinates":[[[645945.63265,4824351.7461],[645944.2408,4824341.81335],[645940.785,4824342.2976],[645942.17685,4824352.23045],[645945.63265,4824351.7461]]]}},{"type":"Feature","properties":{"id":"G01110000PJ42D_part3","floors":1,"height":3.1,"heightSource":"Catastro:numberOfFloorsAboveGround"},"geometry":{"type":"Polygon","coordinates":[[[645939.5863,4824342.46555],[645940.2094,4824346.9121],[645938.7833,4824347.11195],[645939.5521,4824352.59835],[645940.5424,4824352.45955],[645942.17685,4824352.23045],[645940.785,4824342.2976],[645939.5863,4824342.46555]]]}},{"type":"Feature","properties":{"id":"G01110000PJ42D_part4","floors":1,"height":3.1,"heightSource":"Catastro:numberOfFloorsAboveGround"},"geometry":{"type":"Polygon","coordinates":[[[645947.0191,4824351.55175],[645945.62725,4824341.61905],[645944.2408,4824341.81335],[645945.63265,4824351.7461],[645947.0191,4824351.55175]]]}},{"type":"Feature","properties":{"id":"G01110000PJ42D_part5","floors":1,"height":3.1,"heightSource":"Catastro:numberOfFloorsAboveGround"},"geometry":{"type":"Polygon","coordinates":[[[645937.2095,4824342.7986],[645937.8326,4824347.24515],[645938.7833,4824347.11195],[645940.2094,4824346.9121],[645939.5863,4824342.46555],[645937.2095,4824342.7986]]]}},{"type":"Feature","properties":{"id":"G01110000PJ42D_part6","floors":1,"height":3.1,"heightSource":"Catastro:numberOfFloorsAboveGround"},"geometry":{"type":"Polygon","coordinates":[[[645940.5424,4824352.45955],[645941.1419,4824356.73775],[645947.61865,4824355.8302],[645947.0191,4824351.55175],[645940.5424,4824352.45955]]]}},{"type":"Feature","properties":{"id":"G01110100PJ42D_part1","floors":3,"height":9.3,"heightSource":"Catastro:numberOfFloorsAboveGround"},"geometry":{"type":"Polygon","coordinates":[[[645880.72725,4824381.34655],[645880.22185,4824373.33245],[645871.2397,4824373.8989],[645871.7451,4824381.91295],[645880.72725,4824381.34655]]]}},{"type":"Feature","properties":{"id":"G01110100PJ42D_part2","floors":1,"height":3.1,"heightSource":"Catastro:numberOfFloorsAboveGround"},"geometry":{"type":"Polygon","coordinates":[[[645880.72725,4824381.34655],[645879.49965,4824381.42395],[645879.5796,4824382.69145],[645882.07465,4824382.5341],[645881.48935,4824373.2525],[645880.22185,4824373.33245],[645880.72725,4824381.34655]]]}},{"type":"Feature","properties":{"id":"G01110200PJ42D_part1","floors":1,"height":3.1,"heightSource":"Catastro:numberOfFloorsAboveGround"},"geometry":{"type":"Polygon","coordinates":[[[645881.3534,4824315.27285],[645887.3472,4824314.62795],[645886.4946,4824306.7039],[645880.4314,4824306.7039],[645881.3534,4824315.27285]]]}},{"type":"Feature","properties":{"id":"G01110300PJ42D_part1","floors":1,"height":3.1,"heightSource":"Catastro:numberOfFloorsAboveGround"},"geometry":{"type":"Polygon","coordinates":[[[645880.15825,4824306.7039],[645880.4314,4824306.7039],[645886.4946,4824306.7039],[645886.48645,4824306.6282],[645886.4543,4824306.32985],[645886.374,4824305.5845],[645885.95955,4824300.4039],[645880.4314,4824300.4039],[645880.18255,4824300.4039],[645880.15825,4824306.7039]]]}},{"type":"Feature","properties":{"id":"G01110300PJ42D_part2","floors":1,"height":3.1,"heightSource":"Catastro:numberOfFloorsAboveGround"},"geometry":{"type":"Polygon","coordinates":[[[645867.43255,4824296.70585],[645866.23725,4824296.7893],[645866.3278,4824298.08615],[645865.22875,4824298.1629],[645865.57705,4824303.15075],[645867.87145,4824302.99055],[645867.5231,4824298.0027],[645867.43255,4824296.70585]]]}},{"type":"Feature","properties":{"id":"G01110300PJ42D_part3","floors":1,"height":3.1,"heightSource":"Catastro:numberOfFloorsAboveGround"},"geometry":{"type":"Polygon","coordinates":[[[645867.87145,4824302.99055],[645877.3284,4824302.33015],[645876.70215,4824293.362],[645867.24515,4824294.0224],[645867.87145,4824302.99055]]]}},{"type":"Feature","properties":{"id":"G01111000PJ42D_part2","floors":1,"height":3.1,"heightSource":"Catastro:numberOfFloorsAboveGround"},"geometry":{"type":"Polygon","coordinates":[[[645771.7305,4824192.3043],[645775.99905,4824191.81325],[645775.5382341612,4824188.0],[645771.2093714579,4824188.0],[645771.7305,4824192.3043]]]}},{"type":"Feature","properties":{"id":"G01111100PJ42D_part1","floors":1,"height":3.1,"heightSource":"Catastro:numberOfFloorsAboveGround"},"geometry":{"type":"Polygon","coordinates":[[[645727.962,4824216.08],[645728.4395,4824219.739],[645728.4465,4824219.7935],[645728.501,4824220.2125],[645735.3895,4824219.376],[645734.84,4824215.18],[645732.17,4824215.53],[645730.9,4824215.7],[645727.962,4824216.08]]]}},{"type":"Feature","properties":{"id":"G01111100PJ42D_part3","floors":1,"height":3.1,"heightSource":"Catastro:numberOfFloorsAboveGround"},"geometry":{"type":"Polygon","coordinates":[[[645742.7,4824204.38],[645741.64,4824204.51],[645741.98,4824207.28],[645743.04,4824207.15],[645742.7,4824204.38]]]}},{"type":"Feature","properties":{"id":"G01111100PJ42D_part4","floors":1,"height":3.1,"heightSource":"Catastro:numberOfFloorsAboveGround"},"geometry":{"type":"Polygon","coordinates":[[[645744.2,4824208.38],[645743.45,4824202.28],[645735.21,4824203.28],[645735.46,4824205.26],[645741.64,4824204.51],[645742.7,4824204.38],[645743.04,4824207.15],[645743.18,4824208.35],[645743.2,4824208.5],[645744.2,4824208.38]]]}},{"type":"Feature","properties":{"id":"G01111100PJ42D_part5","floors":1,"height":3.1,"heightSource":"Catastro:numberOfFloorsAboveGround"},"geometry":{"type":"Polygon","coordinates":[[[645732.98,4824211.9],[645733.31,4824214.67],[645743.8,4824213.4],[645743.46,4824210.63],[645732.98,4824211.9]]]}},{"type":"Feature","properties":{"id":"G01111100PJ42D_part6","floors":2,"height":6.2,"heightSource":"Catastro:numberOfFloorsAboveGround"},"geometry":{"type":"Polygon","coordinates":[[[645732.56,4824208.43],[645732.98,4824211.9],[645743.46,4824210.63],[645743.2,4824208.5],[645743.18,4824208.35],[645742.12,4824208.48],[645741.98,4824207.28],[645732.56,4824208.43]]]}},{"type":"Feature","properties":{"id":"G01111100PJ42D_part7","floors":1,"height":3.1,"heightSource":"Catastro:numberOfFloorsAboveGround"},"geometry":{"type":"Polygon","coordinates":[[[645732.22,4824205.66],[645732.56,4824208.43],[645741.98,4824207.28],[645741.64,4824204.51],[645735.46,4824205.26],[645732.22,4824205.66]]]}},{"type":"Feature","properties":{"id":"G01111200PJ42D_part1","floors":1,"height":3.1,"heightSource":"Catastro:numberOfFloorsAboveGround"},"geometry":{"type":"Polygon","coordinates":[[[645736.1016,4824237.72925],[645730.8759,4824238.41115],[645731.3666,4824242.17145],[645731.3741,4824242.2287],[645731.4284,4824242.645],[645736.6603,4824242.0104],[645736.1016,4824237.72925]]]}},{"type":"Feature","properties":{"id":"G01111200PJ42D_part2","floors":2,"height":6.2,"heightSource":"Catastro:numberOfFloorsAboveGround"},"geometry":{"type":"Polygon","coordinates":[[[645738.0618,4824235.2743],[645741.65545,4824234.83795],[645741.6253,4824234.58975],[645744.6034,4824234.22815],[645744.0911,4824230.0092],[645743.11555,4824230.12765],[645742.6551,4824226.33545],[645740.6525,4824226.5786],[645740.62235,4824226.33045],[645737.02885,4824226.7668],[645737.059,4824227.01495],[645734.08085,4824227.3766],[645735.05355,4824235.38775],[645738.03165,4824235.0261],[645738.0618,4824235.2743]]]}},{"type":"Feature","properties":{"id":"G01111200PJ42D_part7","floors":2,"height":6.2,"heightSource":"Catastro:numberOfFloorsAboveGround"},"geometry":{"type":"Polygon","coordinates":[[[645742.6551,4824226.33545],[645743.11555,4824230.12765],[645744.0911,4824230.0092],[645743.63065,4824226.217],[645742.6551,4824226.33545]]]}},{"type":"Feature","properties":{"id":"G01111300PJ42D_part1","floors":1,"height":3.1,"heightSource":"Catastro:numberOfFloorsAboveGround"},"geometry":{"type":"Polygon","coordinates":[[[645721.67105,4824238.35235],[645721.7238,4824239.30085],[645720.925,4824239.34525],[645718.7318,4824239.46705],[645717.7299,4824239.52275],[645717.95455,4824243.5665],[645725.2633,4824243.16045],[645724.98595,4824238.16815],[645722.1703,4824238.3246],[645721.67105,4824238.35235]]]}},{"type":"Feature","properties":{"id":"G01111300PJ42D_part2","floors":1,"height":3.1,"heightSource":"Catastro:numberOfFloorsAboveGround"},"geometry":{"type":"Polygon","coordinates":[[[645720.925,4824239.34525],[645720.4324,4824230.4789],[645719.12335,4824230.5516],[645719.61595,4824239.41795],[645720.925,4824239.34525]]]}},{"type":"Feature","properties":{"id":"G01111300PJ42D_part3","floors":2,"height":6.2,"heightSource":"Catastro:numberOfFloorsAboveGround"},"geometry":{"type":"Polygon","coordinates":[[[645714.72225,4824230.79615],[645715.21485,4824239.6625],[645717.7299,4824239.52275],[645718.7318,4824239.46705],[645719.61595,4824239.41795],[645719.12335,4824230.5516],[645714.72225,4824230.79615]]]}},{"type":"Feature","properties":{"id":"G01111300PJ42D_part4","floors":1,"height":3.1,"heightSource":"Catastro:numberOfFloorsAboveGround"},"geometry":{"type":"Polygon","coordinates":[[[645713.41325,4824230.86885],[645713.9058,4824239.7352],[645715.21485,4824239.6625],[645714.72225,4824230.79615],[645713.41325,4824230.86885]]]}},{"type":"Feature","properties":{"id":"G01111300PJ42D_part5","floors":1,"height":3.1,"heightSource":"Catastro:numberOfFloorsAboveGround"},"geometry":{"type":"Polygon","coordinates":[[[645711.88545,4824235.1002],[645712.1485,4824239.83285],[645713.9058,4824239.7352],[645713.6429,4824235.0025],[645711.88545,4824235.1002]]]}},{"type":"Feature","properties":{"id":"G01111400PJ42D_part3","floors":2,"height":6.2,"heightSource":"Catastro:numberOfFloorsAboveGround"},"geometry":{"type":"Polygon","coordinates":[[[645745.38,4824248.8],[645745.32,4824248.31],[645738.81,4824249.16],[645738.89,4824249.66],[645737.69,4824249.82],[645738.55,4824256.28],[645739.73,4824256.12],[645739.8,4824256.62],[645746.29,4824255.76],[645746.23,4824255.27],[645747.48,4824255.1],[645746.64,4824248.64],[645745.38,4824248.8]]]}},{"type":"Feature","properties":{"id":"G01111400PJ42D_part4","floors":1,"height":3.1,"heightSource":"Catastro:numberOfFloorsAboveGround"},"geometry":{"type":"Polygon","coordinates":[[[645746.21,4824245.39],[645737.27,4824246.53],[645737.69,4824249.82],[645738.89,4824249.66],[645738.81,4824249.16],[645745.32,4824248.31],[645745.38,4824248.8],[645746.64,4824248.64],[645746.21,4824245.39]]]}},{"type":"Feature","properties":{"id":"G01111400PJ42D_part5","floors":1,"height":3.1,"heightSource":"Catastro:numberOfFloorsAboveGround"},"geometry":{"type":"Polygon","coordinates":[[[645738.74,4824260.28],[645738.19,4824260.34],[645737.76,4824257.08],[645733.3865,4824257.6505],[645734.3005,4824264.656],[645734.356,4824265.08],[645739.29,4824264.4815],[645738.74,4824260.28]]]}},{"type":"Feature","properties":{"id":"G01111500PJ42D_part1","floors":1,"height":3.1,"heightSource":"Catastro:numberOfFloorsAboveGround"},"geometry":{"type":"Polygon","coordinates":[[[645727.8556,4824261.63495],[645728.39925,4824265.8014],[645734.356,4824265.0801],[645734.30065,4824264.6559],[645733.80515,4824260.8586],[645727.8556,4824261.63495]]]}},{"type":"Feature","properties":{"id":"G01111500PJ42D_part2","floors":1,"height":3.1,"heightSource":"Catastro:numberOfFloorsAboveGround"},"geometry":{"type":"Polygon","coordinates":[[[645725.8322,4824258.39475],[645726.01975,4824260.38595],[645727.88645,4824260.21015],[645727.69895,4824258.21895],[645725.8322,4824258.39475]]]}},{"type":"Feature","properties":{"id":"G01111500PJ42D_part3","floors":1,"height":3.1,"heightSource":"Catastro:numberOfFloorsAboveGround"},"geometry":{"type":"Polygon","coordinates":[[[645727.08385,4824251.68785],[645725.21715,4824251.86365],[645725.40465,4824253.85485],[645727.2714,4824253.679],[645727.08385,4824251.68785]]]}},{"type":"Feature","properties":{"id":"G01111500PJ42D_part5","floors":2,"height":6.2,"heightSource":"Catastro:numberOfFloorsAboveGround"},"geometry":{"type":"Polygon","coordinates":[[[645719.6302,4824254.3987],[645717.763,4824254.57455],[645717.95195,4824256.58565],[645718.94755,4824256.4919],[645719.1857,4824259.0207],[645720.05775,4824258.93855],[645720.2453,4824260.92975],[645726.01975,4824260.38595],[645725.8322,4824258.39475],[645727.69895,4824258.21895],[645727.2714,4824253.679],[645725.40465,4824253.85485],[645725.21715,4824251.86365],[645719.44265,4824252.4075],[645719.6302,4824254.3987]]]}},{"type":"Feature","properties":{"id":"G01111500PJ42D_part6","floors":1,"height":3.1,"heightSource":"Catastro:numberOfFloorsAboveGround"},"geometry":{"type":"Polygon","coordinates":[[[645717.5759,4824252.5833],[645717.763,4824254.57455],[645719.6302,4824254.3987],[645719.44265,4824252.4075],[645717.5759,4824252.5833]]]}},{"type":"Feature","properties":{"id":"G01111500PJ42D_part8","floors":2,"height":6.2,"heightSource":"Catastro:numberOfFloorsAboveGround"},"geometry":{"type":"Polygon","coordinates":[[[645718.94755,4824256.4919],[645717.95195,4824256.58565],[645718.1906,4824259.1144],[645719.1857,4824259.0207],[645718.94755,4824256.4919]]]}},{"type":"Feature","properties":{"id":"G01111500PJ42D_part9","floors":1,"height":3.1,"heightSource":"Catastro:numberOfFloorsAboveGround"},"geometry":{"type":"Polygon","coordinates":[[[645716.19265,4824256.2491],[645716.55035,4824260.04755],[645716.6699,4824261.3167],[645718.38325,4824261.15535],[645718.37855,4824261.10555],[645717.9051,4824256.08785],[645716.19265,4824256.2491]]]}},{"type":"Feature","properties":{"id":"G01111600PJ42D_part1","floors":1,"height":3.1,"heightSource":"Catastro:numberOfFloorsAboveGround"},"geometry":{"type":"Polygon","coordinates":[[[645784.13525,4824259.1401],[645783.48905,4824253.79295],[645783.4422,4824253.4054],[645774.65575,4824254.46725],[645775.34545,4824260.1742],[645784.13525,4824259.1401]]]}},{"type":"Feature","properties":{"id":"G01111600PJ42D_part2","floors":1,"height":3.1,"heightSource":"Catastro:numberOfFloorsAboveGround"},"geometry":{"type":"Polygon","coordinates":[[[645781.01985,4824252.44775],[645781.16875,4824253.68015],[645783.4422,4824253.4054],[645783.2913,4824252.15655],[645781.01985,4824252.44775]]]}},{"type":"Feature","properties":{"id":"G01111600PJ42D_part3","floors":1,"height":3.1,"heightSource":"Catastro:numberOfFloorsAboveGround"},"geometry":{"type":"Polygon","coordinates":[[[645782.7674,4824247.82125],[645780.49595,4824248.11245],[645781.01985,4824252.44775],[645783.2913,4824252.15655],[645782.7674,4824247.82125]]]}},{"type":"Feature","properties":{"id":"G01111700PJ42D_part1","floors":1,"height":3.1,"heightSource":"Catastro:numberOfFloorsAboveGround"},"geometry":{"type":"Polygon","coordinates":[[[645768.1865,4824274.5615],[645768.3175,4824275.6535],[645773.451,4824275.0385],[645773.32,4824273.946],[645768.1865,4824274.5615]]]}},{"type":"Feature","properties":{"id":"G01111700PJ42D_part2","floors":2,"height":6.2,"heightSource":"Catastro:numberOfFloorsAboveGround"},"geometry":{"type":"Polygon","coordinates":[[[645768.139,4824274.164],[645768.1865,4824274.5615],[645773.32,4824273.946],[645773.272,4824273.549],[645768.139,4824274.164]]]}},{"type":"Feature","properties":{"id":"G01111700PJ42D_part3","floors":1,"height":3.1,"heightSource":"Catastro:numberOfFloorsAboveGround"},"geometry":{"type":"Polygon","coordinates":[[[645767.708,4824261.0725],[645768.019,4824263.667],[645774.016,4824262.9485],[645773.707,4824260.367],[645767.708,4824261.0725]]]}},{"type":"Feature","properties":{"id":"G01111700PJ42D_part4","floors":3,"height":9.3,"heightSource":"Catastro:numberOfFloorsAboveGround"},"geometry":{"type":"Polygon","coordinates":[[[645767.0005,4824264.662],[645768.139,4824274.164],[645773.272,4824273.549],[645775.258,4824273.311],[645774.4765,4824266.788],[645772.9875,4824266.966],[645772.6305,4824263.9875],[645767.0005,4824264.662]]]}},{"type":"Feature","properties":{"id":"G01111700PJ42D_part5","floors":1,"height":3.1,"heightSource":"Catastro:numberOfFloorsAboveGround"},"geometry":{"type":"Polygon","coordinates":[[[645784.414,4824261.446],[645784.1355,4824259.14],[645780.977,4824259.5115],[645781.498,4824263.941],[645784.6705,4824263.568],[645784.414,4824261.446]]]}},{"type":"Feature","properties":{"id":"G01111700PJ42D_part6","floors":1,"height":3.1,"heightSource":"Catastro:numberOfFloorsAboveGround"},"geometry":{"type":"Polygon","coordinates":[[[645778.103,4824271.551],[645778.2665,4824272.9505],[645782.278,4824272.47],[645782.1115,4824271.0835],[645778.103,4824271.551]]]}},{"type":"Feature","properties":{"id":"G01111700PJ42D_part7","floors":1,"height":3.1,"heightSource":"Catastro:numberOfFloorsAboveGround"},"geometry":{"type":"Polygon","coordinates":[[[645781.139,4824262.968],[645774.1195,4824263.809],[645774.4765,4824266.788],[645775.258,4824273.311],[645778.2665,4824272.9505],[645778.103,4824271.551],[645782.1115,4824271.0835],[645781.139,4824262.968]]]}},{"type":"Feature","properties":{"id":"G01111700PJ42D_part9","floors":3,"height":9.3,"heightSource":"Catastro:numberOfFloorsAboveGround"},"geometry":{"type":"Polygon","coordinates":[[[645772.6305,4824263.9875],[645772.9875,4824266.966],[645774.4765,4824266.788],[645774.1195,4824263.809],[645772.6305,4824263.9875]]]}},{"type":"Feature","properties":{"id":"G01111900PJ42D_part1","floors":1,"height":3.1,"heightSource":"Catastro:numberOfFloorsAboveGround"},"geometry":{"type":"Polygon","coordinates":[[[645739.28735,4824264.48195],[645734.356,4824265.0801],[645735.1155,4824270.90035],[645739.9941,4824270.3086],[645739.28735,4824264.48195]]]}},{"type":"Feature","properties":{"id":"G01112000PJ42D_part1","floors":1,"height":3.1,"heightSource":"Catastro:numberOfFloorsAboveGround"},"geometry":{"type":"Polygon","coordinates":[[[645715.68,4824267.99],[645716.04,4824270.77],[645721.0,4824270.12],[645720.85,4824268.93],[645723.02,4824268.65],[645723.44,4824271.82],[645728.7,4824271.13],[645729.31,4824275.8],[645735.6465,4824274.9705],[645734.4175,4824265.5505],[645715.68,4824267.99]]]}},{"type":"Feature","properties":{"id":"G01112100PJ42D_part1","floors":1,"height":3.1,"heightSource":"Catastro:numberOfFloorsAboveGround"},"geometry":{"type":"Polygon","coordinates":[[[645681.548,4824238.0425],[645681.5015,4824237.674],[645678.041,4824238.112],[645675.0501,4824238.49065],[645675.0573,4824238.5478],[645675.5,4824242.06],[645681.95275,4824241.23965],[645681.548,4824238.0425]]]}},{"type":"Feature","properties":{"id":"G01112100PJ42D_part2","floors":1,"height":3.1,"heightSource":"Catastro:numberOfFloorsAboveGround"},"geometry":{"type":"Polygon","coordinates":[[[645679.19,4824258.85],[645679.56,4824261.73],[645674.94,4824262.31],[645675.5805,4824267.373],[645685.1085,4824266.1665],[645684.1035,4824258.2295],[645679.19,4824258.85]]]}},{"type":"Feature","properties":{"id":"G01112100PJ42D_part3","floors":1,"height":3.1,"heightSource":"Catastro:numberOfFloorsAboveGround"},"geometry":{"type":"Polygon","coordinates":[[[645682.84,4824256.27],[645683.06505,4824258.36065],[645684.1035,4824258.2295],[645683.8418,4824256.16215],[645682.84,4824256.27]]]}},{"type":"Feature","properties":{"id":"G01112200PJ42D_part1","floors":1,"height":3.1,"heightSource":"Catastro:numberOfFloorsAboveGround"},"geometry":{"type":"Polygon","coordinates":[[[645661.01,4824193.94],[645661.72,4824193.11],[645663.31,4824192.98],[645662.9233947368,4824188.0],[645660.5421718378,4824188.0],[645661.01,4824193.94]]]}},{"type":"Feature","properties":{"id":"G01112200PJ42D_part2","floors":1,"height":3.1,"heightSource":"Catastro:numberOfFloorsAboveGround"},"geometry":{"type":"Polygon","coordinates":[[[645671.16,4824202.86],[645672.05,4824209.92],[645677.904,4824209.182],[645677.01,4824202.12],[645671.16,4824202.86]]]}},{"type":"Feature","properties":{"id":"G01112200PJ42D_part3","floors":1,"height":3.1,"heightSource":"Catastro:numberOfFloorsAboveGround"},"geometry":{"type":"Polygon","coordinates":[[[645669.23,4824191.69],[645667.52,4824191.82],[645667.99,4824197.75],[645670.32,4824197.57],[645669.87,4824191.84],[645671.37,4824191.72],[645671.0768767908,4824188.0],[645668.9415486725,4824188.0],[645669.23,4824191.69]]]}},{"type":"Feature","properties":{"id":"G01112200PJ42D_part4","floors":2,"height":6.2,"heightSource":"Catastro:numberOfFloorsAboveGround"},"geometry":{"type":"Polygon","coordinates":[[[645663.31,4824192.98],[645663.71,4824198.09],[645667.99,4824197.75],[645667.52,4824191.82],[645669.23,4824191.69],[645668.9415486725,4824188.0],[645662.9233947368,4824188.0],[645663.31,4824192.98]]]}},{"type":"Feature","properties":{"id":"G01112200PJ42D_part5","floors":2,"height":6.2,"heightSource":"Catastro:numberOfFloorsAboveGround"},"geometry":{"type":"Polygon","coordinates":[[[645661.72,4824193.11],[645661.01,4824193.94],[645661.35,4824198.27],[645663.71,4824198.09],[645663.31,4824192.98],[645661.72,4824193.11]]]}},{"type":"Feature","properties":{"id":"G01112300PJ42D_part1","floors":2,"height":6.2,"heightSource":"Catastro:numberOfFloorsAboveGround"},"geometry":{"type":"Polygon","coordinates":[[[645575.77,4824240.81],[645576.3,4824244.86],[645577.49,4824244.7],[645577.98,4824248.43],[645585.816,4824247.4005],[645584.7925,4824239.6195],[645575.77,4824240.81]]]}},{"type":"Feature","properties":{"id":"G01112300PJ42D_part2","floors":1,"height":3.1,"heightSource":"Catastro:numberOfFloorsAboveGround"},"geometry":{"type":"Polygon","coordinates":[[[645580.07,4824234.39],[645580.66,4824238.86],[645584.6225,4824238.3295],[645584.0355,4824233.8695],[645580.07,4824234.39]]]}},{"type":"Feature","properties":{"id":"G01112300PJ42D_part3","floors":1,"height":3.1,"heightSource":"Catastro:numberOfFloorsAboveGround"},"geometry":{"type":"Polygon","coordinates":[[[645582.465,4824221.934],[645578.7005,4824222.442],[645579.51,4824228.42],[645583.2515,4824227.91],[645582.465,4824221.934]]]}},{"type":"Feature","properties":{"id":"G01112300PJ42D_part5","floors":2,"height":6.2,"heightSource":"Catastro:numberOfFloorsAboveGround"},"geometry":{"type":"Polygon","coordinates":[[[645577.49,4824244.7],[645576.3,4824244.86],[645576.79,4824248.59],[645577.98,4824248.43],[645577.49,4824244.7]]]}},{"type":"Feature","properties":{"id":"G01112400PJ42D_part1","floors":1,"height":3.1,"heightSource":"Catastro:numberOfFloorsAboveGround"},"geometry":{"type":"Polygon","coordinates":[[[645540.582,4824226.9635],[645540.6415,4824227.422],[645541.4965,4824234.005],[645546.575,4824233.4155],[645545.757,4824226.363],[645540.582,4824226.9635]]]}},{"type":"Feature","properties":{"id":"G01112400PJ42D_part2","floors":1,"height":3.1,"heightSource":"Catastro:numberOfFloorsAboveGround"},"geometry":{"type":"Polygon","coordinates":[[[645546.575,4824233.4155],[645541.4965,4824234.005],[645542.299,4824240.1805],[645551.1065,4824239.159],[645550.0395,4824229.9615],[645552.932,4824229.626],[645552.463,4824225.5845],[645545.757,4824226.363],[645546.575,4824233.4155]]]}},{"type":"Feature","properties":{"id":"G01112500PJ42D_part1","floors":1,"height":3.1,"heightSource":"Catastro:numberOfFloorsAboveGround"},"geometry":{"type":"Polygon","coordinates":[[[645545.3,4824244.67],[645545.08,4824241.68],[645542.5185,4824241.87],[645543.755,4824251.3895],[645547.26,4824251.13],[645546.94,4824244.55],[645545.3,4824244.67]]]}},{"type":"Feature","properties":{"id":"G01112500PJ42D_part2","floors":2,"height":6.2,"heightSource":"Catastro:numberOfFloorsAboveGround"},"geometry":{"type":"Polygon","coordinates":[[[645552.6,4824250.73],[645552.24,4824244.16],[645546.94,4824244.55],[645547.26,4824251.13],[645552.6,4824250.73]]]}},{"type":"Feature","properties":{"id":"G01112600PJ42D_part1","floors":1,"height":3.1,"heightSource":"Catastro:numberOfFloorsAboveGround"},"geometry":{"type":"Polygon","coordinates":[[[645552.84,4824273.37],[645546.7115,4824274.15],[645548.1905,4824285.535],[645554.2895,4824284.7565],[645552.84,4824273.37]]]}},{"type":"Feature","properties":{"id":"G01112700PJ42D_part1","floors":1,"height":3.1,"heightSource":"Catastro:numberOfFloorsAboveGround"},"geometry":{"type":"Polygon","coordinates":[[[645574.504,4824273.9845],[645574.81,4824276.7175],[645578.012,4824275.6575],[645577.861,4824274.309],[645574.504,4824273.9845]]]}},{"type":"Feature","properties":{"id":"G01112700PJ42D_part2","floors":2,"height":6.2,"heightSource":"Catastro:numberOfFloorsAboveGround"},"geometry":{"type":"Polygon","coordinates":[[[645585.068,4824274.868],[645585.417,4824277.988],[645586.9075,4824277.821],[645586.5585,4824274.701],[645585.068,4824274.868]]]}},{"type":"Feature","properties":{"id":"G01112700PJ42D_part3","floors":2,"height":6.2,"heightSource":"Catastro:numberOfFloorsAboveGround"},"geometry":{"type":"Polygon","coordinates":[[[645586.065,4824270.288],[645584.574,4824270.455],[645585.068,4824274.868],[645586.5585,4824274.701],[645586.065,4824270.288]]]}},{"type":"Feature","properties":{"id":"G01112700PJ42D_part4","floors":1,"height":3.1,"heightSource":"Catastro:numberOfFloorsAboveGround"},"geometry":{"type":"Polygon","coordinates":[[[645587.7155,4824265.753],[645587.3775,4824261.767],[645583.392,4824262.105],[645583.7295,4824266.0905],[645587.7155,4824265.753]]]}},{"type":"Feature","properties":{"id":"G01112700PJ42D_part5","floors":3,"height":9.3,"heightSource":"Catastro:numberOfFloorsAboveGround"},"geometry":{"type":"Polygon","coordinates":[[[645580.9935,4824275.324],[645581.3425,4824278.444],[645585.417,4824277.988],[645585.068,4824274.868],[645580.9935,4824275.324]]]}},{"type":"Feature","properties":{"id":"G01112700PJ42D_part6","floors":3,"height":9.3,"heightSource":"Catastro:numberOfFloorsAboveGround"},"geometry":{"type":"Polygon","coordinates":[[[645580.4995,4824270.911],[645580.9935,4824275.324],[645585.068,4824274.868],[645584.574,4824270.455],[645580.4995,4824270.911]]]}},{"type":"Feature","properties":{"id":"G01112700PJ42D_part7","floors":3,"height":9.3,"heightSource":"Catastro:numberOfFloorsAboveGround"},"geometry":{"type":"Polygon","coordinates":[[[645579.009,4824271.0775],[645579.5025,4824275.4905],[645580.9935,4824275.324],[645580.4995,4824270.911],[645579.009,4824271.0775]]]}},{"type":"Feature","properties":{"id":"G01112700PJ42D_part8","floors":3,"height":9.3,"heightSource":"Catastro:numberOfFloorsAboveGround"},"geometry":{"type":"Polygon","coordinates":[[[645578.012,4824275.6575],[645578.361,4824278.7775],[645581.3425,4824278.444],[645580.9935,4824275.324],[645579.5025,4824275.4905],[645578.012,4824275.6575]]]}},{"type":"Feature","properties":{"id":"G01112700PJ42D_part9","floors":3,"height":9.3,"heightSource":"Catastro:numberOfFloorsAboveGround"},"geometry":{"type":"Polygon","coordinates":[[[645577.518,4824271.2445],[645577.861,4824274.309],[645578.012,4824275.6575],[645579.5025,4824275.4905],[645579.009,4824271.0775],[645577.518,4824271.2445]]]}},{"type":"Feature","properties":{"id":"G01112800PJ42D_part5","floors":2,"height":6.2,"heightSource":"Catastro:numberOfFloorsAboveGround"},"geometry":{"type":"Polygon","coordinates":[[[645578.14,4824287.76],[645577.75,4824287.81],[645578.12,4824290.9],[645578.51,4824290.86],[645578.75,4824292.84],[645587.07,4824291.86],[645586.84,4824289.87],[645587.24,4824289.82],[645586.87,4824286.73],[645586.48,4824286.77],[645586.24,4824284.79],[645577.91,4824285.77],[645578.14,4824287.76]]]}},{"type":"Feature","properties":{"id":"G01112900PJ42D_part1","floors":1,"height":3.1,"heightSource":"Catastro:numberOfFloorsAboveGround"},"geometry":{"type":"Polygon","coordinates":[[[645448.78325,4824318.9253],[645447.68195,4824319.0642],[645447.9507,4824321.19465],[645449.052,4824321.05575],[645448.78325,4824318.9253]]]}},{"type":"Feature","properties":{"id":"G01112900PJ42D_part2","floors":2,"height":6.2,"heightSource":"Catastro:numberOfFloorsAboveGround"},"geometry":{"type":"Polygon","coordinates":[[[645450.8983,4824323.54695],[645451.70205,4824323.44555],[645451.09505,4824318.63375],[645450.7008,4824315.50845],[645448.389,4824315.80005],[645448.78325,4824318.9253],[645450.2913,4824318.7351],[645450.8983,4824323.54695]]]}},{"type":"Feature","properties":{"id":"G01112900PJ42D_part3","floors":2,"height":6.2,"heightSource":"Catastro:numberOfFloorsAboveGround"},"geometry":{"type":"Polygon","coordinates":[[[645448.78325,4824318.9253],[645449.39025,4824323.73715],[645450.8983,4824323.54695],[645450.2913,4824318.7351],[645448.78325,4824318.9253]]]}},{"type":"Feature","properties":{"id":"G01112900PJ42D_part4","floors":3,"height":9.3,"heightSource":"Catastro:numberOfFloorsAboveGround"},"geometry":{"type":"Polygon","coordinates":[[[645452.2756,4824318.4849],[645451.09505,4824318.63375],[645451.70205,4824323.44555],[645452.88235,4824323.29665],[645452.2756,4824318.4849]]]}},{"type":"Feature","properties":{"id":"G01112900PJ42D_part5","floors":3,"height":9.3,"heightSource":"Catastro:numberOfFloorsAboveGround"},"geometry":{"type":"Polygon","coordinates":[[[645456.4147,4824322.85105],[645455.41345,4824314.91395],[645450.7008,4824315.50845],[645451.09505,4824318.63375],[645452.2756,4824318.4849],[645452.88235,4824323.29665],[645456.4147,4824322.85105]]]}},{"type":"Feature","properties":{"id":"G01112900PJ42D_part6","floors":2,"height":6.2,"heightSource":"Catastro:numberOfFloorsAboveGround"},"geometry":{"type":"Polygon","coordinates":[[[645458.7461,4824322.55695],[645457.74485,4824314.61985],[645455.41345,4824314.91395],[645456.4147,4824322.85105],[645458.7461,4824322.55695]]]}},{"type":"Feature","properties":{"id":"G01112900PJ42D_part7","floors":2,"height":6.2,"heightSource":"Catastro:numberOfFloorsAboveGround"},"geometry":{"type":"Polygon","coordinates":[[[645447.9507,4824321.19465],[645448.28895,4824323.87605],[645449.39025,4824323.73715],[645449.052,4824321.05575],[645447.9507,4824321.19465]]]}},{"type":"Feature","properties":{"id":"G01113000PJ42D_part1","floors":3,"height":9.3,"heightSource":"Catastro:numberOfFloorsAboveGround"},"geometry":{"type":"Polygon","coordinates":[[[645418.10405,4824320.3513],[645418.7523,4824328.325],[645425.2514,4824327.79665],[645424.6031,4824319.82295],[645418.10405,4824320.3513]]]}},{"type":"Feature","properties":{"id":"G01113000PJ42D_part2","floors":1,"height":3.1,"heightSource":"Catastro:numberOfFloorsAboveGround"},"geometry":{"type":"Polygon","coordinates":[[[645415.84565,4824324.3475],[645416.186,4824328.53365],[645417.2525,4824328.44695],[645416.91215,4824324.26075],[645415.84565,4824324.3475]]]}},{"type":"Feature","properties":{"id":"G01113000PJ42D_part3","floors":1,"height":3.1,"heightSource":"Catastro:numberOfFloorsAboveGround"},"geometry":{"type":"Polygon","coordinates":[[[645416.91215,4824324.26075],[645417.2525,4824328.44695],[645417.41165,4824328.434],[645418.7523,4824328.325],[645418.41195,4824324.1388],[645416.91215,4824324.26075]]]}},{"type":"Feature","properties":{"id":"G01113000PJ42D_part4","floors":2,"height":6.2,"heightSource":"Catastro:numberOfFloorsAboveGround"},"geometry":{"type":"Polygon","coordinates":[[[645418.10405,4824320.3513],[645416.60425,4824320.47325],[645416.91215,4824324.26075],[645418.41195,4824324.1388],[645418.10405,4824320.3513]]]}},{"type":"Feature","properties":{"id":"G01113000PJ42D_part5","floors":2,"height":6.2,"heightSource":"Catastro:numberOfFloorsAboveGround"},"geometry":{"type":"Polygon","coordinates":[[[645426.7512,4824327.6747],[645426.1029,4824319.701],[645424.6031,4824319.82295],[645425.2514,4824327.79665],[645426.7512,4824327.6747]]]}},{"type":"Feature","properties":{"id":"G01113200PJ42D_part1","floors":2,"height":6.2,"heightSource":"Catastro:numberOfFloorsAboveGround"},"geometry":{"type":"Polygon","coordinates":[[[645385.87015,4824385.4113],[645394.40525,4824384.9063],[645393.95865,4824377.3595],[645385.4236,4824377.8645],[645385.87015,4824385.4113]]]}},{"type":"Feature","properties":{"id":"G01113200PJ42D_part2","floors":1,"height":3.1,"heightSource":"Catastro:numberOfFloorsAboveGround"},"geometry":{"type":"Polygon","coordinates":[[[645376.53905,4824386.6271],[645371.4079,4824387.20655],[645372.198,4824391.9355],[645372.228,4824392.1155],[645377.0938,4824391.566],[645376.53905,4824386.6271]]]}},{"type":"Feature","properties":{"id":"G01113200PJ42D_part3","floors":1,"height":3.1,"heightSource":"Catastro:numberOfFloorsAboveGround"},"geometry":{"type":"Polygon","coordinates":[[[645384.5408,4824380.71945],[645385.58885,4824380.65745],[645385.4236,4824377.8645],[645386.90115,4824377.7771],[645386.83915,4824376.72895],[645384.31355,4824376.87835],[645384.37555,4824377.9265],[645384.5408,4824380.71945]]]}},{"type":"Feature","properties":{"id":"G01113200PJ42D_part4","floors":2,"height":6.2,"heightSource":"Catastro:numberOfFloorsAboveGround"},"geometry":{"type":"Polygon","coordinates":[[[645384.5408,4824380.71945],[645384.61945,4824382.04925],[645384.822,4824385.4733],[645385.87015,4824385.4113],[645385.66755,4824381.98725],[645385.58885,4824380.65745],[645384.5408,4824380.71945]]]}},{"type":"Feature","properties":{"id":"G01113300PJ42D_part1","floors":1,"height":3.1,"heightSource":"Catastro:numberOfFloorsAboveGround"},"geometry":{"type":"Polygon","coordinates":[[[645387.84365,4824428.3331],[645387.90775,4824430.83225],[645396.94475,4824430.60055],[645396.88065,4824428.1014],[645387.84365,4824428.3331]]]}},{"type":"Feature","properties":{"id":"G01113300PJ42D_part2","floors":1,"height":3.1,"heightSource":"Catastro:numberOfFloorsAboveGround"},"geometry":{"type":"Polygon","coordinates":[[[645381.25355,4824428.9217],[645376.0213,4824429.24725],[645376.5575,4824435.2255],[645381.6261,4824434.91015],[645381.25355,4824428.9217]]]}},{"type":"Feature","properties":{"id":"G01113300PJ42D_part3","floors":1,"height":3.1,"heightSource":"Catastro:numberOfFloorsAboveGround"},"geometry":{"type":"Polygon","coordinates":[[[645397.75735,4824427.1786],[645397.64685,4824422.87],[645396.74715,4824422.89305],[645396.8576,4824427.20165],[645397.75735,4824427.1786]]]}},{"type":"Feature","properties":{"id":"G01113300PJ42D_part4","floors":2,"height":6.2,"heightSource":"Catastro:numberOfFloorsAboveGround"},"geometry":{"type":"Polygon","coordinates":[[[645396.7264,4824422.08335],[645387.68935,4824422.31505],[645387.84365,4824428.3331],[645396.88065,4824428.1014],[645396.8576,4824427.20165],[645396.74715,4824422.89305],[645396.7264,4824422.08335]]]}},{"type":"Feature","properties":{"id":"G01113300PJ42D_part5","floors":1,"height":3.1,"heightSource":"Catastro:numberOfFloorsAboveGround"},"geometry":{"type":"Polygon","coordinates":[[[645396.7264,4824422.08335],[645396.6759,4824420.114],[645394.2667,4824420.17575],[645394.3172,4824422.1451],[645396.7264,4824422.08335]]]}},{"type":"Feature","properties":{"id":"G01113300PJ42D_part6","floors":1,"height":3.1,"heightSource":"Catastro:numberOfFloorsAboveGround"},"geometry":{"type":"Polygon","coordinates":[[[645387.63885,4824420.3457],[645387.68935,4824422.31505],[645394.3172,4824422.1451],[645394.2667,4824420.17575],[645387.63885,4824420.3457]]]}},{"type":"Feature","properties":{"id":"G01113400PJ42D_part1","floors":2,"height":6.2,"heightSource":"Catastro:numberOfFloorsAboveGround"},"geometry":{"type":"Polygon","coordinates":[[[645401.1355,4824526.41925],[645400.90835,4824523.4178],[645406.19325,4824523.0179],[645404.9829,4824507.0236],[645393.41595,4824507.89895],[645394.85345,4824526.89465],[645401.1355,4824526.41925]]]}},{"type":"Feature","properties":{"id":"G01113400PJ42D_part2","floors":1,"height":3.1,"heightSource":"Catastro:numberOfFloorsAboveGround"},"geometry":{"type":"Polygon","coordinates":[[[645405.90275,4824519.17925],[645407.63835,4824517.9949],[645407.41575,4824515.0533],[645405.5217,4824514.14365],[645405.90275,4824519.17925]]]}},{"type":"Feature","properties":{"id":"G01113700PJ42D_part1","floors":2,"height":6.2,"heightSource":"Catastro:numberOfFloorsAboveGround"},"geometry":{"type":"Polygon","coordinates":[[[645555.1937,4824647.18165],[645555.3651,4824649.1743],[645557.6566,4824648.97715],[645557.4852,4824646.98455],[645555.1937,4824647.18165]]]}},{"type":"Feature","properties":{"id":"G01113700PJ42D_part2","floors":3,"height":9.3,"heightSource":"Catastro:numberOfFloorsAboveGround"},"geometry":{"type":"Polygon","coordinates":[[[645550.4308,4824641.519],[645550.44365,4824641.66845],[645551.9381,4824641.5399],[645552.1738,4824644.2798],[645550.67935,4824644.40835],[645550.6922,4824644.5578],[645550.86365,4824646.55045],[645550.8765,4824646.6999],[645552.37095,4824646.57135],[645552.6152,4824649.41085],[645555.3651,4824649.1743],[645555.1937,4824647.18165],[645557.4852,4824646.98455],[645557.41235,4824646.1377],[645558.90685,4824646.00915],[645558.894,4824645.8597],[645558.7226,4824643.86705],[645558.70975,4824643.7176],[645557.21525,4824643.84615],[645556.97955,4824641.1062],[645558.474,4824640.97765],[645558.46115,4824640.8282],[645558.28975,4824638.83555],[645558.2769,4824638.6861],[645556.78245,4824638.81465],[645556.5382,4824635.97515],[645551.49675,4824636.40885],[645551.741,4824639.24835],[645550.24655,4824639.3769],[645550.2594,4824639.52635],[645550.4308,4824641.519]]]}},{"type":"Feature","properties":{"id":"G01113700PJ42D_part3","floors":2,"height":6.2,"heightSource":"Catastro:numberOfFloorsAboveGround"},"geometry":{"type":"Polygon","coordinates":[[[645558.03265,4824635.8466],[645556.5382,4824635.97515],[645556.78245,4824638.81465],[645558.2769,4824638.6861],[645558.03265,4824635.8466]]]}},{"type":"Feature","properties":{"id":"G01113700PJ42D_part4","floors":2,"height":6.2,"heightSource":"Catastro:numberOfFloorsAboveGround"},"geometry":{"type":"Polygon","coordinates":[[[645551.49675,4824636.40885],[645550.0023,4824636.5374],[645550.24655,4824639.3769],[645551.741,4824639.24835],[645551.49675,4824636.40885]]]}},{"type":"Feature","properties":{"id":"G01113700PJ42D_part5","floors":2,"height":6.2,"heightSource":"Catastro:numberOfFloorsAboveGround"},"geometry":{"type":"Polygon","coordinates":[[[645558.474,4824640.97765],[645556.97955,4824641.1062],[645557.21525,4824643.84615],[645558.70975,4824643.7176],[645558.474,4824640.97765]]]}},{"type":"Feature","properties":{"id":"G01113700PJ42D_part6","floors":2,"height":6.2,"heightSource":"Catastro:numberOfFloorsAboveGround"},"geometry":{"type":"Polygon","coordinates":[[[645551.9381,4824641.5399],[645550.44365,4824641.66845],[645550.67935,4824644.40835],[645552.1738,4824644.2798],[645551.9381,4824641.5399]]]}},{"type":"Feature","properties":{"id":"G01113700PJ42D_part8","floors":2,"height":6.2,"heightSource":"Catastro:numberOfFloorsAboveGround"},"geometry":{"type":"Polygon","coordinates":[[[645550.8765,4824646.6999],[645551.12075,4824649.5394],[645552.6152,4824649.41085],[645552.37095,4824646.57135],[645550.8765,4824646.6999]]]}},{"type":"Feature","properties":{"id":"G01113700PJ42D_part10","floors":2,"height":6.2,"heightSource":"Catastro:numberOfFloorsAboveGround"},"geometry":{"type":"Polygon","coordinates":[[[645559.1511,4824648.8486],[645558.9797,4824646.856],[645557.4852,4824646.98455],[645557.6566,4824648.97715],[645559.1511,4824648.8486]]]}},{"type":"Feature","properties":{"id":"G01113800PJ42D_part1","floors":1,"height":3.1,"heightSource":"Catastro:numberOfFloorsAboveGround"},"geometry":{"type":"Polygon","coordinates":[[[645361.07345,4824748.0615],[645362.35615,4824748.2732],[645362.69805,4824746.2012],[645361.4154,4824745.98955],[645361.07345,4824748.0615]]]}},{"type":"Feature","properties":{"id":"G01113800PJ42D_part2","floors":2,"height":6.2,"heightSource":"Catastro:numberOfFloorsAboveGround"},"geometry":{"type":"Polygon","coordinates":[[[645355.8061,4824738.8308],[645354.64185,4824738.6387],[645354.2279,4824741.14715],[645355.39215,4824741.33925],[645355.8061,4824738.8308]]]}},{"type":"Feature","properties":{"id":"G01113800PJ42D_part3","floors":1,"height":3.1,"heightSource":"Catastro:numberOfFloorsAboveGround"},"geometry":{"type":"Polygon","coordinates":[[[645353.81965,4824743.6212],[645353.64055,4824744.7066],[645360.113,4824745.77465],[645360.2921,4824744.6893],[645354.9839,4824743.81335],[645355.39215,4824741.33925],[645354.2279,4824741.14715],[645353.81965,4824743.6212]]]}},{"type":"Feature","properties":{"id":"G01113800PJ42D_part4","floors":3,"height":9.3,"heightSource":"Catastro:numberOfFloorsAboveGround"},"geometry":{"type":"Polygon","coordinates":[[[645358.9692,4824743.0017],[645358.73315,4824744.43205],[645362.87715,4824745.1159],[645363.1132,4824743.6855],[645358.9692,4824743.0017]]]}},{"type":"Feature","properties":{"id":"G01113800PJ42D_part5","floors":3,"height":9.3,"heightSource":"Catastro:numberOfFloorsAboveGround"},"geometry":{"type":"Polygon","coordinates":[[[645364.3832,4824735.9893],[645356.48995,4824734.6868],[645354.9839,4824743.81335],[645358.73315,4824744.43205],[645358.9692,4824743.0017],[645363.1132,4824743.6855],[645364.3832,4824735.9893]]]}},{"type":"Feature","properties":{"id":"G01113800PJ42D_part6","floors":2,"height":6.2,"heightSource":"Catastro:numberOfFloorsAboveGround"},"geometry":{"type":"Polygon","coordinates":[[[645360.113,4824745.77465],[645362.69805,4824746.2012],[645362.87715,4824745.1159],[645360.2921,4824744.6893],[645360.113,4824745.77465]]]}},{"type":"Feature","properties":{"id":"G01113900PJ42D_part1","floors":1,"height":3.1,"heightSource":"Catastro:numberOfFloorsAboveGround"},"geometry":{"type":"Polygon","coordinates":[[[645332.87615,4824746.0628],[645332.115,4824749.9897],[645334.07925,4824750.3662],[645334.8396,4824746.4434],[645332.87615,4824746.0628]]]}},{"type":"Feature","properties":{"id":"G01113900PJ42D_part2","floors":1,"height":3.1,"heightSource":"Catastro:numberOfFloorsAboveGround"},"geometry":{"type":"Polygon","coordinates":[[[645327.0177,4824736.4017],[645327.49845,4824732.9652],[645326.29025,4824732.79615],[645325.1315,4824732.63405],[645324.65075,4824736.0706],[645324.4914,4824737.2095],[645325.65015,4824737.3716],[645325.8095,4824736.2327],[645327.0177,4824736.4017]]]}},{"type":"Feature","properties":{"id":"G01113900PJ42D_part3","floors":1,"height":3.1,"heightSource":"Catastro:numberOfFloorsAboveGround"},"geometry":{"type":"Polygon","coordinates":[[[645325.30655,4824739.8277],[645332.23905,4824740.79755],[645333.22275,4824733.766],[645327.49845,4824732.9652],[645327.0177,4824736.4017],[645325.8095,4824736.2327],[645325.30655,4824739.8277]]]}},{"type":"Feature","properties":{"id":"G01114000PJ42D_part1","floors":1,"height":3.1,"heightSource":"Catastro:numberOfFloorsAboveGround"},"geometry":{"type":"Polygon","coordinates":[[[645235.95895,4824692.7779],[645236.07925,4824693.9713],[645239.9894,4824693.57715],[645239.8691,4824692.38375],[645235.95895,4824692.7779]]]}},{"type":"Feature","properties":{"id":"G01114000PJ42D_part2","floors":1,"height":3.1,"heightSource":"Catastro:numberOfFloorsAboveGround"},"geometry":{"type":"Polygon","coordinates":[[[645238.7701,4824699.22845],[645240.5411,4824699.04995],[645240.43115,4824697.45295],[645244.5296,4824697.0398],[645244.0181,4824691.9655],[645239.8691,4824692.38375],[645239.9894,4824693.57715],[645236.07925,4824693.9713],[645236.47045,4824697.8522],[645238.6096,4824697.63655],[645238.7701,4824699.22845]]]}},{"type":"Feature","properties":{"id":"G01114100PJ42D_part1","floors":1,"height":3.1,"heightSource":"Catastro:numberOfFloorsAboveGround"},"geometry":{"type":"Polygon","coordinates":[[[645205.1445,4824645.1835],[645204.681,4824645.354],[645206.642,4824651.6295],[645210.93,4824650.06],[645208.9985,4824643.7665],[645205.1445,4824645.1835]]]}},{"type":"Feature","properties":{"id":"G01114100PJ42D_part2","floors":1,"height":3.1,"heightSource":"Catastro:numberOfFloorsAboveGround"},"geometry":{"type":"Polygon","coordinates":[[[645224.164,4824638.191],[645216.9685,4824640.8365],[645218.13,4824643.98],[645225.169,4824641.3905],[645224.164,4824638.191]]]}},{"type":"Feature","properties":{"id":"G01114100PJ42D_part3","floors":1,"height":3.1,"heightSource":"Catastro:numberOfFloorsAboveGround"},"geometry":{"type":"Polygon","coordinates":[[[645215.45,4824656.74],[645215.59,4824657.17],[645222.26,4824654.94],[645222.11,4824654.5],[645215.45,4824656.74]]]}},{"type":"Feature","properties":{"id":"G01114100PJ42D_part4","floors":2,"height":6.2,"heightSource":"Catastro:numberOfFloorsAboveGround"},"geometry":{"type":"Polygon","coordinates":[[[645213.18,4824649.99],[645215.45,4824656.74],[645222.11,4824654.5],[645219.85,4824647.75],[645213.18,4824649.99]]]}},{"type":"Feature","properties":{"id":"G01114100PJ42D_part5","floors":1,"height":3.1,"heightSource":"Catastro:numberOfFloorsAboveGround"},"geometry":{"type":"Polygon","coordinates":[[[645219.7,4824647.32],[645213.04,4824649.56],[645213.18,4824649.99],[645219.85,4824647.75],[645219.7,4824647.32]]]}},{"type":"Feature","properties":{"id":"G01114200PJ42D_part1","floors":1,"height":3.1,"heightSource":"Catastro:numberOfFloorsAboveGround"},"geometry":{"type":"Polygon","coordinates":[[[645124.29,4824645.85],[645128.48,4824657.39],[645129.87,4824656.89],[645125.63,4824645.36],[645124.29,4824645.85]]]}},{"type":"Feature","properties":{"id":"G01114200PJ42D_part2","floors":1,"height":3.1,"heightSource":"Catastro:numberOfFloorsAboveGround"},"geometry":{"type":"Polygon","coordinates":[[[645141.74,4824652.2505],[645141.31,4824637.25],[645137.8495,4824637.674],[645134.25,4824638.85],[645134.49,4824639.5],[645135.33,4824641.84],[645139.52,4824653.38],[645141.736,4824652.56],[645141.74,4824652.2505]]]}},{"type":"Feature","properties":{"id":"G01114200PJ42D_part3","floors":2,"height":6.2,"heightSource":"Catastro:numberOfFloorsAboveGround"},"geometry":{"type":"Polygon","coordinates":[[[645133.45,4824642.52],[645137.67,4824654.06],[645139.52,4824653.38],[645135.33,4824641.84],[645133.45,4824642.52]]]}},{"type":"Feature","properties":{"id":"G01114200PJ42D_part4","floors":1,"height":3.1,"heightSource":"Catastro:numberOfFloorsAboveGround"},"geometry":{"type":"Polygon","coordinates":[[[645132.56,4824641.52],[645131.39,4824641.95],[645131.82,4824643.11],[645133.45,4824642.52],[645135.33,4824641.84],[645134.49,4824639.5],[645132.14,4824640.36],[645132.56,4824641.52]]]}},{"type":"Feature","properties":{"id":"G01114200PJ42D_part5","floors":3,"height":9.3,"heightSource":"Catastro:numberOfFloorsAboveGround"},"geometry":{"type":"Polygon","coordinates":[[[645126.41,4824645.07],[645130.63,4824656.61],[645137.67,4824654.06],[645133.45,4824642.52],[645131.82,4824643.11],[645129.4,4824643.99],[645126.41,4824645.07]]]}},{"type":"Feature","properties":{"id":"G01114200PJ42D_part6","floors":2,"height":6.2,"heightSource":"Catastro:numberOfFloorsAboveGround"},"geometry":{"type":"Polygon","coordinates":[[[645125.63,4824645.36],[645129.87,4824656.89],[645130.63,4824656.61],[645126.41,4824645.07],[645125.63,4824645.36]]]}},{"type":"Feature","properties":{"id":"G01114300PJ42D_part1","floors":1,"height":3.1,"heightSource":"Catastro:numberOfFloorsAboveGround"},"geometry":{"type":"Polygon","coordinates":[[[645105.50355,4824571.7541],[645102.1158,4824576.1376],[645106.2699,4824579.34805],[645109.65765,4824574.96455],[645105.50355,4824571.7541]]]}},{"type":"Feature","properties":{"id":"G01114300PJ42D_part2","floors":1,"height":3.1,"heightSource":"Catastro:numberOfFloorsAboveGround"},"geometry":{"type":"Polygon","coordinates":[[[645106.2699,4824579.34805],[645112.78965,4824584.38675],[645113.14575,4824584.66195],[645116.53345,4824580.27845],[645109.65765,4824574.96455],[645106.2699,4824579.34805]]]}},{"type":"Feature","properties":{"id":"G01118100PJ42D_part1","floors":1,"height":3.1,"heightSource":"Catastro:numberOfFloorsAboveGround"},"geometry":{"type":"Polygon","coordinates":[[[645905.0744,4824357.86495],[645905.3484,4824361.8651],[645911.82325,4824361.4216],[645911.54925,4824357.421],[645905.0744,4824357.86495]]]}},{"type":"Feature","properties":{"id":"G01118100PJ42D_part2","floors":2,"height":6.2,"heightSource":"Catastro:numberOfFloorsAboveGround"},"geometry":{"type":"Polygon","coordinates":[[[645911.54925,4824357.421],[645912.04805,4824357.3868],[645911.50275,4824349.42545],[645908.00225,4824349.6652],[645908.54755,4824357.6268],[645911.54925,4824357.421]]]}},{"type":"Feature","properties":{"id":"G01118100PJ42D_part3","floors":1,"height":3.1,"heightSource":"Catastro:numberOfFloorsAboveGround"},"geometry":{"type":"Polygon","coordinates":[[[645904.5291,4824349.9031],[645905.0744,4824357.86495],[645908.54755,4824357.6268],[645908.00225,4824349.6652],[645904.5291,4824349.9031]]]}},{"type":"Feature","properties":{"id":"G01118100PJ42D_part4","floors":1,"height":3.1,"heightSource":"Catastro:numberOfFloorsAboveGround"},"geometry":{"type":"Polygon","coordinates":[[[645913.88595,4824354.80515],[645913.50805,4824349.2881],[645911.50275,4824349.42545],[645911.88065,4824354.9425],[645913.88595,4824354.80515]]]}},{"type":"Feature","properties":{"id":"G01118600PJ42D_part1","floors":2,"height":6.2,"heightSource":"Catastro:numberOfFloorsAboveGround"},"geometry":{"type":"Polygon","coordinates":[[[645603.551,4824570.45355],[645604.00285,4824575.10165],[645602.01225,4824575.29515],[645602.4448,4824579.7442],[645610.457,4824578.96525],[645609.5726,4824569.86845],[645603.551,4824570.45355]]]}},{"type":"Feature","properties":{"id":"G01118600PJ42D_part2","floors":2,"height":6.2,"heightSource":"Catastro:numberOfFloorsAboveGround"},"geometry":{"type":"Polygon","coordinates":[[[645604.00285,4824575.10165],[645603.551,4824570.45355],[645602.5557,4824570.55025],[645603.0073,4824575.1984],[645604.00285,4824575.10165]]]}},{"type":"Feature","properties":{"id":"G01118600PJ42D_part3","floors":2,"height":6.2,"heightSource":"Catastro:numberOfFloorsAboveGround"},"geometry":{"type":"Polygon","coordinates":[[[645601.56035,4824570.64695],[645600.81555,4824570.7359],[645601.26575,4824575.3677],[645602.01225,4824575.29515],[645603.0073,4824575.1984],[645602.5557,4824570.55025],[645601.56035,4824570.64695]]]}},{"type":"Feature","properties":{"id":"G01120000PJ42D_part1","floors":3,"height":9.3,"heightSource":"Catastro:numberOfFloorsAboveGround"},"geometry":{"type":"Polygon","coordinates":[[[645244.6629,4824528.9319],[645242.9846,4824521.10995],[645235.16265,4824522.7882],[645236.8409,4824530.6102],[645244.6629,4824528.9319]]]}},{"type":"Feature","properties":{"id":"G01120000PJ42D_part2","floors":1,"height":3.1,"heightSource":"Catastro:numberOfFloorsAboveGround"},"geometry":{"type":"Polygon","coordinates":[[[645235.19875,4824527.7233],[645236.07355,4824531.80055],[645237.0513,4824531.59075],[645236.8409,4824530.6102],[645236.1765,4824527.51355],[645235.19875,4824527.7233]]]}},{"type":"Feature","properties":{"id":"G01121200PJ42D_part1","floors":2,"height":6.2,"heightSource":"Catastro:numberOfFloorsAboveGround"},"geometry":{"type":"Polygon","coordinates":[[[645447.6803,4824291.43575],[645443.0059,4824291.92565],[645443.38715,4824295.56365],[645448.06155,4824295.0738],[645447.6803,4824291.43575]]]}},{"type":"Feature","properties":{"id":"G01121200PJ42D_part2","floors":2,"height":6.2,"heightSource":"Catastro:numberOfFloorsAboveGround"},"geometry":{"type":"Polygon","coordinates":[[[645440.5448,4824298.75955],[645438.8938,4824298.93255],[645439.0491,4824300.4143],[645440.70005,4824300.24125],[645440.5448,4824298.75955]]]}},{"type":"Feature","properties":{"id":"G01121200PJ42D_part3","floors":2,"height":6.2,"heightSource":"Catastro:numberOfFloorsAboveGround"},"geometry":{"type":"Polygon","coordinates":[[[645448.51725,4824299.422],[645448.06155,4824295.0738],[645443.38715,4824295.56365],[645443.0059,4824291.92565],[645438.21215,4824292.42805],[645438.8938,4824298.93255],[645440.5448,4824298.75955],[645440.70005,4824300.24125],[645448.51725,4824299.422]]]}},{"type":"Feature","properties":{"id":"G01121400PJ42D_part1","floors":1,"height":3.1,"heightSource":"Catastro:numberOfFloorsAboveGround"},"geometry":{"type":"Polygon","coordinates":[[[645702.2975,4824470.8385],[645702.331,4824471.174],[645702.6045,4824473.8795],[645707.61,4824473.31],[645707.2695,4824470.2755],[645702.2975,4824470.8385]]]}},{"type":"Feature","properties":{"id":"G01121400PJ42D_part2","floors":1,"height":3.1,"heightSource":"Catastro:numberOfFloorsAboveGround"},"geometry":{"type":"Polygon","coordinates":[[[645726.4,4824485.23],[645725.29,4824474.87],[645723.77,4824475.03],[645724.51,4824481.92],[645723.9,4824481.98],[645724.27,4824485.46],[645726.4,4824485.23]]]}},{"type":"Feature","properties":{"id":"G01121400PJ42D_part3","floors":2,"height":6.2,"heightSource":"Catastro:numberOfFloorsAboveGround"},"geometry":{"type":"Polygon","coordinates":[[[645718.19,4824475.63],[645718.92,4824482.52],[645719.53,4824482.45],[645719.9,4824485.93],[645724.27,4824485.46],[645723.9,4824481.98],[645724.51,4824481.92],[645723.77,4824475.03],[645718.19,4824475.63]]]}},{"type":"Feature","properties":{"id":"G01121400PJ42D_part4","floors":1,"height":3.1,"heightSource":"Catastro:numberOfFloorsAboveGround"},"geometry":{"type":"Polygon","coordinates":[[[645715.67,4824475.9],[645716.21,4824480.95],[645717.2,4824480.84],[645717.77,4824486.15],[645719.9,4824485.93],[645719.53,4824482.45],[645718.92,4824482.52],[645718.19,4824475.63],[645715.67,4824475.9]]]}},{"type":"Feature","properties":{"id":"G01121500PJ42D_part1","floors":1,"height":3.1,"heightSource":"Catastro:numberOfFloorsAboveGround"},"geometry":{"type":"Polygon","coordinates":[[[645677.7396,4824363.3109],[645677.92115,4824365.30265],[645682.2034,4824364.9123],[645682.0218,4824362.92055],[645677.7396,4824363.3109]]]}},{"type":"Feature","properties":{"id":"G01121500PJ42D_part2","floors":1,"height":3.1,"heightSource":"Catastro:numberOfFloorsAboveGround"},"geometry":{"type":"Polygon","coordinates":[[[645687.10075,4824362.45755],[645686.3863,4824354.62005],[645685.7549,4824354.6776],[645686.4693,4824362.5151],[645687.10075,4824362.45755]]]}},{"type":"Feature","properties":{"id":"G01121500PJ42D_part3","floors":2,"height":6.2,"heightSource":"Catastro:numberOfFloorsAboveGround"},"geometry":{"type":"Polygon","coordinates":[[[645677.65655,4824355.41585],[645678.37095,4824363.25335],[645682.0218,4824362.92055],[645686.4693,4824362.5151],[645685.7549,4824354.6776],[645677.65655,4824355.41585]]]}},{"type":"Feature","properties":{"id":"G01121500PJ42D_part4","floors":1,"height":3.1,"heightSource":"Catastro:numberOfFloorsAboveGround"},"geometry":{"type":"Polygon","coordinates":[[[645677.0251,4824355.4734],[645677.7396,4824363.3109],[645678.37095,4824363.25335],[645677.65655,4824355.41585],[645677.0251,4824355.4734]]]}},{"type":"Feature","properties":{"id":"G01121600PJ42D_part1","floors":3,"height":9.3,"heightSource":"Catastro:numberOfFloorsAboveGround"},"geometry":{"type":"Polygon","coordinates":[[[645698.06885,4824364.41835],[645698.074,4824364.536],[645698.0768,4824364.565],[645698.08935,4824364.6528],[645698.11485,4824364.76775],[645698.15025,4824364.8801],[645698.1953,4824364.9889],[645698.2497,4824365.09335],[645698.313,4824365.1927],[645698.3847,4824365.2861],[645698.46425,4824365.37295],[645698.55105,4824365.4525],[645698.6445,4824365.5242],[645698.74385,4824365.5875],[645698.8483,4824365.64185],[645698.9571,4824365.68695],[645699.06945,4824365.72235],[645699.1844,4824365.74785],[645699.3012,4824365.7632],[645699.41885,4824365.76835],[645699.5365,4824365.7632],[645699.65325,4824365.74785],[645699.76825,4824365.72235],[645699.88055,4824365.68695],[645699.98935,4824365.64185],[645700.09385,4824365.5875],[645700.19315,4824365.5242],[645700.2866,4824365.4525],[645700.37345,4824365.37295],[645700.453,4824365.2861],[645700.5247,4824365.1927],[645700.58795,4824365.09335],[645700.64235,4824364.9889],[645700.6874,4824364.8801],[645700.72285,4824364.76775],[645700.74835,4824364.6528],[645700.7637,4824364.536],[645700.76885,4824364.41835],[645700.7637,4824364.3007],[645700.76085,4824364.2717],[645700.74835,4824364.18395],[645700.6359,4824363.1285],[645699.42995,4824352.0942],[645691.2785,4824352.9851],[645692.48445,4824364.0194],[645697.9567,4824363.4213],[645698.06885,4824364.41835]]]}},{"type":"Feature","properties":{"id":"G01121600PJ42D_part2","floors":2,"height":6.2,"heightSource":"Catastro:numberOfFloorsAboveGround"},"geometry":{"type":"Polygon","coordinates":[[[645700.2513,4824359.60945],[645700.6359,4824363.1285],[645701.7294,4824363.009],[645701.5673,4824361.5257],[645701.4643,4824360.58345],[645701.3448,4824359.48995],[645700.2513,4824359.60945]]]}},{"type":"Feature","properties":{"id":"G01121600PJ42D_part3","floors":1,"height":3.1,"heightSource":"Catastro:numberOfFloorsAboveGround"},"geometry":{"type":"Polygon","coordinates":[[[645701.3405,4824359.45065],[645700.8885,4824355.3148],[645699.795,4824355.4343],[645700.2513,4824359.60945],[645701.3448,4824359.48995],[645701.3405,4824359.45065]]]}},{"type":"Feature","properties":{"id":"G01122800PJ42D_part1","floors":1,"height":3.1,"heightSource":"Catastro:numberOfFloorsAboveGround"},"geometry":{"type":"Polygon","coordinates":[[[645628.43465,4824208.2118],[645622.516,4824209.1185],[645623.70805,4824216.97865],[645629.6385,4824216.07015],[645628.43465,4824208.2118]]]}},{"type":"Feature","properties":{"id":"G01122900PJ42D_part1","floors":1,"height":3.1,"heightSource":"Catastro:numberOfFloorsAboveGround"},"geometry":{"type":"Polygon","coordinates":[[[645636.1072,4824235.0964],[645635.05265,4824226.0577],[645628.5468,4824226.81675],[645629.6013,4824235.85545],[645636.1072,4824235.0964]]]}},{"type":"Feature","properties":{"id":"G01122900PJ42D_part2","floors":1,"height":3.1,"heightSource":"Catastro:numberOfFloorsAboveGround"},"geometry":{"type":"Polygon","coordinates":[[[645631.2792,4824240.45955],[645627.3521,4824241.00675],[645628.1019,4824245.9506],[645631.67625,4824245.45255],[645633.05395,4824245.26055],[645633.44495,4824245.20605],[645632.753,4824240.23865],[645631.2792,4824240.45955]]]}},{"type":"Feature","properties":{"id":"G01124900PJ42D_part1","floors":1,"height":3.1,"heightSource":"Catastro:numberOfFloorsAboveGround"},"geometry":{"type":"Polygon","coordinates":[[[645388.0375,4824366.9852],[645388.1223,4824367.9816],[645390.51365,4824367.7781],[645390.42885,4824366.7817],[645388.0375,4824366.9852]]]}},{"type":"Feature","properties":{"id":"G01124900PJ42D_part2","floors":2,"height":6.2,"heightSource":"Catastro:numberOfFloorsAboveGround"},"geometry":{"type":"Polygon","coordinates":[[[645392.26055,4824356.5896],[645390.98565,4824356.69815],[645391.4012,4824361.5805],[645392.67605,4824361.472],[645392.26055,4824356.5896]]]}},{"type":"Feature","properties":{"id":"G01124900PJ42D_part3","floors":2,"height":6.2,"heightSource":"Catastro:numberOfFloorsAboveGround"},"geometry":{"type":"Polygon","coordinates":[[[645384.50855,4824357.24935],[645385.35655,4824367.21335],[645393.10855,4824366.5536],[645392.67605,4824361.472],[645391.4012,4824361.5805],[645390.98565,4824356.69815],[645384.50855,4824357.24935]]]}},{"type":"Feature","properties":{"id":"G01124900PJ42D_part7","floors":1,"height":3.1,"heightSource":"Catastro:numberOfFloorsAboveGround"},"geometry":{"type":"Polygon","coordinates":[[[645389.49605,4824355.8213],[645387.1047,4824356.02485],[645387.1895,4824357.0212],[645389.58085,4824356.8177],[645389.49605,4824355.8213]]]}},{"type":"Feature","properties":{"id":"G01125000PJ42D_part1","floors":1,"height":3.1,"heightSource":"Catastro:numberOfFloorsAboveGround"},"geometry":{"type":"Polygon","coordinates":[[[645496.27645,4824306.91615],[645495.1202,4824300.73845],[645495.1052,4824300.7406],[645491.3207,4824301.29445],[645491.96935,4824305.72725],[645492.6026,4824305.63455],[645492.751,4824305.6128],[645493.01175,4824307.39385],[645496.27645,4824306.91615]]]}},{"type":"Feature","properties":{"id":"G01125000PJ42D_part2","floors":2,"height":6.2,"heightSource":"Catastro:numberOfFloorsAboveGround"},"geometry":{"type":"Polygon","coordinates":[[[645488.12235,4824312.10235],[645485.6685,4824312.4616],[645485.84955,4824313.69795],[645488.3034,4824313.33865],[645488.12235,4824312.10235]]]}},{"type":"Feature","properties":{"id":"G01125000PJ42D_part3","floors":2,"height":6.2,"heightSource":"Catastro:numberOfFloorsAboveGround"},"geometry":{"type":"Polygon","coordinates":[[[645493.76515,4824312.53895],[645493.01175,4824307.39385],[645492.751,4824305.6128],[645492.6026,4824305.63455],[645491.96935,4824305.72725],[645484.8354,4824306.7718],[645485.6685,4824312.4616],[645488.12235,4824312.10235],[645488.3034,4824313.33865],[645493.76515,4824312.53895]]]}},{"type":"Feature","properties":{"id":"G01125100PJ42D_part1","floors":2,"height":6.2,"heightSource":"Catastro:numberOfFloorsAboveGround"},"geometry":{"type":"Polygon","coordinates":[[[645468.98635,4824299.39275],[645477.2462,4824298.5773],[645476.54375,4824291.4619],[645468.2839,4824292.27735],[645468.98635,4824299.39275]]]}},{"type":"Feature","properties":{"id":"G01125200PJ42D_part1","floors":1,"height":3.1,"heightSource":"Catastro:numberOfFloorsAboveGround"},"geometry":{"type":"Polygon","coordinates":[[[645554.8527,4824288.97135],[645554.28995,4824284.7562],[645548.19065,4824285.53485],[645548.1986,4824285.5961],[645548.2495,4824285.98805],[645548.7419,4824289.7786],[645548.75555,4824289.88385],[645554.8703,4824289.10325],[645554.8527,4824288.97135]]]}},{"type":"Feature","properties":{"id":"G01125200PJ42D_part2","floors":1,"height":3.1,"heightSource":"Catastro:numberOfFloorsAboveGround"},"geometry":{"type":"Polygon","coordinates":[[[645561.71425,4824298.10785],[645561.92425,4824299.56785],[645563.33425,4824300.20785],[645564.02425,4824300.10785],[645563.70425,4824297.82785],[645563.40425,4824297.86785],[645561.71425,4824298.10785]]]}},{"type":"Feature","properties":{"id":"G01125200PJ42D_part3","floors":1,"height":3.1,"heightSource":"Catastro:numberOfFloorsAboveGround"},"geometry":{"type":"Polygon","coordinates":[[[645551.90425,4824291.88785],[645552.96425,4824299.31785],[645554.42425,4824299.10785],[645554.92425,4824302.61785],[645556.91425,4824302.33785],[645557.27425,4824304.88785],[645562.53425,4824304.13785],[645563.93425,4824303.21785],[645564.26425,4824301.62785],[645563.33425,4824300.20785],[645561.92425,4824299.56785],[645561.71425,4824298.10785],[645560.66425,4824290.63785],[645551.90425,4824291.88785]]]}},{"type":"Feature","properties":{"id":"G01125300PJ42D_part2","floors":1,"height":3.1,"heightSource":"Catastro:numberOfFloorsAboveGround"},"geometry":{"type":"Polygon","coordinates":[[[645682.48535,4824320.1502],[645681.2638,4824312.2066],[645678.38425,4824312.6503],[645678.22725,4824311.6476],[645677.7309,4824311.7258],[645678.33225,4824315.628],[645678.8286,4824315.5498],[645679.0214,4824316.83095],[645678.52505,4824316.90915],[645679.1084,4824320.66215],[645682.48535,4824320.1502]]]}},{"type":"Feature","properties":{"id":"G01125300PJ42D_part3","floors":1,"height":3.1,"heightSource":"Catastro:numberOfFloorsAboveGround"},"geometry":{"type":"Polygon","coordinates":[[[645672.873,4824321.6266],[645672.93705,4824321.8734],[645673.0388,4824322.07795],[645673.3476,4824322.401],[645673.7494,4824322.59855],[645673.9719,4824322.63605],[645674.242,4824322.63075],[645674.4882,4824322.5567],[645674.6928,4824322.45495],[645674.87515,4824322.3144],[645675.0258,4824322.1456],[645675.1454,4824321.95855],[645675.2234,4824321.7438],[645675.25085,4824321.52185],[645675.23615,4824321.2623],[645672.873,4824321.6266]]]}},{"type":"Feature","properties":{"id":"G01125300PJ42D_part4","floors":1,"height":3.1,"heightSource":"Catastro:numberOfFloorsAboveGround"},"geometry":{"type":"Polygon","coordinates":[[[645673.34375,4824310.6724],[645671.25845,4824310.99095],[645671.5144,4824312.67915],[645673.5997,4824312.36065],[645673.34375,4824310.6724]]]}},{"type":"Feature","properties":{"id":"G01125300PJ42D_part6","floors":2,"height":6.2,"heightSource":"Catastro:numberOfFloorsAboveGround"},"geometry":{"type":"Polygon","coordinates":[[[645668.3826,4824317.1536],[645667.89625,4824317.23125],[645668.08905,4824318.5124],[645668.58545,4824318.43415],[645669.15935,4824322.1977],[645672.873,4824321.6266],[645675.23615,4824321.2623],[645679.1084,4824320.66215],[645678.52505,4824316.90915],[645679.0214,4824316.83095],[645678.8286,4824315.5498],[645678.33225,4824315.628],[645677.7309,4824311.7258],[645673.5997,4824312.36065],[645673.9484,4824314.62455],[645668.14005,4824315.5247],[645668.3826,4824317.1536]]]}},{"type":"Feature","properties":{"id":"G01125300PJ42D_part7","floors":2,"height":6.2,"heightSource":"Catastro:numberOfFloorsAboveGround"},"geometry":{"type":"Polygon","coordinates":[[[645667.7908,4824313.25085],[645668.14005,4824315.5247],[645673.9484,4824314.62455],[645673.5997,4824312.36065],[645671.5144,4824312.67915],[645667.7908,4824313.25085]]]}},{"type":"Feature","properties":{"id":"G01125400PJ42D_part1","floors":1,"height":3.1,"heightSource":"Catastro:numberOfFloorsAboveGround"},"geometry":{"type":"Polygon","coordinates":[[[645707.58195,4824490.30565],[645704.2988,4824490.65005],[645704.66465,4824494.27115],[645710.47505,4824493.68415],[645710.107,4824490.0408],[645707.58195,4824490.30565]]]}},{"type":"Feature","properties":{"id":"G01125400PJ42D_part4","floors":2,"height":6.2,"heightSource":"Catastro:numberOfFloorsAboveGround"},"geometry":{"type":"Polygon","coordinates":[[[645718.1144,4824496.1526],[645717.1159,4824496.20725],[645717.5585,4824504.29765],[645718.557,4824504.24305],[645718.58425,4824504.74185],[645726.17295,4824504.3267],[645726.1457,4824503.8288],[645727.1442,4824503.77415],[645726.9475,4824500.1782],[645725.94945,4824500.2328],[645725.7036,4824495.73925],[645725.6763,4824495.24025],[645718.0872,4824495.6554],[645718.1144,4824496.1526]]]}},{"type":"Feature","properties":{"id":"G01125400PJ42D_part6","floors":2,"height":6.2,"heightSource":"Catastro:numberOfFloorsAboveGround"},"geometry":{"type":"Polygon","coordinates":[[[645725.7036,4824495.73925],[645725.94945,4824500.2328],[645726.9475,4824500.1782],[645726.70165,4824495.6846],[645725.7036,4824495.73925]]]}},{"type":"Feature","properties":{"id":"G01125600PJ42D_part1","floors":2,"height":6.2,"heightSource":"Catastro:numberOfFloorsAboveGround"},"geometry":{"type":"Polygon","coordinates":[[[645597.4364,4824533.7535],[645597.58485,4824535.74785],[645601.524,4824535.45455],[645601.37575,4824533.46385],[645597.4364,4824533.7535]]]}},{"type":"Feature","properties":{"id":"G01125600PJ42D_part2","floors":1,"height":3.1,"heightSource":"Catastro:numberOfFloorsAboveGround"},"geometry":{"type":"Polygon","coordinates":[[[645597.99545,4824541.2628],[645597.4364,4824533.7535],[645596.4431,4824533.8265],[645597.00215,4824541.33585],[645597.99545,4824541.2628]]]}},{"type":"Feature","properties":{"id":"G01125600PJ42D_part3","floors":1,"height":3.1,"heightSource":"Catastro:numberOfFloorsAboveGround"},"geometry":{"type":"Polygon","coordinates":[[[645605.9634,4824533.1265],[645606.5156,4824540.6362],[645607.5089,4824540.56315],[645606.95675,4824533.05345],[645605.9634,4824533.1265]]]}},{"type":"Feature","properties":{"id":"G01125600PJ42D_part4","floors":2,"height":6.2,"heightSource":"Catastro:numberOfFloorsAboveGround"},"geometry":{"type":"Polygon","coordinates":[[[645601.524,4824535.45455],[645597.58485,4824535.74785],[645597.99545,4824541.2628],[645603.5037,4824540.8577],[645606.5156,4824540.6362],[645605.9634,4824533.1265],[645601.37575,4824533.46385],[645601.524,4824535.45455]]]}},{"type":"Feature","properties":{"id":"G01125700PJ42D_part1","floors":1,"height":3.1,"heightSource":"Catastro:numberOfFloorsAboveGround"},"geometry":{"type":"Polygon","coordinates":[[[645606.56175,4824561.55965],[645606.9295,4824565.34185],[645613.9959,4824564.6548],[645613.8611,4824563.2686],[645613.62815,4824560.87265],[645608.5524,4824561.36615],[645606.56175,4824561.55965]]]}},{"type":"Feature","properties":{"id":"G01125700PJ42D_part2","floors":1,"height":3.1,"heightSource":"Catastro:numberOfFloorsAboveGround"},"geometry":{"type":"Polygon","coordinates":[[[645606.6147,4824550.73375],[645602.4344,4824551.1401],[645602.54085,4824552.23495],[645603.4366,4824552.14785],[645603.52565,4824553.0636],[645606.81015,4824552.74425],[645606.6147,4824550.73375]]]}},{"type":"Feature","properties":{"id":"G01125700PJ42D_part3","floors":2,"height":6.2,"heightSource":"Catastro:numberOfFloorsAboveGround"},"geometry":{"type":"Polygon","coordinates":[[[645605.05145,4824552.91525],[645602.72905,4824553.14105],[645603.01935,4824556.12695],[645601.9494,4824556.231],[645600.561,4824556.366],[645601.11745,4824562.089],[645606.56175,4824561.55965],[645608.5524,4824561.36615],[645607.99595,4824555.64305],[645605.34175,4824555.90115],[645605.05145,4824552.91525]]]}},{"type":"Feature","properties":{"id":"G01125700PJ42D_part4","floors":1,"height":3.1,"heightSource":"Catastro:numberOfFloorsAboveGround"},"geometry":{"type":"Polygon","coordinates":[[[645607.99595,4824555.64305],[645607.70565,4824552.6572],[645605.05145,4824552.91525],[645605.34175,4824555.90115],[645607.99595,4824555.64305]]]}},{"type":"Feature","properties":{"id":"G01125700PJ42D_part5","floors":1,"height":3.1,"heightSource":"Catastro:numberOfFloorsAboveGround"},"geometry":{"type":"Polygon","coordinates":[[[645601.6591,4824553.24505],[645601.9494,4824556.231],[645603.01935,4824556.12695],[645602.72905,4824553.14105],[645601.6591,4824553.24505]]]}},{"type":"Feature","properties":{"id":"G01125700PJ42D_part6","floors":1,"height":3.1,"heightSource":"Catastro:numberOfFloorsAboveGround"},"geometry":{"type":"Polygon","coordinates":[[[645600.2707,4824553.38005],[645600.561,4824556.366],[645601.9494,4824556.231],[645601.6591,4824553.24505],[645600.2707,4824553.38005]]]}},{"type":"Feature","properties":{"id":"G01125800PJ42D_part1","floors":1,"height":3.1,"heightSource":"Catastro:numberOfFloorsAboveGround"},"geometry":{"type":"Polygon","coordinates":[[[645453.62985,4824643.37385],[645454.5125,4824652.2574],[645460.97755,4824651.61505],[645460.0949,4824642.73145],[645453.62985,4824643.37385]]]}},{"type":"Feature","properties":{"id":"G01125900PJ42D_part1","floors":1,"height":3.1,"heightSource":"Catastro:numberOfFloorsAboveGround"},"geometry":{"type":"Polygon","coordinates":[[[645827.65215,4824315.27805],[645827.66985,4824318.778],[645828.66985,4824318.77295],[645828.6521,4824315.273],[645827.65215,4824315.27805]]]}},{"type":"Feature","properties":{"id":"G01125900PJ42D_part2","floors":1,"height":3.1,"heightSource":"Catastro:numberOfFloorsAboveGround"},"geometry":{"type":"Polygon","coordinates":[[[645838.4639,4824317.57205],[645839.8139,4824317.5652],[645839.80705,4824316.2152],[645837.73705,4824316.2257],[645837.7439,4824317.5757],[645838.4639,4824317.57205]]]}},{"type":"Feature","properties":{"id":"G01125900PJ42D_part3","floors":3,"height":9.3,"heightSource":"Catastro:numberOfFloorsAboveGround"},"geometry":{"type":"Polygon","coordinates":[[[645831.1176,4824320.9954],[645834.46755,4824320.97845],[645834.45625,4824318.74365],[645836.81975,4824318.7317],[645836.802,4824315.23175],[645834.4385,4824315.2437],[645834.4266,4824312.89855],[645831.0766,4824312.9155],[645831.0885,4824315.26065],[645828.6521,4824315.273],[645828.66985,4824318.77295],[645831.10625,4824318.7606],[645831.1176,4824320.9954]]]}},{"type":"Feature","properties":{"id":"G01125900PJ42D_part4","floors":2,"height":6.2,"heightSource":"Catastro:numberOfFloorsAboveGround"},"geometry":{"type":"Polygon","coordinates":[[[645834.45625,4824318.74365],[645834.46755,4824320.97845],[645836.83105,4824320.96645],[645836.81975,4824318.7317],[645834.45625,4824318.74365]]]}},{"type":"Feature","properties":{"id":"G01125900PJ42D_part5","floors":2,"height":6.2,"heightSource":"Catastro:numberOfFloorsAboveGround"},"geometry":{"type":"Polygon","coordinates":[[[645836.79015,4824312.88655],[645834.4266,4824312.89855],[645834.4385,4824315.2437],[645836.802,4824315.23175],[645836.79015,4824312.88655]]]}},{"type":"Feature","properties":{"id":"G01125900PJ42D_part6","floors":2,"height":6.2,"heightSource":"Catastro:numberOfFloorsAboveGround"},"geometry":{"type":"Polygon","coordinates":[[[645828.66985,4824318.77295],[645828.68115,4824321.00775],[645831.1176,4824320.9954],[645831.10625,4824318.7606],[645828.66985,4824318.77295]]]}},{"type":"Feature","properties":{"id":"G01125900PJ42D_part7","floors":2,"height":6.2,"heightSource":"Catastro:numberOfFloorsAboveGround"},"geometry":{"type":"Polygon","coordinates":[[[645831.0766,4824312.9155],[645828.64025,4824312.92785],[645828.6521,4824315.273],[645831.0885,4824315.26065],[645831.0766,4824312.9155]]]}},{"type":"Feature","properties":{"id":"G01125900PJ42D_part8","floors":1,"height":3.1,"heightSource":"Catastro:numberOfFloorsAboveGround"},"geometry":{"type":"Polygon","coordinates":[[[645831.1176,4824320.9954],[645831.12265,4824321.9954],[645834.4726,4824321.9784],[645834.46755,4824320.97845],[645831.1176,4824320.9954]]]}},{"type":"Feature","properties":{"id":"G01125900PJ42D_part9","floors":1,"height":3.1,"heightSource":"Catastro:numberOfFloorsAboveGround"},"geometry":{"type":"Polygon","coordinates":[[[645834.42115,4824311.82855],[645831.0712,4824311.8455],[645831.0766,4824312.9155],[645834.4266,4824312.89855],[645834.42115,4824311.82855]]]}},{"type":"Feature","properties":{"id":"G01125900PJ42D_part10","floors":1,"height":3.1,"heightSource":"Catastro:numberOfFloorsAboveGround"},"geometry":{"type":"Polygon","coordinates":[[[645837.74975,4824318.727],[645837.732,4824315.22705],[645836.802,4824315.23175],[645836.81975,4824318.7317],[645837.74975,4824318.727]]]}},{"type":"Feature","properties":{"id":"G01127300PJ42D_part1","floors":2,"height":6.2,"heightSource":"Catastro:numberOfFloorsAboveGround"},"geometry":{"type":"Polygon","coordinates":[[[645842.0255,4824392.3945],[645842.303,4824396.4945],[645843.011,4824396.437],[645842.7205,4824392.347],[645842.0255,4824392.3945]]]}},{"type":"Feature","properties":{"id":"G01127300PJ42D_part2","floors":2,"height":6.2,"heightSource":"Catastro:numberOfFloorsAboveGround"},"geometry":{"type":"Polygon","coordinates":[[[645849.7505,4824398.717],[645847.326,4824398.881],[645847.441,4824400.577],[645849.865,4824400.413],[645849.7505,4824398.717]]]}},{"type":"Feature","properties":{"id":"G01127300PJ42D_part3","floors":3,"height":9.3,"heightSource":"Catastro:numberOfFloorsAboveGround"},"geometry":{"type":"Polygon","coordinates":[[[645854.0555,4824400.129],[645853.479,4824391.619],[645844.9255,4824392.198],[645845.5015,4824400.7085],[645847.441,4824400.577],[645847.326,4824398.881],[645849.7505,4824398.717],[645849.865,4824400.413],[645854.0555,4824400.129]]]}},{"type":"Feature","properties":{"id":"G01127300PJ42D_part4","floors":2,"height":6.2,"heightSource":"Catastro:numberOfFloorsAboveGround"},"geometry":{"type":"Polygon","coordinates":[[[645843.011,4824396.437],[645842.303,4824396.4945],[645842.6015,4824400.905],[645845.5015,4824400.7085],[645844.9255,4824392.198],[645842.7205,4824392.347],[645843.011,4824396.437]]]}},{"type":"Feature","properties":{"id":"G01127700PJ42D_part2","floors":1,"height":3.1,"heightSource":"Catastro:numberOfFloorsAboveGround"},"geometry":{"type":"Polygon","coordinates":[[[645764.7419,4824480.3191],[645759.37985,4824480.8886],[645759.61,4824482.55],[645761.09,4824482.34],[645762.52,4824492.64],[645766.37745,4824492.11035],[645764.7419,4824480.3191]]]}},{"type":"Feature","properties":{"id":"G01127700PJ42D_part3","floors":3,"height":9.3,"heightSource":"Catastro:numberOfFloorsAboveGround"},"geometry":{"type":"Polygon","coordinates":[[[645754.33285,4824498.5307],[645752.8373,4824498.6445],[645752.9511,4824500.1402],[645753.9482,4824500.06435],[645754.02405,4824501.06145],[645754.5225,4824501.0235],[645754.33285,4824498.5307]]]}},{"type":"Feature","properties":{"id":"G01127700PJ42D_part4","floors":3,"height":9.3,"heightSource":"Catastro:numberOfFloorsAboveGround"},"geometry":{"type":"Polygon","coordinates":[[[645761.5723,4824500.4871],[645761.4964,4824499.49],[645762.4935,4824499.41415],[645762.05345,4824493.63085],[645761.05635,4824493.7067],[645760.98045,4824492.7096],[645758.6173,4824492.8894],[645758.42915,4824490.41655],[645755.5674,4824490.6343],[645755.7556,4824493.10715],[645753.4323,4824493.28395],[645753.50815,4824494.28105],[645752.51105,4824494.3569],[645752.8373,4824498.6445],[645754.33285,4824498.5307],[645754.5225,4824501.0235],[645761.5723,4824500.4871]]]}},{"type":"Feature","properties":{"id":"G01127700PJ42D_part5","floors":1,"height":3.1,"heightSource":"Catastro:numberOfFloorsAboveGround"},"geometry":{"type":"Polygon","coordinates":[[[645756.79495,4824500.8506],[645756.8708,4824501.84775],[645758.86505,4824501.696],[645758.78915,4824500.69885],[645756.79495,4824500.8506]]]}},{"type":"Feature","properties":{"id":"G01127900PJ42D_part1","floors":2,"height":6.2,"heightSource":"Catastro:numberOfFloorsAboveGround"},"geometry":{"type":"Polygon","coordinates":[[[645569.7424,4824212.1799],[645570.66235,4824220.62995],[645578.61535,4824219.7641],[645577.6954,4824211.31405],[645569.7424,4824212.1799]]]}},{"type":"Feature","properties":{"id":"G01128000PJ42D_part1","floors":1,"height":3.1,"heightSource":"Catastro:numberOfFloorsAboveGround"},"geometry":{"type":"Polygon","coordinates":[[[645471.172,4824313.4799],[645471.822,4824318.4299],[645472.772,4824318.3099],[645472.662,4824317.4699],[645472.112,4824313.3499],[645471.172,4824313.4799]]]}},{"type":"Feature","properties":{"id":"G01128000PJ42D_part2","floors":2,"height":6.2,"heightSource":"Catastro:numberOfFloorsAboveGround"},"geometry":{"type":"Polygon","coordinates":[[[645480.592,4824316.4199],[645479.612,4824308.9899],[645471.682,4824310.0299],[645472.112,4824313.3499],[645472.662,4824317.4699],[645480.592,4824316.4199]]]}},{"type":"Feature","properties":{"id":"G01129000PJ42D_part1","floors":3,"height":9.3,"heightSource":"Catastro:numberOfFloorsAboveGround"},"geometry":{"type":"Polygon","coordinates":[[[645827.98905,4824559.1888],[645838.96955,4824558.3593],[645838.40955,4824550.0388],[645833.88955,4824550.3788],[645833.9948,4824552.0274],[645827.54315,4824552.5175],[645827.55905,4824552.7488],[645827.98905,4824559.1888]]]}},{"type":"Feature","properties":{"id":"G01129000PJ42D_part2","floors":1,"height":3.1,"heightSource":"Catastro:numberOfFloorsAboveGround"},"geometry":{"type":"Polygon","coordinates":[[[645814.4,4824531.45],[645813.87,4824522.97],[645809.2768,4824523.2502],[645809.35805,4824524.5317],[645809.56645,4824527.8186],[645809.75425,4824530.7803],[645809.8151,4824531.7397],[645814.4,4824531.45]]]}},{"type":"Feature","properties":{"id":"G01129000PJ42D_part3","floors":1,"height":3.1,"heightSource":"Catastro:numberOfFloorsAboveGround"},"geometry":{"type":"Polygon","coordinates":[[[645833.79955,4824549.0888],[645831.52955,4824549.2588],[645831.61955,4824550.5488],[645827.42905,4824550.8588],[645827.54315,4824552.5175],[645833.9948,4824552.0274],[645833.88955,4824550.3788],[645833.79955,4824549.0888]]]}},{"type":"Feature","properties":{"id":"G01129100PJ42D_part1","floors":3,"height":9.3,"heightSource":"Catastro:numberOfFloorsAboveGround"},"geometry":{"type":"Polygon","coordinates":[[[645878.75,4824592.38],[645878.05,4824584.07],[645867.07,4824584.91],[645867.63,4824591.57],[645874.09,4824591.08],[645874.23,4824592.73],[645878.75,4824592.38]]]}},{"type":"Feature","properties":{"id":"G01129100PJ42D_part2","floors":1,"height":3.1,"heightSource":"Catastro:numberOfFloorsAboveGround"},"geometry":{"type":"Polygon","coordinates":[[[645874.09,4824591.08],[645867.63,4824591.57],[645867.79,4824593.51],[645871.98,4824593.18],[645872.12,4824594.82],[645874.39,4824594.64],[645874.23,4824592.73],[645874.09,4824591.08]]]}},{"type":"Feature","properties":{"id":"G01129200PJ42D_part1","floors":3,"height":9.3,"heightSource":"Catastro:numberOfFloorsAboveGround"},"geometry":{"type":"Polygon","coordinates":[[[645854.0764,4824594.39915],[645853.3767,4824586.0892],[645842.39655,4824586.9232],[645842.9415,4824593.35445],[645842.9606,4824593.58555],[645849.4125,4824593.09825],[645849.55675,4824594.74385],[645854.0764,4824594.39915]]]}},{"type":"Feature","properties":{"id":"G01129200PJ42D_part2","floors":1,"height":3.1,"heightSource":"Catastro:numberOfFloorsAboveGround"},"geometry":{"type":"Polygon","coordinates":[[[645849.4125,4824593.09825],[645842.9606,4824593.58555],[645843.0977,4824595.2425],[645847.28705,4824594.91775],[645847.3924,4824596.2066],[645849.6621,4824596.0327],[645849.55675,4824594.74385],[645849.4125,4824593.09825]]]}},{"type":"Feature","properties":{"id":"G01129300PJ42D_part1","floors":1,"height":3.1,"heightSource":"Catastro:numberOfFloorsAboveGround"},"geometry":{"type":"Polygon","coordinates":[[[645852.8676,4824549.00395],[645852.98165,4824550.66265],[645859.4333,4824550.17255],[645859.32805,4824548.52395],[645859.23805,4824547.23395],[645856.96805,4824547.40395],[645857.0581,4824548.69395],[645852.8676,4824549.00395]]]}},{"type":"Feature","properties":{"id":"G01129300PJ42D_part2","floors":3,"height":9.3,"heightSource":"Catastro:numberOfFloorsAboveGround"},"geometry":{"type":"Polygon","coordinates":[[[645859.4333,4824550.17255],[645852.98165,4824550.66265],[645852.9976,4824550.89395],[645853.4276,4824557.33395],[645864.4081,4824556.50445],[645863.8481,4824548.18395],[645859.32805,4824548.52395],[645859.4333,4824550.17255]]]}},{"type":"Feature","properties":{"id":"G01131800PJ42D_part1","floors":2,"height":6.2,"heightSource":"Catastro:numberOfFloorsAboveGround"},"geometry":{"type":"Polygon","coordinates":[[[645209.8545,4824587.8535],[645210.2945,4824589.8035],[645211.485,4824589.5335],[645212.105,4824589.384],[645211.655,4824587.4335],[645210.495,4824587.7035],[645209.8545,4824587.8535]]]}},{"type":"Feature","properties":{"id":"G01131800PJ42D_part2","floors":3,"height":9.3,"heightSource":"Catastro:numberOfFloorsAboveGround"},"geometry":{"type":"Polygon","coordinates":[[[645207.1245,4824596.9935],[645209.4445,4824596.4535],[645211.7145,4824595.934],[645211.2745,4824593.9935],[645212.445,4824593.724],[645211.635,4824590.2035],[645210.4545,4824590.4735],[645210.2945,4824589.8035],[645209.8545,4824587.8535],[645207.7245,4824588.3435],[645205.2845,4824588.9035],[645207.1245,4824596.9935]]]}},{"type":"Feature","properties":{"id":"G01131800PJ42D_part3","floors":2,"height":6.2,"heightSource":"Catastro:numberOfFloorsAboveGround"},"geometry":{"type":"Polygon","coordinates":[[[645212.445,4824593.724],[645211.2745,4824593.9935],[645211.7145,4824595.934],[645213.515,4824595.524],[645212.265,4824590.064],[645211.635,4824590.2035],[645212.445,4824593.724]]]}},{"type":"Feature","properties":{"id":"G01131900PJ42D_part1","floors":2,"height":6.2,"heightSource":"Catastro:numberOfFloorsAboveGround"},"geometry":{"type":"Polygon","coordinates":[[[645198.8945,4824590.3635],[645199.3445,4824592.3135],[645199.9645,4824592.1735],[645201.1045,4824591.9135],[645200.6545,4824589.9635],[645200.0645,4824590.0935],[645198.8945,4824590.3635]]]}},{"type":"Feature","properties":{"id":"G01131900PJ42D_part2","floors":3,"height":9.3,"heightSource":"Catastro:numberOfFloorsAboveGround"},"geometry":{"type":"Polygon","coordinates":[[[645200.9245,4824596.3635],[645202.0945,4824596.0935],[645202.5445,4824598.0535],[645204.5645,4824597.5835],[645207.1245,4824596.9935],[645205.2845,4824588.9035],[645202.8445,4824589.4635],[645200.6545,4824589.9635],[645201.1045,4824591.9135],[645201.2645,4824592.5935],[645200.1245,4824592.8535],[645200.9245,4824596.3635]]]}},{"type":"Feature","properties":{"id":"G01131900PJ42D_part3","floors":2,"height":6.2,"heightSource":"Catastro:numberOfFloorsAboveGround"},"geometry":{"type":"Polygon","coordinates":[[[645200.7445,4824598.4635],[645202.5445,4824598.0535],[645202.0945,4824596.0935],[645200.9245,4824596.3635],[645200.1245,4824592.8535],[645199.4945,4824592.9935],[645200.7445,4824598.4635]]]}},{"type":"Feature","properties":{"id":"G01602500PJ42D_part1","floors":1,"height":3.1,"heightSource":"Catastro:numberOfFloorsAboveGround"},"geometry":{"type":"Polygon","coordinates":[[[645122.9145,4824344.4225],[645122.89095,4824340.85335],[645122.88755,4824340.3423],[645122.8345,4824332.3125],[645116.97125,4824333.35795],[645116.99,4824336.37],[645117.02,4824340.89],[645117.05,4824344.5],[645122.79785,4824344.45095],[645122.9151,4824344.4499],[645122.9145,4824344.4225]]]}},{"type":"Feature","properties":{"id":"G01602500PJ42D_part2","floors":1,"height":3.1,"heightSource":"Catastro:numberOfFloorsAboveGround"},"geometry":{"type":"Polygon","coordinates":[[[645104.9,4824365.74],[645117.5,4824365.74],[645117.5,4824351.04],[645111.4,4824351.04],[645111.4,4824356.14],[645104.9,4824356.14],[645104.9,4824365.74]]]}},{"type":"Feature","properties":{"id":"G01602700PJ42D_part1","floors":1,"height":3.1,"heightSource":"Catastro:numberOfFloorsAboveGround"},"geometry":{"type":"Polygon","coordinates":[[[645103.74905,4824273.4573],[645101.85435,4824273.59905],[645102.0207,4824275.8228],[645103.9154,4824275.6811],[645103.74905,4824273.4573]]]}},{"type":"Feature","properties":{"id":"G01602700PJ42D_part2","floors":2,"height":6.2,"heightSource":"Catastro:numberOfFloorsAboveGround"},"geometry":{"type":"Polygon","coordinates":[[[645105.10905,4824277.09595],[645105.67225,4824284.62495],[645106.7681,4824284.54295],[645106.2049,4824277.01395],[645105.10905,4824277.09595]]]}},{"type":"Feature","properties":{"id":"G01602700PJ42D_part4","floors":3,"height":9.3,"heightSource":"Catastro:numberOfFloorsAboveGround"},"geometry":{"type":"Polygon","coordinates":[[[645104.99715,4824275.6002],[645102.08415,4824275.8181],[645102.19605,4824277.3139],[645105.10905,4824277.096],[645104.99715,4824275.6002]]]}},{"type":"Feature","properties":{"id":"G01602700PJ42D_part5","floors":3,"height":9.3,"heightSource":"Catastro:numberOfFloorsAboveGround"},"geometry":{"type":"Polygon","coordinates":[[[645100.9883,4824275.9001],[645101.1002,4824277.39585],[645101.13935,4824277.91945],[645100.3405,4824277.9792],[645099.24465,4824278.0612],[645099.543,4824282.05005],[645100.63885,4824281.96805],[645101.4377,4824281.9083],[645101.6633,4824284.92485],[645102.75915,4824284.84285],[645105.67225,4824284.62495],[645105.10905,4824277.096],[645102.19605,4824277.3139],[645102.08415,4824275.8181],[645100.9883,4824275.9001]]]}},{"type":"Feature","properties":{"id":"G01602700PJ42D_part6","floors":2,"height":6.2,"heightSource":"Catastro:numberOfFloorsAboveGround"},"geometry":{"type":"Polygon","coordinates":[[[645098.0754,4824276.11795],[645098.7505,4824285.1427],[645101.6633,4824284.92485],[645101.4377,4824281.9083],[645100.63885,4824281.96805],[645099.543,4824282.05005],[645099.24465,4824278.0612],[645100.3405,4824277.9792],[645101.13935,4824277.91945],[645101.1002,4824277.39585],[645100.9883,4824275.9001],[645098.0754,4824276.11795]]]}},{"type":"Feature","properties":{"id":"G01602800PJ42D_part1","floors":1,"height":3.1,"heightSource":"Catastro:numberOfFloorsAboveGround"},"geometry":{"type":"Polygon","coordinates":[[[645074.0192,4824226.7995],[645073.71705,4824224.12655],[645070.84535,4824224.45115],[645071.1475,4824227.12415],[645074.0192,4824226.7995]]]}},{"type":"Feature","properties":{"id":"G01602800PJ42D_part2","floors":1,"height":3.1,"heightSource":"Catastro:numberOfFloorsAboveGround"},"geometry":{"type":"Polygon","coordinates":[[[645081.41805,4824235.31305],[645081.3749,4824234.7146],[645080.75285,4824226.087],[645079.55595,4824226.1733],[645079.4562,4824226.1805],[645080.1214,4824235.40655],[645080.22115,4824235.39935],[645081.41805,4824235.31305]]]}},{"type":"Feature","properties":{"id":"G01602800PJ42D_part3","floors":2,"height":6.2,"heightSource":"Catastro:numberOfFloorsAboveGround"},"geometry":{"type":"Polygon","coordinates":[[[645091.849,4824231.8924],[645091.39235,4824225.55885],[645088.40015,4824225.7746],[645088.8568,4824232.10815],[645091.849,4824231.8924]]]}},{"type":"Feature","properties":{"id":"G01602800PJ42D_part4","floors":2,"height":6.2,"heightSource":"Catastro:numberOfFloorsAboveGround"},"geometry":{"type":"Polygon","coordinates":[[[645089.00505,4824234.1645],[645088.383,4824225.5369],[645080.75285,4824226.087],[645081.3749,4824234.7146],[645089.00505,4824234.1645]]]}},{"type":"Feature","properties":{"id":"G01602900PJ42D_part1","floors":2,"height":6.2,"heightSource":"Catastro:numberOfFloorsAboveGround"},"geometry":{"type":"Polygon","coordinates":[[[645111.2645,4824228.05],[645111.138,4824226.8065],[645108.8995,4824227.0345],[645109.026,4824228.278],[645111.2645,4824228.05]]]}},{"type":"Feature","properties":{"id":"G01602900PJ42D_part2","floors":1,"height":3.1,"heightSource":"Catastro:numberOfFloorsAboveGround"},"geometry":{"type":"Polygon","coordinates":[[[645104.3141,4824220.75625],[645103.70425,4824215.2621],[645109.1518,4824214.7077],[645109.1214,4824214.409],[645103.306,4824215.04425],[645103.33855,4824215.3422],[645103.93455,4824220.7984],[645104.22195,4824220.7665],[645104.3141,4824220.75625]]]}},{"type":"Feature","properties":{"id":"G01602900PJ42D_part3","floors":1,"height":3.1,"heightSource":"Catastro:numberOfFloorsAboveGround"},"geometry":{"type":"Polygon","coordinates":[[[645108.6342,4824220.27685],[645109.70755,4824220.16725],[645109.1518,4824214.7077],[645103.70425,4824215.2621],[645104.3141,4824220.75625],[645108.6342,4824220.27685]]]}},{"type":"Feature","properties":{"id":"G01602900PJ42D_part4","floors":1,"height":3.1,"heightSource":"Catastro:numberOfFloorsAboveGround"},"geometry":{"type":"Polygon","coordinates":[[[645111.2645,4824228.05],[645108.628,4824228.3185],[645108.81935,4824230.1952],[645111.4559,4824229.9272],[645111.2645,4824228.05]]]}},{"type":"Feature","properties":{"id":"G01602900PJ42D_part5","floors":3,"height":9.3,"heightSource":"Catastro:numberOfFloorsAboveGround"},"geometry":{"type":"Polygon","coordinates":[[[645108.628,4824228.3185],[645109.026,4824228.278],[645108.8995,4824227.0345],[645111.138,4824226.8065],[645110.454,4824220.091],[645109.8175,4824220.156],[645103.455,4824220.851],[645103.34075,4824220.81555],[645104.1513,4824228.7744],[645104.261,4824228.7635],[645108.628,4824228.3185]]]}},{"type":"Feature","properties":{"id":"G01603300PJ42D_part1","floors":2,"height":6.2,"heightSource":"Catastro:numberOfFloorsAboveGround"},"geometry":{"type":"Polygon","coordinates":[[[644981.47485,4824198.2775],[644990.73495,4824194.5026],[644988.0833515337,4824188.0],[644977.2838850887,4824188.0],[644981.47485,4824198.2775]]]}},{"type":"Feature","properties":{"id":"G01603700PJ42D_part1","floors":1,"height":3.1,"heightSource":"Catastro:numberOfFloorsAboveGround"},"geometry":{"type":"Polygon","coordinates":[[[645217.3621,4824195.0038],[645218.02965,4824198.678],[645222.4669,4824197.9943],[645221.9006,4824194.30485],[645217.3621,4824195.0038]]]}},{"type":"Feature","properties":{"id":"G01603700PJ42D_part2","floors":2,"height":6.2,"heightSource":"Catastro:numberOfFloorsAboveGround"},"geometry":{"type":"Polygon","coordinates":[[[645230.3042,4824197.3249],[645230.80485,4824200.5867],[645230.82295,4824200.58625],[645232.0573,4824200.39445],[645231.55665,4824197.13265],[645230.3042,4824197.3249]]]}},{"type":"Feature","properties":{"id":"G01603700PJ42D_part3","floors":2,"height":6.2,"heightSource":"Catastro:numberOfFloorsAboveGround"},"geometry":{"type":"Polygon","coordinates":[[[645224.3078,4824193.93535],[645225.45475,4824201.4079],[645225.47285,4824201.40745],[645230.80485,4824200.5867],[645230.3042,4824197.3249],[645231.55665,4824197.13265],[645230.91075,4824192.9242],[645225.98645,4824193.68005],[645225.96835,4824193.6805],[645224.3078,4824193.93535]]]}},{"type":"Feature","properties":{"id":"G01603700PJ42D_part4","floors":1,"height":3.1,"heightSource":"Catastro:numberOfFloorsAboveGround"},"geometry":{"type":"Polygon","coordinates":[[[645225.8318,4824192.7909],[645222.8352,4824193.2532],[645222.8171,4824193.25365],[645222.95365,4824194.14325],[645224.3078,4824193.93535],[645225.96835,4824193.6805],[645225.8318,4824192.7909]]]}},{"type":"Feature","properties":{"id":"G01603700PJ42D_part5","floors":1,"height":3.1,"heightSource":"Catastro:numberOfFloorsAboveGround"},"geometry":{"type":"Polygon","coordinates":[[[645221.9187,4824194.3044],[645221.9006,4824194.30485],[645222.4669,4824197.9943],[645223.04755,4824201.77735],[645223.06565,4824201.7769],[645224.993,4824201.4811],[645225.45475,4824201.4079],[645224.3078,4824193.93535],[645222.95365,4824194.14325],[645221.9187,4824194.3044]]]}},{"type":"Feature","properties":{"id":"G01603700PJ42D_part6","floors":1,"height":3.1,"heightSource":"Catastro:numberOfFloorsAboveGround"},"geometry":{"type":"Polygon","coordinates":[[[645218.02965,4824198.678],[645218.7136,4824202.4426],[645218.7317,4824202.44215],[645223.04755,4824201.77735],[645222.4669,4824197.9943],[645218.02965,4824198.678]]]}},{"type":"Feature","properties":{"id":"G01604100PJ42D_part2","floors":1,"height":3.1,"heightSource":"Catastro:numberOfFloorsAboveGround"},"geometry":{"type":"Polygon","coordinates":[[[645267.87595,4824199.3608],[645273.02025,4824198.5935],[645273.01185,4824198.54745],[645272.9085,4824197.9822],[645272.41025,4824195.16455],[645271.84925,4824195.2484],[645267.36255,4824195.9189],[645267.7888,4824198.7766],[645267.87595,4824199.3608]]]}},{"type":"Feature","properties":{"id":"G01604100PJ42D_part3","floors":2,"height":6.2,"heightSource":"Catastro:numberOfFloorsAboveGround"},"geometry":{"type":"Polygon","coordinates":[[[645265.0176,4824194.9036],[645264.87295,4824193.77285],[645261.60975,4824194.1904],[645261.1311,4824194.25165],[645261.27575,4824195.3822],[645261.7544,4824195.321],[645265.0176,4824194.9036]]]}},{"type":"Feature","properties":{"id":"G01604100PJ42D_part4","floors":1,"height":3.1,"heightSource":"Catastro:numberOfFloorsAboveGround"},"geometry":{"type":"Polygon","coordinates":[[[645259.31825,4824194.4836],[645259.46285,4824195.6141],[645261.27575,4824195.3822],[645261.1311,4824194.25165],[645259.31825,4824194.4836]]]}},{"type":"Feature","properties":{"id":"G01604100PJ42D_part5","floors":2,"height":6.2,"heightSource":"Catastro:numberOfFloorsAboveGround"},"geometry":{"type":"Polygon","coordinates":[[[645258.76885,4824190.1883],[645260.0278,4824190.0273],[645259.768544796,4824188.0],[645258.4889597137,4824188.0],[645258.76885,4824190.1883]]]}},{"type":"Feature","properties":{"id":"G01604100PJ42D_part7","floors":2,"height":6.2,"heightSource":"Catastro:numberOfFloorsAboveGround"},"geometry":{"type":"Polygon","coordinates":[[[645260.0278,4824190.0273],[645258.76885,4824190.1883],[645259.2548,4824193.98765],[645259.2675,4824194.0868],[645260.25945,4824193.9599],[645260.3102,4824194.35665],[645260.57715,4824194.3225],[645264.87295,4824193.77285],[645267.29325,4824193.4633],[645267.24245,4824193.0664],[645268.2344,4824192.9395],[645268.22175,4824192.84045],[645267.6026118125,4824188.0],[645259.768544796,4824188.0],[645260.0278,4824190.0273]]]}},{"type":"Feature","properties":{"id":"G01604200PJ42D_part1","floors":1,"height":3.1,"heightSource":"Catastro:numberOfFloorsAboveGround"},"geometry":{"type":"Polygon","coordinates":[[[645262.58655,4824214.9507],[645259.6143,4824215.38895],[645259.9086,4824217.36735],[645262.8792,4824216.92545],[645262.58655,4824214.9507]]]}},{"type":"Feature","properties":{"id":"G01604200PJ42D_part2","floors":1,"height":3.1,"heightSource":"Catastro:numberOfFloorsAboveGround"},"geometry":{"type":"Polygon","coordinates":[[[645272.1399,4824222.67735],[645277.2825,4824221.9103],[645277.1963,4824221.4388],[645276.6563,4824218.4846],[645276.51075,4824217.68855],[645271.5072,4824218.43545],[645271.6265,4824219.2354],[645272.0789,4824222.26855],[645272.1399,4824222.67735]]]}},{"type":"Feature","properties":{"id":"G01604200PJ42D_part3","floors":2,"height":6.2,"heightSource":"Catastro:numberOfFloorsAboveGround"},"geometry":{"type":"Polygon","coordinates":[[[645260.92025,4824213.8402],[645259.4172,4824214.06375],[645259.6143,4824215.38895],[645262.58655,4824214.9507],[645262.8792,4824216.92545],[645269.33705,4824215.9648],[645269.0438,4824213.9882],[645272.00755,4824213.5427],[645271.5666,4824210.5786],[645260.6761,4824212.19825],[645260.92025,4824213.8402]]]}},{"type":"Feature","properties":{"id":"G01604200PJ42D_part4","floors":2,"height":6.2,"heightSource":"Catastro:numberOfFloorsAboveGround"},"geometry":{"type":"Polygon","coordinates":[[[645259.17295,4824212.4218],[645259.4172,4824214.06375],[645260.92025,4824213.8402],[645260.6761,4824212.19825],[645259.17295,4824212.4218]]]}},{"type":"Feature","properties":{"id":"G01604200PJ42D_part5","floors":1,"height":3.1,"heightSource":"Catastro:numberOfFloorsAboveGround"},"geometry":{"type":"Polygon","coordinates":[[[645269.0438,4824213.9882],[645269.33705,4824215.9648],[645272.30225,4824215.5241],[645272.00755,4824213.5427],[645269.0438,4824213.9882]]]}},{"type":"Feature","properties":{"id":"G01604300PJ42D_part1","floors":1,"height":3.1,"heightSource":"Catastro:numberOfFloorsAboveGround"},"geometry":{"type":"Polygon","coordinates":[[[645258.43755,4824207.47625],[645258.7317,4824209.4547],[645261.7029,4824209.009],[645261.4082,4824207.03455],[645258.43755,4824207.47625]]]}},{"type":"Feature","properties":{"id":"G01604300PJ42D_part2","floors":1,"height":3.1,"heightSource":"Catastro:numberOfFloorsAboveGround"},"geometry":{"type":"Polygon","coordinates":[[[645273.6358,4824201.9609],[645273.02025,4824198.5935],[645267.87595,4824199.3608],[645268.2147,4824201.63405],[645268.37985,4824202.74345],[645273.52315,4824201.97765],[645273.6358,4824201.9609]]]}},{"type":"Feature","properties":{"id":"G01604300PJ42D_part3","floors":1,"height":3.1,"heightSource":"Catastro:numberOfFloorsAboveGround"},"geometry":{"type":"Polygon","coordinates":[[[645270.83125,4824205.63305],[645267.8661,4824206.0743],[645268.1608,4824208.05075],[645271.12585,4824207.6145],[645270.83125,4824205.63305]]]}},{"type":"Feature","properties":{"id":"G01604300PJ42D_part4","floors":2,"height":6.2,"heightSource":"Catastro:numberOfFloorsAboveGround"},"geometry":{"type":"Polygon","coordinates":[[[645261.7029,4824209.009],[645258.7317,4824209.4547],[645259.17295,4824212.4218],[645271.5666,4824210.5786],[645271.12585,4824207.6145],[645268.1608,4824208.05075],[645267.8661,4824206.0743],[645261.4082,4824207.03455],[645261.7029,4824209.009]]]}},{"type":"Feature","properties":{"id":"G01604400PJ42D_part1","floors":1,"height":3.1,"heightSource":"Catastro:numberOfFloorsAboveGround"},"geometry":{"type":"Polygon","coordinates":[[[645168.9668,4824245.8668],[645169.04955,4824247.16155],[645170.796,4824247.04995],[645170.71325,4824245.7552],[645168.9668,4824245.8668]]]}},{"type":"Feature","properties":{"id":"G01604400PJ42D_part2","floors":1,"height":3.1,"heightSource":"Catastro:numberOfFloorsAboveGround"},"geometry":{"type":"Polygon","coordinates":[[[645175.49035,4824253.86705],[645175.71355,4824257.3599],[645181.20235,4824257.0091],[645180.9791,4824253.5162],[645175.49035,4824253.86705]]]}},{"type":"Feature","properties":{"id":"G01604400PJ42D_part3","floors":2,"height":6.2,"heightSource":"Catastro:numberOfFloorsAboveGround"},"geometry":{"type":"Polygon","coordinates":[[[645180.724,4824249.5244],[645175.2352,4824249.8752],[645175.49035,4824253.86705],[645180.9791,4824253.5162],[645180.724,4824249.5244]]]}},{"type":"Feature","properties":{"id":"G01604400PJ42D_part4","floors":2,"height":6.2,"heightSource":"Catastro:numberOfFloorsAboveGround"},"geometry":{"type":"Polygon","coordinates":[[[645174.9546,4824245.48415],[645170.71325,4824245.7552],[645170.796,4824247.04995],[645169.04955,4824247.16155],[645169.50255,4824254.2497],[645175.49035,4824253.86705],[645175.2352,4824249.8752],[645174.9546,4824245.48415]]]}},{"type":"Feature","properties":{"id":"G01604800PJ42D_part1","floors":1,"height":3.1,"heightSource":"Catastro:numberOfFloorsAboveGround"},"geometry":{"type":"Polygon","coordinates":[[[645263.04,4824231.54],[645264.54,4824241.45],[645266.38,4824241.17],[645264.89,4824231.26],[645263.04,4824231.54]]]}},{"type":"Feature","properties":{"id":"G01604800PJ42D_part2","floors":1,"height":3.1,"heightSource":"Catastro:numberOfFloorsAboveGround"},"geometry":{"type":"Polygon","coordinates":[[[645274.58,4824240.41],[645275.66,4824246.318],[645281.6195,4824245.6375],[645281.574,4824245.382],[645280.4685,4824239.3395],[645274.58,4824240.41]]]}},{"type":"Feature","properties":{"id":"G01604800PJ42D_part3","floors":1,"height":3.1,"heightSource":"Catastro:numberOfFloorsAboveGround"},"geometry":{"type":"Polygon","coordinates":[[[645272.96,4824240.18],[645271.47,4824230.27],[645269.62,4824230.55],[645271.12,4824240.45],[645272.96,4824240.18]]]}},{"type":"Feature","properties":{"id":"G01604800PJ42D_part4","floors":2,"height":6.2,"heightSource":"Catastro:numberOfFloorsAboveGround"},"geometry":{"type":"Polygon","coordinates":[[[645264.89,4824231.26],[645266.38,4824241.17],[645269.72,4824240.67],[645271.12,4824240.45],[645269.62,4824230.55],[645264.89,4824231.26]]]}},{"type":"Feature","properties":{"id":"G01605100PJ42D_part1","floors":1,"height":3.1,"heightSource":"Catastro:numberOfFloorsAboveGround"},"geometry":{"type":"Polygon","coordinates":[[[645283.60005,4824221.10905],[645283.1935,4824221.1666],[645277.2825,4824221.9103],[645278.433,4824228.2042],[645284.286,4824227.1343],[645283.60005,4824221.10905]]]}},{"type":"Feature","properties":{"id":"G01605100PJ42D_part2","floors":2,"height":6.2,"heightSource":"Catastro:numberOfFloorsAboveGround"},"geometry":{"type":"Polygon","coordinates":[[[645292.39855,4824232.08275],[645298.2935,4824231.0777],[645298.20945,4824230.5848],[645300.181,4824230.24865],[645299.8281,4824228.17855],[645298.8619,4824228.3423],[645298.1267,4824224.0041],[645297.11675,4824224.17525],[645297.0327,4824223.6824],[645291.1367,4824224.68155],[645291.22075,4824225.17445],[645289.24885,4824225.5086],[645290.34295,4824231.926],[645292.3145,4824231.58985],[645292.39855,4824232.08275]]]}},{"type":"Feature","properties":{"id":"G01605100PJ42D_part5","floors":2,"height":6.2,"heightSource":"Catastro:numberOfFloorsAboveGround"},"geometry":{"type":"Polygon","coordinates":[[[645298.1267,4824224.0041],[645298.8619,4824228.3423],[645299.8281,4824228.17855],[645299.0886,4824223.8411],[645298.1267,4824224.0041]]]}},{"type":"Feature","properties":{"id":"G01605200PJ42D_part1","floors":1,"height":3.1,"heightSource":"Catastro:numberOfFloorsAboveGround"},"geometry":{"type":"Polygon","coordinates":[[[645281.61975,4824245.6376],[645287.5408,4824245.01585],[645286.3477,4824238.49375],[645280.50915,4824239.56185],[645281.57305,4824245.3822],[645281.6139,4824245.6056],[645281.61975,4824245.6376]]]}},{"type":"Feature","properties":{"id":"G01605200PJ42D_part2","floors":2,"height":6.2,"heightSource":"Catastro:numberOfFloorsAboveGround"},"geometry":{"type":"Polygon","coordinates":[[[645293.66045,4824239.48395],[645299.5544,4824238.47295],[645299.47035,4824237.98005],[645300.4827,4824237.8064],[645299.73895,4824233.46975],[645300.70205,4824233.30455],[645300.3491,4824231.2344],[645298.37755,4824231.57055],[645298.2935,4824231.0777],[645292.39855,4824232.08275],[645292.4826,4824232.57565],[645290.51105,4824232.9118],[645291.6052,4824239.3292],[645293.5764,4824238.99105],[645293.66045,4824239.48395]]]}},{"type":"Feature","properties":{"id":"G01605200PJ42D_part4","floors":2,"height":6.2,"heightSource":"Catastro:numberOfFloorsAboveGround"},"geometry":{"type":"Polygon","coordinates":[[[645300.70205,4824233.30455],[645299.73895,4824233.46975],[645300.4827,4824237.8064],[645301.44155,4824237.64195],[645300.70205,4824233.30455]]]}},{"type":"Feature","properties":{"id":"G01605300PJ42D_part1","floors":2,"height":6.2,"heightSource":"Catastro:numberOfFloorsAboveGround"},"geometry":{"type":"Polygon","coordinates":[[[645086.0935,4824255.9165],[645086.6295,4824262.063],[645093.603,4824261.4545],[645093.72,4824262.88],[645098.75,4824262.45],[645097.93,4824252.88],[645092.9,4824253.32],[645093.067,4824255.308],[645090.189,4824255.559],[645088.9735,4824255.665],[645086.0935,4824255.9165]]]}},{"type":"Feature","properties":{"id":"G01605400PJ42D_part1","floors":1,"height":3.1,"heightSource":"Catastro:numberOfFloorsAboveGround"},"geometry":{"type":"Polygon","coordinates":[[[645342.598,4824200.475],[645343.874,4824210.9395],[645346.68,4824210.6],[645346.35,4824207.88],[645349.1,4824207.54],[645348.091,4824199.3055],[645342.598,4824200.475]]]}},{"type":"Feature","properties":{"id":"G01605400PJ42D_part3","floors":2,"height":6.2,"heightSource":"Catastro:numberOfFloorsAboveGround"},"geometry":{"type":"Polygon","coordinates":[[[645372.54,4824204.47],[645372.83,4824207.65],[645374.06,4824207.54],[645373.77,4824204.36],[645372.54,4824204.47]]]}},{"type":"Feature","properties":{"id":"G01605400PJ42D_part7","floors":2,"height":6.2,"heightSource":"Catastro:numberOfFloorsAboveGround"},"geometry":{"type":"Polygon","coordinates":[[[645365.37,4824200.76],[645363.38,4824200.94],[645364.07,4824208.45],[645366.06,4824208.27],[645366.11,4824208.76],[645372.11,4824208.22],[645372.07,4824207.72],[645372.83,4824207.65],[645372.54,4824204.47],[645373.77,4824204.36],[645373.37,4824200.03],[645371.38,4824200.21],[645371.33,4824199.71],[645365.33,4824200.26],[645365.37,4824200.76]]]}},{"type":"Feature","properties":{"id":"G01605700PJ42D_part1","floors":1,"height":3.1,"heightSource":"Catastro:numberOfFloorsAboveGround"},"geometry":{"type":"Polygon","coordinates":[[[645273.70655,4824201.6675],[645273.5862,4824201.6895],[645273.6358,4824201.9609],[645274.38635,4824206.06685],[645276.944,4824205.59935],[645276.14385,4824201.22195],[645273.70655,4824201.6675]]]}},{"type":"Feature","properties":{"id":"G01605700PJ42D_part2","floors":1,"height":3.1,"heightSource":"Catastro:numberOfFloorsAboveGround"},"geometry":{"type":"Polygon","coordinates":[[[645275.1826,4824210.4228],[645278.72395,4824209.77545],[645278.674,4824209.5022],[645277.1275,4824201.04215],[645276.14385,4824201.22195],[645276.944,4824205.59935],[645274.38635,4824206.06685],[645275.13265,4824210.14955],[645275.1826,4824210.4228]]]}},{"type":"Feature","properties":{"id":"G01605700PJ42D_part3","floors":1,"height":3.1,"heightSource":"Catastro:numberOfFloorsAboveGround"},"geometry":{"type":"Polygon","coordinates":[[[645275.1826,4824210.4228],[645276.17555,4824215.8548],[645276.3123,4824215.8298],[645279.7169,4824215.20745],[645278.72395,4824209.77545],[645275.1826,4824210.4228]]]}},{"type":"Feature","properties":{"id":"G01606200PJ42D_part1","floors":2,"height":6.2,"heightSource":"Catastro:numberOfFloorsAboveGround"},"geometry":{"type":"Polygon","coordinates":[[[644973.762,4824440.521],[644971.132,4824441.471],[644974.052,4824449.551],[644976.682,4824448.611],[644977.162,4824449.931],[644977.362,4824450.491],[644980.2825,4824449.441],[644979.6025,4824447.551],[644982.2325,4824446.601],[644979.3125,4824438.521],[644976.682,4824439.471],[644976.002,4824437.591],[644973.082,4824438.641],[644973.762,4824440.521]]]}},{"type":"Feature","properties":{"id":"G01606200PJ42D_part2","floors":1,"height":3.1,"heightSource":"Catastro:numberOfFloorsAboveGround"},"geometry":{"type":"Polygon","coordinates":[[[644979.6025,4824447.551],[644980.2825,4824449.441],[644982.9125,4824448.491],[644982.2325,4824446.601],[644979.6025,4824447.551]]]}},{"type":"Feature","properties":{"id":"G01606200PJ42D_part3","floors":1,"height":3.1,"heightSource":"Catastro:numberOfFloorsAboveGround"},"geometry":{"type":"Polygon","coordinates":[[[644978.6325,4824436.641],[644976.002,4824437.591],[644976.682,4824439.471],[644979.3125,4824438.521],[644978.6325,4824436.641]]]}},{"type":"Feature","properties":{"id":"G01606200PJ42D_part4","floors":1,"height":3.1,"heightSource":"Catastro:numberOfFloorsAboveGround"},"geometry":{"type":"Polygon","coordinates":[[[644970.452,4824439.591],[644971.132,4824441.471],[644973.762,4824440.521],[644973.082,4824438.641],[644970.452,4824439.591]]]}},{"type":"Feature","properties":{"id":"G01606200PJ42D_part5","floors":1,"height":3.1,"heightSource":"Catastro:numberOfFloorsAboveGround"},"geometry":{"type":"Polygon","coordinates":[[[644976.682,4824448.611],[644974.052,4824449.551],[644974.532,4824450.881],[644977.162,4824449.931],[644976.682,4824448.611]]]}},{"type":"Feature","properties":{"id":"G01607300PJ42D_part1","floors":1,"height":3.1,"heightSource":"Catastro:numberOfFloorsAboveGround"},"geometry":{"type":"Polygon","coordinates":[[[645278.6176,4824191.74555],[645278.08195,4824191.8269],[645274.14475,4824192.42465],[645271.9782,4824192.74845],[645272.21245,4824194.04595],[645278.85195,4824193.05305],[645278.6176,4824191.74555]]]}},{"type":"Feature","properties":{"id":"G01607300PJ42D_part2","floors":1,"height":3.1,"heightSource":"Catastro:numberOfFloorsAboveGround"},"geometry":{"type":"Polygon","coordinates":[[[645272.21245,4824194.04595],[645272.9085,4824197.9822],[645273.01185,4824198.54745],[645273.1292,4824198.5297],[645279.64125,4824197.5447],[645278.85195,4824193.05305],[645272.21245,4824194.04595]]]}},{"type":"Feature","properties":{"id":"27005A06800019_part1","floors":1,"height":3.1,"heightSource":"Catastro:numberOfFloorsAboveGround"},"geometry":{"type":"Polygon","coordinates":[[[645043.15,4824735.18],[645046.84,4824734.88],[645046.4,4824729.5],[645042.71,4824729.8],[645043.15,4824735.18]]]}},{"type":"Feature","properties":{"id":"27005A06800047_part1","floors":1,"height":3.1,"heightSource":"Catastro:numberOfFloorsAboveGround"},"geometry":{"type":"Polygon","coordinates":[[[645957.381,4824687.18],[645957.754,4824689.652],[645963.687,4824688.7565],[645963.314,4824686.2845],[645957.381,4824687.18]]]}},{"type":"Feature","properties":{"id":"27005A06800047_part2","floors":1,"height":3.1,"heightSource":"Catastro:numberOfFloorsAboveGround"},"geometry":{"type":"Polygon","coordinates":[[[645966.7745,4824685.762],[645964.55,4824686.098],[645964.923,4824688.57],[645967.1475,4824688.234],[645966.7745,4824685.762]]]}},{"type":"Feature","properties":{"id":"27005A06800047_part3","floors":1,"height":3.1,"heightSource":"Catastro:numberOfFloorsAboveGround"},"geometry":{"type":"Polygon","coordinates":[[[645963.687,4824688.7565],[645957.754,4824689.652],[645958.4555,4824694.299],[645959.5675,4824694.1315],[645968.3435,4824692.8065],[645967.642,4824688.1595],[645967.1475,4824688.234],[645964.923,4824688.57],[645964.55,4824686.098],[645963.314,4824686.2845],[645963.687,4824688.7565]]]}},{"type":"Feature","properties":{"id":"27005E00200038_part3","floors":1,"height":3.1,"heightSource":"Catastro:numberOfFloorsAboveGround"},"geometry":{"type":"Polygon","coordinates":[[[645076.8945,4824188.712],[645083.1971098991,4824188.0],[645076.8137241537,4824188.0],[645076.8945,4824188.712]]]}},{"type":"Feature","properties":{"id":"27005E00200041_part2","floors":3,"height":9.3,"heightSource":"Catastro:numberOfFloorsAboveGround"},"geometry":{"type":"Polygon","coordinates":[[[645076.674,4824307.672],[645078.654,4824307.402],[645079.114,4824310.762],[645082.444,4824310.312],[645082.124,4824307.942],[645083.7945,4824307.722],[645083.6545,4824306.732],[645085.6445,4824306.462],[645084.4245,4824297.502],[645082.4445,4824297.772],[645082.3145,4824296.782],[645077.314,4824297.452],[645077.454,4824298.442],[645076.704,4824298.542],[645077.334,4824303.212],[645076.094,4824303.382],[645076.674,4824307.672]]]}},{"type":"Feature","properties":{"id":"27005E00200041_part3","floors":2,"height":6.2,"heightSource":"Catastro:numberOfFloorsAboveGround"},"geometry":{"type":"Polygon","coordinates":[[[645083.6545,4824306.732],[645083.7945,4824307.722],[645085.7745,4824307.452],[645085.6445,4824306.462],[645083.6545,4824306.732]]]}},{"type":"Feature","properties":{"id":"27005E00200041_part5","floors":2,"height":6.2,"heightSource":"Catastro:numberOfFloorsAboveGround"},"geometry":{"type":"Polygon","coordinates":[[[645076.804,4824308.662],[645077.614,4824308.552],[645077.934,4824310.922],[645079.114,4824310.762],[645078.654,4824307.402],[645076.674,4824307.672],[645076.804,4824308.662]]]}},{"type":"Feature","properties":{"id":"27005E00200041_part7","floors":1,"height":3.1,"heightSource":"Catastro:numberOfFloorsAboveGround"},"geometry":{"type":"Polygon","coordinates":[[[645072.424,4824302.352],[645072.624,4824303.842],[645075.594,4824303.442],[645075.394,4824301.952],[645072.424,4824302.352]]]}},{"type":"Feature","properties":{"id":"27005E00200041_part8","floors":3,"height":9.3,"heightSource":"Catastro:numberOfFloorsAboveGround"},"geometry":{"type":"Polygon","coordinates":[[[645076.094,4824303.382],[645077.334,4824303.212],[645076.704,4824298.542],[645075.464,4824298.712],[645076.094,4824303.382]]]}},{"type":"Feature","properties":{"id":"27005E00200042_part1","floors":1,"height":3.1,"heightSource":"Catastro:numberOfFloorsAboveGround"},"geometry":{"type":"Polygon","coordinates":[[[645090.46,4824321.73],[645091.25,4824326.82],[645092.24,4824326.66],[645093.23,4824326.51],[645092.44,4824321.42],[645090.46,4824321.73]]]}},{"type":"Feature","properties":{"id":"27005E00200042_part2","floors":1,"height":3.1,"heightSource":"Catastro:numberOfFloorsAboveGround"},"geometry":{"type":"Polygon","coordinates":[[[645116.27,4824326.75],[645116.431,4824333.4545],[645122.8345,4824332.3125],[645122.6985,4824326.6],[645116.27,4824326.75]]]}},{"type":"Feature","properties":{"id":"27005E00200042_part3","floors":2,"height":6.2,"heightSource":"Catastro:numberOfFloorsAboveGround"},"geometry":{"type":"Polygon","coordinates":[[[645100.87,4824326.22],[645101.49,4824330.18],[645102.47,4824330.03],[645101.86,4824326.06],[645100.87,4824326.22]]]}},{"type":"Feature","properties":{"id":"27005E00200042_part4","floors":2,"height":6.2,"heightSource":"Catastro:numberOfFloorsAboveGround"},"geometry":{"type":"Polygon","coordinates":[[[645100.53,4824324.01],[645100.87,4824326.22],[645101.86,4824326.06],[645101.52,4824323.86],[645100.53,4824324.01]]]}},{"type":"Feature","properties":{"id":"27005E00200042_part5","floors":2,"height":6.2,"heightSource":"Catastro:numberOfFloorsAboveGround"},"geometry":{"type":"Polygon","coordinates":[[[645093.23,4824326.51],[645092.24,4824326.66],[645092.99,4824331.5],[645101.49,4824330.18],[645100.87,4824326.22],[645100.53,4824324.01],[645101.52,4824323.86],[645100.93,4824320.1],[645092.44,4824321.42],[645093.23,4824326.51]]]}},{"type":"Feature","properties":{"id":"27005E00200045_part1","floors":3,"height":9.3,"heightSource":"Catastro:numberOfFloorsAboveGround"},"geometry":{"type":"Polygon","coordinates":[[[645133.7654,4824351.62375],[645133.3346,4824338.6989],[645125.75895,4824338.9514],[645126.18975,4824351.8763],[645133.7654,4824351.62375]]]}},{"type":"Feature","properties":{"id":"27005E00200045_part2","floors":3,"height":9.3,"heightSource":"Catastro:numberOfFloorsAboveGround"},"geometry":{"type":"Polygon","coordinates":[[[645134.887,4824310.392],[645134.5603,4824299.0664],[645123.88895,4824299.3742],[645124.21565,4824310.69985],[645134.887,4824310.392]]]}},{"type":"Feature","properties":{"id":"27005E00200049_part2","floors":1,"height":3.1,"heightSource":"Catastro:numberOfFloorsAboveGround"},"geometry":{"type":"Polygon","coordinates":[[[645162.3425,4824192.677],[645170.8395,4824190.905],[645170.2338564247,4824188.0],[645161.3670810524,4824188.0],[645162.3425,4824192.677]]]}},{"type":"Feature","properties":{"id":"27005E00200055_part1","floors":1,"height":3.1,"heightSource":"Catastro:numberOfFloorsAboveGround"},"geometry":{"type":"Polygon","coordinates":[[[645345.865,4824236.39],[645352.11,4824236.39],[645351.45,4824224.14],[645345.378,4824224.135],[645345.865,4824236.39]]]}},{"type":"Feature","properties":{"id":"27005E00200055_part3","floors":2,"height":6.2,"heightSource":"Catastro:numberOfFloorsAboveGround"},"geometry":{"type":"Polygon","coordinates":[[[645375.41,4824231.15],[645375.71,4824234.33],[645376.93,4824234.22],[645376.64,4824231.04],[645375.41,4824231.15]]]}},{"type":"Feature","properties":{"id":"27005E00200055_part7","floors":2,"height":6.2,"heightSource":"Catastro:numberOfFloorsAboveGround"},"geometry":{"type":"Polygon","coordinates":[[[645368.24,4824227.44],[645366.25,4824227.62],[645366.94,4824235.13],[645368.93,4824234.95],[645368.98,4824235.44],[645374.98,4824234.9],[645374.94,4824234.4],[645375.71,4824234.33],[645375.41,4824231.15],[645376.64,4824231.04],[645376.24,4824226.71],[645374.25,4824226.89],[645374.2,4824226.39],[645368.2,4824226.94],[645368.24,4824227.44]]]}},{"type":"Feature","properties":{"id":"27005E00200056_part1","floors":1,"height":3.1,"heightSource":"Catastro:numberOfFloorsAboveGround"},"geometry":{"type":"Polygon","coordinates":[[[645374.77,4824367.73],[645368.618,4824368.48],[645369.538,4824376.015],[645375.6895,4824375.254],[645374.77,4824367.73]]]}},{"type":"Feature","properties":{"id":"27005E00200056_part2","floors":1,"height":3.1,"heightSource":"Catastro:numberOfFloorsAboveGround"},"geometry":{"type":"Polygon","coordinates":[[[645369.96,4824364.71],[645373.64,4824364.27],[645373.09,4824359.8],[645369.42,4824360.25],[645369.96,4824364.71]]]}},{"type":"Feature","properties":{"id":"27005E00200057_part1","floors":1,"height":3.1,"heightSource":"Catastro:numberOfFloorsAboveGround"},"geometry":{"type":"Polygon","coordinates":[[[645372.328,4824392.6855],[645372.968,4824398.6055],[645377.518,4824398.0955],[645378.178,4824404.0055],[645381.728,4824403.6055],[645381.838,4824404.5955],[645383.768,4824404.3855],[645382.978,4824397.3955],[645379.058,4824397.8355],[645378.338,4824391.4255],[645372.228,4824392.1155],[645372.328,4824392.6855]]]}},{"type":"Feature","properties":{"id":"27005E00200058_part1","floors":1,"height":3.1,"heightSource":"Catastro:numberOfFloorsAboveGround"},"geometry":{"type":"Polygon","coordinates":[[[645365.9375,4824398.225],[645354.5075,4824398.995],[645354.7175,4824402.195],[645358.0775,4824401.965],[645358.0075,4824400.965],[645357.9275,4824399.765],[645362.8075,4824399.435],[645362.8975,4824400.635],[645362.9675,4824401.635],[645366.1475,4824401.425],[645365.9375,4824398.225]]]}},{"type":"Feature","properties":{"id":"27005E00200058_part2","floors":1,"height":3.1,"heightSource":"Catastro:numberOfFloorsAboveGround"},"geometry":{"type":"Polygon","coordinates":[[[645367.6975,4824409.785],[645367.5175,4824407.085],[645366.5375,4824407.155],[645366.6975,4824409.855],[645367.6975,4824409.785]]]}},{"type":"Feature","properties":{"id":"27005E00200058_part3","floors":1,"height":3.1,"heightSource":"Catastro:numberOfFloorsAboveGround"},"geometry":{"type":"Polygon","coordinates":[[[645365.1975,4824409.955],[645365.4575,4824413.795],[645366.9575,4824413.695],[645366.6975,4824409.855],[645365.1975,4824409.955]]]}},{"type":"Feature","properties":{"id":"27005E00200058_part4","floors":2,"height":6.2,"heightSource":"Catastro:numberOfFloorsAboveGround"},"geometry":{"type":"Polygon","coordinates":[[[645358.0075,4824400.965],[645358.0775,4824401.965],[645362.9675,4824401.635],[645362.8975,4824400.635],[645358.0075,4824400.965]]]}},{"type":"Feature","properties":{"id":"27005E00200058_part5","floors":2,"height":6.2,"heightSource":"Catastro:numberOfFloorsAboveGround"},"geometry":{"type":"Polygon","coordinates":[[[645362.8075,4824399.435],[645357.9275,4824399.765],[645358.0075,4824400.965],[645362.8975,4824400.635],[645362.8075,4824399.435]]]}},{"type":"Feature","properties":{"id":"27005E00200058_part6","floors":1,"height":3.1,"heightSource":"Catastro:numberOfFloorsAboveGround"},"geometry":{"type":"Polygon","coordinates":[[[645359.5275,4824408.285],[645360.0275,4824408.255],[645359.8675,4824405.855],[645354.9775,4824406.185],[645355.1575,4824408.925],[645357.7575,4824408.745],[645358.1275,4824414.285],[645359.9275,4824414.165],[645359.5275,4824408.285]]]}},{"type":"Feature","properties":{"id":"27005E00200058_part7","floors":2,"height":6.2,"heightSource":"Catastro:numberOfFloorsAboveGround"},"geometry":{"type":"Polygon","coordinates":[[[645354.7175,4824402.195],[645354.9775,4824406.185],[645359.8675,4824405.855],[645360.0275,4824408.255],[645359.5275,4824408.285],[645359.9275,4824414.165],[645365.4575,4824413.795],[645365.1975,4824409.955],[645366.6975,4824409.855],[645366.5375,4824407.155],[645366.1475,4824401.425],[645362.9675,4824401.635],[645358.0775,4824401.965],[645354.7175,4824402.195]]]}},{"type":"Feature","properties":{"id":"27005E00200064_part1","floors":1,"height":3.1,"heightSource":"Catastro:numberOfFloorsAboveGround"},"geometry":{"type":"Polygon","coordinates":[[[645151.08,4824385.2],[645142.92,4824387.13],[645146.13,4824400.71],[645156.1,4824398.34],[645155.85,4824397.27],[645154.78,4824397.53],[645154.2,4824395.09],[645153.08,4824395.36],[645146.17,4824396.99],[645143.96,4824387.6],[645151.24,4824385.88],[645151.08,4824385.2]]]}},{"type":"Feature","properties":{"id":"27005E00200064_part2","floors":2,"height":6.2,"heightSource":"Catastro:numberOfFloorsAboveGround"},"geometry":{"type":"Polygon","coordinates":[[[645143.96,4824387.6],[645146.17,4824396.99],[645153.08,4824395.36],[645152.59,4824393.26],[645153.71,4824393.0],[645153.02,4824390.13],[645152.29,4824390.31],[645151.24,4824385.88],[645143.96,4824387.6]]]}},{"type":"Feature","properties":{"id":"27005E00200065_part1","floors":2,"height":6.2,"heightSource":"Catastro:numberOfFloorsAboveGround"},"geometry":{"type":"Polygon","coordinates":[[[645177.99,4824411.33],[645178.87,4824419.89],[645182.1,4824419.55],[645181.7,4824415.67],[645180.86,4824415.76],[645180.38,4824411.09],[645177.99,4824411.33]]]}},{"type":"Feature","properties":{"id":"27005E00200065_part2","floors":2,"height":6.2,"heightSource":"Catastro:numberOfFloorsAboveGround"},"geometry":{"type":"Polygon","coordinates":[[[645193.99,4824423.77],[645192.57,4824409.84],[645188.59,4824410.25],[645188.99,4824414.13],[645189.4,4824418.21],[645190.01,4824424.18],[645193.99,4824423.77]]]}},{"type":"Feature","properties":{"id":"27005E00200065_part3","floors":2,"height":6.2,"heightSource":"Catastro:numberOfFloorsAboveGround"},"geometry":{"type":"Polygon","coordinates":[[[645185.15,4824414.52],[645185.57,4824418.6],[645189.4,4824418.21],[645188.99,4824414.13],[645185.15,4824414.52]]]}},{"type":"Feature","properties":{"id":"27005E00200065_part4","floors":2,"height":6.2,"heightSource":"Catastro:numberOfFloorsAboveGround"},"geometry":{"type":"Polygon","coordinates":[[[645180.66,4824422.62],[645179.16,4824422.77],[645179.42,4824425.26],[645180.91,4824425.11],[645180.66,4824422.62]]]}},{"type":"Feature","properties":{"id":"27005E00200065_part5","floors":2,"height":6.2,"heightSource":"Catastro:numberOfFloorsAboveGround"},"geometry":{"type":"Polygon","coordinates":[[[645184.47,4824420.62],[645179.0,4824421.18],[645179.16,4824422.77],[645180.66,4824422.62],[645180.91,4824425.11],[645184.89,4824424.7],[645184.47,4824420.62]]]}},{"type":"Feature","properties":{"id":"27005E00200065_part6","floors":3,"height":9.3,"heightSource":"Catastro:numberOfFloorsAboveGround"},"geometry":{"type":"Polygon","coordinates":[[[645180.86,4824415.76],[645181.7,4824415.67],[645182.1,4824419.55],[645178.87,4824419.89],[645179.0,4824421.18],[645184.47,4824420.62],[645184.89,4824424.7],[645190.01,4824424.18],[645189.4,4824418.21],[645185.57,4824418.6],[645185.15,4824414.52],[645188.99,4824414.13],[645188.59,4824410.25],[645180.38,4824411.09],[645180.86,4824415.76]]]}},{"type":"Feature","properties":{"id":"27005E00200074_part1","floors":1,"height":3.1,"heightSource":"Catastro:numberOfFloorsAboveGround"},"geometry":{"type":"Polygon","coordinates":[[[645243.09,4824547.5],[645245.58,4824547.03],[645245.71,4824547.72],[645249.95,4824546.92],[645248.17,4824537.48],[645243.93,4824538.28],[645244.02,4824538.77],[645241.53,4824539.24],[645243.09,4824547.5]]]}},{"type":"Feature","properties":{"id":"27005E00200078_part3","floors":2,"height":6.2,"heightSource":"Catastro:numberOfFloorsAboveGround"},"geometry":{"type":"Polygon","coordinates":[[[645302.626,4824610.1045],[645305.366,4824614.285],[645306.916,4824613.265],[645304.166,4824609.0845],[645302.626,4824610.1045]]]}},{"type":"Feature","properties":{"id":"27005E00200078_part4","floors":1,"height":3.1,"heightSource":"Catastro:numberOfFloorsAboveGround"},"geometry":{"type":"Polygon","coordinates":[[[645303.126,4824607.5045],[645301.576,4824608.5145],[645301.966,4824609.1045],[645302.626,4824610.1045],[645304.166,4824609.0845],[645303.126,4824607.5045]]]}},{"type":"Feature","properties":{"id":"27005E00200078_part5","floors":2,"height":6.2,"heightSource":"Catastro:numberOfFloorsAboveGround"},"geometry":{"type":"Polygon","coordinates":[[[645300.866,4824607.4345],[645300.026,4824607.9845],[645300.406,4824608.5645],[645301.126,4824609.6545],[645301.966,4824609.1045],[645301.576,4824608.5145],[645300.866,4824607.4345]]]}},{"type":"Feature","properties":{"id":"27005E00200078_part6","floors":3,"height":9.3,"heightSource":"Catastro:numberOfFloorsAboveGround"},"geometry":{"type":"Polygon","coordinates":[[[645299.476,4824620.7945],[645299.806,4824621.2945],[645306.076,4824617.175],[645305.746,4824616.665],[645299.476,4824620.7945]]]}},{"type":"Feature","properties":{"id":"27005E00200078_part7","floors":3,"height":9.3,"heightSource":"Catastro:numberOfFloorsAboveGround"},"geometry":{"type":"Polygon","coordinates":[[[645298.966,4824621.8445],[645300.346,4824623.9345],[645308.276,4824618.715],[645306.906,4824616.625],[645306.076,4824617.175],[645299.806,4824621.2945],[645298.966,4824621.8445]]]}},{"type":"Feature","properties":{"id":"27005E00200078_part8","floors":2,"height":6.2,"heightSource":"Catastro:numberOfFloorsAboveGround"},"geometry":{"type":"Polygon","coordinates":[[[645298.706,4824619.6245],[645297.866,4824620.1745],[645298.966,4824621.8445],[645299.806,4824621.2945],[645299.476,4824620.7945],[645298.706,4824619.6245]]]}},{"type":"Feature","properties":{"id":"27005E00200078_part9","floors":3,"height":9.3,"heightSource":"Catastro:numberOfFloorsAboveGround"},"geometry":{"type":"Polygon","coordinates":[[[645294.856,4824613.7745],[645294.026,4824614.3245],[645295.456,4824616.4945],[645296.436,4824618.0045],[645297.866,4824620.1745],[645298.706,4824619.6245],[645299.476,4824620.7945],[645305.746,4824616.665],[645304.976,4824615.5045],[645305.806,4824614.955],[645305.366,4824614.285],[645302.626,4824610.1045],[645301.966,4824609.1045],[645301.126,4824609.6545],[645300.406,4824608.5645],[645294.086,4824612.6045],[645294.856,4824613.7745]]]}},{"type":"Feature","properties":{"id":"27005E00200078_part10","floors":3,"height":9.3,"heightSource":"Catastro:numberOfFloorsAboveGround"},"geometry":{"type":"Polygon","coordinates":[[[645293.756,4824612.1045],[645294.086,4824612.6045],[645300.406,4824608.5645],[645300.026,4824607.9845],[645293.756,4824612.1045]]]}},{"type":"Feature","properties":{"id":"27005E00200299_part1","floors":1,"height":3.1,"heightSource":"Catastro:numberOfFloorsAboveGround"},"geometry":{"type":"Polygon","coordinates":[[[645790.6862,4824543.7182],[645788.3857,4824543.9382],[645788.5257,4824545.4682],[645792.3562,4824545.0982],[645792.0662,4824542.0882],[645790.5362,4824542.2482],[645790.6862,4824543.7182]]]}},{"type":"Feature","properties":{"id":"27005E00200299_part2","floors":1,"height":3.1,"heightSource":"Catastro:numberOfFloorsAboveGround"},"geometry":{"type":"Polygon","coordinates":[[[645806.5562,4824541.2482],[645810.4021,4824540.99695],[645809.78065,4824531.1967],[645809.76745,4824530.9885],[645805.89645,4824531.2945],[645805.76555,4824531.30485],[645806.4255,4824541.2572],[645806.5562,4824541.2482]]]}},{"type":"Feature","properties":{"id":"27005E00200299_part3","floors":3,"height":9.3,"heightSource":"Catastro:numberOfFloorsAboveGround"},"geometry":{"type":"Polygon","coordinates":[[[645801.0762,4824541.7382],[645800.6362,4824537.1582],[645794.5862,4824537.7482],[645795.0262,4824542.3282],[645801.0762,4824541.7382]]]}},{"type":"Feature","properties":{"id":"27005E00200299_part4","floors":2,"height":6.2,"heightSource":"Catastro:numberOfFloorsAboveGround"},"geometry":{"type":"Polygon","coordinates":[[[645803.6462,4824543.9982],[645802.7562,4824534.4482],[645791.7262,4824535.5182],[645792.1362,4824539.7982],[645792.6262,4824539.7482],[645792.7462,4824540.8882],[645791.9662,4824540.9682],[645792.0662,4824542.0882],[645792.3562,4824545.0982],[645803.6462,4824543.9982]],[[645794.5862,4824537.7482],[645800.6362,4824537.1582],[645801.0762,4824541.7382],[645795.0262,4824542.3282],[645794.5862,4824537.7482]]]}},{"type":"Feature","properties":{"id":"27005E00200303_part1","floors":3,"height":9.3,"heightSource":"Catastro:numberOfFloorsAboveGround"},"geometry":{"type":"Polygon","coordinates":[[[645891.5265,4824584.1685],[645891.6665,4824588.5685],[645894.8665,4824588.4585],[645894.9765,4824591.8585],[645896.9765,4824591.7885],[645897.0165,4824593.1885],[645899.6165,4824593.1085],[645899.5765,4824591.7085],[645903.4665,4824591.5785],[645903.2165,4824583.7885],[645894.7165,4824584.0585],[645891.5265,4824584.1685]]]}},{"type":"Feature","properties":{"id":"27005E00200303_part2","floors":2,"height":6.2,"heightSource":"Catastro:numberOfFloorsAboveGround"},"geometry":{"type":"Polygon","coordinates":[[[645903.1465,4824581.6885],[645894.6565,4824581.9685],[645894.7165,4824584.0585],[645903.2165,4824583.7885],[645903.1465,4824581.6885]]]}},{"type":"Feature","properties":{"id":"27005E00200303_part3","floors":2,"height":6.2,"heightSource":"Catastro:numberOfFloorsAboveGround"},"geometry":{"type":"Polygon","coordinates":[[[645894.8665,4824588.4585],[645891.6665,4824588.5685],[645891.7765,4824591.9585],[645894.9765,4824591.8585],[645894.8665,4824588.4585]]]}},{"type":"Feature","properties":{"id":"27005E00200304_part1","floors":2,"height":6.2,"heightSource":"Catastro:numberOfFloorsAboveGround"},"geometry":{"type":"Polygon","coordinates":[[[645915.2439,4824580.75445],[645915.3739,4824585.02445],[645918.8939,4824584.92445],[645918.9939,4824588.45445],[645919.3739,4824588.43445],[645920.6739,4824588.40445],[645920.7239,4824590.39445],[645923.3239,4824590.32495],[645923.2739,4824588.32495],[645923.9639,4824588.30495],[645927.1639,4824588.21495],[645926.9439,4824580.41495],[645921.7439,4824580.56445],[645919.1439,4824580.64445],[645915.2439,4824580.75445]]]}},{"type":"Feature","properties":{"id":"27005E00200304_part3","floors":1,"height":3.1,"heightSource":"Catastro:numberOfFloorsAboveGround"},"geometry":{"type":"Polygon","coordinates":[[[645920.6739,4824588.40445],[645919.3739,4824588.43445],[645919.4239,4824590.43445],[645920.7239,4824590.39445],[645920.6739,4824588.40445]]]}},{"type":"Feature","properties":{"id":"27005E00200304_part4","floors":1,"height":3.1,"heightSource":"Catastro:numberOfFloorsAboveGround"},"geometry":{"type":"Polygon","coordinates":[[[645921.7039,4824579.16445],[645919.1039,4824579.24445],[645919.1439,4824580.64445],[645921.7439,4824580.56445],[645921.7039,4824579.16445]]]}},{"type":"Feature","properties":{"id":"27005E00200304_part5","floors":1,"height":3.1,"heightSource":"Catastro:numberOfFloorsAboveGround"},"geometry":{"type":"Polygon","coordinates":[[[645918.8939,4824584.92445],[645915.3739,4824585.02445],[645915.4739,4824588.55445],[645918.9939,4824588.45445],[645918.8939,4824584.92445]]]}},{"type":"Feature","properties":{"id":"27005E00200305_part1","floors":2,"height":6.2,"heightSource":"Catastro:numberOfFloorsAboveGround"},"geometry":{"type":"Polygon","coordinates":[[[645944.365,4824580.49645],[645944.505,4824584.89645],[645947.7055,4824584.78645],[645947.8155,4824588.18645],[645949.8155,4824588.11645],[645949.8555,4824589.51645],[645952.4555,4824589.43645],[645952.4155,4824588.03645],[645956.3055,4824587.90645],[645956.0555,4824580.11645],[645952.1555,4824580.23645],[645947.5555,4824580.38645],[645944.365,4824580.49645]]]}},{"type":"Feature","properties":{"id":"27005E00200305_part2","floors":1,"height":3.1,"heightSource":"Catastro:numberOfFloorsAboveGround"},"geometry":{"type":"Polygon","coordinates":[[[645955.9855,4824578.01645],[645954.2455,4824578.07645],[645952.0855,4824578.14645],[645952.1555,4824580.23645],[645956.0555,4824580.11645],[645955.9855,4824578.01645]]]}},{"type":"Feature","properties":{"id":"27005E00200305_part3","floors":1,"height":3.1,"heightSource":"Catastro:numberOfFloorsAboveGround"},"geometry":{"type":"Polygon","coordinates":[[[645947.4955,4824578.29645],[645947.5555,4824580.38645],[645952.1555,4824580.23645],[645952.0855,4824578.14645],[645947.4955,4824578.29645]]]}},{"type":"Feature","properties":{"id":"27005E00200305_part4","floors":1,"height":3.1,"heightSource":"Catastro:numberOfFloorsAboveGround"},"geometry":{"type":"Polygon","coordinates":[[[645947.7055,4824584.78645],[645944.505,4824584.89645],[645944.615,4824588.28645],[645947.8155,4824588.18645],[645947.7055,4824584.78645]]]}},{"type":"Feature","properties":{"id":"27005E00200306_part1","floors":1,"height":3.1,"heightSource":"Catastro:numberOfFloorsAboveGround"},"geometry":{"type":"Polygon","coordinates":[[[645981.18,4824574.3],[645974.49,4824574.49],[645974.51,4824575.34],[645978.9,4824575.22],[645978.92,4824575.66],[645981.22,4824575.6],[645981.18,4824574.3]]]}},{"type":"Feature","properties":{"id":"27005E00200306_part2","floors":1,"height":3.1,"heightSource":"Catastro:numberOfFloorsAboveGround"},"geometry":{"type":"Polygon","coordinates":[[[645982.25,4824580.57],[645982.38,4824585.17],[645986.7,4824585.04],[645986.56,4824580.44],[645982.25,4824580.57]]]}},{"type":"Feature","properties":{"id":"27005E00200306_part3","floors":2,"height":6.2,"heightSource":"Catastro:numberOfFloorsAboveGround"},"geometry":{"type":"Polygon","coordinates":[[[645978.95,4824576.71],[645974.55,4824576.84],[645974.79,4824585.39],[645982.38,4824585.17],[645982.25,4824580.57],[645986.56,4824580.44],[645986.45,4824576.51],[645981.25,4824576.65],[645981.22,4824575.6],[645978.92,4824575.66],[645978.95,4824576.71]]]}},{"type":"Feature","properties":{"id":"27005E00200306_part4","floors":1,"height":3.1,"heightSource":"Catastro:numberOfFloorsAboveGround"},"geometry":{"type":"Polygon","coordinates":[[[645978.9,4824575.22],[645974.51,4824575.34],[645974.55,4824576.84],[645978.95,4824576.71],[645978.92,4824575.66],[645978.9,4824575.22]]]}},{"type":"Feature","properties":{"id":"27005E00200307_part1","floors":2,"height":6.2,"heightSource":"Catastro:numberOfFloorsAboveGround"},"geometry":{"type":"Polygon","coordinates":[[[645950.411,4824529.3],[645947.214,4824529.4425],[645947.3655,4824532.839],[645949.663,4824532.7365],[645950.5625,4824532.6965],[645950.411,4824529.3]]]}},{"type":"Feature","properties":{"id":"27005E00200307_part2","floors":2,"height":6.2,"heightSource":"Catastro:numberOfFloorsAboveGround"},"geometry":{"type":"Polygon","coordinates":[[[645947.018,4824525.047],[645947.214,4824529.4425],[645950.411,4824529.3],[645950.5625,4824532.6965],[645952.5605,4824532.6075],[645952.6225,4824534.006],[645955.22,4824533.89],[645955.1575,4824532.4915],[645959.054,4824532.3175],[645958.8735,4824528.272],[645958.7195,4824524.825],[645958.706,4824524.5255],[645950.2145,4824524.904],[645947.018,4824525.047]]]}},{"type":"Feature","properties":{"id":"27005E00200307_part3","floors":1,"height":3.1,"heightSource":"Catastro:numberOfFloorsAboveGround"},"geometry":{"type":"Polygon","coordinates":[[[645946.929,4824523.049],[645947.018,4824525.047],[645950.2145,4824524.904],[645950.1255,4824522.906],[645946.929,4824523.049]]]}},{"type":"Feature","properties":{"id":"27005E00200307_part4","floors":1,"height":3.1,"heightSource":"Catastro:numberOfFloorsAboveGround"},"geometry":{"type":"Polygon","coordinates":[[[645978.4135,4824542.8915],[645979.274,4824541.9575],[645980.5685,4824543.1505],[645983.618,4824539.841],[645982.3235,4824538.6485],[645983.157,4824537.744],[645976.539,4824531.645],[645971.795,4824536.7925],[645978.4135,4824542.8915]]]}},{"type":"Feature","properties":{"id":"27005E00200307_part5","floors":2,"height":6.2,"heightSource":"Catastro:numberOfFloorsAboveGround"},"geometry":{"type":"Polygon","coordinates":[[[645950.1255,4824522.906],[645950.2145,4824524.904],[645958.706,4824524.5255],[645958.617,4824522.5275],[645954.3715,4824522.717],[645950.1255,4824522.906]]]}},{"type":"Feature","properties":{"id":"27005E00200333_part1","floors":2,"height":6.2,"heightSource":"Catastro:numberOfFloorsAboveGround"},"geometry":{"type":"Polygon","coordinates":[[[645549.08,4824214.99],[645547.97,4824207.52],[645549.45,4824207.3],[645548.85,4824203.2],[645540.89,4824204.38],[645542.6,4824215.95],[645549.08,4824214.99]]]}},{"type":"Feature","properties":{"id":"27005E00200334_part1","floors":2,"height":6.2,"heightSource":"Catastro:numberOfFloorsAboveGround"},"geometry":{"type":"Polygon","coordinates":[[[645038.28,4824207.21],[645038.54,4824210.6],[645041.93,4824210.34],[645041.67,4824206.95],[645038.28,4824207.21]]]}},{"type":"Feature","properties":{"id":"27005E00200334_part2","floors":2,"height":6.2,"heightSource":"Catastro:numberOfFloorsAboveGround"},"geometry":{"type":"Polygon","coordinates":[[[645048.25,4824218.07],[645048.51,4824221.46],[645051.9,4824221.2],[645051.64,4824217.81],[645048.25,4824218.07]]]}},{"type":"Feature","properties":{"id":"27005E00200334_part3","floors":2,"height":6.2,"heightSource":"Catastro:numberOfFloorsAboveGround"},"geometry":{"type":"Polygon","coordinates":[[[645050.74,4824206.25],[645047.35,4824206.51],[645047.61,4824209.9],[645051.0,4824209.64],[645050.74,4824206.25]]]}},{"type":"Feature","properties":{"id":"27005E00200334_part4","floors":3,"height":9.3,"heightSource":"Catastro:numberOfFloorsAboveGround"},"geometry":{"type":"Polygon","coordinates":[[[645047.22,4824212.41],[645043.23,4824212.7],[645043.26,4824213.15],[645043.35,4824214.34],[645043.44,4824215.54],[645043.47,4824215.97],[645047.46,4824215.65],[645047.33,4824214.03],[645047.22,4824212.41]]]}},{"type":"Feature","properties":{"id":"27005E00200334_part5","floors":2,"height":6.2,"heightSource":"Catastro:numberOfFloorsAboveGround"},"geometry":{"type":"Polygon","coordinates":[[[645042.56,4824218.52],[645039.18,4824218.78],[645039.44,4824222.17],[645042.83,4824221.91],[645042.56,4824218.52]]]}},{"type":"Feature","properties":{"id":"27005E00200334_part6","floors":3,"height":9.3,"heightSource":"Catastro:numberOfFloorsAboveGround"},"geometry":{"type":"Polygon","coordinates":[[[645038.95,4824215.89],[645039.18,4824218.78],[645042.56,4824218.52],[645042.83,4824221.91],[645048.51,4824221.46],[645048.25,4824218.07],[645051.64,4824217.81],[645051.32,4824213.72],[645047.33,4824214.03],[645047.46,4824215.65],[645043.47,4824215.97],[645043.44,4824215.54],[645038.95,4824215.89]]]}},{"type":"Feature","properties":{"id":"27005E00200334_part7","floors":3,"height":9.3,"heightSource":"Catastro:numberOfFloorsAboveGround"},"geometry":{"type":"Polygon","coordinates":[[[645038.86,4824214.69],[645038.95,4824215.89],[645043.44,4824215.54],[645043.35,4824214.34],[645038.86,4824214.69]]]}},{"type":"Feature","properties":{"id":"27005E00200334_part8","floors":3,"height":9.3,"heightSource":"Catastro:numberOfFloorsAboveGround"},"geometry":{"type":"Polygon","coordinates":[[[645038.77,4824213.53],[645038.86,4824214.69],[645043.35,4824214.34],[645043.26,4824213.15],[645038.77,4824213.53]]]}},{"type":"Feature","properties":{"id":"27005E00200334_part9","floors":3,"height":9.3,"heightSource":"Catastro:numberOfFloorsAboveGround"},"geometry":{"type":"Polygon","coordinates":[[[645041.93,4824210.34],[645038.54,4824210.6],[645038.77,4824213.53],[645043.26,4824213.15],[645043.23,4824212.7],[645047.22,4824212.41],[645047.33,4824214.03],[645051.32,4824213.72],[645051.0,4824209.64],[645047.61,4824209.9],[645047.35,4824206.51],[645041.67,4824206.95],[645041.93,4824210.34]]]}},{"type":"Feature","properties":{"id":"27005E00200365_part2","floors":2,"height":6.2,"heightSource":"Catastro:numberOfFloorsAboveGround"},"geometry":{"type":"Polygon","coordinates":[[[645414.9573,4824634.85855],[645414.9181,4824632.4945],[645412.91845,4824632.52765],[645412.9576,4824634.8917],[645414.9573,4824634.85855]]]}},{"type":"Feature","properties":{"id":"27005E00200365_part3","floors":3,"height":9.3,"heightSource":"Catastro:numberOfFloorsAboveGround"},"geometry":{"type":"Polygon","coordinates":[[[645414.82955,4824627.1496],[645405.16085,4824627.30985],[645405.20005,4824629.67395],[645414.86875,4824629.51365],[645414.82955,4824627.1496]]]}},{"type":"Feature","properties":{"id":"27005E00200365_part4","floors":1,"height":3.1,"heightSource":"Catastro:numberOfFloorsAboveGround"},"geometry":{"type":"Polygon","coordinates":[[[645390.87915,4824640.61855],[645393.87565,4824640.9372],[645393.92555,4824636.6538],[645390.92575,4824636.61885],[645390.87915,4824640.61855]]]}},{"type":"Feature","properties":{"id":"27005E00200365_part5","floors":1,"height":3.1,"heightSource":"Catastro:numberOfFloorsAboveGround"},"geometry":{"type":"Polygon","coordinates":[[[645399.4698,4824641.53205],[645399.57,4824633.53],[645395.77,4824633.48],[645395.6758,4824641.1286],[645395.8733,4824641.1496],[645399.4698,4824641.53205]]]}},{"type":"Feature","properties":{"id":"27005E00200365_part6","floors":4,"height":12.4,"heightSource":"Catastro:numberOfFloorsAboveGround"},"geometry":{"type":"Polygon","coordinates":[[[645414.86875,4824629.51365],[645405.20005,4824629.67395],[645405.2494,4824632.65475],[645412.91845,4824632.52765],[645412.9099,4824632.0121],[645414.9096,4824631.979],[645414.86875,4824629.51365]]]}},{"type":"Feature","properties":{"id":"27005E00200365_part7","floors":2,"height":6.2,"heightSource":"Catastro:numberOfFloorsAboveGround"},"geometry":{"type":"Polygon","coordinates":[[[645413.0406,4824639.901],[645412.9576,4824634.8917],[645408.358,4824634.96795],[645408.441,4824639.97725],[645413.0406,4824639.901]]]}},{"type":"Feature","properties":{"id":"27005E00200365_part8","floors":3,"height":9.3,"heightSource":"Catastro:numberOfFloorsAboveGround"},"geometry":{"type":"Polygon","coordinates":[[[645405.2494,4824632.65475],[645405.2886,4824635.01885],[645412.9576,4824634.8917],[645412.91845,4824632.52765],[645405.2494,4824632.65475]]]}},{"type":"Feature","properties":{"id":"27005E00200365_part9","floors":1,"height":3.1,"heightSource":"Catastro:numberOfFloorsAboveGround"},"geometry":{"type":"Polygon","coordinates":[[[645390.96305,4824633.4199],[645390.92575,4824636.61885],[645393.92555,4824636.6538],[645393.87565,4824640.9372],[645395.6758,4824641.1286],[645395.77,4824633.48],[645390.96305,4824633.4199]]]}},{"type":"Feature","properties":{"id":"27005E00200365_part10","floors":2,"height":6.2,"heightSource":"Catastro:numberOfFloorsAboveGround"},"geometry":{"type":"Polygon","coordinates":[[[645405.2886,4824635.01885],[645405.37165,4824640.0281],[645408.441,4824639.97725],[645408.358,4824634.96795],[645405.2886,4824635.01885]]]}},{"type":"Feature","properties":{"id":"27005E00201003_part1","floors":1,"height":3.1,"heightSource":"Catastro:numberOfFloorsAboveGround"},"geometry":{"type":"Polygon","coordinates":[[[645373.8275,4824406.6655],[645374.8775,4824416.4955],[645375.0495,4824418.4145],[645380.855,4824417.962],[645379.913,4824405.901],[645373.8275,4824406.6655]]]}},{"type":"Feature","properties":{"id":"27005E00201004_part1","floors":1,"height":3.1,"heightSource":"Catastro:numberOfFloorsAboveGround"},"geometry":{"type":"Polygon","coordinates":[[[645375.4665,4824381.156],[645370.5345,4824381.98],[645371.408,4824387.2065],[645376.3255,4824386.651],[645375.4665,4824381.156]]]}},{"type":"Feature","properties":{"id":"27005E00201035_part1","floors":1,"height":3.1,"heightSource":"Catastro:numberOfFloorsAboveGround"},"geometry":{"type":"Polygon","coordinates":[[[645686.4,4824325.407],[645686.404,4824325.446],[645687.0525,4824331.377],[645692.9935,4824330.558],[645692.34,4824324.5885],[645686.4,4824325.407]]]}},{"type":"Feature","properties":{"id":"27005E00201075_part1","floors":1,"height":3.1,"heightSource":"Catastro:numberOfFloorsAboveGround"},"geometry":{"type":"Polygon","coordinates":[[[645230.91,4824224.1],[645229.25,4824215.25],[645226.37,4824215.8],[645228.03,4824224.64],[645230.91,4824224.1]]]}},{"type":"Feature","properties":{"id":"27005E00201075_part2","floors":1,"height":3.1,"heightSource":"Catastro:numberOfFloorsAboveGround"},"geometry":{"type":"Polygon","coordinates":[[[645220.4218,4824211.84645],[645220.9629,4824214.8248],[645226.51615,4824214.0655],[645225.9862,4824211.0876],[645220.4218,4824211.84645]]]}},{"type":"Feature","properties":{"id":"27005E00201075_part3","floors":1,"height":3.1,"heightSource":"Catastro:numberOfFloorsAboveGround"},"geometry":{"type":"Polygon","coordinates":[[[645224.9424,4824205.22235],[645219.7745,4824205.879],[645219.3475,4824205.933],[645220.4218,4824211.84645],[645225.9862,4824211.0876],[645224.9424,4824205.22235]]]}},{"type":"Feature","properties":{"id":"27005E00201086_part1","floors":2,"height":6.2,"heightSource":"Catastro:numberOfFloorsAboveGround"},"geometry":{"type":"Polygon","coordinates":[[[645047.35,4824255.73],[645049.96,4824261.86],[645051.25,4824261.31],[645049.37,4824256.9],[645050.2,4824256.54],[645049.63,4824255.21],[645047.35,4824255.73]]]}},{"type":"Feature","properties":{"id":"27005E00201086_part2","floors":2,"height":6.2,"heightSource":"Catastro:numberOfFloorsAboveGround"},"geometry":{"type":"Polygon","coordinates":[[[645056.36,4824253.91],[645056.87,4824255.11],[645058.44,4824254.44],[645057.93,4824253.24],[645056.36,4824253.91]]]}},{"type":"Feature","properties":{"id":"27005E00201086_part3","floors":2,"height":6.2,"heightSource":"Catastro:numberOfFloorsAboveGround"},"geometry":{"type":"Polygon","coordinates":[[[645055.17,4824254.42],[645058.15,4824261.41],[645058.62,4824262.52],[645061.38,4824261.34],[645058.44,4824254.44],[645056.87,4824255.11],[645056.36,4824253.91],[645055.81,4824254.15],[645055.17,4824254.42]]]}},{"type":"Feature","properties":{"id":"27005E00201086_part4","floors":1,"height":3.1,"heightSource":"Catastro:numberOfFloorsAboveGround"},"geometry":{"type":"Polygon","coordinates":[[[645057.22,4824251.59],[645055.1,4824252.49],[645055.81,4824254.15],[645056.36,4824253.91],[645057.93,4824253.24],[645057.22,4824251.59]]]}},{"type":"Feature","properties":{"id":"27005E00201086_part5","floors":3,"height":9.3,"heightSource":"Catastro:numberOfFloorsAboveGround"},"geometry":{"type":"Polygon","coordinates":[[[645053.18,4824263.53],[645053.65,4824264.63],[645058.62,4824262.52],[645058.15,4824261.41],[645053.18,4824263.53]]]}},{"type":"Feature","properties":{"id":"27005E00201086_part6","floors":3,"height":9.3,"heightSource":"Catastro:numberOfFloorsAboveGround"},"geometry":{"type":"Polygon","coordinates":[[[645050.2,4824256.54],[645053.18,4824263.53],[645058.15,4824261.41],[645055.17,4824254.42],[645052.18,4824255.7],[645050.2,4824256.54]]]}},{"type":"Feature","properties":{"id":"27005E00201086_part7","floors":3,"height":9.3,"heightSource":"Catastro:numberOfFloorsAboveGround"},"geometry":{"type":"Polygon","coordinates":[[[645051.77,4824254.73],[645049.63,4824255.21],[645050.2,4824256.54],[645052.18,4824255.7],[645051.77,4824254.73]]]}},{"type":"Feature","properties":{"id":"27005E00201086_part8","floors":2,"height":6.2,"heightSource":"Catastro:numberOfFloorsAboveGround"},"geometry":{"type":"Polygon","coordinates":[[[645049.37,4824256.9],[645051.25,4824261.31],[645049.96,4824261.86],[645051.53,4824265.54],[645053.65,4824264.63],[645053.18,4824263.53],[645050.2,4824256.54],[645049.37,4824256.9]]]}},{"type":"Feature","properties":{"id":"27005E00201088_part1","floors":2,"height":6.2,"heightSource":"Catastro:numberOfFloorsAboveGround"},"geometry":{"type":"Polygon","coordinates":[[[645028.62,4824188.19],[645027.32,4824188.29],[645027.71,4824193.03],[645029.01,4824192.92],[645028.62,4824188.19]]]}},{"type":"Feature","properties":{"id":"27005E00201088_part2","floors":2,"height":6.2,"heightSource":"Catastro:numberOfFloorsAboveGround"},"geometry":{"type":"Polygon","coordinates":[[[645035.69,4824192.37],[645035.327457627,4824188.0],[645027.2954237288,4824188.0],[645027.32,4824188.29],[645028.62,4824188.19],[645029.01,4824192.92],[645029.61,4824192.87],[645030.66,4824192.78],[645032.75,4824192.61],[645035.69,4824192.37]]]}},{"type":"Feature","properties":{"id":"27005E00201119_part1","floors":1,"height":3.1,"heightSource":"Catastro:numberOfFloorsAboveGround"},"geometry":{"type":"Polygon","coordinates":[[[645675.28,4824215.48],[645664.56,4824216.84],[645664.19,4824216.93],[645663.83,4824217.08],[645663.51,4824217.3],[645663.23,4824217.56],[645662.91,4824218.04],[645662.77,4824218.4],[645662.7,4824218.78],[645662.69,4824219.16],[645662.75,4824219.55],[645662.88,4824219.91],[645663.07,4824220.25],[645663.31,4824220.54],[645663.61,4824220.79],[645663.77,4824220.9],[645664.12,4824221.06],[645664.49,4824221.16],[645664.87,4824221.2],[645665.26,4824221.17],[645665.45,4824221.12],[645666.6,4824230.2],[645676.98,4824228.88],[645675.28,4824215.48]]]}},{"type":"Feature","properties":{"id":"27005E00201119_part2","floors":1,"height":3.1,"heightSource":"Catastro:numberOfFloorsAboveGround"},"geometry":{"type":"Polygon","coordinates":[[[645674.49,4824232.49],[645675.2505,4824238.4655],[645678.041,4824238.112],[645681.5015,4824237.674],[645681.5025,4824237.6065],[645680.7545,4824231.6995],[645674.49,4824232.49]]]}},{"type":"Feature","properties":{"id":"27005E00201159_part1","floors":1,"height":3.1,"heightSource":"Catastro:numberOfFloorsAboveGround"},"geometry":{"type":"Polygon","coordinates":[[[645809.01,4824376.78],[645809.1,4824378.23],[645811.35,4824378.09],[645811.26,4824376.64],[645809.01,4824376.78]]]}},{"type":"Feature","properties":{"id":"27005E00201159_part2","floors":1,"height":3.1,"heightSource":"Catastro:numberOfFloorsAboveGround"},"geometry":{"type":"Polygon","coordinates":[[[645821.93,4824384.01],[645822.18,4824388.1125],[645830.1545,4824387.454],[645830.1405,4824387.319],[645830.0855,4824386.781],[645830.084,4824386.7685],[645830.0795,4824386.7235],[645829.751,4824383.52],[645821.93,4824384.01]]]}},{"type":"Feature","properties":{"id":"27005E00201159_part3","floors":1,"height":3.1,"heightSource":"Catastro:numberOfFloorsAboveGround"},"geometry":{"type":"Polygon","coordinates":[[[645815.86,4824382.07],[645815.95,4824383.52],[645818.2,4824383.38],[645818.11,4824381.93],[645815.86,4824382.07]]]}},{"type":"Feature","properties":{"id":"27005E00201159_part4","floors":1,"height":3.1,"heightSource":"Catastro:numberOfFloorsAboveGround"},"geometry":{"type":"Polygon","coordinates":[[[645817.56,4824373.05],[645815.31,4824373.19],[645815.6,4824377.83],[645817.85,4824377.69],[645817.56,4824373.05]]]}},{"type":"Feature","properties":{"id":"27005E00201159_part5","floors":1,"height":3.1,"heightSource":"Catastro:numberOfFloorsAboveGround"},"geometry":{"type":"Polygon","coordinates":[[[645811.61,4824382.33],[645809.36,4824382.47],[645809.45,4824383.92],[645811.7,4824383.78],[645811.61,4824382.33]]]}},{"type":"Feature","properties":{"id":"27005E00201159_part6","floors":2,"height":6.2,"heightSource":"Catastro:numberOfFloorsAboveGround"},"geometry":{"type":"Polygon","coordinates":[[[645811.44,4824379.54],[645809.19,4824379.67],[645809.36,4824382.47],[645811.61,4824382.33],[645811.7,4824383.78],[645815.95,4824383.52],[645815.86,4824382.07],[645818.11,4824381.93],[645817.85,4824377.69],[645815.6,4824377.83],[645815.31,4824373.19],[645811.06,4824373.45],[645811.26,4824376.64],[645811.35,4824378.09],[645811.44,4824379.54]]]}},{"type":"Feature","properties":{"id":"27005E00201159_part7","floors":2,"height":6.2,"heightSource":"Catastro:numberOfFloorsAboveGround"},"geometry":{"type":"Polygon","coordinates":[[[645809.1,4824378.23],[645809.19,4824379.67],[645811.44,4824379.54],[645811.35,4824378.09],[645809.1,4824378.23]]]}},{"type":"Feature","properties":{"id":"27005E00201168_part1","floors":1,"height":3.1,"heightSource":"Catastro:numberOfFloorsAboveGround"},"geometry":{"type":"Polygon","coordinates":[[[645952.81,4824373.15],[645953.17,4824376.44],[645946.37,4824377.19],[645947.69,4824389.12],[645955.45,4824388.25],[645954.56,4824380.25],[645960.0205,4824379.65],[645959.2185,4824372.4405],[645952.81,4824373.15]]]}},{"type":"Feature","properties":{"id":"27005E00201181_part1","floors":1,"height":3.1,"heightSource":"Catastro:numberOfFloorsAboveGround"},"geometry":{"type":"Polygon","coordinates":[[[645143.28,4824253.72],[645133.84,4824254.77],[645134.24,4824258.45],[645138.72,4824257.95],[645139.14,4824261.7305],[645141.271,4824261.4935],[645144.1,4824261.178],[645143.28,4824253.72]]]}},{"type":"Feature","properties":{"id":"27005E00201192_part1","floors":1,"height":3.1,"heightSource":"Catastro:numberOfFloorsAboveGround"},"geometry":{"type":"Polygon","coordinates":[[[645792.76,4824572.08],[645792.9,4824580.15],[645796.55,4824580.08],[645796.41,4824572.01],[645792.76,4824572.08]]]}},{"type":"Feature","properties":{"id":"27005E00201192_part2","floors":1,"height":3.1,"heightSource":"Catastro:numberOfFloorsAboveGround"},"geometry":{"type":"Polygon","coordinates":[[[645812.0435,4824566.885],[645812.0025,4824566.233],[645810.2005,4824566.3255],[645810.52,4824571.31],[645812.3185,4824571.22],[645812.0435,4824566.885]]]}},{"type":"Feature","properties":{"id":"27005E00201192_part3","floors":1,"height":3.1,"heightSource":"Catastro:numberOfFloorsAboveGround"},"geometry":{"type":"Polygon","coordinates":[[[645802.44,4824576.61],[645802.41,4824574.61],[645800.81,4824574.64],[645800.84,4824576.64],[645802.44,4824576.61]]]}},{"type":"Feature","properties":{"id":"27005E00201192_part4","floors":2,"height":6.2,"heightSource":"Catastro:numberOfFloorsAboveGround"},"geometry":{"type":"Polygon","coordinates":[[[645800.76,4824571.94],[645796.41,4824572.01],[645796.55,4824580.08],[645800.9,4824580.01],[645800.84,4824576.64],[645800.81,4824574.64],[645800.76,4824571.94]]]}},{"type":"Feature","properties":{"id":"27005E00201193_part1","floors":1,"height":3.1,"heightSource":"Catastro:numberOfFloorsAboveGround"},"geometry":{"type":"Polygon","coordinates":[[[645570.7995,4824566.3775],[645571.2395,4824569.7875],[645571.3295,4824570.4075],[645577.36,4824569.5275],[645576.75,4824565.0075],[645576.67,4824564.3975],[645570.6795,4824565.2175],[645570.7995,4824566.3775]]]}},{"type":"Feature","properties":{"id":"27005E00201193_part2","floors":1,"height":3.1,"heightSource":"Catastro:numberOfFloorsAboveGround"},"geometry":{"type":"Polygon","coordinates":[[[645578.82,4824543.4975],[645577.36,4824543.6375],[645577.78,4824548.2475],[645577.82,4824548.6475],[645579.29,4824548.5075],[645579.25,4824548.1075],[645578.82,4824543.4975]]]}},{"type":"Feature","properties":{"id":"27005E00201193_part3","floors":2,"height":6.2,"heightSource":"Catastro:numberOfFloorsAboveGround"},"geometry":{"type":"Polygon","coordinates":[[[645581.09,4824555.9475],[645581.28,4824557.9475],[645584.54,4824557.6375],[645584.35,4824555.6475],[645581.09,4824555.9475]]]}},{"type":"Feature","properties":{"id":"27005E00201193_part5","floors":2,"height":6.2,"heightSource":"Catastro:numberOfFloorsAboveGround"},"geometry":{"type":"Polygon","coordinates":[[[645583.65,4824548.0975],[645580.39,4824548.4075],[645580.53,4824549.8475],[645583.78,4824549.5475],[645583.65,4824548.0975]]]}},{"type":"Feature","properties":{"id":"27005E00201193_part6","floors":3,"height":9.3,"heightSource":"Catastro:numberOfFloorsAboveGround"},"geometry":{"type":"Polygon","coordinates":[[[645576.9,4824548.7275],[645577.03,4824550.1775],[645580.53,4824549.8475],[645580.39,4824548.4075],[645579.29,4824548.5075],[645577.82,4824548.6475],[645576.9,4824548.7275]]]}},{"type":"Feature","properties":{"id":"27005E00201193_part7","floors":2,"height":6.2,"heightSource":"Catastro:numberOfFloorsAboveGround"},"geometry":{"type":"Polygon","coordinates":[[[645577.6,4824556.2775],[645574.34,4824556.5775],[645574.53,4824558.5675],[645577.78,4824558.2675],[645577.6,4824556.2775]]]}},{"type":"Feature","properties":{"id":"27005E00201193_part8","floors":3,"height":9.3,"heightSource":"Catastro:numberOfFloorsAboveGround"},"geometry":{"type":"Polygon","coordinates":[[[645577.08,4824550.7175],[645573.83,4824551.0275],[645573.99,4824552.8075],[645574.18,4824554.7975],[645574.34,4824556.5775],[645577.6,4824556.2775],[645577.78,4824558.2675],[645581.28,4824557.9475],[645581.09,4824555.9475],[645584.35,4824555.6475],[645583.83,4824550.0875],[645580.58,4824550.3975],[645580.53,4824549.8475],[645577.03,4824550.1775],[645577.08,4824550.7175]]]}},{"type":"Feature","properties":{"id":"27005E00201193_part10","floors":2,"height":6.2,"heightSource":"Catastro:numberOfFloorsAboveGround"},"geometry":{"type":"Polygon","coordinates":[[[645573.64,4824549.0375],[645573.77,4824550.4775],[645577.03,4824550.1775],[645576.9,4824548.7275],[645573.64,4824549.0375]]]}},{"type":"Feature","properties":{"id":"27005E00201194_part1","floors":2,"height":6.2,"heightSource":"Catastro:numberOfFloorsAboveGround"},"geometry":{"type":"Polygon","coordinates":[[[645578.5195,4824599.2375],[645578.5395,4824599.4375],[645578.7295,4824600.8275],[645580.2095,4824600.6375],[645580.0095,4824599.0475],[645578.5195,4824599.2375]]]}},{"type":"Feature","properties":{"id":"27005E00201194_part2","floors":2,"height":6.2,"heightSource":"Catastro:numberOfFloorsAboveGround"},"geometry":{"type":"Polygon","coordinates":[[[645577.9995,4824595.2775],[645578.1595,4824596.4675],[645578.5195,4824599.2375],[645580.0095,4824599.0475],[645579.4895,4824595.0775],[645577.9995,4824595.2775]]]}},{"type":"Feature","properties":{"id":"27005E00201194_part4","floors":1,"height":3.1,"heightSource":"Catastro:numberOfFloorsAboveGround"},"geometry":{"type":"Polygon","coordinates":[[[645577.6495,4824592.5975],[645577.9995,4824595.2775],[645579.4895,4824595.0775],[645579.1395,4824592.4075],[645577.6495,4824592.5975]]]}},{"type":"Feature","properties":{"id":"27005E00201194_part5","floors":1,"height":3.1,"heightSource":"Catastro:numberOfFloorsAboveGround"},"geometry":{"type":"Polygon","coordinates":[[[645571.3295,4824570.4075],[645571.4695,4824571.3975],[645571.9795,4824575.6475],[645578.15,4824574.6375],[645577.95,4824573.3075],[645577.36,4824569.5275],[645571.3295,4824570.4075]]]}},{"type":"Feature","properties":{"id":"27005E00201194_part6","floors":2,"height":6.2,"heightSource":"Catastro:numberOfFloorsAboveGround"},"geometry":{"type":"Polygon","coordinates":[[[645579.4895,4824595.0775],[645580.0095,4824599.0475],[645580.2095,4824600.6375],[645586.16,4824599.8575],[645585.44,4824594.2975],[645579.4895,4824595.0775]]]}},{"type":"Feature","properties":{"id":"27005E00201194_part7","floors":1,"height":3.1,"heightSource":"Catastro:numberOfFloorsAboveGround"},"geometry":{"type":"Polygon","coordinates":[[[645585.09,4824591.6275],[645579.1395,4824592.4075],[645579.4895,4824595.0775],[645585.44,4824594.2975],[645585.41,4824594.0575],[645585.09,4824591.6275]]]}},{"type":"Feature","properties":{"id":"27005E00201194_part8","floors":1,"height":3.1,"heightSource":"Catastro:numberOfFloorsAboveGround"},"geometry":{"type":"Polygon","coordinates":[[[645578.7295,4824600.8275],[645579.0795,4824603.5075],[645586.51,4824602.5275],[645586.16,4824599.8575],[645580.2095,4824600.6375],[645578.7295,4824600.8275]]]}},{"type":"Feature","properties":{"id":"27005E00201195_part1","floors":1,"height":3.1,"heightSource":"Catastro:numberOfFloorsAboveGround"},"geometry":{"type":"Polygon","coordinates":[[[645719.69,4824212.49],[645720.27,4824216.91],[645722.72,4824216.6],[645723.2695,4824220.847],[645728.501,4824220.2125],[645728.4465,4824219.7935],[645728.4395,4824219.739],[645727.363,4824211.4895],[645719.69,4824212.49]]]}},{"type":"Feature","properties":{"id":"27005E00201320_part1","floors":1,"height":3.1,"heightSource":"Catastro:numberOfFloorsAboveGround"},"geometry":{"type":"Polygon","coordinates":[[[645769.65745,4824477.26245],[645770.49965,4824484.1162],[645775.4102,4824483.707],[645774.52625,4824476.8567],[645769.65745,4824477.26245]]]}},{"type":"Feature","properties":{"id":"27005E00201320_part2","floors":1,"height":3.1,"heightSource":"Catastro:numberOfFloorsAboveGround"},"geometry":{"type":"Polygon","coordinates":[[[645764.4058,4824477.7001],[645764.4592,4824478.1192],[645764.7109,4824480.09555],[645765.32835,4824484.54715],[645770.49965,4824484.1162],[645769.65745,4824477.26245],[645764.4058,4824477.7001]]]}},{"type":"Feature","properties":{"id":"27005E00201347_part1","floors":1,"height":3.1,"heightSource":"Catastro:numberOfFloorsAboveGround"},"geometry":{"type":"Polygon","coordinates":[[[645775.99905,4824191.81325],[645755.2097,4824194.2049],[645757.8527,4824216.26035],[645778.66555,4824213.87865],[645775.99905,4824191.81325]]]}},{"type":"Feature","properties":{"id":"27005E00210049_part1","floors":2,"height":6.2,"heightSource":"Catastro:numberOfFloorsAboveGround"},"geometry":{"type":"Polygon","coordinates":[[[645128.3,4824203.29],[645127.04,4824191.87],[645119.58,4824192.7],[645120.85,4824204.12],[645128.3,4824203.29]]]}},{"type":"Feature","properties":{"id":"27005E00210093_part1","floors":1,"height":3.1,"heightSource":"Catastro:numberOfFloorsAboveGround"},"geometry":{"type":"Polygon","coordinates":[[[645445.97,4824607.47],[645446.8,4824617.25],[645449.55,4824617.01],[645449.53,4824616.74],[645448.73,4824616.81],[645448.66,4824615.92],[645447.31,4824616.02],[645446.68,4824608.36],[645448.02,4824608.24],[645447.95,4824607.31],[645445.97,4824607.47]]]}},{"type":"Feature","properties":{"id":"27005E00210093_part2","floors":1,"height":3.1,"heightSource":"Catastro:numberOfFloorsAboveGround"},"geometry":{"type":"Polygon","coordinates":[[[645455.14,4824594.76],[645455.54,4824599.34],[645459.19,4824599.02],[645459.23,4824599.52],[645464.41,4824599.07],[645463.97,4824593.992],[645455.14,4824594.76]]]}},{"type":"Feature","properties":{"id":"27005E00210093_part3","floors":1,"height":3.1,"heightSource":"Catastro:numberOfFloorsAboveGround"},"geometry":{"type":"Polygon","coordinates":[[[645455.1,4824607.66],[645456.45,4824607.54],[645457.08,4824615.22],[645455.73,4824615.33],[645455.81,4824616.23],[645454.61,4824616.32],[645454.76,4824618.16],[645449.68,4824618.61],[645449.98,4824622.2],[645456.35,4824621.67],[645456.05,4824618.05],[645456.61,4824618.01],[645456.45,4824616.16],[645457.74,4824616.05],[645456.93,4824606.53],[645455.01,4824606.7],[645455.1,4824607.66]]]}},{"type":"Feature","properties":{"id":"27005E00210093_part4","floors":2,"height":6.2,"heightSource":"Catastro:numberOfFloorsAboveGround"},"geometry":{"type":"Polygon","coordinates":[[[645448.02,4824608.24],[645446.68,4824608.36],[645447.31,4824616.02],[645448.66,4824615.92],[645448.73,4824616.81],[645449.53,4824616.74],[645449.55,4824617.01],[645449.68,4824618.61],[645454.76,4824618.16],[645454.61,4824616.32],[645455.81,4824616.23],[645455.73,4824615.33],[645457.08,4824615.22],[645456.45,4824607.54],[645455.1,4824607.66],[645455.01,4824606.7],[645447.95,4824607.31],[645448.02,4824608.24]]]}},{"type":"Feature","properties":{"id":"27005E00210109_part1","floors":3,"height":9.3,"heightSource":"Catastro:numberOfFloorsAboveGround"},"geometry":{"type":"Polygon","coordinates":[[[645829.44,4824587.05],[645818.31,4824587.66],[645818.67,4824594.15],[645823.56,4824593.88],[645825.21,4824593.79],[645825.31,4824595.69],[645829.91,4824595.43],[645829.62,4824590.14],[645829.44,4824587.05]]]}},{"type":"Feature","properties":{"id":"27005E00210109_part2","floors":1,"height":3.1,"heightSource":"Catastro:numberOfFloorsAboveGround"},"geometry":{"type":"Polygon","coordinates":[[[645833.95,4824581.27],[645834.16,4824585.41],[645831.56,4824585.54],[645831.7,4824588.39],[645837.5915,4824588.0905],[645837.245,4824581.1],[645833.95,4824581.27]]]}},{"type":"Feature","properties":{"id":"27005E00210109_part3","floors":2,"height":6.2,"heightSource":"Catastro:numberOfFloorsAboveGround"},"geometry":{"type":"Polygon","coordinates":[[[645825.21,4824593.79],[645823.56,4824593.88],[645823.67,4824595.78],[645825.31,4824595.69],[645825.21,4824593.79]]]}},{"type":"Feature","properties":{"id":"27005E00210138_part2","floors":1,"height":3.1,"heightSource":"Catastro:numberOfFloorsAboveGround"},"geometry":{"type":"Polygon","coordinates":[[[645761.562,4824455.371],[645753.76,4824456.3805],[645754.35,4824460.97],[645754.44,4824461.67],[645762.238,4824460.68],[645761.562,4824455.371]]]}},{"type":"Feature","properties":{"id":"27005E00210138_part3","floors":1,"height":3.1,"heightSource":"Catastro:numberOfFloorsAboveGround"},"geometry":{"type":"Polygon","coordinates":[[[645756.97,4824467.29],[645750.72,4824468.06],[645750.81,4824468.85],[645757.07,4824468.08],[645756.97,4824467.29]]]}},{"type":"Feature","properties":{"id":"27005E00210138_part4","floors":1,"height":3.1,"heightSource":"Catastro:numberOfFloorsAboveGround"},"geometry":{"type":"Polygon","coordinates":[[[645750.28,4824476.87],[645750.38,4824477.66],[645758.12,4824476.72],[645758.03,4824475.93],[645750.28,4824476.87]]]}},{"type":"Feature","properties":{"id":"27005E00210138_part5","floors":2,"height":6.2,"heightSource":"Catastro:numberOfFloorsAboveGround"},"geometry":{"type":"Polygon","coordinates":[[[645751.03,4824470.64],[645749.54,4824470.82],[645750.28,4824476.87],[645758.03,4824475.93],[645757.74,4824473.6],[645760.02,4824473.32],[645759.63,4824470.14],[645757.35,4824470.42],[645757.07,4824468.08],[645750.81,4824468.85],[645751.03,4824470.64]]]}},{"type":"Feature","properties":{"id":"27005E00210138_part6","floors":2,"height":6.2,"heightSource":"Catastro:numberOfFloorsAboveGround"},"geometry":{"type":"Polygon","coordinates":[[[645749.33,4824469.03],[645749.54,4824470.82],[645751.03,4824470.64],[645750.81,4824468.85],[645749.33,4824469.03]]]}},{"type":"Feature","properties":{"id":"27005E00210141_part1","floors":1,"height":3.1,"heightSource":"Catastro:numberOfFloorsAboveGround"},"geometry":{"type":"Polygon","coordinates":[[[645678.17,4824419.18],[645678.44,4824421.11],[645680.41,4824420.84],[645680.14,4824418.92],[645678.17,4824419.18]]]}},{"type":"Feature","properties":{"id":"27005E00210141_part2","floors":1,"height":3.1,"heightSource":"Catastro:numberOfFloorsAboveGround"},"geometry":{"type":"Polygon","coordinates":[[[645693.74,4824427.92],[645692.76,4824420.74],[645691.76,4824420.88],[645690.98,4824415.03],[645688.99,4824415.29],[645690.75,4824428.34],[645693.74,4824427.92]]]}},{"type":"Feature","properties":{"id":"27005E00210141_part3","floors":2,"height":6.2,"heightSource":"Catastro:numberOfFloorsAboveGround"},"geometry":{"type":"Polygon","coordinates":[[[645685.27,4824415.8],[645687.03,4824428.84],[645690.75,4824428.34],[645688.99,4824415.29],[645685.27,4824415.8]]]}},{"type":"Feature","properties":{"id":"27005E00210141_part4","floors":1,"height":3.1,"heightSource":"Catastro:numberOfFloorsAboveGround"},"geometry":{"type":"Polygon","coordinates":[[[645683.81,4824419.93],[645684.57,4824420.34],[645684.76,4824421.83],[645683.09,4824422.05],[645684.06,4824429.23],[645687.03,4824428.84],[645685.27,4824415.8],[645683.3,4824416.07],[645683.81,4824419.93]]]}},{"type":"Feature","properties":{"id":"27005E00210141_part5","floors":1,"height":3.1,"heightSource":"Catastro:numberOfFloorsAboveGround"},"geometry":{"type":"Polygon","coordinates":[[[645679.84,4824416.55],[645680.14,4824418.92],[645680.41,4824420.84],[645680.63,4824422.38],[645682.03,4824422.19],[645683.01,4824429.38],[645684.06,4824429.23],[645683.09,4824422.05],[645684.76,4824421.83],[645684.57,4824420.34],[645683.81,4824419.93],[645683.3,4824416.07],[645679.84,4824416.55]]]}},{"type":"Feature","properties":{"id":"27005E00220046_part1","floors":2,"height":6.2,"heightSource":"Catastro:numberOfFloorsAboveGround"},"geometry":{"type":"Polygon","coordinates":[[[645156.685,4824333.863],[645156.695,4824334.863],[645162.095,4824334.803],[645162.085,4824333.803],[645156.685,4824333.863]]]}},{"type":"Feature","properties":{"id":"27005E00220046_part2","floors":1,"height":3.1,"heightSource":"Catastro:numberOfFloorsAboveGround"},"geometry":{"type":"Polygon","coordinates":[[[645162.285,4824342.603],[645162.295,4824343.703],[645165.395,4824343.663],[645165.385,4824342.563],[645162.285,4824342.603]]]}},{"type":"Feature","properties":{"id":"27005E00220046_part3","floors":2,"height":6.2,"heightSource":"Catastro:numberOfFloorsAboveGround"},"geometry":{"type":"Polygon","coordinates":[[[645162.085,4824333.803],[645162.095,4824334.803],[645165.295,4824334.763],[645165.285,4824333.763],[645162.085,4824333.803]]]}},{"type":"Feature","properties":{"id":"27005E00220046_part4","floors":1,"height":3.1,"heightSource":"Catastro:numberOfFloorsAboveGround"},"geometry":{"type":"Polygon","coordinates":[[[645165.275,4824333.063],[645162.075,4824333.103],[645162.085,4824333.803],[645165.285,4824333.763],[645165.275,4824333.063]]]}},{"type":"Feature","properties":{"id":"27005E00220046_part6","floors":2,"height":6.2,"heightSource":"Catastro:numberOfFloorsAboveGround"},"geometry":{"type":"Polygon","coordinates":[[[645162.265,4824341.203],[645156.765,4824341.263],[645156.795,4824343.763],[645160.995,4824343.713],[645160.985,4824342.613],[645162.285,4824342.603],[645162.265,4824341.203]]]}},{"type":"Feature","properties":{"id":"27005E00220046_part7","floors":2,"height":6.2,"heightSource":"Catastro:numberOfFloorsAboveGround"},"geometry":{"type":"Polygon","coordinates":[[[645156.695,4824334.863],[645156.765,4824341.263],[645162.265,4824341.203],[645162.285,4824342.603],[645165.385,4824342.563],[645165.295,4824334.763],[645162.095,4824334.803],[645156.695,4824334.863]]]}},{"type":"Feature","properties":{"id":"27005E00220049_part1","floors":2,"height":6.2,"heightSource":"Catastro:numberOfFloorsAboveGround"},"geometry":{"type":"Polygon","coordinates":[[[645119.95,4824217.59],[645120.19,4824219.78],[645123.77,4824219.39],[645123.53,4824217.2],[645119.95,4824217.59]]]}},{"type":"Feature","properties":{"id":"27005E00220049_part2","floors":2,"height":6.2,"heightSource":"Catastro:numberOfFloorsAboveGround"},"geometry":{"type":"Polygon","coordinates":[[[645132.38,4824216.24],[645126.42,4824216.89],[645126.65,4824219.07],[645132.62,4824218.43],[645132.38,4824216.24]]]}},{"type":"Feature","properties":{"id":"27005E00220049_part3","floors":1,"height":3.1,"heightSource":"Catastro:numberOfFloorsAboveGround"},"geometry":{"type":"Polygon","coordinates":[[[645121.11,4824226.82],[645121.26,4824227.08],[645121.5,4824227.35],[645121.63,4824227.47],[645121.93,4824227.66],[645122.43,4824227.86],[645122.78,4824227.91],[645123.14,4824227.91],[645123.49,4824227.84],[645123.82,4824227.71],[645124.27,4824227.41],[645124.62,4824227.01],[645124.79,4824226.69],[645124.89,4824226.41],[645121.11,4824226.82]]]}},{"type":"Feature","properties":{"id":"27005E00220049_part4","floors":2,"height":6.2,"heightSource":"Catastro:numberOfFloorsAboveGround"},"geometry":{"type":"Polygon","coordinates":[[[645132.15,4824223.35],[645132.28,4824224.55],[645126.02,4824225.23],[645125.89,4824224.03],[645120.72,4824224.59],[645120.9,4824226.27],[645121.11,4824226.82],[645124.89,4824226.41],[645133.39,4824225.48],[645133.15,4824223.25],[645132.15,4824223.35]]]}},{"type":"Feature","properties":{"id":"27005E00220049_part5","floors":3,"height":9.3,"heightSource":"Catastro:numberOfFloorsAboveGround"},"geometry":{"type":"Polygon","coordinates":[[[645123.77,4824219.39],[645120.19,4824219.78],[645120.72,4824224.59],[645125.89,4824224.03],[645126.02,4824225.23],[645132.28,4824224.55],[645132.15,4824223.35],[645133.15,4824223.25],[645132.62,4824218.43],[645126.65,4824219.07],[645126.42,4824216.89],[645123.53,4824217.2],[645123.77,4824219.39]]]}},{"type":"Feature","properties":{"id":"27005E00220093_part1","floors":1,"height":3.1,"heightSource":"Catastro:numberOfFloorsAboveGround"},"geometry":{"type":"Polygon","coordinates":[[[645444.12,4824578.13],[645444.74,4824587.91],[645447.5,4824587.73],[645447.49,4824587.47],[645446.69,4824587.52],[645446.64,4824586.62],[645445.29,4824586.71],[645444.81,4824579.03],[645445.48,4824578.98],[645445.42,4824578.04],[645444.12,4824578.13]]]}},{"type":"Feature","properties":{"id":"27005E00220093_part2","floors":1,"height":3.1,"heightSource":"Catastro:numberOfFloorsAboveGround"},"geometry":{"type":"Polygon","coordinates":[[[645458.1,4824592.95],[645455.04,4824593.15],[645455.14,4824594.76],[645463.97,4824593.992],[645463.66,4824589.14],[645457.87,4824589.51],[645458.1,4824592.95]]]}},{"type":"Feature","properties":{"id":"27005E00220093_part3","floors":1,"height":3.1,"heightSource":"Catastro:numberOfFloorsAboveGround"},"geometry":{"type":"Polygon","coordinates":[[[645453.25,4824578.5],[645454.59,4824578.42],[645455.07,4824586.1],[645453.72,4824586.19],[645453.77,4824587.08],[645452.57,4824587.15],[645452.69,4824589.01],[645447.59,4824589.33],[645447.82,4824592.93],[645454.2,4824592.53],[645453.98,4824588.92],[645454.53,4824588.89],[645454.41,4824587.04],[645455.71,4824586.95],[645455.17,4824578.53],[645455.09,4824577.43],[645453.19,4824577.55],[645453.25,4824578.5]]]}},{"type":"Feature","properties":{"id":"27005E00220093_part4","floors":2,"height":6.2,"heightSource":"Catastro:numberOfFloorsAboveGround"},"geometry":{"type":"Polygon","coordinates":[[[645445.48,4824578.98],[645444.81,4824579.03],[645445.29,4824586.71],[645446.64,4824586.62],[645446.69,4824587.52],[645447.49,4824587.47],[645447.5,4824587.73],[645447.59,4824589.33],[645452.69,4824589.01],[645452.57,4824587.15],[645453.77,4824587.08],[645453.72,4824586.19],[645455.07,4824586.1],[645454.59,4824578.42],[645453.25,4824578.5],[645453.19,4824577.55],[645445.42,4824578.04],[645445.48,4824578.98]]]}},{"type":"Feature","properties":{"id":"27005E00220138_part1","floors":1,"height":3.1,"heightSource":"Catastro:numberOfFloorsAboveGround"},"geometry":{"type":"Polygon","coordinates":[[[645718.84,4824445.89],[645718.4,4824442.62],[645720.88,4824442.29],[645719.66,4824433.07],[645708.16,4824434.6],[645709.82,4824447.09],[645718.84,4824445.89]]]}},{"type":"Feature","properties":{"id":"27005E00230046_part1","floors":1,"height":3.1,"heightSource":"Catastro:numberOfFloorsAboveGround"},"geometry":{"type":"Polygon","coordinates":[[[645151.08,4824304.12],[645151.73,4824309.74],[645154.8,4824309.38],[645154.28,4824304.79],[645154.16,4824303.77],[645151.08,4824304.12]]]}},{"type":"Feature","properties":{"id":"27005E00230046_part2","floors":1,"height":3.1,"heightSource":"Catastro:numberOfFloorsAboveGround"},"geometry":{"type":"Polygon","coordinates":[[[645160.73,4824311.93],[645160.84,4824313.04],[645163.96,4824312.7],[645163.83,4824311.56],[645160.73,4824311.93]]]}},{"type":"Feature","properties":{"id":"27005E00230046_part3","floors":2,"height":6.2,"heightSource":"Catastro:numberOfFloorsAboveGround"},"geometry":{"type":"Polygon","coordinates":[[[645162.87,4824302.8],[645159.62,4824303.16],[645159.72,4824304.14],[645162.98,4824303.79],[645162.87,4824302.8]]]}},{"type":"Feature","properties":{"id":"27005E00230046_part5","floors":2,"height":6.2,"heightSource":"Catastro:numberOfFloorsAboveGround"},"geometry":{"type":"Polygon","coordinates":[[[645160.58,4824310.45],[645155.0,4824311.12],[645155.29,4824313.64],[645159.64,4824313.17],[645159.51,4824312.07],[645160.73,4824311.93],[645160.58,4824310.45]]]}},{"type":"Feature","properties":{"id":"27005E00230046_part6","floors":2,"height":6.2,"heightSource":"Catastro:numberOfFloorsAboveGround"},"geometry":{"type":"Polygon","coordinates":[[[645154.28,4824304.79],[645154.8,4824309.38],[645155.0,4824311.12],[645160.58,4824310.45],[645160.73,4824311.93],[645163.83,4824311.56],[645162.98,4824303.79],[645159.72,4824304.14],[645154.28,4824304.79]]]}},{"type":"Feature","properties":{"id":"27005E00230046_part7","floors":2,"height":6.2,"heightSource":"Catastro:numberOfFloorsAboveGround"},"geometry":{"type":"Polygon","coordinates":[[[645154.16,4824303.77],[645154.28,4824304.79],[645159.72,4824304.14],[645159.62,4824303.16],[645154.16,4824303.77]]]}},{"type":"Feature","properties":{"id":"27005E00230093_part1","floors":1,"height":3.1,"heightSource":"Catastro:numberOfFloorsAboveGround"},"geometry":{"type":"Polygon","coordinates":[[[645440.15,4824552.37],[645441.12,4824561.87],[645443.05,4824561.67],[645442.96,4824560.78],[645441.77,4824560.9],[645441.3,4824556.33],[645440.99,4824553.24],[645442.19,4824553.12],[645442.09,4824552.17],[645440.15,4824552.37]]]}},{"type":"Feature","properties":{"id":"27005E00230093_part2","floors":1,"height":3.1,"heightSource":"Catastro:numberOfFloorsAboveGround"},"geometry":{"type":"Polygon","coordinates":[[[645460.73,4824562.96],[645455.45,4824563.41],[645455.73,4824566.7],[645452.29,4824566.99],[645452.4,4824568.288],[645461.1195,4824567.544],[645460.73,4824562.96]]]}},{"type":"Feature","properties":{"id":"27005E00230093_part3","floors":1,"height":3.1,"heightSource":"Catastro:numberOfFloorsAboveGround"},"geometry":{"type":"Polygon","coordinates":[[[645449.26,4824552.4],[645450.61,4824552.27],[645451.38,4824559.93],[645450.04,4824560.06],[645450.13,4824560.96],[645448.94,4824561.08],[645449.12,4824562.92],[645444.04,4824563.44],[645444.41,4824567.04],[645450.77,4824566.39],[645450.41,4824562.79],[645450.96,4824562.73],[645450.77,4824560.89],[645452.06,4824560.76],[645451.1,4824551.26],[645449.17,4824551.46],[645449.26,4824552.4]]]}},{"type":"Feature","properties":{"id":"27005E00230093_part4","floors":2,"height":6.2,"heightSource":"Catastro:numberOfFloorsAboveGround"},"geometry":{"type":"Polygon","coordinates":[[[645442.19,4824553.12],[645440.99,4824553.24],[645441.3,4824556.33],[645441.77,4824560.9],[645442.96,4824560.78],[645443.05,4824561.67],[645443.85,4824561.59],[645444.04,4824563.44],[645449.12,4824562.92],[645448.94,4824561.08],[645450.13,4824560.96],[645450.04,4824560.06],[645451.38,4824559.93],[645450.61,4824552.27],[645449.26,4824552.4],[645449.17,4824551.46],[645442.09,4824552.17],[645442.19,4824553.12]]]}},{"type":"Feature","properties":{"id":"27005E00230141_part1","floors":1,"height":3.1,"heightSource":"Catastro:numberOfFloorsAboveGround"},"geometry":{"type":"Polygon","coordinates":[[[645675.3708,4824373.4991],[645672.316,4824384.8347],[645677.8583,4824386.3283],[645680.9131,4824374.9927],[645675.3708,4824373.4991]]]}},{"type":"Feature","properties":{"id":"27005E00240046_part1","floors":2,"height":6.2,"heightSource":"Catastro:numberOfFloorsAboveGround"},"geometry":{"type":"Polygon","coordinates":[[[645151.6755,4824283.993],[645151.7955,4824285.013],[645157.2455,4824284.363],[645157.1355,4824283.383],[645151.6755,4824283.993]]]}},{"type":"Feature","properties":{"id":"27005E00240046_part2","floors":2,"height":6.2,"heightSource":"Catastro:numberOfFloorsAboveGround"},"geometry":{"type":"Polygon","coordinates":[[[645160.3855,4824283.023],[645157.1355,4824283.383],[645157.2455,4824284.363],[645160.4955,4824284.013],[645160.3855,4824283.023]]]}},{"type":"Feature","properties":{"id":"27005E00240046_part3","floors":1,"height":3.1,"heightSource":"Catastro:numberOfFloorsAboveGround"},"geometry":{"type":"Polygon","coordinates":[[[645158.1955,4824292.163],[645158.3055,4824293.263],[645161.4755,4824292.923],[645161.3555,4824291.783],[645158.1955,4824292.163]]]}},{"type":"Feature","properties":{"id":"27005E00240046_part5","floors":2,"height":6.2,"heightSource":"Catastro:numberOfFloorsAboveGround"},"geometry":{"type":"Polygon","coordinates":[[[645158.0555,4824290.733],[645152.5255,4824291.393],[645152.805,4824293.863],[645157.1555,4824293.393],[645157.0255,4824292.293],[645158.1955,4824292.163],[645158.0555,4824290.733]]]}},{"type":"Feature","properties":{"id":"27005E00240046_part6","floors":2,"height":6.2,"heightSource":"Catastro:numberOfFloorsAboveGround"},"geometry":{"type":"Polygon","coordinates":[[[645151.7955,4824285.013],[645152.5255,4824291.393],[645158.0555,4824290.733],[645158.1955,4824292.163],[645161.3555,4824291.783],[645160.4955,4824284.013],[645157.2455,4824284.363],[645151.7955,4824285.013]]]}},{"type":"Feature","properties":{"id":"27005E00250046_part1","floors":2,"height":6.2,"heightSource":"Catastro:numberOfFloorsAboveGround"},"geometry":{"type":"Polygon","coordinates":[[[645150.1055,4824267.073],[645149.5155,4824267.133],[645149.6055,4824268.083],[645150.2055,4824268.013],[645150.6755,4824272.643],[645156.1455,4824272.083],[645156.2955,4824273.503],[645159.3755,4824273.193],[645158.5755,4824265.303],[645155.3855,4824265.623],[645150.0155,4824266.173],[645150.1055,4824267.073]]]}},{"type":"Feature","properties":{"id":"27005E00250046_part2","floors":1,"height":3.1,"heightSource":"Catastro:numberOfFloorsAboveGround"},"geometry":{"type":"Polygon","coordinates":[[[645156.2955,4824273.503],[645156.4055,4824274.573],[645159.4855,4824274.253],[645159.3755,4824273.193],[645156.2955,4824273.503]]]}},{"type":"Feature","properties":{"id":"27005E00250046_part4","floors":2,"height":6.2,"heightSource":"Catastro:numberOfFloorsAboveGround"},"geometry":{"type":"Polygon","coordinates":[[[645156.1455,4824272.083],[645150.6755,4824272.643],[645150.9355,4824275.133],[645155.1155,4824274.703],[645155.0055,4824273.643],[645156.2955,4824273.503],[645156.1455,4824272.083]]]}},{"type":"Feature","properties":{"id":"27005E00250046_part5","floors":2,"height":6.2,"heightSource":"Catastro:numberOfFloorsAboveGround"},"geometry":{"type":"Polygon","coordinates":[[[645149.9155,4824265.183],[645150.0155,4824266.173],[645155.3855,4824265.623],[645155.2855,4824264.633],[645149.9155,4824265.183]]]}},{"type":"Feature","properties":{"id":"27005E00300271_part1","floors":1,"height":3.1,"heightSource":"Catastro:numberOfFloorsAboveGround"},"geometry":{"type":"Polygon","coordinates":[[[645003.98,4824206.58],[645000.89,4824199.64],[644987.37,4824205.67],[644990.47,4824212.61],[645003.98,4824206.58]]]}},{"type":"Feature","properties":{"id":"27005E00300272_part1","floors":2,"height":6.2,"heightSource":"Catastro:numberOfFloorsAboveGround"},"geometry":{"type":"Polygon","coordinates":[[[644953.363,4824191.6805],[644958.8969184412,4824188.0],[644950.9084171024,4824188.0],[644953.363,4824191.6805]]]}},{"type":"Feature","properties":{"id":"27005E00300287_part1","floors":1,"height":3.1,"heightSource":"Catastro:numberOfFloorsAboveGround"},"geometry":{"type":"Polygon","coordinates":[[[645189.0503,4824560.22055],[645187.19565,4824554.0237],[645185.1967,4824554.62195],[645184.9121,4824553.67105],[645182.85345,4824554.22975],[645182.6523,4824553.4885],[645179.2325,4824554.48],[645181.55815,4824562.3107],[645189.0503,4824560.22055]]]}},{"type":"Feature","properties":{"id":"27005E00300289_part1","floors":1,"height":3.1,"heightSource":"Catastro:numberOfFloorsAboveGround"},"geometry":{"type":"Polygon","coordinates":[[[645231.183,4824602.8655],[645232.1615,4824606.226],[645236.962,4824604.828],[645235.9835,4824601.4675],[645231.183,4824602.8655]]]}},{"type":"Feature","properties":{"id":"27005E00300289_part2","floors":3,"height":9.3,"heightSource":"Catastro:numberOfFloorsAboveGround"},"geometry":{"type":"Polygon","coordinates":[[[645243.575,4824614.224],[645244.745,4824618.004],[645245.605,4824617.734],[645244.435,4824613.954],[645243.575,4824614.224]]]}},{"type":"Feature","properties":{"id":"27005E00300289_part3","floors":3,"height":9.3,"heightSource":"Catastro:numberOfFloorsAboveGround"},"geometry":{"type":"Polygon","coordinates":[[[645242.625,4824608.124],[645241.765,4824608.394],[645242.895,4824612.024],[645243.745,4824611.754],[645242.625,4824608.124]]]}},{"type":"Feature","properties":{"id":"27005E00300289_part4","floors":3,"height":9.3,"heightSource":"Catastro:numberOfFloorsAboveGround"},"geometry":{"type":"Polygon","coordinates":[[[645240.575,4824608.764],[645242.385,4824614.594],[645243.575,4824614.224],[645244.435,4824613.954],[645243.745,4824611.754],[645242.895,4824612.024],[645241.765,4824608.394],[645240.575,4824608.764]]]}},{"type":"Feature","properties":{"id":"27005E00300289_part5","floors":1,"height":3.1,"heightSource":"Catastro:numberOfFloorsAboveGround"},"geometry":{"type":"Polygon","coordinates":[[[645245.585,4824613.604],[645243.425,4824606.624],[645240.215,4824607.614],[645240.575,4824608.764],[645241.765,4824608.394],[645242.625,4824608.124],[645243.745,4824611.754],[645244.435,4824613.954],[645245.585,4824613.604]]]}},{"type":"Feature","properties":{"id":"27005E00300289_part6","floors":3,"height":9.3,"heightSource":"Catastro:numberOfFloorsAboveGround"},"geometry":{"type":"Polygon","coordinates":[[[645240.145,4824608.894],[645243.125,4824618.504],[645244.745,4824618.004],[645243.575,4824614.224],[645242.385,4824614.594],[645240.575,4824608.764],[645240.145,4824608.894]]]}},{"type":"Feature","properties":{"id":"27005E00300289_part7","floors":4,"height":12.4,"heightSource":"Catastro:numberOfFloorsAboveGround"},"geometry":{"type":"Polygon","coordinates":[[[645235.465,4824610.344],[645238.435,4824619.944],[645243.125,4824618.504],[645240.145,4824608.894],[645235.465,4824610.344]]]}},{"type":"Feature","properties":{"id":"27005E00300289_part8","floors":3,"height":9.3,"heightSource":"Catastro:numberOfFloorsAboveGround"},"geometry":{"type":"Polygon","coordinates":[[[645235.785,4824616.794],[645234.925,4824617.054],[645236.045,4824620.684],[645236.905,4824620.424],[645235.785,4824616.794]]]}},{"type":"Feature","properties":{"id":"27005E00300289_part9","floors":3,"height":9.3,"heightSource":"Catastro:numberOfFloorsAboveGround"},"geometry":{"type":"Polygon","coordinates":[[[645233.935,4824610.814],[645235.055,4824614.454],[645234.195,4824614.714],[645234.925,4824617.054],[645235.785,4824616.794],[645236.905,4824620.424],[645238.435,4824619.944],[645235.465,4824610.344],[645233.935,4824610.814]]]}},{"type":"Feature","properties":{"id":"27005E00300289_part10","floors":3,"height":9.3,"heightSource":"Catastro:numberOfFloorsAboveGround"},"geometry":{"type":"Polygon","coordinates":[[[645233.075,4824611.084],[645234.195,4824614.714],[645235.055,4824614.454],[645233.935,4824610.814],[645233.075,4824611.084]]]}},{"type":"Feature","properties":{"id":"27005E00300308_part1","floors":1,"height":3.1,"heightSource":"Catastro:numberOfFloorsAboveGround"},"geometry":{"type":"Polygon","coordinates":[[[644956.6105,4824751.271],[644960.2805,4824761.701],[644958.8405,4824762.211],[644958.5105,4824761.271],[644954.3505,4824762.731],[644955.3505,4824765.571],[644961.1105,4824763.551],[644962.6605,4824767.7715],[644971.6205,4824764.6315],[644969.6805,4824759.3115],[644985.661,4824753.7015],[644982.831,4824745.9615],[644969.131,4824750.7815],[644968.571,4824749.2015],[644966.2705,4824750.0115],[644965.5805,4824748.1215],[644956.6105,4824751.271]]]}},{"type":"Feature","properties":{"id":"27005E00300451_part1","floors":1,"height":3.1,"heightSource":"Catastro:numberOfFloorsAboveGround"},"geometry":{"type":"Polygon","coordinates":[[[644986.2525,4824406.321],[644986.5625,4824408.501],[644989.6825,4824408.0615],[644989.3725,4824405.8815],[644986.2525,4824406.321]]]}},{"type":"Feature","properties":{"id":"27005E00300451_part2","floors":1,"height":3.1,"heightSource":"Catastro:numberOfFloorsAboveGround"},"geometry":{"type":"Polygon","coordinates":[[[644993.2025,4824415.8415],[644993.5125,4824418.0215],[644996.6325,4824417.5715],[644996.3225,4824415.3915],[644993.2025,4824415.8415]]]}},{"type":"Feature","properties":{"id":"27005E00300451_part3","floors":1,"height":3.1,"heightSource":"Catastro:numberOfFloorsAboveGround"},"geometry":{"type":"Polygon","coordinates":[[[644994.8625,4824405.1015],[644991.7425,4824405.5415],[644992.0525,4824407.7215],[644995.1725,4824407.2815],[644994.8625,4824405.1015]]]}},{"type":"Feature","properties":{"id":"27005E00300451_part4","floors":1,"height":3.1,"heightSource":"Catastro:numberOfFloorsAboveGround"},"geometry":{"type":"Polygon","coordinates":[[[644992.9025,4824419.6515],[644991.4125,4824419.8615],[644991.5025,4824420.4515],[644993.5725,4824420.1615],[644993.2725,4824418.0515],[644992.6825,4824418.1315],[644992.9025,4824419.6515]]]}},{"type":"Feature","properties":{"id":"27005E00300451_part5","floors":1,"height":3.1,"heightSource":"Catastro:numberOfFloorsAboveGround"},"geometry":{"type":"Polygon","coordinates":[[[644988.0325,4824418.8015],[644988.4225,4824421.5515],[644991.5925,4824421.1015],[644991.5025,4824420.4515],[644991.4125,4824419.8615],[644992.9025,4824419.6515],[644992.6825,4824418.1315],[644991.1525,4824418.3515],[644988.0325,4824418.8015]]]}},{"type":"Feature","properties":{"id":"27005E00300451_part6","floors":1,"height":3.1,"heightSource":"Catastro:numberOfFloorsAboveGround"},"geometry":{"type":"Polygon","coordinates":[[[644990.8425,4824416.1815],[644987.7225,4824416.6215],[644988.0325,4824418.8015],[644991.1525,4824418.3515],[644990.8425,4824416.1815]]]}},{"type":"Feature","properties":{"id":"27005E00300451_part7","floors":2,"height":6.2,"heightSource":"Catastro:numberOfFloorsAboveGround"},"geometry":{"type":"Polygon","coordinates":[[[644989.6825,4824408.0615],[644986.5625,4824408.501],[644987.7225,4824416.6215],[644990.8425,4824416.1815],[644991.1525,4824418.3515],[644992.6825,4824418.1315],[644993.2725,4824418.0515],[644993.5125,4824418.0215],[644993.2025,4824415.8415],[644996.3225,4824415.3915],[644995.1725,4824407.2815],[644992.0525,4824407.7215],[644991.7425,4824405.5415],[644989.3725,4824405.8815],[644989.6825,4824408.0615]]]}},{"type":"Feature","properties":{"id":"27005E00300452_part2","floors":1,"height":3.1,"heightSource":"Catastro:numberOfFloorsAboveGround"},"geometry":{"type":"Polygon","coordinates":[[[644951.23,4824416.57],[644948.26,4824416.98],[644948.51,4824418.76],[644951.48,4824418.36],[644951.23,4824416.57]]]}},{"type":"Feature","properties":{"id":"27005E00300452_part3","floors":1,"height":3.1,"heightSource":"Catastro:numberOfFloorsAboveGround"},"geometry":{"type":"Polygon","coordinates":[[[644949.75,4824427.68],[644949.99,4824429.47],[644947.12,4824429.86],[644947.0,4824429.0056],[644947.0,4824433.305],[644953.42,4824432.42],[644952.71,4824427.27],[644949.75,4824427.68]]]}},{"type":"Feature","properties":{"id":"27005E00300452_part4","floors":2,"height":6.2,"heightSource":"Catastro:numberOfFloorsAboveGround"},"geometry":{"type":"Polygon","coordinates":[[[644947.12,4824429.86],[644949.99,4824429.47],[644949.75,4824427.68],[644952.71,4824427.27],[644951.48,4824418.36],[644948.51,4824418.76],[644948.26,4824416.98],[644947.0,4824417.157938931],[644947.0,4824429.0056],[644947.12,4824429.86]]]}},{"type":"Feature","properties":{"id":"27005E00301032_part1","floors":1,"height":3.1,"heightSource":"Catastro:numberOfFloorsAboveGround"},"geometry":{"type":"Polygon","coordinates":[[[644993.2525,4824482.9215],[644994.4125,4824484.5615],[644996.7625,4824482.9115],[644995.6125,4824481.2715],[644993.2525,4824482.9215]]]}},{"type":"Feature","properties":{"id":"27005E00301032_part2","floors":1,"height":3.1,"heightSource":"Catastro:numberOfFloorsAboveGround"},"geometry":{"type":"Polygon","coordinates":[[[645004.1525,4824488.2215],[645005.3025,4824489.8615],[645007.6625,4824488.2115],[645006.5125,4824486.5815],[645004.1525,4824488.2215]]]}},{"type":"Feature","properties":{"id":"27005E00301032_part3","floors":1,"height":3.1,"heightSource":"Catastro:numberOfFloorsAboveGround"},"geometry":{"type":"Polygon","coordinates":[[[645002.5425,4824491.8015],[645002.2025,4824491.3115],[645000.1525,4824492.7515],[645001.2925,4824494.3915],[645005.4325,4824491.4915],[645004.6325,4824490.3315],[645002.8525,4824491.5915],[645002.5425,4824491.8015]]]}},{"type":"Feature","properties":{"id":"27005E00301032_part4","floors":1,"height":3.1,"heightSource":"Catastro:numberOfFloorsAboveGround"},"geometry":{"type":"Polygon","coordinates":[[[645001.7025,4824489.9415],[644999.3425,4824491.6015],[645000.1525,4824492.7515],[645002.2025,4824491.3115],[645002.5425,4824491.8015],[645002.8525,4824491.5915],[645001.7025,4824489.9415]]]}},{"type":"Feature","properties":{"id":"27005E00301032_part5","floors":1,"height":3.1,"heightSource":"Catastro:numberOfFloorsAboveGround"},"geometry":{"type":"Polygon","coordinates":[[[645000.4225,4824477.9015],[644998.0725,4824479.5515],[644999.2225,4824481.1915],[645001.5725,4824479.5315],[645000.4225,4824477.9015]]]}},{"type":"Feature","properties":{"id":"27005E00301032_part6","floors":2,"height":6.2,"heightSource":"Catastro:numberOfFloorsAboveGround"},"geometry":{"type":"Polygon","coordinates":[[[644996.7625,4824482.9115],[644994.4125,4824484.5615],[644999.3425,4824491.6015],[645001.7025,4824489.9415],[645002.8525,4824491.5915],[645004.6325,4824490.3315],[645005.3025,4824489.8615],[645004.1525,4824488.2215],[645006.5125,4824486.5815],[645001.5725,4824479.5315],[644999.2225,4824481.1915],[644998.0725,4824479.5515],[644995.6125,4824481.2715],[644996.7625,4824482.9115]]]}},{"type":"Feature","properties":{"id":"27005E00310292_part2","floors":3,"height":9.3,"heightSource":"Catastro:numberOfFloorsAboveGround"},"geometry":{"type":"Polygon","coordinates":[[[645154.87,4824562.53],[645156.85,4824562.78],[645157.03,4824561.37],[645155.04,4824561.12],[645154.87,4824562.53]]]}},{"type":"Feature","properties":{"id":"27005E00310292_part4","floors":3,"height":9.3,"heightSource":"Catastro:numberOfFloorsAboveGround"},"geometry":{"type":"Polygon","coordinates":[[[645151.22,4824562.66],[645154.8,4824563.1],[645154.87,4824562.53],[645155.04,4824561.12],[645151.47,4824560.68],[645151.22,4824562.66]]]}},{"type":"Feature","properties":{"id":"27005E00310292_part5","floors":1,"height":3.1,"heightSource":"Catastro:numberOfFloorsAboveGround"},"geometry":{"type":"Polygon","coordinates":[[[645151.1,4824563.65],[645156.66,4824564.34],[645156.79,4824563.35],[645154.8,4824563.1],[645151.22,4824562.66],[645151.1,4824563.65]]]}},{"type":"Feature","properties":{"id":"27005E00310292_part6","floors":3,"height":9.3,"heightSource":"Catastro:numberOfFloorsAboveGround"},"geometry":{"type":"Polygon","coordinates":[[[645148.84,4824562.37],[645151.22,4824562.66],[645151.47,4824560.68],[645149.09,4824560.38],[645148.92,4824561.79],[645148.84,4824562.37]]]}},{"type":"Feature","properties":{"id":"27005E00310292_part7","floors":2,"height":6.2,"heightSource":"Catastro:numberOfFloorsAboveGround"},"geometry":{"type":"Polygon","coordinates":[[[645158.13,4824552.43],[645148.21,4824551.2],[645148.13,4824551.78],[645158.07,4824553.0],[645158.13,4824552.43]]]}},{"type":"Feature","properties":{"id":"27005E00310292_part8","floors":3,"height":9.3,"heightSource":"Catastro:numberOfFloorsAboveGround"},"geometry":{"type":"Polygon","coordinates":[[[645146.94,4824561.55],[645148.92,4824561.79],[645149.09,4824560.38],[645151.47,4824560.68],[645155.04,4824561.12],[645157.03,4824561.37],[645158.07,4824553.0],[645148.13,4824551.78],[645146.94,4824561.55]]]}},{"type":"Feature","properties":{"id":"27005E00320292_part2","floors":3,"height":9.3,"heightSource":"Catastro:numberOfFloorsAboveGround"},"geometry":{"type":"Polygon","coordinates":[[[645172.1145,4824575.6835],[645174.0345,4824576.2235],[645174.4245,4824574.8535],[645172.4945,4824574.3135],[645172.1145,4824575.6835]]]}},{"type":"Feature","properties":{"id":"27005E00320292_part4","floors":3,"height":9.3,"heightSource":"Catastro:numberOfFloorsAboveGround"},"geometry":{"type":"Polygon","coordinates":[[[645168.484,4824575.2635],[645171.9545,4824576.2335],[645172.1145,4824575.6835],[645172.4945,4824574.3135],[645169.0245,4824573.3435],[645168.484,4824575.2635]]]}},{"type":"Feature","properties":{"id":"27005E00320292_part5","floors":1,"height":3.1,"heightSource":"Catastro:numberOfFloorsAboveGround"},"geometry":{"type":"Polygon","coordinates":[[[645168.214,4824576.2235],[645173.6145,4824577.7335],[645173.8845,4824576.7735],[645171.9545,4824576.2335],[645168.484,4824575.2635],[645168.214,4824576.2235]]]}},{"type":"Feature","properties":{"id":"27005E00320292_part6","floors":2,"height":6.2,"heightSource":"Catastro:numberOfFloorsAboveGround"},"geometry":{"type":"Polygon","coordinates":[[[645176.8445,4824566.1835],[645167.2145,4824563.4835],[645167.0545,4824564.0435],[645176.6945,4824566.7335],[645176.8445,4824566.1835]]]}},{"type":"Feature","properties":{"id":"27005E00320292_part7","floors":3,"height":9.3,"heightSource":"Catastro:numberOfFloorsAboveGround"},"geometry":{"type":"Polygon","coordinates":[[[645166.174,4824574.6235],[645168.484,4824575.2635],[645169.0245,4824573.3435],[645166.714,4824572.6935],[645166.334,4824574.0635],[645166.174,4824574.6235]]]}},{"type":"Feature","properties":{"id":"27005E00320292_part8","floors":3,"height":9.3,"heightSource":"Catastro:numberOfFloorsAboveGround"},"geometry":{"type":"Polygon","coordinates":[[[645164.414,4824573.523],[645166.334,4824574.0635],[645166.714,4824572.6935],[645169.0245,4824573.3435],[645172.4945,4824574.3135],[645174.4245,4824574.8535],[645176.6945,4824566.7335],[645167.0545,4824564.0435],[645164.414,4824573.523]]]}},{"type":"Feature","properties":{"id":"5646801PJ4254N_part1","floors":3,"height":9.3,"heightSource":"Catastro:numberOfFloorsAboveGround"},"geometry":{"type":"Polygon","coordinates":[[[645486.099,4824505.8765],[645487.349,4824518.0665],[645492.119,4824517.5765],[645491.809,4824514.5465],[645494.799,4824514.2365],[645494.299,4824509.4565],[645492.809,4824509.6165],[645492.359,4824505.2365],[645486.099,4824505.8765]]]}},{"type":"Feature","properties":{"id":"5646801PJ4254N_part2","floors":2,"height":6.2,"heightSource":"Catastro:numberOfFloorsAboveGround"},"geometry":{"type":"Polygon","coordinates":[[[645491.809,4824514.5465],[645492.119,4824517.5765],[645495.109,4824517.2765],[645494.799,4824514.2365],[645491.809,4824514.5465]]]}},{"type":"Feature","properties":{"id":"5646801PJ4254N_part3","floors":3,"height":9.3,"heightSource":"Catastro:numberOfFloorsAboveGround"},"geometry":{"type":"Polygon","coordinates":[[[645493.849,4824505.0865],[645492.359,4824505.2365],[645492.809,4824509.6165],[645494.299,4824509.4565],[645493.849,4824505.0865]]]}},{"type":"Feature","properties":{"id":"5646802PJ4254N_part1","floors":2,"height":6.2,"heightSource":"Catastro:numberOfFloorsAboveGround"},"geometry":{"type":"Polygon","coordinates":[[[645471.1185,4824511.6965],[645471.7485,4824522.1865],[645472.6485,4824522.1365],[645472.0185,4824511.6465],[645471.1185,4824511.6965]]]}},{"type":"Feature","properties":{"id":"5646802PJ4254N_part2","floors":3,"height":9.3,"heightSource":"Catastro:numberOfFloorsAboveGround"},"geometry":{"type":"Polygon","coordinates":[[[645472.0185,4824511.6465],[645472.6485,4824522.1365],[645479.7385,4824521.7065],[645479.5185,4824518.0965],[645480.6185,4824518.0265],[645480.2085,4824511.1565],[645472.0185,4824511.6465]]]}},{"type":"Feature","properties":{"id":"5646802PJ4254N_part3","floors":1,"height":3.1,"heightSource":"Catastro:numberOfFloorsAboveGround"},"geometry":{"type":"Polygon","coordinates":[[[645472.6485,4824522.1365],[645472.6685,4824522.4265],[645475.2585,4824522.2665],[645478.2585,4824522.0965],[645480.8485,4824521.9365],[645480.8285,4824521.6365],[645479.7385,4824521.7065],[645472.6485,4824522.1365]]]}},{"type":"Feature","properties":{"id":"5646802PJ4254N_part4","floors":3,"height":9.3,"heightSource":"Catastro:numberOfFloorsAboveGround"},"geometry":{"type":"Polygon","coordinates":[[[645479.5185,4824518.0965],[645479.7385,4824521.7065],[645480.8285,4824521.6365],[645480.6185,4824518.0265],[645479.5185,4824518.0965]]]}},{"type":"Feature","properties":{"id":"5646802PJ4254N_part5","floors":2,"height":6.2,"heightSource":"Catastro:numberOfFloorsAboveGround"},"geometry":{"type":"Polygon","coordinates":[[[645481.1085,4824511.1065],[645480.2085,4824511.1565],[645480.6185,4824518.0265],[645481.5185,4824517.9765],[645481.1085,4824511.1065]]]}},{"type":"Feature","properties":{"id":"5646802PJ4254N_part6","floors":2,"height":6.2,"heightSource":"Catastro:numberOfFloorsAboveGround"},"geometry":{"type":"Polygon","coordinates":[[[645480.6185,4824518.0265],[645480.8285,4824521.6365],[645481.7285,4824521.5865],[645481.6985,4824520.9765],[645481.5185,4824517.9765],[645480.6185,4824518.0265]]]}},{"type":"Feature","properties":{"id":"5646802PJ4254N_part7","floors":1,"height":3.1,"heightSource":"Catastro:numberOfFloorsAboveGround"},"geometry":{"type":"Polygon","coordinates":[[[645482.9985,4824520.8965],[645482.8185,4824517.8965],[645481.5185,4824517.9765],[645481.6985,4824520.9765],[645482.9985,4824520.8965]]]}},{"type":"Feature","properties":{"id":"5646803PJ4254N_part1","floors":1,"height":3.1,"heightSource":"Catastro:numberOfFloorsAboveGround"},"geometry":{"type":"Polygon","coordinates":[[[645454.14,4824512.16],[645455.43,4824524.09],[645456.42,4824523.98],[645455.13,4824512.05],[645454.14,4824512.16]]]}},{"type":"Feature","properties":{"id":"5646803PJ4254N_part2","floors":2,"height":6.2,"heightSource":"Catastro:numberOfFloorsAboveGround"},"geometry":{"type":"Polygon","coordinates":[[[645455.13,4824512.05],[645456.42,4824523.98],[645459.4,4824523.66],[645461.39,4824523.45],[645464.37,4824523.13],[645463.08,4824511.2],[645455.13,4824512.05]]]}},{"type":"Feature","properties":{"id":"5646803PJ4254N_part3","floors":1,"height":3.1,"heightSource":"Catastro:numberOfFloorsAboveGround"},"geometry":{"type":"Polygon","coordinates":[[[645465.9885,4824498.0565],[645457.6095,4824498.716],[645457.99,4824502.4],[645466.369,4824501.74],[645465.9885,4824498.0565]]]}},{"type":"Feature","properties":{"id":"5646803PJ4254N_part4","floors":1,"height":3.1,"heightSource":"Catastro:numberOfFloorsAboveGround"},"geometry":{"type":"Polygon","coordinates":[[[645465.37,4824523.02],[645464.76,4824517.35],[645464.08,4824511.09],[645463.08,4824511.2],[645464.37,4824523.13],[645465.37,4824523.02]]]}},{"type":"Feature","properties":{"id":"5646804PJ4254N_part1","floors":1,"height":3.1,"heightSource":"Catastro:numberOfFloorsAboveGround"},"geometry":{"type":"Polygon","coordinates":[[[645431.363,4824500.568],[645431.939,4824507.1525],[645434.2,4824506.955],[645434.4065,4824509.317],[645440.1255,4824508.8175],[645439.918,4824506.445],[645441.873,4824506.274],[645441.298,4824499.699],[645431.363,4824500.568]]]}},{"type":"Feature","properties":{"id":"5646804PJ4254N_part2","floors":2,"height":6.2,"heightSource":"Catastro:numberOfFloorsAboveGround"},"geometry":{"type":"Polygon","coordinates":[[[645434.675,4824512.388],[645433.401,4824512.4995],[645434.412,4824524.0665],[645441.4,4824523.4485],[645441.1415,4824520.492],[645446.386,4824520.0335],[645445.3655,4824508.359],[645443.4125,4824508.53],[645440.1255,4824508.8175],[645434.4065,4824509.317],[645434.675,4824512.388]]]}},{"type":"Feature","properties":{"id":"5646804PJ4254N_part3","floors":1,"height":3.1,"heightSource":"Catastro:numberOfFloorsAboveGround"},"geometry":{"type":"Polygon","coordinates":[[[645441.1415,4824520.492],[645441.4,4824523.4485],[645446.645,4824522.997],[645446.386,4824520.0335],[645441.1415,4824520.492]]]}},{"type":"Feature","properties":{"id":"5646805PJ4254N_part1","floors":1,"height":3.1,"heightSource":"Catastro:numberOfFloorsAboveGround"},"geometry":{"type":"Polygon","coordinates":[[[645431.57,4824481.76],[645431.99,4824485.76],[645432.81,4824485.67],[645432.48,4824482.46],[645433.14,4824482.39],[645433.06,4824481.6],[645431.57,4824481.76]]]}},{"type":"Feature","properties":{"id":"5646805PJ4254N_part2","floors":1,"height":3.1,"heightSource":"Catastro:numberOfFloorsAboveGround"},"geometry":{"type":"Polygon","coordinates":[[[645431.99,4824485.76],[645432.56,4824491.26],[645435.04,4824491.0],[645434.96,4824490.2],[645433.3,4824490.37],[645432.81,4824485.67],[645431.99,4824485.76]]]}},{"type":"Feature","properties":{"id":"5646805PJ4254N_part3","floors":2,"height":6.2,"heightSource":"Catastro:numberOfFloorsAboveGround"},"geometry":{"type":"Polygon","coordinates":[[[645432.48,4824482.46],[645432.81,4824485.67],[645433.48,4824485.6],[645433.14,4824482.39],[645432.48,4824482.46]]]}},{"type":"Feature","properties":{"id":"5646805PJ4254N_part4","floors":2,"height":6.2,"heightSource":"Catastro:numberOfFloorsAboveGround"},"geometry":{"type":"Polygon","coordinates":[[[645433.48,4824485.6],[645432.81,4824485.67],[645433.3,4824490.37],[645434.96,4824490.2],[645435.04,4824491.0],[645435.3,4824493.48],[645442.48,4824492.74],[645442.22,4824490.25],[645442.14,4824489.45],[645442.63,4824489.4],[645441.81,4824481.5],[645439.1,4824481.78],[645439.01,4824480.98],[645435.03,4824481.39],[645435.11,4824482.19],[645433.14,4824482.39],[645433.48,4824485.6]]]}},{"type":"Feature","properties":{"id":"5646805PJ4254N_part6","floors":1,"height":3.1,"heightSource":"Catastro:numberOfFloorsAboveGround"},"geometry":{"type":"Polygon","coordinates":[[[645443.53,4824490.11],[645442.55,4824480.61],[645439.01,4824480.98],[645439.1,4824481.78],[645441.81,4824481.5],[645442.63,4824489.4],[645442.14,4824489.45],[645442.22,4824490.25],[645443.53,4824490.11]]]}},{"type":"Feature","properties":{"id":"5646805PJ4254N_part7","floors":1,"height":3.1,"heightSource":"Catastro:numberOfFloorsAboveGround"},"geometry":{"type":"Polygon","coordinates":[[[645449.6685,4824476.506],[645444.15,4824477.08],[645444.58,4824481.21],[645448.26,4824480.83],[645448.6,4824484.11],[645450.4385,4824483.92],[645449.6685,4824476.506]]]}},{"type":"Feature","properties":{"id":"5646806PJ4254N_part1","floors":1,"height":3.1,"heightSource":"Catastro:numberOfFloorsAboveGround"},"geometry":{"type":"Polygon","coordinates":[[[645429.47,4824464.69],[645429.9,4824468.73],[645430.5,4824468.66],[645430.17,4824465.52],[645430.85,4824465.45],[645430.76,4824464.56],[645429.47,4824464.69]]]}},{"type":"Feature","properties":{"id":"5646806PJ4254N_part2","floors":1,"height":3.1,"heightSource":"Catastro:numberOfFloorsAboveGround"},"geometry":{"type":"Polygon","coordinates":[[[645429.9,4824468.73],[645430.46,4824474.14],[645432.39,4824473.94],[645432.3,4824473.04],[645430.96,4824473.18],[645430.5,4824468.66],[645429.9,4824468.73]]]}},{"type":"Feature","properties":{"id":"5646806PJ4254N_part3","floors":2,"height":6.2,"heightSource":"Catastro:numberOfFloorsAboveGround"},"geometry":{"type":"Polygon","coordinates":[[[645430.17,4824465.52],[645430.5,4824468.66],[645431.18,4824468.59],[645430.85,4824465.45],[645430.17,4824465.52]]]}},{"type":"Feature","properties":{"id":"5646806PJ4254N_part4","floors":2,"height":6.2,"heightSource":"Catastro:numberOfFloorsAboveGround"},"geometry":{"type":"Polygon","coordinates":[[[645431.18,4824468.59],[645430.5,4824468.66],[645430.96,4824473.18],[645432.3,4824473.04],[645432.39,4824473.94],[645433.14,4824473.86],[645439.35,4824473.22],[645439.26,4824472.32],[645440.6,4824472.19],[645439.82,4824464.53],[645438.47,4824464.67],[645438.38,4824463.77],[645431.42,4824464.49],[645431.52,4824465.38],[645430.85,4824465.45],[645431.18,4824468.59]]]}},{"type":"Feature","properties":{"id":"5646806PJ4254N_part6","floors":1,"height":3.1,"heightSource":"Catastro:numberOfFloorsAboveGround"},"geometry":{"type":"Polygon","coordinates":[[[645438.47,4824464.67],[645439.82,4824464.53],[645440.6,4824472.19],[645439.26,4824472.32],[645439.35,4824473.22],[645433.14,4824473.86],[645433.33,4824475.71],[645438.47,4824475.17],[645438.7295,4824477.6445],[645449.6685,4824476.506],[645448.9455,4824469.5505],[645446.96,4824469.76],[645447.28,4824472.74],[645444.28,4824473.05],[645444.44,4824474.54],[645440.29,4824474.98],[645440.1,4824473.14],[645441.39,4824473.01],[645440.41,4824463.56],[645438.38,4824463.77],[645438.47,4824464.67]]]}},{"type":"Feature","properties":{"id":"5646807PJ4254N_part1","floors":2,"height":6.2,"heightSource":"Catastro:numberOfFloorsAboveGround"},"geometry":{"type":"Polygon","coordinates":[[[645426.128,4824450.356],[645426.408,4824453.446],[645427.4485,4824453.356],[645427.1785,4824450.266],[645426.128,4824450.356]]]}},{"type":"Feature","properties":{"id":"5646807PJ4254N_part2","floors":2,"height":6.2,"heightSource":"Catastro:numberOfFloorsAboveGround"},"geometry":{"type":"Polygon","coordinates":[[[645427.758,4824456.786],[645436.7185,4824455.996],[645435.8385,4824446.036],[645426.8685,4824446.826],[645427.1785,4824450.266],[645427.4485,4824453.356],[645427.758,4824456.786]]]}},{"type":"Feature","properties":{"id":"5646813PJ4254N_part1","floors":1,"height":3.1,"heightSource":"Catastro:numberOfFloorsAboveGround"},"geometry":{"type":"Polygon","coordinates":[[[645445.869,4824351.726],[645438.609,4824352.486],[645439.459,4824360.546],[645440.649,4824360.416],[645439.929,4824353.556],[645445.999,4824352.916],[645445.869,4824351.726]]]}},{"type":"Feature","properties":{"id":"5646813PJ4254N_part2","floors":2,"height":6.2,"heightSource":"Catastro:numberOfFloorsAboveGround"},"geometry":{"type":"Polygon","coordinates":[[[645439.929,4824353.556],[645440.649,4824360.416],[645441.839,4824360.296],[645441.359,4824355.216],[645449.069,4824354.406],[645448.879,4824352.616],[645445.999,4824352.916],[645439.929,4824353.556]]]}},{"type":"Feature","properties":{"id":"5646813PJ4254N_part3","floors":2,"height":6.2,"heightSource":"Catastro:numberOfFloorsAboveGround"},"geometry":{"type":"Polygon","coordinates":[[[645441.359,4824355.216],[645441.839,4824360.296],[645440.649,4824360.416],[645441.569,4824369.266],[645450.529,4824368.336],[645449.069,4824354.406],[645441.359,4824355.216]]]}},{"type":"Feature","properties":{"id":"5646814PJ4254N_part1","floors":2,"height":6.2,"heightSource":"Catastro:numberOfFloorsAboveGround"},"geometry":{"type":"Polygon","coordinates":[[[645455.1,4824351.33],[645455.98,4824359.96],[645464.44,4824359.1],[645463.74,4824352.24],[645459.74,4824352.64],[645459.56,4824350.87],[645455.1,4824351.33]]]}},{"type":"Feature","properties":{"id":"5646814PJ4254N_part2","floors":1,"height":3.1,"heightSource":"Catastro:numberOfFloorsAboveGround"},"geometry":{"type":"Polygon","coordinates":[[[645455.98,4824359.96],[645456.28,4824362.92],[645464.74,4824362.06],[645464.44,4824359.1],[645455.98,4824359.96]]]}},{"type":"Feature","properties":{"id":"5646814PJ4254N_part3","floors":2,"height":6.2,"heightSource":"Catastro:numberOfFloorsAboveGround"},"geometry":{"type":"Polygon","coordinates":[[[645463.56,4824350.47],[645459.56,4824350.87],[645459.74,4824352.64],[645463.74,4824352.24],[645463.56,4824350.47]]]}},{"type":"Feature","properties":{"id":"5646815PJ4254N_part1","floors":2,"height":6.2,"heightSource":"Catastro:numberOfFloorsAboveGround"},"geometry":{"type":"Polygon","coordinates":[[[645472.87,4824356.45],[645473.14,4824368.81],[645474.14,4824368.79],[645473.87,4824356.45],[645472.87,4824356.45]]]}},{"type":"Feature","properties":{"id":"5646815PJ4254N_part2","floors":3,"height":9.3,"heightSource":"Catastro:numberOfFloorsAboveGround"},"geometry":{"type":"Polygon","coordinates":[[[645473.87,4824356.45],[645474.14,4824368.79],[645480.14,4824368.66],[645479.87,4824356.38],[645473.87,4824356.45]]]}},{"type":"Feature","properties":{"id":"5646815PJ4254N_part3","floors":2,"height":6.2,"heightSource":"Catastro:numberOfFloorsAboveGround"},"geometry":{"type":"Polygon","coordinates":[[[645481.14,4824368.64],[645480.87,4824356.37],[645479.87,4824356.38],[645480.14,4824368.66],[645481.14,4824368.64]]]}},{"type":"Feature","properties":{"id":"5646823PJ4254N_part1","floors":1,"height":3.1,"heightSource":"Catastro:numberOfFloorsAboveGround"},"geometry":{"type":"Polygon","coordinates":[[[645649.9215,4824422.378],[645649.6715,4824419.738],[645649.4515,4824417.438],[645641.8815,4824418.158],[645642.0915,4824420.448],[645647.4315,4824419.948],[645648.7115,4824419.828],[645648.9615,4824422.478],[645649.9215,4824422.378]]]}},{"type":"Feature","properties":{"id":"5646823PJ4254N_part2","floors":2,"height":6.2,"heightSource":"Catastro:numberOfFloorsAboveGround"},"geometry":{"type":"Polygon","coordinates":[[[645642.0915,4824420.448],[645642.7415,4824427.288],[645644.5115,4824427.118],[645647.5515,4824426.788],[645649.3215,4824426.618],[645648.9615,4824422.478],[645647.6815,4824422.598],[645647.4315,4824419.948],[645642.0915,4824420.448]]]}},{"type":"Feature","properties":{"id":"5646823PJ4254N_part3","floors":1,"height":3.1,"heightSource":"Catastro:numberOfFloorsAboveGround"},"geometry":{"type":"Polygon","coordinates":[[[645644.5115,4824427.118],[645645.0415,4824428.018],[645646.1215,4824427.918],[645647.2015,4824427.808],[645647.5515,4824426.788],[645644.5115,4824427.118]]]}},{"type":"Feature","properties":{"id":"5646823PJ4254N_part4","floors":2,"height":6.2,"heightSource":"Catastro:numberOfFloorsAboveGround"},"geometry":{"type":"Polygon","coordinates":[[[645648.7115,4824419.828],[645647.4315,4824419.948],[645647.6815,4824422.598],[645648.9615,4824422.478],[645648.7115,4824419.828]]]}},{"type":"Feature","properties":{"id":"5646823PJ4254N_part5","floors":1,"height":3.1,"heightSource":"Catastro:numberOfFloorsAboveGround"},"geometry":{"type":"Polygon","coordinates":[[[645647.9015,4824409.0985],[645648.1115,4824410.688],[645649.3015,4824410.528],[645649.6115,4824412.908],[645655.3615,4824412.1485],[645654.832,4824408.1805],[645647.9015,4824409.0985]]]}},{"type":"Feature","properties":{"id":"5646823PJ4254N_part6","floors":1,"height":3.1,"heightSource":"Catastro:numberOfFloorsAboveGround"},"geometry":{"type":"Polygon","coordinates":[[[645658.0215,4824407.7585],[645654.832,4824408.1805],[645655.3615,4824412.1485],[645655.4715,4824412.9385],[645658.6385,4824412.519],[645658.0215,4824407.7585]]]}},{"type":"Feature","properties":{"id":"5646824PJ4254N_part1","floors":1,"height":3.1,"heightSource":"Catastro:numberOfFloorsAboveGround"},"geometry":{"type":"Polygon","coordinates":[[[645636.63,4824406.56],[645631.6755,4824407.2105],[645632.2005,4824411.178],[645637.16,4824410.521],[645636.63,4824406.56]]]}},{"type":"Feature","properties":{"id":"5646824PJ4254N_part2","floors":3,"height":9.3,"heightSource":"Catastro:numberOfFloorsAboveGround"},"geometry":{"type":"Polygon","coordinates":[[[645637.78,4824398.89],[645637.96,4824401.08],[645642.45,4824400.72],[645642.27,4824398.53],[645640.27,4824398.69],[645637.78,4824398.89]]]}},{"type":"Feature","properties":{"id":"5646824PJ4254N_part3","floors":3,"height":9.3,"heightSource":"Catastro:numberOfFloorsAboveGround"},"geometry":{"type":"Polygon","coordinates":[[[645642.45,4824400.72],[645637.96,4824401.08],[645638.47,4824407.36],[645645.15,4824406.82],[645644.99,4824404.93],[645648.79,4824404.62],[645648.68,4824403.27],[645648.51,4824401.28],[645648.4,4824399.93],[645644.61,4824400.24],[645644.46,4824398.35],[645642.27,4824398.53],[645642.45,4824400.72]]]}},{"type":"Feature","properties":{"id":"5646824PJ4254N_part4","floors":2,"height":6.2,"heightSource":"Catastro:numberOfFloorsAboveGround"},"geometry":{"type":"Polygon","coordinates":[[[645648.25,4824398.04],[645644.46,4824398.35],[645644.61,4824400.24],[645648.4,4824399.93],[645648.25,4824398.04]]]}},{"type":"Feature","properties":{"id":"5646824PJ4254N_part5","floors":2,"height":6.2,"heightSource":"Catastro:numberOfFloorsAboveGround"},"geometry":{"type":"Polygon","coordinates":[[[645644.99,4824404.93],[645645.15,4824406.82],[645648.94,4824406.51],[645648.79,4824404.62],[645644.99,4824404.93]]]}},{"type":"Feature","properties":{"id":"5646828PJ4254N_part1","floors":1,"height":3.1,"heightSource":"Catastro:numberOfFloorsAboveGround"},"geometry":{"type":"Polygon","coordinates":[[[645500.9095,4824347.7465],[645501.5995,4824352.9565],[645500.3095,4824353.1265],[645500.6395,4824355.5965],[645501.9295,4824355.4265],[645503.1695,4824364.8465],[645508.9695,4824364.0965],[645507.8295,4824355.4065],[645508.82,4824355.2765],[645508.36,4824351.8065],[645507.37,4824351.9365],[645506.71,4824346.9865],[645504.6295,4824347.2565],[645500.9095,4824347.7465]]]}},{"type":"Feature","properties":{"id":"5646829PJ4254N_part1","floors":1,"height":3.1,"heightSource":"Catastro:numberOfFloorsAboveGround"},"geometry":{"type":"Polygon","coordinates":[[[645523.33,4824340.367],[645513.45,4824341.9065],[645513.64,4824343.1065],[645523.51,4824341.567],[645523.33,4824340.367]]]}},{"type":"Feature","properties":{"id":"5646829PJ4254N_part2","floors":2,"height":6.2,"heightSource":"Catastro:numberOfFloorsAboveGround"},"geometry":{"type":"Polygon","coordinates":[[[645513.64,4824343.1065],[645514.89,4824351.1765],[645522.0,4824350.067],[645524.77,4824349.637],[645523.51,4824341.567],[645513.64,4824343.1065]]]}},{"type":"Feature","properties":{"id":"5646829PJ4254N_part3","floors":1,"height":3.1,"heightSource":"Catastro:numberOfFloorsAboveGround"},"geometry":{"type":"Polygon","coordinates":[[[645514.89,4824351.1765],[645515.12,4824352.6265],[645521.55,4824351.627],[645521.48,4824351.167],[645522.16,4824351.057],[645522.0,4824350.067],[645514.89,4824351.1765]]]}},{"type":"Feature","properties":{"id":"5646830PJ4254N_part2","floors":3,"height":9.3,"heightSource":"Catastro:numberOfFloorsAboveGround"},"geometry":{"type":"Polygon","coordinates":[[[645529.5835,4824340.0905],[645530.0335,4824343.2805],[645531.5935,4824343.0605],[645531.1435,4824339.8705],[645529.5835,4824340.0905]]]}},{"type":"Feature","properties":{"id":"5646830PJ4254N_part3","floors":3,"height":9.3,"heightSource":"Catastro:numberOfFloorsAboveGround"},"geometry":{"type":"Polygon","coordinates":[[[645531.5935,4824343.0605],[645530.0335,4824343.2805],[645530.6335,4824347.5705],[645531.1335,4824351.0905],[645536.1735,4824350.3905],[645539.3035,4824349.9605],[645539.6835,4824349.8805],[645539.2135,4824346.5705],[645539.1835,4824346.3605],[645535.6735,4824346.8605],[645534.6135,4824339.3805],[645531.1435,4824339.8705],[645531.5935,4824343.0605]]]}},{"type":"Feature","properties":{"id":"5646830PJ4254N_part4","floors":1,"height":3.1,"heightSource":"Catastro:numberOfFloorsAboveGround"},"geometry":{"type":"Polygon","coordinates":[[[645540.1735,4824346.2205],[645538.9435,4824337.4905],[645534.4335,4824338.1305],[645534.6135,4824339.3805],[645535.6735,4824346.8605],[645539.1835,4824346.3605],[645540.1735,4824346.2205]]]}},{"type":"Feature","properties":{"id":"5646831PJ4254N_part1","floors":2,"height":6.2,"heightSource":"Catastro:numberOfFloorsAboveGround"},"geometry":{"type":"Polygon","coordinates":[[[645554.4005,4824335.987],[645550.6205,4824336.467],[645550.9705,4824339.247],[645554.7505,4824338.767],[645554.4005,4824335.987]]]}},{"type":"Feature","properties":{"id":"5646831PJ4254N_part2","floors":2,"height":6.2,"heightSource":"Catastro:numberOfFloorsAboveGround"},"geometry":{"type":"Polygon","coordinates":[[[645551.8005,4824345.787],[645551.9405,4824346.877],[645555.7105,4824346.407],[645555.5705,4824345.317],[645551.8005,4824345.787]]]}},{"type":"Feature","properties":{"id":"5646831PJ4254N_part4","floors":3,"height":9.3,"heightSource":"Catastro:numberOfFloorsAboveGround"},"geometry":{"type":"Polygon","coordinates":[[[645545.4705,4824337.117],[645545.7405,4824339.287],[645546.7805,4824347.527],[645551.9405,4824346.877],[645551.8005,4824345.787],[645555.5705,4824345.317],[645554.7505,4824338.767],[645550.9705,4824339.247],[645550.6205,4824336.467],[645546.2705,4824337.017],[645545.4705,4824337.117]]]}},{"type":"Feature","properties":{"id":"5646832PJ4254N_part1","floors":2,"height":6.2,"heightSource":"Catastro:numberOfFloorsAboveGround"},"geometry":{"type":"Polygon","coordinates":[[[645562.574,4824337.9935],[645564.104,4824349.8955],[645566.088,4824349.6405],[645570.898,4824349.022],[645570.401,4824345.1535],[645572.4085,4824344.896],[645571.756,4824340.039],[645569.776,4824340.294],[645569.368,4824337.12],[645564.5575,4824337.7385],[645562.574,4824337.9935]]]}},{"type":"Feature","properties":{"id":"5646832PJ4254N_part2","floors":1,"height":3.1,"heightSource":"Catastro:numberOfFloorsAboveGround"},"geometry":{"type":"Polygon","coordinates":[[[645570.926,4824333.945],[645564.1815,4824334.8125],[645564.5575,4824337.7385],[645569.368,4824337.12],[645569.776,4824340.294],[645571.756,4824340.039],[645570.926,4824333.945]]]}},{"type":"Feature","properties":{"id":"5646832PJ4254N_part3","floors":1,"height":3.1,"heightSource":"Catastro:numberOfFloorsAboveGround"},"geometry":{"type":"Polygon","coordinates":[[[645566.088,4824349.6405],[645566.279,4824351.128],[645573.123,4824350.248],[645572.9315,4824348.7605],[645570.898,4824349.022],[645566.088,4824349.6405]]]}},{"type":"Feature","properties":{"id":"5646832PJ4254N_part4","floors":1,"height":3.1,"heightSource":"Catastro:numberOfFloorsAboveGround"},"geometry":{"type":"Polygon","coordinates":[[[645570.401,4824345.1535],[645570.898,4824349.022],[645572.9315,4824348.7605],[645572.4085,4824344.896],[645570.401,4824345.1535]]]}},{"type":"Feature","properties":{"id":"5646833PJ4254N_part1","floors":1,"height":3.1,"heightSource":"Catastro:numberOfFloorsAboveGround"},"geometry":{"type":"Polygon","coordinates":[[[645576.928,4824358.268],[645577.387,4824361.7385],[645583.491,4824360.9305],[645583.0305,4824357.4575],[645576.928,4824358.268]]]}},{"type":"Feature","properties":{"id":"5646833PJ4254N_part2","floors":2,"height":6.2,"heightSource":"Catastro:numberOfFloorsAboveGround"},"geometry":{"type":"Polygon","coordinates":[[[645577.701,4824333.6675],[645577.571,4824334.0875],[645577.421,4824334.9375],[645577.401,4824335.3775],[645577.411,4824335.8175],[645577.9405,4824339.0375],[645587.091,4824337.5175],[645586.161,4824331.8875],[645582.361,4824332.5175],[645577.871,4824333.2575],[645577.701,4824333.6675]]]}},{"type":"Feature","properties":{"id":"5646833PJ4254N_part3","floors":1,"height":3.1,"heightSource":"Catastro:numberOfFloorsAboveGround"},"geometry":{"type":"Polygon","coordinates":[[[645582.361,4824332.5175],[645582.001,4824330.3975],[645581.531,4824330.4575],[645580.691,4824330.6775],[645579.901,4824331.0475],[645579.531,4824331.2775],[645579.191,4824331.5475],[645578.571,4824332.1675],[645578.071,4824332.8775],[645577.871,4824333.2575],[645582.361,4824332.5175]]]}},{"type":"Feature","properties":{"id":"5646833PJ4254N_part4","floors":1,"height":3.1,"heightSource":"Catastro:numberOfFloorsAboveGround"},"geometry":{"type":"Polygon","coordinates":[[[645577.9405,4824339.0375],[645578.2905,4824341.1675],[645587.451,4824339.6575],[645587.091,4824337.5175],[645577.9405,4824339.0375]]]}},{"type":"Feature","properties":{"id":"5646833PJ4254N_part5","floors":1,"height":3.1,"heightSource":"Catastro:numberOfFloorsAboveGround"},"geometry":{"type":"Polygon","coordinates":[[[645585.811,4824329.7475],[645582.001,4824330.3975],[645582.361,4824332.5175],[645586.161,4824331.8875],[645585.811,4824329.7475]]]}},{"type":"Feature","properties":{"id":"5646833PJ4254N_part6","floors":1,"height":3.1,"heightSource":"Catastro:numberOfFloorsAboveGround"},"geometry":{"type":"Polygon","coordinates":[[[645583.0305,4824357.4575],[645583.491,4824360.9305],[645587.2515,4824360.433],[645586.791,4824356.9575],[645583.0305,4824357.4575]]]}},{"type":"Feature","properties":{"id":"5646833PJ4254N_part7","floors":1,"height":3.1,"heightSource":"Catastro:numberOfFloorsAboveGround"},"geometry":{"type":"Polygon","coordinates":[[[645586.791,4824356.9575],[645587.2515,4824360.433],[645593.249,4824359.6395],[645592.7895,4824356.1675],[645586.791,4824356.9575]]]}},{"type":"Feature","properties":{"id":"5646834PJ4254N_part1","floors":1,"height":3.1,"heightSource":"Catastro:numberOfFloorsAboveGround"},"geometry":{"type":"Polygon","coordinates":[[[645600.271,4824328.3575],[645599.161,4824327.4975],[645597.171,4824327.7375],[645596.311,4824328.8275],[645596.371,4824329.3275],[645592.381,4824329.8075],[645592.601,4824331.5975],[645600.541,4824330.6375],[645600.271,4824328.3575]]]}},{"type":"Feature","properties":{"id":"5646834PJ4254N_part2","floors":2,"height":6.2,"heightSource":"Catastro:numberOfFloorsAboveGround"},"geometry":{"type":"Polygon","coordinates":[[[645592.601,4824331.5975],[645592.881,4824333.9275],[645593.021,4824335.1175],[645593.301,4824337.4475],[645601.251,4824336.4875],[645600.541,4824330.6375],[645592.601,4824331.5975]]]}},{"type":"Feature","properties":{"id":"5646834PJ4254N_part3","floors":1,"height":3.1,"heightSource":"Catastro:numberOfFloorsAboveGround"},"geometry":{"type":"Polygon","coordinates":[[[645593.301,4824337.4475],[645593.521,4824339.2375],[645601.461,4824338.2775],[645601.251,4824336.4875],[645593.301,4824337.4475]]]}},{"type":"Feature","properties":{"id":"5646834PJ4254N_part4","floors":1,"height":3.1,"heightSource":"Catastro:numberOfFloorsAboveGround"},"geometry":{"type":"Polygon","coordinates":[[[645602.631,4824354.2875],[645603.1215,4824358.3325],[645609.111,4824357.54],[645608.5855,4824353.567],[645602.631,4824354.2875]]]}},{"type":"Feature","properties":{"id":"5646835PJ4254N_part1","floors":2,"height":6.2,"heightSource":"Catastro:numberOfFloorsAboveGround"},"geometry":{"type":"Polygon","coordinates":[[[645610.59,4824326.73],[645611.32,4824332.3],[645613.03,4824331.11],[645612.42,4824326.49],[645610.59,4824326.73]]]}},{"type":"Feature","properties":{"id":"5646835PJ4254N_part2","floors":2,"height":6.2,"heightSource":"Catastro:numberOfFloorsAboveGround"},"geometry":{"type":"Polygon","coordinates":[[[645613.03,4824331.11],[645611.32,4824332.3],[645611.84,4824336.15],[645619.22,4824335.17],[645618.78,4824331.84],[645617.97,4824325.75],[645612.42,4824326.49],[645613.03,4824331.11]]]}},{"type":"Feature","properties":{"id":"5646835PJ4254N_part3","floors":1,"height":3.1,"heightSource":"Catastro:numberOfFloorsAboveGround"},"geometry":{"type":"Polygon","coordinates":[[[645619.22,4824335.17],[645611.84,4824336.15],[645612.23,4824339.09],[645622.6265,4824337.7105],[645621.797,4824331.4405],[645618.78,4824331.84],[645619.22,4824335.17]]]}},{"type":"Feature","properties":{"id":"5646836PJ4254N_part1","floors":1,"height":3.1,"heightSource":"Catastro:numberOfFloorsAboveGround"},"geometry":{"type":"Polygon","coordinates":[[[645625.84,4824328.34],[645621.4635,4824328.9195],[645622.2505,4824334.868],[645626.63,4824334.2895],[645625.84,4824328.34]]]}},{"type":"Feature","properties":{"id":"5646836PJ4254N_part2","floors":1,"height":3.1,"heightSource":"Catastro:numberOfFloorsAboveGround"},"geometry":{"type":"Polygon","coordinates":[[[645630.45,4824322.61],[645630.71,4824324.65],[645632.49,4824324.42],[645632.23,4824322.38],[645630.45,4824322.61]]]}},{"type":"Feature","properties":{"id":"5646836PJ4254N_part3","floors":2,"height":6.2,"heightSource":"Catastro:numberOfFloorsAboveGround"},"geometry":{"type":"Polygon","coordinates":[[[645632.49,4824324.42],[645630.71,4824324.65],[645631.02,4824327.13],[645632.81,4824326.9],[645633.25,4824330.32],[645634.79,4824330.13],[645636.56,4824329.9],[645639.05,4824329.58],[645638.03,4824321.65],[645635.56,4824321.96],[645633.77,4824322.18],[645632.23,4824322.38],[645632.49,4824324.42]]]}},{"type":"Feature","properties":{"id":"5646836PJ4254N_part4","floors":1,"height":3.1,"heightSource":"Catastro:numberOfFloorsAboveGround"},"geometry":{"type":"Polygon","coordinates":[[[645632.81,4824326.9],[645631.02,4824327.13],[645631.46,4824330.55],[645633.25,4824330.32],[645632.81,4824326.9]]]}},{"type":"Feature","properties":{"id":"5646836PJ4254N_part5","floors":1,"height":3.1,"heightSource":"Catastro:numberOfFloorsAboveGround"},"geometry":{"type":"Polygon","coordinates":[[[645638.03,4824321.65],[645639.05,4824329.58],[645641.39,4824329.28],[645642.25,4824328.16],[645642.0,4824326.18],[645640.88,4824325.32],[645640.38,4824325.38],[645639.29,4824325.52],[645638.78,4824321.55],[645638.03,4824321.65]]]}},{"type":"Feature","properties":{"id":"5646836PJ4254N_part6","floors":1,"height":3.1,"heightSource":"Catastro:numberOfFloorsAboveGround"},"geometry":{"type":"Polygon","coordinates":[[[645639.87,4824321.41],[645638.78,4824321.55],[645639.29,4824325.52],[645640.38,4824325.38],[645639.87,4824321.41]]]}},{"type":"Feature","properties":{"id":"5646837PJ4254N_part1","floors":1,"height":3.1,"heightSource":"Catastro:numberOfFloorsAboveGround"},"geometry":{"type":"Polygon","coordinates":[[[645628.75,4824343.84],[645623.529,4824344.53],[645624.3625,4824350.828],[645629.5795,4824350.1375],[645628.75,4824343.84]]]}},{"type":"Feature","properties":{"id":"5646837PJ4254N_part2","floors":1,"height":3.1,"heightSource":"Catastro:numberOfFloorsAboveGround"},"geometry":{"type":"Polygon","coordinates":[[[645631.35,4824338.61],[645632.4,4824346.55],[645635.67,4824346.12],[645634.63,4824338.18],[645631.35,4824338.61]]]}},{"type":"Feature","properties":{"id":"5646837PJ4254N_part3","floors":1,"height":3.1,"heightSource":"Catastro:numberOfFloorsAboveGround"},"geometry":{"type":"Polygon","coordinates":[[[645641.39,4824336.29],[645634.5,4824337.2],[645634.63,4824338.18],[645640.16,4824337.45],[645640.08,4824336.86],[645641.44,4824336.68],[645641.39,4824336.29]]]}},{"type":"Feature","properties":{"id":"5646837PJ4254N_part4","floors":2,"height":6.2,"heightSource":"Catastro:numberOfFloorsAboveGround"},"geometry":{"type":"Polygon","coordinates":[[[645634.63,4824338.18],[645635.67,4824346.12],[645642.56,4824345.21],[645642.23,4824342.68],[645643.46,4824342.5],[645643.7,4824342.41],[645643.92,4824342.28],[645644.12,4824342.12],[645644.41,4824341.7],[645644.53,4824341.33],[645644.55,4824341.08],[645644.53,4824340.82],[645644.41,4824340.46],[645644.28,4824340.23],[645644.02,4824339.95],[645643.81,4824339.8],[645643.46,4824339.66],[645643.21,4824339.61],[645642.88,4824339.62],[645641.84,4824339.75],[645641.78,4824339.25],[645640.41,4824339.43],[645640.16,4824337.45],[645634.63,4824338.18]]]}},{"type":"Feature","properties":{"id":"5646837PJ4254N_part5","floors":2,"height":6.2,"heightSource":"Catastro:numberOfFloorsAboveGround"},"geometry":{"type":"Polygon","coordinates":[[[645640.08,4824336.86],[645640.16,4824337.45],[645640.41,4824339.43],[645641.78,4824339.25],[645641.44,4824336.68],[645640.08,4824336.86]]]}},{"type":"Feature","properties":{"id":"5646837PJ4254N_part6","floors":1,"height":3.1,"heightSource":"Catastro:numberOfFloorsAboveGround"},"geometry":{"type":"Polygon","coordinates":[[[645642.48,4824336.54],[645641.44,4824336.68],[645641.78,4824339.25],[645641.84,4824339.75],[645642.88,4824339.62],[645642.48,4824336.54]]]}},{"type":"Feature","properties":{"id":"5646838PJ4254N_part1","floors":3,"height":9.3,"heightSource":"Catastro:numberOfFloorsAboveGround"},"geometry":{"type":"Polygon","coordinates":[[[645632.8755,4824352.029],[645633.6455,4824359.989],[645642.5955,4824359.129],[645641.8355,4824351.169],[645632.8755,4824352.029]]]}},{"type":"Feature","properties":{"id":"5646838PJ4254N_part2","floors":1,"height":3.1,"heightSource":"Catastro:numberOfFloorsAboveGround"},"geometry":{"type":"Polygon","coordinates":[[[645643.6255,4824350.989],[645641.8355,4824351.169],[645642.5955,4824359.129],[645644.3955,4824358.959],[645644.1155,4824355.969],[645643.9155,4824353.979],[645643.6255,4824350.989]]]}},{"type":"Feature","properties":{"id":"5646838PJ4254N_part3","floors":1,"height":3.1,"heightSource":"Catastro:numberOfFloorsAboveGround"},"geometry":{"type":"Polygon","coordinates":[[[645645.2955,4824355.859],[645645.2055,4824354.859],[645645.1055,4824353.869],[645643.9155,4824353.979],[645644.1155,4824355.969],[645645.2955,4824355.859]]]}},{"type":"Feature","properties":{"id":"5646839PJ4254N_part1","floors":1,"height":3.1,"heightSource":"Catastro:numberOfFloorsAboveGround"},"geometry":{"type":"Polygon","coordinates":[[[645626.4715,4824366.788],[645627.2085,4824372.35],[645631.38,4824371.79],[645630.6395,4824366.237],[645626.4715,4824366.788]]]}},{"type":"Feature","properties":{"id":"5646839PJ4254N_part2","floors":1,"height":3.1,"heightSource":"Catastro:numberOfFloorsAboveGround"},"geometry":{"type":"Polygon","coordinates":[[[645642.5375,4824368.3575],[645631.93,4824369.85],[645632.072,4824370.925],[645634.317,4824370.616],[645634.3725,4824371.157],[645635.566,4824371.0345],[645635.6525,4824371.8755],[645636.683,4824371.7695],[645636.704,4824371.977],[645637.778,4824371.867],[645637.5755,4824369.8935],[645642.6885,4824369.3075],[645642.5375,4824368.3575]]]}},{"type":"Feature","properties":{"id":"5646839PJ4254N_part3","floors":1,"height":3.1,"heightSource":"Catastro:numberOfFloorsAboveGround"},"geometry":{"type":"Polygon","coordinates":[[[645637.5755,4824369.8935],[645637.778,4824371.867],[645636.704,4824371.977],[645636.683,4824371.7695],[645635.6525,4824371.8755],[645635.566,4824371.0345],[645634.3725,4824371.157],[645634.317,4824370.616],[645632.072,4824370.925],[645632.6865,4824375.5845],[645643.3555,4824374.324],[645642.9715,4824371.6685],[645642.6885,4824369.3075],[645637.5755,4824369.8935]]]}},{"type":"Feature","properties":{"id":"5646839PJ4254N_part4","floors":1,"height":3.1,"heightSource":"Catastro:numberOfFloorsAboveGround"},"geometry":{"type":"Polygon","coordinates":[[[645632.6865,4824375.5845],[645632.75,4824376.066],[645639.736,4824375.189],[645639.936,4824375.704],[645640.759,4824376.109],[645641.293,4824376.2395],[645642.007,4824376.168],[645642.7215,4824375.918],[645643.257,4824375.347],[645643.4,4824374.6325],[645643.3555,4824374.324],[645632.6865,4824375.5845]]]}},{"type":"Feature","properties":{"id":"5646839PJ4254N_part5","floors":1,"height":3.1,"heightSource":"Catastro:numberOfFloorsAboveGround"},"geometry":{"type":"Polygon","coordinates":[[[645639.936,4824375.704],[645639.736,4824375.189],[645632.75,4824376.066],[645632.8925,4824377.143],[645640.759,4824376.109],[645639.936,4824375.704]]]}},{"type":"Feature","properties":{"id":"5646840PJ4254N_part1","floors":2,"height":6.2,"heightSource":"Catastro:numberOfFloorsAboveGround"},"geometry":{"type":"Polygon","coordinates":[[[645549.24,4824370.167],[645549.76,4824374.207],[645550.28,4824374.147],[645549.74,4824370.107],[645549.24,4824370.167]]]}},{"type":"Feature","properties":{"id":"5646840PJ4254N_part2","floors":1,"height":3.1,"heightSource":"Catastro:numberOfFloorsAboveGround"},"geometry":{"type":"Polygon","coordinates":[[[645549.56,4824368.707],[645549.74,4824370.107],[645550.7305,4824369.977],[645550.6105,4824369.037],[645555.0705,4824368.467],[645555.0205,4824368.057],[645556.8005,4824367.827],[645556.8505,4824368.237],[645556.9105,4824368.227],[645556.8405,4824367.747],[645549.56,4824368.707]]]}},{"type":"Feature","properties":{"id":"5646840PJ4254N_part3","floors":2,"height":6.2,"heightSource":"Catastro:numberOfFloorsAboveGround"},"geometry":{"type":"Polygon","coordinates":[[[645549.74,4824370.107],[645550.28,4824374.147],[645551.24,4824374.017],[645550.7305,4824369.977],[645549.74,4824370.107]]]}},{"type":"Feature","properties":{"id":"5646840PJ4254N_part4","floors":2,"height":6.2,"heightSource":"Catastro:numberOfFloorsAboveGround"},"geometry":{"type":"Polygon","coordinates":[[[645551.24,4824374.017],[645550.28,4824374.147],[645550.67,4824377.117],[645551.66,4824376.997],[645551.87,4824378.577],[645550.88,4824378.707],[645551.51,4824383.467],[645555.2805,4824382.967],[645558.8505,4824382.497],[645558.3205,4824378.337],[645557.2105,4824378.477],[645557.0105,4824376.937],[645557.4705,4824375.737],[645556.7805,4824370.277],[645556.6405,4824369.187],[645550.7305,4824369.977],[645551.24,4824374.017]]]}},{"type":"Feature","properties":{"id":"5646840PJ4254N_part6","floors":2,"height":6.2,"heightSource":"Catastro:numberOfFloorsAboveGround"},"geometry":{"type":"Polygon","coordinates":[[[645550.6105,4824369.037],[645550.7305,4824369.977],[645556.6405,4824369.187],[645557.0305,4824369.137],[645556.9105,4824368.227],[645556.8505,4824368.237],[645556.9305,4824368.867],[645555.1505,4824369.097],[645555.0705,4824368.467],[645550.6105,4824369.037]]]}},{"type":"Feature","properties":{"id":"5646840PJ4254N_part8","floors":2,"height":6.2,"heightSource":"Catastro:numberOfFloorsAboveGround"},"geometry":{"type":"Polygon","coordinates":[[[645551.51,4824383.467],[645551.67,4824384.687],[645555.4305,4824384.207],[645555.2805,4824382.967],[645551.51,4824383.467]]]}},{"type":"Feature","properties":{"id":"5646840PJ4254N_part10","floors":3,"height":9.3,"heightSource":"Catastro:numberOfFloorsAboveGround"},"geometry":{"type":"Polygon","coordinates":[[[645557.0305,4824369.137],[645556.6405,4824369.187],[645556.7805,4824370.277],[645564.1205,4824369.3575],[645563.9705,4824368.2175],[645563.7705,4824368.2475],[645563.6505,4824367.3375],[645556.9105,4824368.227],[645557.0305,4824369.137]]]}},{"type":"Feature","properties":{"id":"5646840PJ4254N_part11","floors":3,"height":9.3,"heightSource":"Catastro:numberOfFloorsAboveGround"},"geometry":{"type":"Polygon","coordinates":[[[645564.1205,4824369.3575],[645556.7805,4824370.277],[645557.4705,4824375.737],[645557.0105,4824376.937],[645557.2105,4824378.477],[645558.3205,4824378.337],[645565.6405,4824377.4175],[645565.5305,4824376.5475],[645565.1405,4824373.4475],[645568.3605,4824373.0275],[645568.7605,4824376.1375],[645568.8705,4824376.9975],[645576.1805,4824376.0775],[645577.3005,4824375.9375],[645577.1205,4824374.4475],[645576.2205,4824373.3575],[645575.5305,4824367.9075],[645568.1905,4824368.8275],[645568.0405,4824367.6875],[645563.9705,4824368.2175],[645564.1205,4824369.3575]]]}},{"type":"Feature","properties":{"id":"5646840PJ4254N_part12","floors":3,"height":9.3,"heightSource":"Catastro:numberOfFloorsAboveGround"},"geometry":{"type":"Polygon","coordinates":[[[645558.3205,4824378.337],[645558.8505,4824382.497],[645562.6205,4824382.0075],[645564.4205,4824381.7675],[645566.1705,4824381.5275],[645565.6405,4824377.4175],[645558.3205,4824378.337]]]}},{"type":"Feature","properties":{"id":"5646840PJ4254N_part13","floors":3,"height":9.3,"heightSource":"Catastro:numberOfFloorsAboveGround"},"geometry":{"type":"Polygon","coordinates":[[[645568.2405,4824367.6575],[645568.0405,4824367.6875],[645568.1905,4824368.8275],[645575.5305,4824367.9075],[645575.3805,4824366.7175],[645574.9805,4824366.7675],[645574.8605,4824365.8575],[645568.1205,4824366.7475],[645568.2405,4824367.6575]]]}},{"type":"Feature","properties":{"id":"5646840PJ4254N_part14","floors":3,"height":9.3,"heightSource":"Catastro:numberOfFloorsAboveGround"},"geometry":{"type":"Polygon","coordinates":[[[645568.8705,4824376.9975],[645569.3905,4824381.1075],[645572.9405,4824380.6475],[645576.7005,4824380.1475],[645576.1805,4824376.0775],[645568.8705,4824376.9975]]]}},{"type":"Feature","properties":{"id":"5646840PJ4254N_part15","floors":2,"height":6.2,"heightSource":"Catastro:numberOfFloorsAboveGround"},"geometry":{"type":"Polygon","coordinates":[[[645569.3905,4824381.1075],[645569.5605,4824382.4075],[645573.1105,4824381.9575],[645572.9405,4824380.6475],[645569.3905,4824381.1075]]]}},{"type":"Feature","properties":{"id":"5646840PJ4254N_part16","floors":3,"height":9.3,"heightSource":"Catastro:numberOfFloorsAboveGround"},"geometry":{"type":"Polygon","coordinates":[[[645572.9405,4824380.6475],[645573.1105,4824381.9575],[645576.8805,4824381.4775],[645576.7005,4824380.1475],[645572.9405,4824380.6475]]]}},{"type":"Feature","properties":{"id":"5646840PJ4254N_part17","floors":1,"height":3.1,"heightSource":"Catastro:numberOfFloorsAboveGround"},"geometry":{"type":"Polygon","coordinates":[[[645574.7905,4824365.3775],[645574.8605,4824365.8575],[645575.9005,4824365.7175],[645575.8605,4824365.3975],[645577.6505,4824365.1675],[645577.6905,4824365.4975],[645582.1505,4824364.9275],[645582.0805,4824364.4075],[645574.7905,4824365.3775]]]}},{"type":"Feature","properties":{"id":"5646840PJ4254N_part18","floors":2,"height":6.2,"heightSource":"Catastro:numberOfFloorsAboveGround"},"geometry":{"type":"Polygon","coordinates":[[[645574.8605,4824365.8575],[645574.9805,4824366.7675],[645575.3805,4824366.7175],[645581.2805,4824365.9375],[645582.2705,4824365.8075],[645582.1505,4824364.9275],[645577.6905,4824365.4975],[645577.7805,4824366.2075],[645576.0005,4824366.4375],[645575.9005,4824365.7175],[645574.8605,4824365.8575]]]}},{"type":"Feature","properties":{"id":"5646840PJ4254N_part19","floors":2,"height":6.2,"heightSource":"Catastro:numberOfFloorsAboveGround"},"geometry":{"type":"Polygon","coordinates":[[[645575.3805,4824366.7175],[645575.5305,4824367.9075],[645576.2205,4824373.3575],[645577.1205,4824374.4475],[645577.3005,4824375.9375],[645576.1805,4824376.0775],[645576.7005,4824380.1475],[645580.2705,4824379.6775],[645584.0405,4824379.1775],[645583.4105,4824374.4175],[645582.4105,4824374.5475],[645582.2105,4824372.9575],[645583.2005,4824372.8275],[645582.8105,4824369.8575],[645581.8005,4824369.9875],[645581.2805,4824365.9375],[645575.3805,4824366.7175]]]}},{"type":"Feature","properties":{"id":"5646840PJ4254N_part21","floors":2,"height":6.2,"heightSource":"Catastro:numberOfFloorsAboveGround"},"geometry":{"type":"Polygon","coordinates":[[[645580.2705,4824379.6775],[645580.4405,4824381.0175],[645584.2105,4824380.5375],[645584.0405,4824379.1775],[645580.2705,4824379.6775]]]}},{"type":"Feature","properties":{"id":"5646840PJ4254N_part22","floors":2,"height":6.2,"heightSource":"Catastro:numberOfFloorsAboveGround"},"geometry":{"type":"Polygon","coordinates":[[[645581.2805,4824365.9375],[645581.8005,4824369.9875],[645582.8105,4824369.8575],[645582.2705,4824365.8075],[645581.2805,4824365.9375]]]}},{"type":"Feature","properties":{"id":"5646840PJ4254N_part26","floors":2,"height":6.2,"heightSource":"Catastro:numberOfFloorsAboveGround"},"geometry":{"type":"Polygon","coordinates":[[[645588.541,4824364.9675],[645589.081,4824369.0275],[645589.581,4824368.9575],[645589.041,4824364.8975],[645588.541,4824364.9675]]]}},{"type":"Feature","properties":{"id":"5646840PJ4254N_part27","floors":3,"height":9.3,"heightSource":"Catastro:numberOfFloorsAboveGround"},"geometry":{"type":"Polygon","coordinates":[[[645558.8505,4824382.497],[645559.0105,4824383.747],[645562.7805,4824383.2675],[645562.6205,4824382.0075],[645558.8505,4824382.497]]]}},{"type":"Feature","properties":{"id":"5646840PJ4254N_part28","floors":2,"height":6.2,"heightSource":"Catastro:numberOfFloorsAboveGround"},"geometry":{"type":"Polygon","coordinates":[[[645562.6205,4824382.0075],[645562.7805,4824383.2675],[645564.5905,4824383.0375],[645564.4205,4824381.7675],[645562.6205,4824382.0075]]]}},{"type":"Feature","properties":{"id":"5646840PJ4254N_part29","floors":1,"height":3.1,"heightSource":"Catastro:numberOfFloorsAboveGround"},"geometry":{"type":"Polygon","coordinates":[[[645568.3605,4824373.0275],[645565.1405,4824373.4475],[645565.5305,4824376.5475],[645568.7605,4824376.1375],[645568.3605,4824373.0275]]]}},{"type":"Feature","properties":{"id":"5646840PJ4254N_part30","floors":2,"height":6.2,"heightSource":"Catastro:numberOfFloorsAboveGround"},"geometry":{"type":"Polygon","coordinates":[[[645565.5305,4824376.5475],[645565.6405,4824377.4175],[645566.1705,4824381.5275],[645567.8305,4824381.3175],[645569.3905,4824381.1075],[645568.8705,4824376.9975],[645568.7605,4824376.1375],[645565.5305,4824376.5475]]]}},{"type":"Feature","properties":{"id":"5646840PJ4254N_part31","floors":1,"height":3.1,"heightSource":"Catastro:numberOfFloorsAboveGround"},"geometry":{"type":"Polygon","coordinates":[[[645588.861,4824363.5175],[645589.041,4824364.8975],[645590.031,4824364.7675],[645589.911,4824363.8775],[645594.371,4824363.2875],[645594.341,4824363.0375],[645596.041,4824362.8075],[645596.011,4824362.5675],[645588.861,4824363.5175]]]}},{"type":"Feature","properties":{"id":"5646840PJ4254N_part32","floors":2,"height":6.2,"heightSource":"Catastro:numberOfFloorsAboveGround"},"geometry":{"type":"Polygon","coordinates":[[[645589.041,4824364.8975],[645589.581,4824368.9575],[645590.571,4824368.8275],[645590.031,4824364.7675],[645589.041,4824364.8975]]]}},{"type":"Feature","properties":{"id":"5646840PJ4254N_part33","floors":2,"height":6.2,"heightSource":"Catastro:numberOfFloorsAboveGround"},"geometry":{"type":"Polygon","coordinates":[[[645590.571,4824368.8275],[645589.581,4824368.9575],[645589.971,4824371.9275],[645590.961,4824371.7975],[645591.171,4824373.3875],[645590.181,4824373.5175],[645590.811,4824378.2775],[645594.581,4824377.7775],[645598.141,4824377.3075],[645597.611,4824373.1575],[645596.331,4824373.3175],[645596.141,4824371.8275],[645596.631,4824370.5575],[645595.941,4824365.0975],[645595.801,4824364.0075],[645590.031,4824364.7675],[645590.571,4824368.8275]]]}},{"type":"Feature","properties":{"id":"5646840PJ4254N_part35","floors":2,"height":6.2,"heightSource":"Catastro:numberOfFloorsAboveGround"},"geometry":{"type":"Polygon","coordinates":[[[645589.911,4824363.8775],[645590.031,4824364.7675],[645595.801,4824364.0075],[645596.191,4824363.9575],[645596.181,4824363.8475],[645594.481,4824364.0775],[645594.371,4824363.2875],[645589.911,4824363.8775]]]}},{"type":"Feature","properties":{"id":"5646840PJ4254N_part37","floors":2,"height":6.2,"heightSource":"Catastro:numberOfFloorsAboveGround"},"geometry":{"type":"Polygon","coordinates":[[[645590.811,4824378.2775],[645590.991,4824379.6675],[645594.761,4824379.1675],[645594.581,4824377.7775],[645590.811,4824378.2775]]]}},{"type":"Feature","properties":{"id":"5646840PJ4254N_part39","floors":3,"height":9.3,"heightSource":"Catastro:numberOfFloorsAboveGround"},"geometry":{"type":"Polygon","coordinates":[[[645603.281,4824364.1775],[645595.941,4824365.0975],[645596.631,4824370.5575],[645596.141,4824371.8275],[645596.331,4824373.3175],[645597.611,4824373.1575],[645604.761,4824372.2575],[645604.671,4824371.5475],[645604.701,4824371.5475],[645604.261,4824368.2875],[645605.871,4824368.0675],[645607.481,4824367.8575],[645607.921,4824371.1275],[645607.891,4824371.1275],[645607.981,4824371.8275],[645615.241,4824370.918],[645616.411,4824370.768],[645616.231,4824369.278],[645615.371,4824368.178],[645614.681,4824362.728],[645607.341,4824363.6475],[645607.191,4824362.5075],[645603.131,4824363.0375],[645603.281,4824364.1775]]]}},{"type":"Feature","properties":{"id":"5646840PJ4254N_part40","floors":3,"height":9.3,"heightSource":"Catastro:numberOfFloorsAboveGround"},"geometry":{"type":"Polygon","coordinates":[[[645597.611,4824373.1575],[645598.141,4824377.3075],[645601.911,4824376.8075],[645603.721,4824376.5675],[645605.281,4824376.3675],[645604.761,4824372.2575],[645597.611,4824373.1575]]]}},{"type":"Feature","properties":{"id":"5646840PJ4254N_part41","floors":2,"height":6.2,"heightSource":"Catastro:numberOfFloorsAboveGround"},"geometry":{"type":"Polygon","coordinates":[[[645598.141,4824377.3075],[645598.321,4824378.6975],[645602.091,4824378.1975],[645601.911,4824376.8075],[645598.141,4824377.3075]]]}},{"type":"Feature","properties":{"id":"5646840PJ4254N_part42","floors":2,"height":6.2,"heightSource":"Catastro:numberOfFloorsAboveGround"},"geometry":{"type":"Polygon","coordinates":[[[645601.911,4824376.8075],[645602.091,4824378.1975],[645603.901,4824377.9675],[645603.721,4824376.5675],[645601.911,4824376.8075]]]}},{"type":"Feature","properties":{"id":"5646840PJ4254N_part43","floors":1,"height":3.1,"heightSource":"Catastro:numberOfFloorsAboveGround"},"geometry":{"type":"Polygon","coordinates":[[[645607.921,4824371.1275],[645607.481,4824367.8575],[645605.871,4824368.0675],[645604.261,4824368.2875],[645604.701,4824371.5475],[645607.891,4824371.1275],[645607.921,4824371.1275]]]}},{"type":"Feature","properties":{"id":"5646840PJ4254N_part44","floors":2,"height":6.2,"heightSource":"Catastro:numberOfFloorsAboveGround"},"geometry":{"type":"Polygon","coordinates":[[[645604.671,4824371.5475],[645604.761,4824372.2575],[645605.281,4824376.3675],[645607.131,4824376.1275],[645608.501,4824375.9475],[645607.981,4824371.8275],[645607.891,4824371.1275],[645604.701,4824371.5475],[645604.671,4824371.5475]]]}},{"type":"Feature","properties":{"id":"5646840PJ4254N_part45","floors":3,"height":9.3,"heightSource":"Catastro:numberOfFloorsAboveGround"},"geometry":{"type":"Polygon","coordinates":[[[645607.391,4824362.4775],[645607.191,4824362.5075],[645607.341,4824363.6475],[645614.681,4824362.728],[645614.531,4824361.538],[645614.131,4824361.588],[645614.121,4824361.498],[645614.011,4824360.698],[645607.271,4824361.5875],[645607.391,4824362.4775]]]}},{"type":"Feature","properties":{"id":"5646840PJ4254N_part46","floors":3,"height":9.3,"heightSource":"Catastro:numberOfFloorsAboveGround"},"geometry":{"type":"Polygon","coordinates":[[[645607.981,4824371.8275],[645608.501,4824375.9475],[645611.991,4824375.478],[645615.761,4824374.978],[645615.241,4824370.918],[645607.981,4824371.8275]]]}},{"type":"Feature","properties":{"id":"5646840PJ4254N_part47","floors":2,"height":6.2,"heightSource":"Catastro:numberOfFloorsAboveGround"},"geometry":{"type":"Polygon","coordinates":[[[645611.991,4824375.478],[645612.181,4824376.868],[645615.941,4824376.368],[645615.761,4824374.978],[645611.991,4824375.478]]]}},{"type":"Feature","properties":{"id":"5646840PJ4254N_part48","floors":1,"height":3.1,"heightSource":"Catastro:numberOfFloorsAboveGround"},"geometry":{"type":"Polygon","coordinates":[[[645613.951,4824360.198],[645613.981,4824360.448],[645615.671,4824360.228],[645615.711,4824360.468],[645620.171,4824359.878],[645620.291,4824360.768],[645621.271,4824360.638],[645621.091,4824359.258],[645613.951,4824360.198]]]}},{"type":"Feature","properties":{"id":"5646840PJ4254N_part50","floors":3,"height":9.3,"heightSource":"Catastro:numberOfFloorsAboveGround"},"geometry":{"type":"Polygon","coordinates":[[[645596.191,4824363.9575],[645595.801,4824364.0075],[645595.941,4824365.0975],[645603.281,4824364.1775],[645603.131,4824363.0375],[645602.931,4824363.0675],[645602.811,4824362.1775],[645596.071,4824363.0575],[645596.181,4824363.8475],[645596.191,4824363.9575]]]}},{"type":"Feature","properties":{"id":"5646840PJ4254N_part51","floors":2,"height":6.2,"heightSource":"Catastro:numberOfFloorsAboveGround"},"geometry":{"type":"Polygon","coordinates":[[[645615.811,4824361.268],[645614.121,4824361.498],[645614.131,4824361.588],[645614.531,4824361.538],[645620.291,4824360.768],[645620.171,4824359.878],[645615.711,4824360.468],[645615.811,4824361.268]]]}},{"type":"Feature","properties":{"id":"5646840PJ4254N_part52","floors":2,"height":6.2,"heightSource":"Catastro:numberOfFloorsAboveGround"},"geometry":{"type":"Polygon","coordinates":[[[645614.531,4824361.538],[645614.681,4824362.728],[645615.371,4824368.178],[645616.231,4824369.278],[645616.411,4824370.768],[645615.241,4824370.918],[645615.761,4824374.978],[645619.271,4824374.518],[645623.041,4824374.018],[645622.421,4824369.268],[645621.421,4824369.398],[645621.211,4824367.818],[645622.211,4824367.688],[645621.811,4824364.708],[645620.821,4824364.838],[645620.291,4824360.768],[645614.531,4824361.538]]]}},{"type":"Feature","properties":{"id":"5646840PJ4254N_part53","floors":2,"height":6.2,"heightSource":"Catastro:numberOfFloorsAboveGround"},"geometry":{"type":"Polygon","coordinates":[[[645619.271,4824374.518],[645619.461,4824375.898],[645623.231,4824375.408],[645623.041,4824374.018],[645619.271,4824374.518]]]}},{"type":"Feature","properties":{"id":"5646840PJ4254N_part54","floors":2,"height":6.2,"heightSource":"Catastro:numberOfFloorsAboveGround"},"geometry":{"type":"Polygon","coordinates":[[[645620.291,4824360.768],[645620.821,4824364.838],[645621.811,4824364.708],[645621.751,4824364.218],[645621.271,4824360.638],[645620.291,4824360.768]]]}}]}
