{"type":"FeatureCollection","name":"barreiros-altar-buildings","crs":{"type":"name","properties":{"name":"EPSG:25829"}},"source":"Direcci\u00f3n General del Catastro, INSPIRE BU","features":[{"type":"Feature","properties":{"id":"C01000100PJ42E_part1","floors":1,"height":3.1,"heightSource":"Catastro:numberOfFloorsAboveGround"},"geometry":{"type":"Polygon","coordinates":[[[642275.78805,4824833.8247],[642277.97015,4824825.6096],[642268.6919,4824823.14505],[642267.2799,4824828.4607],[642268.6753,4824828.83135],[642267.90515,4824831.7308],[642275.78805,4824833.8247]]]}},{"type":"Feature","properties":{"id":"C01000100PJ42E_part2","floors":1,"height":3.1,"heightSource":"Catastro:numberOfFloorsAboveGround"},"geometry":{"type":"Polygon","coordinates":[[[642266.50975,4824831.36015],[642267.90515,4824831.7308],[642268.6753,4824828.83135],[642267.2799,4824828.4607],[642266.50975,4824831.36015]]]}},{"type":"Feature","properties":{"id":"C01000200PJ42E_part1","floors":1,"height":3.1,"heightSource":"Catastro:numberOfFloorsAboveGround"},"geometry":{"type":"Polygon","coordinates":[[[642142.8604,4824994.182],[642144.79095,4824994.70485],[642145.98035,4824990.31305],[642144.0499,4824989.79025],[642142.8604,4824994.182]]]}},{"type":"Feature","properties":{"id":"C01000200PJ42E_part2","floors":1,"height":3.1,"heightSource":"Catastro:numberOfFloorsAboveGround"},"geometry":{"type":"Polygon","coordinates":[[[642131.4398,4824999.1747],[642130.5105,4825003.7915],[642130.42285,4825004.2274],[642135.6342,4825006.09145],[642136.19795,4825000.8766],[642131.4398,4824999.1747]]]}},{"type":"Feature","properties":{"id":"C01000200PJ42E_part3","floors":1,"height":3.1,"heightSource":"Catastro:numberOfFloorsAboveGround"},"geometry":{"type":"Polygon","coordinates":[[[642139.2408,4824993.2017],[642142.8604,4824994.182],[642144.0499,4824989.79025],[642145.0956,4824985.92935],[642141.476,4824984.94905],[642139.2408,4824993.2017]]]}},{"type":"Feature","properties":{"id":"C01000200PJ42E_part4","floors":2,"height":6.2,"heightSource":"Catastro:numberOfFloorsAboveGround"},"geometry":{"type":"Polygon","coordinates":[[[642138.29075,4824984.08635],[642136.05565,4824992.33905],[642139.2408,4824993.2017],[642141.476,4824984.94905],[642138.29075,4824984.08635]]]}},{"type":"Feature","properties":{"id":"C01000300PJ42E_part1","floors":1,"height":3.1,"heightSource":"Catastro:numberOfFloorsAboveGround"},"geometry":{"type":"Polygon","coordinates":[[[642147.7532,4824969.40615],[642142.11775,4824968.03435],[642141.2663,4824971.5322],[642146.90175,4824972.90395],[642147.7532,4824969.40615]]]}},{"type":"Feature","properties":{"id":"C01000300PJ42E_part2","floors":2,"height":6.2,"heightSource":"Catastro:numberOfFloorsAboveGround"},"geometry":{"type":"Polygon","coordinates":[[[642142.20535,4824978.24475],[642145.1203,4824978.9543],[642145.3568,4824977.9827],[642147.7858,4824978.57395],[642148.80285,4824974.3959],[642146.37375,4824973.80465],[642146.61025,4824972.83305],[642143.69535,4824972.1235],[642143.45885,4824973.0951],[642141.0298,4824972.5038],[642140.01275,4824976.68185],[642142.44185,4824977.27315],[642142.20535,4824978.24475]]]}},{"type":"Feature","properties":{"id":"C01000300PJ42E_part3","floors":1,"height":3.1,"heightSource":"Catastro:numberOfFloorsAboveGround"},"geometry":{"type":"Polygon","coordinates":[[[642145.1203,4824978.9543],[642147.5493,4824979.54555],[642147.7858,4824978.57395],[642145.3568,4824977.9827],[642145.1203,4824978.9543]]]}},{"type":"Feature","properties":{"id":"C01000300PJ42E_part4","floors":1,"height":3.1,"heightSource":"Catastro:numberOfFloorsAboveGround"},"geometry":{"type":"Polygon","coordinates":[[[642140.01275,4824976.68185],[642139.77625,4824977.65345],[642142.20535,4824978.24475],[642142.44185,4824977.27315],[642140.01275,4824976.68185]]]}},{"type":"Feature","properties":{"id":"C01000300PJ42E_part5","floors":1,"height":3.1,"heightSource":"Catastro:numberOfFloorsAboveGround"},"geometry":{"type":"Polygon","coordinates":[[[642146.37375,4824973.80465],[642148.80285,4824974.3959],[642149.03935,4824973.4243],[642146.61025,4824972.83305],[642146.37375,4824973.80465]]]}},{"type":"Feature","properties":{"id":"C01000300PJ42E_part6","floors":1,"height":3.1,"heightSource":"Catastro:numberOfFloorsAboveGround"},"geometry":{"type":"Polygon","coordinates":[[[642141.2663,4824971.5322],[642141.0298,4824972.5038],[642143.45885,4824973.0951],[642143.69535,4824972.1235],[642141.2663,4824971.5322]]]}},{"type":"Feature","properties":{"id":"C01000400PJ42E_part4","floors":2,"height":6.2,"heightSource":"Catastro:numberOfFloorsAboveGround"},"geometry":{"type":"Polygon","coordinates":[[[642131.91,4824960.07],[642135.1,4824960.58],[642135.39,4824958.76],[642132.2,4824958.25],[642131.91,4824960.07]]]}},{"type":"Feature","properties":{"id":"C01000400PJ42E_part5","floors":1,"height":3.1,"heightSource":"Catastro:numberOfFloorsAboveGround"},"geometry":{"type":"Polygon","coordinates":[[[642132.59,4824955.83],[642130.17,4824955.44],[642129.78,4824957.86],[642132.2,4824958.25],[642132.59,4824955.83]]]}},{"type":"Feature","properties":{"id":"C01000400PJ42E_part6","floors":2,"height":6.2,"heightSource":"Catastro:numberOfFloorsAboveGround"},"geometry":{"type":"Polygon","coordinates":[[[642127.2,4824959.32],[642131.91,4824960.07],[642132.2,4824958.25],[642129.78,4824957.86],[642127.49,4824957.5],[642127.2,4824959.32]]]}},{"type":"Feature","properties":{"id":"C01000400PJ42E_part8","floors":2,"height":6.2,"heightSource":"Catastro:numberOfFloorsAboveGround"},"geometry":{"type":"Polygon","coordinates":[[[642125.68,4824968.85],[642133.58,4824970.11],[642133.83,4824968.53],[642125.93,4824967.27],[642125.68,4824968.85]]]}},{"type":"Feature","properties":{"id":"C01000400PJ42E_part9","floors":2,"height":6.2,"heightSource":"Catastro:numberOfFloorsAboveGround"},"geometry":{"type":"Polygon","coordinates":[[[642124.87,4824967.1],[642125.93,4824967.27],[642133.83,4824968.53],[642134.89,4824968.7],[642136.16,4824960.75],[642135.1,4824960.58],[642131.91,4824960.07],[642127.2,4824959.32],[642126.13,4824959.15],[642124.87,4824967.1]]]}},{"type":"Feature","properties":{"id":"C01000500PJ42E_part1","floors":2,"height":6.2,"heightSource":"Catastro:numberOfFloorsAboveGround"},"geometry":{"type":"Polygon","coordinates":[[[641990.35525,4825013.9871],[641983.3642,4825017.8762],[641986.6699,4825023.8186],[641990.6024,4825021.631],[641991.18575,4825022.67965],[642000.79845,4825017.3322],[641996.42325,4825009.46725],[641989.86915,4825013.11325],[641990.35525,4825013.9871]]]}},{"type":"Feature","properties":{"id":"C01000600PJ42E_part1","floors":2,"height":6.2,"heightSource":"Catastro:numberOfFloorsAboveGround"},"geometry":{"type":"Polygon","coordinates":[[[642343.53,4825099.26335],[642355.55745,4825099.99965],[642355.86605,4825094.95905],[642346.73185,4825094.3999],[642346.6524,4825095.6975],[642343.7591,4825095.5204],[642343.53,4825099.26335]]]}},{"type":"Feature","properties":{"id":"C01000600PJ42E_part2","floors":1,"height":3.1,"heightSource":"Catastro:numberOfFloorsAboveGround"},"geometry":{"type":"Polygon","coordinates":[[[642386.36005,4825101.69095],[642389.8535,4825101.9048],[642390.15905,4825096.91415],[642386.66555,4825096.7003],[642386.36005,4825101.69095]]]}},{"type":"Feature","properties":{"id":"C01000600PJ42E_part3","floors":2,"height":6.2,"heightSource":"Catastro:numberOfFloorsAboveGround"},"geometry":{"type":"Polygon","coordinates":[[[642343.83855,4825094.2228],[642343.7591,4825095.5204],[642346.6524,4825095.6975],[642346.73185,4825094.3999],[642343.83855,4825094.2228]]]}},{"type":"Feature","properties":{"id":"C01000700PJ42E_part1","floors":1,"height":3.1,"heightSource":"Catastro:numberOfFloorsAboveGround"},"geometry":{"type":"Polygon","coordinates":[[[642475.348,4825079.2765],[642478.2655,4825080.819],[642479.434,4825078.6095],[642478.727,4825078.2355],[642481.065,4825073.8155],[642481.772,4825074.1895],[642482.941,4825071.9795],[642481.3495,4825071.138],[642478.9885,4825075.602],[642477.6625,4825074.9005],[642475.348,4825079.2765]]]}},{"type":"Feature","properties":{"id":"C01000700PJ42E_part2","floors":1,"height":3.1,"heightSource":"Catastro:numberOfFloorsAboveGround"},"geometry":{"type":"Polygon","coordinates":[[[642487.9195,4825081.1745],[642491.102,4825082.8575],[642493.8135,4825077.7305],[642490.6315,4825076.0475],[642487.9195,4825081.1745]]]}},{"type":"Feature","properties":{"id":"C01000700PJ42E_part3","floors":1,"height":3.1,"heightSource":"Catastro:numberOfFloorsAboveGround"},"geometry":{"type":"Polygon","coordinates":[[[642485.956,4825084.887],[642489.138,4825086.57],[642491.102,4825082.8575],[642487.9195,4825081.1745],[642485.956,4825084.887]]]}},{"type":"Feature","properties":{"id":"C01000700PJ42E_part4","floors":2,"height":6.2,"heightSource":"Catastro:numberOfFloorsAboveGround"},"geometry":{"type":"Polygon","coordinates":[[[642481.772,4825074.1895],[642481.065,4825073.8155],[642478.727,4825078.2355],[642479.434,4825078.6095],[642478.2655,4825080.819],[642479.37,4825081.4035],[642485.956,4825084.887],[642487.9195,4825081.1745],[642490.6315,4825076.0475],[642482.941,4825071.9795],[642481.772,4825074.1895]]]}},{"type":"Feature","properties":{"id":"C01000700PJ42E_part5","floors":1,"height":3.1,"heightSource":"Catastro:numberOfFloorsAboveGround"},"geometry":{"type":"Polygon","coordinates":[[[642479.5815,4825070.203],[642477.2205,4825074.667],[642477.6625,4825074.9005],[642478.9885,4825075.602],[642481.3495,4825071.138],[642479.5815,4825070.203]]]}},{"type":"Feature","properties":{"id":"C01000800PJ42E_part1","floors":1,"height":3.1,"heightSource":"Catastro:numberOfFloorsAboveGround"},"geometry":{"type":"Polygon","coordinates":[[[642521.84895,4825197.4607],[642514.4155,4825197.1767],[642514.5388,4825199.0981],[642514.76165,4825202.571],[642522.1951,4825202.855],[642521.84895,4825197.4607]]]}},{"type":"Feature","properties":{"id":"C01000900PJ42E_part1","floors":1,"height":3.1,"heightSource":"Catastro:numberOfFloorsAboveGround"},"geometry":{"type":"Polygon","coordinates":[[[641931.2805,4824712.3015],[641931.3655,4824717.851],[641944.61,4824717.6485],[641944.55,4824713.65],[641944.53,4824712.099],[641931.2805,4824712.3015]]]}},{"type":"Feature","properties":{"id":"C01000900PJ42E_part2","floors":1,"height":3.1,"heightSource":"Catastro:numberOfFloorsAboveGround"},"geometry":{"type":"Polygon","coordinates":[[[641948.1755,4824721.6575],[641948.2275,4824725.044],[641953.78,4824724.9595],[641957.3265,4824724.905],[641957.314,4824724.0865],[641957.278,4824721.7435],[641957.1515,4824713.4565],[641948.0525,4824713.5955],[641948.1135,4824717.595],[641948.1755,4824721.6575]]]}},{"type":"Feature","properties":{"id":"C01000900PJ42E_part3","floors":2,"height":6.2,"heightSource":"Catastro:numberOfFloorsAboveGround"},"geometry":{"type":"Polygon","coordinates":[[[641944.55,4824713.65],[641944.61,4824717.6485],[641948.1135,4824717.595],[641948.0525,4824713.5955],[641946.7025,4824713.616],[641944.55,4824713.65]]]}},{"type":"Feature","properties":{"id":"C01000900PJ42E_part4","floors":1,"height":3.1,"heightSource":"Catastro:numberOfFloorsAboveGround"},"geometry":{"type":"Polygon","coordinates":[[[641946.679,4824712.0665],[641944.53,4824712.099],[641944.55,4824713.65],[641946.7025,4824713.616],[641946.679,4824712.0665]]]}},{"type":"Feature","properties":{"id":"1953101PJ4215S_part1","floors":2,"height":6.2,"heightSource":"Catastro:numberOfFloorsAboveGround"},"geometry":{"type":"Polygon","coordinates":[[[641799.155,4825135.6285],[641785.795,4825132.678],[641782.355,4825148.248],[641795.715,4825151.2385],[641799.155,4825135.6285]]]}},{"type":"Feature","properties":{"id":"1953102PJ4215S_part1","floors":2,"height":6.2,"heightSource":"Catastro:numberOfFloorsAboveGround"},"geometry":{"type":"Polygon","coordinates":[[[641762.78,4825131.93],[641753.01,4825129.75],[641753.5,4825127.35],[641749.5,4825126.46],[641747.97,4825133.35],[641751.74,4825134.18],[641751.48,4825135.35],[641761.5,4825137.58],[641762.78,4825131.93]]]}},{"type":"Feature","properties":{"id":"1953103PJ4215S_part1","floors":1,"height":3.1,"heightSource":"Catastro:numberOfFloorsAboveGround"},"geometry":{"type":"Polygon","coordinates":[[[641769.35,4825130.47],[641768.15,4825136.07],[641770.98,4825136.68],[641772.17,4825131.13],[641769.35,4825130.47]]]}},{"type":"Feature","properties":{"id":"1953103PJ4215S_part2","floors":2,"height":6.2,"heightSource":"Catastro:numberOfFloorsAboveGround"},"geometry":{"type":"Polygon","coordinates":[[[641777.24,4825144.18],[641777.7,4825142.03],[641773.92,4825141.21],[641777.24,4825144.18]]]}},{"type":"Feature","properties":{"id":"1953103PJ4215S_part3","floors":2,"height":6.2,"heightSource":"Catastro:numberOfFloorsAboveGround"},"geometry":{"type":"Polygon","coordinates":[[[641773.92,4825141.21],[641774.37,4825139.1],[641770.63,4825138.28],[641773.92,4825141.21]]]}},{"type":"Feature","properties":{"id":"1953103PJ4215S_part4","floors":2,"height":6.2,"heightSource":"Catastro:numberOfFloorsAboveGround"},"geometry":{"type":"Polygon","coordinates":[[[641770.63,4825138.28],[641774.37,4825139.1],[641773.92,4825141.21],[641777.7,4825142.03],[641779.67,4825132.9],[641772.17,4825131.13],[641770.98,4825136.68],[641770.63,4825138.28]]]}},{"type":"Feature","properties":{"id":"1953103PJ4215S_part5","floors":1,"height":3.1,"heightSource":"Catastro:numberOfFloorsAboveGround"},"geometry":{"type":"Polygon","coordinates":[[[641770.63,4825138.28],[641770.98,4825136.68],[641768.15,4825136.07],[641770.63,4825138.28]]]}},{"type":"Feature","properties":{"id":"2052101PJ4225S_part1","floors":2,"height":6.2,"heightSource":"Catastro:numberOfFloorsAboveGround"},"geometry":{"type":"Polygon","coordinates":[[[641908.29,4825046.93],[641909.03,4825047.91],[641911.9,4825045.73],[641911.15,4825044.74],[641908.29,4825046.93]]]}},{"type":"Feature","properties":{"id":"2052101PJ4225S_part2","floors":2,"height":6.2,"heightSource":"Catastro:numberOfFloorsAboveGround"},"geometry":{"type":"Polygon","coordinates":[[[641919.94,4825045.97],[641922.78,4825049.71],[641923.7,4825049.01],[641920.85,4825045.27],[641919.94,4825045.97]]]}},{"type":"Feature","properties":{"id":"2052101PJ4225S_part3","floors":2,"height":6.2,"heightSource":"Catastro:numberOfFloorsAboveGround"},"geometry":{"type":"Polygon","coordinates":[[[641917.04,4825040.27],[641913.61,4825042.87],[641914.37,4825043.85],[641916.87,4825041.95],[641918.42,4825043.98],[641919.34,4825043.29],[641917.04,4825040.27]]]}},{"type":"Feature","properties":{"id":"2052101PJ4225S_part4","floors":2,"height":6.2,"heightSource":"Catastro:numberOfFloorsAboveGround"},"geometry":{"type":"Polygon","coordinates":[[[641916.8,4825050.35],[641914.58,4825050.05],[641912.1,4825051.94],[641912.77,4825052.81],[641917.81,4825053.5],[641918.69,4825052.83],[641916.8,4825050.35]]]}},{"type":"Feature","properties":{"id":"2052101PJ4225S_part5","floors":3,"height":9.3,"heightSource":"Catastro:numberOfFloorsAboveGround"},"geometry":{"type":"Polygon","coordinates":[[[641911.9,4825045.73],[641909.03,4825047.91],[641912.1,4825051.94],[641914.58,4825050.05],[641916.8,4825050.35],[641918.69,4825052.83],[641922.78,4825049.71],[641919.94,4825045.97],[641920.85,4825045.27],[641919.34,4825043.29],[641918.42,4825043.98],[641916.87,4825041.95],[641914.37,4825043.85],[641913.61,4825042.87],[641911.15,4825044.74],[641911.9,4825045.73]]]}},{"type":"Feature","properties":{"id":"2052103PJ4225S_part1","floors":2,"height":6.2,"heightSource":"Catastro:numberOfFloorsAboveGround"},"geometry":{"type":"Polygon","coordinates":[[[641929.9775,4825013.3895],[641933.438,4825015.8695],[641933.838,4825015.3095],[641938.448,4825018.5595],[641937.318,4825020.1695],[641941.548,4825023.1595],[641948.218,4825013.7195],[641935.838,4825004.9795],[641929.9775,4825013.3895]]]}},{"type":"Feature","properties":{"id":"2052105PJ4225S_part1","floors":3,"height":9.3,"heightSource":"Catastro:numberOfFloorsAboveGround"},"geometry":{"type":"Polygon","coordinates":[[[641885.4875,4824946.559],[641889.3775,4824948.039],[641892.2175,4824949.119],[641898.4375,4824932.749],[641886.9675,4824928.519],[641885.5275,4824932.599],[641883.8175,4824937.469],[641881.1975,4824944.929],[641882.6375,4824945.479],[641885.4875,4824946.559]]]}},{"type":"Feature","properties":{"id":"2052701PJ4225S_part1","floors":3,"height":9.3,"heightSource":"Catastro:numberOfFloorsAboveGround"},"geometry":{"type":"Polygon","coordinates":[[[641847.2465,4824986.4185],[641848.447,4824980.6785],[641837.5665,4824978.3985],[641835.8865,4824986.4185],[641835.6665,4824987.4685],[641835.5665,4824987.9585],[641846.4465,4824990.2385],[641846.8365,4824988.3685],[641847.2465,4824986.4185]]]}},{"type":"Feature","properties":{"id":"2052801PJ4225S_part1","floors":3,"height":9.3,"heightSource":"Catastro:numberOfFloorsAboveGround"},"geometry":{"type":"Polygon","coordinates":[[[641890.487,4825055.879],[641888.637,4825056.339],[641887.207,4825049.969],[641875.1365,4825052.739],[641874.6965,4825052.849],[641875.1365,4825054.489],[641878.1865,4825065.909],[641880.7065,4825065.369],[641880.8465,4825066.009],[641892.507,4825063.479],[641891.327,4825059.059],[641890.837,4825057.229],[641890.487,4825055.879]]]}},{"type":"Feature","properties":{"id":"2052802PJ4225S_part1","floors":1,"height":3.1,"heightSource":"Catastro:numberOfFloorsAboveGround"},"geometry":{"type":"Polygon","coordinates":[[[641863.0125,4825030.4715],[641862.4,4825030.7995],[641858.4995,4825032.886],[641858.766,4825033.36],[641861.9285,4825039.6875],[641866.6265,4825037.149],[641863.6065,4825031.569],[641863.2825,4825030.9705],[641863.0125,4825030.4715]]]}},{"type":"Feature","properties":{"id":"2052802PJ4225S_part2","floors":1,"height":3.1,"heightSource":"Catastro:numberOfFloorsAboveGround"},"geometry":{"type":"Polygon","coordinates":[[[641875.137,4825029.509],[641874.777,4825029.709],[641866.1265,4825034.579],[641873.9465,4825048.629],[641875.1365,4825047.959],[641883.637,4825043.229],[641875.747,4825029.069],[641875.137,4825029.509]]]}},{"type":"Feature","properties":{"id":"2052803PJ4225S_part1","floors":1,"height":3.1,"heightSource":"Catastro:numberOfFloorsAboveGround"},"geometry":{"type":"Polygon","coordinates":[[[641854.53,4825021.96],[641856.45,4825025.41],[641862.26,4825022.18],[641864.96,4825027.03],[641871.47,4825023.41],[641867.57,4825016.41],[641863.86,4825018.48],[641863.14,4825017.18],[641854.53,4825021.96]]]}},{"type":"Feature","properties":{"id":"2052803PJ4225S_part2","floors":1,"height":3.1,"heightSource":"Catastro:numberOfFloorsAboveGround"},"geometry":{"type":"Polygon","coordinates":[[[641859.28,4825025.16],[641855.6,4825027.07],[641855.9095,4825027.6905],[641858.4995,4825032.886],[641862.112,4825030.9535],[641859.28,4825025.16]]]}},{"type":"Feature","properties":{"id":"2052804PJ4225S_part1","floors":1,"height":3.1,"heightSource":"Catastro:numberOfFloorsAboveGround"},"geometry":{"type":"Polygon","coordinates":[[[641855.762,4825027.3945],[641854.102,4825024.065],[641853.6725,4825024.2875],[641852.9695,4825024.6515],[641848.4365,4825026.9885],[641847.4465,4825027.5085],[641848.3165,4825029.1885],[641849.1765,4825030.8285],[641854.826,4825027.901],[641855.495,4825027.5335],[641855.762,4825027.3945]]]}},{"type":"Feature","properties":{"id":"2052804PJ4225S_part2","floors":1,"height":3.1,"heightSource":"Catastro:numberOfFloorsAboveGround"},"geometry":{"type":"Polygon","coordinates":[[[641835.8365,4825010.7185],[641834.1765,4825007.7585],[641833.6465,4825006.8285],[641825.1765,4825011.6085],[641830.6365,4825021.2985],[641833.9965,4825019.3385],[641839.0565,4825016.4185],[641838.6965,4825015.7885],[641835.8365,4825010.7185]]]}},{"type":"Feature","properties":{"id":"2052805PJ4225S_part1","floors":3,"height":9.3,"heightSource":"Catastro:numberOfFloorsAboveGround"},"geometry":{"type":"Polygon","coordinates":[[[641821.436,4825021.9685],[641816.826,4825013.5485],[641806.016,4825019.4485],[641810.626,4825027.8785],[641821.436,4825021.9685]]]}},{"type":"Feature","properties":{"id":"2052806PJ4225S_part1","floors":2,"height":6.2,"heightSource":"Catastro:numberOfFloorsAboveGround"},"geometry":{"type":"Polygon","coordinates":[[[641783.7555,4825019.238],[641793.986,4825013.788],[641792.126,4825010.308],[641793.296,4825009.678],[641792.886,4825008.918],[641781.3155,4825014.768],[641783.7555,4825019.238]]]}},{"type":"Feature","properties":{"id":"2052806PJ4225S_part2","floors":2,"height":6.2,"heightSource":"Catastro:numberOfFloorsAboveGround"},"geometry":{"type":"Polygon","coordinates":[[[641781.3155,4825014.768],[641792.886,4825008.918],[641790.366,4825004.238],[641787.556,4825005.748],[641786.806,4825004.358],[641778.4355,4825008.858],[641778.1755,4825009.008],[641778.4755,4825009.568],[641781.3155,4825014.768]]]}},{"type":"Feature","properties":{"id":"2052807PJ4225S_part1","floors":2,"height":6.2,"heightSource":"Catastro:numberOfFloorsAboveGround"},"geometry":{"type":"Polygon","coordinates":[[[641761.8255,4825025.958],[641763.6255,4825024.818],[641771.2155,4825020.068],[641766.2255,4825012.118],[641756.9755,4825017.918],[641757.6655,4825019.068],[641761.0655,4825024.708],[641761.8255,4825025.958]]]}},{"type":"Feature","properties":{"id":"2052808PJ4225S_part1","floors":2,"height":6.2,"heightSource":"Catastro:numberOfFloorsAboveGround"},"geometry":{"type":"Polygon","coordinates":[[[641758.135,4825029.268],[641747.765,4825027.0475],[641746.155,4825034.5275],[641749.795,4825035.3075],[641749.655,4825035.9375],[641756.395,4825037.418],[641758.135,4825029.268]]]}},{"type":"Feature","properties":{"id":"2052809PJ4225S_part1","floors":2,"height":6.2,"heightSource":"Catastro:numberOfFloorsAboveGround"},"geometry":{"type":"Polygon","coordinates":[[[641781.4755,4825031.828],[641782.5155,4825031.258],[641777.8655,4825023.428],[641768.6655,4825028.898],[641767.9955,4825029.248],[641772.4655,4825036.868],[641775.7255,4825035.038],[641781.4755,4825031.828]]]}},{"type":"Feature","properties":{"id":"2052809PJ4225S_part2","floors":3,"height":9.3,"heightSource":"Catastro:numberOfFloorsAboveGround"},"geometry":{"type":"Polygon","coordinates":[[[641785.7655,4825039.138],[641782.6355,4825033.838],[641783.6855,4825033.218],[641782.5155,4825031.258],[641781.4755,4825031.828],[641775.7255,4825035.038],[641772.4655,4825036.868],[641773.5355,4825038.698],[641773.7755,4825038.548],[641774.8455,4825037.928],[641775.8055,4825037.368],[641779.1555,4825043.038],[641780.1055,4825042.468],[641780.5555,4825042.208],[641785.7655,4825039.138]]]}},{"type":"Feature","properties":{"id":"2052810PJ4225S_part1","floors":2,"height":6.2,"heightSource":"Catastro:numberOfFloorsAboveGround"},"geometry":{"type":"Polygon","coordinates":[[[641796.4255,4825046.828],[641811.366,4825038.3285],[641807.796,4825032.0585],[641792.9155,4825040.528],[641796.4255,4825046.828]]]}},{"type":"Feature","properties":{"id":"2052810PJ4225S_part2","floors":2,"height":6.2,"heightSource":"Catastro:numberOfFloorsAboveGround"},"geometry":{"type":"Polygon","coordinates":[[[641807.796,4825032.0585],[641804.236,4825025.8085],[641789.4255,4825034.238],[641792.9155,4825040.528],[641807.796,4825032.0585]]]}},{"type":"Feature","properties":{"id":"2052811PJ4225S_part1","floors":2,"height":6.2,"heightSource":"Catastro:numberOfFloorsAboveGround"},"geometry":{"type":"Polygon","coordinates":[[[641821.456,4825044.4685],[641826.646,4825053.8585],[641838.856,4825047.0885],[641833.796,4825037.9685],[641829.206,4825040.1585],[641821.456,4825044.4685]]]}},{"type":"Feature","properties":{"id":"2052811PJ4225S_part2","floors":1,"height":3.1,"heightSource":"Catastro:numberOfFloorsAboveGround"},"geometry":{"type":"Polygon","coordinates":[[[641815.026,4825040.8385],[641818.256,4825039.0185],[641817.066,4825036.9085],[641816.796,4825036.4285],[641813.566,4825038.2385],[641813.756,4825038.5785],[641815.026,4825040.8385]]]}},{"type":"Feature","properties":{"id":"2052812PJ4225S_part1","floors":3,"height":9.3,"heightSource":"Catastro:numberOfFloorsAboveGround"},"geometry":{"type":"Polygon","coordinates":[[[641860.9765,4825046.489],[641853.1165,4825044.689],[641852.7965,4825046.079],[641850.2865,4825057.129],[641861.1465,4825059.619],[641862.4965,4825053.709],[641859.4865,4825053.019],[641860.6765,4825047.759],[641860.9765,4825046.489]]]}},{"type":"Feature","properties":{"id":"2053001PJ4225S_part1","floors":3,"height":9.3,"heightSource":"Catastro:numberOfFloorsAboveGround"},"geometry":{"type":"Polygon","coordinates":[[[641869.366,4825129.899],[641870.006,4825129.729],[641870.616,4825129.499],[641871.186,4825129.179],[641871.666,4825128.839],[641872.216,4825128.369],[641872.656,4825127.879],[641873.0065,4825127.369],[641875.1365,4825122.399],[641876.1465,4825120.049],[641877.0965,4825119.079],[641877.4565,4825118.469],[641877.7265,4825117.789],[641877.7965,4825117.459],[641877.8365,4825117.109],[641877.8265,4825116.129],[641878.0465,4825115.629],[641875.1365,4825114.369],[641870.8065,4825112.509],[641857.966,4825117.709],[641854.846,4825124.679],[641856.656,4825125.459],[641856.906,4825125.919],[641857.256,4825126.309],[641857.846,4825126.649],[641858.276,4825126.749],[641859.376,4825126.619],[641866.776,4825129.789],[641867.416,4825129.929],[641868.066,4825129.989],[641868.726,4825129.979],[641869.366,4825129.899]]]}},{"type":"Feature","properties":{"id":"2053002PJ4225S_part1","floors":1,"height":3.1,"heightSource":"Catastro:numberOfFloorsAboveGround"},"geometry":{"type":"Polygon","coordinates":[[[641894.2465,4825095.669],[641891.0365,4825089.679],[641884.0565,4825087.549],[641878.1365,4825090.749],[641876.0665,4825097.769],[641879.2765,4825103.689],[641886.2265,4825105.719],[641892.1165,4825102.579],[641894.2465,4825095.669]],[[641892.9365,4825096.019],[641891.2565,4825101.759],[641885.9665,4825104.609],[641880.1965,4825102.919],[641877.3765,4825097.629],[641879.0565,4825091.929],[641884.3765,4825089.029],[641890.1465,4825090.739],[641892.9365,4825096.019]]]}},{"type":"Feature","properties":{"id":"2053002PJ4225S_part2","floors":3,"height":9.3,"heightSource":"Catastro:numberOfFloorsAboveGround"},"geometry":{"type":"Polygon","coordinates":[[[641884.6565,4825090.699],[641880.6165,4825092.899],[641879.3365,4825097.209],[641881.4765,4825101.209],[641885.8365,4825102.489],[641889.8465,4825100.329],[641891.1265,4825095.989],[641889.0065,4825091.989],[641884.6565,4825090.699]]]}},{"type":"Feature","properties":{"id":"2053002PJ4225S_part3","floors":2,"height":6.2,"heightSource":"Catastro:numberOfFloorsAboveGround"},"geometry":{"type":"Polygon","coordinates":[[[641884.3765,4825089.029],[641879.0565,4825091.929],[641877.3765,4825097.629],[641880.1965,4825102.919],[641885.9665,4825104.609],[641891.2565,4825101.759],[641892.9365,4825096.019],[641890.1465,4825090.739],[641884.3765,4825089.029]],[[641891.1265,4825095.989],[641889.8465,4825100.329],[641885.8365,4825102.489],[641881.4765,4825101.209],[641879.3365,4825097.209],[641880.6165,4825092.899],[641884.6565,4825090.699],[641889.0065,4825091.989],[641891.1265,4825095.989]]]}},{"type":"Feature","properties":{"id":"2053003PJ4225S_part1","floors":1,"height":3.1,"heightSource":"Catastro:numberOfFloorsAboveGround"},"geometry":{"type":"Polygon","coordinates":[[[641862.1965,4825086.819],[641860.9165,4825092.549],[641867.2765,4825093.999],[641868.7265,4825086.819],[641869.4065,4825083.459],[641863.2665,4825082.069],[641862.1965,4825086.819]]]}},{"type":"Feature","properties":{"id":"2053003PJ4225S_part2","floors":2,"height":6.2,"heightSource":"Catastro:numberOfFloorsAboveGround"},"geometry":{"type":"Polygon","coordinates":[[[641854.9065,4825080.179],[641853.406,4825086.819],[641852.536,4825090.649],[641860.9165,4825092.549],[641862.1965,4825086.819],[641863.2665,4825082.069],[641854.9065,4825080.179]]]}},{"type":"Feature","properties":{"id":"2053004PJ4225S_part1","floors":1,"height":3.1,"heightSource":"Catastro:numberOfFloorsAboveGround"},"geometry":{"type":"Polygon","coordinates":[[[641842.9345,4825095.973],[641846.6945,4825079.3945],[641790.3255,4825066.609],[641786.5655,4825083.188],[641842.9345,4825095.973]]]}},{"type":"Feature","properties":{"id":"2053005PJ4225S_part1","floors":2,"height":6.2,"heightSource":"Catastro:numberOfFloorsAboveGround"},"geometry":{"type":"Polygon","coordinates":[[[641776.355,4825077.568],[641778.285,4825070.768],[641779.7155,4825071.168],[641781.5355,4825064.638],[641768.285,4825060.938],[641766.415,4825067.598],[641768.225,4825068.108],[641766.545,4825074.768],[641776.355,4825077.568]]]}},{"type":"Feature","properties":{"id":"2053005PJ4225S_part2","floors":1,"height":3.1,"heightSource":"Catastro:numberOfFloorsAboveGround"},"geometry":{"type":"Polygon","coordinates":[[[641777.995,4825086.818],[641779.875,4825087.258],[641779.995,4825086.818],[641781.625,4825080.908],[641781.265,4825080.808],[641771.475,4825078.148],[641769.635,4825084.898],[641775.135,4825086.158],[641776.835,4825086.548],[641777.995,4825086.818]]]}},{"type":"Feature","properties":{"id":"2053005PJ4225S_part3","floors":1,"height":3.1,"heightSource":"Catastro:numberOfFloorsAboveGround"},"geometry":{"type":"Polygon","coordinates":[[[641768.745,4825079.098],[641763.825,4825077.978],[641762.775,4825083.328],[641765.365,4825083.918],[641767.545,4825084.418],[641768.745,4825079.098]]]}},{"type":"Feature","properties":{"id":"2053006PJ4225S_part1","floors":2,"height":6.2,"heightSource":"Catastro:numberOfFloorsAboveGround"},"geometry":{"type":"Polygon","coordinates":[[[641753.255,4825063.468],[641739.705,4825060.4575],[641738.2345,4825067.0375],[641740.4845,4825067.5375],[641738.8145,4825074.5275],[641749.125,4825076.858],[641750.705,4825069.848],[641751.785,4825070.088],[641751.895,4825069.568],[641753.255,4825063.468]]]}},{"type":"Feature","properties":{"id":"2053006PJ4225S_part2","floors":1,"height":3.1,"heightSource":"Catastro:numberOfFloorsAboveGround"},"geometry":{"type":"Polygon","coordinates":[[[641752.825,4825074.338],[641751.375,4825080.708],[641758.373,4825082.3155],[641759.7795,4825075.846],[641752.825,4825074.338]]]}},{"type":"Feature","properties":{"id":"2053007PJ4225S_part1","floors":3,"height":9.3,"heightSource":"Catastro:numberOfFloorsAboveGround"},"geometry":{"type":"Polygon","coordinates":[[[641754.175,4825097.228],[641754.0645,4825097.638],[641747.7245,4825095.9075],[641745.4645,4825104.1575],[641757.5845,4825107.408],[641759.865,4825098.738],[641759.315,4825098.588],[641754.175,4825097.228]]]}},{"type":"Feature","properties":{"id":"2053007PJ4225S_part2","floors":1,"height":3.1,"heightSource":"Catastro:numberOfFloorsAboveGround"},"geometry":{"type":"Polygon","coordinates":[[[641760.565,4825093.968],[641755.445,4825092.578],[641754.175,4825097.228],[641759.315,4825098.588],[641760.565,4825093.968]]]}},{"type":"Feature","properties":{"id":"2053008PJ4225S_part1","floors":2,"height":6.2,"heightSource":"Catastro:numberOfFloorsAboveGround"},"geometry":{"type":"Polygon","coordinates":[[[641773.885,4825099.278],[641769.765,4825098.378],[641769.085,4825098.238],[641765.005,4825097.348],[641763.485,4825105.088],[641763.915,4825105.158],[641766.455,4825105.598],[641766.125,4825108.128],[641771.565,4825109.298],[641773.885,4825099.278]]]}},{"type":"Feature","properties":{"id":"2053009PJ4225S_part1","floors":2,"height":6.2,"heightSource":"Catastro:numberOfFloorsAboveGround"},"geometry":{"type":"Polygon","coordinates":[[[641803.8355,4825103.6885],[641791.2255,4825100.918],[641790.605,4825103.768],[641789.625,4825103.558],[641787.855,4825111.598],[641790.525,4825112.178],[641801.4355,4825114.5885],[641801.8355,4825112.7385],[641803.8355,4825103.6885]]]}},{"type":"Feature","properties":{"id":"2053010PJ4225S_part1","floors":3,"height":9.3,"heightSource":"Catastro:numberOfFloorsAboveGround"},"geometry":{"type":"Polygon","coordinates":[[[641820.4355,4825108.7985],[641810.9655,4825106.6585],[641808.2955,4825118.3085],[641818.0355,4825120.5185],[641819.2155,4825115.2685],[641820.4355,4825108.7985]]]}},{"type":"Feature","properties":{"id":"2053011PJ4225S_part1","floors":1,"height":3.1,"heightSource":"Catastro:numberOfFloorsAboveGround"},"geometry":{"type":"Polygon","coordinates":[[[641840.266,4825116.9685],[641842.366,4825117.4185],[641843.616,4825112.1385],[641832.516,4825109.5285],[641830.4855,4825118.1585],[641839.426,4825120.2685],[641840.266,4825116.9685]]]}},{"type":"Feature","properties":{"id":"2053011PJ4225S_part2","floors":1,"height":3.1,"heightSource":"Catastro:numberOfFloorsAboveGround"},"geometry":{"type":"Polygon","coordinates":[[[641847.686,4825128.859],[641849.486,4825120.959],[641849.986,4825119.219],[641842.366,4825117.4185],[641840.266,4825116.9685],[641839.426,4825120.2685],[641837.946,4825126.5585],[641839.096,4825126.8285],[641847.686,4825128.859]]]}},{"type":"Feature","properties":{"id":"2053012PJ4225S_part1","floors":2,"height":6.2,"heightSource":"Catastro:numberOfFloorsAboveGround"},"geometry":{"type":"Polygon","coordinates":[[[641782.355,4825101.138],[641778.175,4825100.218],[641777.565,4825100.088],[641773.885,4825099.278],[641771.565,4825109.298],[641777.045,4825110.488],[641777.305,4825108.078],[641780.845,4825108.818],[641780.895,4825108.538],[641782.355,4825101.138]]]}},{"type":"Feature","properties":{"id":"2054401PJ4225S_part1","floors":2,"height":6.2,"heightSource":"Catastro:numberOfFloorsAboveGround"},"geometry":{"type":"Polygon","coordinates":[[[641889.4765,4825160.699],[641899.6665,4825157.5195],[641899.9265,4825158.3495],[641905.4465,4825156.6095],[641905.2965,4825156.1195],[641904.8165,4825154.6195],[641903.6865,4825151.0495],[641903.1165,4825149.2495],[641901.7465,4825144.8995],[641896.8265,4825146.4495],[641894.4665,4825147.1895],[641892.2165,4825147.899],[641892.5865,4825149.089],[641886.5865,4825150.949],[641889.0965,4825159.399],[641889.4765,4825160.699]]]}},{"type":"Feature","properties":{"id":"2054402PJ4225S_part1","floors":2,"height":6.2,"heightSource":"Catastro:numberOfFloorsAboveGround"},"geometry":{"type":"Polygon","coordinates":[[[641928.777,4825148.3595],[641929.057,4825149.2795],[641934.297,4825147.6795],[641934.147,4825147.1895],[641933.677,4825145.6695],[641932.587,4825142.0995],[641932.037,4825140.2895],[641930.687,4825135.8595],[641925.477,4825137.4395],[641923.227,4825138.1195],[641921.027,4825138.7995],[641921.437,4825140.1495],[641915.387,4825141.9795],[641918.357,4825151.5695],[641928.777,4825148.3595]]]}},{"type":"Feature","properties":{"id":"2054403PJ4225S_part1","floors":1,"height":3.1,"heightSource":"Catastro:numberOfFloorsAboveGround"},"geometry":{"type":"Polygon","coordinates":[[[641952.4275,4825129.5765],[641944.2875,4825132.2275],[641944.884,4825134.1365],[641945.169,4825134.0425],[641945.329,4825133.9895],[641945.0175,4825132.9915],[641952.718,4825130.485],[641952.586,4825130.085],[641952.4275,4825129.5765]]]}},{"type":"Feature","properties":{"id":"2054403PJ4225S_part2","floors":2,"height":6.2,"heightSource":"Catastro:numberOfFloorsAboveGround"},"geometry":{"type":"Polygon","coordinates":[[[641949.5005,4825132.608],[641949.835,4825133.6305],[641953.3665,4825132.461],[641953.032,4825131.4385],[641949.5005,4825132.608]]]}},{"type":"Feature","properties":{"id":"2054403PJ4225S_part3","floors":1,"height":3.1,"heightSource":"Catastro:numberOfFloorsAboveGround"},"geometry":{"type":"Polygon","coordinates":[[[641948.108,4825137.2505],[641946.504,4825137.7495],[641947.5525,4825141.105],[641949.1475,4825140.5905],[641948.108,4825137.2505]]]}},{"type":"Feature","properties":{"id":"2054403PJ4225S_part4","floors":1,"height":3.1,"heightSource":"Catastro:numberOfFloorsAboveGround"},"geometry":{"type":"Polygon","coordinates":[[[641946.343,4825137.7995],[641948.333,4825144.1675],[641961.842,4825139.7445],[641961.3575,4825138.2725],[641957.9515,4825139.3875],[641957.467,4825137.906],[641949.1475,4825140.5905],[641947.5525,4825141.105],[641946.504,4825137.7495],[641946.343,4825137.7995]]]}},{"type":"Feature","properties":{"id":"2054403PJ4225S_part5","floors":2,"height":6.2,"heightSource":"Catastro:numberOfFloorsAboveGround"},"geometry":{"type":"Polygon","coordinates":[[[641945.169,4825134.0425],[641946.149,4825137.1785],[641945.958,4825137.2385],[641946.152,4825137.859],[641946.343,4825137.7995],[641946.504,4825137.7495],[641948.108,4825137.2505],[641949.1475,4825140.5905],[641957.467,4825137.906],[641957.9515,4825139.3875],[641961.3575,4825138.2725],[641960.8425,4825136.705],[641959.8925,4825137.017],[641958.1575,4825131.7435],[641959.109,4825131.433],[641958.085,4825128.296],[641952.586,4825130.085],[641952.718,4825130.485],[641953.032,4825131.4385],[641953.3665,4825132.461],[641949.835,4825133.6305],[641949.5005,4825132.608],[641948.3335,4825132.9945],[641948.2455,4825132.7285],[641947.1725,4825133.084],[641947.261,4825133.3495],[641945.329,4825133.9895],[641945.169,4825134.0425]]]}},{"type":"Feature","properties":{"id":"2054403PJ4225S_part6","floors":1,"height":3.1,"heightSource":"Catastro:numberOfFloorsAboveGround"},"geometry":{"type":"Polygon","coordinates":[[[641945.0175,4825132.9915],[641945.329,4825133.9895],[641947.261,4825133.3495],[641947.1725,4825133.084],[641948.2455,4825132.7285],[641948.3335,4825132.9945],[641949.5005,4825132.608],[641953.032,4825131.4385],[641952.718,4825130.485],[641945.0175,4825132.9915]]]}},{"type":"Feature","properties":{"id":"2054404PJ4225S_part1","floors":2,"height":6.2,"heightSource":"Catastro:numberOfFloorsAboveGround"},"geometry":{"type":"Polygon","coordinates":[[[641989.788,4825128.01],[641988.618,4825124.46],[641988.038,4825122.66],[641986.648,4825118.4],[641982.538,4825119.73],[641980.328,4825120.46],[641977.638,4825121.35],[641977.958,4825122.32],[641971.8175,4825124.34],[641974.8275,4825133.98],[641985.048,4825130.64],[641985.378,4825131.65],[641990.448,4825129.99],[641990.288,4825129.5],[641989.788,4825128.01]]]}},{"type":"Feature","properties":{"id":"2054601PJ4225S_part1","floors":1,"height":3.1,"heightSource":"Catastro:numberOfFloorsAboveGround"},"geometry":{"type":"Polygon","coordinates":[[[641820.1255,4825170.7685],[641811.095,4825168.6585],[641809.245,4825176.5585],[641818.145,4825178.6485],[641820.1255,4825170.7685]]]}},{"type":"Feature","properties":{"id":"2054602PJ4225S_part1","floors":2,"height":6.2,"heightSource":"Catastro:numberOfFloorsAboveGround"},"geometry":{"type":"Polygon","coordinates":[[[641842.4155,4825148.9085],[641835.2755,4825147.2685],[641834.0755,4825152.4585],[641832.8655,4825152.1785],[641831.7155,4825157.1485],[641849.7955,4825161.299],[641852.126,4825151.139],[641842.4155,4825148.9085]]]}},{"type":"Feature","properties":{"id":"2054603PJ4225S_part1","floors":2,"height":6.2,"heightSource":"Catastro:numberOfFloorsAboveGround"},"geometry":{"type":"Polygon","coordinates":[[[641824.8655,4825143.1985],[641828.4255,4825143.9885],[641828.6455,4825143.0185],[641826.3055,4825142.4885],[641825.0855,4825142.2185],[641824.8655,4825143.1985]]]}},{"type":"Feature","properties":{"id":"2054603PJ4225S_part2","floors":3,"height":9.3,"heightSource":"Catastro:numberOfFloorsAboveGround"},"geometry":{"type":"Polygon","coordinates":[[[641815.1355,4825150.3985],[641822.1255,4825151.9585],[641822.4255,4825150.6385],[641815.4355,4825149.0785],[641815.1355,4825150.3985]]]}},{"type":"Feature","properties":{"id":"2054603PJ4225S_part3","floors":2,"height":6.2,"heightSource":"Catastro:numberOfFloorsAboveGround"},"geometry":{"type":"Polygon","coordinates":[[[641814.4255,4825153.5685],[641821.4155,4825155.1285],[641822.1255,4825151.9585],[641815.1355,4825150.3985],[641814.4255,4825153.5685]]]}},{"type":"Feature","properties":{"id":"2054603PJ4225S_part4","floors":2,"height":6.2,"heightSource":"Catastro:numberOfFloorsAboveGround"},"geometry":{"type":"Polygon","coordinates":[[[641819.7355,4825162.6485],[641826.5685,4825164.179],[641826.5955,4825164.0585],[641828.253,4825156.658],[641821.4155,4825155.1285],[641819.7355,4825162.6485]]]}},{"type":"Feature","properties":{"id":"2054603PJ4225S_part5","floors":3,"height":9.3,"heightSource":"Catastro:numberOfFloorsAboveGround"},"geometry":{"type":"Polygon","coordinates":[[[641817.3555,4825140.4885],[641815.4355,4825149.0785],[641822.4255,4825150.6385],[641826.7255,4825151.6085],[641828.4255,4825143.9885],[641824.8655,4825143.1985],[641825.0855,4825142.2185],[641817.3555,4825140.4885]]]}},{"type":"Feature","properties":{"id":"2054603PJ4225S_part6","floors":2,"height":6.2,"heightSource":"Catastro:numberOfFloorsAboveGround"},"geometry":{"type":"Polygon","coordinates":[[[641821.4155,4825155.1285],[641828.253,4825156.658],[641829.236,4825152.2685],[641827.8755,4825151.9085],[641826.7255,4825151.6085],[641826.4255,4825152.9185],[641822.1255,4825151.9585],[641821.4155,4825155.1285]]]}},{"type":"Feature","properties":{"id":"2054603PJ4225S_part7","floors":3,"height":9.3,"heightSource":"Catastro:numberOfFloorsAboveGround"},"geometry":{"type":"Polygon","coordinates":[[[641822.1255,4825151.9585],[641826.4255,4825152.9185],[641826.7255,4825151.6085],[641822.4255,4825150.6385],[641822.1255,4825151.9585]]]}},{"type":"Feature","properties":{"id":"2054603PJ4225S_part8","floors":1,"height":3.1,"heightSource":"Catastro:numberOfFloorsAboveGround"},"geometry":{"type":"Polygon","coordinates":[[[641828.3155,4825140.3785],[641827.9655,4825141.9385],[641830.0155,4825142.3985],[641827.8755,4825151.9085],[641829.236,4825152.2685],[641831.726,4825141.1485],[641828.3155,4825140.3785]]]}},{"type":"Feature","properties":{"id":"2054603PJ4225S_part9","floors":1,"height":3.1,"heightSource":"Catastro:numberOfFloorsAboveGround"},"geometry":{"type":"Polygon","coordinates":[[[641826.8655,4825139.9585],[641825.6455,4825139.6785],[641825.0855,4825142.2185],[641826.3055,4825142.4885],[641826.8655,4825139.9585]]]}},{"type":"Feature","properties":{"id":"2144803PJ4224S_part1","floors":1,"height":3.1,"heightSource":"Catastro:numberOfFloorsAboveGround"},"geometry":{"type":"Polygon","coordinates":[[[642015.314,4824361.547],[642016.004,4824361.439],[642022.159,4824352.969],[642021.975,4824352.779],[642023.946,4824348.543],[642018.204,4824345.206],[642016.027,4824349.665],[642015.191,4824349.511],[642009.651,4824358.557],[642015.314,4824361.547]]]}},{"type":"Feature","properties":{"id":"2144803PJ4224S_part2","floors":2,"height":6.2,"heightSource":"Catastro:numberOfFloorsAboveGround"},"geometry":{"type":"Polygon","coordinates":[[[642042.273,4824336.375],[642044.607,4824340.34],[642042.953,4824341.831],[642048.848,4824349.337],[642062.928,4824334.802],[642057.705,4824328.536],[642056.789,4824327.553],[642055.573,4824328.522],[642053.236,4824326.666],[642052.254,4824327.6],[642042.273,4824336.375]]]}},{"type":"Feature","properties":{"id":"2144803PJ4224S_part3","floors":1,"height":3.1,"heightSource":"Catastro:numberOfFloorsAboveGround"},"geometry":{"type":"Polygon","coordinates":[[[642046.816,4824324.288],[642047.319,4824323.002],[642046.668,4824322.535],[642043.776,4824325.976],[642042.771,4824325.131],[642039.4065,4824328.765],[642040.593,4824329.762],[642039.649,4824330.885],[642042.273,4824336.375],[642052.254,4824327.6],[642046.816,4824324.288]]]}},{"type":"Feature","properties":{"id":"2144803PJ4224S_part5","floors":1,"height":3.1,"heightSource":"Catastro:numberOfFloorsAboveGround"},"geometry":{"type":"Polygon","coordinates":[[[642040.057,4824341.282],[642036.1395,4824338.679],[642037.344,4824336.866],[642034.514,4824335.244],[642033.4285,4824336.878],[642032.336,4824336.152],[642026.174,4824350.294],[642025.507,4824354.403],[642029.65,4824356.378],[642032.239,4824353.368],[642035.947,4824355.871],[642035.913,4824356.989],[642031.3055,4824362.712],[642029.058,4824361.812],[642026.102,4824364.078],[642022.062,4824367.348],[642029.77,4824371.088],[642029.8735,4824370.9705],[642030.2945,4824370.491],[642032.403,4824368.092],[642031.8545,4824367.649],[642038.591,4824359.342],[642039.093,4824359.669],[642041.493,4824357.165],[642043.805,4824354.7045],[642048.681,4824349.515],[642048.848,4824349.337],[642042.953,4824341.831],[642040.057,4824341.282]]]}},{"type":"Feature","properties":{"id":"2144804PJ4224S_part2","floors":2,"height":6.2,"heightSource":"Catastro:numberOfFloorsAboveGround"},"geometry":{"type":"Polygon","coordinates":[[[642057.237,4824320.33],[642064.892,4824327.222],[642074.0950043891,4824317.0],[642060.2352647858,4824317.0],[642057.237,4824320.33]]]}},{"type":"Feature","properties":{"id":"2144804PJ4224S_part3","floors":1,"height":3.1,"heightSource":"Catastro:numberOfFloorsAboveGround"},"geometry":{"type":"Polygon","coordinates":[[[642057.237,4824320.33],[642060.2352647858,4824317.0],[642053.5380654049,4824317.0],[642057.237,4824320.33]]]}},{"type":"Feature","properties":{"id":"2144820PJ4224S_part1","floors":2,"height":6.2,"heightSource":"Catastro:numberOfFloorsAboveGround"},"geometry":{"type":"Polygon","coordinates":[[[641985.857,4824368.4845],[641983.5455,4824370.876],[641973.0655,4824360.7475],[641970.286,4824363.6235],[641973.5605,4824366.789],[641974.28,4824367.4835],[641971.706,4824370.1465],[641978.192,4824376.415],[641978.6785,4824375.9115],[641983.352,4824380.429],[641985.786,4824377.911],[641990.5305,4824373.002],[641985.857,4824368.4845]]]}},{"type":"Feature","properties":{"id":"2144820PJ4224S_part2","floors":1,"height":3.1,"heightSource":"Catastro:numberOfFloorsAboveGround"},"geometry":{"type":"Polygon","coordinates":[[[641985.786,4824377.911],[641988.0225,4824379.9425],[641992.704,4824375.0995],[641990.5305,4824373.002],[641985.786,4824377.911]]]}},{"type":"Feature","properties":{"id":"2144820PJ4224S_part3","floors":1,"height":3.1,"heightSource":"Catastro:numberOfFloorsAboveGround"},"geometry":{"type":"Polygon","coordinates":[[[641970.292,4824370.1705],[641977.497,4824377.134],[641978.192,4824376.415],[641971.706,4824370.1465],[641974.28,4824367.4835],[641973.5605,4824366.789],[641970.292,4824370.1705]]]}},{"type":"Feature","properties":{"id":"2153301PJ4225S_part1","floors":2,"height":6.2,"heightSource":"Catastro:numberOfFloorsAboveGround"},"geometry":{"type":"Polygon","coordinates":[[[641956.428,4825067.72],[641967.438,4825068.86],[641967.818,4825065.12],[641967.918,4825064.13],[641956.918,4825062.98],[641956.428,4825067.72]]]}},{"type":"Feature","properties":{"id":"2153301PJ4225S_part2","floors":2,"height":6.2,"heightSource":"Catastro:numberOfFloorsAboveGround"},"geometry":{"type":"Polygon","coordinates":[[[641957.368,4825058.86],[641968.358,4825059.92],[641968.828,4825055.36],[641956.348,4825054.08],[641955.808,4825059.56],[641957.258,4825059.71],[641957.368,4825058.86]]]}},{"type":"Feature","properties":{"id":"2153301PJ4225S_part3","floors":3,"height":9.3,"heightSource":"Catastro:numberOfFloorsAboveGround"},"geometry":{"type":"Polygon","coordinates":[[[641967.918,4825064.13],[641968.358,4825059.92],[641957.368,4825058.86],[641957.258,4825059.71],[641956.918,4825062.98],[641967.918,4825064.13]]]}},{"type":"Feature","properties":{"id":"2153302PJ4225S_part1","floors":2,"height":6.2,"heightSource":"Catastro:numberOfFloorsAboveGround"},"geometry":{"type":"Polygon","coordinates":[[[641979.428,4825070.56],[641980.248,4825074.51],[641982.648,4825074.17],[641981.858,4825070.01],[641979.428,4825070.56]]]}},{"type":"Feature","properties":{"id":"2153302PJ4225S_part2","floors":2,"height":6.2,"heightSource":"Catastro:numberOfFloorsAboveGround"},"geometry":{"type":"Polygon","coordinates":[[[641993.478,4825080.32],[641992.048,4825072.94],[641987.508,4825073.77],[641988.878,4825081.43],[641993.478,4825080.32]]]}},{"type":"Feature","properties":{"id":"2153302PJ4225S_part3","floors":2,"height":6.2,"heightSource":"Catastro:numberOfFloorsAboveGround"},"geometry":{"type":"Polygon","coordinates":[[[641984.098,4825081.4],[641981.748,4825081.68],[641982.358,4825084.63],[641984.928,4825084.12],[641984.098,4825081.4]]]}},{"type":"Feature","properties":{"id":"2153302PJ4225S_part4","floors":3,"height":9.3,"heightSource":"Catastro:numberOfFloorsAboveGround"},"geometry":{"type":"Polygon","coordinates":[[[641982.648,4825074.17],[641980.248,4825074.51],[641981.748,4825081.68],[641984.098,4825081.4],[641984.928,4825084.12],[641989.168,4825083.27],[641988.878,4825081.43],[641987.508,4825073.77],[641986.238,4825069.02],[641981.858,4825070.01],[641982.648,4825074.17]]]}},{"type":"Feature","properties":{"id":"2153306PJ4225S_part1","floors":1,"height":3.1,"heightSource":"Catastro:numberOfFloorsAboveGround"},"geometry":{"type":"Polygon","coordinates":[[[642130.479,4825123.2995],[642136.3685,4825124.8875],[642136.525,4825124.308],[642140.0265,4825125.149],[642140.498,4825123.4005],[642133.353,4825121.474],[642133.3765,4825121.388],[642131.156,4825120.789],[642130.479,4825123.2995]]]}},{"type":"Feature","properties":{"id":"2153306PJ4225S_part2","floors":1,"height":3.1,"heightSource":"Catastro:numberOfFloorsAboveGround"},"geometry":{"type":"Polygon","coordinates":[[[642148.651,4825085.496],[642147.435,4825090.104],[642147.879,4825090.225],[642149.1365,4825085.624],[642148.651,4825085.496]]]}},{"type":"Feature","properties":{"id":"2153306PJ4225S_part4","floors":1,"height":3.1,"heightSource":"Catastro:numberOfFloorsAboveGround"},"geometry":{"type":"Polygon","coordinates":[[[642145.324,4825097.804],[642146.095,4825098.016],[642147.38,4825093.339],[642146.6085,4825093.127],[642145.665,4825096.5605],[642145.324,4825097.804]]]}},{"type":"Feature","properties":{"id":"2153306PJ4225S_part5","floors":1,"height":3.1,"heightSource":"Catastro:numberOfFloorsAboveGround"},"geometry":{"type":"Polygon","coordinates":[[[642143.2185,4825113.311],[642143.991,4825113.5195],[642145.254,4825108.8365],[642144.4815,4825108.6285],[642143.2185,4825113.311]]]}},{"type":"Feature","properties":{"id":"2153306PJ4225S_part7","floors":1,"height":3.1,"heightSource":"Catastro:numberOfFloorsAboveGround"},"geometry":{"type":"Polygon","coordinates":[[[642140.498,4825123.4005],[642141.2705,4825123.609],[642142.533,4825118.926],[642141.7605,4825118.718],[642140.8335,4825122.156],[642140.498,4825123.4005]]]}},{"type":"Feature","properties":{"id":"2153306PJ4225S_part8","floors":1,"height":3.1,"heightSource":"Catastro:numberOfFloorsAboveGround"},"geometry":{"type":"Polygon","coordinates":[[[642140.204,4825077.9375],[642139.2565,4825081.385],[642140.9925,4825081.862],[642141.9395,4825078.4145],[642140.204,4825077.9375]]]}},{"type":"Feature","properties":{"id":"2153306PJ4225S_part9","floors":2,"height":6.2,"heightSource":"Catastro:numberOfFloorsAboveGround"},"geometry":{"type":"Polygon","coordinates":[[[642140.4875,4825085.586],[642140.0055,4825085.4535],[642138.4925,4825090.9605],[642139.457,4825091.2255],[642140.215,4825088.467],[642147.3505,4825090.427],[642147.435,4825090.104],[642148.651,4825085.496],[642149.1365,4825085.624],[642150.4675,4825080.7575],[642148.827,4825080.3065],[642148.6685,4825080.8855],[642145.927,4825080.132],[642146.086,4825079.5535],[642142.4215,4825078.547],[642141.733,4825081.054],[642141.4745,4825081.9945],[642140.4875,4825085.586]]]}},{"type":"Feature","properties":{"id":"2153306PJ4225S_part10","floors":2,"height":6.2,"heightSource":"Catastro:numberOfFloorsAboveGround"},"geometry":{"type":"Polygon","coordinates":[[[642138.188,4825095.8435],[642145.324,4825097.804],[642145.665,4825096.5605],[642146.6085,4825093.127],[642147.3505,4825090.427],[642140.215,4825088.467],[642139.457,4825091.2255],[642138.742,4825093.829],[642138.212,4825095.7575],[642138.188,4825095.8435]]]}},{"type":"Feature","properties":{"id":"2153306PJ4225S_part11","floors":1,"height":3.1,"heightSource":"Catastro:numberOfFloorsAboveGround"},"geometry":{"type":"Polygon","coordinates":[[[642137.7085,4825097.5895],[642144.844,4825099.55],[642145.324,4825097.804],[642138.188,4825095.8435],[642137.7085,4825097.5895]]]}},{"type":"Feature","properties":{"id":"2153306PJ4225S_part12","floors":1,"height":3.1,"heightSource":"Catastro:numberOfFloorsAboveGround"},"geometry":{"type":"Polygon","coordinates":[[[642137.8085,4825104.953],[642137.337,4825106.7015],[642144.4815,4825108.6285],[642144.953,4825106.88],[642137.8085,4825104.953]]]}},{"type":"Feature","properties":{"id":"2153306PJ4225S_part13","floors":1,"height":3.1,"heightSource":"Catastro:numberOfFloorsAboveGround"},"geometry":{"type":"Polygon","coordinates":[[[642136.5245,4825093.2195],[642135.994,4825095.148],[642138.212,4825095.7575],[642138.742,4825093.829],[642136.5245,4825093.2195]]]}},{"type":"Feature","properties":{"id":"2153306PJ4225S_part14","floors":2,"height":6.2,"heightSource":"Catastro:numberOfFloorsAboveGround"},"geometry":{"type":"Polygon","coordinates":[[[642135.345,4825114.088],[642142.4895,4825116.0145],[642143.2185,4825113.311],[642144.4815,4825108.6285],[642137.337,4825106.7015],[642137.3135,4825106.788],[642136.819,4825108.6225],[642136.793,4825108.719],[642136.09,4825111.3255],[642135.345,4825114.088]]]}},{"type":"Feature","properties":{"id":"2153306PJ4225S_part15","floors":1,"height":3.1,"heightSource":"Catastro:numberOfFloorsAboveGround"},"geometry":{"type":"Polygon","coordinates":[[[642135.3055,4825097.655],[642141.187,4825099.2715],[642141.3465,4825098.6925],[642144.844,4825099.55],[642137.7085,4825097.5895],[642138.188,4825095.8435],[642138.212,4825095.7575],[642135.994,4825095.148],[642135.3055,4825097.655]]]}},{"type":"Feature","properties":{"id":"2153306PJ4225S_part16","floors":1,"height":3.1,"heightSource":"Catastro:numberOfFloorsAboveGround"},"geometry":{"type":"Polygon","coordinates":[[[642141.5035,4825105.8465],[642141.6595,4825105.2665],[642135.77,4825103.6785],[642135.093,4825106.189],[642137.3135,4825106.788],[642137.337,4825106.7015],[642137.8085,4825104.953],[642144.953,4825106.88],[642141.5035,4825105.8465]]]}},{"type":"Feature","properties":{"id":"2153306PJ4225S_part17","floors":1,"height":3.1,"heightSource":"Catastro:numberOfFloorsAboveGround"},"geometry":{"type":"Polygon","coordinates":[[[642134.598,4825108.0235],[642136.819,4825108.6225],[642137.3135,4825106.788],[642135.093,4825106.189],[642134.598,4825108.0235]]]}},{"type":"Feature","properties":{"id":"2153306PJ4225S_part18","floors":2,"height":6.2,"heightSource":"Catastro:numberOfFloorsAboveGround"},"geometry":{"type":"Polygon","coordinates":[[[642133.353,4825121.474],[642140.498,4825123.4005],[642140.8335,4825122.156],[642141.7605,4825118.718],[642142.4895,4825116.0145],[642135.345,4825114.088],[642136.09,4825111.3255],[642135.124,4825111.065],[642133.6345,4825116.5895],[642134.6,4825116.85],[642133.897,4825119.457],[642133.3765,4825121.388],[642133.353,4825121.474]]]}},{"type":"Feature","properties":{"id":"2153306PJ4225S_part19","floors":1,"height":3.1,"heightSource":"Catastro:numberOfFloorsAboveGround"},"geometry":{"type":"Polygon","coordinates":[[[642131.677,4825118.858],[642131.156,4825120.789],[642133.3765,4825121.388],[642133.897,4825119.457],[642131.677,4825118.858]]]}},{"type":"Feature","properties":{"id":"2153308PJ4225S_part1","floors":3,"height":9.3,"heightSource":"Catastro:numberOfFloorsAboveGround"},"geometry":{"type":"Polygon","coordinates":[[[642197.011,4825107.1625],[642198.241,4825101.1225],[642186.211,4825098.562],[642184.781,4825104.712],[642197.011,4825107.1625]]]}},{"type":"Feature","properties":{"id":"2153308PJ4225S_part2","floors":2,"height":6.2,"heightSource":"Catastro:numberOfFloorsAboveGround"},"geometry":{"type":"Polygon","coordinates":[[[642198.241,4825101.1225],[642198.901,4825097.8525],[642186.951,4825095.412],[642186.211,4825098.562],[642198.241,4825101.1225]]]}},{"type":"Feature","properties":{"id":"2153308PJ4225S_part3","floors":2,"height":6.2,"heightSource":"Catastro:numberOfFloorsAboveGround"},"geometry":{"type":"Polygon","coordinates":[[[642193.101,4825109.8425],[642196.331,4825110.5025],[642197.011,4825107.1625],[642184.781,4825104.712],[642184.0205,4825107.992],[642191.471,4825109.5025],[642193.101,4825109.8425]]]}},{"type":"Feature","properties":{"id":"2153309PJ4225S_part1","floors":1,"height":3.1,"heightSource":"Catastro:numberOfFloorsAboveGround"},"geometry":{"type":"Polygon","coordinates":[[[642188.8635,4825117.374],[642188.3505,4825119.432],[642187.5135,4825122.811],[642192.29,4825123.92],[642192.63,4825122.46],[642196.01,4825123.25],[642196.939,4825119.254],[642188.8635,4825117.374]]]}},{"type":"Feature","properties":{"id":"2153309PJ4225S_part2","floors":1,"height":3.1,"heightSource":"Catastro:numberOfFloorsAboveGround"},"geometry":{"type":"Polygon","coordinates":[[[642195.98,4825128.59],[642202.88,4825130.21],[642203.11,4825129.23],[642196.21,4825127.62],[642195.98,4825128.59]]]}},{"type":"Feature","properties":{"id":"2153309PJ4225S_part3","floors":2,"height":6.2,"heightSource":"Catastro:numberOfFloorsAboveGround"},"geometry":{"type":"Polygon","coordinates":[[[642191.42,4825135.26],[642197.0,4825136.57],[642196.65,4825138.07],[642199.55,4825138.75],[642202.88,4825139.53],[642203.73,4825135.91],[642204.85,4825131.14],[642204.95,4825130.69],[642202.88,4825130.21],[642195.98,4825128.59],[642193.14,4825127.93],[642191.42,4825135.26]]]}},{"type":"Feature","properties":{"id":"2153310PJ4225S_part1","floors":2,"height":6.2,"heightSource":"Catastro:numberOfFloorsAboveGround"},"geometry":{"type":"Polygon","coordinates":[[[642272.552,4825118.853],[642271.642,4825124.793],[642272.032,4825124.853],[642272.472,4825121.993],[642272.942,4825118.913],[642272.552,4825118.853]]]}},{"type":"Feature","properties":{"id":"2153310PJ4225S_part3","floors":1,"height":3.1,"heightSource":"Catastro:numberOfFloorsAboveGround"},"geometry":{"type":"Polygon","coordinates":[[[642270.942,4825131.963],[642271.932,4825132.123],[642273.022,4825125.003],[642272.032,4825124.853],[642270.942,4825131.963]]]}},{"type":"Feature","properties":{"id":"2153310PJ4225S_part4","floors":2,"height":6.2,"heightSource":"Catastro:numberOfFloorsAboveGround"},"geometry":{"type":"Polygon","coordinates":[[[642270.542,4825131.903],[642269.6415,4825137.833],[642270.032,4825137.893],[642270.502,4825134.813],[642270.942,4825131.963],[642270.542,4825131.903]]]}},{"type":"Feature","properties":{"id":"2153310PJ4225S_part5","floors":2,"height":6.2,"heightSource":"Catastro:numberOfFloorsAboveGround"},"geometry":{"type":"Polygon","coordinates":[[[642274.042,4825105.123],[642272.982,4825112.013],[642273.582,4825112.133],[642274.632,4825105.213],[642274.042,4825105.123]]]}},{"type":"Feature","properties":{"id":"2153310PJ4225S_part6","floors":1,"height":3.1,"heightSource":"Catastro:numberOfFloorsAboveGround"},"geometry":{"type":"Polygon","coordinates":[[[642269.5015,4825141.353],[642270.4915,4825141.503],[642271.022,4825138.043],[642270.032,4825137.893],[642269.5015,4825141.353]]]}},{"type":"Feature","properties":{"id":"2153310PJ4225S_part7","floors":2,"height":6.2,"heightSource":"Catastro:numberOfFloorsAboveGround"},"geometry":{"type":"Polygon","coordinates":[[[642272.772,4825118.753],[642271.982,4825118.633],[642270.982,4825125.053],[642271.772,4825125.173],[642270.812,4825131.583],[642270.012,4825131.463],[642269.0215,4825137.883],[642269.812,4825138.003],[642269.2915,4825141.323],[642269.5015,4825141.353],[642270.032,4825137.893],[642269.6415,4825137.833],[642270.542,4825131.903],[642270.942,4825131.963],[642272.032,4825124.853],[642271.642,4825124.793],[642272.552,4825118.853],[642272.942,4825118.913],[642273.972,4825112.193],[642273.792,4825112.163],[642272.772,4825118.753]]]}},{"type":"Feature","properties":{"id":"2153310PJ4225S_part8","floors":2,"height":6.2,"heightSource":"Catastro:numberOfFloorsAboveGround"},"geometry":{"type":"Polygon","coordinates":[[[642266.4715,4825147.783],[642266.1015,4825148.163],[642265.7315,4825148.523],[642264.9215,4825149.203],[642264.0715,4825149.803],[642263.6215,4825150.073],[642263.1615,4825150.323],[642262.2815,4825150.733],[642263.5715,4825150.963],[642266.4415,4825149.363],[642266.9315,4825147.243],[642266.4715,4825147.783]]]}},{"type":"Feature","properties":{"id":"2153310PJ4225S_part9","floors":1,"height":3.1,"heightSource":"Catastro:numberOfFloorsAboveGround"},"geometry":{"type":"Polygon","coordinates":[[[642275.032,4825105.273],[642276.022,4825105.423],[642276.553,4825101.9365],[642275.5625,4825101.81],[642275.032,4825105.273]]]}},{"type":"Feature","properties":{"id":"2153310PJ4225S_part11","floors":2,"height":6.2,"heightSource":"Catastro:numberOfFloorsAboveGround"},"geometry":{"type":"Polygon","coordinates":[[[642273.582,4825112.133],[642273.792,4825112.163],[642273.972,4825112.193],[642274.472,4825108.943],[642275.032,4825105.273],[642274.832,4825105.243],[642274.632,4825105.213],[642273.582,4825112.133]]]}},{"type":"Feature","properties":{"id":"2153310PJ4225S_part12","floors":2,"height":6.2,"heightSource":"Catastro:numberOfFloorsAboveGround"},"geometry":{"type":"Polygon","coordinates":[[[642269.4415,4825141.763],[642269.2115,4825142.783],[642268.7115,4825144.263],[642268.7515,4825144.273],[642270.1215,4825143.873],[642270.4915,4825141.503],[642269.5015,4825141.353],[642269.4415,4825141.763]]]}},{"type":"Feature","properties":{"id":"2153310PJ4225S_part14","floors":3,"height":9.3,"heightSource":"Catastro:numberOfFloorsAboveGround"},"geometry":{"type":"Polygon","coordinates":[[[642257.6415,4825139.533],[642267.4315,4825141.033],[642269.2915,4825141.323],[642269.812,4825138.003],[642269.0215,4825137.883],[642270.012,4825131.463],[642270.812,4825131.583],[642271.772,4825125.173],[642270.982,4825125.053],[642271.982,4825118.633],[642272.772,4825118.753],[642273.792,4825112.163],[642273.582,4825112.133],[642272.982,4825112.013],[642274.042,4825105.123],[642274.632,4825105.213],[642274.832,4825105.243],[642275.3715,4825101.7855],[642275.272,4825101.773],[642274.942,4825101.733],[642271.962,4825101.383],[642263.632,4825100.4115],[642257.6415,4825139.533]]]}},{"type":"Feature","properties":{"id":"2153310PJ4225S_part17","floors":4,"height":12.4,"heightSource":"Catastro:numberOfFloorsAboveGround"},"geometry":{"type":"Polygon","coordinates":[[[642254.9015,4825140.073],[642252.8915,4825148.853],[642253.8515,4825149.113],[642254.8315,4825149.283],[642255.3215,4825149.333],[642256.3215,4825149.383],[642257.3115,4825149.343],[642257.8015,4825149.293],[642258.7815,4825149.123],[642259.7515,4825148.873],[642260.6815,4825148.543],[642262.0315,4825147.893],[642262.8715,4825147.363],[642264.0415,4825146.443],[642264.7515,4825145.743],[642265.4015,4825144.993],[642266.2515,4825143.763],[642266.7215,4825142.893],[642267.1115,4825141.973],[642267.4315,4825141.033],[642257.6415,4825139.533],[642255.1715,4825139.153],[642254.9015,4825140.073]]]}},{"type":"Feature","properties":{"id":"2153310PJ4225S_part18","floors":3,"height":9.3,"heightSource":"Catastro:numberOfFloorsAboveGround"},"geometry":{"type":"Polygon","coordinates":[[[642252.4415,4825150.793],[642255.4115,4825151.473],[642255.5315,4825151.493],[642256.5715,4825151.633],[642257.4215,4825151.673],[642257.6215,4825150.803],[642260.2215,4825151.403],[642261.2315,4825151.123],[642262.2815,4825150.733],[642263.1615,4825150.323],[642263.6215,4825150.073],[642264.0715,4825149.803],[642264.9215,4825149.203],[642265.7315,4825148.523],[642266.1015,4825148.163],[642266.4715,4825147.783],[642266.9315,4825147.243],[642267.6615,4825144.103],[642268.7115,4825144.263],[642269.2115,4825142.783],[642269.4415,4825141.763],[642269.5015,4825141.353],[642269.2915,4825141.323],[642267.4315,4825141.033],[642267.1115,4825141.973],[642266.7215,4825142.893],[642266.2515,4825143.763],[642265.4015,4825144.993],[642264.7515,4825145.743],[642264.0415,4825146.443],[642262.8715,4825147.363],[642262.0315,4825147.893],[642260.6815,4825148.543],[642259.7515,4825148.873],[642258.7815,4825149.123],[642257.8015,4825149.293],[642257.3115,4825149.343],[642256.3215,4825149.383],[642255.3215,4825149.333],[642254.8315,4825149.283],[642253.8515,4825149.113],[642252.8915,4825148.853],[642252.4415,4825150.793]]]}},{"type":"Feature","properties":{"id":"2153310PJ4225S_part19","floors":3,"height":9.3,"heightSource":"Catastro:numberOfFloorsAboveGround"},"geometry":{"type":"Polygon","coordinates":[[[642247.0015,4825138.263],[642249.3415,4825138.793],[642249.5615,4825137.823],[642247.2215,4825137.283],[642247.0015,4825138.263]]]}},{"type":"Feature","properties":{"id":"2153310PJ4225S_part20","floors":2,"height":6.2,"heightSource":"Catastro:numberOfFloorsAboveGround"},"geometry":{"type":"Polygon","coordinates":[[[642243.7315,4825149.833],[642249.5815,4825151.163],[642249.8115,4825150.193],[642243.9615,4825148.843],[642243.7315,4825149.833]]]}},{"type":"Feature","properties":{"id":"2153310PJ4225S_part21","floors":3,"height":9.3,"heightSource":"Catastro:numberOfFloorsAboveGround"},"geometry":{"type":"Polygon","coordinates":[[[642235.4015,4825135.593],[642237.5515,4825136.083],[642237.7715,4825135.113],[642235.6315,4825134.623],[642235.4015,4825135.593]]]}},{"type":"Feature","properties":{"id":"2153310PJ4225S_part22","floors":2,"height":6.2,"heightSource":"Catastro:numberOfFloorsAboveGround"},"geometry":{"type":"Polygon","coordinates":[[[642231.951,4825147.1225],[642237.791,4825148.453],[642238.0215,4825147.483],[642232.171,4825146.1325],[642231.951,4825147.1225]]]}},{"type":"Feature","properties":{"id":"2153310PJ4225S_part23","floors":3,"height":9.3,"heightSource":"Catastro:numberOfFloorsAboveGround"},"geometry":{"type":"Polygon","coordinates":[[[642223.131,4825132.7825],[642225.571,4825133.3325],[642225.791,4825132.3625],[642223.351,4825131.8025],[642223.131,4825132.7825]]]}},{"type":"Feature","properties":{"id":"2153310PJ4225S_part24","floors":2,"height":6.2,"heightSource":"Catastro:numberOfFloorsAboveGround"},"geometry":{"type":"Polygon","coordinates":[[[642220.161,4825144.4025],[642226.001,4825145.7425],[642226.231,4825144.7725],[642220.381,4825143.4225],[642220.161,4825144.4025]]]}},{"type":"Feature","properties":{"id":"2153310PJ4225S_part25","floors":3,"height":9.3,"heightSource":"Catastro:numberOfFloorsAboveGround"},"geometry":{"type":"Polygon","coordinates":[[[642212.251,4825130.2825],[642215.481,4825131.0225],[642215.701,4825130.0425],[642212.341,4825129.2725],[642212.251,4825130.2825]]]}},{"type":"Feature","properties":{"id":"2153310PJ4225S_part26","floors":4,"height":12.4,"heightSource":"Catastro:numberOfFloorsAboveGround"},"geometry":{"type":"Polygon","coordinates":[[[642211.411,4825139.3325],[642250.4615,4825148.293],[642252.7015,4825138.543],[642249.5615,4825137.823],[642249.3415,4825138.793],[642247.0015,4825138.263],[642247.2215,4825137.283],[642237.7715,4825135.113],[642237.5515,4825136.083],[642235.4015,4825135.593],[642235.6315,4825134.623],[642225.791,4825132.3625],[642225.571,4825133.3325],[642223.131,4825132.7825],[642223.351,4825131.8025],[642215.701,4825130.0425],[642215.481,4825131.0225],[642212.251,4825130.2825],[642211.411,4825139.3325]]]}},{"type":"Feature","properties":{"id":"2153310PJ4225S_part27","floors":3,"height":9.3,"heightSource":"Catastro:numberOfFloorsAboveGround"},"geometry":{"type":"Polygon","coordinates":[[[642211.221,4825141.3225],[642214.141,4825141.9925],[642217.261,4825142.7125],[642220.381,4825143.4225],[642226.231,4825144.7725],[642229.201,4825145.4525],[642232.171,4825146.1325],[642238.0215,4825147.483],[642240.9815,4825148.163],[642243.9615,4825148.843],[642249.8115,4825150.193],[642250.0115,4825150.243],[642250.4615,4825148.293],[642211.411,4825139.3325],[642211.221,4825141.3225]]]}},{"type":"Feature","properties":{"id":"2153310PJ4225S_part28","floors":2,"height":6.2,"heightSource":"Catastro:numberOfFloorsAboveGround"},"geometry":{"type":"Polygon","coordinates":[[[642211.001,4825142.2925],[642213.921,4825142.9625],[642214.141,4825141.9925],[642211.221,4825141.3225],[642211.001,4825142.2925]]]}},{"type":"Feature","properties":{"id":"2153310PJ4225S_part29","floors":3,"height":9.3,"heightSource":"Catastro:numberOfFloorsAboveGround"},"geometry":{"type":"Polygon","coordinates":[[[642250.4615,4825148.293],[642252.8915,4825148.853],[642254.9015,4825140.073],[642255.1715,4825139.153],[642255.1815,4825139.113],[642252.7015,4825138.543],[642250.4615,4825148.293]]]}},{"type":"Feature","properties":{"id":"2153310PJ4225S_part30","floors":2,"height":6.2,"heightSource":"Catastro:numberOfFloorsAboveGround"},"geometry":{"type":"Polygon","coordinates":[[[642250.0115,4825150.243],[642252.4415,4825150.793],[642252.8915,4825148.853],[642250.4615,4825148.293],[642250.0115,4825150.243]]]}},{"type":"Feature","properties":{"id":"2153310PJ4225S_part31","floors":1,"height":3.1,"heightSource":"Catastro:numberOfFloorsAboveGround"},"geometry":{"type":"Polygon","coordinates":[[[642272.942,4825118.913],[642273.932,4825119.063],[642274.962,4825112.343],[642273.972,4825112.193],[642272.942,4825118.913]]]}},{"type":"Feature","properties":{"id":"2153311PJ4225S_part1","floors":2,"height":6.2,"heightSource":"Catastro:numberOfFloorsAboveGround"},"geometry":{"type":"Polygon","coordinates":[[[642227.7315,4825082.6825],[642227.1215,4825088.2925],[642227.8015,4825088.3725],[642228.3715,4825083.1525],[642228.4115,4825082.7625],[642227.7315,4825082.6825]]]}},{"type":"Feature","properties":{"id":"2153311PJ4225S_part2","floors":3,"height":9.3,"heightSource":"Catastro:numberOfFloorsAboveGround"},"geometry":{"type":"Polygon","coordinates":[[[642274.092,4825079.213],[642274.702,4825079.293],[642275.302,4825075.003],[642274.702,4825074.923],[642274.132,4825078.923],[642274.092,4825079.213]]]}},{"type":"Feature","properties":{"id":"2153311PJ4225S_part10","floors":1,"height":3.1,"heightSource":"Catastro:numberOfFloorsAboveGround"},"geometry":{"type":"Polygon","coordinates":[[[642259.1725,4825099.899],[642261.672,4825100.183],[642269.722,4825101.122],[642268.812,4825096.013],[642266.132,4825095.723],[642266.072,4825096.223],[642263.002,4825095.873],[642263.002,4825095.373],[642260.642,4825095.123],[642260.592,4825095.623],[642259.652,4825095.523],[642259.1725,4825099.899]]]}},{"type":"Feature","properties":{"id":"2153311PJ4225S_part17","floors":3,"height":9.3,"heightSource":"Catastro:numberOfFloorsAboveGround"},"geometry":{"type":"Polygon","coordinates":[[[642255.052,4825067.263],[642250.842,4825066.673],[642250.772,4825067.173],[642254.982,4825067.763],[642255.052,4825067.263]]]}},{"type":"Feature","properties":{"id":"2153311PJ4225S_part27","floors":3,"height":9.3,"heightSource":"Catastro:numberOfFloorsAboveGround"},"geometry":{"type":"Polygon","coordinates":[[[642242.562,4825065.503],[642238.9215,4825064.983],[642235.3315,4825064.4825],[642235.2615,4825064.9825],[642242.492,4825066.003],[642242.562,4825065.503]]]}},{"type":"Feature","properties":{"id":"2153311PJ4225S_part28","floors":1,"height":3.1,"heightSource":"Catastro:numberOfFloorsAboveGround"},"geometry":{"type":"Polygon","coordinates":[[[642235.122,4825050.5125],[642236.232,4825050.7725],[642237.522,4825045.3825],[642235.032,4825045.3725],[642235.122,4825050.5125]]]}},{"type":"Feature","properties":{"id":"2153311PJ4225S_part29","floors":2,"height":6.2,"heightSource":"Catastro:numberOfFloorsAboveGround"},"geometry":{"type":"Polygon","coordinates":[[[642234.972,4825028.1225],[642241.292,4825029.633],[642241.502,4825028.753],[642235.232,4825027.2525],[642234.972,4825028.1225]]]}},{"type":"Feature","properties":{"id":"2153311PJ4225S_part30","floors":2,"height":6.2,"heightSource":"Catastro:numberOfFloorsAboveGround"},"geometry":{"type":"Polygon","coordinates":[[[642234.482,4825033.8225],[642235.402,4825034.0525],[642234.702,4825036.9625],[642234.992,4825037.0325],[642235.012,4825040.5125],[642235.032,4825045.3725],[642237.522,4825045.3825],[642238.472,4825041.4225],[642238.762,4825041.4925],[642240.372,4825034.753],[642240.082,4825034.683],[642240.262,4825033.923],[642234.772,4825032.6125],[642234.482,4825033.8225]]]}},{"type":"Feature","properties":{"id":"2153311PJ4225S_part31","floors":3,"height":9.3,"heightSource":"Catastro:numberOfFloorsAboveGround"},"geometry":{"type":"Polygon","coordinates":[[[642234.352,4825030.9225],[642235.132,4825031.1025],[642234.772,4825032.6125],[642240.262,4825033.923],[642241.292,4825029.633],[642234.972,4825028.1225],[642234.352,4825030.9225]]]}},{"type":"Feature","properties":{"id":"2153311PJ4225S_part32","floors":2,"height":6.2,"heightSource":"Catastro:numberOfFloorsAboveGround"},"geometry":{"type":"Polygon","coordinates":[[[642233.9915,4825075.7425],[642240.3915,4825076.643],[642240.4615,4825076.203],[642234.0515,4825075.3025],[642233.9915,4825075.7425]]]}},{"type":"Feature","properties":{"id":"2153311PJ4225S_part34","floors":3,"height":9.3,"heightSource":"Catastro:numberOfFloorsAboveGround"},"geometry":{"type":"Polygon","coordinates":[[[642233.872,4825040.2225],[642235.012,4825040.5125],[642234.992,4825037.0325],[642234.702,4825036.9625],[642233.872,4825040.2225]]]}},{"type":"Feature","properties":{"id":"2153311PJ4225S_part36","floors":3,"height":9.3,"heightSource":"Catastro:numberOfFloorsAboveGround"},"geometry":{"type":"Polygon","coordinates":[[[642233.512,4825030.7125],[642234.302,4825030.9025],[642234.972,4825028.1225],[642235.232,4825027.2525],[642234.392,4825027.0525],[642234.333,4825027.2975],[642233.512,4825030.7125]]]}},{"type":"Feature","properties":{"id":"2153311PJ4225S_part37","floors":3,"height":9.3,"heightSource":"Catastro:numberOfFloorsAboveGround"},"geometry":{"type":"Polygon","coordinates":[[[642232.7215,4825064.6225],[642232.4615,4825066.5125],[642275.032,4825072.563],[642275.312,4825070.623],[642272.362,4825070.213],[642269.022,4825069.743],[642266.662,4825069.403],[642262.942,4825068.883],[642260.572,4825068.553],[642256.862,4825068.023],[642254.982,4825067.763],[642250.772,4825067.173],[642248.412,4825066.833],[642244.692,4825066.313],[642242.492,4825066.003],[642235.2615,4825064.9825],[642232.7215,4825064.6225]]]}},{"type":"Feature","properties":{"id":"2153311PJ4225S_part38","floors":4,"height":12.4,"heightSource":"Catastro:numberOfFloorsAboveGround"},"geometry":{"type":"Polygon","coordinates":[[[642231.5615,4825072.8725],[642274.132,4825078.923],[642274.702,4825074.923],[642275.032,4825072.563],[642232.4615,4825066.5125],[642232.0415,4825069.2325],[642231.9715,4825069.9925],[642231.5615,4825072.8725]]]}},{"type":"Feature","properties":{"id":"2153311PJ4225S_part39","floors":3,"height":9.3,"heightSource":"Catastro:numberOfFloorsAboveGround"},"geometry":{"type":"Polygon","coordinates":[[[642231.2815,4825074.9125],[642234.0515,4825075.3025],[642240.4615,4825076.203],[642243.2415,4825076.593],[642246.462,4825077.053],[642249.322,4825077.453],[642252.542,4825077.913],[642255.412,4825078.313],[642258.632,4825078.763],[642261.492,4825079.173],[642264.712,4825079.623],[642267.572,4825080.023],[642271.042,4825080.523],[642273.852,4825080.913],[642273.932,4825080.483],[642274.092,4825079.213],[642274.132,4825078.923],[642231.5615,4825072.8725],[642231.4815,4825073.2025],[642231.2815,4825074.9125]]]}},{"type":"Feature","properties":{"id":"2153311PJ4225S_part42","floors":2,"height":6.2,"heightSource":"Catastro:numberOfFloorsAboveGround"},"geometry":{"type":"Polygon","coordinates":[[[642230.8215,4825073.1125],[642231.4815,4825073.2025],[642231.5615,4825072.8725],[642231.9715,4825069.9925],[642231.2715,4825069.8925],[642230.8215,4825073.1125]]]}},{"type":"Feature","properties":{"id":"2153311PJ4225S_part44","floors":1,"height":3.1,"heightSource":"Catastro:numberOfFloorsAboveGround"},"geometry":{"type":"Polygon","coordinates":[[[642230.5915,4825069.8025],[642229.9215,4825074.5625],[642228.5815,4825081.1825],[642231.0715,4825081.4525],[642231.1315,4825080.9625],[642234.4115,4825081.3225],[642234.3515,4825081.8125],[642236.5615,4825082.0525],[642236.6115,4825081.5625],[642239.8915,4825081.923],[642239.8415,4825082.413],[642242.0415,4825082.663],[642242.0915,4825082.173],[642245.3715,4825082.523],[642245.3215,4825083.023],[642247.522,4825083.263],[642247.582,4825082.773],[642250.862,4825083.133],[642250.802,4825083.623],[642253.012,4825083.863],[642253.062,4825083.373],[642256.342,4825083.733],[642256.292,4825084.233],[642258.492,4825084.473],[642258.542,4825083.983],[642261.822,4825084.333],[642261.772,4825084.833],[642263.972,4825085.073],[642264.032,4825084.583],[642267.312,4825084.943],[642267.252,4825085.433],[642272.782,4825086.053],[642272.672,4825087.013],[642273.162,4825087.073],[642272.672,4825091.593],[642271.982,4825091.523],[642271.462,4825096.303],[642276.382,4825096.833],[642279.382,4825081.243],[642273.932,4825080.483],[642273.852,4825080.913],[642271.042,4825080.523],[642270.982,4825080.953],[642267.512,4825080.463],[642267.572,4825080.023],[642264.712,4825079.623],[642264.652,4825080.053],[642261.432,4825079.603],[642261.492,4825079.173],[642258.632,4825078.763],[642258.572,4825079.203],[642255.352,4825078.743],[642255.412,4825078.313],[642252.542,4825077.913],[642252.482,4825078.343],[642249.262,4825077.893],[642249.322,4825077.453],[642246.462,4825077.053],[642246.402,4825077.483],[642243.1815,4825077.033],[642243.2415,4825076.593],[642240.4615,4825076.203],[642240.3915,4825076.643],[642233.9915,4825075.7425],[642234.0515,4825075.3025],[642231.2815,4825074.9125],[642231.4815,4825073.2025],[642230.8215,4825073.1125],[642231.2715,4825069.8925],[642230.5915,4825069.8025]]]}},{"type":"Feature","properties":{"id":"2153311PJ4225S_part45","floors":1,"height":3.1,"heightSource":"Catastro:numberOfFloorsAboveGround"},"geometry":{"type":"Polygon","coordinates":[[[642229.875,4825026.162],[642228.403,4825032.294],[642233.674,4825033.5395],[642233.942,4825032.4125],[642234.302,4825030.9025],[642233.512,4825030.7125],[642234.333,4825027.2975],[642229.875,4825026.162]]]}},{"type":"Feature","properties":{"id":"2153311PJ4225S_part46","floors":4,"height":12.4,"heightSource":"Catastro:numberOfFloorsAboveGround"},"geometry":{"type":"Polygon","coordinates":[[[642227.6815,4825089.5025],[642271.482,4825094.263],[642272.162,4825087.923],[642228.3715,4825083.1525],[642227.8015,4825088.3725],[642227.6815,4825089.5025]]]}},{"type":"Feature","properties":{"id":"2153311PJ4225S_part47","floors":3,"height":9.3,"heightSource":"Catastro:numberOfFloorsAboveGround"},"geometry":{"type":"Polygon","coordinates":[[[642227.4715,4825091.4925],[642230.0915,4825091.7825],[642233.2215,4825092.1225],[642235.5815,4825092.3825],[642238.7115,4825092.723],[642241.0615,4825092.983],[642244.1915,4825093.323],[642246.5415,4825093.583],[642249.6815,4825093.923],[642252.032,4825094.183],[642255.162,4825094.523],[642257.512,4825094.783],[642259.702,4825095.023],[642260.642,4825095.123],[642263.002,4825095.373],[642266.132,4825095.723],[642268.812,4825096.013],[642271.462,4825096.303],[642271.982,4825091.523],[642272.672,4825091.593],[642273.162,4825087.073],[642272.672,4825087.013],[642272.782,4825086.053],[642267.252,4825085.433],[642263.972,4825085.073],[642261.772,4825084.833],[642258.492,4825084.473],[642256.292,4825084.233],[642253.012,4825083.863],[642250.802,4825083.623],[642247.522,4825083.263],[642245.3215,4825083.023],[642242.0415,4825082.663],[642239.8415,4825082.413],[642236.5615,4825082.0525],[642234.3515,4825081.8125],[642231.0715,4825081.4525],[642228.5815,4825081.1825],[642228.4115,4825082.7625],[642228.3715,4825083.1525],[642272.162,4825087.923],[642271.482,4825094.263],[642227.6815,4825089.5025],[642227.4715,4825091.4925]]]}},{"type":"Feature","properties":{"id":"2153312PJ4225S_part2","floors":3,"height":9.3,"heightSource":"Catastro:numberOfFloorsAboveGround"},"geometry":{"type":"Polygon","coordinates":[[[642281.81,4825056.3085],[642282.3095,4825056.3305],[642282.3885,4825054.5325],[642282.139,4825054.5215],[642282.2445,4825052.1235],[642282.494,4825052.1345],[642282.5735,4825050.3365],[642282.074,4825050.3145],[642281.81,4825056.3085]]]}},{"type":"Feature","properties":{"id":"2153312PJ4225S_part3","floors":3,"height":9.3,"heightSource":"Catastro:numberOfFloorsAboveGround"},"geometry":{"type":"Polygon","coordinates":[[[642281.722,4825058.3065],[642282.2815,4825058.3315],[642282.7215,4825048.341],[642282.162,4825048.3165],[642282.074,4825050.3145],[642282.5735,4825050.3365],[642282.494,4825052.1345],[642282.2445,4825052.1235],[642282.139,4825054.5215],[642282.3885,4825054.5325],[642282.3095,4825056.3305],[642281.81,4825056.3085],[642281.779,4825057.008],[642281.722,4825058.3065]]]}},{"type":"Feature","properties":{"id":"2153312PJ4225S_part4","floors":2,"height":6.2,"heightSource":"Catastro:numberOfFloorsAboveGround"},"geometry":{"type":"Polygon","coordinates":[[[642282.272,4825045.819],[642275.7385,4825045.531],[642275.7825,4825044.532],[642267.7105,4825044.176],[642267.7545,4825043.177],[642262.01,4825042.924],[642262.054,4825041.925],[642254.0615,4825041.573],[642254.1055,4825040.574],[642248.0515,4825040.307],[642247.9415,4825042.8045],[642253.9955,4825043.0715],[642253.9515,4825044.0705],[642261.944,4825044.4225],[642261.9,4825045.4215],[642267.644,4825045.675],[642267.6,4825046.674],[642275.6725,4825047.0295],[642275.6285,4825048.0285],[642282.162,4825048.3165],[642282.272,4825045.819]]]}},{"type":"Feature","properties":{"id":"2153312PJ4225S_part5","floors":3,"height":9.3,"heightSource":"Catastro:numberOfFloorsAboveGround"},"geometry":{"type":"Polygon","coordinates":[[[642247.5015,4825052.795],[642253.5555,4825053.062],[642253.5115,4825054.061],[642261.5035,4825054.413],[642261.4595,4825055.412],[642267.204,4825055.665],[642267.16,4825056.664],[642275.232,4825057.02],[642275.188,4825058.019],[642281.722,4825058.3065],[642281.779,4825057.008],[642281.81,4825056.3085],[642282.074,4825050.3145],[642282.162,4825048.3165],[642275.6285,4825048.0285],[642275.6725,4825047.0295],[642267.6,4825046.674],[642267.644,4825045.675],[642261.9,4825045.4215],[642261.944,4825044.4225],[642253.9515,4825044.0705],[642253.9955,4825043.0715],[642247.9415,4825042.8045],[642247.8535,4825044.803],[642247.5895,4825050.797],[642247.5015,4825052.795]]]}},{"type":"Feature","properties":{"id":"2153312PJ4225S_part6","floors":2,"height":6.2,"heightSource":"Catastro:numberOfFloorsAboveGround"},"geometry":{"type":"Polygon","coordinates":[[[642247.3915,4825055.2925],[642253.4455,4825055.5595],[642253.4015,4825056.5585],[642261.3935,4825056.9105],[642261.3495,4825057.9095],[642267.094,4825058.1625],[642267.05,4825059.1615],[642277.0605,4825059.6025],[642277.0165,4825060.602],[642281.612,4825060.804],[642281.722,4825058.3065],[642275.188,4825058.019],[642275.232,4825057.02],[642267.16,4825056.664],[642267.204,4825055.665],[642261.4595,4825055.412],[642261.5035,4825054.413],[642253.5115,4825054.061],[642253.5555,4825053.062],[642247.5015,4825052.795],[642247.3915,4825055.2925]]]}},{"type":"Feature","properties":{"id":"2153312PJ4225S_part8","floors":3,"height":9.3,"heightSource":"Catastro:numberOfFloorsAboveGround"},"geometry":{"type":"Polygon","coordinates":[[[642247.09,4825050.775],[642247.5895,4825050.797],[642247.8535,4825044.803],[642247.354,4825044.781],[642247.09,4825050.775]]]}},{"type":"Feature","properties":{"id":"2153314PJ4225S_part1","floors":4,"height":12.4,"heightSource":"Catastro:numberOfFloorsAboveGround"},"geometry":{"type":"Polygon","coordinates":[[[642227.026,4824948.3515],[642221.3095,4824971.2175],[642220.8245,4824971.0965],[642219.898,4824974.8025],[642219.413,4824974.681],[642218.487,4824978.387],[642218.0015,4824978.266],[642216.105,4824985.8525],[642221.7185,4824988.812],[642221.783,4824988.828],[642223.626,4824989.804],[642227.3125,4824991.7565],[642229.2775,4824992.248],[642229.156,4824992.733],[642269.9895,4825002.9405],[642270.6325,4825000.3695],[642271.1355,4824998.3565],[642272.833,4824991.5655],[642273.3265,4824989.592],[642273.979,4824986.9815],[642236.6575,4824977.652],[642242.9845,4824952.3405],[642240.414,4824951.6975],[642240.0875,4824951.6165],[642238.401,4824951.195],[642231.6095,4824949.497],[642230.152,4824949.1325],[642229.636,4824949.0035],[642227.026,4824948.3515]]]}},{"type":"Feature","properties":{"id":"2153314PJ4225S_part2","floors":4,"height":12.4,"heightSource":"Catastro:numberOfFloorsAboveGround"},"geometry":{"type":"Polygon","coordinates":[[[642272.833,4824991.5655],[642273.8035,4824991.808],[642274.297,4824989.834],[642273.3265,4824989.592],[642272.833,4824991.5655]]]}},{"type":"Feature","properties":{"id":"2153314PJ4225S_part3","floors":4,"height":12.4,"heightSource":"Catastro:numberOfFloorsAboveGround"},"geometry":{"type":"Polygon","coordinates":[[[642271.1355,4824998.3565],[642272.106,4824998.599],[642272.7725,4824995.931],[642273.8035,4824991.808],[642272.833,4824991.5655],[642271.1355,4824998.3565]]]}},{"type":"Feature","properties":{"id":"2153314PJ4225S_part4","floors":4,"height":12.4,"heightSource":"Catastro:numberOfFloorsAboveGround"},"geometry":{"type":"Polygon","coordinates":[[[642270.6325,4825000.3695],[642271.603,4825000.612],[642272.106,4824998.599],[642271.1355,4824998.3565],[642270.6325,4825000.3695]]]}},{"type":"Feature","properties":{"id":"2153314PJ4225S_part5","floors":1,"height":3.1,"heightSource":"Catastro:numberOfFloorsAboveGround"},"geometry":{"type":"Polygon","coordinates":[[[642262.514,4824967.9075],[642260.7045,4824975.7],[642271.4195,4824978.188],[642273.229,4824970.3955],[642262.514,4824967.9075]]]}},{"type":"Feature","properties":{"id":"2153314PJ4225S_part6","floors":4,"height":12.4,"heightSource":"Catastro:numberOfFloorsAboveGround"},"geometry":{"type":"Polygon","coordinates":[[[642238.401,4824951.195],[642240.0875,4824951.6165],[642240.414,4824951.6975],[642240.656,4824950.727],[642238.6435,4824950.2245],[642238.401,4824951.195]]]}},{"type":"Feature","properties":{"id":"2153314PJ4225S_part7","floors":4,"height":12.4,"heightSource":"Catastro:numberOfFloorsAboveGround"},"geometry":{"type":"Polygon","coordinates":[[[642231.6095,4824949.497],[642238.401,4824951.195],[642238.6435,4824950.2245],[642231.852,4824948.527],[642231.6095,4824949.497]]]}},{"type":"Feature","properties":{"id":"2153314PJ4225S_part8","floors":4,"height":12.4,"heightSource":"Catastro:numberOfFloorsAboveGround"},"geometry":{"type":"Polygon","coordinates":[[[642229.878,4824948.0335],[642229.636,4824949.0035],[642230.152,4824949.1325],[642231.6095,4824949.497],[642231.852,4824948.527],[642229.878,4824948.0335]]]}},{"type":"Feature","properties":{"id":"2153319PJ4225S_part1","floors":1,"height":3.1,"heightSource":"Catastro:numberOfFloorsAboveGround"},"geometry":{"type":"Polygon","coordinates":[[[642155.92,4824926.35],[642165.23,4824930.0],[642166.68,4824926.31],[642163.28,4824924.98],[642160.77,4824923.99],[642157.37,4824922.66],[642155.92,4824926.35]]]}},{"type":"Feature","properties":{"id":"2153319PJ4225S_part2","floors":1,"height":3.1,"heightSource":"Catastro:numberOfFloorsAboveGround"},"geometry":{"type":"Polygon","coordinates":[[[642169.71,4824914.46],[642167.28,4824913.51],[642166.88,4824914.53],[642167.31,4824914.7],[642169.3,4824915.49],[642169.71,4824914.46]]]}},{"type":"Feature","properties":{"id":"2153319PJ4225S_part3","floors":2,"height":6.2,"heightSource":"Catastro:numberOfFloorsAboveGround"},"geometry":{"type":"Polygon","coordinates":[[[642166.62,4824916.47],[642168.24,4824917.11],[642167.42,4824919.21],[642169.19,4824919.9],[642170.7,4824916.03],[642169.3,4824915.49],[642167.31,4824914.7],[642166.62,4824916.47]]]}},{"type":"Feature","properties":{"id":"2153319PJ4225S_part4","floors":2,"height":6.2,"heightSource":"Catastro:numberOfFloorsAboveGround"},"geometry":{"type":"Polygon","coordinates":[[[642166.43,4824921.72],[642165.6,4824923.85],[642163.97,4824923.21],[642163.28,4824924.98],[642166.68,4824926.31],[642168.2,4824922.41],[642166.43,4824921.72]]]}},{"type":"Feature","properties":{"id":"2153319PJ4225S_part5","floors":1,"height":3.1,"heightSource":"Catastro:numberOfFloorsAboveGround"},"geometry":{"type":"Polygon","coordinates":[[[642165.61,4824912.85],[642163.19,4824911.91],[642162.79,4824912.92],[642164.8,4824913.72],[642165.2,4824913.88],[642165.61,4824912.85]]]}},{"type":"Feature","properties":{"id":"2153319PJ4225S_part6","floors":2,"height":6.2,"heightSource":"Catastro:numberOfFloorsAboveGround"},"geometry":{"type":"Polygon","coordinates":[[[642161.39,4824912.38],[642159.88,4824916.25],[642161.65,4824916.95],[642162.48,4824914.85],[642164.11,4824915.49],[642164.8,4824913.72],[642162.79,4824912.92],[642161.39,4824912.38]]]}},{"type":"Feature","properties":{"id":"2153319PJ4225S_part7","floors":3,"height":9.3,"heightSource":"Catastro:numberOfFloorsAboveGround"},"geometry":{"type":"Polygon","coordinates":[[[642158.89,4824918.76],[642160.66,4824919.45],[642159.82,4824921.58],[642161.46,4824922.22],[642160.77,4824923.99],[642163.28,4824924.98],[642163.97,4824923.21],[642165.6,4824923.85],[642166.43,4824921.72],[642168.2,4824922.41],[642169.19,4824919.9],[642167.42,4824919.21],[642168.24,4824917.11],[642166.62,4824916.47],[642167.31,4824914.7],[642166.88,4824914.53],[642165.2,4824913.88],[642164.8,4824913.72],[642164.11,4824915.49],[642162.48,4824914.85],[642161.65,4824916.95],[642159.88,4824916.25],[642158.89,4824918.76]]]}},{"type":"Feature","properties":{"id":"2153319PJ4225S_part8","floors":2,"height":6.2,"heightSource":"Catastro:numberOfFloorsAboveGround"},"geometry":{"type":"Polygon","coordinates":[[[642157.37,4824922.66],[642160.77,4824923.99],[642161.46,4824922.22],[642159.82,4824921.58],[642160.66,4824919.45],[642158.89,4824918.76],[642157.37,4824922.66]]]}},{"type":"Feature","properties":{"id":"2153321PJ4225S_part1","floors":4,"height":12.4,"heightSource":"Catastro:numberOfFloorsAboveGround"},"geometry":{"type":"Polygon","coordinates":[[[642174.2915,4824952.982],[642175.2315,4824953.392],[642175.8915,4824953.642],[642176.6115,4824951.942],[642175.0115,4824951.262],[642174.2915,4824952.982]]]}},{"type":"Feature","properties":{"id":"2153321PJ4225S_part3","floors":4,"height":12.4,"heightSource":"Catastro:numberOfFloorsAboveGround"},"geometry":{"type":"Polygon","coordinates":[[[642173.6815,4824958.912],[642180.0115,4824961.552],[642180.4515,4824960.492],[642183.0415,4824961.572],[642182.5915,4824962.632],[642185.2615,4824963.762],[642185.8215,4824962.432],[642187.9915,4824963.332],[642187.4315,4824964.672],[642187.8515,4824964.842],[642188.2315,4824963.922],[642190.8115,4824965.002],[642193.3815,4824966.082],[642193.0015,4824967.002],[642193.4215,4824967.182],[642193.9815,4824965.842],[642196.1515,4824966.7525],[642195.5915,4824968.0925],[642198.3915,4824969.2625],[642198.8215,4824968.0125],[642198.9915,4824968.0725],[642199.1815,4824967.5325],[642200.762,4824968.0925],[642200.572,4824968.6325],[642201.202,4824968.8525],[642200.7115,4824970.2325],[642205.032,4824972.0425],[642207.822,4824964.1725],[642207.352,4824964.0025],[642208.292,4824961.3525],[642208.762,4824961.5225],[642208.922,4824961.0625],[642207.892,4824960.6925],[642208.652,4824958.5725],[642209.252,4824958.7825],[642209.802,4824957.2325],[642211.132,4824953.4625],[642210.452,4824953.2225],[642211.202,4824951.0925],[642211.882,4824951.3325],[642212.012,4824950.9525],[642213.882,4824945.6725],[642214.012,4824945.3025],[642213.342,4824945.0625],[642214.102,4824942.9425],[642214.762,4824943.1825],[642215.722,4824940.4925],[642216.522,4824938.2325],[642218.112,4824933.7325],[642214.752,4824932.3125],[642214.302,4824933.6125],[642212.702,4824933.0425],[642213.202,4824931.6625],[642210.942,4824930.7125],[642209.102,4824929.9325],[642208.812,4824929.8125],[642208.372,4824931.1425],[642206.762,4824930.5725],[642207.262,4824929.1625],[642203.892,4824927.7425],[642202.062,4824932.9325],[642201.632,4824932.7825],[642201.572,4824932.9525],[642202.002,4824933.1025],[642201.402,4824934.7925],[642200.552,4824937.1925],[642199.562,4824939.9825],[642200.642,4824940.3625],[642199.862,4824942.5825],[642198.782,4824942.2025],[642196.722,4824948.0425],[642196.502,4824948.6525],[642197.052,4824950.5225],[642196.672,4824950.6325],[642195.782,4824951.022],[642195.312,4824949.942],[642193.922,4824950.562],[642191.9815,4824949.742],[642192.352,4824948.872],[642189.1215,4824947.522],[642188.7515,4824948.392],[642184.2815,4824946.522],[642184.4115,4824946.202],[642179.1515,4824944.002],[642177.6715,4824947.552],[642178.6915,4824947.982],[642177.9415,4824949.792],[642176.9215,4824949.362],[642176.7115,4824949.862],[642177.3615,4824950.132],[642176.6115,4824951.942],[642177.1815,4824952.182],[642176.4715,4824953.882],[642175.8915,4824953.642],[642173.6815,4824958.912]],[[642187.9315,4824953.552],[642187.3515,4824954.932],[642185.5015,4824954.162],[642186.0815,4824952.782],[642186.9015,4824952.472],[642187.5815,4824952.752],[642187.9315,4824953.552]],[[642193.7615,4824960.492],[642192.9515,4824960.802],[642192.2715,4824960.522],[642191.9215,4824959.722],[642192.4915,4824958.342],[642194.3415,4824959.112],[642193.7615,4824960.492]],[[642202.442,4824962.2625],[642201.032,4824961.7625],[642201.692,4824959.8725],[642203.102,4824960.3725],[642203.462,4824961.1725],[642203.212,4824961.8725],[642202.442,4824962.2625]],[[642203.932,4824948.7925],[642202.522,4824948.2925],[642202.162,4824947.4925],[642202.412,4824946.8025],[642203.192,4824946.4025],[642204.602,4824946.9125],[642203.932,4824948.7925]],[[642208.562,4824947.1525],[642207.692,4824947.5125],[642206.282,4824947.0125],[642206.952,4824945.1325],[642208.362,4824945.6325],[642208.812,4824946.4625],[642208.562,4824947.1525]]]}},{"type":"Feature","properties":{"id":"2153321PJ4225S_part4","floors":4,"height":12.4,"heightSource":"Catastro:numberOfFloorsAboveGround"},"geometry":{"type":"Polygon","coordinates":[[[642216.522,4824938.2325],[642216.942,4824938.3825],[642218.532,4824933.9125],[642218.112,4824933.7325],[642216.522,4824938.2325]]]}},{"type":"Feature","properties":{"id":"2153321PJ4225S_part10","floors":4,"height":12.4,"heightSource":"Catastro:numberOfFloorsAboveGround"},"geometry":{"type":"Polygon","coordinates":[[[642212.702,4824933.0425],[642214.302,4824933.6125],[642214.752,4824932.3125],[642214.582,4824932.2425],[642213.202,4824931.6625],[642212.702,4824933.0425]]]}},{"type":"Feature","properties":{"id":"2153321PJ4225S_part11","floors":3,"height":9.3,"heightSource":"Catastro:numberOfFloorsAboveGround"},"geometry":{"type":"Polygon","coordinates":[[[642212.012,4824950.9525],[642212.372,4824951.0825],[642214.252,4824945.8025],[642213.882,4824945.6725],[642212.012,4824950.9525]]]}},{"type":"Feature","properties":{"id":"2153321PJ4225S_part14","floors":3,"height":9.3,"heightSource":"Catastro:numberOfFloorsAboveGround"},"geometry":{"type":"Polygon","coordinates":[[[642209.182,4824958.9725],[642209.602,4824959.1225],[642208.922,4824961.0625],[642209.782,4824961.3625],[642210.532,4824959.2425],[642209.252,4824958.7825],[642209.182,4824958.9725]]]}},{"type":"Feature","properties":{"id":"2153321PJ4225S_part15","floors":4,"height":12.4,"heightSource":"Catastro:numberOfFloorsAboveGround"},"geometry":{"type":"Polygon","coordinates":[[[642208.652,4824958.5725],[642207.892,4824960.6925],[642208.922,4824961.0625],[642209.602,4824959.1225],[642209.182,4824958.9725],[642209.252,4824958.7825],[642208.652,4824958.5725]]]}},{"type":"Feature","properties":{"id":"2153321PJ4225S_part16","floors":2,"height":6.2,"heightSource":"Catastro:numberOfFloorsAboveGround"},"geometry":{"type":"Polygon","coordinates":[[[642207.822,4824964.1725],[642208.792,4824964.5025],[642209.722,4824961.8625],[642208.762,4824961.5225],[642207.822,4824964.1725]]]}},{"type":"Feature","properties":{"id":"2153321PJ4225S_part18","floors":4,"height":12.4,"heightSource":"Catastro:numberOfFloorsAboveGround"},"geometry":{"type":"Polygon","coordinates":[[[642206.762,4824930.5725],[642208.372,4824931.1425],[642208.812,4824929.8125],[642207.262,4824929.1625],[642206.762,4824930.5725]]]}},{"type":"Feature","properties":{"id":"2153321PJ4225S_part19","floors":1,"height":3.1,"heightSource":"Catastro:numberOfFloorsAboveGround"},"geometry":{"type":"Polygon","coordinates":[[[642208.362,4824945.6325],[642206.952,4824945.1325],[642206.282,4824947.0125],[642207.692,4824947.5125],[642208.562,4824947.1525],[642208.812,4824946.4625],[642208.362,4824945.6325]]]}},{"type":"Feature","properties":{"id":"2153321PJ4225S_part20","floors":4,"height":12.4,"heightSource":"Catastro:numberOfFloorsAboveGround"},"geometry":{"type":"Polygon","coordinates":[[[642203.482,4824927.5725],[642201.632,4824932.7825],[642202.062,4824932.9325],[642203.892,4824927.7425],[642203.482,4824927.5725]]]}},{"type":"Feature","properties":{"id":"2153321PJ4225S_part23","floors":2,"height":6.2,"heightSource":"Catastro:numberOfFloorsAboveGround"},"geometry":{"type":"Polygon","coordinates":[[[642200.162,4824934.3525],[642199.302,4824936.7525],[642200.122,4824937.0425],[642200.552,4824937.1925],[642201.402,4824934.7925],[642200.972,4824934.6425],[642200.162,4824934.3525]]]}},{"type":"Feature","properties":{"id":"2153321PJ4225S_part26","floors":4,"height":12.4,"heightSource":"Catastro:numberOfFloorsAboveGround"},"geometry":{"type":"Polygon","coordinates":[[[642198.5415,4824969.3225],[642200.1015,4824969.9825],[642200.572,4824968.6325],[642198.9915,4824968.0725],[642198.5415,4824969.3225]]]}},{"type":"Feature","properties":{"id":"2153321PJ4225S_part28","floors":4,"height":12.4,"heightSource":"Catastro:numberOfFloorsAboveGround"},"geometry":{"type":"Polygon","coordinates":[[[642198.352,4824942.0425],[642198.392,4824942.0625],[642198.782,4824942.2025],[642199.862,4824942.5825],[642200.642,4824940.3625],[642199.562,4824939.9825],[642199.132,4824939.8325],[642198.352,4824942.0425]]]}},{"type":"Feature","properties":{"id":"2153321PJ4225S_part29","floors":2,"height":6.2,"heightSource":"Catastro:numberOfFloorsAboveGround"},"geometry":{"type":"Polygon","coordinates":[[[642198.242,4824939.5125],[642197.452,4824941.7325],[642198.352,4824942.0425],[642199.132,4824939.8325],[642198.242,4824939.5125]]]}},{"type":"Feature","properties":{"id":"2153321PJ4225S_part30","floors":4,"height":12.4,"heightSource":"Catastro:numberOfFloorsAboveGround"},"geometry":{"type":"Polygon","coordinates":[[[642196.322,4824947.9025],[642196.722,4824948.0425],[642198.782,4824942.2025],[642198.392,4824942.0625],[642196.322,4824947.9025]]]}},{"type":"Feature","properties":{"id":"2153321PJ4225S_part31","floors":2,"height":6.2,"heightSource":"Catastro:numberOfFloorsAboveGround"},"geometry":{"type":"Polygon","coordinates":[[[642195.442,4824947.652],[642195.772,4824947.712],[642196.322,4824947.9025],[642198.392,4824942.0625],[642198.352,4824942.0425],[642198.182,4824942.5125],[642197.372,4824942.2225],[642195.852,4824946.512],[642195.442,4824947.652]]]}},{"type":"Feature","properties":{"id":"2153321PJ4225S_part32","floors":4,"height":12.4,"heightSource":"Catastro:numberOfFloorsAboveGround"},"geometry":{"type":"Polygon","coordinates":[[[642196.1515,4824966.7525],[642193.9815,4824965.842],[642193.4215,4824967.182],[642195.5915,4824968.0925],[642196.1515,4824966.7525]]]}},{"type":"Feature","properties":{"id":"2153321PJ4225S_part33","floors":3,"height":9.3,"heightSource":"Catastro:numberOfFloorsAboveGround"},"geometry":{"type":"Polygon","coordinates":[[[642191.9815,4824949.742],[642193.922,4824950.562],[642195.312,4824949.942],[642195.782,4824951.022],[642196.672,4824950.6325],[642197.052,4824950.5225],[642196.502,4824948.6525],[642196.722,4824948.0425],[642196.322,4824947.9025],[642195.772,4824947.712],[642195.442,4824947.652],[642194.892,4824947.612],[642194.602,4824947.632],[642194.132,4824947.722],[642193.482,4824947.962],[642192.982,4824948.262],[642192.722,4824948.482],[642192.352,4824948.872],[642191.9815,4824949.742]]]}},{"type":"Feature","properties":{"id":"2153321PJ4225S_part34","floors":4,"height":12.4,"heightSource":"Catastro:numberOfFloorsAboveGround"},"geometry":{"type":"Polygon","coordinates":[[[642193.3815,4824966.082],[642190.8115,4824965.002],[642188.2315,4824963.922],[642187.8515,4824964.842],[642193.0015,4824967.002],[642193.3815,4824966.082]]]}},{"type":"Feature","properties":{"id":"2153321PJ4225S_part35","floors":4,"height":12.4,"heightSource":"Catastro:numberOfFloorsAboveGround"},"geometry":{"type":"Polygon","coordinates":[[[642187.9915,4824963.332],[642185.8215,4824962.432],[642185.2615,4824963.762],[642187.4315,4824964.672],[642187.9915,4824963.332]]]}},{"type":"Feature","properties":{"id":"2153321PJ4225S_part36","floors":4,"height":12.4,"heightSource":"Catastro:numberOfFloorsAboveGround"},"geometry":{"type":"Polygon","coordinates":[[[642184.2815,4824946.522],[642188.7515,4824948.392],[642189.1215,4824947.522],[642192.352,4824948.872],[642192.722,4824948.482],[642185.8715,4824945.622],[642185.3815,4824946.602],[642184.4115,4824946.202],[642184.2815,4824946.522]]]}},{"type":"Feature","properties":{"id":"2153321PJ4225S_part37","floors":4,"height":12.4,"heightSource":"Catastro:numberOfFloorsAboveGround"},"geometry":{"type":"Polygon","coordinates":[[[642183.0415,4824961.572],[642180.4515,4824960.492],[642180.0115,4824961.552],[642182.5915,4824962.632],[642183.0415,4824961.572]]]}},{"type":"Feature","properties":{"id":"2153321PJ4225S_part38","floors":4,"height":12.4,"heightSource":"Catastro:numberOfFloorsAboveGround"},"geometry":{"type":"Polygon","coordinates":[[[642176.9215,4824949.362],[642177.9415,4824949.792],[642178.6915,4824947.982],[642177.6715,4824947.552],[642176.9215,4824949.362]]]}},{"type":"Feature","properties":{"id":"2153321PJ4225S_part40","floors":3,"height":9.3,"heightSource":"Catastro:numberOfFloorsAboveGround"},"geometry":{"type":"Polygon","coordinates":[[[642176.2515,4824946.962],[642175.4915,4824948.762],[642176.9215,4824949.362],[642177.6715,4824947.552],[642176.2515,4824946.962]]]}},{"type":"Feature","properties":{"id":"2153321PJ4225S_part41","floors":2,"height":6.2,"heightSource":"Catastro:numberOfFloorsAboveGround"},"geometry":{"type":"Polygon","coordinates":[[[642175.7715,4824949.462],[642175.0115,4824951.262],[642176.6115,4824951.942],[642177.3615,4824950.132],[642176.7115,4824949.862],[642175.7715,4824949.462]]]}},{"type":"Feature","properties":{"id":"2245901PJ4224N_part1","floors":1,"height":3.1,"heightSource":"Catastro:numberOfFloorsAboveGround"},"geometry":{"type":"Polygon","coordinates":[[[642132.624,4824426.5015],[642129.634,4824428.0615],[642133.494,4824435.5115],[642136.484,4824433.9515],[642132.624,4824426.5015]]]}},{"type":"Feature","properties":{"id":"2245901PJ4224N_part2","floors":1,"height":3.1,"heightSource":"Catastro:numberOfFloorsAboveGround"},"geometry":{"type":"Polygon","coordinates":[[[642156.0945,4824419.5015],[642154.3745,4824415.4015],[642148.694,4824417.7815],[642147.224,4824418.3915],[642146.804,4824418.5715],[642144.114,4824419.6915],[642142.844,4824420.2415],[642144.594,4824424.4115],[642147.124,4824423.3515],[642149.454,4824422.3815],[642150.704,4824425.3715],[642151.894,4824424.8715],[642153.354,4824424.2615],[642157.3845,4824422.5815],[642156.0945,4824419.5015]]]}},{"type":"Feature","properties":{"id":"2245901PJ4224N_part3","floors":1,"height":3.1,"heightSource":"Catastro:numberOfFloorsAboveGround"},"geometry":{"type":"Polygon","coordinates":[[[642142.484,4824430.8415],[642138.624,4824423.3915],[642135.614,4824424.9415],[642139.474,4824432.3915],[642142.484,4824430.8415]]]}},{"type":"Feature","properties":{"id":"2245901PJ4224N_part4","floors":2,"height":6.2,"heightSource":"Catastro:numberOfFloorsAboveGround"},"geometry":{"type":"Polygon","coordinates":[[[642135.614,4824424.9415],[642132.624,4824426.5015],[642136.484,4824433.9515],[642139.474,4824432.3915],[642135.614,4824424.9415]]]}},{"type":"Feature","properties":{"id":"2245903PJ4224N_part1","floors":1,"height":3.1,"heightSource":"Catastro:numberOfFloorsAboveGround"},"geometry":{"type":"Polygon","coordinates":[[[642201.015,4824378.242],[642201.185,4824378.422],[642202.895,4824380.242],[642204.095,4824379.112],[642202.215,4824377.112],[642201.015,4824378.242]]]}},{"type":"Feature","properties":{"id":"2245903PJ4224N_part2","floors":1,"height":3.1,"heightSource":"Catastro:numberOfFloorsAboveGround"},"geometry":{"type":"Polygon","coordinates":[[[642207.375,4824372.592],[642207.205,4824372.412],[642205.995,4824373.552],[642207.885,4824375.542],[642209.0855,4824374.412],[642207.375,4824372.592]]]}},{"type":"Feature","properties":{"id":"2245903PJ4224N_part3","floors":2,"height":6.2,"heightSource":"Catastro:numberOfFloorsAboveGround"},"geometry":{"type":"Polygon","coordinates":[[[642202.895,4824380.242],[642204.125,4824381.552],[642209.395,4824387.162],[642210.655,4824385.972],[642211.915,4824384.792],[642214.3855,4824382.462],[642215.5955,4824381.332],[642210.3155,4824375.722],[642209.0855,4824374.412],[642207.885,4824375.542],[642204.095,4824379.112],[642202.895,4824380.242]]]}},{"type":"Feature","properties":{"id":"2245903PJ4224N_part4","floors":2,"height":6.2,"heightSource":"Catastro:numberOfFloorsAboveGround"},"geometry":{"type":"Polygon","coordinates":[[[642202.215,4824377.112],[642204.095,4824379.112],[642207.885,4824375.542],[642205.995,4824373.552],[642202.215,4824377.112]]]}},{"type":"Feature","properties":{"id":"2245906PJ4224N_part1","floors":1,"height":3.1,"heightSource":"Catastro:numberOfFloorsAboveGround"},"geometry":{"type":"Polygon","coordinates":[[[642158.6135,4824327.756],[642160.901,4824330.123],[642168.208,4824323.06],[642165.92,4824320.693],[642158.6135,4824327.756]]]}},{"type":"Feature","properties":{"id":"2245913PJ4224N_part1","floors":1,"height":3.1,"heightSource":"Catastro:numberOfFloorsAboveGround"},"geometry":{"type":"Polygon","coordinates":[[[642131.71,4824365.3665],[642124.9035,4824370.1155],[642128.16905,4824375.50405],[642135.5753,4824370.0467],[642131.71,4824365.3665]]]}},{"type":"Feature","properties":{"id":"2245914PJ4224N_part1","floors":1,"height":3.1,"heightSource":"Catastro:numberOfFloorsAboveGround"},"geometry":{"type":"Polygon","coordinates":[[[642187.9865,4824400.5985],[642181.819,4824395.1345],[642182.482,4824394.386],[642182.2945,4824394.22],[642184.771,4824391.441],[642183.536,4824390.3465],[642185.406,4824388.2185],[642176.6665,4824380.4765],[642173.244,4824384.3395],[642176.5125,4824387.235],[642172.952,4824391.2545],[642179.846,4824397.3615],[642177.9205,4824399.535],[642184.079,4824405.01],[642187.9865,4824400.5985]]]}},{"type":"Feature","properties":{"id":"2250401PJ4225S_part1","floors":3,"height":9.3,"heightSource":"Catastro:numberOfFloorsAboveGround"},"geometry":{"type":"Polygon","coordinates":[[[642118.851,4824868.1015],[642118.151,4824868.1115],[642118.161,4824869.1115],[642118.291,4824870.9015],[642118.191,4824870.9115],[642118.231,4824873.8115],[642118.981,4824873.8015],[642119.021,4824877.2915],[642119.631,4824879.5915],[642120.051,4824879.5915],[642120.071,4824881.2715],[642120.451,4824882.7015],[642120.091,4824882.7915],[642120.131,4824885.3915],[642120.561,4824887.8515],[642122.941,4824894.9615],[642123.141,4824895.1015],[642125.301,4824896.6415],[642124.201,4824898.1915],[642124.061,4824898.3915],[642124.551,4824898.7415],[642127.311,4824900.7115],[642135.3015,4824889.5015],[642140.4915,4824882.2315],[642140.4415,4824878.8315],[642139.7415,4824878.8415],[642139.7215,4824876.8415],[642140.4215,4824876.8315],[642140.3715,4824873.5815],[642140.3215,4824870.0315],[642139.0215,4824870.0515],[642139.0015,4824868.0515],[642140.1015,4824868.0415],[642140.2915,4824867.3115],[642140.2315,4824862.2915],[642140.0115,4824861.5515],[642138.9115,4824861.5615],[642138.8815,4824859.5715],[642138.8015,4824852.5515],[642138.7715,4824850.5615],[642139.8715,4824850.5515],[642140.0615,4824849.8015],[642139.9915,4824844.7415],[642139.7915,4824844.0515],[642138.6915,4824844.0615],[642138.6615,4824842.0615],[642139.9615,4824842.0515],[642139.9215,4824838.4415],[642137.8215,4824838.4715],[642137.8215,4824838.5715],[642135.9115,4824838.5915],[642132.7215,4824838.6315],[642132.7215,4824838.7815],[642118.4815,4824838.9615],[642118.851,4824868.1015]],[[642128.3515,4824869.4815],[642128.3115,4824866.4815],[642131.5615,4824866.4415],[642131.6015,4824869.4415],[642128.3515,4824869.4815]],[[642131.2715,4824843.0015],[642131.3115,4824846.0015],[642128.0615,4824846.0415],[642128.0215,4824843.0415],[642131.2715,4824843.0015]],[[642130.7115,4824877.9515],[642130.7515,4824880.9515],[642127.5015,4824880.9915],[642127.4615,4824877.9915],[642130.7115,4824877.9515]],[[642128.1715,4824854.6915],[642131.4215,4824854.6515],[642131.4515,4824857.6515],[642128.2115,4824857.6915],[642128.1715,4824854.6915]]]}},{"type":"Feature","properties":{"id":"2250401PJ4225S_part7","floors":3,"height":9.3,"heightSource":"Catastro:numberOfFloorsAboveGround"},"geometry":{"type":"Polygon","coordinates":[[[642117.2815,4824839.8415],[642117.2115,4824840.2815],[642117.1115,4824841.6115],[642117.1215,4824842.4915],[642117.3315,4824843.8115],[642117.5515,4824844.6715],[642117.3515,4824845.5415],[642117.2815,4824845.9815],[642117.1815,4824847.3115],[642117.1915,4824848.1915],[642117.4015,4824849.5115],[642117.6215,4824850.3715],[642117.4115,4824851.3615],[642117.2515,4824852.8515],[642117.2615,4824853.8615],[642117.4615,4824855.3515],[642117.7015,4824856.3215],[642117.501,4824857.2215],[642117.321,4824858.5915],[642117.331,4824859.5115],[642117.471,4824860.8815],[642117.551,4824861.3315],[642117.781,4824862.2215],[642117.501,4824863.5715],[642117.401,4824864.4915],[642117.411,4824865.8615],[642117.621,4824867.2215],[642117.851,4824868.1115],[642118.151,4824868.1115],[642118.851,4824868.1015],[642118.4815,4824838.9615],[642117.4815,4824838.9715],[642117.2815,4824839.8415]]]}},{"type":"Feature","properties":{"id":"2250401PJ4225S_part11","floors":4,"height":12.4,"heightSource":"Catastro:numberOfFloorsAboveGround"},"geometry":{"type":"Polygon","coordinates":[[[642117.1215,4824828.1615],[642116.9615,4824829.7515],[642116.9715,4824830.8215],[642117.1715,4824832.4015],[642117.4115,4824833.4415],[642117.2215,4824834.2215],[642117.1015,4824835.0215],[642117.0415,4824835.8115],[642117.0515,4824836.6115],[642117.1315,4824837.4115],[642117.2815,4824838.2015],[642117.4815,4824838.9715],[642118.4815,4824838.9615],[642118.3315,4824827.1015],[642117.3315,4824827.1115],[642117.1215,4824828.1615]]]}},{"type":"Feature","properties":{"id":"2250401PJ4225S_part15","floors":2,"height":6.2,"heightSource":"Catastro:numberOfFloorsAboveGround"},"geometry":{"type":"Polygon","coordinates":[[[642140.1015,4824852.5415],[642140.1915,4824859.5515],[642140.2215,4824861.5515],[642140.3715,4824861.5515],[642140.3515,4824859.5515],[642140.4915,4824858.8615],[642140.5915,4824858.1615],[642140.7015,4824856.7515],[642140.7115,4824856.0415],[642140.6915,4824855.3315],[642140.6315,4824854.6315],[642140.4315,4824853.2315],[642140.2815,4824852.5415],[642140.2515,4824850.5515],[642140.0715,4824850.5515],[642140.1015,4824852.5415]]]}},{"type":"Feature","properties":{"id":"2250401PJ4225S_part24","floors":4,"height":12.4,"heightSource":"Catastro:numberOfFloorsAboveGround"},"geometry":{"type":"Polygon","coordinates":[[[642157.742,4824820.342],[642157.742,4824819.912],[642150.692,4824820.0015],[642150.692,4824820.2015],[642147.602,4824820.2415],[642147.602,4824820.4715],[642157.742,4824820.342]]]}},{"type":"Feature","properties":{"id":"2250401PJ4225S_part25","floors":4,"height":12.4,"heightSource":"Catastro:numberOfFloorsAboveGround"},"geometry":{"type":"Polygon","coordinates":[[[642147.782,4824834.6515],[642145.682,4824834.6915],[642145.682,4824834.8315],[642145.692,4824836.0315],[642147.802,4824836.0015],[642147.802,4824835.8015],[642147.782,4824834.6515]]]}},{"type":"Feature","properties":{"id":"2250401PJ4225S_part32","floors":1,"height":3.1,"heightSource":"Catastro:numberOfFloorsAboveGround"},"geometry":{"type":"Polygon","coordinates":[[[642139.9215,4824838.4415],[642139.9615,4824842.0515],[642140.1615,4824842.0515],[642140.1815,4824844.0415],[642139.9915,4824844.0415],[642139.9915,4824844.7415],[642140.2215,4824845.8815],[642140.2815,4824846.3515],[642140.3315,4824847.2915],[642140.3315,4824847.7615],[642140.2615,4824848.7015],[642140.0615,4824849.8015],[642140.0715,4824850.5515],[642140.2515,4824850.5515],[642140.2815,4824852.5415],[642140.4315,4824853.2315],[642140.6315,4824854.6315],[642140.6915,4824855.3315],[642140.7115,4824856.0415],[642140.7015,4824856.7515],[642140.5915,4824858.1615],[642140.4915,4824858.8615],[642140.3515,4824859.5515],[642140.3715,4824861.5515],[642140.2215,4824861.5515],[642140.2315,4824862.2915],[642140.4415,4824863.3815],[642140.5515,4824864.5815],[642140.5315,4824865.7315],[642140.4215,4824866.6615],[642140.2915,4824867.3115],[642140.3015,4824868.0415],[642140.4515,4824868.0415],[642140.4715,4824870.0315],[642140.3215,4824870.0315],[642140.3715,4824873.5815],[642143.1615,4824873.5515],[642142.7215,4824838.4115],[642139.9215,4824838.4415]]]}},{"type":"Feature","properties":{"id":"2250401PJ4225S_part36","floors":1,"height":3.1,"heightSource":"Catastro:numberOfFloorsAboveGround"},"geometry":{"type":"Polygon","coordinates":[[[642139.502,4824820.5815],[642139.512,4824821.3415],[642145.512,4824821.2715],[642145.502,4824820.5015],[642139.502,4824820.5815]]]}},{"type":"Feature","properties":{"id":"2250401PJ4225S_part37","floors":3,"height":9.3,"heightSource":"Catastro:numberOfFloorsAboveGround"},"geometry":{"type":"Polygon","coordinates":[[[642139.0015,4824868.0515],[642139.0215,4824870.0515],[642140.3215,4824870.0315],[642140.3015,4824868.0415],[642140.1015,4824868.0415],[642139.0015,4824868.0515]]]}},{"type":"Feature","properties":{"id":"2250401PJ4225S_part38","floors":3,"height":9.3,"heightSource":"Catastro:numberOfFloorsAboveGround"},"geometry":{"type":"Polygon","coordinates":[[[642138.8815,4824859.5715],[642138.9115,4824861.5615],[642140.0115,4824861.5515],[642140.2215,4824861.5515],[642140.1915,4824859.5515],[642138.8815,4824859.5715]]]}},{"type":"Feature","properties":{"id":"2250401PJ4225S_part39","floors":3,"height":9.3,"heightSource":"Catastro:numberOfFloorsAboveGround"},"geometry":{"type":"Polygon","coordinates":[[[642138.8015,4824852.5515],[642138.8815,4824859.5715],[642140.1915,4824859.5515],[642140.1015,4824852.5415],[642138.8015,4824852.5515]]]}},{"type":"Feature","properties":{"id":"2250401PJ4225S_part40","floors":3,"height":9.3,"heightSource":"Catastro:numberOfFloorsAboveGround"},"geometry":{"type":"Polygon","coordinates":[[[642138.7715,4824850.5615],[642138.8015,4824852.5515],[642140.1015,4824852.5415],[642140.0715,4824850.5515],[642139.8715,4824850.5515],[642138.7715,4824850.5615]]]}},{"type":"Feature","properties":{"id":"2250401PJ4225S_part41","floors":3,"height":9.3,"heightSource":"Catastro:numberOfFloorsAboveGround"},"geometry":{"type":"Polygon","coordinates":[[[642138.6615,4824842.0615],[642138.6915,4824844.0615],[642139.7915,4824844.0515],[642139.9915,4824844.0415],[642139.9615,4824842.0515],[642138.6615,4824842.0615]]]}},{"type":"Feature","properties":{"id":"2250401PJ4225S_part42","floors":1,"height":3.1,"heightSource":"Catastro:numberOfFloorsAboveGround"},"geometry":{"type":"Polygon","coordinates":[[[642137.7815,4824834.9215],[642137.7915,4824836.0915],[642137.8715,4824836.1915],[642142.6915,4824836.1315],[642142.6915,4824836.0615],[642145.692,4824836.0315],[642145.682,4824834.8315],[642137.7815,4824834.9215]]]}},{"type":"Feature","properties":{"id":"2250401PJ4225S_part45","floors":1,"height":3.1,"heightSource":"Catastro:numberOfFloorsAboveGround"},"geometry":{"type":"Polygon","coordinates":[[[642137.7715,4824834.8215],[642135.8715,4824834.8515],[642135.9115,4824838.5915],[642137.8215,4824838.5715],[642137.8215,4824838.4715],[642137.7915,4824836.0915],[642137.7815,4824834.9215],[642137.7715,4824834.8215]]]}},{"type":"Feature","properties":{"id":"2250401PJ4225S_part46","floors":4,"height":12.4,"heightSource":"Catastro:numberOfFloorsAboveGround"},"geometry":{"type":"Polygon","coordinates":[[[642131.2915,4824820.1915],[642131.3015,4824820.6915],[642137.4015,4824820.6115],[642137.4015,4824820.3715],[642134.3015,4824820.4115],[642134.2915,4824820.1615],[642131.2915,4824820.1915]]]}},{"type":"Feature","properties":{"id":"2250401PJ4225S_part47","floors":3,"height":9.3,"heightSource":"Catastro:numberOfFloorsAboveGround"},"geometry":{"type":"Polygon","coordinates":[[[642124.541,4824899.2915],[642126.151,4824902.3415],[642127.311,4824900.7115],[642124.551,4824898.7415],[642124.541,4824899.2915]]]}},{"type":"Feature","properties":{"id":"2250401PJ4225S_part48","floors":3,"height":9.3,"heightSource":"Catastro:numberOfFloorsAboveGround"},"geometry":{"type":"Polygon","coordinates":[[[642123.091,4824895.4315],[642123.901,4824897.8915],[642124.201,4824898.1915],[642125.301,4824896.6415],[642123.141,4824895.1015],[642123.091,4824895.4315]]]}},{"type":"Feature","properties":{"id":"2250401PJ4225S_part51","floors":4,"height":12.4,"heightSource":"Catastro:numberOfFloorsAboveGround"},"geometry":{"type":"Polygon","coordinates":[[[642118.3315,4824827.1015],[642118.4815,4824838.9615],[642132.7215,4824838.7815],[642132.7215,4824838.6315],[642135.9115,4824838.5915],[642135.8715,4824834.8515],[642137.7715,4824834.8215],[642137.7815,4824834.9215],[642145.682,4824834.8315],[642145.682,4824834.6915],[642147.782,4824834.6515],[642147.802,4824835.8015],[642150.892,4824835.7615],[642150.892,4824835.9515],[642157.942,4824835.872],[642157.912,4824833.362],[642157.882,4824831.262],[642158.782,4824831.252],[642158.702,4824824.652],[642157.802,4824824.662],[642157.772,4824822.562],[642157.742,4824820.342],[642147.602,4824820.4715],[642147.622,4824821.3915],[642145.512,4824821.4215],[642145.512,4824821.2715],[642139.512,4824821.3415],[642139.512,4824821.4915],[642137.4215,4824821.5215],[642137.4015,4824820.6115],[642131.3015,4824820.6915],[642125.1515,4824820.7715],[642122.2115,4824823.5015],[642120.6015,4824824.9915],[642118.3315,4824827.1015]],[[642127.9215,4824834.8115],[642127.8815,4824831.8115],[642131.1315,4824831.7715],[642131.1715,4824834.7715],[642127.9215,4824834.8115]]]}},{"type":"Feature","properties":{"id":"2250403PJ4225S_part1","floors":1,"height":3.1,"heightSource":"Catastro:numberOfFloorsAboveGround"},"geometry":{"type":"Polygon","coordinates":[[[642091.868,4824807.1525],[642097.2395,4824816.162],[642100.5615,4824814.161],[642095.171,4824805.171],[642091.868,4824807.1525]]]}},{"type":"Feature","properties":{"id":"2250403PJ4225S_part2","floors":4,"height":12.4,"heightSource":"Catastro:numberOfFloorsAboveGround"},"geometry":{"type":"Polygon","coordinates":[[[642157.322,4824792.482],[642156.472,4824791.512],[642154.732,4824791.6615],[642153.822,4824790.9815],[642151.732,4824791.1615],[642150.952,4824791.9815],[642142.182,4824792.7315],[642141.272,4824792.0615],[642139.182,4824792.2315],[642138.402,4824793.0515],[642133.122,4824793.5015],[642132.222,4824792.8315],[642130.132,4824793.0115],[642129.332,4824793.8215],[642127.592,4824793.9715],[642126.9115,4824794.9415],[642126.6715,4824794.9615],[642126.7415,4824795.7615],[642126.1415,4824795.8115],[642126.5015,4824799.9915],[642127.1015,4824799.9415],[642127.2215,4824801.4215],[642126.6315,4824801.4715],[642126.9815,4824805.6615],[642127.5815,4824805.6115],[642127.6515,4824806.4115],[642127.8915,4824806.3915],[642128.7215,4824807.2315],[642157.622,4824804.752],[642158.302,4824803.942],[642158.552,4824803.922],[642157.572,4824792.462],[642157.322,4824792.482]]]}},{"type":"Feature","properties":{"id":"2250403PJ4225S_part3","floors":4,"height":12.4,"heightSource":"Catastro:numberOfFloorsAboveGround"},"geometry":{"type":"Polygon","coordinates":[[[642142.052,4824767.0815],[642117.232,4824769.1615],[642116.4915,4824769.9715],[642116.2915,4824769.9915],[642117.5215,4824784.4415],[642117.7215,4824784.4215],[642118.5915,4824785.1015],[642127.812,4824784.3215],[642156.712,4824781.852],[642157.502,4824781.032],[642157.752,4824781.012],[642155.9225,4824759.5915],[642141.512,4824760.8215],[642142.052,4824767.0815]]]}},{"type":"Feature","properties":{"id":"2250403PJ4225S_part4","floors":1,"height":3.1,"heightSource":"Catastro:numberOfFloorsAboveGround"},"geometry":{"type":"Polygon","coordinates":[[[642111.5515,4824816.1115],[642102.3915,4824800.851],[642095.171,4824805.171],[642100.5615,4824814.161],[642097.2395,4824816.162],[642101.001,4824822.471],[642111.5515,4824816.1115]]]}},{"type":"Feature","properties":{"id":"2250407PJ4225S_part1","floors":1,"height":3.1,"heightSource":"Catastro:numberOfFloorsAboveGround"},"geometry":{"type":"Polygon","coordinates":[[[642142.58,4824614.2],[642142.69,4824620.2],[642148.69,4824620.09],[642148.58,4824614.08],[642142.58,4824614.2]]]}},{"type":"Feature","properties":{"id":"2250407PJ4225S_part2","floors":3,"height":9.3,"heightSource":"Catastro:numberOfFloorsAboveGround"},"geometry":{"type":"Polygon","coordinates":[[[642177.74,4824609.78],[642177.74,4824592.78],[642167.44,4824592.78],[642167.44,4824598.98],[642167.44,4824603.58],[642167.44,4824609.78],[642177.74,4824609.78]]]}},{"type":"Feature","properties":{"id":"2250407PJ4225S_part3","floors":1,"height":3.1,"heightSource":"Catastro:numberOfFloorsAboveGround"},"geometry":{"type":"Polygon","coordinates":[[[642157.77,4824613.9],[642151.77,4824614.02],[642151.89,4824620.03],[642157.89,4824619.92],[642157.77,4824613.9]]]}},{"type":"Feature","properties":{"id":"2250408PJ4225S_part1","floors":1,"height":3.1,"heightSource":"Catastro:numberOfFloorsAboveGround"},"geometry":{"type":"Polygon","coordinates":[[[642160.1935,4824581.4015],[642160.1335,4824580.5715],[642156.8435,4824580.8715],[642156.4435,4824576.3415],[642159.8335,4824576.0215],[642159.6235,4824572.9415],[642155.4635,4824573.3115],[642155.7835,4824576.9115],[642156.2235,4824581.7715],[642157.9635,4824581.6115],[642160.1935,4824581.4015]]]}},{"type":"Feature","properties":{"id":"2250408PJ4225S_part2","floors":1,"height":3.1,"heightSource":"Catastro:numberOfFloorsAboveGround"},"geometry":{"type":"Polygon","coordinates":[[[642173.0035,4824580.352],[642172.9635,4824579.872],[642172.1935,4824571.662],[642168.3935,4824571.992],[642168.9935,4824580.742],[642173.0035,4824580.352]]]}},{"type":"Feature","properties":{"id":"2250408PJ4225S_part3","floors":2,"height":6.2,"heightSource":"Catastro:numberOfFloorsAboveGround"},"geometry":{"type":"Polygon","coordinates":[[[642168.9935,4824580.742],[642168.3935,4824571.992],[642165.5935,4824572.292],[642159.6235,4824572.9415],[642159.8335,4824576.0215],[642156.4435,4824576.3415],[642156.8435,4824580.8715],[642160.1335,4824580.5715],[642160.1935,4824581.4015],[642168.9935,4824580.742]]]}},{"type":"Feature","properties":{"id":"2250411PJ4225S_part1","floors":1,"height":3.1,"heightSource":"Catastro:numberOfFloorsAboveGround"},"geometry":{"type":"Polygon","coordinates":[[[642070.053,4824433.7305],[642065.043,4824439.8805],[642070.4205,4824445.2365],[642080.3265,4824433.3845],[642074.433,4824428.3605],[642070.053,4824433.7305]]]}},{"type":"Feature","properties":{"id":"2250411PJ4225S_part2","floors":1,"height":3.1,"heightSource":"Catastro:numberOfFloorsAboveGround"},"geometry":{"type":"Polygon","coordinates":[[[642101.8035,4824425.471],[642106.0435,4824430.531],[642111.4435,4824426.001],[642107.2035,4824420.951],[642101.8035,4824425.471]]]}},{"type":"Feature","properties":{"id":"2250411PJ4225S_part3","floors":1,"height":3.1,"heightSource":"Catastro:numberOfFloorsAboveGround"},"geometry":{"type":"Polygon","coordinates":[[[642096.1235,4824410.831],[642092.9535,4824407.241],[642090.9535,4824408.991],[642093.9535,4824412.421],[642094.6135,4824412.151],[642096.1235,4824410.831]]]}},{"type":"Feature","properties":{"id":"2250411PJ4225S_part4","floors":1,"height":3.1,"heightSource":"Catastro:numberOfFloorsAboveGround"},"geometry":{"type":"Polygon","coordinates":[[[642086.2835,4824427.831],[642089.2235,4824430.181],[642089.6335,4824430.351],[642090.0635,4824430.441],[642090.5035,4824430.451],[642090.9435,4824430.391],[642091.7535,4824430.021],[642093.0835,4824428.831],[642089.5535,4824424.431],[642086.2835,4824427.831]]]}},{"type":"Feature","properties":{"id":"2250411PJ4225S_part5","floors":2,"height":6.2,"heightSource":"Catastro:numberOfFloorsAboveGround"},"geometry":{"type":"Polygon","coordinates":[[[642085.4135,4824419.271],[642087.9135,4824422.391],[642089.5535,4824424.431],[642093.0835,4824428.831],[642102.2135,4824420.821],[642094.6135,4824412.151],[642093.9535,4824412.421],[642088.8835,4824416.541],[642085.4135,4824419.271]]]}},{"type":"Feature","properties":{"id":"2250411PJ4225S_part6","floors":1,"height":3.1,"heightSource":"Catastro:numberOfFloorsAboveGround"},"geometry":{"type":"Polygon","coordinates":[[[642083.4835,4824420.681],[642085.9935,4824423.891],[642087.9135,4824422.391],[642085.4135,4824419.271],[642083.4835,4824420.681]]]}},{"type":"Feature","properties":{"id":"2250411PJ4225S_part7","floors":1,"height":3.1,"heightSource":"Catastro:numberOfFloorsAboveGround"},"geometry":{"type":"Polygon","coordinates":[[[642081.9835,4824418.521],[642083.4835,4824420.681],[642085.4135,4824419.271],[642088.8835,4824416.541],[642085.8435,4824413.021],[642081.9835,4824418.521]]]}},{"type":"Feature","properties":{"id":"2250411PJ4225S_part8","floors":1,"height":3.1,"heightSource":"Catastro:numberOfFloorsAboveGround"},"geometry":{"type":"Polygon","coordinates":[[[642081.8435,4824423.091],[642081.983,4824425.201],[642086.2835,4824427.831],[642089.5535,4824424.431],[642087.9135,4824422.391],[642085.9935,4824423.891],[642083.4835,4824420.681],[642082.3535,4824422.201],[642081.8435,4824423.091]]]}},{"type":"Feature","properties":{"id":"2250411PJ4225S_part9","floors":1,"height":3.1,"heightSource":"Catastro:numberOfFloorsAboveGround"},"geometry":{"type":"Polygon","coordinates":[[[642080.273,4824420.961],[642082.3535,4824422.201],[642083.4835,4824420.681],[642081.9835,4824418.521],[642080.273,4824420.961]]]}},{"type":"Feature","properties":{"id":"2250411PJ4225S_part10","floors":1,"height":3.1,"heightSource":"Catastro:numberOfFloorsAboveGround"},"geometry":{"type":"Polygon","coordinates":[[[642076.123,4824426.891],[642078.183,4824428.331],[642081.8435,4824423.091],[642082.3535,4824422.201],[642080.273,4824420.961],[642076.123,4824426.891]]]}},{"type":"Feature","properties":{"id":"2250413PJ4225S_part1","floors":1,"height":3.1,"heightSource":"Catastro:numberOfFloorsAboveGround"},"geometry":{"type":"Polygon","coordinates":[[[642051.16,4824397.32],[642048.99,4824401.66],[642050.961,4824403.361],[642053.711,4824400.201],[642051.16,4824397.32]]]}},{"type":"Feature","properties":{"id":"2250413PJ4225S_part2","floors":2,"height":6.2,"heightSource":"Catastro:numberOfFloorsAboveGround"},"geometry":{"type":"Polygon","coordinates":[[[642051.87,4824387.99],[642053.75,4824389.42],[642056.03,4824391.15],[642055.54,4824391.79],[642056.91,4824392.82],[642067.6835,4824378.6705],[642068.0135,4824378.2005],[642062.492,4824374.007],[642051.87,4824387.99]]]}},{"type":"Feature","properties":{"id":"2250426PJ4225S_part1","floors":4,"height":12.4,"heightSource":"Catastro:numberOfFloorsAboveGround"},"geometry":{"type":"Polygon","coordinates":[[[642147.1825,4824722.7715],[642146.8625,4824724.8515],[642148.0025,4824725.0315],[642148.3225,4824722.9515],[642147.7325,4824722.8615],[642147.1825,4824722.7715]]]}},{"type":"Feature","properties":{"id":"2250426PJ4225S_part3","floors":4,"height":12.4,"heightSource":"Catastro:numberOfFloorsAboveGround"},"geometry":{"type":"Polygon","coordinates":[[[642160.303,4824639.0015],[642159.983,4824641.0715],[642160.503,4824641.1515],[642161.063,4824641.2415],[642161.393,4824639.1615],[642160.303,4824639.0015]]]}},{"type":"Feature","properties":{"id":"2250426PJ4225S_part6","floors":1,"height":3.1,"heightSource":"Catastro:numberOfFloorsAboveGround"},"geometry":{"type":"Polygon","coordinates":[[[642159.213,4824653.241],[642159.983,4824653.3615],[642162.693,4824635.922],[642161.913,4824635.8015],[642161.393,4824639.1615],[642161.063,4824641.2415],[642160.764,4824643.839],[642160.683,4824644.5415],[642160.553,4824645.2215],[642160.053,4824647.8115],[642159.733,4824649.8815],[642159.213,4824653.241]]]}},{"type":"Feature","properties":{"id":"2250426PJ4225S_part8","floors":4,"height":12.4,"heightSource":"Catastro:numberOfFloorsAboveGround"},"geometry":{"type":"Polygon","coordinates":[[[642158.973,4824647.6415],[642158.653,4824649.7215],[642159.733,4824649.8815],[642160.053,4824647.8115],[642159.483,4824647.7215],[642158.973,4824647.6415]]]}},{"type":"Feature","properties":{"id":"2250426PJ4225S_part9","floors":1,"height":3.1,"heightSource":"Catastro:numberOfFloorsAboveGround"},"geometry":{"type":"Polygon","coordinates":[[[642159.124,4824670.5435],[642160.473,4824661.8715],[642162.843,4824662.242],[642161.493,4824670.922],[642159.613,4824670.6215],[642158.303,4824679.0715],[642167.743,4824680.542],[642174.4035,4824637.742],[642165.063,4824636.292],[642162.353,4824653.732],[642161.043,4824653.5315],[642160.153,4824659.2815],[642159.7615,4824661.7605],[642159.563,4824662.9015],[642159.273,4824664.9615],[642158.4245,4824670.4315],[642159.124,4824670.5435]]]}},{"type":"Feature","properties":{"id":"2250426PJ4225S_part10","floors":1,"height":3.1,"heightSource":"Catastro:numberOfFloorsAboveGround"},"geometry":{"type":"Polygon","coordinates":[[[642156.5965,4824670.139],[642154.973,4824680.6715],[642154.873,4824681.7515],[642154.793,4824682.2915],[642154.553,4824683.3615],[642152.8915,4824694.1185],[642153.516,4824694.215],[642157.2455,4824670.243],[642156.5965,4824670.139]]]}},{"type":"Feature","properties":{"id":"2250426PJ4225S_part11","floors":1,"height":3.1,"heightSource":"Catastro:numberOfFloorsAboveGround"},"geometry":{"type":"Polygon","coordinates":[[[642153.3225,4824711.6215],[642150.6325,4824728.9115],[642157.6125,4824730.0015],[642164.273,4824687.192],[642157.213,4824686.0915],[642155.8925,4824694.5815],[642157.7725,4824694.8715],[642156.4225,4824703.5515],[642154.0525,4824703.1815],[642155.408,4824694.507],[642154.606,4824694.383],[642153.7625,4824699.8715],[642153.4725,4824701.4015],[642153.4425,4824701.9315],[642153.3025,4824702.9715],[642153.0725,4824704.0015],[642152.8825,4824705.5515],[642151.977,4824711.4115],[642153.3225,4824711.6215]]]}},{"type":"Feature","properties":{"id":"2250426PJ4225S_part12","floors":3,"height":9.3,"heightSource":"Catastro:numberOfFloorsAboveGround"},"geometry":{"type":"Polygon","coordinates":[[[642153.393,4824641.9915],[642153.863,4824639.0315],[642149.663,4824638.3715],[642149.193,4824641.3415],[642153.393,4824641.9915]]]}},{"type":"Feature","properties":{"id":"2250426PJ4225S_part14","floors":4,"height":12.4,"heightSource":"Catastro:numberOfFloorsAboveGround"},"geometry":{"type":"Polygon","coordinates":[[[642148.5125,4824714.2215],[642148.1825,4824716.3115],[642148.7325,4824716.3915],[642149.3225,4824716.4815],[642149.6425,4824714.4015],[642148.5125,4824714.2215]]]}},{"type":"Feature","properties":{"id":"2250426PJ4225S_part16","floors":1,"height":3.1,"heightSource":"Catastro:numberOfFloorsAboveGround"},"geometry":{"type":"Polygon","coordinates":[[[642147.4725,4824728.4215],[642148.2625,4824728.5415],[642150.9525,4824711.2515],[642150.1465,4824711.1255],[642149.6425,4824714.4015],[642149.3225,4824716.4815],[642148.9125,4824718.8815],[642148.8225,4824719.7015],[642148.6625,4824720.5315],[642148.3225,4824722.9515],[642148.0025,4824725.0315],[642147.4725,4824728.4215]]]}},{"type":"Feature","properties":{"id":"2250426PJ4225S_part17","floors":2,"height":6.2,"heightSource":"Catastro:numberOfFloorsAboveGround"},"geometry":{"type":"Polygon","coordinates":[[[642154.933,4824634.1315],[642153.653,4824633.5415],[642152.753,4824633.2415],[642151.373,4824632.9315],[642150.433,4824632.8315],[642149.023,4824632.8215],[642147.613,4824633.0015],[642147.153,4824633.1015],[642146.253,4824633.3615],[642153.5435,4824634.4905],[642156.133,4824634.8915],[642154.933,4824634.1315]]]}},{"type":"Feature","properties":{"id":"2250426PJ4225S_part18","floors":3,"height":9.3,"heightSource":"Catastro:numberOfFloorsAboveGround"},"geometry":{"type":"Polygon","coordinates":[[[642150.313,4824661.7615],[642146.123,4824661.1015],[642145.6625,4824664.0715],[642149.853,4824664.7215],[642150.313,4824661.7615]]]}},{"type":"Feature","properties":{"id":"2250426PJ4225S_part19","floors":3,"height":9.3,"heightSource":"Catastro:numberOfFloorsAboveGround"},"geometry":{"type":"Polygon","coordinates":[[[642148.4625,4824673.6415],[642144.2725,4824672.9815],[642143.8125,4824675.9515],[642148.0025,4824676.6015],[642148.4625,4824673.6415]]]}},{"type":"Feature","properties":{"id":"2250426PJ4225S_part20","floors":3,"height":9.3,"heightSource":"Catastro:numberOfFloorsAboveGround"},"geometry":{"type":"Polygon","coordinates":[[[642146.5725,4824685.8715],[642142.3725,4824685.2115],[642141.9125,4824688.1815],[642146.1125,4824688.8315],[642146.5725,4824685.8715]]]}},{"type":"Feature","properties":{"id":"2250426PJ4225S_part21","floors":3,"height":9.3,"heightSource":"Catastro:numberOfFloorsAboveGround"},"geometry":{"type":"Polygon","coordinates":[[[642144.3425,4824700.1915],[642144.8125,4824697.2315],[642140.6125,4824696.5715],[642140.1525,4824699.5415],[642144.3425,4824700.1915]]]}},{"type":"Feature","properties":{"id":"2250426PJ4225S_part22","floors":3,"height":9.3,"heightSource":"Catastro:numberOfFloorsAboveGround"},"geometry":{"type":"Polygon","coordinates":[[[642142.5825,4824711.5515],[642143.0425,4824708.5915],[642138.8425,4824707.9415],[642138.3825,4824710.9015],[642142.5825,4824711.5515]]]}},{"type":"Feature","properties":{"id":"2250426PJ4225S_part23","floors":3,"height":9.3,"heightSource":"Catastro:numberOfFloorsAboveGround"},"geometry":{"type":"Polygon","coordinates":[[[642140.8025,4824722.9215],[642141.2725,4824719.9615],[642137.0725,4824719.3115],[642136.6025,4824722.2715],[642140.8025,4824722.9215]]]}},{"type":"Feature","properties":{"id":"2250426PJ4225S_part24","floors":2,"height":6.2,"heightSource":"Catastro:numberOfFloorsAboveGround"},"geometry":{"type":"Polygon","coordinates":[[[642134.292,4824727.3415],[642135.642,4824727.7615],[642136.5725,4824727.9415],[642137.5125,4824728.0515],[642138.9225,4824728.0515],[642139.8625,4824727.9615],[642140.3225,4824727.8815],[642140.7925,4824727.7815],[642141.6925,4824727.5215],[642140.111,4824727.275],[642134.439,4824726.391],[642134.292,4824727.3415]]]}},{"type":"Feature","properties":{"id":"2250426PJ4225S_part26","floors":4,"height":12.4,"heightSource":"Catastro:numberOfFloorsAboveGround"},"geometry":{"type":"Polygon","coordinates":[[[642125.402,4824724.9815],[642127.682,4824725.3415],[642131.812,4824725.9815],[642134.439,4824726.391],[642140.111,4824727.275],[642141.6925,4824727.5215],[642147.4725,4824728.4215],[642148.0025,4824725.0315],[642146.8625,4824724.8515],[642147.1825,4824722.7715],[642147.7325,4824722.8615],[642148.1125,4824722.1115],[642148.4225,4824721.3415],[642148.6625,4824720.5315],[642148.8225,4824719.7015],[642148.9125,4824718.8815],[642148.9325,4824718.0515],[642148.8725,4824717.2115],[642148.7325,4824716.3915],[642148.1825,4824716.3115],[642148.5125,4824714.2215],[642149.6425,4824714.4015],[642150.1465,4824711.1255],[642150.9525,4824711.2515],[642151.977,4824711.4115],[642152.8825,4824705.5515],[642153.0725,4824704.0015],[642153.3025,4824702.9715],[642153.4425,4824701.9315],[642153.4725,4824701.4015],[642153.7625,4824699.8715],[642154.606,4824694.383],[642153.516,4824694.215],[642152.8915,4824694.1185],[642154.553,4824683.3615],[642154.793,4824682.2915],[642154.873,4824681.7515],[642154.973,4824680.6715],[642156.5965,4824670.139],[642157.2455,4824670.243],[642158.4245,4824670.4315],[642159.273,4824664.9615],[642158.913,4824664.9115],[642159.113,4824664.4215],[642159.563,4824662.9015],[642159.7615,4824661.7605],[642159.843,4824660.8115],[642159.833,4824659.7515],[642159.793,4824659.2315],[642160.153,4824659.2815],[642161.043,4824653.5315],[642159.983,4824653.3615],[642159.213,4824653.241],[642159.733,4824649.8815],[642158.653,4824649.7215],[642158.973,4824647.6415],[642159.483,4824647.7215],[642159.823,4824647.1315],[642160.123,4824646.5115],[642160.363,4824645.8715],[642160.553,4824645.2215],[642160.683,4824644.5415],[642160.764,4824643.839],[642160.783,4824643.1815],[642160.743,4824642.5015],[642160.653,4824641.8215],[642160.503,4824641.1515],[642159.983,4824641.0715],[642160.303,4824639.0015],[642161.393,4824639.1615],[642161.913,4824635.8015],[642156.133,4824634.8915],[642153.5435,4824634.4905],[642146.253,4824633.3615],[642139.823,4824632.3615],[642125.402,4824724.9815]],[[642137.0725,4824719.3115],[642141.2725,4824719.9615],[642140.8025,4824722.9215],[642136.6025,4824722.2715],[642137.0725,4824719.3115]],[[642138.8425,4824707.9415],[642143.0425,4824708.5915],[642142.5825,4824711.5515],[642138.3825,4824710.9015],[642138.8425,4824707.9415]],[[642140.6125,4824696.5715],[642144.8125,4824697.2315],[642144.3425,4824700.1915],[642140.1525,4824699.5415],[642140.6125,4824696.5715]],[[642141.9125,4824688.1815],[642142.3725,4824685.2115],[642146.5725,4824685.8715],[642146.1125,4824688.8315],[642141.9125,4824688.1815]],[[642143.8125,4824675.9515],[642144.2725,4824672.9815],[642148.4625,4824673.6415],[642148.0025,4824676.6015],[642143.8125,4824675.9515]],[[642145.6625,4824664.0715],[642146.123,4824661.1015],[642150.313,4824661.7615],[642149.853,4824664.7215],[642145.6625,4824664.0715]],[[642147.433,4824652.7015],[642147.893,4824649.7315],[642152.093,4824650.3915],[642151.633,4824653.3515],[642147.433,4824652.7015]],[[642149.663,4824638.3715],[642153.863,4824639.0315],[642153.393,4824641.9915],[642149.193,4824641.3415],[642149.663,4824638.3715]]]}},{"type":"Feature","properties":{"id":"2250426PJ4225S_part27","floors":4,"height":12.4,"heightSource":"Catastro:numberOfFloorsAboveGround"},"geometry":{"type":"Polygon","coordinates":[[[642123.512,4824724.6915],[642125.402,4824724.9815],[642139.823,4824632.3615],[642137.943,4824632.0715],[642133.4925,4824660.6615],[642131.6425,4824672.5315],[642129.7325,4824684.7615],[642127.9625,4824696.1215],[642123.512,4824724.6915]]]}},{"type":"Feature","properties":{"id":"2250426PJ4225S_part28","floors":1,"height":3.1,"heightSource":"Catastro:numberOfFloorsAboveGround"},"geometry":{"type":"Polygon","coordinates":[[[642101.25,4824722.296],[642101.25,4824748.585],[642113.842,4824745.698],[642114.026,4824724.2],[642101.25,4824722.296]]]}},{"type":"Feature","properties":{"id":"2250426PJ4225S_part29","floors":1,"height":3.1,"heightSource":"Catastro:numberOfFloorsAboveGround"},"geometry":{"type":"Polygon","coordinates":[[[642121.4195,4824647.912],[642122.139,4824631.665],[642091.7165,4824630.317],[642090.9735,4824647.087],[642121.4195,4824647.912]]]}},{"type":"Feature","properties":{"id":"2250426PJ4225S_part30","floors":3,"height":9.3,"heightSource":"Catastro:numberOfFloorsAboveGround"},"geometry":{"type":"Polygon","coordinates":[[[642152.093,4824650.3915],[642147.893,4824649.7315],[642147.433,4824652.7015],[642151.633,4824653.3515],[642152.093,4824650.3915]]]}},{"type":"Feature","properties":{"id":"2253101PJ4225S_part1","floors":2,"height":6.2,"heightSource":"Catastro:numberOfFloorsAboveGround"},"geometry":{"type":"Polygon","coordinates":[[[642017.7185,4825119.3405],[642016.1985,4825126.0705],[642029.8985,4825129.1705],[642031.3885,4825122.4305],[642017.7185,4825119.3405]]]}},{"type":"Feature","properties":{"id":"2253101PJ4225S_part2","floors":1,"height":3.1,"heightSource":"Catastro:numberOfFloorsAboveGround"},"geometry":{"type":"Polygon","coordinates":[[[642013.7385,4825125.5605],[642014.6985,4825120.4705],[642012.7385,4825120.0405],[642012.3385,4825120.2105],[642011.578,4825125.1505],[642013.7385,4825125.5605]]]}},{"type":"Feature","properties":{"id":"2253102PJ4225S_part1","floors":2,"height":6.2,"heightSource":"Catastro:numberOfFloorsAboveGround"},"geometry":{"type":"Polygon","coordinates":[[[642044.9285,4825135.391],[642045.3085,4825133.661],[642046.6685,4825127.601],[642047.2185,4825125.171],[642046.6785,4825125.051],[642047.1785,4825122.791],[642042.1885,4825121.6605],[642041.6785,4825123.9005],[642037.8985,4825123.0105],[642035.9485,4825131.6105],[642035.5785,4825133.2805],[642044.9285,4825135.391]]]}},{"type":"Feature","properties":{"id":"2253103PJ4225S_part1","floors":2,"height":6.2,"heightSource":"Catastro:numberOfFloorsAboveGround"},"geometry":{"type":"Polygon","coordinates":[[[642067.909,4825140.811],[642069.899,4825132.161],[642070.019,4825131.671],[642069.689,4825131.591],[642064.369,4825130.371],[642065.249,4825126.561],[642055.229,4825124.261],[642054.099,4825129.001],[642052.5285,4825135.691],[642060.189,4825137.491],[642059.849,4825138.941],[642064.049,4825139.931],[642063.589,4825141.881],[642066.449,4825142.561],[642066.919,4825140.581],[642067.909,4825140.811]]]}},{"type":"Feature","properties":{"id":"2253104PJ4225S_part1","floors":2,"height":6.2,"heightSource":"Catastro:numberOfFloorsAboveGround"},"geometry":{"type":"Polygon","coordinates":[[[642108.9495,4825137.0015],[642095.1595,4825133.8215],[642094.8495,4825135.3815],[642094.6995,4825136.1815],[642093.8695,4825135.9915],[642091.769,4825144.901],[642097.1695,4825146.1815],[642097.4595,4825144.9515],[642106.6195,4825147.0715],[642108.8795,4825137.2815],[642108.9495,4825137.0015]]]}},{"type":"Feature","properties":{"id":"2346401PJ4224N_part1","floors":1,"height":3.1,"heightSource":"Catastro:numberOfFloorsAboveGround"},"geometry":{"type":"Polygon","coordinates":[[[642199.134,4824542.732],[642208.5645,4824538.862],[642205.0245,4824530.232],[642196.434,4824533.752],[642197.394,4824536.092],[642196.554,4824536.442],[642199.134,4824542.732]]]}},{"type":"Feature","properties":{"id":"2346402PJ4224N_part1","floors":2,"height":6.2,"heightSource":"Catastro:numberOfFloorsAboveGround"},"geometry":{"type":"Polygon","coordinates":[[[642206.9945,4824501.212],[642208.2705,4824503.7585],[642216.239,4824499.774],[642214.9545,4824497.212],[642209.7685,4824499.809],[642206.9945,4824501.212]]]}},{"type":"Feature","properties":{"id":"2346402PJ4224N_part2","floors":1,"height":3.1,"heightSource":"Catastro:numberOfFloorsAboveGround"},"geometry":{"type":"Polygon","coordinates":[[[642228.0645,4824525.4425],[642228.458,4824526.098],[642231.1545,4824530.6025],[642236.135,4824527.6125],[642235.745,4824526.9725],[642233.2345,4824522.3325],[642228.0645,4824525.4425]]]}},{"type":"Feature","properties":{"id":"2346402PJ4224N_part3","floors":1,"height":3.1,"heightSource":"Catastro:numberOfFloorsAboveGround"},"geometry":{"type":"Polygon","coordinates":[[[642221.7045,4824530.2145],[642224.437,4824534.697],[642231.1545,4824530.6025],[642228.458,4824526.098],[642221.7045,4824530.2145]]]}},{"type":"Feature","properties":{"id":"2346402PJ4224N_part4","floors":2,"height":6.2,"heightSource":"Catastro:numberOfFloorsAboveGround"},"geometry":{"type":"Polygon","coordinates":[[[642211.338,4824509.877],[642212.6045,4824512.402],[642220.5645,4824508.4025],[642219.409,4824506.0975],[642211.338,4824509.877]]]}},{"type":"Feature","properties":{"id":"2346402PJ4224N_part5","floors":3,"height":9.3,"heightSource":"Catastro:numberOfFloorsAboveGround"},"geometry":{"type":"Polygon","coordinates":[[[642208.2705,4824503.7585],[642211.338,4824509.877],[642219.409,4824506.0975],[642216.239,4824499.774],[642208.2705,4824503.7585]]]}},{"type":"Feature","properties":{"id":"2346402PJ4224N_part6","floors":1,"height":3.1,"heightSource":"Catastro:numberOfFloorsAboveGround"},"geometry":{"type":"Polygon","coordinates":[[[642213.162,4824493.636],[642207.977,4824496.2355],[642209.7685,4824499.809],[642214.9545,4824497.212],[642213.162,4824493.636]]]}},{"type":"Feature","properties":{"id":"2346403PJ4224N_part1","floors":2,"height":6.2,"heightSource":"Catastro:numberOfFloorsAboveGround"},"geometry":{"type":"Polygon","coordinates":[[[642235.115,4824499.4725],[642232.695,4824500.7225],[642226.285,4824504.0425],[642230.245,4824511.7025],[642239.155,4824507.2825],[642238.805,4824506.6125],[642237.715,4824504.5025],[642235.115,4824499.4725]]]}},{"type":"Feature","properties":{"id":"2346403PJ4224N_part2","floors":1,"height":3.1,"heightSource":"Catastro:numberOfFloorsAboveGround"},"geometry":{"type":"Polygon","coordinates":[[[642236.135,4824527.6125],[642241.1725,4824524.965],[642240.615,4824523.9925],[642238.025,4824519.4725],[642233.2345,4824522.3325],[642235.745,4824526.9725],[642236.135,4824527.6125]]]}},{"type":"Feature","properties":{"id":"2346405PJ4224N_part1","floors":1,"height":3.1,"heightSource":"Catastro:numberOfFloorsAboveGround"},"geometry":{"type":"Polygon","coordinates":[[[642258.4055,4824434.4925],[642254.4555,4824438.2525],[642255.9855,4824442.0525],[642260.4735,4824440.01],[642258.5955,4824435.4825],[642258.7665,4824435.36],[642258.4055,4824434.4925]]]}},{"type":"Feature","properties":{"id":"2346405PJ4224N_part2","floors":1,"height":3.1,"heightSource":"Catastro:numberOfFloorsAboveGround"},"geometry":{"type":"Polygon","coordinates":[[[642251.7855,4824445.636],[642256.766,4824456.9045],[642262.6565,4824454.301],[642257.6755,4824443.0325],[642251.7855,4824445.636]]]}},{"type":"Feature","properties":{"id":"2346406PJ4224N_part1","floors":3,"height":9.3,"heightSource":"Catastro:numberOfFloorsAboveGround"},"geometry":{"type":"Polygon","coordinates":[[[642242.7455,4824426.9925],[642242.0755,4824427.6825],[642239.8755,4824429.9625],[642239.2655,4824430.5825],[642247.0655,4824438.1525],[642247.3855,4824437.8325],[642250.4155,4824434.7025],[642255.6355,4824429.3325],[642247.8355,4824421.7625],[642243.3055,4824426.4125],[642242.7455,4824426.9925]]]}},{"type":"Feature","properties":{"id":"2346407PJ4224N_part1","floors":3,"height":9.3,"heightSource":"Catastro:numberOfFloorsAboveGround"},"geometry":{"type":"Polygon","coordinates":[[[642227.695,4824442.0925],[642235.035,4824449.5225],[642238.5655,4824446.0025],[642243.3855,4824441.2625],[642236.0455,4824433.8325],[642231.215,4824438.6125],[642229.935,4824439.8825],[642227.695,4824442.0925]]]}},{"type":"Feature","properties":{"id":"2346409PJ4224N_part1","floors":1,"height":3.1,"heightSource":"Catastro:numberOfFloorsAboveGround"},"geometry":{"type":"Polygon","coordinates":[[[642196.8,4824451.81],[642200.56,4824457.71],[642202.42,4824456.52],[642198.65,4824450.62],[642196.8,4824451.81]]]}},{"type":"Feature","properties":{"id":"2346409PJ4224N_part2","floors":1,"height":3.1,"heightSource":"Catastro:numberOfFloorsAboveGround"},"geometry":{"type":"Polygon","coordinates":[[[642206.54,4824450.33],[642204.38,4824446.96],[642202.53,4824448.15],[642206.29,4824454.05],[642208.15,4824452.86],[642209.355,4824454.762],[642214.285,4824451.562],[642211.2225,4824447.338],[642206.54,4824450.33]]]}},{"type":"Feature","properties":{"id":"2346409PJ4224N_part3","floors":2,"height":6.2,"heightSource":"Catastro:numberOfFloorsAboveGround"},"geometry":{"type":"Polygon","coordinates":[[[642198.65,4824450.62],[642202.42,4824456.52],[642206.29,4824454.05],[642202.53,4824448.15],[642198.65,4824450.62]]]}},{"type":"Feature","properties":{"id":"2346410PJ4224N_part1","floors":1,"height":3.1,"heightSource":"Catastro:numberOfFloorsAboveGround"},"geometry":{"type":"Polygon","coordinates":[[[642171.635,4824439.32],[642168.389,4824441.03],[642171.0845,4824445.782],[642174.0445,4824444.222],[642174.1815,4824444.151],[642171.635,4824439.32]]]}},{"type":"Feature","properties":{"id":"2346410PJ4224N_part2","floors":1,"height":3.1,"heightSource":"Catastro:numberOfFloorsAboveGround"},"geometry":{"type":"Polygon","coordinates":[[[642182.7755,4824436.825],[642177.004,4824426.9245],[642174.395,4824428.4455],[642180.1665,4824438.346],[642182.7755,4824436.825]]]}},{"type":"Feature","properties":{"id":"2346410PJ4224N_part3","floors":2,"height":6.2,"heightSource":"Catastro:numberOfFloorsAboveGround"},"geometry":{"type":"Polygon","coordinates":[[[642172.6675,4824429.4525],[642178.4385,4824439.3535],[642180.1665,4824438.346],[642174.395,4824428.4455],[642172.6675,4824429.4525]]]}},{"type":"Feature","properties":{"id":"2346410PJ4224N_part4","floors":1,"height":3.1,"heightSource":"Catastro:numberOfFloorsAboveGround"},"geometry":{"type":"Polygon","coordinates":[[[642170.0755,4824430.963],[642175.847,4824440.864],[642178.4385,4824439.3535],[642172.6675,4824429.4525],[642170.0755,4824430.963]]]}},{"type":"Feature","properties":{"id":"2346411PJ4224N_part1","floors":1,"height":3.1,"heightSource":"Catastro:numberOfFloorsAboveGround"},"geometry":{"type":"Polygon","coordinates":[[[642168.1345,4824440.5815],[642166.9345,4824441.2515],[642168.6145,4824444.2315],[642167.8945,4824444.6515],[642169.1145,4824446.8415],[642171.0845,4824445.782],[642168.1345,4824440.5815]]]}},{"type":"Feature","properties":{"id":"2346411PJ4224N_part2","floors":2,"height":6.2,"heightSource":"Catastro:numberOfFloorsAboveGround"},"geometry":{"type":"Polygon","coordinates":[[[642159.394,4824437.9415],[642156.194,4824439.7115],[642156.844,4824440.8815],[642158.324,4824443.5015],[642161.124,4824448.4615],[642164.094,4824446.7915],[642159.394,4824437.9415]]]}},{"type":"Feature","properties":{"id":"2346411PJ4224N_part3","floors":1,"height":3.1,"heightSource":"Catastro:numberOfFloorsAboveGround"},"geometry":{"type":"Polygon","coordinates":[[[642168.6145,4824444.2315],[642166.9345,4824441.2515],[642162.6345,4824433.6315],[642158.444,4824436.0015],[642159.394,4824437.9415],[642164.094,4824446.7915],[642167.8945,4824444.6515],[642168.6145,4824444.2315]]]}},{"type":"Feature","properties":{"id":"2346412PJ4224N_part1","floors":1,"height":3.1,"heightSource":"Catastro:numberOfFloorsAboveGround"},"geometry":{"type":"Polygon","coordinates":[[[642189.1945,4824440.572],[642187.4245,4824437.232],[642182.2445,4824439.622],[642183.8545,4824443.102],[642185.5145,4824442.312],[642187.1945,4824441.522],[642189.1945,4824440.572]]]}},{"type":"Feature","properties":{"id":"2346412PJ4224N_part2","floors":1,"height":3.1,"heightSource":"Catastro:numberOfFloorsAboveGround"},"geometry":{"type":"Polygon","coordinates":[[[642180.5145,4824455.272],[642179.6145,4824453.662],[642178.7145,4824452.062],[642175.2845,4824445.932],[642166.184,4824451.0215],[642163.864,4824452.3215],[642167.314,4824458.4415],[642169.124,4824461.6515],[642171.1345,4824460.522],[642178.9645,4824456.142],[642180.5145,4824455.272]]]}},{"type":"Feature","properties":{"id":"2346415PJ4224N_part1","floors":2,"height":6.2,"heightSource":"Catastro:numberOfFloorsAboveGround"},"geometry":{"type":"Polygon","coordinates":[[[642181.4225,4824505.6075],[642190.0315,4824501.59],[642185.8025,4824492.5285],[642177.1935,4824496.546],[642181.4225,4824505.6075]]]}},{"type":"Feature","properties":{"id":"2346416PJ4224N_part1","floors":1,"height":3.1,"heightSource":"Catastro:numberOfFloorsAboveGround"},"geometry":{"type":"Polygon","coordinates":[[[642231.645,4824494.1725],[642228.305,4824486.4625],[642221.125,4824489.5725],[642219.4645,4824490.2925],[642222.8045,4824497.9925],[642227.675,4824495.8925],[642231.645,4824494.1725]]]}},{"type":"Feature","properties":{"id":"2346417PJ4224N_part1","floors":1,"height":3.1,"heightSource":"Catastro:numberOfFloorsAboveGround"},"geometry":{"type":"Polygon","coordinates":[[[642215.515,4824475.442],[642213.795,4824472.342],[642210.7345,4824474.032],[642205.8045,4824465.122],[642203.0945,4824466.582],[642209.7545,4824478.632],[642215.515,4824475.442]]]}},{"type":"Feature","properties":{"id":"2346417PJ4224N_part2","floors":1,"height":3.1,"heightSource":"Catastro:numberOfFloorsAboveGround"},"geometry":{"type":"Polygon","coordinates":[[[642201.7245,4824463.992],[642206.6045,4824461.292],[642204.6645,4824457.912],[642201.0145,4824460.352],[642200.1245,4824460.952],[642201.4945,4824463.552],[642201.6145,4824463.772],[642201.7245,4824463.992]]]}},{"type":"Feature","properties":{"id":"2346418PJ4224N_part1","floors":2,"height":6.2,"heightSource":"Catastro:numberOfFloorsAboveGround"},"geometry":{"type":"Polygon","coordinates":[[[642201.3745,4824489.712],[642202.8645,4824489.002],[642208.2645,4824486.422],[642209.2645,4824485.942],[642204.0245,4824474.962],[642196.1345,4824478.732],[642199.8045,4824486.422],[642200.5845,4824488.052],[642201.3745,4824489.712]]]}},{"type":"Feature","properties":{"id":"2346421PJ4224N_part1","floors":1,"height":3.1,"heightSource":"Catastro:numberOfFloorsAboveGround"},"geometry":{"type":"Polygon","coordinates":[[[642287.62,4824506.38],[642287.99,4824507.78],[642285.47,4824508.44],[642286.64025,4824512.88395],[642290.638,4824512.6455],[642290.6255,4824512.623],[642288.8155,4824507.553],[642288.24555,4824506.2119],[642287.62,4824506.38]]]}},{"type":"Feature","properties":{"id":"2346421PJ4224N_part2","floors":1,"height":3.1,"heightSource":"Catastro:numberOfFloorsAboveGround"},"geometry":{"type":"Polygon","coordinates":[[[642274.6255,4824504.783],[642274.9455,4824505.543],[642276.6555,4824509.603],[642285.4655,4824505.903],[642281.7955,4824497.163],[642274.9455,4824500.043],[642271.3555,4824501.553],[642273.0055,4824505.473],[642274.6255,4824504.783]]]}},{"type":"Feature","properties":{"id":"2348809PJ4224N_part1","floors":3,"height":9.3,"heightSource":"Catastro:numberOfFloorsAboveGround"},"geometry":{"type":"Polygon","coordinates":[[[642246.6545,4824584.7625],[642249.6445,4824584.5625],[642250.5545,4824598.4825],[642246.3545,4824598.7525],[642246.3945,4824599.3525],[642249.7445,4824599.1325],[642250.9845,4824599.0525],[642250.4145,4824590.5725],[642250.6645,4824590.5525],[642250.3745,4824586.3125],[642250.1945,4824583.7725],[642246.6045,4824584.0125],[642246.6545,4824584.7625]]]}},{"type":"Feature","properties":{"id":"2348809PJ4224N_part2","floors":3,"height":9.3,"heightSource":"Catastro:numberOfFloorsAboveGround"},"geometry":{"type":"Polygon","coordinates":[[[642246.1545,4824599.3725],[642246.2545,4824600.8825],[642249.8445,4824600.6325],[642249.7445,4824599.1325],[642246.3945,4824599.3525],[642246.1545,4824599.3725]]]}},{"type":"Feature","properties":{"id":"2348809PJ4224N_part3","floors":3,"height":9.3,"heightSource":"Catastro:numberOfFloorsAboveGround"},"geometry":{"type":"Polygon","coordinates":[[[642244.8245,4824560.8625],[642245.4845,4824562.2125],[642248.8045,4824560.5625],[642248.1345,4824559.2225],[642244.8245,4824560.8625]]]}},{"type":"Feature","properties":{"id":"2348809PJ4224N_part4","floors":4,"height":12.4,"heightSource":"Catastro:numberOfFloorsAboveGround"},"geometry":{"type":"Polygon","coordinates":[[[642246.2845,4824597.7525],[642243.4945,4824597.9325],[642243.5945,4824599.5525],[642246.1545,4824599.3725],[642246.3945,4824599.3525],[642246.3545,4824598.7525],[642246.2845,4824597.7525]]]}},{"type":"Feature","properties":{"id":"2348809PJ4224N_part5","floors":3,"height":9.3,"heightSource":"Catastro:numberOfFloorsAboveGround"},"geometry":{"type":"Polygon","coordinates":[[[642243.675,4824544.5825],[642243.1445,4824544.8425],[642245.585,4824549.7625],[642246.115,4824549.5025],[642243.675,4824544.5825]]]}},{"type":"Feature","properties":{"id":"2348809PJ4224N_part6","floors":3,"height":9.3,"heightSource":"Catastro:numberOfFloorsAboveGround"},"geometry":{"type":"Polygon","coordinates":[[[642242.1545,4824545.3325],[642243.7045,4824548.4625],[642243.3445,4824548.6425],[642244.2345,4824550.4325],[642244.5045,4824550.3025],[642245.585,4824549.7625],[642243.1445,4824544.8425],[642242.1545,4824545.3325]]]}},{"type":"Feature","properties":{"id":"2348809PJ4224N_part7","floors":4,"height":12.4,"heightSource":"Catastro:numberOfFloorsAboveGround"},"geometry":{"type":"Polygon","coordinates":[[[642242.1045,4824584.3225],[642242.2145,4824585.9925],[642245.0045,4824585.8125],[642244.8945,4824584.1325],[642242.1045,4824584.3225]]]}},{"type":"Feature","properties":{"id":"2348809PJ4224N_part8","floors":3,"height":9.3,"heightSource":"Catastro:numberOfFloorsAboveGround"},"geometry":{"type":"Polygon","coordinates":[[[642245.1045,4824582.6125],[642241.5145,4824582.8525],[642241.6145,4824584.3525],[642242.1045,4824584.3225],[642244.8945,4824584.1325],[642245.2045,4824584.1125],[642245.1045,4824582.6125]]]}},{"type":"Feature","properties":{"id":"2348809PJ4224N_part9","floors":3,"height":9.3,"heightSource":"Catastro:numberOfFloorsAboveGround"},"geometry":{"type":"Polygon","coordinates":[[[642234.0845,4824600.2025],[642234.1845,4824601.6925],[642241.3645,4824601.2025],[642241.2645,4824599.7025],[642240.5045,4824599.7625],[642234.0845,4824600.2025]]]}},{"type":"Feature","properties":{"id":"2348809PJ4224N_part10","floors":4,"height":12.4,"heightSource":"Catastro:numberOfFloorsAboveGround"},"geometry":{"type":"Polygon","coordinates":[[[642233.5345,4824584.9025],[642233.5745,4824585.4625],[642233.6445,4824586.5625],[642236.4445,4824586.3725],[642236.3345,4824584.7125],[642233.5345,4824584.9025]]]}},{"type":"Feature","properties":{"id":"2348809PJ4224N_part11","floors":3,"height":9.3,"heightSource":"Catastro:numberOfFloorsAboveGround"},"geometry":{"type":"Polygon","coordinates":[[[642233.2445,4824549.7425],[642233.7745,4824550.8325],[642235.5745,4824549.9425],[642235.1245,4824549.0425],[642237.9045,4824547.6725],[642238.3045,4824548.4825],[642241.2545,4824547.0225],[642242.3145,4824549.1525],[642243.3445,4824548.6425],[642243.7045,4824548.4625],[642242.1545,4824545.3325],[642242.0645,4824545.3725],[642238.8345,4824546.9725],[642233.2445,4824549.7425]]]}},{"type":"Feature","properties":{"id":"2348809PJ4224N_part12","floors":3,"height":9.3,"heightSource":"Catastro:numberOfFloorsAboveGround"},"geometry":{"type":"Polygon","coordinates":[[[642243.4345,4824550.8325],[642247.0045,4824558.0525],[642244.1745,4824559.4525],[642244.7045,4824560.5225],[642240.1845,4824562.7625],[642240.0945,4824562.5825],[642236.4145,4824564.4025],[642236.1445,4824563.8625],[642232.8345,4824565.5125],[642233.3445,4824566.5425],[642244.8245,4824560.8625],[642248.1345,4824559.2225],[642248.7645,4824558.9125],[642244.5045,4824550.3025],[642244.2345,4824550.4325],[642243.4345,4824550.8325]]]}},{"type":"Feature","properties":{"id":"2348809PJ4224N_part13","floors":3,"height":9.3,"heightSource":"Catastro:numberOfFloorsAboveGround"},"geometry":{"type":"Polygon","coordinates":[[[642240.4745,4824599.3525],[642232.0045,4824599.9125],[642232.0345,4824600.3425],[642234.0845,4824600.2025],[642240.5045,4824599.7625],[642240.4745,4824599.3525]]]}},{"type":"Feature","properties":{"id":"2348809PJ4224N_part14","floors":3,"height":9.3,"heightSource":"Catastro:numberOfFloorsAboveGround"},"geometry":{"type":"Polygon","coordinates":[[[642231.0945,4824550.8125],[642231.6245,4824551.8925],[642231.7745,4824552.2025],[642233.9345,4824551.1425],[642233.7745,4824550.8325],[642233.2445,4824549.7425],[642231.0945,4824550.8125]]]}},{"type":"Feature","properties":{"id":"2348809PJ4224N_part15","floors":3,"height":9.3,"heightSource":"Catastro:numberOfFloorsAboveGround"},"geometry":{"type":"Polygon","coordinates":[[[642232.6745,4824565.1925],[642230.5245,4824566.2625],[642230.9245,4824567.0625],[642231.1945,4824567.6025],[642231.2845,4824567.5625],[642233.3445,4824566.5425],[642232.8345,4824565.5125],[642232.6745,4824565.1925]]]}},{"type":"Feature","properties":{"id":"2348809PJ4224N_part16","floors":4,"height":12.4,"heightSource":"Catastro:numberOfFloorsAboveGround"},"geometry":{"type":"Polygon","coordinates":[[[642231.9245,4824598.7025],[642229.1345,4824598.8825],[642229.244,4824600.5325],[642232.0345,4824600.3425],[642232.0045,4824599.9125],[642231.9245,4824598.7025]]]}},{"type":"Feature","properties":{"id":"2348809PJ4224N_part17","floors":3,"height":9.3,"heightSource":"Catastro:numberOfFloorsAboveGround"},"geometry":{"type":"Polygon","coordinates":[[[642232.5845,4824583.4625],[642228.9945,4824583.7125],[642229.0945,4824585.2025],[642232.6845,4824584.9625],[642232.5845,4824583.4625]]]}},{"type":"Feature","properties":{"id":"2348809PJ4224N_part18","floors":4,"height":12.4,"heightSource":"Catastro:numberOfFloorsAboveGround"},"geometry":{"type":"Polygon","coordinates":[[[642227.7945,4824585.2925],[642227.8345,4824585.8425],[642233.5745,4824585.4625],[642233.5345,4824584.9025],[642232.6845,4824584.9625],[642229.0945,4824585.2025],[642227.7945,4824585.2925]]]}},{"type":"Feature","properties":{"id":"2348809PJ4224N_part19","floors":3,"height":9.3,"heightSource":"Catastro:numberOfFloorsAboveGround"},"geometry":{"type":"Polygon","coordinates":[[[642225.3545,4824553.6525],[642225.8845,4824554.7325],[642231.6245,4824551.8925],[642231.0945,4824550.8125],[642229.4345,4824551.6325],[642226.2045,4824553.2325],[642225.3545,4824553.6525]]]}},{"type":"Feature","properties":{"id":"2348809PJ4224N_part20","floors":3,"height":9.3,"heightSource":"Catastro:numberOfFloorsAboveGround"},"geometry":{"type":"Polygon","coordinates":[[[642224.8345,4824570.7625],[642225.4945,4824572.1025],[642231.9445,4824568.9125],[642231.2845,4824567.5625],[642231.1945,4824567.6025],[642225.0045,4824570.6725],[642224.8345,4824570.7625]]]}},{"type":"Feature","properties":{"id":"2348809PJ4224N_part21","floors":3,"height":9.3,"heightSource":"Catastro:numberOfFloorsAboveGround"},"geometry":{"type":"Polygon","coordinates":[[[642224.7345,4824570.1225],[642225.0045,4824570.6725],[642231.1945,4824567.6025],[642230.9245,4824567.0625],[642224.7345,4824570.1225]]]}},{"type":"Feature","properties":{"id":"2348809PJ4224N_part22","floors":4,"height":12.4,"heightSource":"Catastro:numberOfFloorsAboveGround"},"geometry":{"type":"Polygon","coordinates":[[[642225.034,4824599.1425],[642222.244,4824599.3325],[642222.334,4824600.6725],[642222.354,4824601.0025],[642225.144,4824600.8125],[642225.034,4824599.1425]]]}},{"type":"Feature","properties":{"id":"2348809PJ4224N_part23","floors":3,"height":9.3,"heightSource":"Catastro:numberOfFloorsAboveGround"},"geometry":{"type":"Polygon","coordinates":[[[642224.3445,4824569.3325],[642222.1945,4824570.3925],[642222.3445,4824570.7025],[642222.8545,4824571.7425],[642224.8345,4824570.7625],[642225.0045,4824570.6725],[642224.7345,4824570.1225],[642224.3445,4824569.3325]]]}},{"type":"Feature","properties":{"id":"2348809PJ4224N_part24","floors":3,"height":9.3,"heightSource":"Catastro:numberOfFloorsAboveGround"},"geometry":{"type":"Polygon","coordinates":[[[642224.5045,4824584.0125],[642220.914,4824584.2525],[642221.014,4824585.7525],[642224.6045,4824585.5125],[642224.5045,4824584.0125]]]}},{"type":"Feature","properties":{"id":"2348809PJ4224N_part25","floors":3,"height":9.3,"heightSource":"Catastro:numberOfFloorsAboveGround"},"geometry":{"type":"Polygon","coordinates":[[[642220.1545,4824556.2325],[642220.5945,4824557.1225],[642220.8145,4824557.5725],[642223.3345,4824556.3225],[642222.6645,4824554.9825],[642221.9845,4824555.3225],[642220.1545,4824556.2325]]]}},{"type":"Feature","properties":{"id":"2348809PJ4224N_part26","floors":3,"height":9.3,"heightSource":"Catastro:numberOfFloorsAboveGround"},"geometry":{"type":"Polygon","coordinates":[[[642218.714,4824601.2425],[642218.814,4824602.7425],[642222.404,4824602.4925],[642222.304,4824601.0025],[642218.714,4824601.2425]]]}},{"type":"Feature","properties":{"id":"2348809PJ4224N_part27","floors":3,"height":9.3,"heightSource":"Catastro:numberOfFloorsAboveGround"},"geometry":{"type":"Polygon","coordinates":[[[642214.894,4824574.3925],[642215.414,4824575.4225],[642222.8545,4824571.7425],[642222.3445,4824570.7025],[642214.894,4824574.3925]]]}},{"type":"Feature","properties":{"id":"2348809PJ4224N_part28","floors":3,"height":9.3,"heightSource":"Catastro:numberOfFloorsAboveGround"},"geometry":{"type":"Polygon","coordinates":[[[642209.994,4824572.352],[642211.574,4824575.542],[642212.154,4824576.702],[642212.284,4824576.972],[642215.414,4824575.4225],[642214.894,4824574.3925],[642213.124,4824570.8025],[642211.334,4824571.692],[642209.994,4824572.352]]]}},{"type":"Feature","properties":{"id":"2348809PJ4224N_part29","floors":3,"height":9.3,"heightSource":"Catastro:numberOfFloorsAboveGround"},"geometry":{"type":"Polygon","coordinates":[[[642209.484,4824601.872],[642209.584,4824603.372],[642213.174,4824603.1225],[642213.074,4824601.6225],[642209.484,4824601.872]]]}},{"type":"Feature","properties":{"id":"2348809PJ4224N_part30","floors":3,"height":9.3,"heightSource":"Catastro:numberOfFloorsAboveGround"},"geometry":{"type":"Polygon","coordinates":[[[642213.054,4824601.2725],[642213.024,4824600.8225],[642209.424,4824601.062],[642209.484,4824601.872],[642213.074,4824601.6225],[642218.714,4824601.2425],[642222.304,4824601.0025],[642222.354,4824601.0025],[642222.334,4824600.6725],[642213.054,4824601.2725]]]}},{"type":"Feature","properties":{"id":"2348809PJ4224N_part31","floors":4,"height":12.4,"heightSource":"Catastro:numberOfFloorsAboveGround"},"geometry":{"type":"Polygon","coordinates":[[[642208.984,4824594.592],[642209.094,4824596.152],[642209.424,4824601.062],[642213.024,4824600.8225],[642213.054,4824601.2725],[642222.334,4824600.6725],[642222.244,4824599.3325],[642225.034,4824599.1425],[642225.144,4824600.8125],[642229.244,4824600.5325],[642229.1345,4824598.8825],[642231.9245,4824598.7025],[642232.0045,4824599.9125],[642240.4745,4824599.3525],[642240.5045,4824599.7625],[642241.2645,4824599.7025],[642243.5945,4824599.5525],[642243.4945,4824597.9325],[642246.2845,4824597.7525],[642246.3545,4824598.7525],[642250.5545,4824598.4825],[642249.6445,4824584.5625],[642246.6545,4824584.7625],[642246.6045,4824584.0125],[642245.2045,4824584.1125],[642244.8945,4824584.1325],[642245.0045,4824585.8125],[642242.2145,4824585.9925],[642242.1045,4824584.3225],[642241.6145,4824584.3525],[642236.3345,4824584.7125],[642236.4445,4824586.3725],[642233.6445,4824586.5625],[642233.5745,4824585.4625],[642227.8345,4824585.8425],[642227.7945,4824585.2925],[642225.6545,4824585.4325],[642225.6745,4824585.7825],[642210.214,4824586.792],[642210.714,4824594.472],[642209.234,4824594.572],[642208.984,4824594.592]]]}},{"type":"Feature","properties":{"id":"2348809PJ4224N_part32","floors":4,"height":12.4,"heightSource":"Catastro:numberOfFloorsAboveGround"},"geometry":{"type":"Polygon","coordinates":[[[642208.714,4824586.892],[642209.234,4824594.572],[642210.714,4824594.472],[642210.214,4824586.792],[642208.714,4824586.892]]]}},{"type":"Feature","properties":{"id":"2348809PJ4224N_part33","floors":4,"height":12.4,"heightSource":"Catastro:numberOfFloorsAboveGround"},"geometry":{"type":"Polygon","coordinates":[[[642208.694,4824586.592],[642208.714,4824586.892],[642210.214,4824586.792],[642225.6745,4824585.7825],[642225.6545,4824585.4325],[642224.6045,4824585.5125],[642221.014,4824585.7525],[642212.284,4824586.352],[642208.694,4824586.592]]]}},{"type":"Feature","properties":{"id":"2348809PJ4224N_part34","floors":4,"height":12.4,"heightSource":"Catastro:numberOfFloorsAboveGround"},"geometry":{"type":"Polygon","coordinates":[[[642215.3445,4824559.7125],[642215.0545,4824559.1325],[642211.114,4824561.082],[642211.604,4824562.072],[642208.914,4824563.402],[642210.024,4824565.642],[642208.684,4824566.312],[642209.144,4824567.252],[642211.334,4824571.692],[642213.124,4824570.8025],[642214.894,4824574.3925],[642222.3445,4824570.7025],[642222.1945,4824570.3925],[642224.3445,4824569.3325],[642224.7345,4824570.1225],[642230.9245,4824567.0625],[642230.5245,4824566.2625],[642232.6745,4824565.1925],[642232.8345,4824565.5125],[642236.1445,4824563.8625],[642236.4145,4824564.4025],[642240.0945,4824562.5825],[642240.1845,4824562.7625],[642244.7045,4824560.5225],[642244.1745,4824559.4525],[642247.0045,4824558.0525],[642243.4345,4824550.8325],[642244.2345,4824550.4325],[642243.3445,4824548.6425],[642242.3145,4824549.1525],[642241.2545,4824547.0225],[642238.3045,4824548.4825],[642237.9045,4824547.6725],[642235.1245,4824549.0425],[642235.5745,4824549.9425],[642233.7745,4824550.8325],[642233.9345,4824551.1425],[642231.7745,4824552.2025],[642231.6245,4824551.8925],[642225.8845,4824554.7325],[642225.3545,4824553.6525],[642222.6645,4824554.9825],[642223.3345,4824556.3225],[642220.8145,4824557.5725],[642220.5945,4824557.1225],[642215.3445,4824559.7125]]]}},{"type":"Feature","properties":{"id":"2348809PJ4224N_part35","floors":3,"height":9.3,"heightSource":"Catastro:numberOfFloorsAboveGround"},"geometry":{"type":"Polygon","coordinates":[[[642212.184,4824584.852],[642208.594,4824585.092],[642208.694,4824586.592],[642212.284,4824586.352],[642212.184,4824584.852]]]}},{"type":"Feature","properties":{"id":"2348809PJ4224N_part36","floors":3,"height":9.3,"heightSource":"Catastro:numberOfFloorsAboveGround"},"geometry":{"type":"Polygon","coordinates":[[[642207.804,4824567.922],[642209.934,4824572.222],[642209.994,4824572.352],[642211.334,4824571.692],[642209.144,4824567.252],[642207.804,4824567.922]]]}},{"type":"Feature","properties":{"id":"2348809PJ4224N_part37","floors":3,"height":9.3,"heightSource":"Catastro:numberOfFloorsAboveGround"},"geometry":{"type":"Polygon","coordinates":[[[642206.934,4824562.772],[642208.684,4824566.312],[642210.024,4824565.642],[642208.914,4824563.402],[642211.604,4824562.072],[642211.114,4824561.082],[642215.0545,4824559.1325],[642215.3445,4824559.7125],[642220.5945,4824557.1225],[642220.1545,4824556.2325],[642218.7545,4824556.9225],[642210.154,4824561.172],[642206.934,4824562.772]]]}},{"type":"Feature","properties":{"id":"2348811PJ4224N_part1","floors":3,"height":9.3,"heightSource":"Catastro:numberOfFloorsAboveGround"},"geometry":{"type":"Polygon","coordinates":[[[642247.69,4824625.83],[642248.49,4824625.75],[642248.63,4824627.25],[642247.39,4824627.37],[642247.46,4824628.16],[642248.71,4824628.04],[642248.85,4824629.54],[642248.05,4824629.62],[642248.29,4824632.14],[642249.09,4824632.06],[642248.98,4824630.91],[642249.68,4824630.84],[642249.09,4824624.7],[642248.4,4824624.76],[642248.46,4824625.41],[642247.66,4824625.49],[642247.69,4824625.83]]]}},{"type":"Feature","properties":{"id":"2348811PJ4224N_part2","floors":4,"height":12.4,"heightSource":"Catastro:numberOfFloorsAboveGround"},"geometry":{"type":"Polygon","coordinates":[[[642247.21,4824625.53],[642247.39,4824627.37],[642248.63,4824627.25],[642248.49,4824625.75],[642247.69,4824625.83],[642247.66,4824625.49],[642247.21,4824625.53]]]}},{"type":"Feature","properties":{"id":"2348811PJ4224N_part3","floors":3,"height":9.3,"heightSource":"Catastro:numberOfFloorsAboveGround"},"geometry":{"type":"Polygon","coordinates":[[[642247.17,4824620.27],[642247.42,4824622.9],[642248.22,4824622.82],[642247.96,4824620.19],[642247.17,4824620.27]]]}},{"type":"Feature","properties":{"id":"2348811PJ4224N_part4","floors":3,"height":9.3,"heightSource":"Catastro:numberOfFloorsAboveGround"},"geometry":{"type":"Polygon","coordinates":[[[642246.79,4824616.19],[642246.92,4824617.58],[642246.41,4824617.63],[642246.53,4824618.82],[642247.82,4824618.7],[642247.58,4824616.11],[642246.79,4824616.19]]]}},{"type":"Feature","properties":{"id":"2348811PJ4224N_part5","floors":3,"height":9.3,"heightSource":"Catastro:numberOfFloorsAboveGround"},"geometry":{"type":"Polygon","coordinates":[[[642247.17,4824611.87],[642246.39,4824611.94],[642246.64,4824614.69],[642247.43,4824614.61],[642247.17,4824611.87]]]}},{"type":"Feature","properties":{"id":"2348811PJ4224N_part6","floors":3,"height":9.3,"heightSource":"Catastro:numberOfFloorsAboveGround"},"geometry":{"type":"Polygon","coordinates":[[[642249.26,4824642.26],[642249.51,4824644.9],[642244.98,4824645.33],[642245.06,4824646.12],[642245.7,4824646.06],[642245.82,4824646.05],[642249.73,4824645.68],[642250.38,4824645.62],[642250.05,4824642.19],[642249.26,4824642.26]]]}},{"type":"Feature","properties":{"id":"2348811PJ4224N_part7","floors":4,"height":12.4,"heightSource":"Catastro:numberOfFloorsAboveGround"},"geometry":{"type":"Polygon","coordinates":[[[642244.93,4824644.78],[642242.96,4824645.0],[642243.12,4824646.3],[642244.61,4824646.16],[642244.52,4824645.37],[642244.98,4824645.33],[642244.93,4824644.78]]]}},{"type":"Feature","properties":{"id":"2348811PJ4224N_part8","floors":4,"height":12.4,"heightSource":"Catastro:numberOfFloorsAboveGround"},"geometry":{"type":"Polygon","coordinates":[[[642238.07,4824612.73],[642238.19,4824614.08],[642242.07,4824613.71],[642241.94,4824612.37],[642238.07,4824612.73]]]}},{"type":"Feature","properties":{"id":"2348811PJ4224N_part9","floors":4,"height":12.4,"heightSource":"Catastro:numberOfFloorsAboveGround"},"geometry":{"type":"Polygon","coordinates":[[[642242.48,4824611.56],[642237.35,4824612.05],[642237.42,4824612.79],[642238.07,4824612.73],[642241.94,4824612.37],[642242.55,4824612.31],[642242.48,4824611.56]]]}},{"type":"Feature","properties":{"id":"2348811PJ4224N_part10","floors":4,"height":12.4,"heightSource":"Catastro:numberOfFloorsAboveGround"},"geometry":{"type":"Polygon","coordinates":[[[642239.83,4824645.26],[642237.24,4824645.54],[642237.39,4824646.85],[642238.88,4824646.71],[642238.79,4824645.91],[642240.25,4824645.77],[642240.83,4824645.72],[642240.93,4824646.51],[642242.42,4824646.37],[642242.27,4824645.08],[642239.83,4824645.26]]]}},{"type":"Feature","properties":{"id":"2348811PJ4224N_part12","floors":3,"height":9.3,"heightSource":"Catastro:numberOfFloorsAboveGround"},"geometry":{"type":"Polygon","coordinates":[[[642234.95,4824647.08],[642235.02,4824647.83],[642240.4,4824647.32],[642245.77,4824646.81],[642245.7,4824646.06],[642245.06,4824646.12],[642244.98,4824645.33],[642244.52,4824645.37],[642244.61,4824646.16],[642243.12,4824646.3],[642242.96,4824645.0],[642242.27,4824645.08],[642242.42,4824646.37],[642240.93,4824646.51],[642240.83,4824645.72],[642240.25,4824645.77],[642238.79,4824645.91],[642238.88,4824646.71],[642237.39,4824646.85],[642237.24,4824645.54],[642236.64,4824645.61],[642236.79,4824646.91],[642235.6,4824647.02],[642235.3,4824647.05],[642234.95,4824647.08]]]}},{"type":"Feature","properties":{"id":"2348811PJ4224N_part13","floors":2,"height":6.2,"heightSource":"Catastro:numberOfFloorsAboveGround"},"geometry":{"type":"Polygon","coordinates":[[[642219.32,4824647.21],[642220.11,4824648.49],[642221.96,4824648.31],[642221.88,4824647.52],[642220.53,4824647.65],[642220.21,4824647.12],[642219.32,4824647.21]]]}},{"type":"Feature","properties":{"id":"2348811PJ4224N_part15","floors":4,"height":12.4,"heightSource":"Catastro:numberOfFloorsAboveGround"},"geometry":{"type":"Polygon","coordinates":[[[642234.06,4824626.19],[642234.21,4824627.68],[642235.0,4824627.61],[642235.07,4824628.33],[642234.28,4824628.41],[642234.42,4824629.9],[642235.21,4824629.82],[642235.23,4824630.07],[642235.78,4824630.02],[642235.4,4824626.06],[642234.06,4824626.19]]]}},{"type":"Feature","properties":{"id":"2348811PJ4224N_part16","floors":4,"height":12.4,"heightSource":"Catastro:numberOfFloorsAboveGround"},"geometry":{"type":"Polygon","coordinates":[[[642234.61,4824623.52],[642233.82,4824623.6],[642233.96,4824625.09],[642235.3,4824624.97],[642235.06,4824622.31],[642234.5,4824622.36],[642234.61,4824623.52]]]}},{"type":"Feature","properties":{"id":"2348811PJ4224N_part19","floors":3,"height":9.3,"heightSource":"Catastro:numberOfFloorsAboveGround"},"geometry":{"type":"Polygon","coordinates":[[[642234.75,4824619.65],[642234.65,4824618.61],[642234.15,4824618.66],[642234.03,4824617.36],[642233.24,4824617.43],[642233.46,4824619.77],[642234.75,4824619.65]]]}},{"type":"Feature","properties":{"id":"2348811PJ4224N_part20","floors":3,"height":9.3,"heightSource":"Catastro:numberOfFloorsAboveGround"},"geometry":{"type":"Polygon","coordinates":[[[642232.85,4824621.82],[642233.64,4824630.23],[642234.14,4824630.18],[642235.23,4824630.07],[642235.21,4824629.82],[642234.42,4824629.9],[642234.28,4824628.41],[642235.07,4824628.33],[642235.0,4824627.61],[642234.21,4824627.68],[642234.06,4824626.19],[642235.4,4824626.06],[642235.3,4824624.97],[642233.96,4824625.09],[642233.82,4824623.6],[642234.61,4824623.52],[642234.5,4824622.36],[642233.71,4824622.44],[642233.64,4824621.74],[642232.85,4824621.82]]]}},{"type":"Feature","properties":{"id":"2348811PJ4224N_part21","floors":3,"height":9.3,"heightSource":"Catastro:numberOfFloorsAboveGround"},"geometry":{"type":"Polygon","coordinates":[[[642232.84,4824613.23],[642233.1,4824615.94],[642233.89,4824615.87],[642233.64,4824613.15],[642232.84,4824613.23]]]}},{"type":"Feature","properties":{"id":"2348811PJ4224N_part23","floors":3,"height":9.3,"heightSource":"Catastro:numberOfFloorsAboveGround"},"geometry":{"type":"Polygon","coordinates":[[[642232.12,4824646.54],[642231.06,4824646.64],[642229.63,4824646.78],[642229.72,4824647.58],[642232.21,4824647.34],[642232.12,4824646.54]]]}},{"type":"Feature","properties":{"id":"2348811PJ4224N_part26","floors":4,"height":12.4,"heightSource":"Catastro:numberOfFloorsAboveGround"},"geometry":{"type":"Polygon","coordinates":[[[642228.79,4824631.5],[642228.72,4824630.7],[642227.22,4824630.84],[642227.3,4824631.64],[642225.96,4824631.77],[642225.88,4824630.97],[642224.39,4824631.11],[642224.46,4824631.91],[642223.13,4824632.04],[642223.18,4824632.59],[642229.15,4824632.01],[642229.1,4824631.47],[642228.79,4824631.5]]]}},{"type":"Feature","properties":{"id":"2348811PJ4224N_part28","floors":4,"height":12.4,"heightSource":"Catastro:numberOfFloorsAboveGround"},"geometry":{"type":"Polygon","coordinates":[[[642227.46,4824646.44],[642222.48,4824646.91],[642222.61,4824648.25],[642223.84,4824648.14],[642223.77,4824647.34],[642225.02,4824647.22],[642225.48,4824647.18],[642225.56,4824647.98],[642227.05,4824647.83],[642226.97,4824647.04],[642227.51,4824646.98],[642227.46,4824646.44]]]}},{"type":"Feature","properties":{"id":"2348811PJ4224N_part29","floors":3,"height":9.3,"heightSource":"Catastro:numberOfFloorsAboveGround"},"geometry":{"type":"Polygon","coordinates":[[[642229.6,4824629.86],[642222.33,4824630.56],[642222.4,4824631.3],[642222.59,4824631.29],[642223.05,4824631.24],[642223.13,4824632.04],[642224.46,4824631.91],[642224.39,4824631.11],[642225.88,4824630.97],[642225.96,4824631.77],[642227.3,4824631.64],[642227.22,4824630.84],[642228.72,4824630.7],[642228.79,4824631.5],[642229.1,4824631.47],[642229.02,4824630.67],[642229.67,4824630.61],[642229.6,4824629.86]]]}},{"type":"Feature","properties":{"id":"2348811PJ4224N_part30","floors":3,"height":9.3,"heightSource":"Catastro:numberOfFloorsAboveGround"},"geometry":{"type":"Polygon","coordinates":[[[642221.96,4824648.31],[642222.03,4824649.06],[642228.3,4824648.47],[642228.23,4824647.72],[642227.58,4824647.78],[642227.51,4824646.98],[642226.97,4824647.04],[642227.05,4824647.83],[642225.56,4824647.98],[642225.48,4824647.18],[642225.02,4824647.22],[642223.77,4824647.34],[642223.84,4824648.14],[642222.61,4824648.25],[642222.35,4824648.27],[642221.96,4824648.31]]]}},{"type":"Feature","properties":{"id":"2348811PJ4224N_part36","floors":4,"height":12.4,"heightSource":"Catastro:numberOfFloorsAboveGround"},"geometry":{"type":"Polygon","coordinates":[[[642219.18,4824632.42],[642219.1,4824631.62],[642217.61,4824631.76],[642217.73,4824633.06],[642220.48,4824632.85],[642220.43,4824632.3],[642219.18,4824632.42]]]}},{"type":"Feature","properties":{"id":"2348811PJ4224N_part38","floors":3,"height":9.3,"heightSource":"Catastro:numberOfFloorsAboveGround"},"geometry":{"type":"Polygon","coordinates":[[[642220.93,4824630.69],[642216.65,4824631.1],[642216.72,4824631.85],[642216.99,4824631.82],[642217.37,4824631.79],[642217.5,4824633.13],[642217.73,4824633.06],[642217.61,4824631.76],[642219.1,4824631.62],[642219.18,4824632.42],[642220.43,4824632.3],[642220.36,4824631.5],[642221.0,4824631.44],[642220.93,4824630.69]]]}},{"type":"Feature","properties":{"id":"2348811PJ4224N_part42","floors":3,"height":9.3,"heightSource":"Catastro:numberOfFloorsAboveGround"},"geometry":{"type":"Polygon","coordinates":[[[642213.16,4824638.64],[642215.07,4824641.74],[642216.99,4824644.85],[642217.63,4824644.46],[642216.51,4824642.65],[642215.72,4824641.37],[642215.11,4824640.38],[642214.34,4824639.13],[642213.79,4824638.24],[642213.16,4824638.64]]]}},{"type":"Feature","properties":{"id":"2348811PJ4224N_part43","floors":4,"height":12.4,"heightSource":"Catastro:numberOfFloorsAboveGround"},"geometry":{"type":"Polygon","coordinates":[[[642215.57,4824632.76],[642212.75,4824633.04],[642212.19,4824634.12],[642213.24,4824635.82],[642212.56,4824636.24],[642213.35,4824637.51],[642214.03,4824637.09],[642215.02,4824638.71],[642214.34,4824639.13],[642215.11,4824640.38],[642216.22,4824639.7],[642216.82,4824640.68],[642215.72,4824641.37],[642216.51,4824642.65],[642217.19,4824642.22],[642218.31,4824644.04],[642217.63,4824644.46],[642218.42,4824645.74],[642219.1,4824645.32],[642220.21,4824647.12],[642221.83,4824646.97],[642222.48,4824646.91],[642227.46,4824646.44],[642227.51,4824646.98],[642228.14,4824646.92],[642228.23,4824647.72],[642229.72,4824647.58],[642229.63,4824646.78],[642231.06,4824646.64],[642232.12,4824646.54],[642232.21,4824647.34],[642233.71,4824647.2],[642233.56,4824645.91],[642234.05,4824645.85],[642234.11,4824646.36],[642235.21,4824646.25],[642235.3,4824647.05],[642235.6,4824647.02],[642235.47,4824645.68],[642236.64,4824645.61],[642237.24,4824645.54],[642239.83,4824645.26],[642242.27,4824645.08],[642242.96,4824645.0],[642244.93,4824644.78],[642244.98,4824645.33],[642249.51,4824644.9],[642249.26,4824642.26],[642250.05,4824642.19],[642249.91,4824640.69],[642249.11,4824640.77],[642248.93,4824638.89],[642249.73,4824638.81],[642249.59,4824637.36],[642248.79,4824637.39],[642248.67,4824636.14],[642248.23,4824636.18],[642247.85,4824632.18],[642247.46,4824628.16],[642247.39,4824627.37],[642247.21,4824625.53],[642247.66,4824625.49],[642247.56,4824624.39],[642248.36,4824624.31],[642248.22,4824622.82],[642247.42,4824622.9],[642247.17,4824620.27],[642247.96,4824620.19],[642247.82,4824618.7],[642246.53,4824618.82],[642246.41,4824617.63],[642246.92,4824617.58],[642246.79,4824616.19],[642247.58,4824616.11],[642247.43,4824614.61],[642246.64,4824614.69],[642246.39,4824611.94],[642242.55,4824612.31],[642241.94,4824612.37],[642242.07,4824613.71],[642238.19,4824614.08],[642238.07,4824612.73],[642237.42,4824612.79],[642233.64,4824613.15],[642233.89,4824615.87],[642233.1,4824615.94],[642233.24,4824617.43],[642234.03,4824617.36],[642234.15,4824618.66],[642234.65,4824618.61],[642234.75,4824619.65],[642233.46,4824619.77],[642233.6,4824621.27],[642234.39,4824621.19],[642234.5,4824622.36],[642235.06,4824622.31],[642235.3,4824624.97],[642235.4,4824626.06],[642235.78,4824630.02],[642235.23,4824630.07],[642235.36,4824631.36],[642234.57,4824631.44],[642234.27,4824631.47],[642234.14,4824630.18],[642233.64,4824630.23],[642232.65,4824630.32],[642232.77,4824631.61],[642232.18,4824631.67],[642232.05,4824630.38],[642230.56,4824630.52],[642230.64,4824631.32],[642229.1,4824631.47],[642229.15,4824632.01],[642223.18,4824632.59],[642223.13,4824632.04],[642222.66,4824632.08],[642222.59,4824631.29],[642222.4,4824631.3],[642221.09,4824631.43],[642221.17,4824632.23],[642220.43,4824632.3],[642220.48,4824632.85],[642217.73,4824633.06],[642217.5,4824633.13],[642217.12,4824633.12],[642216.99,4824631.82],[642216.72,4824631.85],[642215.5,4824631.97],[642215.57,4824632.76]],[[642239.33,4824635.27],[642236.35,4824635.55],[642236.06,4824632.57],[642239.05,4824632.28],[642239.33,4824635.27]]]}},{"type":"Feature","properties":{"id":"2348811PJ4224N_part44","floors":3,"height":9.3,"heightSource":"Catastro:numberOfFloorsAboveGround"},"geometry":{"type":"Polygon","coordinates":[[[642212.24,4824632.28],[642211.28,4824634.16],[642212.56,4824636.24],[642213.24,4824635.82],[642212.19,4824634.12],[642212.75,4824633.04],[642215.57,4824632.76],[642215.5,4824631.97],[642212.24,4824632.28]]]}},{"type":"Feature","properties":{"id":"2348811PJ4224N_part47","floors":4,"height":12.4,"heightSource":"Catastro:numberOfFloorsAboveGround"},"geometry":{"type":"Polygon","coordinates":[[[642247.85,4824632.18],[642248.23,4824636.18],[642248.67,4824636.14],[642249.47,4824636.06],[642249.09,4824632.06],[642248.29,4824632.14],[642247.85,4824632.18]]]}},{"type":"Feature","properties":{"id":"2348811PJ4224N_part49","floors":4,"height":12.4,"heightSource":"Catastro:numberOfFloorsAboveGround"},"geometry":{"type":"Polygon","coordinates":[[[642248.05,4824629.62],[642248.85,4824629.54],[642248.71,4824628.04],[642247.46,4824628.16],[642247.85,4824632.18],[642248.29,4824632.14],[642248.05,4824629.62]]]}},{"type":"Feature","properties":{"id":"2350805PJ4225S_part1","floors":2,"height":6.2,"heightSource":"Catastro:numberOfFloorsAboveGround"},"geometry":{"type":"Polygon","coordinates":[[[642237.333,4824826.8025],[642249.093,4824827.943],[642249.383,4824824.363],[642250.5335,4824824.473],[642251.0235,4824819.433],[642238.163,4824818.1925],[642237.803,4824821.7425],[642237.613,4824823.6825],[642237.333,4824826.8025]]]}},{"type":"Feature","properties":{"id":"2350805PJ4225S_part2","floors":1,"height":3.1,"heightSource":"Catastro:numberOfFloorsAboveGround"},"geometry":{"type":"Polygon","coordinates":[[[642229.993,4824829.8225],[642230.313,4824823.6425],[642218.133,4824822.4825],[642217.893,4824829.0125],[642229.993,4824829.8225]]]}},{"type":"Feature","properties":{"id":"2350807PJ4225S_part1","floors":2,"height":6.2,"heightSource":"Catastro:numberOfFloorsAboveGround"},"geometry":{"type":"Polygon","coordinates":[[[642243.187,4824730.7815],[642235.697,4824736.1235],[642240.168,4824742.3925],[642246.1285,4824738.141],[642244.5835,4824735.975],[642244.8895,4824735.757],[642246.1135,4824734.884],[642243.187,4824730.7815]]]}},{"type":"Feature","properties":{"id":"2350807PJ4225S_part2","floors":2,"height":6.2,"heightSource":"Catastro:numberOfFloorsAboveGround"},"geometry":{"type":"Polygon","coordinates":[[[642244.8895,4824735.757],[642246.4345,4824737.923],[642247.6585,4824737.05],[642246.1135,4824734.884],[642244.8895,4824735.757]]]}},{"type":"Feature","properties":{"id":"2350808PJ4225S_part1","floors":1,"height":3.1,"heightSource":"Catastro:numberOfFloorsAboveGround"},"geometry":{"type":"Polygon","coordinates":[[[642217.9715,4824730.018],[642215.364,4824731.818],[642216.9035,4824739.3925],[642222.0135,4824735.8725],[642217.9715,4824730.018]]]}},{"type":"Feature","properties":{"id":"2350808PJ4225S_part2","floors":2,"height":6.2,"heightSource":"Catastro:numberOfFloorsAboveGround"},"geometry":{"type":"Polygon","coordinates":[[[642230.7635,4824726.7625],[642238.6635,4824721.4625],[642234.3335,4824715.0125],[642226.4335,4824720.3025],[642230.7635,4824726.7625]]]}},{"type":"Feature","properties":{"id":"2350808PJ4225S_part3","floors":1,"height":3.1,"heightSource":"Catastro:numberOfFloorsAboveGround"},"geometry":{"type":"Polygon","coordinates":[[[642216.9035,4824739.3925],[642217.3335,4824741.2925],[642220.6935,4824742.1725],[642224.5335,4824739.5225],[642222.0135,4824735.8725],[642216.9035,4824739.3925]]]}},{"type":"Feature","properties":{"id":"2350809PJ4225S_part1","floors":2,"height":6.2,"heightSource":"Catastro:numberOfFloorsAboveGround"},"geometry":{"type":"Polygon","coordinates":[[[642230.2435,4824709.3725],[642226.0835,4824703.2025],[642218.4735,4824708.3325],[642222.7235,4824714.6325],[642230.2435,4824709.3725]]]}},{"type":"Feature","properties":{"id":"2350809PJ4225S_part2","floors":1,"height":3.1,"heightSource":"Catastro:numberOfFloorsAboveGround"},"geometry":{"type":"Polygon","coordinates":[[[642220.7135,4824720.3725],[642218.0635,4824716.6725],[642212.9235,4824720.3425],[642214.0135,4824725.1725],[642220.7135,4824720.3725]]]}},{"type":"Feature","properties":{"id":"2350810PJ4225S_part1","floors":1,"height":3.1,"heightSource":"Catastro:numberOfFloorsAboveGround"},"geometry":{"type":"Polygon","coordinates":[[[642211.47,4824683.47],[642209.07,4824679.74],[642204.6693,4824682.58015],[642205.6435,4824687.222],[642211.47,4824683.47]]]}},{"type":"Feature","properties":{"id":"2350810PJ4225S_part2","floors":2,"height":6.2,"heightSource":"Catastro:numberOfFloorsAboveGround"},"geometry":{"type":"Polygon","coordinates":[[[642222.2335,4824697.2925],[642218.0835,4824691.1125],[642210.2035,4824696.4225],[642214.5735,4824702.9025],[642222.2335,4824697.2925]]]}},{"type":"Feature","properties":{"id":"2350810PJ4225S_part3","floors":1,"height":3.1,"heightSource":"Catastro:numberOfFloorsAboveGround"},"geometry":{"type":"Polygon","coordinates":[[[642215.5235,4824706.3325],[642213.2935,4824703.1925],[642209.5635,4824705.8325],[642210.5135,4824709.8825],[642215.5235,4824706.3325]]]}},{"type":"Feature","properties":{"id":"2350811PJ4225S_part1","floors":1,"height":3.1,"heightSource":"Catastro:numberOfFloorsAboveGround"},"geometry":{"type":"Polygon","coordinates":[[[642247.9435,4824754.1225],[642230.7435,4824753.9625],[642230.7935,4824749.6025],[642221.7935,4824749.5225],[642221.603,4824769.6325],[642247.8035,4824769.8825],[642247.9435,4824754.1225]]]}},{"type":"Feature","properties":{"id":"2350811PJ4225S_part2","floors":4,"height":12.4,"heightSource":"Catastro:numberOfFloorsAboveGround"},"geometry":{"type":"Polygon","coordinates":[[[642185.313,4824734.722],[642202.593,4824734.862],[642209.073,4824734.9125],[642196.5235,4824680.572],[642196.3835,4824679.952],[642196.2735,4824679.722],[642196.1035,4824679.522],[642195.8935,4824679.372],[642195.6435,4824679.282],[642195.3835,4824679.252],[642195.1335,4824679.302],[642194.8935,4824679.412],[642194.6935,4824679.572],[642194.5435,4824679.792],[642194.4535,4824680.032],[642192.133,4824690.362],[642186.773,4824714.312],[642186.113,4824723.522],[642185.943,4824725.962],[642185.313,4824734.722]]]}},{"type":"Feature","properties":{"id":"2350812PJ4225S_part1","floors":1,"height":3.1,"heightSource":"Catastro:numberOfFloorsAboveGround"},"geometry":{"type":"Polygon","coordinates":[[[642191.83,4824751.26],[642191.78,4824750.52],[642188.96,4824750.72],[642189.06,4824752.22],[642189.38,4824756.51],[642190.18,4824756.45],[642190.14,4824755.9],[642191.64,4824755.79],[642191.59,4824755.07],[642194.23,4824754.88],[642194.05,4824752.38],[642199.04,4824752.02],[642199.22,4824754.51],[642201.86,4824754.32],[642201.58,4824750.55],[642191.83,4824751.26]]]}},{"type":"Feature","properties":{"id":"2350812PJ4225S_part2","floors":1,"height":3.1,"heightSource":"Catastro:numberOfFloorsAboveGround"},"geometry":{"type":"Polygon","coordinates":[[[642207.36,4824750.55],[642214.363,4824750.64],[642213.813,4824741.0625],[642206.81,4824740.9675],[642207.36,4824750.55]]]}},{"type":"Feature","properties":{"id":"2350812PJ4225S_part3","floors":2,"height":6.2,"heightSource":"Catastro:numberOfFloorsAboveGround"},"geometry":{"type":"Polygon","coordinates":[[[642199.22,4824754.51],[642199.04,4824752.02],[642194.05,4824752.38],[642194.23,4824754.88],[642191.59,4824755.07],[642191.64,4824755.79],[642190.14,4824755.9],[642190.18,4824756.45],[642190.423,4824759.742],[642194.413,4824759.442],[642200.473,4824758.992],[642202.1905,4824758.867],[642201.86,4824754.32],[642199.22,4824754.51]]]}},{"type":"Feature","properties":{"id":"2350813PJ4225S_part1","floors":1,"height":3.1,"heightSource":"Catastro:numberOfFloorsAboveGround"},"geometry":{"type":"Polygon","coordinates":[[[642208.16,4824768.2],[642208.54,4824774.6915],[642215.733,4824774.3125],[642215.356,4824767.8195],[642208.16,4824768.2]]]}},{"type":"Feature","properties":{"id":"2350813PJ4225S_part2","floors":1,"height":3.1,"heightSource":"Catastro:numberOfFloorsAboveGround"},"geometry":{"type":"Polygon","coordinates":[[[642202.53,4824763.4],[642199.88,4824763.6],[642200.07,4824766.1],[642195.08,4824766.47],[642194.9,4824763.97],[642192.25,4824764.17],[642192.55,4824768.16],[642193.07,4824768.12],[642205.09,4824767.23],[642204.57,4824760.2],[642204.463,4824758.702],[642202.1905,4824758.867],[642202.53,4824763.4]]]}},{"type":"Feature","properties":{"id":"2350813PJ4225S_part3","floors":2,"height":6.2,"heightSource":"Catastro:numberOfFloorsAboveGround"},"geometry":{"type":"Polygon","coordinates":[[[642200.473,4824758.992],[642194.413,4824759.442],[642190.423,4824759.742],[642190.66,4824763.03],[642190.7,4824763.58],[642192.2,4824763.47],[642192.25,4824764.17],[642194.9,4824763.97],[642195.08,4824766.47],[642200.07,4824766.1],[642199.88,4824763.6],[642202.53,4824763.4],[642202.1905,4824758.867],[642200.473,4824758.992]]]}},{"type":"Feature","properties":{"id":"2350815PJ4225S_part1","floors":2,"height":6.2,"heightSource":"Catastro:numberOfFloorsAboveGround"},"geometry":{"type":"Polygon","coordinates":[[[642206.9125,4824825.5925],[642207.1425,4824817.7425],[642194.6025,4824816.892],[642193.5625,4824824.762],[642206.9125,4824825.5925]]]}},{"type":"Feature","properties":{"id":"2350816PJ4225S_part1","floors":4,"height":12.4,"heightSource":"Catastro:numberOfFloorsAboveGround"},"geometry":{"type":"Polygon","coordinates":[[[642189.28,4824840.71],[642189.63,4824840.73],[642189.35,4824845.03],[642189.75,4824845.05],[642189.34,4824851.13],[642190.93,4824851.24],[642190.99,4824850.44],[642193.58,4824850.61],[642193.53,4824851.41],[642198.86,4824851.77],[642198.84,4824852.07],[642203.78,4824852.4],[642203.8,4824852.11],[642203.83,4824851.61],[642210.07,4824852.02],[642210.04,4824852.52],[642210.02,4824852.82],[642215.01,4824853.16],[642215.03,4824852.86],[642219.91,4824853.19],[642219.97,4824852.39],[642225.96,4824852.79],[642225.91,4824853.59],[642226.19,4824853.61],[642227.55,4824853.7],[642228.96,4824853.79],[642233.99,4824854.13],[642234.2,4824851.03],[642237.19,4824851.23],[642236.98,4824854.33],[642243.02,4824854.73],[642243.23,4824851.53],[642244.54,4824851.62],[642244.74,4824848.53],[642245.94,4824848.61],[642246.08,4824846.51],[642246.53,4824846.54],[642246.71,4824843.85],[642247.15,4824843.88],[642247.29,4824841.78],[642247.74,4824841.81],[642247.99,4824838.02],[642244.25,4824837.77],[642236.79,4824837.27],[642236.73,4824838.06],[642234.34,4824837.9],[642234.39,4824837.11],[642234.41,4824836.8],[642229.5,4824836.48],[642229.48,4824836.78],[642229.44,4824837.38],[642226.37,4824837.18],[642223.26,4824836.97],[642223.3,4824836.37],[642223.32,4824836.07],[642218.23,4824835.73],[642218.21,4824836.03],[642218.15,4824836.03],[642211.03,4824835.55],[642210.98,4824836.31],[642204.99,4824835.91],[642205.04,4824835.15],[642200.0,4824834.81],[642200.02,4824834.48],[642194.58,4824834.12],[642194.53,4824834.92],[642191.93,4824834.75],[642191.99,4824833.95],[642189.74,4824833.8],[642189.3,4824840.41],[642189.28,4824840.71]],[[642208.32,4824844.71],[642208.22,4824846.2],[642207.58,4824846.66],[642206.79,4824846.61],[642206.22,4824846.07],[642206.32,4824844.57],[642208.32,4824844.71]],[[642207.24,4824840.96],[642208.03,4824841.01],[642208.6,4824841.55],[642208.5,4824843.05],[642206.5,4824842.91],[642206.6,4824841.42],[642207.24,4824840.96]],[[642222.5,4824847.04],[642222.59,4824845.64],[642224.59,4824845.77],[642224.5,4824847.17],[642223.83,4824847.73],[642223.03,4824847.68],[642222.5,4824847.04]],[[642225.59,4824842.14],[642226.48,4824842.2],[642227.0,4824842.74],[642226.9,4824844.24],[642224.9,4824844.1],[642225.0,4824842.6],[642225.59,4824842.14]]]}},{"type":"Feature","properties":{"id":"2350816PJ4225S_part3","floors":3,"height":9.3,"heightSource":"Catastro:numberOfFloorsAboveGround"},"geometry":{"type":"Polygon","coordinates":[[[642244.74,4824848.53],[642244.54,4824851.62],[642243.23,4824851.53],[642243.02,4824854.73],[642243.87,4824854.79],[642244.62,4824854.84],[642245.02,4824854.86],[642245.23,4824851.67],[642246.14,4824851.73],[642246.35,4824848.64],[642245.94,4824848.61],[642244.74,4824848.53]]]}},{"type":"Feature","properties":{"id":"2350816PJ4225S_part4","floors":2,"height":6.2,"heightSource":"Catastro:numberOfFloorsAboveGround"},"geometry":{"type":"Polygon","coordinates":[[[642244.51,4824856.56],[642242.39,4824861.0],[642242.75,4824861.17],[642244.9,4824856.66],[642245.02,4824854.86],[642244.62,4824854.84],[642244.51,4824856.56]]]}},{"type":"Feature","properties":{"id":"2350816PJ4225S_part5","floors":3,"height":9.3,"heightSource":"Catastro:numberOfFloorsAboveGround"},"geometry":{"type":"Polygon","coordinates":[[[642243.77,4824856.36],[642243.05,4824857.88],[642242.37,4824857.56],[642241.03,4824860.36],[642242.39,4824861.0],[642244.51,4824856.56],[642244.62,4824854.84],[642243.87,4824854.79],[642243.77,4824856.36]]]}},{"type":"Feature","properties":{"id":"2350816PJ4225S_part6","floors":3,"height":9.3,"heightSource":"Catastro:numberOfFloorsAboveGround"},"geometry":{"type":"Polygon","coordinates":[[[642239.68,4824865.64],[642236.86,4824871.55],[642237.63,4824871.92],[642240.45,4824866.0],[642239.68,4824865.64]]]}},{"type":"Feature","properties":{"id":"2350816PJ4225S_part8","floors":3,"height":9.3,"heightSource":"Catastro:numberOfFloorsAboveGround"},"geometry":{"type":"Polygon","coordinates":[[[642234.87,4824881.79],[642232.07,4824887.65],[642232.84,4824888.02],[642235.64,4824882.15],[642234.87,4824881.79]]]}},{"type":"Feature","properties":{"id":"2350816PJ4225S_part9","floors":3,"height":9.3,"heightSource":"Catastro:numberOfFloorsAboveGround"},"geometry":{"type":"Polygon","coordinates":[[[642230.03,4824897.98],[642228.72,4824900.73],[642229.49,4824901.1],[642230.8,4824898.35],[642230.03,4824897.98]]]}},{"type":"Feature","properties":{"id":"2350816PJ4225S_part12","floors":3,"height":9.3,"heightSource":"Catastro:numberOfFloorsAboveGround"},"geometry":{"type":"Polygon","coordinates":[[[642225.04,4824908.45],[642225.59,4824908.71],[642225.81,4824908.82],[642227.16,4824905.98],[642226.38,4824905.66],[642225.04,4824908.45]]]}},{"type":"Feature","properties":{"id":"2350816PJ4225S_part14","floors":1,"height":3.1,"heightSource":"Catastro:numberOfFloorsAboveGround"},"geometry":{"type":"Polygon","coordinates":[[[642225.11,4824881.93],[642225.99,4824880.08],[642224.46,4824879.35],[642224.38,4824879.5],[642223.85,4824879.69],[642223.46,4824880.51],[642223.65,4824881.04],[642223.57,4824881.2],[642225.11,4824881.93]]]}},{"type":"Feature","properties":{"id":"2350816PJ4225S_part15","floors":3,"height":9.3,"heightSource":"Catastro:numberOfFloorsAboveGround"},"geometry":{"type":"Polygon","coordinates":[[[642223.26,4824836.97],[642226.37,4824837.18],[642229.44,4824837.38],[642229.48,4824836.78],[642223.3,4824836.37],[642223.26,4824836.97]]]}},{"type":"Feature","properties":{"id":"2350816PJ4225S_part16","floors":3,"height":9.3,"heightSource":"Catastro:numberOfFloorsAboveGround"},"geometry":{"type":"Polygon","coordinates":[[[642224.8,4824858.16],[642224.71,4824858.12],[642221.74,4824864.35],[642222.51,4824864.71],[642224.13,4824861.32],[642224.86,4824858.58],[642225.05,4824857.88],[642224.8,4824858.16]]]}},{"type":"Feature","properties":{"id":"2350816PJ4225S_part17","floors":3,"height":9.3,"heightSource":"Catastro:numberOfFloorsAboveGround"},"geometry":{"type":"Polygon","coordinates":[[[642225.96,4824852.79],[642219.97,4824852.39],[642219.91,4824853.19],[642222.88,4824853.39],[642225.32,4824853.55],[642225.91,4824853.59],[642225.96,4824852.79]]]}},{"type":"Feature","properties":{"id":"2350816PJ4225S_part18","floors":4,"height":12.4,"heightSource":"Catastro:numberOfFloorsAboveGround"},"geometry":{"type":"Polygon","coordinates":[[[642219.46,4824869.13],[642221.0,4824869.86],[642218.93,4824874.2],[642219.75,4824874.58],[642220.48,4824874.93],[642224.13,4824861.32],[642222.51,4824864.71],[642221.74,4824864.35],[642219.46,4824869.13]]]}},{"type":"Feature","properties":{"id":"2350816PJ4225S_part19","floors":3,"height":9.3,"heightSource":"Catastro:numberOfFloorsAboveGround"},"geometry":{"type":"Polygon","coordinates":[[[642216.95,4824880.45],[642217.72,4824880.82],[642220.43,4824875.13],[642220.48,4824874.93],[642219.75,4824874.58],[642216.95,4824880.45]]]}},{"type":"Feature","properties":{"id":"2350816PJ4225S_part20","floors":3,"height":9.3,"heightSource":"Catastro:numberOfFloorsAboveGround"},"geometry":{"type":"Polygon","coordinates":[[[642213.55,4824893.51],[642214.32,4824893.87],[642215.63,4824891.12],[642214.87,4824890.76],[642213.55,4824893.51]]]}},{"type":"Feature","properties":{"id":"2350816PJ4225S_part21","floors":4,"height":12.4,"heightSource":"Catastro:numberOfFloorsAboveGround"},"geometry":{"type":"Polygon","coordinates":[[[642215.83,4824892.3],[642212.7,4824900.04],[642226.38,4824905.66],[642227.16,4824905.98],[642229.49,4824901.1],[642228.72,4824900.73],[642230.03,4824897.98],[642230.8,4824898.35],[642233.08,4824893.56],[642230.73,4824892.44],[642232.84,4824888.02],[642232.07,4824887.65],[642234.87,4824881.79],[642235.64,4824882.15],[642237.85,4824877.5],[642235.5,4824876.38],[642237.63,4824871.92],[642236.86,4824871.55],[642239.68,4824865.64],[642240.45,4824866.0],[642242.75,4824861.17],[642242.39,4824861.0],[642241.03,4824860.36],[642242.37,4824857.56],[642243.05,4824857.88],[642243.77,4824856.36],[642243.87,4824854.79],[642243.02,4824854.73],[642236.98,4824854.33],[642233.99,4824854.13],[642228.96,4824853.79],[642228.92,4824854.29],[642228.27,4824854.25],[642226.15,4824856.64],[642225.05,4824857.88],[642224.86,4824858.58],[642225.33,4824858.8],[642224.13,4824861.32],[642220.48,4824874.93],[642220.43,4824875.13],[642215.83,4824892.3]],[[642223.65,4824881.04],[642223.46,4824880.51],[642223.85,4824879.69],[642224.38,4824879.5],[642224.46,4824879.35],[642225.99,4824880.08],[642225.11,4824881.93],[642223.57,4824881.2],[642223.65,4824881.04]],[[642227.62,4824880.85],[642229.15,4824881.58],[642229.07,4824881.74],[642229.26,4824882.27],[642228.88,4824883.09],[642228.34,4824883.28],[642228.27,4824883.43],[642226.73,4824882.7],[642227.62,4824880.85]],[[642228.22,4824864.36],[642228.6,4824863.54],[642229.14,4824863.36],[642229.21,4824863.2],[642230.75,4824863.93],[642229.87,4824865.78],[642228.33,4824865.05],[642228.22,4824864.36]],[[642232.37,4824864.7],[642233.91,4824865.43],[642233.83,4824865.59],[642234.02,4824866.12],[642233.63,4824866.94],[642233.1,4824867.13],[642233.03,4824867.28],[642231.49,4824866.55],[642232.37,4824864.7]]]}},{"type":"Feature","properties":{"id":"2350816PJ4225S_part22","floors":4,"height":12.4,"heightSource":"Catastro:numberOfFloorsAboveGround"},"geometry":{"type":"Polygon","coordinates":[[[642212.21,4824898.3],[642210.64,4824901.59],[642215.65,4824903.98],[642220.08,4824906.09],[642225.04,4824908.45],[642226.38,4824905.66],[642212.7,4824900.04],[642215.83,4824892.3],[642220.43,4824875.13],[642217.72,4824880.82],[642216.95,4824880.45],[642216.0,4824882.44],[642214.71,4824885.15],[642214.99,4824885.27],[642217.02,4824886.24],[642214.87,4824890.76],[642215.63,4824891.12],[642214.32,4824893.87],[642213.55,4824893.51],[642211.45,4824897.93],[642212.21,4824898.3]]]}},{"type":"Feature","properties":{"id":"2350816PJ4225S_part23","floors":3,"height":9.3,"heightSource":"Catastro:numberOfFloorsAboveGround"},"geometry":{"type":"Polygon","coordinates":[[[642209.88,4824901.23],[642210.64,4824901.59],[642212.21,4824898.3],[642211.45,4824897.93],[642209.88,4824901.23]]]}},{"type":"Feature","properties":{"id":"2350816PJ4225S_part24","floors":3,"height":9.3,"heightSource":"Catastro:numberOfFloorsAboveGround"},"geometry":{"type":"Polygon","coordinates":[[[642204.99,4824835.91],[642210.98,4824836.31],[642211.03,4824835.55],[642205.04,4824835.15],[642204.99,4824835.91]]]}},{"type":"Feature","properties":{"id":"2350816PJ4225S_part25","floors":3,"height":9.3,"heightSource":"Catastro:numberOfFloorsAboveGround"},"geometry":{"type":"Polygon","coordinates":[[[642210.07,4824852.02],[642203.83,4824851.61],[642203.8,4824852.11],[642210.04,4824852.52],[642210.07,4824852.02]]]}},{"type":"Feature","properties":{"id":"2350816PJ4225S_part26","floors":3,"height":9.3,"heightSource":"Catastro:numberOfFloorsAboveGround"},"geometry":{"type":"Polygon","coordinates":[[[642191.93,4824834.75],[642194.53,4824834.92],[642194.58,4824834.12],[642191.99,4824833.95],[642191.93,4824834.75]]]}},{"type":"Feature","properties":{"id":"2350816PJ4225S_part27","floors":3,"height":9.3,"heightSource":"Catastro:numberOfFloorsAboveGround"},"geometry":{"type":"Polygon","coordinates":[[[642193.58,4824850.61],[642190.99,4824850.44],[642190.93,4824851.24],[642193.53,4824851.41],[642193.58,4824850.61]]]}},{"type":"Feature","properties":{"id":"2354501PJ4225S_part1","floors":2,"height":6.2,"heightSource":"Catastro:numberOfFloorsAboveGround"},"geometry":{"type":"Polygon","coordinates":[[[642134.75,4825145.0315],[642135.23,4825142.8615],[642123.2495,4825140.2615],[642122.7195,4825142.6815],[642122.6095,4825143.1615],[642120.9295,4825150.9215],[642120.1895,4825154.3315],[642132.1495,4825157.0715],[642132.59,4825155.0015],[642134.75,4825145.0315]]]}},{"type":"Feature","properties":{"id":"2354502PJ4225S_part1","floors":3,"height":9.3,"heightSource":"Catastro:numberOfFloorsAboveGround"},"geometry":{"type":"Polygon","coordinates":[[[642161.65,4825153.822],[642162.07,4825151.842],[642162.74,4825148.672],[642155.19,4825147.082],[642153.25,4825156.722],[642153.02,4825157.862],[642160.48,4825159.432],[642161.3,4825155.502],[642161.65,4825153.822]]]}},{"type":"Feature","properties":{"id":"2354502PJ4225S_part2","floors":2,"height":6.2,"heightSource":"Catastro:numberOfFloorsAboveGround"},"geometry":{"type":"Polygon","coordinates":[[[642155.19,4825147.082],[642148.36,4825145.662],[642147.89,4825148.042],[642147.81,4825148.432],[642147.73,4825148.822],[642147.65,4825149.212],[642147.57,4825149.602],[642147.5,4825149.992],[642147.42,4825150.382],[642147.34,4825150.772],[642147.26,4825151.162],[642147.18,4825151.542],[642147.11,4825151.942],[642147.03,4825152.322],[642146.95,4825152.712],[642146.87,4825153.102],[642146.79,4825153.492],[642146.72,4825153.882],[642146.64,4825154.272],[642146.56,4825154.672],[642146.43,4825155.342],[642153.25,4825156.722],[642155.19,4825147.082]]]}},{"type":"Feature","properties":{"id":"2354503PJ4225S_part1","floors":1,"height":3.1,"heightSource":"Catastro:numberOfFloorsAboveGround"},"geometry":{"type":"Polygon","coordinates":[[[642176.524,4825157.4295],[642175.5425,4825162.23],[642176.718,4825162.4705],[642176.9185,4825161.4905],[642177.6195,4825158.0615],[642177.6995,4825157.6695],[642176.524,4825157.4295]]]}},{"type":"Feature","properties":{"id":"2354503PJ4225S_part2","floors":2,"height":6.2,"heightSource":"Catastro:numberOfFloorsAboveGround"},"geometry":{"type":"Polygon","coordinates":[[[642185.3705,4825157.0945],[642191.2485,4825158.2965],[642191.8695,4825155.2595],[642185.9915,4825154.0575],[642185.3705,4825157.0945]]]}},{"type":"Feature","properties":{"id":"2354503PJ4225S_part3","floors":2,"height":6.2,"heightSource":"Catastro:numberOfFloorsAboveGround"},"geometry":{"type":"Polygon","coordinates":[[[642178.7415,4825152.575],[642178.1205,4825155.6125],[642182.823,4825156.574],[642183.444,4825153.5365],[642178.7415,4825152.575]]]}},{"type":"Feature","properties":{"id":"2354503PJ4225S_part4","floors":3,"height":9.3,"heightSource":"Catastro:numberOfFloorsAboveGround"},"geometry":{"type":"Polygon","coordinates":[[[642177.6195,4825158.0615],[642182.763,4825159.1135],[642182.062,4825162.5425],[642183.5805,4825162.853],[642190.047,4825164.175],[642191.2485,4825158.2965],[642185.3705,4825157.0945],[642185.9915,4825154.0575],[642183.444,4825153.5365],[642182.823,4825156.574],[642178.1205,4825155.6125],[642177.6995,4825157.6695],[642177.6195,4825158.0615]]]}},{"type":"Feature","properties":{"id":"2354503PJ4225S_part5","floors":2,"height":6.2,"heightSource":"Catastro:numberOfFloorsAboveGround"},"geometry":{"type":"Polygon","coordinates":[[[642176.9185,4825161.4905],[642182.062,4825162.5425],[642182.763,4825159.1135],[642177.6195,4825158.0615],[642176.9185,4825161.4905]]]}},{"type":"Feature","properties":{"id":"2354503PJ4225S_part6","floors":1,"height":3.1,"heightSource":"Catastro:numberOfFloorsAboveGround"},"geometry":{"type":"Polygon","coordinates":[[[642176.718,4825162.4705],[642181.8615,4825163.522],[642182.062,4825162.5425],[642176.9185,4825161.4905],[642176.718,4825162.4705]]]}},{"type":"Feature","properties":{"id":"2354504PJ4225S_part1","floors":3,"height":9.3,"heightSource":"Catastro:numberOfFloorsAboveGround"},"geometry":{"type":"Polygon","coordinates":[[[642205.6765,4825168.0125],[642213.66,4825169.653],[642214.3645,4825166.2245],[642219.507,4825167.2805],[642219.5875,4825166.8895],[642220.01,4825164.832],[642215.3085,4825163.866],[642215.932,4825160.83],[642213.385,4825160.3065],[642212.7615,4825163.3425],[642206.8845,4825162.1355],[642205.6765,4825168.0125]]]}},{"type":"Feature","properties":{"id":"2354504PJ4225S_part2","floors":1,"height":3.1,"heightSource":"Catastro:numberOfFloorsAboveGround"},"geometry":{"type":"Polygon","coordinates":[[[642218.6015,4825171.6895],[642219.777,4825171.931],[642220.763,4825167.131],[642219.5875,4825166.8895],[642219.507,4825167.2805],[642218.8025,4825170.71],[642218.6015,4825171.6895]]]}},{"type":"Feature","properties":{"id":"2354504PJ4225S_part3","floors":2,"height":6.2,"heightSource":"Catastro:numberOfFloorsAboveGround"},"geometry":{"type":"Polygon","coordinates":[[[642215.3085,4825163.866],[642220.01,4825164.832],[642220.6335,4825161.796],[642215.932,4825160.83],[642215.3085,4825163.866]]]}},{"type":"Feature","properties":{"id":"2354504PJ4225S_part4","floors":2,"height":6.2,"heightSource":"Catastro:numberOfFloorsAboveGround"},"geometry":{"type":"Polygon","coordinates":[[[642214.3645,4825166.2245],[642213.66,4825169.653],[642218.8025,4825170.71],[642219.507,4825167.2805],[642214.3645,4825166.2245]]]}},{"type":"Feature","properties":{"id":"2354504PJ4225S_part5","floors":1,"height":3.1,"heightSource":"Catastro:numberOfFloorsAboveGround"},"geometry":{"type":"Polygon","coordinates":[[[642213.459,4825170.633],[642218.6015,4825171.6895],[642218.8025,4825170.71],[642213.66,4825169.653],[642213.459,4825170.633]]]}},{"type":"Feature","properties":{"id":"2354504PJ4225S_part6","floors":2,"height":6.2,"heightSource":"Catastro:numberOfFloorsAboveGround"},"geometry":{"type":"Polygon","coordinates":[[[642207.5085,4825159.099],[642206.8845,4825162.1355],[642212.7615,4825163.3425],[642213.385,4825160.3065],[642207.5085,4825159.099]]]}},{"type":"Feature","properties":{"id":"2354505PJ4225S_part1","floors":2,"height":6.2,"heightSource":"Catastro:numberOfFloorsAboveGround"},"geometry":{"type":"Polygon","coordinates":[[[642271.1915,4825184.493],[642269.7115,4825174.193],[642265.9415,4825174.893],[642267.3915,4825185.013],[642271.1915,4825184.493]]]}},{"type":"Feature","properties":{"id":"2354505PJ4225S_part2","floors":2,"height":6.2,"heightSource":"Catastro:numberOfFloorsAboveGround"},"geometry":{"type":"Polygon","coordinates":[[[642271.1915,4825184.493],[642269.7115,4825174.193],[642265.9415,4825174.893],[642267.3915,4825185.013],[642271.1915,4825184.493]]]}},{"type":"Feature","properties":{"id":"2354505PJ4225S_part3","floors":2,"height":6.2,"heightSource":"Catastro:numberOfFloorsAboveGround"},"geometry":{"type":"Polygon","coordinates":[[[642267.3915,4825185.013],[642265.9415,4825174.893],[642261.2815,4825175.763],[642262.7015,4825185.663],[642267.3915,4825185.013]]]}},{"type":"Feature","properties":{"id":"2354505PJ4225S_part4","floors":2,"height":6.2,"heightSource":"Catastro:numberOfFloorsAboveGround"},"geometry":{"type":"Polygon","coordinates":[[[642262.7015,4825185.663],[642261.2815,4825175.763],[642261.0615,4825173.083],[642257.7815,4825174.463],[642256.4615,4825175.003],[642247.951,4825178.323],[642246.911,4825178.813],[642249.541,4825185.663],[642250.261,4825185.443],[642251.041,4825187.223],[642251.471,4825188.223],[642258.3915,4825187.223],[642262.8215,4825186.583],[642262.7015,4825185.663]]]}},{"type":"Feature","properties":{"id":"2354505PJ4225S_part5","floors":2,"height":6.2,"heightSource":"Catastro:numberOfFloorsAboveGround"},"geometry":{"type":"Polygon","coordinates":[[[642262.7015,4825185.663],[642261.2815,4825175.763],[642261.0615,4825173.083],[642257.7815,4825174.463],[642256.4615,4825175.003],[642247.951,4825178.323],[642246.911,4825178.813],[642249.541,4825185.663],[642250.261,4825185.443],[642251.041,4825187.223],[642251.471,4825188.223],[642258.3915,4825187.223],[642262.8215,4825186.583],[642262.7015,4825185.663]]]}},{"type":"Feature","properties":{"id":"2354505PJ4225S_part6","floors":2,"height":6.2,"heightSource":"Catastro:numberOfFloorsAboveGround"},"geometry":{"type":"Polygon","coordinates":[[[642267.3915,4825185.013],[642265.9415,4825174.893],[642261.2815,4825175.763],[642262.7015,4825185.663],[642267.3915,4825185.013]]]}},{"type":"Feature","properties":{"id":"2451901PJ4225S_part1","floors":2,"height":6.2,"heightSource":"Catastro:numberOfFloorsAboveGround"},"geometry":{"type":"Polygon","coordinates":[[[642308.473,4825019.6135],[642308.283,4825022.7535],[642309.773,4825022.8535],[642309.973,4825019.7035],[642308.473,4825019.6135]]]}},{"type":"Feature","properties":{"id":"2451901PJ4225S_part2","floors":3,"height":9.3,"heightSource":"Catastro:numberOfFloorsAboveGround"},"geometry":{"type":"Polygon","coordinates":[[[642302.003,4825025.3735],[642308.093,4825025.7535],[642308.153,4825024.8135],[642302.063,4825024.4135],[642302.003,4825025.3735]]]}},{"type":"Feature","properties":{"id":"2451901PJ4225S_part3","floors":3,"height":9.3,"heightSource":"Catastro:numberOfFloorsAboveGround"},"geometry":{"type":"Polygon","coordinates":[[[642310.313,4825014.2635],[642301.313,4825013.7035],[642301.073,4825017.5435],[642302.483,4825017.6335],[642302.403,4825018.9335],[642302.063,4825024.4135],[642308.153,4825024.8135],[642308.283,4825022.7535],[642308.473,4825019.6135],[642309.973,4825019.7035],[642310.313,4825014.2635]]]}},{"type":"Feature","properties":{"id":"2451902PJ4225S_part1","floors":3,"height":9.3,"heightSource":"Catastro:numberOfFloorsAboveGround"},"geometry":{"type":"Polygon","coordinates":[[[642304.66,4825007.91],[642313.67,4825008.26],[642313.88,4825002.81],[642312.39,4825002.76],[642312.51,4824999.6],[642312.53,4824998.87],[642306.43,4824998.64],[642306.28,4825002.81],[642306.23,4825004.11],[642304.81,4825004.06],[642304.66,4825007.91]]]}},{"type":"Feature","properties":{"id":"2451902PJ4225S_part2","floors":2,"height":6.2,"heightSource":"Catastro:numberOfFloorsAboveGround"},"geometry":{"type":"Polygon","coordinates":[[[642312.39,4825002.76],[642313.88,4825002.81],[642314.0,4824999.66],[642312.51,4824999.6],[642312.39,4825002.76]]]}},{"type":"Feature","properties":{"id":"2451902PJ4225S_part3","floors":2,"height":6.2,"heightSource":"Catastro:numberOfFloorsAboveGround"},"geometry":{"type":"Polygon","coordinates":[[[642312.57,4824997.91],[642306.47,4824997.68],[642306.43,4824998.64],[642312.53,4824998.87],[642312.57,4824997.91]]]}},{"type":"Feature","properties":{"id":"2451903PJ4225S_part1","floors":1,"height":3.1,"heightSource":"Catastro:numberOfFloorsAboveGround"},"geometry":{"type":"Polygon","coordinates":[[[642307.9935,4824951.1735],[642305.653,4824967.8435],[642309.6835,4824968.4135],[642312.0335,4824951.7435],[642307.9935,4824951.1735]]]}},{"type":"Feature","properties":{"id":"2451903PJ4225S_part2","floors":1,"height":3.1,"heightSource":"Catastro:numberOfFloorsAboveGround"},"geometry":{"type":"Polygon","coordinates":[[[642301.1235,4824901.5235],[642304.7935,4824902.7835],[642330.334,4824925.0935],[642330.6835,4824924.6895],[642327.314,4824921.0235],[642316.9935,4824912.2435],[642311.3635,4824907.9035],[642311.552,4824907.523],[642305.4435,4824902.1835],[642301.5955,4824900.8545],[642301.4115,4824900.793],[642301.1235,4824901.5235]]]}},{"type":"Feature","properties":{"id":"2451903PJ4225S_part3","floors":1,"height":3.1,"heightSource":"Catastro:numberOfFloorsAboveGround"},"geometry":{"type":"Polygon","coordinates":[[[642292.7735,4824921.8135],[642310.7635,4824937.5635],[642313.4335,4824934.5135],[642295.7735,4824919.0835],[642295.3035,4824918.9235],[642292.7735,4824921.8135]]]}},{"type":"Feature","properties":{"id":"2451903PJ4225S_part4","floors":4,"height":12.4,"heightSource":"Catastro:numberOfFloorsAboveGround"},"geometry":{"type":"Polygon","coordinates":[[[642288.6535,4824916.633],[642295.3035,4824918.9235],[642295.7735,4824919.0835],[642313.4335,4824934.5135],[642314.3435,4824935.3035],[642314.0835,4824937.1435],[642312.3935,4824949.2035],[642312.0335,4824951.7435],[642309.6835,4824968.4135],[642308.573,4824976.3435],[642309.473,4824976.4735],[642323.9235,4824978.5035],[642324.8035,4824978.6335],[642331.624,4824930.0835],[642330.674,4824927.8435],[642304.0835,4824904.6035],[642293.9935,4824901.1235],[642293.7035,4824901.9535],[642288.9435,4824915.803],[642288.6535,4824916.633]],[[642317.2935,4824925.4135],[642315.6435,4824927.3035],[642315.7935,4824927.4335],[642315.4635,4824927.8035],[642313.0535,4824925.7035],[642315.0335,4824923.4435],[642317.2935,4824925.4135]],[[642319.9335,4824962.4735],[642319.5335,4824965.4535],[642316.5535,4824965.0435],[642316.9635,4824962.0735],[642319.9335,4824962.4735]],[[642318.9335,4824950.5135],[642321.9135,4824950.9135],[642321.5035,4824953.8835],[642318.5335,4824953.4835],[642318.9335,4824950.5135]]]}},{"type":"Feature","properties":{"id":"2451903PJ4225S_part5","floors":1,"height":3.1,"heightSource":"Catastro:numberOfFloorsAboveGround"},"geometry":{"type":"Polygon","coordinates":[[[642291.4135,4824901.163],[642289.0235,4824908.083],[642286.643,4824915.013],[642288.9435,4824915.803],[642293.7035,4824901.9535],[642291.4135,4824901.163]]]}},{"type":"Feature","properties":{"id":"2451903PJ4225S_part6","floors":1,"height":3.1,"heightSource":"Catastro:numberOfFloorsAboveGround"},"geometry":{"type":"Polygon","coordinates":[[[642332.044,4824926.5835],[642333.514,4824930.0535],[642327.7635,4824970.9635],[642328.6435,4824971.0835],[642334.444,4824929.7435],[642332.744,4824927.0935],[642331.604,4824925.757],[642331.384,4824926.0035],[642332.044,4824926.5835]]]}},{"type":"Feature","properties":{"id":"2451903PJ4225S_part7","floors":3,"height":9.3,"heightSource":"Catastro:numberOfFloorsAboveGround"},"geometry":{"type":"Polygon","coordinates":[[[642321.5035,4824953.8835],[642321.9135,4824950.9135],[642318.9335,4824950.5135],[642318.5335,4824953.4835],[642321.5035,4824953.8835]]]}},{"type":"Feature","properties":{"id":"2451903PJ4225S_part8","floors":3,"height":9.3,"heightSource":"Catastro:numberOfFloorsAboveGround"},"geometry":{"type":"Polygon","coordinates":[[[642316.5535,4824965.0435],[642319.5335,4824965.4535],[642319.9335,4824962.4735],[642316.9635,4824962.0735],[642316.5535,4824965.0435]]]}},{"type":"Feature","properties":{"id":"2451903PJ4225S_part9","floors":3,"height":9.3,"heightSource":"Catastro:numberOfFloorsAboveGround"},"geometry":{"type":"Polygon","coordinates":[[[642313.0535,4824925.7035],[642315.4635,4824927.8035],[642315.7935,4824927.4335],[642315.6435,4824927.3035],[642317.2935,4824925.4135],[642315.0335,4824923.4435],[642313.0535,4824925.7035]]]}},{"type":"Feature","properties":{"id":"2451903PJ4225S_part10","floors":1,"height":3.1,"heightSource":"Catastro:numberOfFloorsAboveGround"},"geometry":{"type":"Polygon","coordinates":[[[642309.303,4824977.6635],[642316.5335,4824978.6835],[642323.7535,4824979.6935],[642323.9235,4824978.5035],[642309.473,4824976.4735],[642309.303,4824977.6635]]]}},{"type":"Feature","properties":{"id":"2451903PJ4225S_part11","floors":1,"height":3.1,"heightSource":"Catastro:numberOfFloorsAboveGround"},"geometry":{"type":"Polygon","coordinates":[[[642309.1835,4824942.7435],[642308.3535,4824948.6335],[642312.3935,4824949.2035],[642314.0835,4824937.1435],[642309.1835,4824942.7435]]]}},{"type":"Feature","properties":{"id":"2451906PJ4225S_part1","floors":2,"height":6.2,"heightSource":"Catastro:numberOfFloorsAboveGround"},"geometry":{"type":"Polygon","coordinates":[[[642263.423,4824910.553],[642261.433,4824917.203],[642260.433,4824920.063],[642266.613,4824922.103],[642269.483,4824912.503],[642263.423,4824910.553]]]}},{"type":"Feature","properties":{"id":"2451906PJ4225S_part2","floors":1,"height":3.1,"heightSource":"Catastro:numberOfFloorsAboveGround"},"geometry":{"type":"Polygon","coordinates":[[[642288.635,4824896.0],[642283.3415,4824893.964],[642281.145,4824899.675],[642286.4385,4824901.711],[642288.635,4824896.0]]]}},{"type":"Feature","properties":{"id":"2451906PJ4225S_part3","floors":2,"height":6.2,"heightSource":"Catastro:numberOfFloorsAboveGround"},"geometry":{"type":"Polygon","coordinates":[[[642266.613,4824922.103],[642275.753,4824925.133],[642276.373,4824923.243],[642280.323,4824909.933],[642271.263,4824907.053],[642269.483,4824912.503],[642266.613,4824922.103]]]}},{"type":"Feature","properties":{"id":"2451907PJ4225S_part1","floors":1,"height":3.1,"heightSource":"Catastro:numberOfFloorsAboveGround"},"geometry":{"type":"Polygon","coordinates":[[[642255.133,4824906.013],[642257.913,4824896.163],[642246.583,4824893.113],[642244.0225,4824902.6225],[642255.133,4824906.013]]]}},{"type":"Feature","properties":{"id":"2451908PJ4225S_part1","floors":1,"height":3.1,"heightSource":"Catastro:numberOfFloorsAboveGround"},"geometry":{"type":"Polygon","coordinates":[[[642247.121,4824890.2065],[642257.5635,4824893.2775],[642257.084,4824894.909],[642265.663,4824897.432],[642265.813,4824897.003],[642267.1485,4824893.022],[642264.008,4824892.0985],[642265.387,4824887.4105],[642261.3905,4824886.2355],[642261.4725,4824885.9565],[642260.086,4824885.5525],[642258.6565,4824885.132],[642260.109,4824880.1925],[642252.339,4824877.907],[642251.007,4824882.435],[642250.5495,4824883.996],[642251.485,4824884.271],[642250.9875,4824885.9625],[642248.5775,4824885.2535],[642247.121,4824890.2065]]]}},{"type":"Feature","properties":{"id":"2451908PJ4225S_part2","floors":1,"height":3.1,"heightSource":"Catastro:numberOfFloorsAboveGround"},"geometry":{"type":"Polygon","coordinates":[[[642265.9005,4824885.665],[642260.518,4824884.082],[642260.086,4824885.5525],[642261.4725,4824885.9565],[642261.3905,4824886.2355],[642265.387,4824887.4105],[642265.9005,4824885.665]]]}},{"type":"Feature","properties":{"id":"2451908PJ4225S_part3","floors":1,"height":3.1,"heightSource":"Catastro:numberOfFloorsAboveGround"},"geometry":{"type":"Polygon","coordinates":[[[642249.5185,4824882.054],[642248.5775,4824885.2535],[642250.9875,4824885.9625],[642251.485,4824884.271],[642250.5495,4824883.996],[642251.007,4824882.435],[642249.5185,4824882.054]]]}},{"type":"Feature","properties":{"id":"2554101PJ4225S_part10","floors":2,"height":6.2,"heightSource":"Catastro:numberOfFloorsAboveGround"},"geometry":{"type":"Polygon","coordinates":[[[642556.97,4825244.936],[642557.0005,4825245.768],[642558.0995,4825245.7275],[642560.298,4825245.6465],[642560.2685,4825244.8365],[642556.97,4825244.936]]]}},{"type":"Feature","properties":{"id":"2554101PJ4225S_part12","floors":1,"height":3.1,"heightSource":"Catastro:numberOfFloorsAboveGround"},"geometry":{"type":"Polygon","coordinates":[[[642560.254,4825244.4475],[642556.2565,4825244.595],[642556.2955,4825245.6445],[642556.0955,4825245.652],[642556.101,4825245.8015],[642557.0005,4825245.768],[642556.97,4825244.936],[642560.2685,4825244.8365],[642560.254,4825244.4475]]]}},{"type":"Feature","properties":{"id":"2554101PJ4225S_part19","floors":3,"height":9.3,"heightSource":"Catastro:numberOfFloorsAboveGround"},"geometry":{"type":"Polygon","coordinates":[[[642558.5905,4825259.019],[642553.7935,4825259.196],[642553.801,4825259.392],[642554.2005,4825259.375],[642554.214,4825259.7325],[642555.5125,4825259.6845],[642557.511,4825259.6105],[642558.6105,4825259.57],[642558.5905,4825259.019]]]}},{"type":"Feature","properties":{"id":"2554101PJ4225S_part22","floors":3,"height":9.3,"heightSource":"Catastro:numberOfFloorsAboveGround"},"geometry":{"type":"Polygon","coordinates":[[[642551.377,4825246.313],[642551.4145,4825247.3255],[642555.551,4825247.173],[642555.5155,4825246.2025],[642555.0155,4825246.216],[642551.377,4825246.313]]]}},{"type":"Feature","properties":{"id":"2554101PJ4225S_part26","floors":3,"height":9.3,"heightSource":"Catastro:numberOfFloorsAboveGround"},"geometry":{"type":"Polygon","coordinates":[[[642550.816,4825259.8585],[642550.838,4825260.456],[642550.8475,4825260.702],[642553.2455,4825260.6115],[642553.2365,4825260.367],[642554.2355,4825260.3305],[642554.23,4825260.1805],[642554.2245,4825260.023],[642554.214,4825259.7325],[642550.816,4825259.8585]]]}},{"type":"Feature","properties":{"id":"2554101PJ4225S_part28","floors":2,"height":6.2,"heightSource":"Catastro:numberOfFloorsAboveGround"},"geometry":{"type":"Polygon","coordinates":[[[642550.272,4825245.138],[642550.299,4825245.8655],[642551.359,4825245.8265],[642553.2975,4825245.755],[642553.271,4825245.048],[642550.272,4825245.138]]]}},{"type":"Feature","properties":{"id":"2554101PJ4225S_part32","floors":1,"height":3.1,"heightSource":"Catastro:numberOfFloorsAboveGround"},"geometry":{"type":"Polygon","coordinates":[[[642553.2585,4825244.7055],[642549.261,4825244.853],[642549.3,4825245.9025],[642550.299,4825245.8655],[642550.272,4825245.138],[642553.271,4825245.048],[642553.2585,4825244.7055]]]}},{"type":"Feature","properties":{"id":"2554101PJ4225S_part35","floors":2,"height":6.2,"heightSource":"Catastro:numberOfFloorsAboveGround"},"geometry":{"type":"Polygon","coordinates":[[[642544.3815,4825259.043],[642544.4075,4825259.7425],[642545.5065,4825259.702],[642545.512,4825259.852],[642547.6615,4825259.7725],[642547.6435,4825259.273],[642549.791,4825259.1935],[642549.7725,4825258.694],[642545.475,4825258.8525],[642545.481,4825259.0025],[642544.3815,4825259.043]]]}},{"type":"Feature","properties":{"id":"2554101PJ4225S_part37","floors":2,"height":6.2,"heightSource":"Catastro:numberOfFloorsAboveGround"},"geometry":{"type":"Polygon","coordinates":[[[642541.1835,4825259.161],[642541.1895,4825259.311],[642539.2375,4825259.383],[642540.1515,4825259.75],[642541.204,4825259.711],[642541.2095,4825259.8605],[642544.4075,4825259.7425],[642544.3815,4825259.043],[642541.1835,4825259.161]]]}},{"type":"Feature","properties":{"id":"2554101PJ4225S_part40","floors":1,"height":3.1,"heightSource":"Catastro:numberOfFloorsAboveGround"},"geometry":{"type":"Polygon","coordinates":[[[642536.9015,4825259.7195],[642536.907,4825259.8695],[642540.1515,4825259.75],[642539.2375,4825259.383],[642539.037,4825259.3025],[642536.889,4825259.3845],[642535.69,4825259.4305],[642533.657,4825259.839],[642536.9015,4825259.7195]]]}},{"type":"Feature","properties":{"id":"2554101PJ4225S_part41","floors":2,"height":6.2,"heightSource":"Catastro:numberOfFloorsAboveGround"},"geometry":{"type":"Polygon","coordinates":[[[642532.5675,4825258.879],[642532.562,4825258.729],[642528.9645,4825258.862],[642528.959,4825258.712],[642525.361,4825258.845],[642525.3555,4825258.695],[642521.758,4825258.828],[642521.7525,4825258.678],[642518.155,4825258.8105],[642518.1865,4825259.66],[642518.192,4825259.81],[642519.482,4825259.7625],[642520.741,4825259.8615],[642525.3925,4825259.694],[642527.9475,4825259.8955],[642532.6005,4825259.7785],[642532.6045,4825259.878],[642533.657,4825259.839],[642535.69,4825259.4305],[642535.665,4825258.7645],[642532.5675,4825258.879]]]}},{"type":"Feature","properties":{"id":"2554101PJ4225S_part42","floors":2,"height":6.2,"heightSource":"Catastro:numberOfFloorsAboveGround"},"geometry":{"type":"Polygon","coordinates":[[[642549.693,4825256.5455],[642541.099,4825256.862],[642541.088,4825256.5635],[642532.494,4825256.88],[642532.483,4825256.5815],[642525.2875,4825256.8465],[642525.2765,4825256.547],[642518.081,4825256.812],[642518.155,4825258.8105],[642521.7525,4825258.678],[642521.758,4825258.828],[642525.3555,4825258.695],[642525.361,4825258.845],[642528.959,4825258.712],[642528.9645,4825258.862],[642532.562,4825258.729],[642532.5675,4825258.879],[642535.665,4825258.7645],[642536.8645,4825258.72],[642536.87,4825258.87],[642539.0175,4825258.791],[642541.167,4825258.7115],[642541.1725,4825258.8615],[642545.4695,4825258.7025],[642545.475,4825258.8525],[642549.7725,4825258.694],[642549.693,4825256.5455]]]}},{"type":"Feature","properties":{"id":"2554101PJ4225S_part43","floors":3,"height":9.3,"heightSource":"Catastro:numberOfFloorsAboveGround"},"geometry":{"type":"Polygon","coordinates":[[[642549.4715,4825250.5495],[642540.877,4825250.866],[642540.866,4825250.5675],[642532.272,4825250.884],[642532.261,4825250.5855],[642525.066,4825250.8505],[642525.055,4825250.551],[642517.8595,4825250.816],[642517.933,4825252.804],[642518.081,4825256.812],[642525.2765,4825256.547],[642525.2875,4825256.8465],[642532.483,4825256.5815],[642532.494,4825256.88],[642541.088,4825256.5635],[642541.099,4825256.862],[642549.693,4825256.5455],[642549.7725,4825258.694],[642549.791,4825259.1935],[642549.8035,4825259.541],[642553.801,4825259.392],[642553.7935,4825259.196],[642558.5905,4825259.019],[642558.6105,4825259.57],[642561.0,4825259.481659903],[642561.0,4825246.056982121],[642557.015,4825246.163],[642556.0155,4825246.1895],[642555.5155,4825246.2025],[642555.551,4825247.173],[642551.4145,4825247.3255],[642551.377,4825246.313],[642551.372,4825246.176],[642550.312,4825246.215],[642549.313,4825246.252],[642549.3665,4825247.7015],[642549.4715,4825250.5495]]]}},{"type":"Feature","properties":{"id":"2554101PJ4225S_part57","floors":2,"height":6.2,"heightSource":"Catastro:numberOfFloorsAboveGround"},"geometry":{"type":"Polygon","coordinates":[[[642545.0695,4825247.86],[642545.064,4825247.71],[642540.7665,4825247.869],[642540.761,4825247.719],[642537.415,4825247.842],[642537.41,4825247.6925],[642532.1615,4825247.8865],[642532.1505,4825247.5865],[642524.9555,4825247.8525],[642524.9445,4825247.553],[642517.749,4825247.818],[642517.8595,4825250.816],[642525.055,4825250.551],[642525.066,4825250.8505],[642532.261,4825250.5855],[642532.272,4825250.884],[642540.866,4825250.5675],[642540.877,4825250.866],[642549.4715,4825250.5495],[642549.3665,4825247.7015],[642545.0695,4825247.86]]]}},{"type":"Feature","properties":{"id":"2554101PJ4225S_part58","floors":1,"height":3.1,"heightSource":"Catastro:numberOfFloorsAboveGround"},"geometry":{"type":"Polygon","coordinates":[[[642545.014,4825246.361],[642545.0085,4825246.211],[642540.7115,4825246.37],[642540.706,4825246.22],[642536.409,4825246.3785],[642536.403,4825246.2285],[642532.106,4825246.3875],[642532.1005,4825246.2375],[642528.503,4825246.3705],[642528.4975,4825246.2205],[642524.9,4825246.3535],[642524.8945,4825246.2035],[642521.297,4825246.336],[642521.2915,4825246.1865],[642517.694,4825246.319],[642517.749,4825247.818],[642524.9445,4825247.553],[642524.9555,4825247.8525],[642532.1505,4825247.5865],[642532.1615,4825247.8865],[642537.41,4825247.6925],[642537.415,4825247.842],[642540.761,4825247.719],[642540.7665,4825247.869],[642545.064,4825247.71],[642545.0695,4825247.86],[642549.3665,4825247.7015],[642549.313,4825246.252],[642549.311,4825246.2025],[642545.014,4825246.361]]]}},{"type":"Feature","properties":{"id":"2554102PJ4225S_part1","floors":1,"height":3.1,"heightSource":"Catastro:numberOfFloorsAboveGround"},"geometry":{"type":"Polygon","coordinates":[[[642512.83,4825245.38],[642512.9,4825247.88],[642513.65,4825247.85],[642513.75,4825250.85],[642514.8,4825250.82],[642514.81,4825251.32],[642516.65485,4825251.25985],[642516.6145,4825250.146],[642516.5545,4825247.526],[642516.4815,4825245.25995],[642512.83,4825245.38]]]}},{"type":"Feature","properties":{"id":"2554102PJ4225S_part2","floors":1,"height":3.1,"heightSource":"Catastro:numberOfFloorsAboveGround"},"geometry":{"type":"Polygon","coordinates":[[[642489.794,4825252.6855],[642492.934,4825252.8655],[642493.164,4825248.5555],[642493.734,4825248.5855],[642493.8245,4825246.6855],[642489.704,4825246.3855],[642489.374,4825252.6655],[642489.794,4825252.6855]]]}},{"type":"Feature","properties":{"id":"2554102PJ4225S_part3","floors":1,"height":3.1,"heightSource":"Catastro:numberOfFloorsAboveGround"},"geometry":{"type":"Polygon","coordinates":[[[642509.0945,4825259.1355],[642509.1545,4825254.8455],[642510.8345,4825254.8955],[642510.9245,4825251.4955],[642497.4945,4825251.1455],[642497.334,4825257.1355],[642497.294,4825258.8155],[642500.0445,4825258.8855],[642509.0945,4825259.1355]]]}},{"type":"Feature","properties":{"id":"2554103PJ4225S_part1","floors":1,"height":3.1,"heightSource":"Catastro:numberOfFloorsAboveGround"},"geometry":{"type":"Polygon","coordinates":[[[642480.534,4825259.3755],[642480.724,4825255.4255],[642482.604,4825255.4655],[642482.714,4825249.3455],[642475.344,4825249.2255],[642466.184,4825249.075],[642466.014,4825259.115],[642475.344,4825259.2855],[642480.534,4825259.3755]]]}},{"type":"Feature","properties":{"id":"2554103PJ4225S_part2","floors":1,"height":3.1,"heightSource":"Catastro:numberOfFloorsAboveGround"},"geometry":{"type":"Polygon","coordinates":[[[642489.374,4825252.6655],[642489.704,4825246.3855],[642486.054,4825246.1855],[642485.704,4825252.4655],[642486.204,4825252.4855],[642489.374,4825252.6655]]]}},{"type":"Feature","properties":{"id":"2554104PJ4225S_part1","floors":2,"height":6.2,"heightSource":"Catastro:numberOfFloorsAboveGround"},"geometry":{"type":"Polygon","coordinates":[[[642433.659,4825240.219],[642433.6645,4825241.019],[642437.9645,4825240.989],[642437.962,4825240.589],[642437.959,4825240.189],[642433.659,4825240.219]]]}},{"type":"Feature","properties":{"id":"2554104PJ4225S_part3","floors":3,"height":9.3,"heightSource":"Catastro:numberOfFloorsAboveGround"},"geometry":{"type":"Polygon","coordinates":[[[642455.874,4825256.564],[642455.879,4825257.264],[642459.679,4825257.2375],[642459.674,4825256.5375],[642455.874,4825256.564]]]}},{"type":"Feature","properties":{"id":"2554104PJ4225S_part5","floors":2,"height":6.2,"heightSource":"Catastro:numberOfFloorsAboveGround"},"geometry":{"type":"Polygon","coordinates":[[[642455.7825,4825257.765],[642455.784,4825257.9645],[642455.7865,4825258.3645],[642459.226,4825258.3405],[642459.517,4825257.9715],[642459.591,4825257.738],[642455.8825,4825257.764],[642455.7825,4825257.765]]]}},{"type":"Feature","properties":{"id":"2554104PJ4225S_part6","floors":2,"height":6.2,"heightSource":"Catastro:numberOfFloorsAboveGround"},"geometry":{"type":"Polygon","coordinates":[[[642459.5585,4825240.038],[642455.559,4825240.066],[642455.562,4825240.4655],[642455.5645,4825240.866],[642459.564,4825240.838],[642459.5585,4825240.038]]]}},{"type":"Feature","properties":{"id":"2554104PJ4225S_part7","floors":3,"height":9.3,"heightSource":"Catastro:numberOfFloorsAboveGround"},"geometry":{"type":"Polygon","coordinates":[[[642455.472,4825256.267],[642451.972,4825256.2915],[642451.9825,4825257.7915],[642455.4825,4825257.767],[642455.472,4825256.267]]]}},{"type":"Feature","properties":{"id":"2554104PJ4225S_part8","floors":3,"height":9.3,"heightSource":"Catastro:numberOfFloorsAboveGround"},"geometry":{"type":"Polygon","coordinates":[[[642451.8615,4825240.4915],[642451.8645,4825240.8915],[642451.869,4825241.592],[642455.5695,4825241.566],[642455.5645,4825240.866],[642455.562,4825240.4655],[642451.8615,4825240.4915]]]}},{"type":"Feature","properties":{"id":"2554104PJ4225S_part10","floors":3,"height":9.3,"heightSource":"Catastro:numberOfFloorsAboveGround"},"geometry":{"type":"Polygon","coordinates":[[[642450.772,4825256.3],[642447.772,4825256.321],[642447.7785,4825257.22],[642447.783,4825257.821],[642450.7825,4825257.8],[642450.772,4825256.3]]]}},{"type":"Feature","properties":{"id":"2554104PJ4225S_part11","floors":1,"height":3.1,"heightSource":"Catastro:numberOfFloorsAboveGround"},"geometry":{"type":"Polygon","coordinates":[[[642447.084,4825258.0255],[642447.088,4825258.525],[642447.09,4825258.8255],[642451.9895,4825258.791],[642455.7895,4825258.7645],[642455.7865,4825258.3645],[642455.784,4825257.9645],[642447.084,4825258.0255]]]}},{"type":"Feature","properties":{"id":"2554104PJ4225S_part12","floors":2,"height":6.2,"heightSource":"Catastro:numberOfFloorsAboveGround"},"geometry":{"type":"Polygon","coordinates":[[[642447.0785,4825257.225],[642447.08,4825257.4255],[642447.084,4825258.0255],[642455.784,4825257.9645],[642455.7825,4825257.765],[642455.4825,4825257.767],[642451.9825,4825257.7915],[642450.7825,4825257.8],[642447.783,4825257.821],[642447.7785,4825257.22],[642447.0785,4825257.225]]]}},{"type":"Feature","properties":{"id":"2554104PJ4225S_part14","floors":2,"height":6.2,"heightSource":"Catastro:numberOfFloorsAboveGround"},"geometry":{"type":"Polygon","coordinates":[[[642441.78,4825257.463],[642441.781,4825257.597],[642441.9915,4825258.1135],[642442.355,4825258.528],[642442.411,4825258.5575],[642447.088,4825258.525],[642447.084,4825258.0255],[642447.08,4825257.4255],[642441.78,4825257.463]]]}},{"type":"Feature","properties":{"id":"2554104PJ4225S_part16","floors":2,"height":6.2,"heightSource":"Catastro:numberOfFloorsAboveGround"},"geometry":{"type":"Polygon","coordinates":[[[642441.659,4825240.163],[642441.662,4825240.563],[642441.6645,4825240.963],[642451.8645,4825240.8915],[642451.8615,4825240.4915],[642451.859,4825240.092],[642441.659,4825240.163]]]}},{"type":"Feature","properties":{"id":"2554104PJ4225S_part18","floors":3,"height":9.3,"heightSource":"Catastro:numberOfFloorsAboveGround"},"geometry":{"type":"Polygon","coordinates":[[[642437.962,4825240.589],[642437.9645,4825240.989],[642437.9695,4825241.689],[642441.6695,4825241.663],[642441.6645,4825240.963],[642441.662,4825240.563],[642437.962,4825240.589]]]}},{"type":"Feature","properties":{"id":"2554104PJ4225S_part20","floors":1,"height":3.1,"heightSource":"Catastro:numberOfFloorsAboveGround"},"geometry":{"type":"Polygon","coordinates":[[[642437.674,4825256.5915],[642437.6785,4825257.2915],[642437.68,4825257.4915],[642441.75,4825257.463],[642441.746,4825256.863],[642438.206,4825256.888],[642438.204,4825256.5875],[642437.674,4825256.5915]]]}},{"type":"Feature","properties":{"id":"2554104PJ4225S_part21","floors":2,"height":6.2,"heightSource":"Catastro:numberOfFloorsAboveGround"},"geometry":{"type":"Polygon","coordinates":[[[642437.671,4825256.1915],[642433.771,4825256.219],[642433.772,4825256.302],[642433.876,4825256.7855],[642434.165,4825257.188],[642434.376,4825257.315],[642437.6785,4825257.2915],[642437.674,4825256.5915],[642437.671,4825256.1915]]]}},{"type":"Feature","properties":{"id":"2554104PJ4225S_part23","floors":2,"height":6.2,"heightSource":"Catastro:numberOfFloorsAboveGround"},"geometry":{"type":"Polygon","coordinates":[[[642441.768,4825255.763],[642433.7685,4825255.819],[642433.769,4825255.919],[642438.199,4825255.888],[642438.204,4825256.5875],[642441.774,4825256.5625],[642441.768,4825255.763]]]}},{"type":"Feature","properties":{"id":"2554104PJ4225S_part24","floors":3,"height":9.3,"heightSource":"Catastro:numberOfFloorsAboveGround"},"geometry":{"type":"Polygon","coordinates":[[[642433.6645,4825241.019],[642433.6695,4825241.719],[642433.7685,4825255.819],[642441.768,4825255.763],[642441.774,4825256.5625],[642441.7785,4825257.262],[642441.78,4825257.463],[642447.08,4825257.4255],[642447.0785,4825257.225],[642447.7785,4825257.22],[642447.772,4825256.321],[642450.772,4825256.3],[642450.7825,4825257.8],[642451.9825,4825257.7915],[642451.972,4825256.2915],[642455.472,4825256.267],[642455.4825,4825257.767],[642455.7825,4825257.765],[642455.8825,4825257.764],[642455.879,4825257.264],[642455.874,4825256.564],[642459.674,4825256.5375],[642459.564,4825240.838],[642455.5645,4825240.866],[642455.5695,4825241.566],[642451.869,4825241.592],[642451.8645,4825240.8915],[642441.6645,4825240.963],[642441.6695,4825241.663],[642437.9695,4825241.689],[642437.9645,4825240.989],[642433.6645,4825241.019]]]}},{"type":"Feature","properties":{"id":"2554105PJ4225S_part1","floors":2,"height":6.2,"heightSource":"Catastro:numberOfFloorsAboveGround"},"geometry":{"type":"Polygon","coordinates":[[[642421.883,4825248.635],[642428.7435,4825248.305],[642428.4535,4825239.135],[642421.6635,4825239.705],[642421.8135,4825245.775],[642421.883,4825248.635]]]}},{"type":"Feature","properties":{"id":"2554105PJ4225S_part2","floors":2,"height":6.2,"heightSource":"Catastro:numberOfFloorsAboveGround"},"geometry":{"type":"Polygon","coordinates":[[[642414.903,4825242.8045],[642414.923,4825244.9445],[642415.183,4825244.9145],[642415.113,4825239.9145],[642408.653,4825239.9445],[642409.213,4825242.8545],[642414.903,4825242.8045]]]}},{"type":"Feature","properties":{"id":"2554105PJ4225S_part3","floors":3,"height":9.3,"heightSource":"Catastro:numberOfFloorsAboveGround"},"geometry":{"type":"Polygon","coordinates":[[[642415.203,4825245.8745],[642421.8135,4825245.775],[642421.6635,4825239.705],[642421.6135,4825238.215],[642415.133,4825238.4945],[642415.113,4825239.9145],[642415.183,4825244.9145],[642415.203,4825245.8745]]]}},{"type":"Feature","properties":{"id":"2554106PJ4225S_part1","floors":1,"height":3.1,"heightSource":"Catastro:numberOfFloorsAboveGround"},"geometry":{"type":"Polygon","coordinates":[[[642402.183,4825215.3345],[642402.093,4825210.0945],[642400.413,4825210.3545],[642400.683,4825215.3345],[642402.183,4825215.3345]]]}},{"type":"Feature","properties":{"id":"2554106PJ4225S_part2","floors":2,"height":6.2,"heightSource":"Catastro:numberOfFloorsAboveGround"},"geometry":{"type":"Polygon","coordinates":[[[642400.683,4825215.3345],[642400.413,4825210.3545],[642400.013,4825204.0845],[642391.693,4825204.6145],[642391.813,4825206.1345],[642392.593,4825215.9945],[642400.683,4825215.3345]]]}},{"type":"Feature","properties":{"id":"2554115PJ4225S_part1","floors":2,"height":6.2,"heightSource":"Catastro:numberOfFloorsAboveGround"},"geometry":{"type":"Polygon","coordinates":[[[642306.7225,4825096.7335],[642306.6925,4825097.5435],[642310.1825,4825097.6935],[642320.5925,4825098.1935],[642320.8925,4825091.6635],[642311.6125,4825091.2235],[642306.9725,4825091.2535],[642306.8925,4825093.0835],[642306.7225,4825096.7335]]]}},{"type":"Feature","properties":{"id":"2554117PJ4225S_part1","floors":3,"height":9.3,"heightSource":"Catastro:numberOfFloorsAboveGround"},"geometry":{"type":"Polygon","coordinates":[[[642315.473,4825049.5735],[642317.323,4825042.0835],[642304.543,4825038.7735],[642302.7425,4825046.6535],[642315.473,4825049.5735]]]}},{"type":"Feature","properties":{"id":"2554118PJ4225S_part1","floors":1,"height":3.1,"heightSource":"Catastro:numberOfFloorsAboveGround"},"geometry":{"type":"Polygon","coordinates":[[[642393.054,4825176.306],[642393.183,4825182.089],[642394.657,4825182.0565],[642394.528,4825176.273],[642393.054,4825176.306]]]}},{"type":"Feature","properties":{"id":"2554118PJ4225S_part2","floors":1,"height":3.1,"heightSource":"Catastro:numberOfFloorsAboveGround"},"geometry":{"type":"Polygon","coordinates":[[[642414.133,4825176.738],[642411.437,4825176.7985],[642411.546,4825181.6785],[642414.242,4825181.6185],[642414.133,4825176.738]]]}},{"type":"Feature","properties":{"id":"2554118PJ4225S_part3","floors":2,"height":6.2,"heightSource":"Catastro:numberOfFloorsAboveGround"},"geometry":{"type":"Polygon","coordinates":[[[642411.417,4825175.8955],[642407.089,4825175.992],[642407.2185,4825181.7755],[642411.546,4825181.6785],[642411.437,4825176.7985],[642411.417,4825175.8955]]]}},{"type":"Feature","properties":{"id":"2554118PJ4225S_part4","floors":1,"height":3.1,"heightSource":"Catastro:numberOfFloorsAboveGround"},"geometry":{"type":"Polygon","coordinates":[[[642404.71,4825181.8315],[642404.788,4825185.3325],[642414.3205,4825185.1195],[642414.242,4825181.6185],[642411.546,4825181.6785],[642407.2185,4825181.7755],[642404.71,4825181.8315]]]}},{"type":"Feature","properties":{"id":"2554118PJ4225S_part5","floors":3,"height":9.3,"heightSource":"Catastro:numberOfFloorsAboveGround"},"geometry":{"type":"Polygon","coordinates":[[[642400.5825,4825176.1375],[642400.756,4825181.92],[642404.71,4825181.8315],[642407.2185,4825181.7755],[642407.089,4825175.992],[642401.0515,4825176.127],[642400.5825,4825176.1375]]]}},{"type":"Feature","properties":{"id":"2554118PJ4225S_part6","floors":2,"height":6.2,"heightSource":"Catastro:numberOfFloorsAboveGround"},"geometry":{"type":"Polygon","coordinates":[[[642394.528,4825176.273],[642394.657,4825182.0565],[642400.756,4825181.92],[642400.5825,4825176.1375],[642394.528,4825176.273]]]}},{"type":"Feature","properties":{"id":"2554120PJ4225S_part1","floors":1,"height":3.1,"heightSource":"Catastro:numberOfFloorsAboveGround"},"geometry":{"type":"Polygon","coordinates":[[[642458.264,4825197.095],[642458.204,4825197.745],[642457.514,4825205.715],[642463.075,4825206.1485],[642463.604,4825198.955],[642463.754,4825196.905],[642458.264,4825197.095]]]}},{"type":"Feature","properties":{"id":"2554120PJ4225S_part2","floors":1,"height":3.1,"heightSource":"Catastro:numberOfFloorsAboveGround"},"geometry":{"type":"Polygon","coordinates":[[[642441.9735,4825219.595],[642442.614,4825207.905],[642433.2835,4825207.095],[642432.3835,4825219.115],[642441.9735,4825219.595]]]}},{"type":"Feature","properties":{"id":"2554122PJ4225S_part1","floors":1,"height":3.1,"heightSource":"Catastro:numberOfFloorsAboveGround"},"geometry":{"type":"Polygon","coordinates":[[[642462.584,4825229.155],[642467.444,4825229.345],[642475.344,4825229.6455],[642480.1615,4825229.8325],[642480.3755,4825224.288],[642462.7445,4825223.6085],[642462.584,4825229.155]]]}},{"type":"Feature","properties":{"id":"2554122PJ4225S_part2","floors":2,"height":6.2,"heightSource":"Catastro:numberOfFloorsAboveGround"},"geometry":{"type":"Polygon","coordinates":[[[642527.4,4825226.58],[642542.68,4825227.31],[642542.96,4825221.66],[642527.67,4825220.94],[642527.4,4825226.58]]]}},{"type":"Feature","properties":{"id":"2554122PJ4225S_part3","floors":1,"height":3.1,"heightSource":"Catastro:numberOfFloorsAboveGround"},"geometry":{"type":"Polygon","coordinates":[[[642518.71,4825226.16],[642527.4,4825226.58],[642527.67,4825220.94],[642518.98,4825220.52],[642518.71,4825226.16]]]}},{"type":"Feature","properties":{"id":"2554122PJ4225S_part4","floors":2,"height":6.2,"heightSource":"Catastro:numberOfFloorsAboveGround"},"geometry":{"type":"Polygon","coordinates":[[[642503.59,4825225.45],[642518.71,4825226.16],[642518.98,4825220.52],[642503.85,4825219.81],[642503.59,4825225.45]]]}},{"type":"Feature","properties":{"id":"2554122PJ4225S_part5","floors":1,"height":3.1,"heightSource":"Catastro:numberOfFloorsAboveGround"},"geometry":{"type":"Polygon","coordinates":[[[642498.49,4825225.21],[642503.59,4825225.45],[642503.85,4825219.81],[642498.75,4825219.57],[642498.49,4825225.21]]]}},{"type":"Feature","properties":{"id":"2554122PJ4225S_part6","floors":2,"height":6.2,"heightSource":"Catastro:numberOfFloorsAboveGround"},"geometry":{"type":"Polygon","coordinates":[[[642483.48,4825218.85],[642483.21,4825224.49],[642498.49,4825225.21],[642498.75,4825219.57],[642483.48,4825218.85]]]}},{"type":"Feature","properties":{"id":"27005A00100015_part1","floors":2,"height":6.2,"heightSource":"Catastro:numberOfFloorsAboveGround"},"geometry":{"type":"Polygon","coordinates":[[[641976.749,4824349.9265],[641982.1565,4824352.853],[641983.482,4824353.5905],[641987.4195,4824346.5115],[641980.561,4824342.6965],[641976.749,4824349.9265]]]}},{"type":"Feature","properties":{"id":"27005A00100015_part2","floors":1,"height":3.1,"heightSource":"Catastro:numberOfFloorsAboveGround"},"geometry":{"type":"Polygon","coordinates":[[[641978.598,4824341.623],[641976.1855,4824345.9285],[641977.088,4824346.4305],[641979.495,4824342.1035],[641978.598,4824341.623]]]}},{"type":"Feature","properties":{"id":"27005A00100015_part3","floors":1,"height":3.1,"heightSource":"Catastro:numberOfFloorsAboveGround"},"geometry":{"type":"Polygon","coordinates":[[[641974.4975,4824344.9895],[641972.4555,4824348.6595],[641976.892,4824351.027],[641975.5435,4824353.5535],[641980.457,4824356.2865],[641982.1565,4824352.853],[641976.749,4824349.9265],[641980.561,4824342.6965],[641979.495,4824342.1035],[641977.088,4824346.4305],[641976.1855,4824345.9285],[641974.4975,4824344.9895]]]}},{"type":"Feature","properties":{"id":"27005A00100038_part1","floors":1,"height":3.1,"heightSource":"Catastro:numberOfFloorsAboveGround"},"geometry":{"type":"Polygon","coordinates":[[[641939.05,4824572.26],[641950.05,4824572.26],[641950.05,4824567.51],[641949.46,4824567.51],[641947.55,4824567.51],[641947.55,4824565.32],[641947.55,4824560.81],[641946.55,4824560.81],[641946.55,4824571.66],[641940.05,4824571.66],[641940.05,4824568.06],[641939.05,4824568.06],[641939.05,4824572.26]]]}},{"type":"Feature","properties":{"id":"27005A00100038_part2","floors":1,"height":3.1,"heightSource":"Catastro:numberOfFloorsAboveGround"},"geometry":{"type":"Polygon","coordinates":[[[641943.05,4824565.31],[641943.05,4824560.81],[641942.05,4824560.81],[641942.05,4824563.31],[641942.05,4824565.31],[641943.05,4824565.31]]]}},{"type":"Feature","properties":{"id":"27005A00100038_part3","floors":2,"height":6.2,"heightSource":"Catastro:numberOfFloorsAboveGround"},"geometry":{"type":"Polygon","coordinates":[[[641940.05,4824571.66],[641946.55,4824571.66],[641946.55,4824560.81],[641943.05,4824560.81],[641943.05,4824565.31],[641943.05,4824568.06],[641940.05,4824568.06],[641940.05,4824571.66]]]}},{"type":"Feature","properties":{"id":"27005A00100038_part4","floors":1,"height":3.1,"heightSource":"Catastro:numberOfFloorsAboveGround"},"geometry":{"type":"Polygon","coordinates":[[[641940.05,4824568.06],[641943.05,4824568.06],[641943.05,4824565.31],[641942.05,4824565.31],[641939.05,4824565.31],[641939.05,4824568.06],[641940.05,4824568.06]]]}},{"type":"Feature","properties":{"id":"27005A00100054_part1","floors":1,"height":3.1,"heightSource":"Catastro:numberOfFloorsAboveGround"},"geometry":{"type":"Polygon","coordinates":[[[641963.884,4824733.895],[641965.2165,4824739.0175],[641971.63,4824739.94],[641969.67,4824732.39],[641963.884,4824733.895]]]}},{"type":"Feature","properties":{"id":"27005A00100054_part2","floors":1,"height":3.1,"heightSource":"Catastro:numberOfFloorsAboveGround"},"geometry":{"type":"Polygon","coordinates":[[[641984.22,4824740.29],[641983.26,4824736.61],[641982.01,4824736.93],[641982.96,4824740.62],[641984.22,4824740.29]]]}},{"type":"Feature","properties":{"id":"27005A00100054_part3","floors":1,"height":3.1,"heightSource":"Catastro:numberOfFloorsAboveGround"},"geometry":{"type":"Polygon","coordinates":[[[641979.6515,4824738.61],[641975.485,4824739.699],[641976.74,4824744.5],[641979.54,4824743.78],[641980.3,4824746.68],[641984.27,4824745.65],[641982.96,4824740.62],[641982.01,4824736.93],[641980.5,4824731.13],[641977.89,4824731.8055],[641979.6515,4824738.61]]]}},{"type":"Feature","properties":{"id":"27005A00100054_part4","floors":2,"height":6.2,"heightSource":"Catastro:numberOfFloorsAboveGround"},"geometry":{"type":"Polygon","coordinates":[[[641973.7055,4824732.889],[641975.3,4824738.99],[641975.485,4824739.699],[641979.6515,4824738.61],[641977.89,4824731.8055],[641973.7055,4824732.889]]]}},{"type":"Feature","properties":{"id":"27005A00100054_part5","floors":1,"height":3.1,"heightSource":"Catastro:numberOfFloorsAboveGround"},"geometry":{"type":"Polygon","coordinates":[[[641973.3265,4824731.439],[641973.7055,4824732.889],[641977.89,4824731.8055],[641977.5145,4824730.3545],[641973.3265,4824731.439]]]}},{"type":"Feature","properties":{"id":"27005A00100054_part6","floors":1,"height":3.1,"heightSource":"Catastro:numberOfFloorsAboveGround"},"geometry":{"type":"Polygon","coordinates":[[[641969.67,4824732.39],[641971.63,4824739.94],[641975.3,4824738.99],[641973.7055,4824732.889],[641973.3265,4824731.439],[641969.67,4824732.39]]]}},{"type":"Feature","properties":{"id":"27005A00100065_part1","floors":4,"height":12.4,"heightSource":"Catastro:numberOfFloorsAboveGround"},"geometry":{"type":"Polygon","coordinates":[[[641982.8685,4824970.35],[641985.8885,4824977.16],[641989.359,4824975.62],[641990.769,4824974.99],[641987.759,4824968.19],[641985.339,4824969.26],[641982.8685,4824970.35]]]}},{"type":"Feature","properties":{"id":"27005A00100065_part2","floors":1,"height":3.1,"heightSource":"Catastro:numberOfFloorsAboveGround"},"geometry":{"type":"Polygon","coordinates":[[[641976.1085,4824949.82],[641979.6885,4824957.3],[641986.189,4824954.19],[641982.599,4824946.71],[641976.1085,4824949.82]]]}},{"type":"Feature","properties":{"id":"27005A00100065_part3","floors":3,"height":9.3,"heightSource":"Catastro:numberOfFloorsAboveGround"},"geometry":{"type":"Polygon","coordinates":[[[641981.4085,4824971.0],[641985.0485,4824979.23],[641988.4285,4824977.73],[641989.979,4824977.04],[641989.359,4824975.62],[641985.8885,4824977.16],[641982.8685,4824970.35],[641981.4085,4824971.0]]]}},{"type":"Feature","properties":{"id":"27005A00100065_part4","floors":3,"height":9.3,"heightSource":"Catastro:numberOfFloorsAboveGround"},"geometry":{"type":"Polygon","coordinates":[[[641980.6385,4824969.26],[641981.4085,4824971.0],[641982.8685,4824970.35],[641985.339,4824969.26],[641984.569,4824967.52],[641980.6385,4824969.26]]]}},{"type":"Feature","properties":{"id":"27005A00100065_part5","floors":3,"height":9.3,"heightSource":"Catastro:numberOfFloorsAboveGround"},"geometry":{"type":"Polygon","coordinates":[[[641980.0285,4824967.89],[641980.6385,4824969.26],[641984.569,4824967.52],[641983.959,4824966.15],[641980.0285,4824967.89]]]}},{"type":"Feature","properties":{"id":"27005A00100065_part6","floors":3,"height":9.3,"heightSource":"Catastro:numberOfFloorsAboveGround"},"geometry":{"type":"Polygon","coordinates":[[[641989.359,4824975.62],[641989.979,4824977.04],[641992.859,4824975.77],[641992.229,4824974.35],[641990.769,4824974.99],[641989.359,4824975.62]]]}},{"type":"Feature","properties":{"id":"27005A00100065_part7","floors":2,"height":6.2,"heightSource":"Catastro:numberOfFloorsAboveGround"},"geometry":{"type":"Polygon","coordinates":[[[641988.4285,4824977.73],[641988.9285,4824978.87],[641991.909,4824977.56],[641993.369,4824976.91],[641992.859,4824975.77],[641989.979,4824977.04],[641988.4285,4824977.73]]]}},{"type":"Feature","properties":{"id":"27005A00100065_part8","floors":3,"height":9.3,"heightSource":"Catastro:numberOfFloorsAboveGround"},"geometry":{"type":"Polygon","coordinates":[[[641984.569,4824967.52],[641985.339,4824969.26],[641987.759,4824968.19],[641990.769,4824974.99],[641992.229,4824974.35],[641988.459,4824965.8],[641984.569,4824967.52]]]}},{"type":"Feature","properties":{"id":"27005A00100065_part9","floors":2,"height":6.2,"heightSource":"Catastro:numberOfFloorsAboveGround"},"geometry":{"type":"Polygon","coordinates":[[[641987.849,4824964.43],[641983.959,4824966.15],[641984.569,4824967.52],[641988.459,4824965.8],[641987.849,4824964.43]]]}},{"type":"Feature","properties":{"id":"27005A00100066_part1","floors":3,"height":9.3,"heightSource":"Catastro:numberOfFloorsAboveGround"},"geometry":{"type":"Polygon","coordinates":[[[642032.6995,4824964.9705],[642033.1895,4824965.9005],[642033.6495,4824966.7905],[642036.4395,4824965.3205],[642035.4895,4824963.5105],[642033.7195,4824964.4405],[642032.6995,4824964.9705]]]}},{"type":"Feature","properties":{"id":"27005A00100066_part2","floors":4,"height":12.4,"heightSource":"Catastro:numberOfFloorsAboveGround"},"geometry":{"type":"Polygon","coordinates":[[[642031.3195,4824959.8805],[642029.5095,4824960.8305],[642028.9995,4824959.8605],[642028.0195,4824960.3705],[642028.5295,4824961.3505],[642026.7195,4824962.3005],[642029.1195,4824966.8605],[642030.4895,4824966.1405],[642030.9795,4824967.0705],[642033.1895,4824965.9005],[642032.6995,4824964.9705],[642033.7195,4824964.4405],[642031.3195,4824959.8805]]]}},{"type":"Feature","properties":{"id":"27005A00100066_part3","floors":2,"height":6.2,"heightSource":"Catastro:numberOfFloorsAboveGround"},"geometry":{"type":"Polygon","coordinates":[[[642025.7095,4824967.5805],[642027.0995,4824970.2305],[642028.2095,4824969.6505],[642026.8095,4824966.9905],[642025.7095,4824967.5805]]]}},{"type":"Feature","properties":{"id":"27005A00100066_part4","floors":3,"height":9.3,"heightSource":"Catastro:numberOfFloorsAboveGround"},"geometry":{"type":"Polygon","coordinates":[[[642024.1695,4824964.6505],[642025.7095,4824967.5805],[642026.8095,4824966.9905],[642025.2795,4824964.0705],[642024.1695,4824964.6505]]]}},{"type":"Feature","properties":{"id":"27005A00100066_part5","floors":3,"height":9.3,"heightSource":"Catastro:numberOfFloorsAboveGround"},"geometry":{"type":"Polygon","coordinates":[[[642023.8795,4824961.4205],[642025.2795,4824964.0705],[642026.8095,4824966.9905],[642028.2095,4824969.6505],[642033.6495,4824966.7905],[642033.1895,4824965.9005],[642030.9795,4824967.0705],[642030.4895,4824966.1405],[642029.1195,4824966.8605],[642026.7195,4824962.3005],[642028.5295,4824961.3505],[642028.0195,4824960.3705],[642028.9995,4824959.8605],[642029.5095,4824960.8305],[642031.3195,4824959.8805],[642033.7195,4824964.4405],[642035.4895,4824963.5105],[642032.1095,4824957.0905],[642027.7795,4824959.3705],[642023.8795,4824961.4205]]]}},{"type":"Feature","properties":{"id":"27005A00100066_part6","floors":2,"height":6.2,"heightSource":"Catastro:numberOfFloorsAboveGround"},"geometry":{"type":"Polygon","coordinates":[[[642022.7795,4824962.0005],[642024.1695,4824964.6505],[642025.2795,4824964.0705],[642023.8795,4824961.4205],[642022.7795,4824962.0005]]]}},{"type":"Feature","properties":{"id":"27005A00100078_part1","floors":1,"height":3.1,"heightSource":"Catastro:numberOfFloorsAboveGround"},"geometry":{"type":"Polygon","coordinates":[[[642055.63,4824838.19],[642038.76,4824841.0],[642039.7,4824846.67],[642050.25,4824844.92],[642056.57,4824843.87],[642055.63,4824838.19]]]}},{"type":"Feature","properties":{"id":"27005A00100078_part2","floors":1,"height":3.1,"heightSource":"Catastro:numberOfFloorsAboveGround"},"geometry":{"type":"Polygon","coordinates":[[[642051.27,4824851.09],[642043.43,4824852.39],[642044.041,4824856.0995],[642044.9,4824861.27],[642047.439,4824860.851],[642059.06,4824858.92],[642056.57,4824843.87],[642050.25,4824844.92],[642051.27,4824851.09]]]}},{"type":"Feature","properties":{"id":"27005A00100083_part1","floors":1,"height":3.1,"heightSource":"Catastro:numberOfFloorsAboveGround"},"geometry":{"type":"Polygon","coordinates":[[[642006.5,4824747.29],[642009.77,4824755.94],[642011.17,4824755.41],[642007.9,4824746.76],[642006.5,4824747.29]]]}},{"type":"Feature","properties":{"id":"27005A00100083_part2","floors":2,"height":6.2,"heightSource":"Catastro:numberOfFloorsAboveGround"},"geometry":{"type":"Polygon","coordinates":[[[642019.29,4824767.01],[642020.45,4824770.08],[642024.66,4824768.49],[642023.5,4824765.42],[642019.29,4824767.01]]]}},{"type":"Feature","properties":{"id":"27005A00100083_part3","floors":2,"height":6.2,"heightSource":"Catastro:numberOfFloorsAboveGround"},"geometry":{"type":"Polygon","coordinates":[[[642019.62,4824755.13],[642015.41,4824756.72],[642019.29,4824767.01],[642023.5,4824765.42],[642019.62,4824755.13]]]}},{"type":"Feature","properties":{"id":"27005A00100083_part4","floors":1,"height":3.1,"heightSource":"Catastro:numberOfFloorsAboveGround"},"geometry":{"type":"Polygon","coordinates":[[[642009.77,4824755.94],[642011.18,4824759.68],[642012.58,4824759.15],[642011.17,4824755.41],[642009.77,4824755.94]]]}},{"type":"Feature","properties":{"id":"27005A00100083_part5","floors":1,"height":3.1,"heightSource":"Catastro:numberOfFloorsAboveGround"},"geometry":{"type":"Polygon","coordinates":[[[642027.93,4824767.25],[642023.23,4824754.81],[642026.13,4824753.71],[642024.65,4824749.78],[642021.75,4824750.88],[642018.66,4824742.69],[642007.9,4824746.76],[642011.17,4824755.41],[642012.58,4824759.15],[642017.18,4824771.31],[642020.45,4824770.08],[642019.29,4824767.01],[642015.41,4824756.72],[642019.62,4824755.13],[642023.5,4824765.42],[642024.66,4824768.49],[642027.93,4824767.25]]]}},{"type":"Feature","properties":{"id":"27005A00100096_part4","floors":1,"height":3.1,"heightSource":"Catastro:numberOfFloorsAboveGround"},"geometry":{"type":"Polygon","coordinates":[[[642001.671,4824660.61],[642001.661,4824658.75],[642000.561,4824658.76],[641998.6705,4824658.77],[641998.6705,4824660.62],[642001.671,4824660.61]]]}},{"type":"Feature","properties":{"id":"27005A00100096_part5","floors":2,"height":6.2,"heightSource":"Catastro:numberOfFloorsAboveGround"},"geometry":{"type":"Polygon","coordinates":[[[641994.7105,4824658.79],[641994.7205,4824660.64],[641998.6705,4824660.62],[641998.6705,4824658.77],[641994.7105,4824658.79]]]}},{"type":"Feature","properties":{"id":"27005A00100096_part8","floors":3,"height":9.3,"heightSource":"Catastro:numberOfFloorsAboveGround"},"geometry":{"type":"Polygon","coordinates":[[[641993.7405,4824654.19],[641992.4405,4824654.2],[641992.4605,4824657.95],[641994.3605,4824657.94],[641994.3605,4824658.79],[641994.7105,4824658.79],[641998.6705,4824658.77],[642000.561,4824658.76],[642000.561,4824657.91],[642002.461,4824657.91],[642002.431,4824651.16],[642000.531,4824651.17],[642000.531,4824650.31],[641998.431,4824650.32],[641996.431,4824650.33],[641994.3305,4824650.34],[641994.3305,4824651.19],[641993.7305,4824651.19],[641993.7405,4824654.19]]]}},{"type":"Feature","properties":{"id":"27005A00100096_part9","floors":3,"height":9.3,"heightSource":"Catastro:numberOfFloorsAboveGround"},"geometry":{"type":"Polygon","coordinates":[[[641992.4305,4824651.2],[641992.4405,4824654.2],[641993.7405,4824654.19],[641993.7305,4824651.19],[641992.4305,4824651.2]]]}},{"type":"Feature","properties":{"id":"27005A00100108_part1","floors":1,"height":3.1,"heightSource":"Catastro:numberOfFloorsAboveGround"},"geometry":{"type":"Polygon","coordinates":[[[641971.5821,4824563.0958],[641973.31895,4824566.933],[641975.19105,4824566.0444],[641973.48045,4824562.17645],[641971.5821,4824563.0958]]]}},{"type":"Feature","properties":{"id":"27005A00100108_part2","floors":1,"height":3.1,"heightSource":"Catastro:numberOfFloorsAboveGround"},"geometry":{"type":"Polygon","coordinates":[[[641984.0863,4824578.52635],[641985.0836,4824580.72975],[641986.3252,4824580.157],[641985.4586,4824577.9052],[641984.0863,4824578.52635]]]}},{"type":"Feature","properties":{"id":"27005A00100108_part3","floors":1,"height":3.1,"heightSource":"Catastro:numberOfFloorsAboveGround"},"geometry":{"type":"Polygon","coordinates":[[[641983.177,4824571.9766],[641976.89825,4824574.84085],[641974.9803,4824575.709],[641977.58705,4824581.4681],[641984.0863,4824578.52635],[641985.4586,4824577.9052],[641983.177,4824571.9766]]]}},{"type":"Feature","properties":{"id":"27005A00100108_part4","floors":1,"height":3.1,"heightSource":"Catastro:numberOfFloorsAboveGround"},"geometry":{"type":"Polygon","coordinates":[[[641982.5526,4824570.35415],[641982.26565,4824569.60855],[641981.39435,4824567.3445],[641980.01315,4824563.75555],[641979.751,4824563.88],[641977.85135,4824564.7817],[641980.64295,4824571.20255],[641982.5526,4824570.35415]]]}},{"type":"Feature","properties":{"id":"27005A00100108_part5","floors":2,"height":6.2,"heightSource":"Catastro:numberOfFloorsAboveGround"},"geometry":{"type":"Polygon","coordinates":[[[641975.411,4824565.94],[641973.31895,4824566.933],[641976.1541,4824573.1968],[641976.83645,4824572.89365],[641980.64295,4824571.20255],[641977.85135,4824564.7817],[641975.411,4824565.94]]]}},{"type":"Feature","properties":{"id":"27005A00100108_part6","floors":1,"height":3.1,"heightSource":"Catastro:numberOfFloorsAboveGround"},"geometry":{"type":"Polygon","coordinates":[[[641976.83645,4824572.89365],[641977.56615,4824574.53615],[641983.177,4824571.9766],[641982.5526,4824570.35415],[641976.83645,4824572.89365]]]}},{"type":"Feature","properties":{"id":"27005A00100108_part7","floors":1,"height":3.1,"heightSource":"Catastro:numberOfFloorsAboveGround"},"geometry":{"type":"Polygon","coordinates":[[[641978.85985,4824560.7588],[641978.3549,4824559.81575],[641973.48045,4824562.17645],[641975.19105,4824566.0444],[641975.411,4824565.94],[641979.751,4824563.88],[641980.01315,4824563.75555],[641978.85985,4824560.7588]]]}},{"type":"Feature","properties":{"id":"27005A00100162_part1","floors":2,"height":6.2,"heightSource":"Catastro:numberOfFloorsAboveGround"},"geometry":{"type":"Polygon","coordinates":[[[641931.7705,4824443.3159],[641931.29355,4824442.988],[641929.40055,4824443.43515],[641929.0279,4824443.98665],[641929.1587,4824444.38955],[641923.82065,4824445.6272],[641924.8495,4824450.0646],[641929.9251,4824448.8142],[641930.93865,4824453.22625],[641937.07875,4824451.806],[641935.9916,4824446.8616],[641936.6547,4824446.7158],[641935.8045,4824442.8487],[641931.90405,4824443.75305],[641931.7705,4824443.3159]]]}},{"type":"Feature","properties":{"id":"27005A00100162_part2","floors":1,"height":3.1,"heightSource":"Catastro:numberOfFloorsAboveGround"},"geometry":{"type":"Polygon","coordinates":[[[641930.93865,4824453.22625],[641929.55245,4824453.53925],[641928.56145,4824449.15015],[641927.4134,4824449.433],[641928.49415,4824454.06095],[641930.9971,4824453.47645],[641930.93865,4824453.22625]]]}},{"type":"Feature","properties":{"id":"27005A00100162_part3","floors":2,"height":6.2,"heightSource":"Catastro:numberOfFloorsAboveGround"},"geometry":{"type":"Polygon","coordinates":[[[641929.9251,4824448.8142],[641928.56145,4824449.15015],[641929.55245,4824453.53925],[641930.93865,4824453.22625],[641929.9251,4824448.8142]]]}},{"type":"Feature","properties":{"id":"27005A00100162_part5","floors":1,"height":3.1,"heightSource":"Catastro:numberOfFloorsAboveGround"},"geometry":{"type":"Polygon","coordinates":[[[641937.3182,4824451.7506],[641938.51815,4824451.46135],[641936.48475,4824442.691],[641935.8045,4824442.8487],[641936.6547,4824446.7158],[641935.9916,4824446.8616],[641937.07875,4824451.806],[641937.3182,4824451.7506]]]}},{"type":"Feature","properties":{"id":"27005A00100162_part7","floors":1,"height":3.1,"heightSource":"Catastro:numberOfFloorsAboveGround"},"geometry":{"type":"Polygon","coordinates":[[[641938.018,4824454.65385],[641937.3182,4824451.7506],[641937.07875,4824451.806],[641930.93865,4824453.22625],[641931.6185,4824456.13755],[641937.7201,4824454.7229],[641938.018,4824454.65385]]]}},{"type":"Feature","properties":{"id":"27005A00100163_part1","floors":2,"height":6.2,"heightSource":"Catastro:numberOfFloorsAboveGround"},"geometry":{"type":"Polygon","coordinates":[[[641972.85,4824437.39],[641971.61,4824439.67],[641972.13,4824440.7],[641974.0,4824437.27],[641972.85,4824437.39]]]}},{"type":"Feature","properties":{"id":"27005A00100163_part2","floors":1,"height":3.1,"heightSource":"Catastro:numberOfFloorsAboveGround"},"geometry":{"type":"Polygon","coordinates":[[[641983.17,4824446.36],[641982.56,4824446.03],[641980.12,4824450.51],[641981.26,4824451.13],[641985.56,4824443.22],[641985.03,4824442.93],[641983.17,4824446.36]]]}},{"type":"Feature","properties":{"id":"27005A00100163_part3","floors":1,"height":3.1,"heightSource":"Catastro:numberOfFloorsAboveGround"},"geometry":{"type":"Polygon","coordinates":[[[641974.47,4824451.58],[641976.74,4824452.83],[641977.63,4824452.57],[641974.2,4824450.7],[641974.47,4824451.58]]]}},{"type":"Feature","properties":{"id":"27005A00100163_part4","floors":2,"height":6.2,"heightSource":"Catastro:numberOfFloorsAboveGround"},"geometry":{"type":"Polygon","coordinates":[[[641973.35,4824446.83],[641974.57,4824447.5],[641976.73,4824443.54],[641975.51,4824442.88],[641973.35,4824446.83]]]}},{"type":"Feature","properties":{"id":"27005A00100163_part5","floors":1,"height":3.1,"heightSource":"Catastro:numberOfFloorsAboveGround"},"geometry":{"type":"Polygon","coordinates":[[[641973.15,4824450.13],[641974.2,4824450.7],[641977.63,4824452.57],[641978.68,4824453.14],[641980.12,4824450.51],[641974.57,4824447.5],[641974.48,4824447.67],[641973.15,4824450.13]]]}},{"type":"Feature","properties":{"id":"27005A00100163_part6","floors":1,"height":3.1,"heightSource":"Catastro:numberOfFloorsAboveGround"},"geometry":{"type":"Polygon","coordinates":[[[641972.25,4824446.46],[641974.48,4824447.67],[641974.57,4824447.5],[641973.35,4824446.83],[641975.51,4824442.88],[641974.5,4824442.33],[641972.25,4824446.46]]]}},{"type":"Feature","properties":{"id":"27005A00100163_part7","floors":2,"height":6.2,"heightSource":"Catastro:numberOfFloorsAboveGround"},"geometry":{"type":"Polygon","coordinates":[[[641971.99,4824440.96],[641974.5,4824442.33],[641975.51,4824442.88],[641976.73,4824443.54],[641974.57,4824447.5],[641980.12,4824450.51],[641982.56,4824446.03],[641983.17,4824446.36],[641985.03,4824442.93],[641981.35,4824440.93],[641981.55,4824440.56],[641981.57,4824440.09],[641979.55,4824438.99],[641979.17,4824439.26],[641978.97,4824439.63],[641974.14,4824437.01],[641974.0,4824437.27],[641972.13,4824440.7],[641971.99,4824440.96]]]}},{"type":"Feature","properties":{"id":"27005A00100164_part1","floors":1,"height":3.1,"heightSource":"Catastro:numberOfFloorsAboveGround"},"geometry":{"type":"Polygon","coordinates":[[[641963.7135,4824410.04295],[641969.2044,4824413.1316],[641970.6752,4824410.5169],[641965.17805,4824407.4393],[641963.7135,4824410.04295]]]}},{"type":"Feature","properties":{"id":"27005A00100164_part2","floors":2,"height":6.2,"heightSource":"Catastro:numberOfFloorsAboveGround"},"geometry":{"type":"Polygon","coordinates":[[[641963.60125,4824397.3066],[641962.3431,4824399.641],[641962.8418,4824400.5781],[641964.71935,4824397.2402],[641963.60125,4824397.3066]]]}},{"type":"Feature","properties":{"id":"27005A00100164_part3","floors":1,"height":3.1,"heightSource":"Catastro:numberOfFloorsAboveGround"},"geometry":{"type":"Polygon","coordinates":[[[641965.2123,4824402.28095],[641962.8888,4824406.38655],[641965.0922,4824407.5919],[641965.17805,4824407.4393],[641963.99535,4824406.7655],[641966.1867,4824402.82905],[641965.2123,4824402.28095]]]}},{"type":"Feature","properties":{"id":"27005A00100164_part4","floors":2,"height":6.2,"heightSource":"Catastro:numberOfFloorsAboveGround"},"geometry":{"type":"Polygon","coordinates":[[[641963.99535,4824406.7655],[641965.17805,4824407.4393],[641967.39045,4824403.50615],[641966.1867,4824402.82905],[641963.99535,4824406.7655]]]}},{"type":"Feature","properties":{"id":"27005A00100164_part5","floors":2,"height":6.2,"heightSource":"Catastro:numberOfFloorsAboveGround"},"geometry":{"type":"Polygon","coordinates":[[[641972.2871,4824400.58085],[641972.2871,4824400.14125],[641970.3013,4824399.0195],[641969.89205,4824399.2772],[641969.71365,4824399.6499],[641964.8901,4824396.93665],[641962.68395,4824400.85875],[641967.39045,4824403.50615],[641965.17805,4824407.4393],[641970.6752,4824410.5169],[641973.2269,4824406.0682],[641973.7878,4824406.46235],[641975.7183,4824403.0275],[641972.05305,4824400.9658],[641972.2871,4824400.58085]]]}},{"type":"Feature","properties":{"id":"27005A00100164_part6","floors":1,"height":3.1,"heightSource":"Catastro:numberOfFloorsAboveGround"},"geometry":{"type":"Polygon","coordinates":[[[641973.7878,4824406.46235],[641973.2269,4824406.0682],[641970.6752,4824410.5169],[641971.80825,4824411.1542],[641976.2206,4824403.31005],[641975.7183,4824403.0275],[641973.7878,4824406.46235]]]}},{"type":"Feature","properties":{"id":"27005A00100164_part7","floors":1,"height":3.1,"heightSource":"Catastro:numberOfFloorsAboveGround"},"geometry":{"type":"Polygon","coordinates":[[[641965.0413,4824411.495],[641967.3151,4824412.78345],[641968.1806,4824412.5557],[641964.78915,4824410.648],[641965.0413,4824411.495]]]}},{"type":"Feature","properties":{"id":"27005A00200276_part1","floors":2,"height":6.2,"heightSource":"Catastro:numberOfFloorsAboveGround"},"geometry":{"type":"Polygon","coordinates":[[[642222.57,4824376.39],[642228.71,4824370.51],[642218.92,4824360.29],[642212.78,4824366.17],[642222.57,4824376.39]]]}},{"type":"Feature","properties":{"id":"27005A00200276_part2","floors":1,"height":3.1,"heightSource":"Catastro:numberOfFloorsAboveGround"},"geometry":{"type":"Polygon","coordinates":[[[642236.54,4824355.52],[642242.25,4824359.57],[642245.14,4824355.49],[642239.43,4824351.44],[642236.54,4824355.52]]]}},{"type":"Feature","properties":{"id":"27005A00200339_part1","floors":1,"height":3.1,"heightSource":"Catastro:numberOfFloorsAboveGround"},"geometry":{"type":"Polygon","coordinates":[[[642507.5434,4825328.83785],[642508.11245,4825338.17055],[642512.7063,4825337.8904],[642512.0794,4825328.561],[642507.5434,4825328.83785]]]}},{"type":"Feature","properties":{"id":"27005A00200339_part2","floors":1,"height":3.1,"heightSource":"Catastro:numberOfFloorsAboveGround"},"geometry":{"type":"Polygon","coordinates":[[[642481.844,4825327.95085],[642481.844,4825332.27695],[642484.6213,4825332.27695],[642484.51445,4825327.95085],[642481.844,4825327.95085]]]}},{"type":"Feature","properties":{"id":"27005A00200339_part3","floors":1,"height":3.1,"heightSource":"Catastro:numberOfFloorsAboveGround"},"geometry":{"type":"Polygon","coordinates":[[[642491.62285,4825325.8312],[642491.96855,4825334.93465],[642503.6601,4825334.49065],[642503.3144,4825325.3872],[642491.62285,4825325.8312]]]}},{"type":"Feature","properties":{"id":"2755001PJ4225N_part1","floors":1,"height":3.1,"heightSource":"Catastro:numberOfFloorsAboveGround"},"geometry":{"type":"Polygon","coordinates":[[[642460.32,4825322.13],[642458.63,4825313.3],[642456.86,4825313.64],[642458.55,4825322.47],[642459.54,4825322.28],[642460.32,4825322.13]]]}},{"type":"Feature","properties":{"id":"2755001PJ4225N_part2","floors":1,"height":3.1,"heightSource":"Catastro:numberOfFloorsAboveGround"},"geometry":{"type":"Polygon","coordinates":[[[642450.19,4825314.91],[642451.08,4825319.6],[642451.77,4825319.46],[642450.88,4825314.78],[642450.19,4825314.91]]]}},{"type":"Feature","properties":{"id":"2755001PJ4225N_part3","floors":2,"height":6.2,"heightSource":"Catastro:numberOfFloorsAboveGround"},"geometry":{"type":"Polygon","coordinates":[[[642450.88,4825314.78],[642451.77,4825319.46],[642452.56,4825319.31],[642451.66,4825314.63],[642450.88,4825314.78]]]}},{"type":"Feature","properties":{"id":"2755001PJ4225N_part4","floors":1,"height":3.1,"heightSource":"Catastro:numberOfFloorsAboveGround"},"geometry":{"type":"Polygon","coordinates":[[[642451.08,4825319.6],[642451.88,4825323.75],[642453.65,4825323.41],[642453.35,4825321.83],[642452.26,4825322.04],[642451.77,4825319.46],[642451.08,4825319.6]]]}},{"type":"Feature","properties":{"id":"2755001PJ4225N_part5","floors":1,"height":3.1,"heightSource":"Catastro:numberOfFloorsAboveGround"},"geometry":{"type":"Polygon","coordinates":[[[642457.2135,4825306.825],[642456.4935,4825306.885],[642455.6635,4825306.945],[642452.6735,4825307.175],[642451.5395,4825307.261],[642451.8,4825310.66],[642460.27,4825310.02],[642460.38,4825311.44],[642462.58,4825311.28],[642462.5005,4825306.435],[642457.2135,4825306.825]]]}},{"type":"Feature","properties":{"id":"2755001PJ4225N_part6","floors":2,"height":6.2,"heightSource":"Catastro:numberOfFloorsAboveGround"},"geometry":{"type":"Polygon","coordinates":[[[642451.66,4825314.63],[642452.56,4825319.31],[642451.77,4825319.46],[642452.26,4825322.04],[642453.35,4825321.83],[642453.65,4825323.41],[642456.69,4825322.83],[642458.55,4825322.47],[642456.86,4825313.64],[642451.66,4825314.63]]]}},{"type":"Feature","properties":{"id":"2755003PJ4225N_part1","floors":1,"height":3.1,"heightSource":"Catastro:numberOfFloorsAboveGround"},"geometry":{"type":"Polygon","coordinates":[[[642494.384,4825299.3455],[642494.234,4825293.2655],[642490.944,4825293.3455],[642490.894,4825291.4955],[642496.834,4825291.3255],[642496.744,4825286.6255],[642496.634,4825279.9255],[642483.344,4825280.2055],[642483.474,4825286.6255],[642483.584,4825291.7655],[642488.594,4825291.6555],[642488.764,4825299.4755],[642494.384,4825299.3455]]]}},{"type":"Feature","properties":{"id":"2755004PJ4225N_part1","floors":1,"height":3.1,"heightSource":"Catastro:numberOfFloorsAboveGround"},"geometry":{"type":"Polygon","coordinates":[[[642501.294,4825295.4155],[642501.439,4825304.414],[642514.4375,4825304.205],[642514.293,4825295.2235],[642501.294,4825295.4155]]]}},{"type":"Feature","properties":{"id":"2755005PJ4225N_part1","floors":3,"height":9.3,"heightSource":"Catastro:numberOfFloorsAboveGround"},"geometry":{"type":"Polygon","coordinates":[[[642538.008,4825300.602],[642537.5995,4825300.75],[642537.507,4825300.8095],[642537.226,4825300.99],[642536.919,4825301.304],[642536.688,4825301.682],[642536.545,4825302.105],[642536.491,4825302.543],[642536.548,4825302.9765],[642536.6855,4825303.3945],[642536.9155,4825303.7675],[642537.229,4825304.085],[642537.4145,4825304.206],[642537.5965,4825304.325],[642538.413,4825304.476],[642538.417,4825304.33],[642538.429,4825303.8935],[642538.51,4825300.891],[642538.5195,4825300.545],[642538.008,4825300.602]]]}},{"type":"Feature","properties":{"id":"2755005PJ4225N_part2","floors":3,"height":9.3,"heightSource":"Catastro:numberOfFloorsAboveGround"},"geometry":{"type":"Polygon","coordinates":[[[642538.059,4825288.1865],[642537.8455,4825288.3265],[642537.706,4825288.418],[642537.399,4825288.7215],[642537.1795,4825289.0805],[642537.0275,4825289.4825],[642536.975,4825289.9005],[642537.022,4825290.3235],[642537.15,4825290.731],[642537.3705,4825291.1035],[642537.6645,4825291.41],[642537.76,4825291.474],[642538.022,4825291.6495],[642538.7565,4825291.8035],[642538.8355,4825288.899],[642538.846,4825288.521],[642538.8565,4825288.1215],[642538.86,4825287.992],[642538.059,4825288.1865]]]}},{"type":"Feature","properties":{"id":"2755005PJ4225N_part3","floors":1,"height":3.1,"heightSource":"Catastro:numberOfFloorsAboveGround"},"geometry":{"type":"Polygon","coordinates":[[[642537.7745,4825305.7985],[642537.717,4825307.898],[642537.315,4825307.887],[642537.2065,4825311.8855],[642537.19,4825312.485],[642537.179,4825312.885],[642537.152,4825313.885],[642538.157,4825313.912],[642538.184,4825312.912],[642538.195,4825312.5125],[642538.266,4825309.904],[642538.3475,4825306.898],[642538.3765,4825305.815],[642537.7745,4825305.7985]]]}},{"type":"Feature","properties":{"id":"2755005PJ4225N_part4","floors":3,"height":9.3,"heightSource":"Catastro:numberOfFloorsAboveGround"},"geometry":{"type":"Polygon","coordinates":[[[642537.786,4825293.049],[642537.668,4825296.394],[642537.655,4825296.767],[642537.61,4825298.091],[642537.5715,4825299.2365],[642538.554,4825299.27],[642538.5915,4825297.89],[642538.673,4825294.891],[642538.722,4825293.09],[642537.786,4825293.049]]]}},{"type":"Feature","properties":{"id":"2755005PJ4225N_part5","floors":1,"height":3.1,"heightSource":"Catastro:numberOfFloorsAboveGround"},"geometry":{"type":"Polygon","coordinates":[[[642538.1015,4825278.897],[642538.074,4825279.8975],[642538.0635,4825280.2965],[642537.969,4825283.763],[642538.3745,4825283.774],[642538.32,4825285.773],[642538.92,4825285.7895],[642538.998,4825282.914],[642539.068,4825280.324],[642539.079,4825279.9245],[642539.106,4825278.9245],[642538.1015,4825278.897]]]}},{"type":"Feature","properties":{"id":"2755005PJ4225N_part6","floors":2,"height":6.2,"heightSource":"Catastro:numberOfFloorsAboveGround"},"geometry":{"type":"Polygon","coordinates":[[[642538.157,4825313.912],[642541.051,4825313.9905],[642541.062,4825313.5905],[642541.078,4825312.991],[642538.184,4825312.912],[642538.157,4825313.912]]]}},{"type":"Feature","properties":{"id":"2755005PJ4225N_part8","floors":3,"height":9.3,"heightSource":"Catastro:numberOfFloorsAboveGround"},"geometry":{"type":"Polygon","coordinates":[[[642538.3475,4825306.898],[642538.266,4825309.904],[642538.195,4825312.5125],[642541.089,4825312.591],[642544.8875,4825312.694],[642544.8765,4825313.0935],[642544.9815,4825313.0965],[642546.7765,4825313.1455],[642546.876,4825313.148],[642546.887,4825312.7485],[642550.6855,4825312.8515],[642553.088,4825312.9165],[642553.0735,4825313.316],[642553.1745,4825313.319],[642553.217,4825311.567],[642553.247,4825310.3295],[642553.297,4825308.279],[642553.3115,4825308.279],[642553.3375,4825307.3395],[642553.352,4825306.726],[642553.3345,4825306.726],[642553.3455,4825306.2215],[642553.365,4825305.306],[642553.375,4825304.886],[642553.4015,4825304.8825],[642553.402,4825304.753],[642553.4645,4825301.3665],[642553.475,4825300.946],[642553.515,4825299.676],[642553.548,4825298.4065],[642553.549,4825298.3625],[642553.627,4825295.358],[642553.633,4825295.1215],[642553.675,4825293.496],[642553.702,4825292.351],[642553.705,4825292.216],[642553.743,4825292.21],[642553.78,4825289.341],[642553.7875,4825288.9265],[642553.8455,4825288.398],[642553.805,4825288.386],[642553.825,4825287.326],[642553.8745,4825287.327],[642553.896,4825286.528],[642553.905,4825286.198],[642554.052,4825280.7305],[642551.559,4825280.663],[642547.7605,4825280.56],[642547.7715,4825280.16],[642547.6655,4825280.157],[642545.8765,4825280.109],[642545.772,4825280.106],[642545.761,4825280.5055],[642541.9625,4825280.4025],[642539.068,4825280.324],[642538.998,4825282.914],[642538.92,4825285.7895],[642538.9165,4825285.9055],[642538.911,4825286.1225],[642538.889,4825286.9205],[642538.86,4825287.992],[642538.8565,4825288.1215],[642538.846,4825288.521],[642538.8355,4825288.899],[642538.7565,4825291.8035],[642538.754,4825291.894],[642538.722,4825293.09],[642538.673,4825294.891],[642538.5915,4825297.89],[642538.554,4825299.27],[642538.5195,4825300.545],[642538.51,4825300.891],[642538.429,4825303.8935],[642538.417,4825304.33],[642538.413,4825304.476],[642538.3765,4825305.815],[642538.3475,4825306.898]],[[642543.2205,4825303.8575],[642545.22,4825303.9145],[642545.2025,4825304.5215],[642545.214,4825304.522],[642545.1765,4825305.914],[642545.163,4825305.914],[642543.1635,4825305.8565],[642543.2035,4825304.465],[642543.2205,4825303.8575]],[[642543.6545,4825288.2515],[642543.6815,4825287.252],[642545.681,4825287.306],[642545.6755,4825287.506],[642545.643,4825288.7055],[642545.627,4825289.305],[642543.6275,4825289.251],[642543.644,4825288.651],[642543.6545,4825288.2515]],[[642549.01,4825304.0235],[642548.9925,4825304.6285],[642548.9525,4825306.0225],[642546.97,4825305.9655],[642547.0075,4825304.5725],[642547.024,4825303.9665],[642549.01,4825304.0235]],[[642549.471,4825287.4085],[642549.433,4825288.8085],[642549.417,4825289.4075],[642547.418,4825289.354],[642547.434,4825288.754],[642547.4665,4825287.5545],[642547.4715,4825287.3545],[642549.471,4825287.4085]]]}},{"type":"Feature","properties":{"id":"2755005PJ4225N_part10","floors":2,"height":6.2,"heightSource":"Catastro:numberOfFloorsAboveGround"},"geometry":{"type":"Polygon","coordinates":[[[642539.079,4825279.9245],[642541.9735,4825280.003],[642541.9895,4825279.403],[642541.9925,4825279.2925],[642541.995,4825279.203],[642541.9975,4825279.1135],[642542.0005,4825279.003],[642539.106,4825278.9245],[642539.079,4825279.9245]]]}},{"type":"Feature","properties":{"id":"2755005PJ4225N_part11","floors":2,"height":6.2,"heightSource":"Catastro:numberOfFloorsAboveGround"},"geometry":{"type":"Polygon","coordinates":[[[642541.062,4825313.5905],[642541.1725,4825313.6385],[642542.03,4825313.9065],[642542.9505,4825314.042],[642543.877,4825313.9565],[642544.7475,4825313.736],[642544.8605,4825313.6935],[642544.8765,4825313.0935],[642543.596,4825313.059],[642543.147,4825313.047],[642541.078,4825312.991],[642541.062,4825313.5905]]]}},{"type":"Feature","properties":{"id":"2755005PJ4225N_part15","floors":1,"height":3.1,"heightSource":"Catastro:numberOfFloorsAboveGround"},"geometry":{"type":"Polygon","coordinates":[[[642543.1635,4825305.8565],[642545.163,4825305.914],[642545.1765,4825305.914],[642545.214,4825304.522],[642545.2025,4825304.5215],[642545.22,4825303.9145],[642543.2205,4825303.8575],[642543.2035,4825304.465],[642543.1635,4825305.8565]]]}},{"type":"Feature","properties":{"id":"2755005PJ4225N_part17","floors":2,"height":6.2,"heightSource":"Catastro:numberOfFloorsAboveGround"},"geometry":{"type":"Polygon","coordinates":[[[642544.85,4825314.0935],[642545.648,4825314.115],[642545.848,4825314.1205],[642546.849,4825314.148],[642546.86,4825313.748],[642546.876,4825313.148],[642546.7765,4825313.1455],[642544.9815,4825313.0965],[642544.8765,4825313.0935],[642544.8605,4825313.6935],[642544.85,4825314.0935]]]}},{"type":"Feature","properties":{"id":"2755005PJ4225N_part18","floors":2,"height":6.2,"heightSource":"Catastro:numberOfFloorsAboveGround"},"geometry":{"type":"Polygon","coordinates":[[[642545.772,4825280.106],[642545.8765,4825280.109],[642547.6655,4825280.157],[642547.7715,4825280.16],[642547.7875,4825279.56],[642547.798,4825279.1605],[642546.7985,4825279.133],[642546.596,4825279.128],[642545.799,4825279.106],[642545.796,4825279.2165],[642545.7935,4825279.306],[642545.791,4825279.3955],[642545.788,4825279.506],[642545.772,4825280.106]]]}},{"type":"Feature","properties":{"id":"2755005PJ4225N_part19","floors":2,"height":6.2,"heightSource":"Catastro:numberOfFloorsAboveGround"},"geometry":{"type":"Polygon","coordinates":[[[642546.86,4825313.748],[642546.9705,4825313.796],[642547.828,4825314.0635],[642548.7485,4825314.1995],[642549.675,4825314.114],[642550.5455,4825313.893],[642550.6585,4825313.851],[642550.6745,4825313.251],[642548.176,4825313.183],[642547.8625,4825313.175],[642546.876,4825313.148],[642546.86,4825313.748]]]}},{"type":"Feature","properties":{"id":"2755005PJ4225N_part21","floors":1,"height":3.1,"heightSource":"Catastro:numberOfFloorsAboveGround"},"geometry":{"type":"Polygon","coordinates":[[[642547.0075,4825304.5725],[642546.97,4825305.9655],[642548.9525,4825306.0225],[642548.9925,4825304.6285],[642549.01,4825304.0235],[642547.024,4825303.9665],[642547.0075,4825304.5725]]]}},{"type":"Feature","properties":{"id":"2755005PJ4225N_part23","floors":2,"height":6.2,"heightSource":"Catastro:numberOfFloorsAboveGround"},"geometry":{"type":"Polygon","coordinates":[[[642547.7715,4825280.16],[642548.502,4825280.18],[642550.864,4825280.244],[642550.8915,4825279.433],[642550.618,4825279.3475],[642549.6975,4825279.212],[642548.771,4825279.2975],[642547.9005,4825279.518],[642547.7875,4825279.56],[642547.7715,4825280.16]]]}},{"type":"Feature","properties":{"id":"2755005PJ4225N_part24","floors":2,"height":6.2,"heightSource":"Catastro:numberOfFloorsAboveGround"},"geometry":{"type":"Polygon","coordinates":[[[642550.6475,4825314.251],[642553.038,4825314.316],[642553.0735,4825313.316],[642550.6745,4825313.251],[642550.6585,4825313.851],[642550.6475,4825314.251]]]}},{"type":"Feature","properties":{"id":"2755005PJ4225N_part28","floors":2,"height":6.2,"heightSource":"Catastro:numberOfFloorsAboveGround"},"geometry":{"type":"Polygon","coordinates":[[[642551.57,4825280.263],[642554.063,4825280.331],[642554.052,4825280.7305],[642554.1405,4825280.733],[642554.2005,4825279.334],[642551.597,4825279.2635],[642551.586,4825279.6635],[642551.57,4825280.263]]]}},{"type":"Feature","properties":{"id":"2755005PJ4225N_part29","floors":1,"height":3.1,"heightSource":"Catastro:numberOfFloorsAboveGround"},"geometry":{"type":"Polygon","coordinates":[[[642553.038,4825314.316],[642554.146,4825314.346],[642554.173,4825313.346],[642554.184,4825312.946],[642554.2,4825312.3465],[642554.3085,4825308.3475],[642553.866,4825308.3355],[642553.886,4825307.3545],[642553.3375,4825307.3395],[642553.3115,4825308.279],[642553.297,4825308.279],[642553.247,4825310.3295],[642553.217,4825311.567],[642553.1745,4825313.319],[642553.0735,4825313.316],[642553.038,4825314.316]]]}},{"type":"Feature","properties":{"id":"2755005PJ4225N_part31","floors":3,"height":9.3,"heightSource":"Catastro:numberOfFloorsAboveGround"},"geometry":{"type":"Polygon","coordinates":[[[642554.225,4825304.776],[642554.4085,4825304.67],[642554.605,4825304.556],[642554.819,4825304.3615],[642554.8515,4825303.141],[642554.8935,4825301.601],[642554.775,4825301.466],[642554.683,4825301.3995],[642553.4645,4825301.3665],[642553.402,4825304.753],[642553.4015,4825304.8825],[642554.225,4825304.776]]]}},{"type":"Feature","properties":{"id":"2755005PJ4225N_part33","floors":3,"height":9.3,"heightSource":"Catastro:numberOfFloorsAboveGround"},"geometry":{"type":"Polygon","coordinates":[[[642553.633,4825295.1215],[642553.627,4825295.358],[642553.549,4825298.3625],[642553.548,4825298.4065],[642553.515,4825299.676],[642553.542,4825299.6765],[642554.525,4825299.696],[642554.548,4825298.5505],[642554.575,4825297.226],[642554.582,4825296.865],[642554.645,4825293.506],[642553.7085,4825293.4965],[642553.675,4825293.496],[642553.633,4825295.1215]]]}},{"type":"Feature","properties":{"id":"2755005PJ4225N_part34","floors":3,"height":9.3,"heightSource":"Catastro:numberOfFloorsAboveGround"},"geometry":{"type":"Polygon","coordinates":[[[642554.485,4825292.096],[642554.754,4825291.936],[642554.855,4825291.876],[642555.165,4825291.586],[642555.405,4825291.226],[642555.555,4825290.826],[642555.625,4825290.406],[642555.595,4825289.986],[642555.465,4825289.576],[642555.265,4825289.206],[642555.0425,4825288.9605],[642554.975,4825288.886],[642554.839,4825288.786],[642554.635,4825288.636],[642554.3975,4825288.5645],[642553.8455,4825288.398],[642553.7875,4825288.9265],[642553.78,4825289.341],[642553.743,4825292.21],[642554.485,4825292.096]]]}},{"type":"Feature","properties":{"id":"2755005PJ4225N_part35","floors":1,"height":3.1,"heightSource":"Catastro:numberOfFloorsAboveGround"},"geometry":{"type":"Polygon","coordinates":[[[642553.905,4825286.198],[642554.499,4825286.214],[642554.553,4825284.215],[642554.963,4825284.226],[642555.057,4825280.758],[642555.068,4825280.358],[642555.095,4825279.3585],[642554.2005,4825279.334],[642554.1405,4825280.733],[642554.052,4825280.7305],[642553.905,4825286.198]]]}},{"type":"Feature","properties":{"id":"2755013PJ4225N_part1","floors":2,"height":6.2,"heightSource":"Catastro:numberOfFloorsAboveGround"},"geometry":{"type":"Polygon","coordinates":[[[642455.3135,4825287.375],[642448.8935,4825287.395],[642448.8935,4825288.255],[642448.9035,4825290.045],[642448.9035,4825290.465],[642448.9035,4825290.885],[642448.9035,4825291.305],[642448.9035,4825291.735],[642448.9235,4825295.675],[642447.3635,4825295.675],[642440.153,4825295.675],[642440.173,4825303.245],[642447.4535,4825303.235],[642455.3435,4825303.215],[642455.3335,4825296.055],[642455.3135,4825287.375]]]}}]}
