{"type":"FeatureCollection","name":"barreiros-san-bartolo-buildings","crs":{"type":"name","properties":{"name":"EPSG:25829"}},"source":"Direcci\u00f3n General del Catastro, INSPIRE BU","features":[{"type":"Feature","properties":{"id":"C00701500PJ42E_part1","floors":3,"height":9.3,"heightSource":"Catastro:numberOfFloorsAboveGround"},"geometry":{"type":"Polygon","coordinates":[[[643106.799,4824860.1085],[643111.967,4824869.819],[643117.749,4824866.7415],[643112.581,4824857.031],[643106.799,4824860.1085]]]}},{"type":"Feature","properties":{"id":"C00701500PJ42E_part2","floors":1,"height":3.1,"heightSource":"Catastro:numberOfFloorsAboveGround"},"geometry":{"type":"Polygon","coordinates":[[[643114.7435,4824855.88],[643118.3145,4824862.589],[643119.506,4824861.9545],[643115.939,4824855.2525],[643114.7435,4824855.88]]]}},{"type":"Feature","properties":{"id":"C00701500PJ42E_part3","floors":2,"height":6.2,"heightSource":"Catastro:numberOfFloorsAboveGround"},"geometry":{"type":"Polygon","coordinates":[[[643112.581,4824857.031],[643117.749,4824866.7415],[643119.912,4824865.59],[643118.3145,4824862.589],[643114.7435,4824855.88],[643112.581,4824857.031]]]}},{"type":"Feature","properties":{"id":"C00701700PJ42E_part1","floors":2,"height":6.2,"heightSource":"Catastro:numberOfFloorsAboveGround"},"geometry":{"type":"Polygon","coordinates":[[[643099.9709,4824843.85495],[643104.7636,4824851.5906],[643112.2442,4824846.95585],[643109.6635,4824842.79055],[643108.39025,4824843.5794],[643106.17825,4824840.0091],[643099.9709,4824843.85495]]]}},{"type":"Feature","properties":{"id":"C00701700PJ42E_part2","floors":1,"height":3.1,"heightSource":"Catastro:numberOfFloorsAboveGround"},"geometry":{"type":"Polygon","coordinates":[[[643088.761,4824857.70885],[643088.85565,4824857.6268],[643083.7171,4824851.70115],[643083.6225,4824851.7831],[643083.1093,4824852.2278],[643080.8639,4824854.05915],[643079.55545,4824855.304],[643084.79,4824860.14],[643085.3623,4824860.65605],[643088.761,4824857.70885]]]}},{"type":"Feature","properties":{"id":"C00701700PJ42E_part3","floors":1,"height":3.1,"heightSource":"Catastro:numberOfFloorsAboveGround"},"geometry":{"type":"Polygon","coordinates":[[[643108.29415,4824840.5803],[643110.55885,4824844.2356],[643111.62145,4824843.5772],[643109.35675,4824839.92195],[643108.29415,4824840.5803]]]}},{"type":"Feature","properties":{"id":"C00701700PJ42E_part4","floors":1,"height":3.1,"heightSource":"Catastro:numberOfFloorsAboveGround"},"geometry":{"type":"Polygon","coordinates":[[[643109.35675,4824839.92195],[643106.96035,4824836.05415],[643102.96505,4824838.5295],[643104.51875,4824841.03725],[643107.4515,4824839.22025],[643108.29415,4824840.5803],[643109.35675,4824839.92195]]]}},{"type":"Feature","properties":{"id":"C00701700PJ42E_part5","floors":2,"height":6.2,"heightSource":"Catastro:numberOfFloorsAboveGround"},"geometry":{"type":"Polygon","coordinates":[[[643107.4515,4824839.22025],[643106.17825,4824840.0091],[643108.39025,4824843.5794],[643109.6635,4824842.79055],[643107.4515,4824839.22025]]]}},{"type":"Feature","properties":{"id":"C00701800PJ42E_part1","floors":1,"height":3.1,"heightSource":"Catastro:numberOfFloorsAboveGround"},"geometry":{"type":"Polygon","coordinates":[[[643091.128,4824864.806],[643089.97,4824865.5165],[643085.282,4824868.3925],[643086.5195,4824869.105],[643091.663,4824872.136],[643094.1525,4824869.526],[643092.873,4824868.305],[643096.78,4824864.2095],[643094.949,4824862.462],[643091.128,4824864.806]]]}},{"type":"Feature","properties":{"id":"C00701800PJ42E_part2","floors":1,"height":3.1,"heightSource":"Catastro:numberOfFloorsAboveGround"},"geometry":{"type":"Polygon","coordinates":[[[643100.108,4824875.2075],[643100.832,4824875.898],[643104.283,4824872.28],[643103.5595,4824871.59],[643100.108,4824875.2075]]]}},{"type":"Feature","properties":{"id":"C00701800PJ42E_part3","floors":2,"height":6.2,"heightSource":"Catastro:numberOfFloorsAboveGround"},"geometry":{"type":"Polygon","coordinates":[[[643092.873,4824868.305],[643094.1525,4824869.526],[643100.108,4824875.2075],[643103.5595,4824871.59],[643106.3205,4824868.696],[643099.085,4824861.793],[643096.78,4824864.2095],[643092.873,4824868.305]]]}},{"type":"Feature","properties":{"id":"C00702900PJ42E_part1","floors":1,"height":3.1,"heightSource":"Catastro:numberOfFloorsAboveGround"},"geometry":{"type":"Polygon","coordinates":[[[642813.8695,4825081.659],[642816.1195,4825081.679],[642821.35,4825081.7175],[642821.71,4825077.03],[642814.064,4825076.94],[642813.8695,4825081.659]]]}},{"type":"Feature","properties":{"id":"C00702900PJ42E_part2","floors":1,"height":3.1,"heightSource":"Catastro:numberOfFloorsAboveGround"},"geometry":{"type":"Polygon","coordinates":[[[642821.35,4825081.7175],[642828.41,4825081.769],[642828.9485,4825074.62],[642825.03,4825074.58],[642821.9,4825074.54],[642821.71,4825077.03],[642821.35,4825081.7175]]]}},{"type":"Feature","properties":{"id":"C00702900PJ42E_part3","floors":1,"height":3.1,"heightSource":"Catastro:numberOfFloorsAboveGround"},"geometry":{"type":"Polygon","coordinates":[[[642818.92,4825055.95],[642826.42,4825056.27],[642826.69,4825049.87],[642823.48,4825049.73],[642823.43,4825051.12],[642819.13,4825050.94],[642818.92,4825055.95]]]}},{"type":"Feature","properties":{"id":"C00704400PJ42E_part1","floors":1,"height":3.1,"heightSource":"Catastro:numberOfFloorsAboveGround"},"geometry":{"type":"Polygon","coordinates":[[[643062.3645,4824839.7515],[643067.5245,4824833.8215],[643064.3145,4824830.8315],[643059.7445,4824837.3615],[643062.3645,4824839.7515]]]}},{"type":"Feature","properties":{"id":"C00704400PJ42E_part2","floors":3,"height":9.3,"heightSource":"Catastro:numberOfFloorsAboveGround"},"geometry":{"type":"Polygon","coordinates":[[[643076.1245,4824842.4715],[643080.4045,4824838.1815],[643074.0245,4824831.8315],[643069.7445,4824836.1215],[643076.1245,4824842.4715]]]}},{"type":"Feature","properties":{"id":"C00704400PJ42E_part3","floors":2,"height":6.2,"heightSource":"Catastro:numberOfFloorsAboveGround"},"geometry":{"type":"Polygon","coordinates":[[[643074.0245,4824831.8315],[643080.4045,4824838.1815],[643081.4445,4824837.1415],[643076.6945,4824832.4115],[643077.3945,4824831.7015],[643074.3545,4824828.6715],[643073.6445,4824829.3715],[643074.3545,4824830.0815],[643073.3145,4824831.1215],[643074.0245,4824831.8315]]]}},{"type":"Feature","properties":{"id":"C00704400PJ42E_part4","floors":2,"height":6.2,"heightSource":"Catastro:numberOfFloorsAboveGround"},"geometry":{"type":"Polygon","coordinates":[[[643068.0045,4824836.4615],[643075.0845,4824843.5115],[643076.1245,4824842.4715],[643069.7445,4824836.1215],[643069.0445,4824835.4215],[643068.0045,4824836.4615]]]}},{"type":"Feature","properties":{"id":"C00704400PJ42E_part5","floors":1,"height":3.1,"heightSource":"Catastro:numberOfFloorsAboveGround"},"geometry":{"type":"Polygon","coordinates":[[[643072.1245,4824826.6215],[643073.5945,4824824.9215],[643075.2545,4824826.3515],[643075.8845,4824825.6215],[643070.9145,4824821.4115],[643069.0445,4824824.0815],[643072.1245,4824826.6215]]]}},{"type":"Feature","properties":{"id":"C00704900PJ42E_part1","floors":2,"height":6.2,"heightSource":"Catastro:numberOfFloorsAboveGround"},"geometry":{"type":"Polygon","coordinates":[[[643071.8045,4824820.1415],[643070.9145,4824821.4115],[643075.67,4824825.44],[643079.2,4824821.04],[643074.3745,4824816.9415],[643071.8045,4824820.1415]]]}},{"type":"Feature","properties":{"id":"C00704900PJ42E_part2","floors":1,"height":3.1,"heightSource":"Catastro:numberOfFloorsAboveGround"},"geometry":{"type":"Polygon","coordinates":[[[643094.36,4824810.39],[643096.0,4824811.86],[643097.47,4824810.22],[643095.83,4824808.75],[643094.36,4824810.39]]]}},{"type":"Feature","properties":{"id":"C00704900PJ42E_part3","floors":2,"height":6.2,"heightSource":"Catastro:numberOfFloorsAboveGround"},"geometry":{"type":"Polygon","coordinates":[[[643091.5,4824806.69],[643093.23,4824808.24],[643094.13,4824807.23],[643092.4,4824805.69],[643091.5,4824806.69]]]}},{"type":"Feature","properties":{"id":"C00704900PJ42E_part4","floors":1,"height":3.1,"heightSource":"Catastro:numberOfFloorsAboveGround"},"geometry":{"type":"Polygon","coordinates":[[[643090.76,4824804.22],[643089.86,4824805.23],[643091.5,4824806.69],[643092.4,4824805.69],[643090.76,4824804.22]]]}},{"type":"Feature","properties":{"id":"C00704900PJ42E_part6","floors":1,"height":3.1,"heightSource":"Catastro:numberOfFloorsAboveGround"},"geometry":{"type":"Polygon","coordinates":[[[643090.62,4824814.59],[643089.16,4824816.23],[643090.79,4824817.69],[643092.26,4824816.05],[643090.62,4824814.59]]]}},{"type":"Feature","properties":{"id":"C00704900PJ42E_part7","floors":2,"height":6.2,"heightSource":"Catastro:numberOfFloorsAboveGround"},"geometry":{"type":"Polygon","coordinates":[[[643085.55,4824810.05],[643087.19,4824811.52],[643085.72,4824813.16],[643089.16,4824816.23],[643090.62,4824814.59],[643092.26,4824816.05],[643096.0,4824811.86],[643094.36,4824810.39],[643095.83,4824808.75],[643094.13,4824807.23],[643093.23,4824808.24],[643091.5,4824806.69],[643090.93,4824807.33],[643089.29,4824805.86],[643085.55,4824810.05]]]}},{"type":"Feature","properties":{"id":"C00704900PJ42E_part8","floors":1,"height":3.1,"heightSource":"Catastro:numberOfFloorsAboveGround"},"geometry":{"type":"Polygon","coordinates":[[[643084.08,4824811.68],[643085.72,4824813.16],[643087.19,4824811.52],[643085.55,4824810.05],[643084.08,4824811.68]]]}},{"type":"Feature","properties":{"id":"C00705000PJ42E_part1","floors":1,"height":3.1,"heightSource":"Catastro:numberOfFloorsAboveGround"},"geometry":{"type":"Polygon","coordinates":[[[642943.7638,4824968.03365],[642941.25665,4824969.2638],[642941.842,4824970.41],[642943.53605,4824973.882],[642946.0325,4824972.657],[642943.7638,4824968.03365]]]}},{"type":"Feature","properties":{"id":"C00705000PJ42E_part2","floors":1,"height":3.1,"heightSource":"Catastro:numberOfFloorsAboveGround"},"geometry":{"type":"Polygon","coordinates":[[[642943.53605,4824973.882],[642947.06605,4824981.11685],[642951.64355,4824978.8706],[642948.0973,4824971.6438],[642946.0325,4824972.657],[642943.53605,4824973.882]]]}},{"type":"Feature","properties":{"id":"C00705200PJ42E_part1","floors":1,"height":3.1,"heightSource":"Catastro:numberOfFloorsAboveGround"},"geometry":{"type":"Polygon","coordinates":[[[642721.3485,4825043.648],[642722.4485,4825043.688],[642722.3985,4825045.078],[642723.8985,4825045.128],[642730.4485,4825045.368],[642730.6985,4825038.718],[642722.6385,4825038.458],[642722.5685,4825040.448],[642721.4685,4825040.408],[642721.3485,4825043.648]]]}},{"type":"Feature","properties":{"id":"C00705200PJ42E_part2","floors":1,"height":3.1,"heightSource":"Catastro:numberOfFloorsAboveGround"},"geometry":{"type":"Polygon","coordinates":[[[642733.5885,4825065.078],[642733.5285,4825067.458],[642735.2685,4825067.498],[642734.9885,4825065.108],[642733.5885,4825065.078]]]}},{"type":"Feature","properties":{"id":"C00705200PJ42E_part5","floors":1,"height":3.1,"heightSource":"Catastro:numberOfFloorsAboveGround"},"geometry":{"type":"Polygon","coordinates":[[[642724.5585,4825057.308],[642727.7485,4825057.388],[642727.7985,4825055.588],[642728.8985,4825055.618],[642733.8885,4825055.728],[642733.815,4825055.08],[642733.5785,4825052.988],[642724.6685,4825052.658],[642724.5585,4825057.308]]]}},{"type":"Feature","properties":{"id":"C00705200PJ42E_part6","floors":1,"height":3.1,"heightSource":"Catastro:numberOfFloorsAboveGround"},"geometry":{"type":"Polygon","coordinates":[[[642723.7085,4825052.628],[642724.6685,4825052.658],[642733.5785,4825052.988],[642733.362,4825051.146],[642733.2685,4825050.348],[642732.0785,4825050.308],[642732.1685,4825047.808],[642732.9685,4825047.838],[642732.6985,4825045.448],[642730.4485,4825045.368],[642723.8985,4825045.128],[642723.7085,4825052.628]]]}},{"type":"Feature","properties":{"id":"C00705200PJ42E_part7","floors":1,"height":3.1,"heightSource":"Catastro:numberOfFloorsAboveGround"},"geometry":{"type":"Polygon","coordinates":[[[642723.3385,4825067.218],[642729.2385,4825067.358],[642729.2485,4825066.858],[642732.0485,4825066.918],[642732.1085,4825064.428],[642731.4085,4825064.418],[642731.4485,4825062.398],[642724.6485,4825062.248],[642724.6085,4825063.748],[642723.4185,4825063.718],[642723.3385,4825067.218]]]}},{"type":"Feature","properties":{"id":"C00705200PJ42E_part8","floors":1,"height":3.1,"heightSource":"Catastro:numberOfFloorsAboveGround"},"geometry":{"type":"Polygon","coordinates":[[[642723.1485,4825062.208],[642723.1085,4825063.708],[642723.4185,4825063.718],[642724.6085,4825063.748],[642724.6485,4825062.248],[642723.1485,4825062.208]]]}},{"type":"Feature","properties":{"id":"C00705200PJ42E_part9","floors":1,"height":3.1,"heightSource":"Catastro:numberOfFloorsAboveGround"},"geometry":{"type":"Polygon","coordinates":[[[642722.2085,4825052.568],[642723.7085,4825052.628],[642723.8985,4825045.128],[642722.3985,4825045.078],[642722.2085,4825052.568]]]}},{"type":"Feature","properties":{"id":"C00705200PJ42E_part10","floors":1,"height":3.1,"heightSource":"Catastro:numberOfFloorsAboveGround"},"geometry":{"type":"Polygon","coordinates":[[[642721.5385,4825038.418],[642721.4685,4825040.408],[642722.5685,4825040.448],[642722.6385,4825038.458],[642721.5385,4825038.418]]]}},{"type":"Feature","properties":{"id":"C01000100PJ42E_part1","floors":1,"height":3.1,"heightSource":"Catastro:numberOfFloorsAboveGround"},"geometry":{"type":"Polygon","coordinates":[[[642275.78805,4824833.8247],[642277.97015,4824825.6096],[642268.6919,4824823.14505],[642267.2799,4824828.4607],[642268.6753,4824828.83135],[642267.90515,4824831.7308],[642275.78805,4824833.8247]]]}},{"type":"Feature","properties":{"id":"C01000100PJ42E_part2","floors":1,"height":3.1,"heightSource":"Catastro:numberOfFloorsAboveGround"},"geometry":{"type":"Polygon","coordinates":[[[642266.50975,4824831.36015],[642267.90515,4824831.7308],[642268.6753,4824828.83135],[642267.2799,4824828.4607],[642266.50975,4824831.36015]]]}},{"type":"Feature","properties":{"id":"C01000200PJ42E_part1","floors":1,"height":3.1,"heightSource":"Catastro:numberOfFloorsAboveGround"},"geometry":{"type":"Polygon","coordinates":[[[642142.8604,4824994.182],[642144.79095,4824994.70485],[642145.98035,4824990.31305],[642144.0499,4824989.79025],[642142.8604,4824994.182]]]}},{"type":"Feature","properties":{"id":"C01000200PJ42E_part2","floors":1,"height":3.1,"heightSource":"Catastro:numberOfFloorsAboveGround"},"geometry":{"type":"Polygon","coordinates":[[[642131.4398,4824999.1747],[642130.5105,4825003.7915],[642130.42285,4825004.2274],[642135.6342,4825006.09145],[642136.19795,4825000.8766],[642131.4398,4824999.1747]]]}},{"type":"Feature","properties":{"id":"C01000200PJ42E_part3","floors":1,"height":3.1,"heightSource":"Catastro:numberOfFloorsAboveGround"},"geometry":{"type":"Polygon","coordinates":[[[642139.2408,4824993.2017],[642142.8604,4824994.182],[642144.0499,4824989.79025],[642145.0956,4824985.92935],[642141.476,4824984.94905],[642139.2408,4824993.2017]]]}},{"type":"Feature","properties":{"id":"C01000200PJ42E_part4","floors":2,"height":6.2,"heightSource":"Catastro:numberOfFloorsAboveGround"},"geometry":{"type":"Polygon","coordinates":[[[642138.29075,4824984.08635],[642136.05565,4824992.33905],[642139.2408,4824993.2017],[642141.476,4824984.94905],[642138.29075,4824984.08635]]]}},{"type":"Feature","properties":{"id":"C01000300PJ42E_part1","floors":1,"height":3.1,"heightSource":"Catastro:numberOfFloorsAboveGround"},"geometry":{"type":"Polygon","coordinates":[[[642147.7532,4824969.40615],[642142.11775,4824968.03435],[642141.2663,4824971.5322],[642146.90175,4824972.90395],[642147.7532,4824969.40615]]]}},{"type":"Feature","properties":{"id":"C01000300PJ42E_part2","floors":2,"height":6.2,"heightSource":"Catastro:numberOfFloorsAboveGround"},"geometry":{"type":"Polygon","coordinates":[[[642142.20535,4824978.24475],[642145.1203,4824978.9543],[642145.3568,4824977.9827],[642147.7858,4824978.57395],[642148.80285,4824974.3959],[642146.37375,4824973.80465],[642146.61025,4824972.83305],[642143.69535,4824972.1235],[642143.45885,4824973.0951],[642141.0298,4824972.5038],[642140.01275,4824976.68185],[642142.44185,4824977.27315],[642142.20535,4824978.24475]]]}},{"type":"Feature","properties":{"id":"C01000300PJ42E_part3","floors":1,"height":3.1,"heightSource":"Catastro:numberOfFloorsAboveGround"},"geometry":{"type":"Polygon","coordinates":[[[642145.1203,4824978.9543],[642147.5493,4824979.54555],[642147.7858,4824978.57395],[642145.3568,4824977.9827],[642145.1203,4824978.9543]]]}},{"type":"Feature","properties":{"id":"C01000300PJ42E_part4","floors":1,"height":3.1,"heightSource":"Catastro:numberOfFloorsAboveGround"},"geometry":{"type":"Polygon","coordinates":[[[642140.01275,4824976.68185],[642139.77625,4824977.65345],[642142.20535,4824978.24475],[642142.44185,4824977.27315],[642140.01275,4824976.68185]]]}},{"type":"Feature","properties":{"id":"C01000300PJ42E_part5","floors":1,"height":3.1,"heightSource":"Catastro:numberOfFloorsAboveGround"},"geometry":{"type":"Polygon","coordinates":[[[642146.37375,4824973.80465],[642148.80285,4824974.3959],[642149.03935,4824973.4243],[642146.61025,4824972.83305],[642146.37375,4824973.80465]]]}},{"type":"Feature","properties":{"id":"C01000300PJ42E_part6","floors":1,"height":3.1,"heightSource":"Catastro:numberOfFloorsAboveGround"},"geometry":{"type":"Polygon","coordinates":[[[642141.2663,4824971.5322],[642141.0298,4824972.5038],[642143.45885,4824973.0951],[642143.69535,4824972.1235],[642141.2663,4824971.5322]]]}},{"type":"Feature","properties":{"id":"C01000400PJ42E_part4","floors":2,"height":6.2,"heightSource":"Catastro:numberOfFloorsAboveGround"},"geometry":{"type":"Polygon","coordinates":[[[642131.91,4824960.07],[642135.1,4824960.58],[642135.39,4824958.76],[642132.2,4824958.25],[642131.91,4824960.07]]]}},{"type":"Feature","properties":{"id":"C01000400PJ42E_part5","floors":1,"height":3.1,"heightSource":"Catastro:numberOfFloorsAboveGround"},"geometry":{"type":"Polygon","coordinates":[[[642132.59,4824955.83],[642130.17,4824955.44],[642129.78,4824957.86],[642132.2,4824958.25],[642132.59,4824955.83]]]}},{"type":"Feature","properties":{"id":"C01000400PJ42E_part6","floors":2,"height":6.2,"heightSource":"Catastro:numberOfFloorsAboveGround"},"geometry":{"type":"Polygon","coordinates":[[[642127.2,4824959.32],[642131.91,4824960.07],[642132.2,4824958.25],[642129.78,4824957.86],[642127.49,4824957.5],[642127.2,4824959.32]]]}},{"type":"Feature","properties":{"id":"C01000400PJ42E_part8","floors":2,"height":6.2,"heightSource":"Catastro:numberOfFloorsAboveGround"},"geometry":{"type":"Polygon","coordinates":[[[642125.68,4824968.85],[642133.58,4824970.11],[642133.83,4824968.53],[642125.93,4824967.27],[642125.68,4824968.85]]]}},{"type":"Feature","properties":{"id":"C01000400PJ42E_part9","floors":2,"height":6.2,"heightSource":"Catastro:numberOfFloorsAboveGround"},"geometry":{"type":"Polygon","coordinates":[[[642124.87,4824967.1],[642125.93,4824967.27],[642133.83,4824968.53],[642134.89,4824968.7],[642136.16,4824960.75],[642135.1,4824960.58],[642131.91,4824960.07],[642127.2,4824959.32],[642126.13,4824959.15],[642124.87,4824967.1]]]}},{"type":"Feature","properties":{"id":"C01000500PJ42E_part1","floors":2,"height":6.2,"heightSource":"Catastro:numberOfFloorsAboveGround"},"geometry":{"type":"Polygon","coordinates":[[[641990.35525,4825013.9871],[641983.3642,4825017.8762],[641986.6699,4825023.8186],[641990.6024,4825021.631],[641991.18575,4825022.67965],[642000.79845,4825017.3322],[641996.42325,4825009.46725],[641989.86915,4825013.11325],[641990.35525,4825013.9871]]]}},{"type":"Feature","properties":{"id":"C01000600PJ42E_part1","floors":2,"height":6.2,"heightSource":"Catastro:numberOfFloorsAboveGround"},"geometry":{"type":"Polygon","coordinates":[[[642343.53,4825099.26335],[642355.55745,4825099.99965],[642355.86605,4825094.95905],[642346.73185,4825094.3999],[642346.6524,4825095.6975],[642343.7591,4825095.5204],[642343.53,4825099.26335]]]}},{"type":"Feature","properties":{"id":"C01000600PJ42E_part2","floors":1,"height":3.1,"heightSource":"Catastro:numberOfFloorsAboveGround"},"geometry":{"type":"Polygon","coordinates":[[[642386.36005,4825101.69095],[642389.8535,4825101.9048],[642390.15905,4825096.91415],[642386.66555,4825096.7003],[642386.36005,4825101.69095]]]}},{"type":"Feature","properties":{"id":"C01000600PJ42E_part3","floors":2,"height":6.2,"heightSource":"Catastro:numberOfFloorsAboveGround"},"geometry":{"type":"Polygon","coordinates":[[[642343.83855,4825094.2228],[642343.7591,4825095.5204],[642346.6524,4825095.6975],[642346.73185,4825094.3999],[642343.83855,4825094.2228]]]}},{"type":"Feature","properties":{"id":"C01000700PJ42E_part1","floors":1,"height":3.1,"heightSource":"Catastro:numberOfFloorsAboveGround"},"geometry":{"type":"Polygon","coordinates":[[[642475.348,4825079.2765],[642478.2655,4825080.819],[642479.434,4825078.6095],[642478.727,4825078.2355],[642481.065,4825073.8155],[642481.772,4825074.1895],[642482.941,4825071.9795],[642481.3495,4825071.138],[642478.9885,4825075.602],[642477.6625,4825074.9005],[642475.348,4825079.2765]]]}},{"type":"Feature","properties":{"id":"C01000700PJ42E_part2","floors":1,"height":3.1,"heightSource":"Catastro:numberOfFloorsAboveGround"},"geometry":{"type":"Polygon","coordinates":[[[642487.9195,4825081.1745],[642491.102,4825082.8575],[642493.8135,4825077.7305],[642490.6315,4825076.0475],[642487.9195,4825081.1745]]]}},{"type":"Feature","properties":{"id":"C01000700PJ42E_part3","floors":1,"height":3.1,"heightSource":"Catastro:numberOfFloorsAboveGround"},"geometry":{"type":"Polygon","coordinates":[[[642485.956,4825084.887],[642489.138,4825086.57],[642491.102,4825082.8575],[642487.9195,4825081.1745],[642485.956,4825084.887]]]}},{"type":"Feature","properties":{"id":"C01000700PJ42E_part4","floors":2,"height":6.2,"heightSource":"Catastro:numberOfFloorsAboveGround"},"geometry":{"type":"Polygon","coordinates":[[[642481.772,4825074.1895],[642481.065,4825073.8155],[642478.727,4825078.2355],[642479.434,4825078.6095],[642478.2655,4825080.819],[642479.37,4825081.4035],[642485.956,4825084.887],[642487.9195,4825081.1745],[642490.6315,4825076.0475],[642482.941,4825071.9795],[642481.772,4825074.1895]]]}},{"type":"Feature","properties":{"id":"C01000700PJ42E_part5","floors":1,"height":3.1,"heightSource":"Catastro:numberOfFloorsAboveGround"},"geometry":{"type":"Polygon","coordinates":[[[642479.5815,4825070.203],[642477.2205,4825074.667],[642477.6625,4825074.9005],[642478.9885,4825075.602],[642481.3495,4825071.138],[642479.5815,4825070.203]]]}},{"type":"Feature","properties":{"id":"C01000800PJ42E_part1","floors":1,"height":3.1,"heightSource":"Catastro:numberOfFloorsAboveGround"},"geometry":{"type":"Polygon","coordinates":[[[642521.84895,4825197.4607],[642514.4155,4825197.1767],[642514.5388,4825199.0981],[642514.76165,4825202.571],[642522.1951,4825202.855],[642521.84895,4825197.4607]]]}},{"type":"Feature","properties":{"id":"C01000900PJ42E_part2","floors":1,"height":3.1,"heightSource":"Catastro:numberOfFloorsAboveGround"},"geometry":{"type":"Polygon","coordinates":[[[641953.78,4824724.9595],[641957.3265,4824724.905],[641957.314,4824724.0865],[641957.278,4824721.7435],[641957.1515,4824713.4565],[641951.0,4824713.550472799],[641951.0,4824725.0018070685],[641953.78,4824724.9595]]]}},{"type":"Feature","properties":{"id":"2054403PJ4225S_part2","floors":2,"height":6.2,"heightSource":"Catastro:numberOfFloorsAboveGround"},"geometry":{"type":"Polygon","coordinates":[[[641951.0,4825132.111421988],[641951.0,4825133.244695809],[641953.3665,4825132.461],[641953.032,4825131.4385],[641951.0,4825132.111421988]]]}},{"type":"Feature","properties":{"id":"2054403PJ4225S_part4","floors":1,"height":3.1,"heightSource":"Catastro:numberOfFloorsAboveGround"},"geometry":{"type":"Polygon","coordinates":[[[641961.842,4825139.7445],[641961.3575,4825138.2725],[641957.9515,4825139.3875],[641957.467,4825137.906],[641951.0,4825139.992743374],[641951.0,4825143.294293916],[641961.842,4825139.7445]]]}},{"type":"Feature","properties":{"id":"2054403PJ4225S_part5","floors":2,"height":6.2,"heightSource":"Catastro:numberOfFloorsAboveGround"},"geometry":{"type":"Polygon","coordinates":[[[641957.467,4825137.906],[641957.9515,4825139.3875],[641961.3575,4825138.2725],[641960.8425,4825136.705],[641959.8925,4825137.017],[641958.1575,4825131.7435],[641959.109,4825131.433],[641958.085,4825128.296],[641952.586,4825130.085],[641952.718,4825130.485],[641953.032,4825131.4385],[641953.3665,4825132.461],[641951.0,4825133.244695809],[641951.0,4825139.992743374],[641957.467,4825137.906]]]}},{"type":"Feature","properties":{"id":"2054404PJ4225S_part1","floors":2,"height":6.2,"heightSource":"Catastro:numberOfFloorsAboveGround"},"geometry":{"type":"Polygon","coordinates":[[[641989.788,4825128.01],[641988.618,4825124.46],[641988.038,4825122.66],[641986.648,4825118.4],[641982.538,4825119.73],[641980.328,4825120.46],[641977.638,4825121.35],[641977.958,4825122.32],[641971.8175,4825124.34],[641974.8275,4825133.98],[641985.048,4825130.64],[641985.378,4825131.65],[641990.448,4825129.99],[641990.288,4825129.5],[641989.788,4825128.01]]]}},{"type":"Feature","properties":{"id":"2153301PJ4225S_part1","floors":2,"height":6.2,"heightSource":"Catastro:numberOfFloorsAboveGround"},"geometry":{"type":"Polygon","coordinates":[[[641956.428,4825067.72],[641967.438,4825068.86],[641967.818,4825065.12],[641967.918,4825064.13],[641956.918,4825062.98],[641956.428,4825067.72]]]}},{"type":"Feature","properties":{"id":"2153301PJ4225S_part2","floors":2,"height":6.2,"heightSource":"Catastro:numberOfFloorsAboveGround"},"geometry":{"type":"Polygon","coordinates":[[[641957.368,4825058.86],[641968.358,4825059.92],[641968.828,4825055.36],[641956.348,4825054.08],[641955.808,4825059.56],[641957.258,4825059.71],[641957.368,4825058.86]]]}},{"type":"Feature","properties":{"id":"2153301PJ4225S_part3","floors":3,"height":9.3,"heightSource":"Catastro:numberOfFloorsAboveGround"},"geometry":{"type":"Polygon","coordinates":[[[641967.918,4825064.13],[641968.358,4825059.92],[641957.368,4825058.86],[641957.258,4825059.71],[641956.918,4825062.98],[641967.918,4825064.13]]]}},{"type":"Feature","properties":{"id":"2153302PJ4225S_part1","floors":2,"height":6.2,"heightSource":"Catastro:numberOfFloorsAboveGround"},"geometry":{"type":"Polygon","coordinates":[[[641979.428,4825070.56],[641980.248,4825074.51],[641982.648,4825074.17],[641981.858,4825070.01],[641979.428,4825070.56]]]}},{"type":"Feature","properties":{"id":"2153302PJ4225S_part2","floors":2,"height":6.2,"heightSource":"Catastro:numberOfFloorsAboveGround"},"geometry":{"type":"Polygon","coordinates":[[[641993.478,4825080.32],[641992.048,4825072.94],[641987.508,4825073.77],[641988.878,4825081.43],[641993.478,4825080.32]]]}},{"type":"Feature","properties":{"id":"2153302PJ4225S_part3","floors":2,"height":6.2,"heightSource":"Catastro:numberOfFloorsAboveGround"},"geometry":{"type":"Polygon","coordinates":[[[641984.098,4825081.4],[641981.748,4825081.68],[641982.358,4825084.63],[641984.928,4825084.12],[641984.098,4825081.4]]]}},{"type":"Feature","properties":{"id":"2153302PJ4225S_part4","floors":3,"height":9.3,"heightSource":"Catastro:numberOfFloorsAboveGround"},"geometry":{"type":"Polygon","coordinates":[[[641982.648,4825074.17],[641980.248,4825074.51],[641981.748,4825081.68],[641984.098,4825081.4],[641984.928,4825084.12],[641989.168,4825083.27],[641988.878,4825081.43],[641987.508,4825073.77],[641986.238,4825069.02],[641981.858,4825070.01],[641982.648,4825074.17]]]}},{"type":"Feature","properties":{"id":"2153306PJ4225S_part1","floors":1,"height":3.1,"heightSource":"Catastro:numberOfFloorsAboveGround"},"geometry":{"type":"Polygon","coordinates":[[[642130.479,4825123.2995],[642136.3685,4825124.8875],[642136.525,4825124.308],[642140.0265,4825125.149],[642140.498,4825123.4005],[642133.353,4825121.474],[642133.3765,4825121.388],[642131.156,4825120.789],[642130.479,4825123.2995]]]}},{"type":"Feature","properties":{"id":"2153306PJ4225S_part2","floors":1,"height":3.1,"heightSource":"Catastro:numberOfFloorsAboveGround"},"geometry":{"type":"Polygon","coordinates":[[[642148.651,4825085.496],[642147.435,4825090.104],[642147.879,4825090.225],[642149.1365,4825085.624],[642148.651,4825085.496]]]}},{"type":"Feature","properties":{"id":"2153306PJ4225S_part4","floors":1,"height":3.1,"heightSource":"Catastro:numberOfFloorsAboveGround"},"geometry":{"type":"Polygon","coordinates":[[[642145.324,4825097.804],[642146.095,4825098.016],[642147.38,4825093.339],[642146.6085,4825093.127],[642145.665,4825096.5605],[642145.324,4825097.804]]]}},{"type":"Feature","properties":{"id":"2153306PJ4225S_part5","floors":1,"height":3.1,"heightSource":"Catastro:numberOfFloorsAboveGround"},"geometry":{"type":"Polygon","coordinates":[[[642143.2185,4825113.311],[642143.991,4825113.5195],[642145.254,4825108.8365],[642144.4815,4825108.6285],[642143.2185,4825113.311]]]}},{"type":"Feature","properties":{"id":"2153306PJ4225S_part7","floors":1,"height":3.1,"heightSource":"Catastro:numberOfFloorsAboveGround"},"geometry":{"type":"Polygon","coordinates":[[[642140.498,4825123.4005],[642141.2705,4825123.609],[642142.533,4825118.926],[642141.7605,4825118.718],[642140.8335,4825122.156],[642140.498,4825123.4005]]]}},{"type":"Feature","properties":{"id":"2153306PJ4225S_part8","floors":1,"height":3.1,"heightSource":"Catastro:numberOfFloorsAboveGround"},"geometry":{"type":"Polygon","coordinates":[[[642140.204,4825077.9375],[642139.2565,4825081.385],[642140.9925,4825081.862],[642141.9395,4825078.4145],[642140.204,4825077.9375]]]}},{"type":"Feature","properties":{"id":"2153306PJ4225S_part9","floors":2,"height":6.2,"heightSource":"Catastro:numberOfFloorsAboveGround"},"geometry":{"type":"Polygon","coordinates":[[[642140.4875,4825085.586],[642140.0055,4825085.4535],[642138.4925,4825090.9605],[642139.457,4825091.2255],[642140.215,4825088.467],[642147.3505,4825090.427],[642147.435,4825090.104],[642148.651,4825085.496],[642149.1365,4825085.624],[642150.4675,4825080.7575],[642148.827,4825080.3065],[642148.6685,4825080.8855],[642145.927,4825080.132],[642146.086,4825079.5535],[642142.4215,4825078.547],[642141.733,4825081.054],[642141.4745,4825081.9945],[642140.4875,4825085.586]]]}},{"type":"Feature","properties":{"id":"2153306PJ4225S_part10","floors":2,"height":6.2,"heightSource":"Catastro:numberOfFloorsAboveGround"},"geometry":{"type":"Polygon","coordinates":[[[642138.188,4825095.8435],[642145.324,4825097.804],[642145.665,4825096.5605],[642146.6085,4825093.127],[642147.3505,4825090.427],[642140.215,4825088.467],[642139.457,4825091.2255],[642138.742,4825093.829],[642138.212,4825095.7575],[642138.188,4825095.8435]]]}},{"type":"Feature","properties":{"id":"2153306PJ4225S_part11","floors":1,"height":3.1,"heightSource":"Catastro:numberOfFloorsAboveGround"},"geometry":{"type":"Polygon","coordinates":[[[642137.7085,4825097.5895],[642144.844,4825099.55],[642145.324,4825097.804],[642138.188,4825095.8435],[642137.7085,4825097.5895]]]}},{"type":"Feature","properties":{"id":"2153306PJ4225S_part12","floors":1,"height":3.1,"heightSource":"Catastro:numberOfFloorsAboveGround"},"geometry":{"type":"Polygon","coordinates":[[[642137.8085,4825104.953],[642137.337,4825106.7015],[642144.4815,4825108.6285],[642144.953,4825106.88],[642137.8085,4825104.953]]]}},{"type":"Feature","properties":{"id":"2153306PJ4225S_part13","floors":1,"height":3.1,"heightSource":"Catastro:numberOfFloorsAboveGround"},"geometry":{"type":"Polygon","coordinates":[[[642136.5245,4825093.2195],[642135.994,4825095.148],[642138.212,4825095.7575],[642138.742,4825093.829],[642136.5245,4825093.2195]]]}},{"type":"Feature","properties":{"id":"2153306PJ4225S_part14","floors":2,"height":6.2,"heightSource":"Catastro:numberOfFloorsAboveGround"},"geometry":{"type":"Polygon","coordinates":[[[642135.345,4825114.088],[642142.4895,4825116.0145],[642143.2185,4825113.311],[642144.4815,4825108.6285],[642137.337,4825106.7015],[642137.3135,4825106.788],[642136.819,4825108.6225],[642136.793,4825108.719],[642136.09,4825111.3255],[642135.345,4825114.088]]]}},{"type":"Feature","properties":{"id":"2153306PJ4225S_part15","floors":1,"height":3.1,"heightSource":"Catastro:numberOfFloorsAboveGround"},"geometry":{"type":"Polygon","coordinates":[[[642135.3055,4825097.655],[642141.187,4825099.2715],[642141.3465,4825098.6925],[642144.844,4825099.55],[642137.7085,4825097.5895],[642138.188,4825095.8435],[642138.212,4825095.7575],[642135.994,4825095.148],[642135.3055,4825097.655]]]}},{"type":"Feature","properties":{"id":"2153306PJ4225S_part16","floors":1,"height":3.1,"heightSource":"Catastro:numberOfFloorsAboveGround"},"geometry":{"type":"Polygon","coordinates":[[[642141.5035,4825105.8465],[642141.6595,4825105.2665],[642135.77,4825103.6785],[642135.093,4825106.189],[642137.3135,4825106.788],[642137.337,4825106.7015],[642137.8085,4825104.953],[642144.953,4825106.88],[642141.5035,4825105.8465]]]}},{"type":"Feature","properties":{"id":"2153306PJ4225S_part17","floors":1,"height":3.1,"heightSource":"Catastro:numberOfFloorsAboveGround"},"geometry":{"type":"Polygon","coordinates":[[[642134.598,4825108.0235],[642136.819,4825108.6225],[642137.3135,4825106.788],[642135.093,4825106.189],[642134.598,4825108.0235]]]}},{"type":"Feature","properties":{"id":"2153306PJ4225S_part18","floors":2,"height":6.2,"heightSource":"Catastro:numberOfFloorsAboveGround"},"geometry":{"type":"Polygon","coordinates":[[[642133.353,4825121.474],[642140.498,4825123.4005],[642140.8335,4825122.156],[642141.7605,4825118.718],[642142.4895,4825116.0145],[642135.345,4825114.088],[642136.09,4825111.3255],[642135.124,4825111.065],[642133.6345,4825116.5895],[642134.6,4825116.85],[642133.897,4825119.457],[642133.3765,4825121.388],[642133.353,4825121.474]]]}},{"type":"Feature","properties":{"id":"2153306PJ4225S_part19","floors":1,"height":3.1,"heightSource":"Catastro:numberOfFloorsAboveGround"},"geometry":{"type":"Polygon","coordinates":[[[642131.677,4825118.858],[642131.156,4825120.789],[642133.3765,4825121.388],[642133.897,4825119.457],[642131.677,4825118.858]]]}},{"type":"Feature","properties":{"id":"2153308PJ4225S_part1","floors":3,"height":9.3,"heightSource":"Catastro:numberOfFloorsAboveGround"},"geometry":{"type":"Polygon","coordinates":[[[642197.011,4825107.1625],[642198.241,4825101.1225],[642186.211,4825098.562],[642184.781,4825104.712],[642197.011,4825107.1625]]]}},{"type":"Feature","properties":{"id":"2153308PJ4225S_part2","floors":2,"height":6.2,"heightSource":"Catastro:numberOfFloorsAboveGround"},"geometry":{"type":"Polygon","coordinates":[[[642198.241,4825101.1225],[642198.901,4825097.8525],[642186.951,4825095.412],[642186.211,4825098.562],[642198.241,4825101.1225]]]}},{"type":"Feature","properties":{"id":"2153308PJ4225S_part3","floors":2,"height":6.2,"heightSource":"Catastro:numberOfFloorsAboveGround"},"geometry":{"type":"Polygon","coordinates":[[[642193.101,4825109.8425],[642196.331,4825110.5025],[642197.011,4825107.1625],[642184.781,4825104.712],[642184.0205,4825107.992],[642191.471,4825109.5025],[642193.101,4825109.8425]]]}},{"type":"Feature","properties":{"id":"2153309PJ4225S_part1","floors":1,"height":3.1,"heightSource":"Catastro:numberOfFloorsAboveGround"},"geometry":{"type":"Polygon","coordinates":[[[642188.8635,4825117.374],[642188.3505,4825119.432],[642187.5135,4825122.811],[642192.29,4825123.92],[642192.63,4825122.46],[642196.01,4825123.25],[642196.939,4825119.254],[642188.8635,4825117.374]]]}},{"type":"Feature","properties":{"id":"2153309PJ4225S_part2","floors":1,"height":3.1,"heightSource":"Catastro:numberOfFloorsAboveGround"},"geometry":{"type":"Polygon","coordinates":[[[642195.98,4825128.59],[642202.88,4825130.21],[642203.11,4825129.23],[642196.21,4825127.62],[642195.98,4825128.59]]]}},{"type":"Feature","properties":{"id":"2153309PJ4225S_part3","floors":2,"height":6.2,"heightSource":"Catastro:numberOfFloorsAboveGround"},"geometry":{"type":"Polygon","coordinates":[[[642191.42,4825135.26],[642197.0,4825136.57],[642196.65,4825138.07],[642199.55,4825138.75],[642202.88,4825139.53],[642203.73,4825135.91],[642204.85,4825131.14],[642204.95,4825130.69],[642202.88,4825130.21],[642195.98,4825128.59],[642193.14,4825127.93],[642191.42,4825135.26]]]}},{"type":"Feature","properties":{"id":"2153310PJ4225S_part1","floors":2,"height":6.2,"heightSource":"Catastro:numberOfFloorsAboveGround"},"geometry":{"type":"Polygon","coordinates":[[[642272.552,4825118.853],[642271.642,4825124.793],[642272.032,4825124.853],[642272.472,4825121.993],[642272.942,4825118.913],[642272.552,4825118.853]]]}},{"type":"Feature","properties":{"id":"2153310PJ4225S_part3","floors":1,"height":3.1,"heightSource":"Catastro:numberOfFloorsAboveGround"},"geometry":{"type":"Polygon","coordinates":[[[642270.942,4825131.963],[642271.932,4825132.123],[642273.022,4825125.003],[642272.032,4825124.853],[642270.942,4825131.963]]]}},{"type":"Feature","properties":{"id":"2153310PJ4225S_part4","floors":2,"height":6.2,"heightSource":"Catastro:numberOfFloorsAboveGround"},"geometry":{"type":"Polygon","coordinates":[[[642270.542,4825131.903],[642269.6415,4825137.833],[642270.032,4825137.893],[642270.502,4825134.813],[642270.942,4825131.963],[642270.542,4825131.903]]]}},{"type":"Feature","properties":{"id":"2153310PJ4225S_part5","floors":2,"height":6.2,"heightSource":"Catastro:numberOfFloorsAboveGround"},"geometry":{"type":"Polygon","coordinates":[[[642274.042,4825105.123],[642272.982,4825112.013],[642273.582,4825112.133],[642274.632,4825105.213],[642274.042,4825105.123]]]}},{"type":"Feature","properties":{"id":"2153310PJ4225S_part6","floors":1,"height":3.1,"heightSource":"Catastro:numberOfFloorsAboveGround"},"geometry":{"type":"Polygon","coordinates":[[[642269.5015,4825141.353],[642270.4915,4825141.503],[642271.022,4825138.043],[642270.032,4825137.893],[642269.5015,4825141.353]]]}},{"type":"Feature","properties":{"id":"2153310PJ4225S_part7","floors":2,"height":6.2,"heightSource":"Catastro:numberOfFloorsAboveGround"},"geometry":{"type":"Polygon","coordinates":[[[642272.772,4825118.753],[642271.982,4825118.633],[642270.982,4825125.053],[642271.772,4825125.173],[642270.812,4825131.583],[642270.012,4825131.463],[642269.0215,4825137.883],[642269.812,4825138.003],[642269.2915,4825141.323],[642269.5015,4825141.353],[642270.032,4825137.893],[642269.6415,4825137.833],[642270.542,4825131.903],[642270.942,4825131.963],[642272.032,4825124.853],[642271.642,4825124.793],[642272.552,4825118.853],[642272.942,4825118.913],[642273.972,4825112.193],[642273.792,4825112.163],[642272.772,4825118.753]]]}},{"type":"Feature","properties":{"id":"2153310PJ4225S_part8","floors":2,"height":6.2,"heightSource":"Catastro:numberOfFloorsAboveGround"},"geometry":{"type":"Polygon","coordinates":[[[642266.4715,4825147.783],[642266.1015,4825148.163],[642265.7315,4825148.523],[642264.9215,4825149.203],[642264.0715,4825149.803],[642263.6215,4825150.073],[642263.1615,4825150.323],[642262.2815,4825150.733],[642263.5715,4825150.963],[642266.4415,4825149.363],[642266.9315,4825147.243],[642266.4715,4825147.783]]]}},{"type":"Feature","properties":{"id":"2153310PJ4225S_part9","floors":1,"height":3.1,"heightSource":"Catastro:numberOfFloorsAboveGround"},"geometry":{"type":"Polygon","coordinates":[[[642275.032,4825105.273],[642276.022,4825105.423],[642276.553,4825101.9365],[642275.5625,4825101.81],[642275.032,4825105.273]]]}},{"type":"Feature","properties":{"id":"2153310PJ4225S_part11","floors":2,"height":6.2,"heightSource":"Catastro:numberOfFloorsAboveGround"},"geometry":{"type":"Polygon","coordinates":[[[642273.582,4825112.133],[642273.792,4825112.163],[642273.972,4825112.193],[642274.472,4825108.943],[642275.032,4825105.273],[642274.832,4825105.243],[642274.632,4825105.213],[642273.582,4825112.133]]]}},{"type":"Feature","properties":{"id":"2153310PJ4225S_part12","floors":2,"height":6.2,"heightSource":"Catastro:numberOfFloorsAboveGround"},"geometry":{"type":"Polygon","coordinates":[[[642269.4415,4825141.763],[642269.2115,4825142.783],[642268.7115,4825144.263],[642268.7515,4825144.273],[642270.1215,4825143.873],[642270.4915,4825141.503],[642269.5015,4825141.353],[642269.4415,4825141.763]]]}},{"type":"Feature","properties":{"id":"2153310PJ4225S_part14","floors":3,"height":9.3,"heightSource":"Catastro:numberOfFloorsAboveGround"},"geometry":{"type":"Polygon","coordinates":[[[642257.6415,4825139.533],[642267.4315,4825141.033],[642269.2915,4825141.323],[642269.812,4825138.003],[642269.0215,4825137.883],[642270.012,4825131.463],[642270.812,4825131.583],[642271.772,4825125.173],[642270.982,4825125.053],[642271.982,4825118.633],[642272.772,4825118.753],[642273.792,4825112.163],[642273.582,4825112.133],[642272.982,4825112.013],[642274.042,4825105.123],[642274.632,4825105.213],[642274.832,4825105.243],[642275.3715,4825101.7855],[642275.272,4825101.773],[642274.942,4825101.733],[642271.962,4825101.383],[642263.632,4825100.4115],[642257.6415,4825139.533]]]}},{"type":"Feature","properties":{"id":"2153310PJ4225S_part17","floors":4,"height":12.4,"heightSource":"Catastro:numberOfFloorsAboveGround"},"geometry":{"type":"Polygon","coordinates":[[[642254.9015,4825140.073],[642252.8915,4825148.853],[642253.8515,4825149.113],[642254.8315,4825149.283],[642255.3215,4825149.333],[642256.3215,4825149.383],[642257.3115,4825149.343],[642257.8015,4825149.293],[642258.7815,4825149.123],[642259.7515,4825148.873],[642260.6815,4825148.543],[642262.0315,4825147.893],[642262.8715,4825147.363],[642264.0415,4825146.443],[642264.7515,4825145.743],[642265.4015,4825144.993],[642266.2515,4825143.763],[642266.7215,4825142.893],[642267.1115,4825141.973],[642267.4315,4825141.033],[642257.6415,4825139.533],[642255.1715,4825139.153],[642254.9015,4825140.073]]]}},{"type":"Feature","properties":{"id":"2153310PJ4225S_part18","floors":3,"height":9.3,"heightSource":"Catastro:numberOfFloorsAboveGround"},"geometry":{"type":"Polygon","coordinates":[[[642252.4415,4825150.793],[642255.4115,4825151.473],[642255.5315,4825151.493],[642256.5715,4825151.633],[642257.4215,4825151.673],[642257.6215,4825150.803],[642260.2215,4825151.403],[642261.2315,4825151.123],[642262.2815,4825150.733],[642263.1615,4825150.323],[642263.6215,4825150.073],[642264.0715,4825149.803],[642264.9215,4825149.203],[642265.7315,4825148.523],[642266.1015,4825148.163],[642266.4715,4825147.783],[642266.9315,4825147.243],[642267.6615,4825144.103],[642268.7115,4825144.263],[642269.2115,4825142.783],[642269.4415,4825141.763],[642269.5015,4825141.353],[642269.2915,4825141.323],[642267.4315,4825141.033],[642267.1115,4825141.973],[642266.7215,4825142.893],[642266.2515,4825143.763],[642265.4015,4825144.993],[642264.7515,4825145.743],[642264.0415,4825146.443],[642262.8715,4825147.363],[642262.0315,4825147.893],[642260.6815,4825148.543],[642259.7515,4825148.873],[642258.7815,4825149.123],[642257.8015,4825149.293],[642257.3115,4825149.343],[642256.3215,4825149.383],[642255.3215,4825149.333],[642254.8315,4825149.283],[642253.8515,4825149.113],[642252.8915,4825148.853],[642252.4415,4825150.793]]]}},{"type":"Feature","properties":{"id":"2153310PJ4225S_part19","floors":3,"height":9.3,"heightSource":"Catastro:numberOfFloorsAboveGround"},"geometry":{"type":"Polygon","coordinates":[[[642247.0015,4825138.263],[642249.3415,4825138.793],[642249.5615,4825137.823],[642247.2215,4825137.283],[642247.0015,4825138.263]]]}},{"type":"Feature","properties":{"id":"2153310PJ4225S_part20","floors":2,"height":6.2,"heightSource":"Catastro:numberOfFloorsAboveGround"},"geometry":{"type":"Polygon","coordinates":[[[642243.7315,4825149.833],[642249.5815,4825151.163],[642249.8115,4825150.193],[642243.9615,4825148.843],[642243.7315,4825149.833]]]}},{"type":"Feature","properties":{"id":"2153310PJ4225S_part21","floors":3,"height":9.3,"heightSource":"Catastro:numberOfFloorsAboveGround"},"geometry":{"type":"Polygon","coordinates":[[[642235.4015,4825135.593],[642237.5515,4825136.083],[642237.7715,4825135.113],[642235.6315,4825134.623],[642235.4015,4825135.593]]]}},{"type":"Feature","properties":{"id":"2153310PJ4225S_part22","floors":2,"height":6.2,"heightSource":"Catastro:numberOfFloorsAboveGround"},"geometry":{"type":"Polygon","coordinates":[[[642231.951,4825147.1225],[642237.791,4825148.453],[642238.0215,4825147.483],[642232.171,4825146.1325],[642231.951,4825147.1225]]]}},{"type":"Feature","properties":{"id":"2153310PJ4225S_part23","floors":3,"height":9.3,"heightSource":"Catastro:numberOfFloorsAboveGround"},"geometry":{"type":"Polygon","coordinates":[[[642223.131,4825132.7825],[642225.571,4825133.3325],[642225.791,4825132.3625],[642223.351,4825131.8025],[642223.131,4825132.7825]]]}},{"type":"Feature","properties":{"id":"2153310PJ4225S_part24","floors":2,"height":6.2,"heightSource":"Catastro:numberOfFloorsAboveGround"},"geometry":{"type":"Polygon","coordinates":[[[642220.161,4825144.4025],[642226.001,4825145.7425],[642226.231,4825144.7725],[642220.381,4825143.4225],[642220.161,4825144.4025]]]}},{"type":"Feature","properties":{"id":"2153310PJ4225S_part25","floors":3,"height":9.3,"heightSource":"Catastro:numberOfFloorsAboveGround"},"geometry":{"type":"Polygon","coordinates":[[[642212.251,4825130.2825],[642215.481,4825131.0225],[642215.701,4825130.0425],[642212.341,4825129.2725],[642212.251,4825130.2825]]]}},{"type":"Feature","properties":{"id":"2153310PJ4225S_part26","floors":4,"height":12.4,"heightSource":"Catastro:numberOfFloorsAboveGround"},"geometry":{"type":"Polygon","coordinates":[[[642211.411,4825139.3325],[642250.4615,4825148.293],[642252.7015,4825138.543],[642249.5615,4825137.823],[642249.3415,4825138.793],[642247.0015,4825138.263],[642247.2215,4825137.283],[642237.7715,4825135.113],[642237.5515,4825136.083],[642235.4015,4825135.593],[642235.6315,4825134.623],[642225.791,4825132.3625],[642225.571,4825133.3325],[642223.131,4825132.7825],[642223.351,4825131.8025],[642215.701,4825130.0425],[642215.481,4825131.0225],[642212.251,4825130.2825],[642211.411,4825139.3325]]]}},{"type":"Feature","properties":{"id":"2153310PJ4225S_part27","floors":3,"height":9.3,"heightSource":"Catastro:numberOfFloorsAboveGround"},"geometry":{"type":"Polygon","coordinates":[[[642211.221,4825141.3225],[642214.141,4825141.9925],[642217.261,4825142.7125],[642220.381,4825143.4225],[642226.231,4825144.7725],[642229.201,4825145.4525],[642232.171,4825146.1325],[642238.0215,4825147.483],[642240.9815,4825148.163],[642243.9615,4825148.843],[642249.8115,4825150.193],[642250.0115,4825150.243],[642250.4615,4825148.293],[642211.411,4825139.3325],[642211.221,4825141.3225]]]}},{"type":"Feature","properties":{"id":"2153310PJ4225S_part28","floors":2,"height":6.2,"heightSource":"Catastro:numberOfFloorsAboveGround"},"geometry":{"type":"Polygon","coordinates":[[[642211.001,4825142.2925],[642213.921,4825142.9625],[642214.141,4825141.9925],[642211.221,4825141.3225],[642211.001,4825142.2925]]]}},{"type":"Feature","properties":{"id":"2153310PJ4225S_part29","floors":3,"height":9.3,"heightSource":"Catastro:numberOfFloorsAboveGround"},"geometry":{"type":"Polygon","coordinates":[[[642250.4615,4825148.293],[642252.8915,4825148.853],[642254.9015,4825140.073],[642255.1715,4825139.153],[642255.1815,4825139.113],[642252.7015,4825138.543],[642250.4615,4825148.293]]]}},{"type":"Feature","properties":{"id":"2153310PJ4225S_part30","floors":2,"height":6.2,"heightSource":"Catastro:numberOfFloorsAboveGround"},"geometry":{"type":"Polygon","coordinates":[[[642250.0115,4825150.243],[642252.4415,4825150.793],[642252.8915,4825148.853],[642250.4615,4825148.293],[642250.0115,4825150.243]]]}},{"type":"Feature","properties":{"id":"2153310PJ4225S_part31","floors":1,"height":3.1,"heightSource":"Catastro:numberOfFloorsAboveGround"},"geometry":{"type":"Polygon","coordinates":[[[642272.942,4825118.913],[642273.932,4825119.063],[642274.962,4825112.343],[642273.972,4825112.193],[642272.942,4825118.913]]]}},{"type":"Feature","properties":{"id":"2153311PJ4225S_part1","floors":2,"height":6.2,"heightSource":"Catastro:numberOfFloorsAboveGround"},"geometry":{"type":"Polygon","coordinates":[[[642227.7315,4825082.6825],[642227.1215,4825088.2925],[642227.8015,4825088.3725],[642228.3715,4825083.1525],[642228.4115,4825082.7625],[642227.7315,4825082.6825]]]}},{"type":"Feature","properties":{"id":"2153311PJ4225S_part2","floors":3,"height":9.3,"heightSource":"Catastro:numberOfFloorsAboveGround"},"geometry":{"type":"Polygon","coordinates":[[[642274.092,4825079.213],[642274.702,4825079.293],[642275.302,4825075.003],[642274.702,4825074.923],[642274.132,4825078.923],[642274.092,4825079.213]]]}},{"type":"Feature","properties":{"id":"2153311PJ4225S_part10","floors":1,"height":3.1,"heightSource":"Catastro:numberOfFloorsAboveGround"},"geometry":{"type":"Polygon","coordinates":[[[642259.1725,4825099.899],[642261.672,4825100.183],[642269.722,4825101.122],[642268.812,4825096.013],[642266.132,4825095.723],[642266.072,4825096.223],[642263.002,4825095.873],[642263.002,4825095.373],[642260.642,4825095.123],[642260.592,4825095.623],[642259.652,4825095.523],[642259.1725,4825099.899]]]}},{"type":"Feature","properties":{"id":"2153311PJ4225S_part17","floors":3,"height":9.3,"heightSource":"Catastro:numberOfFloorsAboveGround"},"geometry":{"type":"Polygon","coordinates":[[[642255.052,4825067.263],[642250.842,4825066.673],[642250.772,4825067.173],[642254.982,4825067.763],[642255.052,4825067.263]]]}},{"type":"Feature","properties":{"id":"2153311PJ4225S_part27","floors":3,"height":9.3,"heightSource":"Catastro:numberOfFloorsAboveGround"},"geometry":{"type":"Polygon","coordinates":[[[642242.562,4825065.503],[642238.9215,4825064.983],[642235.3315,4825064.4825],[642235.2615,4825064.9825],[642242.492,4825066.003],[642242.562,4825065.503]]]}},{"type":"Feature","properties":{"id":"2153311PJ4225S_part28","floors":1,"height":3.1,"heightSource":"Catastro:numberOfFloorsAboveGround"},"geometry":{"type":"Polygon","coordinates":[[[642235.122,4825050.5125],[642236.232,4825050.7725],[642237.522,4825045.3825],[642235.032,4825045.3725],[642235.122,4825050.5125]]]}},{"type":"Feature","properties":{"id":"2153311PJ4225S_part29","floors":2,"height":6.2,"heightSource":"Catastro:numberOfFloorsAboveGround"},"geometry":{"type":"Polygon","coordinates":[[[642234.972,4825028.1225],[642241.292,4825029.633],[642241.502,4825028.753],[642235.232,4825027.2525],[642234.972,4825028.1225]]]}},{"type":"Feature","properties":{"id":"2153311PJ4225S_part30","floors":2,"height":6.2,"heightSource":"Catastro:numberOfFloorsAboveGround"},"geometry":{"type":"Polygon","coordinates":[[[642234.482,4825033.8225],[642235.402,4825034.0525],[642234.702,4825036.9625],[642234.992,4825037.0325],[642235.012,4825040.5125],[642235.032,4825045.3725],[642237.522,4825045.3825],[642238.472,4825041.4225],[642238.762,4825041.4925],[642240.372,4825034.753],[642240.082,4825034.683],[642240.262,4825033.923],[642234.772,4825032.6125],[642234.482,4825033.8225]]]}},{"type":"Feature","properties":{"id":"2153311PJ4225S_part31","floors":3,"height":9.3,"heightSource":"Catastro:numberOfFloorsAboveGround"},"geometry":{"type":"Polygon","coordinates":[[[642234.352,4825030.9225],[642235.132,4825031.1025],[642234.772,4825032.6125],[642240.262,4825033.923],[642241.292,4825029.633],[642234.972,4825028.1225],[642234.352,4825030.9225]]]}},{"type":"Feature","properties":{"id":"2153311PJ4225S_part32","floors":2,"height":6.2,"heightSource":"Catastro:numberOfFloorsAboveGround"},"geometry":{"type":"Polygon","coordinates":[[[642233.9915,4825075.7425],[642240.3915,4825076.643],[642240.4615,4825076.203],[642234.0515,4825075.3025],[642233.9915,4825075.7425]]]}},{"type":"Feature","properties":{"id":"2153311PJ4225S_part34","floors":3,"height":9.3,"heightSource":"Catastro:numberOfFloorsAboveGround"},"geometry":{"type":"Polygon","coordinates":[[[642233.872,4825040.2225],[642235.012,4825040.5125],[642234.992,4825037.0325],[642234.702,4825036.9625],[642233.872,4825040.2225]]]}},{"type":"Feature","properties":{"id":"2153311PJ4225S_part36","floors":3,"height":9.3,"heightSource":"Catastro:numberOfFloorsAboveGround"},"geometry":{"type":"Polygon","coordinates":[[[642233.512,4825030.7125],[642234.302,4825030.9025],[642234.972,4825028.1225],[642235.232,4825027.2525],[642234.392,4825027.0525],[642234.333,4825027.2975],[642233.512,4825030.7125]]]}},{"type":"Feature","properties":{"id":"2153311PJ4225S_part37","floors":3,"height":9.3,"heightSource":"Catastro:numberOfFloorsAboveGround"},"geometry":{"type":"Polygon","coordinates":[[[642232.7215,4825064.6225],[642232.4615,4825066.5125],[642275.032,4825072.563],[642275.312,4825070.623],[642272.362,4825070.213],[642269.022,4825069.743],[642266.662,4825069.403],[642262.942,4825068.883],[642260.572,4825068.553],[642256.862,4825068.023],[642254.982,4825067.763],[642250.772,4825067.173],[642248.412,4825066.833],[642244.692,4825066.313],[642242.492,4825066.003],[642235.2615,4825064.9825],[642232.7215,4825064.6225]]]}},{"type":"Feature","properties":{"id":"2153311PJ4225S_part38","floors":4,"height":12.4,"heightSource":"Catastro:numberOfFloorsAboveGround"},"geometry":{"type":"Polygon","coordinates":[[[642231.5615,4825072.8725],[642274.132,4825078.923],[642274.702,4825074.923],[642275.032,4825072.563],[642232.4615,4825066.5125],[642232.0415,4825069.2325],[642231.9715,4825069.9925],[642231.5615,4825072.8725]]]}},{"type":"Feature","properties":{"id":"2153311PJ4225S_part39","floors":3,"height":9.3,"heightSource":"Catastro:numberOfFloorsAboveGround"},"geometry":{"type":"Polygon","coordinates":[[[642231.2815,4825074.9125],[642234.0515,4825075.3025],[642240.4615,4825076.203],[642243.2415,4825076.593],[642246.462,4825077.053],[642249.322,4825077.453],[642252.542,4825077.913],[642255.412,4825078.313],[642258.632,4825078.763],[642261.492,4825079.173],[642264.712,4825079.623],[642267.572,4825080.023],[642271.042,4825080.523],[642273.852,4825080.913],[642273.932,4825080.483],[642274.092,4825079.213],[642274.132,4825078.923],[642231.5615,4825072.8725],[642231.4815,4825073.2025],[642231.2815,4825074.9125]]]}},{"type":"Feature","properties":{"id":"2153311PJ4225S_part42","floors":2,"height":6.2,"heightSource":"Catastro:numberOfFloorsAboveGround"},"geometry":{"type":"Polygon","coordinates":[[[642230.8215,4825073.1125],[642231.4815,4825073.2025],[642231.5615,4825072.8725],[642231.9715,4825069.9925],[642231.2715,4825069.8925],[642230.8215,4825073.1125]]]}},{"type":"Feature","properties":{"id":"2153311PJ4225S_part44","floors":1,"height":3.1,"heightSource":"Catastro:numberOfFloorsAboveGround"},"geometry":{"type":"Polygon","coordinates":[[[642230.5915,4825069.8025],[642229.9215,4825074.5625],[642228.5815,4825081.1825],[642231.0715,4825081.4525],[642231.1315,4825080.9625],[642234.4115,4825081.3225],[642234.3515,4825081.8125],[642236.5615,4825082.0525],[642236.6115,4825081.5625],[642239.8915,4825081.923],[642239.8415,4825082.413],[642242.0415,4825082.663],[642242.0915,4825082.173],[642245.3715,4825082.523],[642245.3215,4825083.023],[642247.522,4825083.263],[642247.582,4825082.773],[642250.862,4825083.133],[642250.802,4825083.623],[642253.012,4825083.863],[642253.062,4825083.373],[642256.342,4825083.733],[642256.292,4825084.233],[642258.492,4825084.473],[642258.542,4825083.983],[642261.822,4825084.333],[642261.772,4825084.833],[642263.972,4825085.073],[642264.032,4825084.583],[642267.312,4825084.943],[642267.252,4825085.433],[642272.782,4825086.053],[642272.672,4825087.013],[642273.162,4825087.073],[642272.672,4825091.593],[642271.982,4825091.523],[642271.462,4825096.303],[642276.382,4825096.833],[642279.382,4825081.243],[642273.932,4825080.483],[642273.852,4825080.913],[642271.042,4825080.523],[642270.982,4825080.953],[642267.512,4825080.463],[642267.572,4825080.023],[642264.712,4825079.623],[642264.652,4825080.053],[642261.432,4825079.603],[642261.492,4825079.173],[642258.632,4825078.763],[642258.572,4825079.203],[642255.352,4825078.743],[642255.412,4825078.313],[642252.542,4825077.913],[642252.482,4825078.343],[642249.262,4825077.893],[642249.322,4825077.453],[642246.462,4825077.053],[642246.402,4825077.483],[642243.1815,4825077.033],[642243.2415,4825076.593],[642240.4615,4825076.203],[642240.3915,4825076.643],[642233.9915,4825075.7425],[642234.0515,4825075.3025],[642231.2815,4825074.9125],[642231.4815,4825073.2025],[642230.8215,4825073.1125],[642231.2715,4825069.8925],[642230.5915,4825069.8025]]]}},{"type":"Feature","properties":{"id":"2153311PJ4225S_part45","floors":1,"height":3.1,"heightSource":"Catastro:numberOfFloorsAboveGround"},"geometry":{"type":"Polygon","coordinates":[[[642229.875,4825026.162],[642228.403,4825032.294],[642233.674,4825033.5395],[642233.942,4825032.4125],[642234.302,4825030.9025],[642233.512,4825030.7125],[642234.333,4825027.2975],[642229.875,4825026.162]]]}},{"type":"Feature","properties":{"id":"2153311PJ4225S_part46","floors":4,"height":12.4,"heightSource":"Catastro:numberOfFloorsAboveGround"},"geometry":{"type":"Polygon","coordinates":[[[642227.6815,4825089.5025],[642271.482,4825094.263],[642272.162,4825087.923],[642228.3715,4825083.1525],[642227.8015,4825088.3725],[642227.6815,4825089.5025]]]}},{"type":"Feature","properties":{"id":"2153311PJ4225S_part47","floors":3,"height":9.3,"heightSource":"Catastro:numberOfFloorsAboveGround"},"geometry":{"type":"Polygon","coordinates":[[[642227.4715,4825091.4925],[642230.0915,4825091.7825],[642233.2215,4825092.1225],[642235.5815,4825092.3825],[642238.7115,4825092.723],[642241.0615,4825092.983],[642244.1915,4825093.323],[642246.5415,4825093.583],[642249.6815,4825093.923],[642252.032,4825094.183],[642255.162,4825094.523],[642257.512,4825094.783],[642259.702,4825095.023],[642260.642,4825095.123],[642263.002,4825095.373],[642266.132,4825095.723],[642268.812,4825096.013],[642271.462,4825096.303],[642271.982,4825091.523],[642272.672,4825091.593],[642273.162,4825087.073],[642272.672,4825087.013],[642272.782,4825086.053],[642267.252,4825085.433],[642263.972,4825085.073],[642261.772,4825084.833],[642258.492,4825084.473],[642256.292,4825084.233],[642253.012,4825083.863],[642250.802,4825083.623],[642247.522,4825083.263],[642245.3215,4825083.023],[642242.0415,4825082.663],[642239.8415,4825082.413],[642236.5615,4825082.0525],[642234.3515,4825081.8125],[642231.0715,4825081.4525],[642228.5815,4825081.1825],[642228.4115,4825082.7625],[642228.3715,4825083.1525],[642272.162,4825087.923],[642271.482,4825094.263],[642227.6815,4825089.5025],[642227.4715,4825091.4925]]]}},{"type":"Feature","properties":{"id":"2153312PJ4225S_part2","floors":3,"height":9.3,"heightSource":"Catastro:numberOfFloorsAboveGround"},"geometry":{"type":"Polygon","coordinates":[[[642281.81,4825056.3085],[642282.3095,4825056.3305],[642282.3885,4825054.5325],[642282.139,4825054.5215],[642282.2445,4825052.1235],[642282.494,4825052.1345],[642282.5735,4825050.3365],[642282.074,4825050.3145],[642281.81,4825056.3085]]]}},{"type":"Feature","properties":{"id":"2153312PJ4225S_part3","floors":3,"height":9.3,"heightSource":"Catastro:numberOfFloorsAboveGround"},"geometry":{"type":"Polygon","coordinates":[[[642281.722,4825058.3065],[642282.2815,4825058.3315],[642282.7215,4825048.341],[642282.162,4825048.3165],[642282.074,4825050.3145],[642282.5735,4825050.3365],[642282.494,4825052.1345],[642282.2445,4825052.1235],[642282.139,4825054.5215],[642282.3885,4825054.5325],[642282.3095,4825056.3305],[642281.81,4825056.3085],[642281.779,4825057.008],[642281.722,4825058.3065]]]}},{"type":"Feature","properties":{"id":"2153312PJ4225S_part4","floors":2,"height":6.2,"heightSource":"Catastro:numberOfFloorsAboveGround"},"geometry":{"type":"Polygon","coordinates":[[[642282.272,4825045.819],[642275.7385,4825045.531],[642275.7825,4825044.532],[642267.7105,4825044.176],[642267.7545,4825043.177],[642262.01,4825042.924],[642262.054,4825041.925],[642254.0615,4825041.573],[642254.1055,4825040.574],[642248.0515,4825040.307],[642247.9415,4825042.8045],[642253.9955,4825043.0715],[642253.9515,4825044.0705],[642261.944,4825044.4225],[642261.9,4825045.4215],[642267.644,4825045.675],[642267.6,4825046.674],[642275.6725,4825047.0295],[642275.6285,4825048.0285],[642282.162,4825048.3165],[642282.272,4825045.819]]]}},{"type":"Feature","properties":{"id":"2153312PJ4225S_part5","floors":3,"height":9.3,"heightSource":"Catastro:numberOfFloorsAboveGround"},"geometry":{"type":"Polygon","coordinates":[[[642247.5015,4825052.795],[642253.5555,4825053.062],[642253.5115,4825054.061],[642261.5035,4825054.413],[642261.4595,4825055.412],[642267.204,4825055.665],[642267.16,4825056.664],[642275.232,4825057.02],[642275.188,4825058.019],[642281.722,4825058.3065],[642281.779,4825057.008],[642281.81,4825056.3085],[642282.074,4825050.3145],[642282.162,4825048.3165],[642275.6285,4825048.0285],[642275.6725,4825047.0295],[642267.6,4825046.674],[642267.644,4825045.675],[642261.9,4825045.4215],[642261.944,4825044.4225],[642253.9515,4825044.0705],[642253.9955,4825043.0715],[642247.9415,4825042.8045],[642247.8535,4825044.803],[642247.5895,4825050.797],[642247.5015,4825052.795]]]}},{"type":"Feature","properties":{"id":"2153312PJ4225S_part6","floors":2,"height":6.2,"heightSource":"Catastro:numberOfFloorsAboveGround"},"geometry":{"type":"Polygon","coordinates":[[[642247.3915,4825055.2925],[642253.4455,4825055.5595],[642253.4015,4825056.5585],[642261.3935,4825056.9105],[642261.3495,4825057.9095],[642267.094,4825058.1625],[642267.05,4825059.1615],[642277.0605,4825059.6025],[642277.0165,4825060.602],[642281.612,4825060.804],[642281.722,4825058.3065],[642275.188,4825058.019],[642275.232,4825057.02],[642267.16,4825056.664],[642267.204,4825055.665],[642261.4595,4825055.412],[642261.5035,4825054.413],[642253.5115,4825054.061],[642253.5555,4825053.062],[642247.5015,4825052.795],[642247.3915,4825055.2925]]]}},{"type":"Feature","properties":{"id":"2153312PJ4225S_part8","floors":3,"height":9.3,"heightSource":"Catastro:numberOfFloorsAboveGround"},"geometry":{"type":"Polygon","coordinates":[[[642247.09,4825050.775],[642247.5895,4825050.797],[642247.8535,4825044.803],[642247.354,4825044.781],[642247.09,4825050.775]]]}},{"type":"Feature","properties":{"id":"2153314PJ4225S_part1","floors":4,"height":12.4,"heightSource":"Catastro:numberOfFloorsAboveGround"},"geometry":{"type":"Polygon","coordinates":[[[642227.026,4824948.3515],[642221.3095,4824971.2175],[642220.8245,4824971.0965],[642219.898,4824974.8025],[642219.413,4824974.681],[642218.487,4824978.387],[642218.0015,4824978.266],[642216.105,4824985.8525],[642221.7185,4824988.812],[642221.783,4824988.828],[642223.626,4824989.804],[642227.3125,4824991.7565],[642229.2775,4824992.248],[642229.156,4824992.733],[642269.9895,4825002.9405],[642270.6325,4825000.3695],[642271.1355,4824998.3565],[642272.833,4824991.5655],[642273.3265,4824989.592],[642273.979,4824986.9815],[642236.6575,4824977.652],[642242.9845,4824952.3405],[642240.414,4824951.6975],[642240.0875,4824951.6165],[642238.401,4824951.195],[642231.6095,4824949.497],[642230.152,4824949.1325],[642229.636,4824949.0035],[642227.026,4824948.3515]]]}},{"type":"Feature","properties":{"id":"2153314PJ4225S_part2","floors":4,"height":12.4,"heightSource":"Catastro:numberOfFloorsAboveGround"},"geometry":{"type":"Polygon","coordinates":[[[642272.833,4824991.5655],[642273.8035,4824991.808],[642274.297,4824989.834],[642273.3265,4824989.592],[642272.833,4824991.5655]]]}},{"type":"Feature","properties":{"id":"2153314PJ4225S_part3","floors":4,"height":12.4,"heightSource":"Catastro:numberOfFloorsAboveGround"},"geometry":{"type":"Polygon","coordinates":[[[642271.1355,4824998.3565],[642272.106,4824998.599],[642272.7725,4824995.931],[642273.8035,4824991.808],[642272.833,4824991.5655],[642271.1355,4824998.3565]]]}},{"type":"Feature","properties":{"id":"2153314PJ4225S_part4","floors":4,"height":12.4,"heightSource":"Catastro:numberOfFloorsAboveGround"},"geometry":{"type":"Polygon","coordinates":[[[642270.6325,4825000.3695],[642271.603,4825000.612],[642272.106,4824998.599],[642271.1355,4824998.3565],[642270.6325,4825000.3695]]]}},{"type":"Feature","properties":{"id":"2153314PJ4225S_part5","floors":1,"height":3.1,"heightSource":"Catastro:numberOfFloorsAboveGround"},"geometry":{"type":"Polygon","coordinates":[[[642262.514,4824967.9075],[642260.7045,4824975.7],[642271.4195,4824978.188],[642273.229,4824970.3955],[642262.514,4824967.9075]]]}},{"type":"Feature","properties":{"id":"2153314PJ4225S_part6","floors":4,"height":12.4,"heightSource":"Catastro:numberOfFloorsAboveGround"},"geometry":{"type":"Polygon","coordinates":[[[642238.401,4824951.195],[642240.0875,4824951.6165],[642240.414,4824951.6975],[642240.656,4824950.727],[642238.6435,4824950.2245],[642238.401,4824951.195]]]}},{"type":"Feature","properties":{"id":"2153314PJ4225S_part7","floors":4,"height":12.4,"heightSource":"Catastro:numberOfFloorsAboveGround"},"geometry":{"type":"Polygon","coordinates":[[[642231.6095,4824949.497],[642238.401,4824951.195],[642238.6435,4824950.2245],[642231.852,4824948.527],[642231.6095,4824949.497]]]}},{"type":"Feature","properties":{"id":"2153314PJ4225S_part8","floors":4,"height":12.4,"heightSource":"Catastro:numberOfFloorsAboveGround"},"geometry":{"type":"Polygon","coordinates":[[[642229.878,4824948.0335],[642229.636,4824949.0035],[642230.152,4824949.1325],[642231.6095,4824949.497],[642231.852,4824948.527],[642229.878,4824948.0335]]]}},{"type":"Feature","properties":{"id":"2153319PJ4225S_part1","floors":1,"height":3.1,"heightSource":"Catastro:numberOfFloorsAboveGround"},"geometry":{"type":"Polygon","coordinates":[[[642155.92,4824926.35],[642165.23,4824930.0],[642166.68,4824926.31],[642163.28,4824924.98],[642160.77,4824923.99],[642157.37,4824922.66],[642155.92,4824926.35]]]}},{"type":"Feature","properties":{"id":"2153319PJ4225S_part2","floors":1,"height":3.1,"heightSource":"Catastro:numberOfFloorsAboveGround"},"geometry":{"type":"Polygon","coordinates":[[[642169.71,4824914.46],[642167.28,4824913.51],[642166.88,4824914.53],[642167.31,4824914.7],[642169.3,4824915.49],[642169.71,4824914.46]]]}},{"type":"Feature","properties":{"id":"2153319PJ4225S_part3","floors":2,"height":6.2,"heightSource":"Catastro:numberOfFloorsAboveGround"},"geometry":{"type":"Polygon","coordinates":[[[642166.62,4824916.47],[642168.24,4824917.11],[642167.42,4824919.21],[642169.19,4824919.9],[642170.7,4824916.03],[642169.3,4824915.49],[642167.31,4824914.7],[642166.62,4824916.47]]]}},{"type":"Feature","properties":{"id":"2153319PJ4225S_part4","floors":2,"height":6.2,"heightSource":"Catastro:numberOfFloorsAboveGround"},"geometry":{"type":"Polygon","coordinates":[[[642166.43,4824921.72],[642165.6,4824923.85],[642163.97,4824923.21],[642163.28,4824924.98],[642166.68,4824926.31],[642168.2,4824922.41],[642166.43,4824921.72]]]}},{"type":"Feature","properties":{"id":"2153319PJ4225S_part5","floors":1,"height":3.1,"heightSource":"Catastro:numberOfFloorsAboveGround"},"geometry":{"type":"Polygon","coordinates":[[[642165.61,4824912.85],[642163.19,4824911.91],[642162.79,4824912.92],[642164.8,4824913.72],[642165.2,4824913.88],[642165.61,4824912.85]]]}},{"type":"Feature","properties":{"id":"2153319PJ4225S_part6","floors":2,"height":6.2,"heightSource":"Catastro:numberOfFloorsAboveGround"},"geometry":{"type":"Polygon","coordinates":[[[642161.39,4824912.38],[642159.88,4824916.25],[642161.65,4824916.95],[642162.48,4824914.85],[642164.11,4824915.49],[642164.8,4824913.72],[642162.79,4824912.92],[642161.39,4824912.38]]]}},{"type":"Feature","properties":{"id":"2153319PJ4225S_part7","floors":3,"height":9.3,"heightSource":"Catastro:numberOfFloorsAboveGround"},"geometry":{"type":"Polygon","coordinates":[[[642158.89,4824918.76],[642160.66,4824919.45],[642159.82,4824921.58],[642161.46,4824922.22],[642160.77,4824923.99],[642163.28,4824924.98],[642163.97,4824923.21],[642165.6,4824923.85],[642166.43,4824921.72],[642168.2,4824922.41],[642169.19,4824919.9],[642167.42,4824919.21],[642168.24,4824917.11],[642166.62,4824916.47],[642167.31,4824914.7],[642166.88,4824914.53],[642165.2,4824913.88],[642164.8,4824913.72],[642164.11,4824915.49],[642162.48,4824914.85],[642161.65,4824916.95],[642159.88,4824916.25],[642158.89,4824918.76]]]}},{"type":"Feature","properties":{"id":"2153319PJ4225S_part8","floors":2,"height":6.2,"heightSource":"Catastro:numberOfFloorsAboveGround"},"geometry":{"type":"Polygon","coordinates":[[[642157.37,4824922.66],[642160.77,4824923.99],[642161.46,4824922.22],[642159.82,4824921.58],[642160.66,4824919.45],[642158.89,4824918.76],[642157.37,4824922.66]]]}},{"type":"Feature","properties":{"id":"2153321PJ4225S_part1","floors":4,"height":12.4,"heightSource":"Catastro:numberOfFloorsAboveGround"},"geometry":{"type":"Polygon","coordinates":[[[642174.2915,4824952.982],[642175.2315,4824953.392],[642175.8915,4824953.642],[642176.6115,4824951.942],[642175.0115,4824951.262],[642174.2915,4824952.982]]]}},{"type":"Feature","properties":{"id":"2153321PJ4225S_part3","floors":4,"height":12.4,"heightSource":"Catastro:numberOfFloorsAboveGround"},"geometry":{"type":"Polygon","coordinates":[[[642173.6815,4824958.912],[642180.0115,4824961.552],[642180.4515,4824960.492],[642183.0415,4824961.572],[642182.5915,4824962.632],[642185.2615,4824963.762],[642185.8215,4824962.432],[642187.9915,4824963.332],[642187.4315,4824964.672],[642187.8515,4824964.842],[642188.2315,4824963.922],[642190.8115,4824965.002],[642193.3815,4824966.082],[642193.0015,4824967.002],[642193.4215,4824967.182],[642193.9815,4824965.842],[642196.1515,4824966.7525],[642195.5915,4824968.0925],[642198.3915,4824969.2625],[642198.8215,4824968.0125],[642198.9915,4824968.0725],[642199.1815,4824967.5325],[642200.762,4824968.0925],[642200.572,4824968.6325],[642201.202,4824968.8525],[642200.7115,4824970.2325],[642205.032,4824972.0425],[642207.822,4824964.1725],[642207.352,4824964.0025],[642208.292,4824961.3525],[642208.762,4824961.5225],[642208.922,4824961.0625],[642207.892,4824960.6925],[642208.652,4824958.5725],[642209.252,4824958.7825],[642209.802,4824957.2325],[642211.132,4824953.4625],[642210.452,4824953.2225],[642211.202,4824951.0925],[642211.882,4824951.3325],[642212.012,4824950.9525],[642213.882,4824945.6725],[642214.012,4824945.3025],[642213.342,4824945.0625],[642214.102,4824942.9425],[642214.762,4824943.1825],[642215.722,4824940.4925],[642216.522,4824938.2325],[642218.112,4824933.7325],[642214.752,4824932.3125],[642214.302,4824933.6125],[642212.702,4824933.0425],[642213.202,4824931.6625],[642210.942,4824930.7125],[642209.102,4824929.9325],[642208.812,4824929.8125],[642208.372,4824931.1425],[642206.762,4824930.5725],[642207.262,4824929.1625],[642203.892,4824927.7425],[642202.062,4824932.9325],[642201.632,4824932.7825],[642201.572,4824932.9525],[642202.002,4824933.1025],[642201.402,4824934.7925],[642200.552,4824937.1925],[642199.562,4824939.9825],[642200.642,4824940.3625],[642199.862,4824942.5825],[642198.782,4824942.2025],[642196.722,4824948.0425],[642196.502,4824948.6525],[642197.052,4824950.5225],[642196.672,4824950.6325],[642195.782,4824951.022],[642195.312,4824949.942],[642193.922,4824950.562],[642191.9815,4824949.742],[642192.352,4824948.872],[642189.1215,4824947.522],[642188.7515,4824948.392],[642184.2815,4824946.522],[642184.4115,4824946.202],[642179.1515,4824944.002],[642177.6715,4824947.552],[642178.6915,4824947.982],[642177.9415,4824949.792],[642176.9215,4824949.362],[642176.7115,4824949.862],[642177.3615,4824950.132],[642176.6115,4824951.942],[642177.1815,4824952.182],[642176.4715,4824953.882],[642175.8915,4824953.642],[642173.6815,4824958.912]],[[642187.9315,4824953.552],[642187.3515,4824954.932],[642185.5015,4824954.162],[642186.0815,4824952.782],[642186.9015,4824952.472],[642187.5815,4824952.752],[642187.9315,4824953.552]],[[642193.7615,4824960.492],[642192.9515,4824960.802],[642192.2715,4824960.522],[642191.9215,4824959.722],[642192.4915,4824958.342],[642194.3415,4824959.112],[642193.7615,4824960.492]],[[642202.442,4824962.2625],[642201.032,4824961.7625],[642201.692,4824959.8725],[642203.102,4824960.3725],[642203.462,4824961.1725],[642203.212,4824961.8725],[642202.442,4824962.2625]],[[642203.932,4824948.7925],[642202.522,4824948.2925],[642202.162,4824947.4925],[642202.412,4824946.8025],[642203.192,4824946.4025],[642204.602,4824946.9125],[642203.932,4824948.7925]],[[642208.562,4824947.1525],[642207.692,4824947.5125],[642206.282,4824947.0125],[642206.952,4824945.1325],[642208.362,4824945.6325],[642208.812,4824946.4625],[642208.562,4824947.1525]]]}},{"type":"Feature","properties":{"id":"2153321PJ4225S_part4","floors":4,"height":12.4,"heightSource":"Catastro:numberOfFloorsAboveGround"},"geometry":{"type":"Polygon","coordinates":[[[642216.522,4824938.2325],[642216.942,4824938.3825],[642218.532,4824933.9125],[642218.112,4824933.7325],[642216.522,4824938.2325]]]}},{"type":"Feature","properties":{"id":"2153321PJ4225S_part10","floors":4,"height":12.4,"heightSource":"Catastro:numberOfFloorsAboveGround"},"geometry":{"type":"Polygon","coordinates":[[[642212.702,4824933.0425],[642214.302,4824933.6125],[642214.752,4824932.3125],[642214.582,4824932.2425],[642213.202,4824931.6625],[642212.702,4824933.0425]]]}},{"type":"Feature","properties":{"id":"2153321PJ4225S_part11","floors":3,"height":9.3,"heightSource":"Catastro:numberOfFloorsAboveGround"},"geometry":{"type":"Polygon","coordinates":[[[642212.012,4824950.9525],[642212.372,4824951.0825],[642214.252,4824945.8025],[642213.882,4824945.6725],[642212.012,4824950.9525]]]}},{"type":"Feature","properties":{"id":"2153321PJ4225S_part14","floors":3,"height":9.3,"heightSource":"Catastro:numberOfFloorsAboveGround"},"geometry":{"type":"Polygon","coordinates":[[[642209.182,4824958.9725],[642209.602,4824959.1225],[642208.922,4824961.0625],[642209.782,4824961.3625],[642210.532,4824959.2425],[642209.252,4824958.7825],[642209.182,4824958.9725]]]}},{"type":"Feature","properties":{"id":"2153321PJ4225S_part15","floors":4,"height":12.4,"heightSource":"Catastro:numberOfFloorsAboveGround"},"geometry":{"type":"Polygon","coordinates":[[[642208.652,4824958.5725],[642207.892,4824960.6925],[642208.922,4824961.0625],[642209.602,4824959.1225],[642209.182,4824958.9725],[642209.252,4824958.7825],[642208.652,4824958.5725]]]}},{"type":"Feature","properties":{"id":"2153321PJ4225S_part16","floors":2,"height":6.2,"heightSource":"Catastro:numberOfFloorsAboveGround"},"geometry":{"type":"Polygon","coordinates":[[[642207.822,4824964.1725],[642208.792,4824964.5025],[642209.722,4824961.8625],[642208.762,4824961.5225],[642207.822,4824964.1725]]]}},{"type":"Feature","properties":{"id":"2153321PJ4225S_part18","floors":4,"height":12.4,"heightSource":"Catastro:numberOfFloorsAboveGround"},"geometry":{"type":"Polygon","coordinates":[[[642206.762,4824930.5725],[642208.372,4824931.1425],[642208.812,4824929.8125],[642207.262,4824929.1625],[642206.762,4824930.5725]]]}},{"type":"Feature","properties":{"id":"2153321PJ4225S_part19","floors":1,"height":3.1,"heightSource":"Catastro:numberOfFloorsAboveGround"},"geometry":{"type":"Polygon","coordinates":[[[642208.362,4824945.6325],[642206.952,4824945.1325],[642206.282,4824947.0125],[642207.692,4824947.5125],[642208.562,4824947.1525],[642208.812,4824946.4625],[642208.362,4824945.6325]]]}},{"type":"Feature","properties":{"id":"2153321PJ4225S_part20","floors":4,"height":12.4,"heightSource":"Catastro:numberOfFloorsAboveGround"},"geometry":{"type":"Polygon","coordinates":[[[642203.482,4824927.5725],[642201.632,4824932.7825],[642202.062,4824932.9325],[642203.892,4824927.7425],[642203.482,4824927.5725]]]}},{"type":"Feature","properties":{"id":"2153321PJ4225S_part23","floors":2,"height":6.2,"heightSource":"Catastro:numberOfFloorsAboveGround"},"geometry":{"type":"Polygon","coordinates":[[[642200.162,4824934.3525],[642199.302,4824936.7525],[642200.122,4824937.0425],[642200.552,4824937.1925],[642201.402,4824934.7925],[642200.972,4824934.6425],[642200.162,4824934.3525]]]}},{"type":"Feature","properties":{"id":"2153321PJ4225S_part26","floors":4,"height":12.4,"heightSource":"Catastro:numberOfFloorsAboveGround"},"geometry":{"type":"Polygon","coordinates":[[[642198.5415,4824969.3225],[642200.1015,4824969.9825],[642200.572,4824968.6325],[642198.9915,4824968.0725],[642198.5415,4824969.3225]]]}},{"type":"Feature","properties":{"id":"2153321PJ4225S_part28","floors":4,"height":12.4,"heightSource":"Catastro:numberOfFloorsAboveGround"},"geometry":{"type":"Polygon","coordinates":[[[642198.352,4824942.0425],[642198.392,4824942.0625],[642198.782,4824942.2025],[642199.862,4824942.5825],[642200.642,4824940.3625],[642199.562,4824939.9825],[642199.132,4824939.8325],[642198.352,4824942.0425]]]}},{"type":"Feature","properties":{"id":"2153321PJ4225S_part29","floors":2,"height":6.2,"heightSource":"Catastro:numberOfFloorsAboveGround"},"geometry":{"type":"Polygon","coordinates":[[[642198.242,4824939.5125],[642197.452,4824941.7325],[642198.352,4824942.0425],[642199.132,4824939.8325],[642198.242,4824939.5125]]]}},{"type":"Feature","properties":{"id":"2153321PJ4225S_part30","floors":4,"height":12.4,"heightSource":"Catastro:numberOfFloorsAboveGround"},"geometry":{"type":"Polygon","coordinates":[[[642196.322,4824947.9025],[642196.722,4824948.0425],[642198.782,4824942.2025],[642198.392,4824942.0625],[642196.322,4824947.9025]]]}},{"type":"Feature","properties":{"id":"2153321PJ4225S_part31","floors":2,"height":6.2,"heightSource":"Catastro:numberOfFloorsAboveGround"},"geometry":{"type":"Polygon","coordinates":[[[642195.442,4824947.652],[642195.772,4824947.712],[642196.322,4824947.9025],[642198.392,4824942.0625],[642198.352,4824942.0425],[642198.182,4824942.5125],[642197.372,4824942.2225],[642195.852,4824946.512],[642195.442,4824947.652]]]}},{"type":"Feature","properties":{"id":"2153321PJ4225S_part32","floors":4,"height":12.4,"heightSource":"Catastro:numberOfFloorsAboveGround"},"geometry":{"type":"Polygon","coordinates":[[[642196.1515,4824966.7525],[642193.9815,4824965.842],[642193.4215,4824967.182],[642195.5915,4824968.0925],[642196.1515,4824966.7525]]]}},{"type":"Feature","properties":{"id":"2153321PJ4225S_part33","floors":3,"height":9.3,"heightSource":"Catastro:numberOfFloorsAboveGround"},"geometry":{"type":"Polygon","coordinates":[[[642191.9815,4824949.742],[642193.922,4824950.562],[642195.312,4824949.942],[642195.782,4824951.022],[642196.672,4824950.6325],[642197.052,4824950.5225],[642196.502,4824948.6525],[642196.722,4824948.0425],[642196.322,4824947.9025],[642195.772,4824947.712],[642195.442,4824947.652],[642194.892,4824947.612],[642194.602,4824947.632],[642194.132,4824947.722],[642193.482,4824947.962],[642192.982,4824948.262],[642192.722,4824948.482],[642192.352,4824948.872],[642191.9815,4824949.742]]]}},{"type":"Feature","properties":{"id":"2153321PJ4225S_part34","floors":4,"height":12.4,"heightSource":"Catastro:numberOfFloorsAboveGround"},"geometry":{"type":"Polygon","coordinates":[[[642193.3815,4824966.082],[642190.8115,4824965.002],[642188.2315,4824963.922],[642187.8515,4824964.842],[642193.0015,4824967.002],[642193.3815,4824966.082]]]}},{"type":"Feature","properties":{"id":"2153321PJ4225S_part35","floors":4,"height":12.4,"heightSource":"Catastro:numberOfFloorsAboveGround"},"geometry":{"type":"Polygon","coordinates":[[[642187.9915,4824963.332],[642185.8215,4824962.432],[642185.2615,4824963.762],[642187.4315,4824964.672],[642187.9915,4824963.332]]]}},{"type":"Feature","properties":{"id":"2153321PJ4225S_part36","floors":4,"height":12.4,"heightSource":"Catastro:numberOfFloorsAboveGround"},"geometry":{"type":"Polygon","coordinates":[[[642184.2815,4824946.522],[642188.7515,4824948.392],[642189.1215,4824947.522],[642192.352,4824948.872],[642192.722,4824948.482],[642185.8715,4824945.622],[642185.3815,4824946.602],[642184.4115,4824946.202],[642184.2815,4824946.522]]]}},{"type":"Feature","properties":{"id":"2153321PJ4225S_part37","floors":4,"height":12.4,"heightSource":"Catastro:numberOfFloorsAboveGround"},"geometry":{"type":"Polygon","coordinates":[[[642183.0415,4824961.572],[642180.4515,4824960.492],[642180.0115,4824961.552],[642182.5915,4824962.632],[642183.0415,4824961.572]]]}},{"type":"Feature","properties":{"id":"2153321PJ4225S_part38","floors":4,"height":12.4,"heightSource":"Catastro:numberOfFloorsAboveGround"},"geometry":{"type":"Polygon","coordinates":[[[642176.9215,4824949.362],[642177.9415,4824949.792],[642178.6915,4824947.982],[642177.6715,4824947.552],[642176.9215,4824949.362]]]}},{"type":"Feature","properties":{"id":"2153321PJ4225S_part40","floors":3,"height":9.3,"heightSource":"Catastro:numberOfFloorsAboveGround"},"geometry":{"type":"Polygon","coordinates":[[[642176.2515,4824946.962],[642175.4915,4824948.762],[642176.9215,4824949.362],[642177.6715,4824947.552],[642176.2515,4824946.962]]]}},{"type":"Feature","properties":{"id":"2153321PJ4225S_part41","floors":2,"height":6.2,"heightSource":"Catastro:numberOfFloorsAboveGround"},"geometry":{"type":"Polygon","coordinates":[[[642175.7715,4824949.462],[642175.0115,4824951.262],[642176.6115,4824951.942],[642177.3615,4824950.132],[642176.7115,4824949.862],[642175.7715,4824949.462]]]}},{"type":"Feature","properties":{"id":"2250401PJ4225S_part1","floors":3,"height":9.3,"heightSource":"Catastro:numberOfFloorsAboveGround"},"geometry":{"type":"Polygon","coordinates":[[[642118.851,4824868.1015],[642118.151,4824868.1115],[642118.161,4824869.1115],[642118.291,4824870.9015],[642118.191,4824870.9115],[642118.231,4824873.8115],[642118.981,4824873.8015],[642119.021,4824877.2915],[642119.631,4824879.5915],[642120.051,4824879.5915],[642120.071,4824881.2715],[642120.451,4824882.7015],[642120.091,4824882.7915],[642120.131,4824885.3915],[642120.561,4824887.8515],[642122.941,4824894.9615],[642123.141,4824895.1015],[642125.301,4824896.6415],[642124.201,4824898.1915],[642124.061,4824898.3915],[642124.551,4824898.7415],[642127.311,4824900.7115],[642135.3015,4824889.5015],[642140.4915,4824882.2315],[642140.4415,4824878.8315],[642139.7415,4824878.8415],[642139.7215,4824876.8415],[642140.4215,4824876.8315],[642140.3715,4824873.5815],[642140.3215,4824870.0315],[642139.0215,4824870.0515],[642139.0015,4824868.0515],[642140.1015,4824868.0415],[642140.2915,4824867.3115],[642140.2315,4824862.2915],[642140.0115,4824861.5515],[642138.9115,4824861.5615],[642138.8815,4824859.5715],[642138.8015,4824852.5515],[642138.7715,4824850.5615],[642139.8715,4824850.5515],[642140.0615,4824849.8015],[642139.9915,4824844.7415],[642139.7915,4824844.0515],[642138.6915,4824844.0615],[642138.6615,4824842.0615],[642139.9615,4824842.0515],[642139.9215,4824838.4415],[642137.8215,4824838.4715],[642137.8215,4824838.5715],[642135.9115,4824838.5915],[642132.7215,4824838.6315],[642132.7215,4824838.7815],[642118.4815,4824838.9615],[642118.851,4824868.1015]],[[642128.3515,4824869.4815],[642128.3115,4824866.4815],[642131.5615,4824866.4415],[642131.6015,4824869.4415],[642128.3515,4824869.4815]],[[642131.2715,4824843.0015],[642131.3115,4824846.0015],[642128.0615,4824846.0415],[642128.0215,4824843.0415],[642131.2715,4824843.0015]],[[642130.7115,4824877.9515],[642130.7515,4824880.9515],[642127.5015,4824880.9915],[642127.4615,4824877.9915],[642130.7115,4824877.9515]],[[642128.1715,4824854.6915],[642131.4215,4824854.6515],[642131.4515,4824857.6515],[642128.2115,4824857.6915],[642128.1715,4824854.6915]]]}},{"type":"Feature","properties":{"id":"2250401PJ4225S_part7","floors":3,"height":9.3,"heightSource":"Catastro:numberOfFloorsAboveGround"},"geometry":{"type":"Polygon","coordinates":[[[642117.2815,4824839.8415],[642117.2115,4824840.2815],[642117.1115,4824841.6115],[642117.1215,4824842.4915],[642117.3315,4824843.8115],[642117.5515,4824844.6715],[642117.3515,4824845.5415],[642117.2815,4824845.9815],[642117.1815,4824847.3115],[642117.1915,4824848.1915],[642117.4015,4824849.5115],[642117.6215,4824850.3715],[642117.4115,4824851.3615],[642117.2515,4824852.8515],[642117.2615,4824853.8615],[642117.4615,4824855.3515],[642117.7015,4824856.3215],[642117.501,4824857.2215],[642117.321,4824858.5915],[642117.331,4824859.5115],[642117.471,4824860.8815],[642117.551,4824861.3315],[642117.781,4824862.2215],[642117.501,4824863.5715],[642117.401,4824864.4915],[642117.411,4824865.8615],[642117.621,4824867.2215],[642117.851,4824868.1115],[642118.151,4824868.1115],[642118.851,4824868.1015],[642118.4815,4824838.9615],[642117.4815,4824838.9715],[642117.2815,4824839.8415]]]}},{"type":"Feature","properties":{"id":"2250401PJ4225S_part11","floors":4,"height":12.4,"heightSource":"Catastro:numberOfFloorsAboveGround"},"geometry":{"type":"Polygon","coordinates":[[[642117.1215,4824828.1615],[642116.9615,4824829.7515],[642116.9715,4824830.8215],[642117.1715,4824832.4015],[642117.4115,4824833.4415],[642117.2215,4824834.2215],[642117.1015,4824835.0215],[642117.0415,4824835.8115],[642117.0515,4824836.6115],[642117.1315,4824837.4115],[642117.2815,4824838.2015],[642117.4815,4824838.9715],[642118.4815,4824838.9615],[642118.3315,4824827.1015],[642117.3315,4824827.1115],[642117.1215,4824828.1615]]]}},{"type":"Feature","properties":{"id":"2250401PJ4225S_part15","floors":2,"height":6.2,"heightSource":"Catastro:numberOfFloorsAboveGround"},"geometry":{"type":"Polygon","coordinates":[[[642140.1015,4824852.5415],[642140.1915,4824859.5515],[642140.2215,4824861.5515],[642140.3715,4824861.5515],[642140.3515,4824859.5515],[642140.4915,4824858.8615],[642140.5915,4824858.1615],[642140.7015,4824856.7515],[642140.7115,4824856.0415],[642140.6915,4824855.3315],[642140.6315,4824854.6315],[642140.4315,4824853.2315],[642140.2815,4824852.5415],[642140.2515,4824850.5515],[642140.0715,4824850.5515],[642140.1015,4824852.5415]]]}},{"type":"Feature","properties":{"id":"2250401PJ4225S_part24","floors":4,"height":12.4,"heightSource":"Catastro:numberOfFloorsAboveGround"},"geometry":{"type":"Polygon","coordinates":[[[642157.742,4824820.342],[642157.742,4824819.912],[642150.692,4824820.0015],[642150.692,4824820.2015],[642147.602,4824820.2415],[642147.602,4824820.4715],[642157.742,4824820.342]]]}},{"type":"Feature","properties":{"id":"2250401PJ4225S_part25","floors":4,"height":12.4,"heightSource":"Catastro:numberOfFloorsAboveGround"},"geometry":{"type":"Polygon","coordinates":[[[642147.782,4824834.6515],[642145.682,4824834.6915],[642145.682,4824834.8315],[642145.692,4824836.0315],[642147.802,4824836.0015],[642147.802,4824835.8015],[642147.782,4824834.6515]]]}},{"type":"Feature","properties":{"id":"2250401PJ4225S_part32","floors":1,"height":3.1,"heightSource":"Catastro:numberOfFloorsAboveGround"},"geometry":{"type":"Polygon","coordinates":[[[642139.9215,4824838.4415],[642139.9615,4824842.0515],[642140.1615,4824842.0515],[642140.1815,4824844.0415],[642139.9915,4824844.0415],[642139.9915,4824844.7415],[642140.2215,4824845.8815],[642140.2815,4824846.3515],[642140.3315,4824847.2915],[642140.3315,4824847.7615],[642140.2615,4824848.7015],[642140.0615,4824849.8015],[642140.0715,4824850.5515],[642140.2515,4824850.5515],[642140.2815,4824852.5415],[642140.4315,4824853.2315],[642140.6315,4824854.6315],[642140.6915,4824855.3315],[642140.7115,4824856.0415],[642140.7015,4824856.7515],[642140.5915,4824858.1615],[642140.4915,4824858.8615],[642140.3515,4824859.5515],[642140.3715,4824861.5515],[642140.2215,4824861.5515],[642140.2315,4824862.2915],[642140.4415,4824863.3815],[642140.5515,4824864.5815],[642140.5315,4824865.7315],[642140.4215,4824866.6615],[642140.2915,4824867.3115],[642140.3015,4824868.0415],[642140.4515,4824868.0415],[642140.4715,4824870.0315],[642140.3215,4824870.0315],[642140.3715,4824873.5815],[642143.1615,4824873.5515],[642142.7215,4824838.4115],[642139.9215,4824838.4415]]]}},{"type":"Feature","properties":{"id":"2250401PJ4225S_part36","floors":1,"height":3.1,"heightSource":"Catastro:numberOfFloorsAboveGround"},"geometry":{"type":"Polygon","coordinates":[[[642139.502,4824820.5815],[642139.512,4824821.3415],[642145.512,4824821.2715],[642145.502,4824820.5015],[642139.502,4824820.5815]]]}},{"type":"Feature","properties":{"id":"2250401PJ4225S_part37","floors":3,"height":9.3,"heightSource":"Catastro:numberOfFloorsAboveGround"},"geometry":{"type":"Polygon","coordinates":[[[642139.0015,4824868.0515],[642139.0215,4824870.0515],[642140.3215,4824870.0315],[642140.3015,4824868.0415],[642140.1015,4824868.0415],[642139.0015,4824868.0515]]]}},{"type":"Feature","properties":{"id":"2250401PJ4225S_part38","floors":3,"height":9.3,"heightSource":"Catastro:numberOfFloorsAboveGround"},"geometry":{"type":"Polygon","coordinates":[[[642138.8815,4824859.5715],[642138.9115,4824861.5615],[642140.0115,4824861.5515],[642140.2215,4824861.5515],[642140.1915,4824859.5515],[642138.8815,4824859.5715]]]}},{"type":"Feature","properties":{"id":"2250401PJ4225S_part39","floors":3,"height":9.3,"heightSource":"Catastro:numberOfFloorsAboveGround"},"geometry":{"type":"Polygon","coordinates":[[[642138.8015,4824852.5515],[642138.8815,4824859.5715],[642140.1915,4824859.5515],[642140.1015,4824852.5415],[642138.8015,4824852.5515]]]}},{"type":"Feature","properties":{"id":"2250401PJ4225S_part40","floors":3,"height":9.3,"heightSource":"Catastro:numberOfFloorsAboveGround"},"geometry":{"type":"Polygon","coordinates":[[[642138.7715,4824850.5615],[642138.8015,4824852.5515],[642140.1015,4824852.5415],[642140.0715,4824850.5515],[642139.8715,4824850.5515],[642138.7715,4824850.5615]]]}},{"type":"Feature","properties":{"id":"2250401PJ4225S_part41","floors":3,"height":9.3,"heightSource":"Catastro:numberOfFloorsAboveGround"},"geometry":{"type":"Polygon","coordinates":[[[642138.6615,4824842.0615],[642138.6915,4824844.0615],[642139.7915,4824844.0515],[642139.9915,4824844.0415],[642139.9615,4824842.0515],[642138.6615,4824842.0615]]]}},{"type":"Feature","properties":{"id":"2250401PJ4225S_part42","floors":1,"height":3.1,"heightSource":"Catastro:numberOfFloorsAboveGround"},"geometry":{"type":"Polygon","coordinates":[[[642137.7815,4824834.9215],[642137.7915,4824836.0915],[642137.8715,4824836.1915],[642142.6915,4824836.1315],[642142.6915,4824836.0615],[642145.692,4824836.0315],[642145.682,4824834.8315],[642137.7815,4824834.9215]]]}},{"type":"Feature","properties":{"id":"2250401PJ4225S_part45","floors":1,"height":3.1,"heightSource":"Catastro:numberOfFloorsAboveGround"},"geometry":{"type":"Polygon","coordinates":[[[642137.7715,4824834.8215],[642135.8715,4824834.8515],[642135.9115,4824838.5915],[642137.8215,4824838.5715],[642137.8215,4824838.4715],[642137.7915,4824836.0915],[642137.7815,4824834.9215],[642137.7715,4824834.8215]]]}},{"type":"Feature","properties":{"id":"2250401PJ4225S_part46","floors":4,"height":12.4,"heightSource":"Catastro:numberOfFloorsAboveGround"},"geometry":{"type":"Polygon","coordinates":[[[642131.2915,4824820.1915],[642131.3015,4824820.6915],[642137.4015,4824820.6115],[642137.4015,4824820.3715],[642134.3015,4824820.4115],[642134.2915,4824820.1615],[642131.2915,4824820.1915]]]}},{"type":"Feature","properties":{"id":"2250401PJ4225S_part47","floors":3,"height":9.3,"heightSource":"Catastro:numberOfFloorsAboveGround"},"geometry":{"type":"Polygon","coordinates":[[[642124.541,4824899.2915],[642126.151,4824902.3415],[642127.311,4824900.7115],[642124.551,4824898.7415],[642124.541,4824899.2915]]]}},{"type":"Feature","properties":{"id":"2250401PJ4225S_part48","floors":3,"height":9.3,"heightSource":"Catastro:numberOfFloorsAboveGround"},"geometry":{"type":"Polygon","coordinates":[[[642123.091,4824895.4315],[642123.901,4824897.8915],[642124.201,4824898.1915],[642125.301,4824896.6415],[642123.141,4824895.1015],[642123.091,4824895.4315]]]}},{"type":"Feature","properties":{"id":"2250401PJ4225S_part51","floors":4,"height":12.4,"heightSource":"Catastro:numberOfFloorsAboveGround"},"geometry":{"type":"Polygon","coordinates":[[[642118.3315,4824827.1015],[642118.4815,4824838.9615],[642132.7215,4824838.7815],[642132.7215,4824838.6315],[642135.9115,4824838.5915],[642135.8715,4824834.8515],[642137.7715,4824834.8215],[642137.7815,4824834.9215],[642145.682,4824834.8315],[642145.682,4824834.6915],[642147.782,4824834.6515],[642147.802,4824835.8015],[642150.892,4824835.7615],[642150.892,4824835.9515],[642157.942,4824835.872],[642157.912,4824833.362],[642157.882,4824831.262],[642158.782,4824831.252],[642158.702,4824824.652],[642157.802,4824824.662],[642157.772,4824822.562],[642157.742,4824820.342],[642147.602,4824820.4715],[642147.622,4824821.3915],[642145.512,4824821.4215],[642145.512,4824821.2715],[642139.512,4824821.3415],[642139.512,4824821.4915],[642137.4215,4824821.5215],[642137.4015,4824820.6115],[642131.3015,4824820.6915],[642125.1515,4824820.7715],[642122.2115,4824823.5015],[642120.6015,4824824.9915],[642118.3315,4824827.1015]],[[642127.9215,4824834.8115],[642127.8815,4824831.8115],[642131.1315,4824831.7715],[642131.1715,4824834.7715],[642127.9215,4824834.8115]]]}},{"type":"Feature","properties":{"id":"2250403PJ4225S_part1","floors":1,"height":3.1,"heightSource":"Catastro:numberOfFloorsAboveGround"},"geometry":{"type":"Polygon","coordinates":[[[642091.868,4824807.1525],[642097.2395,4824816.162],[642100.5615,4824814.161],[642095.171,4824805.171],[642091.868,4824807.1525]]]}},{"type":"Feature","properties":{"id":"2250403PJ4225S_part2","floors":4,"height":12.4,"heightSource":"Catastro:numberOfFloorsAboveGround"},"geometry":{"type":"Polygon","coordinates":[[[642157.322,4824792.482],[642156.472,4824791.512],[642154.732,4824791.6615],[642153.822,4824790.9815],[642151.732,4824791.1615],[642150.952,4824791.9815],[642142.182,4824792.7315],[642141.272,4824792.0615],[642139.182,4824792.2315],[642138.402,4824793.0515],[642133.122,4824793.5015],[642132.222,4824792.8315],[642130.132,4824793.0115],[642129.332,4824793.8215],[642127.592,4824793.9715],[642126.9115,4824794.9415],[642126.6715,4824794.9615],[642126.7415,4824795.7615],[642126.1415,4824795.8115],[642126.5015,4824799.9915],[642127.1015,4824799.9415],[642127.2215,4824801.4215],[642126.6315,4824801.4715],[642126.9815,4824805.6615],[642127.5815,4824805.6115],[642127.6515,4824806.4115],[642127.8915,4824806.3915],[642128.7215,4824807.2315],[642157.622,4824804.752],[642158.302,4824803.942],[642158.552,4824803.922],[642157.572,4824792.462],[642157.322,4824792.482]]]}},{"type":"Feature","properties":{"id":"2250403PJ4225S_part3","floors":4,"height":12.4,"heightSource":"Catastro:numberOfFloorsAboveGround"},"geometry":{"type":"Polygon","coordinates":[[[642142.052,4824767.0815],[642117.232,4824769.1615],[642116.4915,4824769.9715],[642116.2915,4824769.9915],[642117.5215,4824784.4415],[642117.7215,4824784.4215],[642118.5915,4824785.1015],[642127.812,4824784.3215],[642156.712,4824781.852],[642157.502,4824781.032],[642157.752,4824781.012],[642155.9225,4824759.5915],[642141.512,4824760.8215],[642142.052,4824767.0815]]]}},{"type":"Feature","properties":{"id":"2250403PJ4225S_part4","floors":1,"height":3.1,"heightSource":"Catastro:numberOfFloorsAboveGround"},"geometry":{"type":"Polygon","coordinates":[[[642111.5515,4824816.1115],[642102.3915,4824800.851],[642095.171,4824805.171],[642100.5615,4824814.161],[642097.2395,4824816.162],[642101.001,4824822.471],[642111.5515,4824816.1115]]]}},{"type":"Feature","properties":{"id":"2250426PJ4225S_part1","floors":4,"height":12.4,"heightSource":"Catastro:numberOfFloorsAboveGround"},"geometry":{"type":"Polygon","coordinates":[[[642147.1825,4824722.7715],[642146.8625,4824724.8515],[642148.0025,4824725.0315],[642148.3225,4824722.9515],[642147.7325,4824722.8615],[642147.1825,4824722.7715]]]}},{"type":"Feature","properties":{"id":"2250426PJ4225S_part9","floors":1,"height":3.1,"heightSource":"Catastro:numberOfFloorsAboveGround"},"geometry":{"type":"MultiPolygon","coordinates":[[[[642159.124,4824670.5435],[642159.5196620732,4824668.0],[642158.8016714351,4824668.0],[642158.4245,4824670.4315],[642159.124,4824670.5435]]],[[[642161.493,4824670.922],[642159.613,4824670.6215],[642158.303,4824679.0715],[642167.743,4824680.542],[642169.6947754907,4824668.0],[642161.9474585253,4824668.0],[642161.493,4824670.922]]]]}},{"type":"Feature","properties":{"id":"2250426PJ4225S_part10","floors":1,"height":3.1,"heightSource":"Catastro:numberOfFloorsAboveGround"},"geometry":{"type":"Polygon","coordinates":[[[642156.5965,4824670.139],[642154.973,4824680.6715],[642154.873,4824681.7515],[642154.793,4824682.2915],[642154.553,4824683.3615],[642152.8915,4824694.1185],[642153.516,4824694.215],[642157.2455,4824670.243],[642156.5965,4824670.139]]]}},{"type":"Feature","properties":{"id":"2250426PJ4225S_part11","floors":1,"height":3.1,"heightSource":"Catastro:numberOfFloorsAboveGround"},"geometry":{"type":"Polygon","coordinates":[[[642153.3225,4824711.6215],[642150.6325,4824728.9115],[642157.6125,4824730.0015],[642164.273,4824687.192],[642157.213,4824686.0915],[642155.8925,4824694.5815],[642157.7725,4824694.8715],[642156.4225,4824703.5515],[642154.0525,4824703.1815],[642155.408,4824694.507],[642154.606,4824694.383],[642153.7625,4824699.8715],[642153.4725,4824701.4015],[642153.4425,4824701.9315],[642153.3025,4824702.9715],[642153.0725,4824704.0015],[642152.8825,4824705.5515],[642151.977,4824711.4115],[642153.3225,4824711.6215]]]}},{"type":"Feature","properties":{"id":"2250426PJ4225S_part14","floors":4,"height":12.4,"heightSource":"Catastro:numberOfFloorsAboveGround"},"geometry":{"type":"Polygon","coordinates":[[[642148.5125,4824714.2215],[642148.1825,4824716.3115],[642148.7325,4824716.3915],[642149.3225,4824716.4815],[642149.6425,4824714.4015],[642148.5125,4824714.2215]]]}},{"type":"Feature","properties":{"id":"2250426PJ4225S_part16","floors":1,"height":3.1,"heightSource":"Catastro:numberOfFloorsAboveGround"},"geometry":{"type":"Polygon","coordinates":[[[642147.4725,4824728.4215],[642148.2625,4824728.5415],[642150.9525,4824711.2515],[642150.1465,4824711.1255],[642149.6425,4824714.4015],[642149.3225,4824716.4815],[642148.9125,4824718.8815],[642148.8225,4824719.7015],[642148.6625,4824720.5315],[642148.3225,4824722.9515],[642148.0025,4824725.0315],[642147.4725,4824728.4215]]]}},{"type":"Feature","properties":{"id":"2250426PJ4225S_part19","floors":3,"height":9.3,"heightSource":"Catastro:numberOfFloorsAboveGround"},"geometry":{"type":"Polygon","coordinates":[[[642148.4625,4824673.6415],[642144.2725,4824672.9815],[642143.8125,4824675.9515],[642148.0025,4824676.6015],[642148.4625,4824673.6415]]]}},{"type":"Feature","properties":{"id":"2250426PJ4225S_part20","floors":3,"height":9.3,"heightSource":"Catastro:numberOfFloorsAboveGround"},"geometry":{"type":"Polygon","coordinates":[[[642146.5725,4824685.8715],[642142.3725,4824685.2115],[642141.9125,4824688.1815],[642146.1125,4824688.8315],[642146.5725,4824685.8715]]]}},{"type":"Feature","properties":{"id":"2250426PJ4225S_part21","floors":3,"height":9.3,"heightSource":"Catastro:numberOfFloorsAboveGround"},"geometry":{"type":"Polygon","coordinates":[[[642144.3425,4824700.1915],[642144.8125,4824697.2315],[642140.6125,4824696.5715],[642140.1525,4824699.5415],[642144.3425,4824700.1915]]]}},{"type":"Feature","properties":{"id":"2250426PJ4225S_part22","floors":3,"height":9.3,"heightSource":"Catastro:numberOfFloorsAboveGround"},"geometry":{"type":"Polygon","coordinates":[[[642142.5825,4824711.5515],[642143.0425,4824708.5915],[642138.8425,4824707.9415],[642138.3825,4824710.9015],[642142.5825,4824711.5515]]]}},{"type":"Feature","properties":{"id":"2250426PJ4225S_part23","floors":3,"height":9.3,"heightSource":"Catastro:numberOfFloorsAboveGround"},"geometry":{"type":"Polygon","coordinates":[[[642140.8025,4824722.9215],[642141.2725,4824719.9615],[642137.0725,4824719.3115],[642136.6025,4824722.2715],[642140.8025,4824722.9215]]]}},{"type":"Feature","properties":{"id":"2250426PJ4225S_part24","floors":2,"height":6.2,"heightSource":"Catastro:numberOfFloorsAboveGround"},"geometry":{"type":"Polygon","coordinates":[[[642134.292,4824727.3415],[642135.642,4824727.7615],[642136.5725,4824727.9415],[642137.5125,4824728.0515],[642138.9225,4824728.0515],[642139.8625,4824727.9615],[642140.3225,4824727.8815],[642140.7925,4824727.7815],[642141.6925,4824727.5215],[642140.111,4824727.275],[642134.439,4824726.391],[642134.292,4824727.3415]]]}},{"type":"Feature","properties":{"id":"2250426PJ4225S_part26","floors":4,"height":12.4,"heightSource":"Catastro:numberOfFloorsAboveGround"},"geometry":{"type":"Polygon","coordinates":[[[642125.402,4824724.9815],[642127.682,4824725.3415],[642131.812,4824725.9815],[642134.439,4824726.391],[642140.111,4824727.275],[642141.6925,4824727.5215],[642147.4725,4824728.4215],[642148.0025,4824725.0315],[642146.8625,4824724.8515],[642147.1825,4824722.7715],[642147.7325,4824722.8615],[642148.1125,4824722.1115],[642148.4225,4824721.3415],[642148.6625,4824720.5315],[642148.8225,4824719.7015],[642148.9125,4824718.8815],[642148.9325,4824718.0515],[642148.8725,4824717.2115],[642148.7325,4824716.3915],[642148.1825,4824716.3115],[642148.5125,4824714.2215],[642149.6425,4824714.4015],[642150.1465,4824711.1255],[642150.9525,4824711.2515],[642151.977,4824711.4115],[642152.8825,4824705.5515],[642153.0725,4824704.0015],[642153.3025,4824702.9715],[642153.4425,4824701.9315],[642153.4725,4824701.4015],[642153.7625,4824699.8715],[642154.606,4824694.383],[642153.516,4824694.215],[642152.8915,4824694.1185],[642154.553,4824683.3615],[642154.793,4824682.2915],[642154.873,4824681.7515],[642154.973,4824680.6715],[642156.5965,4824670.139],[642157.2455,4824670.243],[642158.4245,4824670.4315],[642158.8016714351,4824668.0],[642134.2740601543,4824668.0],[642125.402,4824724.9815]],[[642137.0725,4824719.3115],[642141.2725,4824719.9615],[642140.8025,4824722.9215],[642136.6025,4824722.2715],[642137.0725,4824719.3115]],[[642138.8425,4824707.9415],[642143.0425,4824708.5915],[642142.5825,4824711.5515],[642138.3825,4824710.9015],[642138.8425,4824707.9415]],[[642140.6125,4824696.5715],[642144.8125,4824697.2315],[642144.3425,4824700.1915],[642140.1525,4824699.5415],[642140.6125,4824696.5715]],[[642141.9125,4824688.1815],[642142.3725,4824685.2115],[642146.5725,4824685.8715],[642146.1125,4824688.8315],[642141.9125,4824688.1815]],[[642143.8125,4824675.9515],[642144.2725,4824672.9815],[642148.4625,4824673.6415],[642148.0025,4824676.6015],[642143.8125,4824675.9515]]]}},{"type":"Feature","properties":{"id":"2250426PJ4225S_part27","floors":4,"height":12.4,"heightSource":"Catastro:numberOfFloorsAboveGround"},"geometry":{"type":"Polygon","coordinates":[[[642123.512,4824724.6915],[642125.402,4824724.9815],[642134.2740601543,4824668.0],[642132.3487573715,4824668.0],[642131.6425,4824672.5315],[642129.7325,4824684.7615],[642127.9625,4824696.1215],[642123.512,4824724.6915]]]}},{"type":"Feature","properties":{"id":"2250426PJ4225S_part28","floors":1,"height":3.1,"heightSource":"Catastro:numberOfFloorsAboveGround"},"geometry":{"type":"Polygon","coordinates":[[[642101.25,4824722.296],[642101.25,4824748.585],[642113.842,4824745.698],[642114.026,4824724.2],[642101.25,4824722.296]]]}},{"type":"Feature","properties":{"id":"2253101PJ4225S_part1","floors":2,"height":6.2,"heightSource":"Catastro:numberOfFloorsAboveGround"},"geometry":{"type":"Polygon","coordinates":[[[642017.7185,4825119.3405],[642016.1985,4825126.0705],[642029.8985,4825129.1705],[642031.3885,4825122.4305],[642017.7185,4825119.3405]]]}},{"type":"Feature","properties":{"id":"2253101PJ4225S_part2","floors":1,"height":3.1,"heightSource":"Catastro:numberOfFloorsAboveGround"},"geometry":{"type":"Polygon","coordinates":[[[642013.7385,4825125.5605],[642014.6985,4825120.4705],[642012.7385,4825120.0405],[642012.3385,4825120.2105],[642011.578,4825125.1505],[642013.7385,4825125.5605]]]}},{"type":"Feature","properties":{"id":"2253102PJ4225S_part1","floors":2,"height":6.2,"heightSource":"Catastro:numberOfFloorsAboveGround"},"geometry":{"type":"Polygon","coordinates":[[[642044.9285,4825135.391],[642045.3085,4825133.661],[642046.6685,4825127.601],[642047.2185,4825125.171],[642046.6785,4825125.051],[642047.1785,4825122.791],[642042.1885,4825121.6605],[642041.6785,4825123.9005],[642037.8985,4825123.0105],[642035.9485,4825131.6105],[642035.5785,4825133.2805],[642044.9285,4825135.391]]]}},{"type":"Feature","properties":{"id":"2253103PJ4225S_part1","floors":2,"height":6.2,"heightSource":"Catastro:numberOfFloorsAboveGround"},"geometry":{"type":"Polygon","coordinates":[[[642067.909,4825140.811],[642069.899,4825132.161],[642070.019,4825131.671],[642069.689,4825131.591],[642064.369,4825130.371],[642065.249,4825126.561],[642055.229,4825124.261],[642054.099,4825129.001],[642052.5285,4825135.691],[642060.189,4825137.491],[642059.849,4825138.941],[642064.049,4825139.931],[642063.589,4825141.881],[642066.449,4825142.561],[642066.919,4825140.581],[642067.909,4825140.811]]]}},{"type":"Feature","properties":{"id":"2253104PJ4225S_part1","floors":2,"height":6.2,"heightSource":"Catastro:numberOfFloorsAboveGround"},"geometry":{"type":"Polygon","coordinates":[[[642108.9495,4825137.0015],[642095.1595,4825133.8215],[642094.8495,4825135.3815],[642094.6995,4825136.1815],[642093.8695,4825135.9915],[642091.769,4825144.901],[642097.1695,4825146.1815],[642097.4595,4825144.9515],[642106.6195,4825147.0715],[642108.8795,4825137.2815],[642108.9495,4825137.0015]]]}},{"type":"Feature","properties":{"id":"2350805PJ4225S_part1","floors":2,"height":6.2,"heightSource":"Catastro:numberOfFloorsAboveGround"},"geometry":{"type":"Polygon","coordinates":[[[642237.333,4824826.8025],[642249.093,4824827.943],[642249.383,4824824.363],[642250.5335,4824824.473],[642251.0235,4824819.433],[642238.163,4824818.1925],[642237.803,4824821.7425],[642237.613,4824823.6825],[642237.333,4824826.8025]]]}},{"type":"Feature","properties":{"id":"2350805PJ4225S_part2","floors":1,"height":3.1,"heightSource":"Catastro:numberOfFloorsAboveGround"},"geometry":{"type":"Polygon","coordinates":[[[642229.993,4824829.8225],[642230.313,4824823.6425],[642218.133,4824822.4825],[642217.893,4824829.0125],[642229.993,4824829.8225]]]}},{"type":"Feature","properties":{"id":"2350807PJ4225S_part1","floors":2,"height":6.2,"heightSource":"Catastro:numberOfFloorsAboveGround"},"geometry":{"type":"Polygon","coordinates":[[[642243.187,4824730.7815],[642235.697,4824736.1235],[642240.168,4824742.3925],[642246.1285,4824738.141],[642244.5835,4824735.975],[642244.8895,4824735.757],[642246.1135,4824734.884],[642243.187,4824730.7815]]]}},{"type":"Feature","properties":{"id":"2350807PJ4225S_part2","floors":2,"height":6.2,"heightSource":"Catastro:numberOfFloorsAboveGround"},"geometry":{"type":"Polygon","coordinates":[[[642244.8895,4824735.757],[642246.4345,4824737.923],[642247.6585,4824737.05],[642246.1135,4824734.884],[642244.8895,4824735.757]]]}},{"type":"Feature","properties":{"id":"2350808PJ4225S_part1","floors":1,"height":3.1,"heightSource":"Catastro:numberOfFloorsAboveGround"},"geometry":{"type":"Polygon","coordinates":[[[642217.9715,4824730.018],[642215.364,4824731.818],[642216.9035,4824739.3925],[642222.0135,4824735.8725],[642217.9715,4824730.018]]]}},{"type":"Feature","properties":{"id":"2350808PJ4225S_part2","floors":2,"height":6.2,"heightSource":"Catastro:numberOfFloorsAboveGround"},"geometry":{"type":"Polygon","coordinates":[[[642230.7635,4824726.7625],[642238.6635,4824721.4625],[642234.3335,4824715.0125],[642226.4335,4824720.3025],[642230.7635,4824726.7625]]]}},{"type":"Feature","properties":{"id":"2350808PJ4225S_part3","floors":1,"height":3.1,"heightSource":"Catastro:numberOfFloorsAboveGround"},"geometry":{"type":"Polygon","coordinates":[[[642216.9035,4824739.3925],[642217.3335,4824741.2925],[642220.6935,4824742.1725],[642224.5335,4824739.5225],[642222.0135,4824735.8725],[642216.9035,4824739.3925]]]}},{"type":"Feature","properties":{"id":"2350809PJ4225S_part1","floors":2,"height":6.2,"heightSource":"Catastro:numberOfFloorsAboveGround"},"geometry":{"type":"Polygon","coordinates":[[[642230.2435,4824709.3725],[642226.0835,4824703.2025],[642218.4735,4824708.3325],[642222.7235,4824714.6325],[642230.2435,4824709.3725]]]}},{"type":"Feature","properties":{"id":"2350809PJ4225S_part2","floors":1,"height":3.1,"heightSource":"Catastro:numberOfFloorsAboveGround"},"geometry":{"type":"Polygon","coordinates":[[[642220.7135,4824720.3725],[642218.0635,4824716.6725],[642212.9235,4824720.3425],[642214.0135,4824725.1725],[642220.7135,4824720.3725]]]}},{"type":"Feature","properties":{"id":"2350810PJ4225S_part1","floors":1,"height":3.1,"heightSource":"Catastro:numberOfFloorsAboveGround"},"geometry":{"type":"Polygon","coordinates":[[[642211.47,4824683.47],[642209.07,4824679.74],[642204.6693,4824682.58015],[642205.6435,4824687.222],[642211.47,4824683.47]]]}},{"type":"Feature","properties":{"id":"2350810PJ4225S_part2","floors":2,"height":6.2,"heightSource":"Catastro:numberOfFloorsAboveGround"},"geometry":{"type":"Polygon","coordinates":[[[642222.2335,4824697.2925],[642218.0835,4824691.1125],[642210.2035,4824696.4225],[642214.5735,4824702.9025],[642222.2335,4824697.2925]]]}},{"type":"Feature","properties":{"id":"2350810PJ4225S_part3","floors":1,"height":3.1,"heightSource":"Catastro:numberOfFloorsAboveGround"},"geometry":{"type":"Polygon","coordinates":[[[642215.5235,4824706.3325],[642213.2935,4824703.1925],[642209.5635,4824705.8325],[642210.5135,4824709.8825],[642215.5235,4824706.3325]]]}},{"type":"Feature","properties":{"id":"2350811PJ4225S_part1","floors":1,"height":3.1,"heightSource":"Catastro:numberOfFloorsAboveGround"},"geometry":{"type":"Polygon","coordinates":[[[642247.9435,4824754.1225],[642230.7435,4824753.9625],[642230.7935,4824749.6025],[642221.7935,4824749.5225],[642221.603,4824769.6325],[642247.8035,4824769.8825],[642247.9435,4824754.1225]]]}},{"type":"Feature","properties":{"id":"2350811PJ4225S_part2","floors":4,"height":12.4,"heightSource":"Catastro:numberOfFloorsAboveGround"},"geometry":{"type":"Polygon","coordinates":[[[642185.313,4824734.722],[642202.593,4824734.862],[642209.073,4824734.9125],[642196.5235,4824680.572],[642196.3835,4824679.952],[642196.2735,4824679.722],[642196.1035,4824679.522],[642195.8935,4824679.372],[642195.6435,4824679.282],[642195.3835,4824679.252],[642195.1335,4824679.302],[642194.8935,4824679.412],[642194.6935,4824679.572],[642194.5435,4824679.792],[642194.4535,4824680.032],[642192.133,4824690.362],[642186.773,4824714.312],[642186.113,4824723.522],[642185.943,4824725.962],[642185.313,4824734.722]]]}},{"type":"Feature","properties":{"id":"2350812PJ4225S_part1","floors":1,"height":3.1,"heightSource":"Catastro:numberOfFloorsAboveGround"},"geometry":{"type":"Polygon","coordinates":[[[642191.83,4824751.26],[642191.78,4824750.52],[642188.96,4824750.72],[642189.06,4824752.22],[642189.38,4824756.51],[642190.18,4824756.45],[642190.14,4824755.9],[642191.64,4824755.79],[642191.59,4824755.07],[642194.23,4824754.88],[642194.05,4824752.38],[642199.04,4824752.02],[642199.22,4824754.51],[642201.86,4824754.32],[642201.58,4824750.55],[642191.83,4824751.26]]]}},{"type":"Feature","properties":{"id":"2350812PJ4225S_part2","floors":1,"height":3.1,"heightSource":"Catastro:numberOfFloorsAboveGround"},"geometry":{"type":"Polygon","coordinates":[[[642207.36,4824750.55],[642214.363,4824750.64],[642213.813,4824741.0625],[642206.81,4824740.9675],[642207.36,4824750.55]]]}},{"type":"Feature","properties":{"id":"2350812PJ4225S_part3","floors":2,"height":6.2,"heightSource":"Catastro:numberOfFloorsAboveGround"},"geometry":{"type":"Polygon","coordinates":[[[642199.22,4824754.51],[642199.04,4824752.02],[642194.05,4824752.38],[642194.23,4824754.88],[642191.59,4824755.07],[642191.64,4824755.79],[642190.14,4824755.9],[642190.18,4824756.45],[642190.423,4824759.742],[642194.413,4824759.442],[642200.473,4824758.992],[642202.1905,4824758.867],[642201.86,4824754.32],[642199.22,4824754.51]]]}},{"type":"Feature","properties":{"id":"2350813PJ4225S_part1","floors":1,"height":3.1,"heightSource":"Catastro:numberOfFloorsAboveGround"},"geometry":{"type":"Polygon","coordinates":[[[642208.16,4824768.2],[642208.54,4824774.6915],[642215.733,4824774.3125],[642215.356,4824767.8195],[642208.16,4824768.2]]]}},{"type":"Feature","properties":{"id":"2350813PJ4225S_part2","floors":1,"height":3.1,"heightSource":"Catastro:numberOfFloorsAboveGround"},"geometry":{"type":"Polygon","coordinates":[[[642202.53,4824763.4],[642199.88,4824763.6],[642200.07,4824766.1],[642195.08,4824766.47],[642194.9,4824763.97],[642192.25,4824764.17],[642192.55,4824768.16],[642193.07,4824768.12],[642205.09,4824767.23],[642204.57,4824760.2],[642204.463,4824758.702],[642202.1905,4824758.867],[642202.53,4824763.4]]]}},{"type":"Feature","properties":{"id":"2350813PJ4225S_part3","floors":2,"height":6.2,"heightSource":"Catastro:numberOfFloorsAboveGround"},"geometry":{"type":"Polygon","coordinates":[[[642200.473,4824758.992],[642194.413,4824759.442],[642190.423,4824759.742],[642190.66,4824763.03],[642190.7,4824763.58],[642192.2,4824763.47],[642192.25,4824764.17],[642194.9,4824763.97],[642195.08,4824766.47],[642200.07,4824766.1],[642199.88,4824763.6],[642202.53,4824763.4],[642202.1905,4824758.867],[642200.473,4824758.992]]]}},{"type":"Feature","properties":{"id":"2350815PJ4225S_part1","floors":2,"height":6.2,"heightSource":"Catastro:numberOfFloorsAboveGround"},"geometry":{"type":"Polygon","coordinates":[[[642206.9125,4824825.5925],[642207.1425,4824817.7425],[642194.6025,4824816.892],[642193.5625,4824824.762],[642206.9125,4824825.5925]]]}},{"type":"Feature","properties":{"id":"2350816PJ4225S_part1","floors":4,"height":12.4,"heightSource":"Catastro:numberOfFloorsAboveGround"},"geometry":{"type":"Polygon","coordinates":[[[642189.28,4824840.71],[642189.63,4824840.73],[642189.35,4824845.03],[642189.75,4824845.05],[642189.34,4824851.13],[642190.93,4824851.24],[642190.99,4824850.44],[642193.58,4824850.61],[642193.53,4824851.41],[642198.86,4824851.77],[642198.84,4824852.07],[642203.78,4824852.4],[642203.8,4824852.11],[642203.83,4824851.61],[642210.07,4824852.02],[642210.04,4824852.52],[642210.02,4824852.82],[642215.01,4824853.16],[642215.03,4824852.86],[642219.91,4824853.19],[642219.97,4824852.39],[642225.96,4824852.79],[642225.91,4824853.59],[642226.19,4824853.61],[642227.55,4824853.7],[642228.96,4824853.79],[642233.99,4824854.13],[642234.2,4824851.03],[642237.19,4824851.23],[642236.98,4824854.33],[642243.02,4824854.73],[642243.23,4824851.53],[642244.54,4824851.62],[642244.74,4824848.53],[642245.94,4824848.61],[642246.08,4824846.51],[642246.53,4824846.54],[642246.71,4824843.85],[642247.15,4824843.88],[642247.29,4824841.78],[642247.74,4824841.81],[642247.99,4824838.02],[642244.25,4824837.77],[642236.79,4824837.27],[642236.73,4824838.06],[642234.34,4824837.9],[642234.39,4824837.11],[642234.41,4824836.8],[642229.5,4824836.48],[642229.48,4824836.78],[642229.44,4824837.38],[642226.37,4824837.18],[642223.26,4824836.97],[642223.3,4824836.37],[642223.32,4824836.07],[642218.23,4824835.73],[642218.21,4824836.03],[642218.15,4824836.03],[642211.03,4824835.55],[642210.98,4824836.31],[642204.99,4824835.91],[642205.04,4824835.15],[642200.0,4824834.81],[642200.02,4824834.48],[642194.58,4824834.12],[642194.53,4824834.92],[642191.93,4824834.75],[642191.99,4824833.95],[642189.74,4824833.8],[642189.3,4824840.41],[642189.28,4824840.71]],[[642208.32,4824844.71],[642208.22,4824846.2],[642207.58,4824846.66],[642206.79,4824846.61],[642206.22,4824846.07],[642206.32,4824844.57],[642208.32,4824844.71]],[[642207.24,4824840.96],[642208.03,4824841.01],[642208.6,4824841.55],[642208.5,4824843.05],[642206.5,4824842.91],[642206.6,4824841.42],[642207.24,4824840.96]],[[642222.5,4824847.04],[642222.59,4824845.64],[642224.59,4824845.77],[642224.5,4824847.17],[642223.83,4824847.73],[642223.03,4824847.68],[642222.5,4824847.04]],[[642225.59,4824842.14],[642226.48,4824842.2],[642227.0,4824842.74],[642226.9,4824844.24],[642224.9,4824844.1],[642225.0,4824842.6],[642225.59,4824842.14]]]}},{"type":"Feature","properties":{"id":"2350816PJ4225S_part3","floors":3,"height":9.3,"heightSource":"Catastro:numberOfFloorsAboveGround"},"geometry":{"type":"Polygon","coordinates":[[[642244.74,4824848.53],[642244.54,4824851.62],[642243.23,4824851.53],[642243.02,4824854.73],[642243.87,4824854.79],[642244.62,4824854.84],[642245.02,4824854.86],[642245.23,4824851.67],[642246.14,4824851.73],[642246.35,4824848.64],[642245.94,4824848.61],[642244.74,4824848.53]]]}},{"type":"Feature","properties":{"id":"2350816PJ4225S_part4","floors":2,"height":6.2,"heightSource":"Catastro:numberOfFloorsAboveGround"},"geometry":{"type":"Polygon","coordinates":[[[642244.51,4824856.56],[642242.39,4824861.0],[642242.75,4824861.17],[642244.9,4824856.66],[642245.02,4824854.86],[642244.62,4824854.84],[642244.51,4824856.56]]]}},{"type":"Feature","properties":{"id":"2350816PJ4225S_part5","floors":3,"height":9.3,"heightSource":"Catastro:numberOfFloorsAboveGround"},"geometry":{"type":"Polygon","coordinates":[[[642243.77,4824856.36],[642243.05,4824857.88],[642242.37,4824857.56],[642241.03,4824860.36],[642242.39,4824861.0],[642244.51,4824856.56],[642244.62,4824854.84],[642243.87,4824854.79],[642243.77,4824856.36]]]}},{"type":"Feature","properties":{"id":"2350816PJ4225S_part6","floors":3,"height":9.3,"heightSource":"Catastro:numberOfFloorsAboveGround"},"geometry":{"type":"Polygon","coordinates":[[[642239.68,4824865.64],[642236.86,4824871.55],[642237.63,4824871.92],[642240.45,4824866.0],[642239.68,4824865.64]]]}},{"type":"Feature","properties":{"id":"2350816PJ4225S_part8","floors":3,"height":9.3,"heightSource":"Catastro:numberOfFloorsAboveGround"},"geometry":{"type":"Polygon","coordinates":[[[642234.87,4824881.79],[642232.07,4824887.65],[642232.84,4824888.02],[642235.64,4824882.15],[642234.87,4824881.79]]]}},{"type":"Feature","properties":{"id":"2350816PJ4225S_part9","floors":3,"height":9.3,"heightSource":"Catastro:numberOfFloorsAboveGround"},"geometry":{"type":"Polygon","coordinates":[[[642230.03,4824897.98],[642228.72,4824900.73],[642229.49,4824901.1],[642230.8,4824898.35],[642230.03,4824897.98]]]}},{"type":"Feature","properties":{"id":"2350816PJ4225S_part12","floors":3,"height":9.3,"heightSource":"Catastro:numberOfFloorsAboveGround"},"geometry":{"type":"Polygon","coordinates":[[[642225.04,4824908.45],[642225.59,4824908.71],[642225.81,4824908.82],[642227.16,4824905.98],[642226.38,4824905.66],[642225.04,4824908.45]]]}},{"type":"Feature","properties":{"id":"2350816PJ4225S_part14","floors":1,"height":3.1,"heightSource":"Catastro:numberOfFloorsAboveGround"},"geometry":{"type":"Polygon","coordinates":[[[642225.11,4824881.93],[642225.99,4824880.08],[642224.46,4824879.35],[642224.38,4824879.5],[642223.85,4824879.69],[642223.46,4824880.51],[642223.65,4824881.04],[642223.57,4824881.2],[642225.11,4824881.93]]]}},{"type":"Feature","properties":{"id":"2350816PJ4225S_part15","floors":3,"height":9.3,"heightSource":"Catastro:numberOfFloorsAboveGround"},"geometry":{"type":"Polygon","coordinates":[[[642223.26,4824836.97],[642226.37,4824837.18],[642229.44,4824837.38],[642229.48,4824836.78],[642223.3,4824836.37],[642223.26,4824836.97]]]}},{"type":"Feature","properties":{"id":"2350816PJ4225S_part16","floors":3,"height":9.3,"heightSource":"Catastro:numberOfFloorsAboveGround"},"geometry":{"type":"Polygon","coordinates":[[[642224.8,4824858.16],[642224.71,4824858.12],[642221.74,4824864.35],[642222.51,4824864.71],[642224.13,4824861.32],[642224.86,4824858.58],[642225.05,4824857.88],[642224.8,4824858.16]]]}},{"type":"Feature","properties":{"id":"2350816PJ4225S_part17","floors":3,"height":9.3,"heightSource":"Catastro:numberOfFloorsAboveGround"},"geometry":{"type":"Polygon","coordinates":[[[642225.96,4824852.79],[642219.97,4824852.39],[642219.91,4824853.19],[642222.88,4824853.39],[642225.32,4824853.55],[642225.91,4824853.59],[642225.96,4824852.79]]]}},{"type":"Feature","properties":{"id":"2350816PJ4225S_part18","floors":4,"height":12.4,"heightSource":"Catastro:numberOfFloorsAboveGround"},"geometry":{"type":"Polygon","coordinates":[[[642219.46,4824869.13],[642221.0,4824869.86],[642218.93,4824874.2],[642219.75,4824874.58],[642220.48,4824874.93],[642224.13,4824861.32],[642222.51,4824864.71],[642221.74,4824864.35],[642219.46,4824869.13]]]}},{"type":"Feature","properties":{"id":"2350816PJ4225S_part19","floors":3,"height":9.3,"heightSource":"Catastro:numberOfFloorsAboveGround"},"geometry":{"type":"Polygon","coordinates":[[[642216.95,4824880.45],[642217.72,4824880.82],[642220.43,4824875.13],[642220.48,4824874.93],[642219.75,4824874.58],[642216.95,4824880.45]]]}},{"type":"Feature","properties":{"id":"2350816PJ4225S_part20","floors":3,"height":9.3,"heightSource":"Catastro:numberOfFloorsAboveGround"},"geometry":{"type":"Polygon","coordinates":[[[642213.55,4824893.51],[642214.32,4824893.87],[642215.63,4824891.12],[642214.87,4824890.76],[642213.55,4824893.51]]]}},{"type":"Feature","properties":{"id":"2350816PJ4225S_part21","floors":4,"height":12.4,"heightSource":"Catastro:numberOfFloorsAboveGround"},"geometry":{"type":"Polygon","coordinates":[[[642215.83,4824892.3],[642212.7,4824900.04],[642226.38,4824905.66],[642227.16,4824905.98],[642229.49,4824901.1],[642228.72,4824900.73],[642230.03,4824897.98],[642230.8,4824898.35],[642233.08,4824893.56],[642230.73,4824892.44],[642232.84,4824888.02],[642232.07,4824887.65],[642234.87,4824881.79],[642235.64,4824882.15],[642237.85,4824877.5],[642235.5,4824876.38],[642237.63,4824871.92],[642236.86,4824871.55],[642239.68,4824865.64],[642240.45,4824866.0],[642242.75,4824861.17],[642242.39,4824861.0],[642241.03,4824860.36],[642242.37,4824857.56],[642243.05,4824857.88],[642243.77,4824856.36],[642243.87,4824854.79],[642243.02,4824854.73],[642236.98,4824854.33],[642233.99,4824854.13],[642228.96,4824853.79],[642228.92,4824854.29],[642228.27,4824854.25],[642226.15,4824856.64],[642225.05,4824857.88],[642224.86,4824858.58],[642225.33,4824858.8],[642224.13,4824861.32],[642220.48,4824874.93],[642220.43,4824875.13],[642215.83,4824892.3]],[[642223.65,4824881.04],[642223.46,4824880.51],[642223.85,4824879.69],[642224.38,4824879.5],[642224.46,4824879.35],[642225.99,4824880.08],[642225.11,4824881.93],[642223.57,4824881.2],[642223.65,4824881.04]],[[642227.62,4824880.85],[642229.15,4824881.58],[642229.07,4824881.74],[642229.26,4824882.27],[642228.88,4824883.09],[642228.34,4824883.28],[642228.27,4824883.43],[642226.73,4824882.7],[642227.62,4824880.85]],[[642228.22,4824864.36],[642228.6,4824863.54],[642229.14,4824863.36],[642229.21,4824863.2],[642230.75,4824863.93],[642229.87,4824865.78],[642228.33,4824865.05],[642228.22,4824864.36]],[[642232.37,4824864.7],[642233.91,4824865.43],[642233.83,4824865.59],[642234.02,4824866.12],[642233.63,4824866.94],[642233.1,4824867.13],[642233.03,4824867.28],[642231.49,4824866.55],[642232.37,4824864.7]]]}},{"type":"Feature","properties":{"id":"2350816PJ4225S_part22","floors":4,"height":12.4,"heightSource":"Catastro:numberOfFloorsAboveGround"},"geometry":{"type":"Polygon","coordinates":[[[642212.21,4824898.3],[642210.64,4824901.59],[642215.65,4824903.98],[642220.08,4824906.09],[642225.04,4824908.45],[642226.38,4824905.66],[642212.7,4824900.04],[642215.83,4824892.3],[642220.43,4824875.13],[642217.72,4824880.82],[642216.95,4824880.45],[642216.0,4824882.44],[642214.71,4824885.15],[642214.99,4824885.27],[642217.02,4824886.24],[642214.87,4824890.76],[642215.63,4824891.12],[642214.32,4824893.87],[642213.55,4824893.51],[642211.45,4824897.93],[642212.21,4824898.3]]]}},{"type":"Feature","properties":{"id":"2350816PJ4225S_part23","floors":3,"height":9.3,"heightSource":"Catastro:numberOfFloorsAboveGround"},"geometry":{"type":"Polygon","coordinates":[[[642209.88,4824901.23],[642210.64,4824901.59],[642212.21,4824898.3],[642211.45,4824897.93],[642209.88,4824901.23]]]}},{"type":"Feature","properties":{"id":"2350816PJ4225S_part24","floors":3,"height":9.3,"heightSource":"Catastro:numberOfFloorsAboveGround"},"geometry":{"type":"Polygon","coordinates":[[[642204.99,4824835.91],[642210.98,4824836.31],[642211.03,4824835.55],[642205.04,4824835.15],[642204.99,4824835.91]]]}},{"type":"Feature","properties":{"id":"2350816PJ4225S_part25","floors":3,"height":9.3,"heightSource":"Catastro:numberOfFloorsAboveGround"},"geometry":{"type":"Polygon","coordinates":[[[642210.07,4824852.02],[642203.83,4824851.61],[642203.8,4824852.11],[642210.04,4824852.52],[642210.07,4824852.02]]]}},{"type":"Feature","properties":{"id":"2350816PJ4225S_part26","floors":3,"height":9.3,"heightSource":"Catastro:numberOfFloorsAboveGround"},"geometry":{"type":"Polygon","coordinates":[[[642191.93,4824834.75],[642194.53,4824834.92],[642194.58,4824834.12],[642191.99,4824833.95],[642191.93,4824834.75]]]}},{"type":"Feature","properties":{"id":"2350816PJ4225S_part27","floors":3,"height":9.3,"heightSource":"Catastro:numberOfFloorsAboveGround"},"geometry":{"type":"Polygon","coordinates":[[[642193.58,4824850.61],[642190.99,4824850.44],[642190.93,4824851.24],[642193.53,4824851.41],[642193.58,4824850.61]]]}},{"type":"Feature","properties":{"id":"2354501PJ4225S_part1","floors":2,"height":6.2,"heightSource":"Catastro:numberOfFloorsAboveGround"},"geometry":{"type":"Polygon","coordinates":[[[642134.75,4825145.0315],[642135.23,4825142.8615],[642123.2495,4825140.2615],[642122.7195,4825142.6815],[642122.6095,4825143.1615],[642120.9295,4825150.9215],[642120.1895,4825154.3315],[642132.1495,4825157.0715],[642132.59,4825155.0015],[642134.75,4825145.0315]]]}},{"type":"Feature","properties":{"id":"2354502PJ4225S_part1","floors":3,"height":9.3,"heightSource":"Catastro:numberOfFloorsAboveGround"},"geometry":{"type":"Polygon","coordinates":[[[642161.65,4825153.822],[642162.07,4825151.842],[642162.74,4825148.672],[642155.19,4825147.082],[642153.25,4825156.722],[642153.02,4825157.862],[642160.48,4825159.432],[642161.3,4825155.502],[642161.65,4825153.822]]]}},{"type":"Feature","properties":{"id":"2354502PJ4225S_part2","floors":2,"height":6.2,"heightSource":"Catastro:numberOfFloorsAboveGround"},"geometry":{"type":"Polygon","coordinates":[[[642155.19,4825147.082],[642148.36,4825145.662],[642147.89,4825148.042],[642147.81,4825148.432],[642147.73,4825148.822],[642147.65,4825149.212],[642147.57,4825149.602],[642147.5,4825149.992],[642147.42,4825150.382],[642147.34,4825150.772],[642147.26,4825151.162],[642147.18,4825151.542],[642147.11,4825151.942],[642147.03,4825152.322],[642146.95,4825152.712],[642146.87,4825153.102],[642146.79,4825153.492],[642146.72,4825153.882],[642146.64,4825154.272],[642146.56,4825154.672],[642146.43,4825155.342],[642153.25,4825156.722],[642155.19,4825147.082]]]}},{"type":"Feature","properties":{"id":"2354503PJ4225S_part1","floors":1,"height":3.1,"heightSource":"Catastro:numberOfFloorsAboveGround"},"geometry":{"type":"Polygon","coordinates":[[[642176.524,4825157.4295],[642175.5425,4825162.23],[642176.718,4825162.4705],[642176.9185,4825161.4905],[642177.6195,4825158.0615],[642177.6995,4825157.6695],[642176.524,4825157.4295]]]}},{"type":"Feature","properties":{"id":"2354503PJ4225S_part2","floors":2,"height":6.2,"heightSource":"Catastro:numberOfFloorsAboveGround"},"geometry":{"type":"Polygon","coordinates":[[[642185.3705,4825157.0945],[642191.2485,4825158.2965],[642191.8695,4825155.2595],[642185.9915,4825154.0575],[642185.3705,4825157.0945]]]}},{"type":"Feature","properties":{"id":"2354503PJ4225S_part3","floors":2,"height":6.2,"heightSource":"Catastro:numberOfFloorsAboveGround"},"geometry":{"type":"Polygon","coordinates":[[[642178.7415,4825152.575],[642178.1205,4825155.6125],[642182.823,4825156.574],[642183.444,4825153.5365],[642178.7415,4825152.575]]]}},{"type":"Feature","properties":{"id":"2354503PJ4225S_part4","floors":3,"height":9.3,"heightSource":"Catastro:numberOfFloorsAboveGround"},"geometry":{"type":"Polygon","coordinates":[[[642177.6195,4825158.0615],[642182.763,4825159.1135],[642182.062,4825162.5425],[642183.5805,4825162.853],[642190.047,4825164.175],[642191.2485,4825158.2965],[642185.3705,4825157.0945],[642185.9915,4825154.0575],[642183.444,4825153.5365],[642182.823,4825156.574],[642178.1205,4825155.6125],[642177.6995,4825157.6695],[642177.6195,4825158.0615]]]}},{"type":"Feature","properties":{"id":"2354503PJ4225S_part5","floors":2,"height":6.2,"heightSource":"Catastro:numberOfFloorsAboveGround"},"geometry":{"type":"Polygon","coordinates":[[[642176.9185,4825161.4905],[642182.062,4825162.5425],[642182.763,4825159.1135],[642177.6195,4825158.0615],[642176.9185,4825161.4905]]]}},{"type":"Feature","properties":{"id":"2354503PJ4225S_part6","floors":1,"height":3.1,"heightSource":"Catastro:numberOfFloorsAboveGround"},"geometry":{"type":"Polygon","coordinates":[[[642176.718,4825162.4705],[642181.8615,4825163.522],[642182.062,4825162.5425],[642176.9185,4825161.4905],[642176.718,4825162.4705]]]}},{"type":"Feature","properties":{"id":"2354504PJ4225S_part1","floors":3,"height":9.3,"heightSource":"Catastro:numberOfFloorsAboveGround"},"geometry":{"type":"Polygon","coordinates":[[[642205.6765,4825168.0125],[642213.66,4825169.653],[642214.3645,4825166.2245],[642219.507,4825167.2805],[642219.5875,4825166.8895],[642220.01,4825164.832],[642215.3085,4825163.866],[642215.932,4825160.83],[642213.385,4825160.3065],[642212.7615,4825163.3425],[642206.8845,4825162.1355],[642205.6765,4825168.0125]]]}},{"type":"Feature","properties":{"id":"2354504PJ4225S_part2","floors":1,"height":3.1,"heightSource":"Catastro:numberOfFloorsAboveGround"},"geometry":{"type":"Polygon","coordinates":[[[642218.6015,4825171.6895],[642219.777,4825171.931],[642220.763,4825167.131],[642219.5875,4825166.8895],[642219.507,4825167.2805],[642218.8025,4825170.71],[642218.6015,4825171.6895]]]}},{"type":"Feature","properties":{"id":"2354504PJ4225S_part3","floors":2,"height":6.2,"heightSource":"Catastro:numberOfFloorsAboveGround"},"geometry":{"type":"Polygon","coordinates":[[[642215.3085,4825163.866],[642220.01,4825164.832],[642220.6335,4825161.796],[642215.932,4825160.83],[642215.3085,4825163.866]]]}},{"type":"Feature","properties":{"id":"2354504PJ4225S_part4","floors":2,"height":6.2,"heightSource":"Catastro:numberOfFloorsAboveGround"},"geometry":{"type":"Polygon","coordinates":[[[642214.3645,4825166.2245],[642213.66,4825169.653],[642218.8025,4825170.71],[642219.507,4825167.2805],[642214.3645,4825166.2245]]]}},{"type":"Feature","properties":{"id":"2354504PJ4225S_part5","floors":1,"height":3.1,"heightSource":"Catastro:numberOfFloorsAboveGround"},"geometry":{"type":"Polygon","coordinates":[[[642213.459,4825170.633],[642218.6015,4825171.6895],[642218.8025,4825170.71],[642213.66,4825169.653],[642213.459,4825170.633]]]}},{"type":"Feature","properties":{"id":"2354504PJ4225S_part6","floors":2,"height":6.2,"heightSource":"Catastro:numberOfFloorsAboveGround"},"geometry":{"type":"Polygon","coordinates":[[[642207.5085,4825159.099],[642206.8845,4825162.1355],[642212.7615,4825163.3425],[642213.385,4825160.3065],[642207.5085,4825159.099]]]}},{"type":"Feature","properties":{"id":"2354505PJ4225S_part1","floors":2,"height":6.2,"heightSource":"Catastro:numberOfFloorsAboveGround"},"geometry":{"type":"Polygon","coordinates":[[[642271.1915,4825184.493],[642269.7115,4825174.193],[642265.9415,4825174.893],[642267.3915,4825185.013],[642271.1915,4825184.493]]]}},{"type":"Feature","properties":{"id":"2354505PJ4225S_part2","floors":2,"height":6.2,"heightSource":"Catastro:numberOfFloorsAboveGround"},"geometry":{"type":"Polygon","coordinates":[[[642271.1915,4825184.493],[642269.7115,4825174.193],[642265.9415,4825174.893],[642267.3915,4825185.013],[642271.1915,4825184.493]]]}},{"type":"Feature","properties":{"id":"2354505PJ4225S_part3","floors":2,"height":6.2,"heightSource":"Catastro:numberOfFloorsAboveGround"},"geometry":{"type":"Polygon","coordinates":[[[642267.3915,4825185.013],[642265.9415,4825174.893],[642261.2815,4825175.763],[642262.7015,4825185.663],[642267.3915,4825185.013]]]}},{"type":"Feature","properties":{"id":"2354505PJ4225S_part4","floors":2,"height":6.2,"heightSource":"Catastro:numberOfFloorsAboveGround"},"geometry":{"type":"Polygon","coordinates":[[[642262.7015,4825185.663],[642261.2815,4825175.763],[642261.0615,4825173.083],[642257.7815,4825174.463],[642256.4615,4825175.003],[642247.951,4825178.323],[642246.911,4825178.813],[642249.541,4825185.663],[642250.261,4825185.443],[642251.041,4825187.223],[642251.471,4825188.223],[642258.3915,4825187.223],[642262.8215,4825186.583],[642262.7015,4825185.663]]]}},{"type":"Feature","properties":{"id":"2354505PJ4225S_part5","floors":2,"height":6.2,"heightSource":"Catastro:numberOfFloorsAboveGround"},"geometry":{"type":"Polygon","coordinates":[[[642262.7015,4825185.663],[642261.2815,4825175.763],[642261.0615,4825173.083],[642257.7815,4825174.463],[642256.4615,4825175.003],[642247.951,4825178.323],[642246.911,4825178.813],[642249.541,4825185.663],[642250.261,4825185.443],[642251.041,4825187.223],[642251.471,4825188.223],[642258.3915,4825187.223],[642262.8215,4825186.583],[642262.7015,4825185.663]]]}},{"type":"Feature","properties":{"id":"2354505PJ4225S_part6","floors":2,"height":6.2,"heightSource":"Catastro:numberOfFloorsAboveGround"},"geometry":{"type":"Polygon","coordinates":[[[642267.3915,4825185.013],[642265.9415,4825174.893],[642261.2815,4825175.763],[642262.7015,4825185.663],[642267.3915,4825185.013]]]}},{"type":"Feature","properties":{"id":"2451901PJ4225S_part1","floors":2,"height":6.2,"heightSource":"Catastro:numberOfFloorsAboveGround"},"geometry":{"type":"Polygon","coordinates":[[[642308.473,4825019.6135],[642308.283,4825022.7535],[642309.773,4825022.8535],[642309.973,4825019.7035],[642308.473,4825019.6135]]]}},{"type":"Feature","properties":{"id":"2451901PJ4225S_part2","floors":3,"height":9.3,"heightSource":"Catastro:numberOfFloorsAboveGround"},"geometry":{"type":"Polygon","coordinates":[[[642302.003,4825025.3735],[642308.093,4825025.7535],[642308.153,4825024.8135],[642302.063,4825024.4135],[642302.003,4825025.3735]]]}},{"type":"Feature","properties":{"id":"2451901PJ4225S_part3","floors":3,"height":9.3,"heightSource":"Catastro:numberOfFloorsAboveGround"},"geometry":{"type":"Polygon","coordinates":[[[642310.313,4825014.2635],[642301.313,4825013.7035],[642301.073,4825017.5435],[642302.483,4825017.6335],[642302.403,4825018.9335],[642302.063,4825024.4135],[642308.153,4825024.8135],[642308.283,4825022.7535],[642308.473,4825019.6135],[642309.973,4825019.7035],[642310.313,4825014.2635]]]}},{"type":"Feature","properties":{"id":"2451902PJ4225S_part1","floors":3,"height":9.3,"heightSource":"Catastro:numberOfFloorsAboveGround"},"geometry":{"type":"Polygon","coordinates":[[[642304.66,4825007.91],[642313.67,4825008.26],[642313.88,4825002.81],[642312.39,4825002.76],[642312.51,4824999.6],[642312.53,4824998.87],[642306.43,4824998.64],[642306.28,4825002.81],[642306.23,4825004.11],[642304.81,4825004.06],[642304.66,4825007.91]]]}},{"type":"Feature","properties":{"id":"2451902PJ4225S_part2","floors":2,"height":6.2,"heightSource":"Catastro:numberOfFloorsAboveGround"},"geometry":{"type":"Polygon","coordinates":[[[642312.39,4825002.76],[642313.88,4825002.81],[642314.0,4824999.66],[642312.51,4824999.6],[642312.39,4825002.76]]]}},{"type":"Feature","properties":{"id":"2451902PJ4225S_part3","floors":2,"height":6.2,"heightSource":"Catastro:numberOfFloorsAboveGround"},"geometry":{"type":"Polygon","coordinates":[[[642312.57,4824997.91],[642306.47,4824997.68],[642306.43,4824998.64],[642312.53,4824998.87],[642312.57,4824997.91]]]}},{"type":"Feature","properties":{"id":"2451903PJ4225S_part1","floors":1,"height":3.1,"heightSource":"Catastro:numberOfFloorsAboveGround"},"geometry":{"type":"Polygon","coordinates":[[[642307.9935,4824951.1735],[642305.653,4824967.8435],[642309.6835,4824968.4135],[642312.0335,4824951.7435],[642307.9935,4824951.1735]]]}},{"type":"Feature","properties":{"id":"2451903PJ4225S_part2","floors":1,"height":3.1,"heightSource":"Catastro:numberOfFloorsAboveGround"},"geometry":{"type":"Polygon","coordinates":[[[642301.1235,4824901.5235],[642304.7935,4824902.7835],[642330.334,4824925.0935],[642330.6835,4824924.6895],[642327.314,4824921.0235],[642316.9935,4824912.2435],[642311.3635,4824907.9035],[642311.552,4824907.523],[642305.4435,4824902.1835],[642301.5955,4824900.8545],[642301.4115,4824900.793],[642301.1235,4824901.5235]]]}},{"type":"Feature","properties":{"id":"2451903PJ4225S_part3","floors":1,"height":3.1,"heightSource":"Catastro:numberOfFloorsAboveGround"},"geometry":{"type":"Polygon","coordinates":[[[642292.7735,4824921.8135],[642310.7635,4824937.5635],[642313.4335,4824934.5135],[642295.7735,4824919.0835],[642295.3035,4824918.9235],[642292.7735,4824921.8135]]]}},{"type":"Feature","properties":{"id":"2451903PJ4225S_part4","floors":4,"height":12.4,"heightSource":"Catastro:numberOfFloorsAboveGround"},"geometry":{"type":"Polygon","coordinates":[[[642288.6535,4824916.633],[642295.3035,4824918.9235],[642295.7735,4824919.0835],[642313.4335,4824934.5135],[642314.3435,4824935.3035],[642314.0835,4824937.1435],[642312.3935,4824949.2035],[642312.0335,4824951.7435],[642309.6835,4824968.4135],[642308.573,4824976.3435],[642309.473,4824976.4735],[642323.9235,4824978.5035],[642324.8035,4824978.6335],[642331.624,4824930.0835],[642330.674,4824927.8435],[642304.0835,4824904.6035],[642293.9935,4824901.1235],[642293.7035,4824901.9535],[642288.9435,4824915.803],[642288.6535,4824916.633]],[[642317.2935,4824925.4135],[642315.6435,4824927.3035],[642315.7935,4824927.4335],[642315.4635,4824927.8035],[642313.0535,4824925.7035],[642315.0335,4824923.4435],[642317.2935,4824925.4135]],[[642319.9335,4824962.4735],[642319.5335,4824965.4535],[642316.5535,4824965.0435],[642316.9635,4824962.0735],[642319.9335,4824962.4735]],[[642318.9335,4824950.5135],[642321.9135,4824950.9135],[642321.5035,4824953.8835],[642318.5335,4824953.4835],[642318.9335,4824950.5135]]]}},{"type":"Feature","properties":{"id":"2451903PJ4225S_part5","floors":1,"height":3.1,"heightSource":"Catastro:numberOfFloorsAboveGround"},"geometry":{"type":"Polygon","coordinates":[[[642291.4135,4824901.163],[642289.0235,4824908.083],[642286.643,4824915.013],[642288.9435,4824915.803],[642293.7035,4824901.9535],[642291.4135,4824901.163]]]}},{"type":"Feature","properties":{"id":"2451903PJ4225S_part6","floors":1,"height":3.1,"heightSource":"Catastro:numberOfFloorsAboveGround"},"geometry":{"type":"Polygon","coordinates":[[[642332.044,4824926.5835],[642333.514,4824930.0535],[642327.7635,4824970.9635],[642328.6435,4824971.0835],[642334.444,4824929.7435],[642332.744,4824927.0935],[642331.604,4824925.757],[642331.384,4824926.0035],[642332.044,4824926.5835]]]}},{"type":"Feature","properties":{"id":"2451903PJ4225S_part7","floors":3,"height":9.3,"heightSource":"Catastro:numberOfFloorsAboveGround"},"geometry":{"type":"Polygon","coordinates":[[[642321.5035,4824953.8835],[642321.9135,4824950.9135],[642318.9335,4824950.5135],[642318.5335,4824953.4835],[642321.5035,4824953.8835]]]}},{"type":"Feature","properties":{"id":"2451903PJ4225S_part8","floors":3,"height":9.3,"heightSource":"Catastro:numberOfFloorsAboveGround"},"geometry":{"type":"Polygon","coordinates":[[[642316.5535,4824965.0435],[642319.5335,4824965.4535],[642319.9335,4824962.4735],[642316.9635,4824962.0735],[642316.5535,4824965.0435]]]}},{"type":"Feature","properties":{"id":"2451903PJ4225S_part9","floors":3,"height":9.3,"heightSource":"Catastro:numberOfFloorsAboveGround"},"geometry":{"type":"Polygon","coordinates":[[[642313.0535,4824925.7035],[642315.4635,4824927.8035],[642315.7935,4824927.4335],[642315.6435,4824927.3035],[642317.2935,4824925.4135],[642315.0335,4824923.4435],[642313.0535,4824925.7035]]]}},{"type":"Feature","properties":{"id":"2451903PJ4225S_part10","floors":1,"height":3.1,"heightSource":"Catastro:numberOfFloorsAboveGround"},"geometry":{"type":"Polygon","coordinates":[[[642309.303,4824977.6635],[642316.5335,4824978.6835],[642323.7535,4824979.6935],[642323.9235,4824978.5035],[642309.473,4824976.4735],[642309.303,4824977.6635]]]}},{"type":"Feature","properties":{"id":"2451903PJ4225S_part11","floors":1,"height":3.1,"heightSource":"Catastro:numberOfFloorsAboveGround"},"geometry":{"type":"Polygon","coordinates":[[[642309.1835,4824942.7435],[642308.3535,4824948.6335],[642312.3935,4824949.2035],[642314.0835,4824937.1435],[642309.1835,4824942.7435]]]}},{"type":"Feature","properties":{"id":"2451906PJ4225S_part1","floors":2,"height":6.2,"heightSource":"Catastro:numberOfFloorsAboveGround"},"geometry":{"type":"Polygon","coordinates":[[[642263.423,4824910.553],[642261.433,4824917.203],[642260.433,4824920.063],[642266.613,4824922.103],[642269.483,4824912.503],[642263.423,4824910.553]]]}},{"type":"Feature","properties":{"id":"2451906PJ4225S_part2","floors":1,"height":3.1,"heightSource":"Catastro:numberOfFloorsAboveGround"},"geometry":{"type":"Polygon","coordinates":[[[642288.635,4824896.0],[642283.3415,4824893.964],[642281.145,4824899.675],[642286.4385,4824901.711],[642288.635,4824896.0]]]}},{"type":"Feature","properties":{"id":"2451906PJ4225S_part3","floors":2,"height":6.2,"heightSource":"Catastro:numberOfFloorsAboveGround"},"geometry":{"type":"Polygon","coordinates":[[[642266.613,4824922.103],[642275.753,4824925.133],[642276.373,4824923.243],[642280.323,4824909.933],[642271.263,4824907.053],[642269.483,4824912.503],[642266.613,4824922.103]]]}},{"type":"Feature","properties":{"id":"2451907PJ4225S_part1","floors":1,"height":3.1,"heightSource":"Catastro:numberOfFloorsAboveGround"},"geometry":{"type":"Polygon","coordinates":[[[642255.133,4824906.013],[642257.913,4824896.163],[642246.583,4824893.113],[642244.0225,4824902.6225],[642255.133,4824906.013]]]}},{"type":"Feature","properties":{"id":"2451908PJ4225S_part1","floors":1,"height":3.1,"heightSource":"Catastro:numberOfFloorsAboveGround"},"geometry":{"type":"Polygon","coordinates":[[[642247.121,4824890.2065],[642257.5635,4824893.2775],[642257.084,4824894.909],[642265.663,4824897.432],[642265.813,4824897.003],[642267.1485,4824893.022],[642264.008,4824892.0985],[642265.387,4824887.4105],[642261.3905,4824886.2355],[642261.4725,4824885.9565],[642260.086,4824885.5525],[642258.6565,4824885.132],[642260.109,4824880.1925],[642252.339,4824877.907],[642251.007,4824882.435],[642250.5495,4824883.996],[642251.485,4824884.271],[642250.9875,4824885.9625],[642248.5775,4824885.2535],[642247.121,4824890.2065]]]}},{"type":"Feature","properties":{"id":"2451908PJ4225S_part2","floors":1,"height":3.1,"heightSource":"Catastro:numberOfFloorsAboveGround"},"geometry":{"type":"Polygon","coordinates":[[[642265.9005,4824885.665],[642260.518,4824884.082],[642260.086,4824885.5525],[642261.4725,4824885.9565],[642261.3905,4824886.2355],[642265.387,4824887.4105],[642265.9005,4824885.665]]]}},{"type":"Feature","properties":{"id":"2451908PJ4225S_part3","floors":1,"height":3.1,"heightSource":"Catastro:numberOfFloorsAboveGround"},"geometry":{"type":"Polygon","coordinates":[[[642249.5185,4824882.054],[642248.5775,4824885.2535],[642250.9875,4824885.9625],[642251.485,4824884.271],[642250.5495,4824883.996],[642251.007,4824882.435],[642249.5185,4824882.054]]]}},{"type":"Feature","properties":{"id":"2554101PJ4225S_part10","floors":2,"height":6.2,"heightSource":"Catastro:numberOfFloorsAboveGround"},"geometry":{"type":"Polygon","coordinates":[[[642556.97,4825244.936],[642557.0005,4825245.768],[642558.0995,4825245.7275],[642560.298,4825245.6465],[642560.2685,4825244.8365],[642556.97,4825244.936]]]}},{"type":"Feature","properties":{"id":"2554101PJ4225S_part12","floors":1,"height":3.1,"heightSource":"Catastro:numberOfFloorsAboveGround"},"geometry":{"type":"Polygon","coordinates":[[[642560.254,4825244.4475],[642556.2565,4825244.595],[642556.2955,4825245.6445],[642556.0955,4825245.652],[642556.101,4825245.8015],[642557.0005,4825245.768],[642556.97,4825244.936],[642560.2685,4825244.8365],[642560.254,4825244.4475]]]}},{"type":"Feature","properties":{"id":"2554101PJ4225S_part19","floors":3,"height":9.3,"heightSource":"Catastro:numberOfFloorsAboveGround"},"geometry":{"type":"Polygon","coordinates":[[[642558.5905,4825259.019],[642553.7935,4825259.196],[642553.801,4825259.392],[642554.2005,4825259.375],[642554.214,4825259.7325],[642555.5125,4825259.6845],[642557.511,4825259.6105],[642558.6105,4825259.57],[642558.5905,4825259.019]]]}},{"type":"Feature","properties":{"id":"2554101PJ4225S_part22","floors":3,"height":9.3,"heightSource":"Catastro:numberOfFloorsAboveGround"},"geometry":{"type":"Polygon","coordinates":[[[642551.377,4825246.313],[642551.4145,4825247.3255],[642555.551,4825247.173],[642555.5155,4825246.2025],[642555.0155,4825246.216],[642551.377,4825246.313]]]}},{"type":"Feature","properties":{"id":"2554101PJ4225S_part26","floors":3,"height":9.3,"heightSource":"Catastro:numberOfFloorsAboveGround"},"geometry":{"type":"Polygon","coordinates":[[[642550.816,4825259.8585],[642550.838,4825260.456],[642550.8475,4825260.702],[642553.2455,4825260.6115],[642553.2365,4825260.367],[642554.2355,4825260.3305],[642554.23,4825260.1805],[642554.2245,4825260.023],[642554.214,4825259.7325],[642550.816,4825259.8585]]]}},{"type":"Feature","properties":{"id":"2554101PJ4225S_part28","floors":2,"height":6.2,"heightSource":"Catastro:numberOfFloorsAboveGround"},"geometry":{"type":"Polygon","coordinates":[[[642550.272,4825245.138],[642550.299,4825245.8655],[642551.359,4825245.8265],[642553.2975,4825245.755],[642553.271,4825245.048],[642550.272,4825245.138]]]}},{"type":"Feature","properties":{"id":"2554101PJ4225S_part32","floors":1,"height":3.1,"heightSource":"Catastro:numberOfFloorsAboveGround"},"geometry":{"type":"Polygon","coordinates":[[[642553.2585,4825244.7055],[642549.261,4825244.853],[642549.3,4825245.9025],[642550.299,4825245.8655],[642550.272,4825245.138],[642553.271,4825245.048],[642553.2585,4825244.7055]]]}},{"type":"Feature","properties":{"id":"2554101PJ4225S_part35","floors":2,"height":6.2,"heightSource":"Catastro:numberOfFloorsAboveGround"},"geometry":{"type":"Polygon","coordinates":[[[642544.3815,4825259.043],[642544.4075,4825259.7425],[642545.5065,4825259.702],[642545.512,4825259.852],[642547.6615,4825259.7725],[642547.6435,4825259.273],[642549.791,4825259.1935],[642549.7725,4825258.694],[642545.475,4825258.8525],[642545.481,4825259.0025],[642544.3815,4825259.043]]]}},{"type":"Feature","properties":{"id":"2554101PJ4225S_part37","floors":2,"height":6.2,"heightSource":"Catastro:numberOfFloorsAboveGround"},"geometry":{"type":"Polygon","coordinates":[[[642541.1835,4825259.161],[642541.1895,4825259.311],[642539.2375,4825259.383],[642540.1515,4825259.75],[642541.204,4825259.711],[642541.2095,4825259.8605],[642544.4075,4825259.7425],[642544.3815,4825259.043],[642541.1835,4825259.161]]]}},{"type":"Feature","properties":{"id":"2554101PJ4225S_part40","floors":1,"height":3.1,"heightSource":"Catastro:numberOfFloorsAboveGround"},"geometry":{"type":"Polygon","coordinates":[[[642536.9015,4825259.7195],[642536.907,4825259.8695],[642540.1515,4825259.75],[642539.2375,4825259.383],[642539.037,4825259.3025],[642536.889,4825259.3845],[642535.69,4825259.4305],[642533.657,4825259.839],[642536.9015,4825259.7195]]]}},{"type":"Feature","properties":{"id":"2554101PJ4225S_part41","floors":2,"height":6.2,"heightSource":"Catastro:numberOfFloorsAboveGround"},"geometry":{"type":"Polygon","coordinates":[[[642532.5675,4825258.879],[642532.562,4825258.729],[642528.9645,4825258.862],[642528.959,4825258.712],[642525.361,4825258.845],[642525.3555,4825258.695],[642521.758,4825258.828],[642521.7525,4825258.678],[642518.155,4825258.8105],[642518.1865,4825259.66],[642518.192,4825259.81],[642519.482,4825259.7625],[642520.741,4825259.8615],[642525.3925,4825259.694],[642527.9475,4825259.8955],[642532.6005,4825259.7785],[642532.6045,4825259.878],[642533.657,4825259.839],[642535.69,4825259.4305],[642535.665,4825258.7645],[642532.5675,4825258.879]]]}},{"type":"Feature","properties":{"id":"2554101PJ4225S_part42","floors":2,"height":6.2,"heightSource":"Catastro:numberOfFloorsAboveGround"},"geometry":{"type":"Polygon","coordinates":[[[642549.693,4825256.5455],[642541.099,4825256.862],[642541.088,4825256.5635],[642532.494,4825256.88],[642532.483,4825256.5815],[642525.2875,4825256.8465],[642525.2765,4825256.547],[642518.081,4825256.812],[642518.155,4825258.8105],[642521.7525,4825258.678],[642521.758,4825258.828],[642525.3555,4825258.695],[642525.361,4825258.845],[642528.959,4825258.712],[642528.9645,4825258.862],[642532.562,4825258.729],[642532.5675,4825258.879],[642535.665,4825258.7645],[642536.8645,4825258.72],[642536.87,4825258.87],[642539.0175,4825258.791],[642541.167,4825258.7115],[642541.1725,4825258.8615],[642545.4695,4825258.7025],[642545.475,4825258.8525],[642549.7725,4825258.694],[642549.693,4825256.5455]]]}},{"type":"Feature","properties":{"id":"2554101PJ4225S_part43","floors":3,"height":9.3,"heightSource":"Catastro:numberOfFloorsAboveGround"},"geometry":{"type":"Polygon","coordinates":[[[642549.4715,4825250.5495],[642540.877,4825250.866],[642540.866,4825250.5675],[642532.272,4825250.884],[642532.261,4825250.5855],[642525.066,4825250.8505],[642525.055,4825250.551],[642517.8595,4825250.816],[642517.933,4825252.804],[642518.081,4825256.812],[642525.2765,4825256.547],[642525.2875,4825256.8465],[642532.483,4825256.5815],[642532.494,4825256.88],[642541.088,4825256.5635],[642541.099,4825256.862],[642549.693,4825256.5455],[642549.7725,4825258.694],[642549.791,4825259.1935],[642549.8035,4825259.541],[642553.801,4825259.392],[642553.7935,4825259.196],[642558.5905,4825259.019],[642558.6105,4825259.57],[642562.208,4825259.437],[642564.2065,4825259.363],[642567.791,4825259.2305],[642568.383,4825258.6385],[642568.319,4825256.9095],[642567.9945,4825248.1155],[642567.934,4825246.487],[642567.2875,4825245.84],[642563.7125,4825245.972],[642562.513,4825246.0165],[642561.7135,4825246.038],[642557.015,4825246.163],[642556.0155,4825246.1895],[642555.5155,4825246.2025],[642555.551,4825247.173],[642551.4145,4825247.3255],[642551.377,4825246.313],[642551.372,4825246.176],[642550.312,4825246.215],[642549.313,4825246.252],[642549.3665,4825247.7015],[642549.4715,4825250.5495]]]}},{"type":"Feature","properties":{"id":"2554101PJ4225S_part44","floors":2,"height":6.2,"heightSource":"Catastro:numberOfFloorsAboveGround"},"geometry":{"type":"Polygon","coordinates":[[[642568.319,4825256.9095],[642568.383,4825258.6385],[642568.404,4825259.208],[642568.9035,4825259.1895],[642569.903,4825259.1525],[642569.818,4825256.854],[642568.319,4825256.9095]]]}},{"type":"Feature","properties":{"id":"2554101PJ4225S_part45","floors":2,"height":6.2,"heightSource":"Catastro:numberOfFloorsAboveGround"},"geometry":{"type":"Polygon","coordinates":[[[642567.9945,4825248.1155],[642568.319,4825256.9095],[642569.818,4825256.854],[642569.4935,4825248.06],[642567.9945,4825248.1155]]]}},{"type":"Feature","properties":{"id":"2554101PJ4225S_part46","floors":2,"height":6.2,"heightSource":"Catastro:numberOfFloorsAboveGround"},"geometry":{"type":"Polygon","coordinates":[[[642567.9095,4825245.817],[642567.934,4825246.487],[642567.9945,4825248.1155],[642569.4935,4825248.06],[642569.4085,4825245.7615],[642568.409,4825245.7985],[642567.9095,4825245.817]]]}},{"type":"Feature","properties":{"id":"2554101PJ4225S_part52","floors":2,"height":6.2,"heightSource":"Catastro:numberOfFloorsAboveGround"},"geometry":{"type":"Polygon","coordinates":[[[642564.2175,4825259.66],[642564.251,4825260.5625],[642567.5165,4825260.4415],[642567.485,4825259.5365],[642564.2175,4825259.66]]]}},{"type":"Feature","properties":{"id":"2554101PJ4225S_part55","floors":2,"height":6.2,"heightSource":"Catastro:numberOfFloorsAboveGround"},"geometry":{"type":"Polygon","coordinates":[[[642563.667,4825244.734],[642563.7015,4825245.671],[642566.997,4825245.5495],[642567.8985,4825245.516],[642567.8755,4825244.8965],[642567.8745,4825244.6075],[642563.667,4825244.734]]]}},{"type":"Feature","properties":{"id":"2554101PJ4225S_part57","floors":2,"height":6.2,"heightSource":"Catastro:numberOfFloorsAboveGround"},"geometry":{"type":"Polygon","coordinates":[[[642545.0695,4825247.86],[642545.064,4825247.71],[642540.7665,4825247.869],[642540.761,4825247.719],[642537.415,4825247.842],[642537.41,4825247.6925],[642532.1615,4825247.8865],[642532.1505,4825247.5865],[642524.9555,4825247.8525],[642524.9445,4825247.553],[642517.749,4825247.818],[642517.8595,4825250.816],[642525.055,4825250.551],[642525.066,4825250.8505],[642532.261,4825250.5855],[642532.272,4825250.884],[642540.866,4825250.5675],[642540.877,4825250.866],[642549.4715,4825250.5495],[642549.3665,4825247.7015],[642545.0695,4825247.86]]]}},{"type":"Feature","properties":{"id":"2554101PJ4225S_part58","floors":1,"height":3.1,"heightSource":"Catastro:numberOfFloorsAboveGround"},"geometry":{"type":"Polygon","coordinates":[[[642545.014,4825246.361],[642545.0085,4825246.211],[642540.7115,4825246.37],[642540.706,4825246.22],[642536.409,4825246.3785],[642536.403,4825246.2285],[642532.106,4825246.3875],[642532.1005,4825246.2375],[642528.503,4825246.3705],[642528.4975,4825246.2205],[642524.9,4825246.3535],[642524.8945,4825246.2035],[642521.297,4825246.336],[642521.2915,4825246.1865],[642517.694,4825246.319],[642517.749,4825247.818],[642524.9445,4825247.553],[642524.9555,4825247.8525],[642532.1505,4825247.5865],[642532.1615,4825247.8865],[642537.41,4825247.6925],[642537.415,4825247.842],[642540.761,4825247.719],[642540.7665,4825247.869],[642545.064,4825247.71],[642545.0695,4825247.86],[642549.3665,4825247.7015],[642549.313,4825246.252],[642549.311,4825246.2025],[642545.014,4825246.361]]]}},{"type":"Feature","properties":{"id":"2554102PJ4225S_part1","floors":1,"height":3.1,"heightSource":"Catastro:numberOfFloorsAboveGround"},"geometry":{"type":"Polygon","coordinates":[[[642512.83,4825245.38],[642512.9,4825247.88],[642513.65,4825247.85],[642513.75,4825250.85],[642514.8,4825250.82],[642514.81,4825251.32],[642516.65485,4825251.25985],[642516.6145,4825250.146],[642516.5545,4825247.526],[642516.4815,4825245.25995],[642512.83,4825245.38]]]}},{"type":"Feature","properties":{"id":"2554102PJ4225S_part2","floors":1,"height":3.1,"heightSource":"Catastro:numberOfFloorsAboveGround"},"geometry":{"type":"Polygon","coordinates":[[[642489.794,4825252.6855],[642492.934,4825252.8655],[642493.164,4825248.5555],[642493.734,4825248.5855],[642493.8245,4825246.6855],[642489.704,4825246.3855],[642489.374,4825252.6655],[642489.794,4825252.6855]]]}},{"type":"Feature","properties":{"id":"2554102PJ4225S_part3","floors":1,"height":3.1,"heightSource":"Catastro:numberOfFloorsAboveGround"},"geometry":{"type":"Polygon","coordinates":[[[642509.0945,4825259.1355],[642509.1545,4825254.8455],[642510.8345,4825254.8955],[642510.9245,4825251.4955],[642497.4945,4825251.1455],[642497.334,4825257.1355],[642497.294,4825258.8155],[642500.0445,4825258.8855],[642509.0945,4825259.1355]]]}},{"type":"Feature","properties":{"id":"2554103PJ4225S_part1","floors":1,"height":3.1,"heightSource":"Catastro:numberOfFloorsAboveGround"},"geometry":{"type":"Polygon","coordinates":[[[642480.534,4825259.3755],[642480.724,4825255.4255],[642482.604,4825255.4655],[642482.714,4825249.3455],[642475.344,4825249.2255],[642466.184,4825249.075],[642466.014,4825259.115],[642475.344,4825259.2855],[642480.534,4825259.3755]]]}},{"type":"Feature","properties":{"id":"2554103PJ4225S_part2","floors":1,"height":3.1,"heightSource":"Catastro:numberOfFloorsAboveGround"},"geometry":{"type":"Polygon","coordinates":[[[642489.374,4825252.6655],[642489.704,4825246.3855],[642486.054,4825246.1855],[642485.704,4825252.4655],[642486.204,4825252.4855],[642489.374,4825252.6655]]]}},{"type":"Feature","properties":{"id":"2554104PJ4225S_part1","floors":2,"height":6.2,"heightSource":"Catastro:numberOfFloorsAboveGround"},"geometry":{"type":"Polygon","coordinates":[[[642433.659,4825240.219],[642433.6645,4825241.019],[642437.9645,4825240.989],[642437.962,4825240.589],[642437.959,4825240.189],[642433.659,4825240.219]]]}},{"type":"Feature","properties":{"id":"2554104PJ4225S_part3","floors":3,"height":9.3,"heightSource":"Catastro:numberOfFloorsAboveGround"},"geometry":{"type":"Polygon","coordinates":[[[642455.874,4825256.564],[642455.879,4825257.264],[642459.679,4825257.2375],[642459.674,4825256.5375],[642455.874,4825256.564]]]}},{"type":"Feature","properties":{"id":"2554104PJ4225S_part5","floors":2,"height":6.2,"heightSource":"Catastro:numberOfFloorsAboveGround"},"geometry":{"type":"Polygon","coordinates":[[[642455.7825,4825257.765],[642455.784,4825257.9645],[642455.7865,4825258.3645],[642459.226,4825258.3405],[642459.517,4825257.9715],[642459.591,4825257.738],[642455.8825,4825257.764],[642455.7825,4825257.765]]]}},{"type":"Feature","properties":{"id":"2554104PJ4225S_part6","floors":2,"height":6.2,"heightSource":"Catastro:numberOfFloorsAboveGround"},"geometry":{"type":"Polygon","coordinates":[[[642459.5585,4825240.038],[642455.559,4825240.066],[642455.562,4825240.4655],[642455.5645,4825240.866],[642459.564,4825240.838],[642459.5585,4825240.038]]]}},{"type":"Feature","properties":{"id":"2554104PJ4225S_part7","floors":3,"height":9.3,"heightSource":"Catastro:numberOfFloorsAboveGround"},"geometry":{"type":"Polygon","coordinates":[[[642455.472,4825256.267],[642451.972,4825256.2915],[642451.9825,4825257.7915],[642455.4825,4825257.767],[642455.472,4825256.267]]]}},{"type":"Feature","properties":{"id":"2554104PJ4225S_part8","floors":3,"height":9.3,"heightSource":"Catastro:numberOfFloorsAboveGround"},"geometry":{"type":"Polygon","coordinates":[[[642451.8615,4825240.4915],[642451.8645,4825240.8915],[642451.869,4825241.592],[642455.5695,4825241.566],[642455.5645,4825240.866],[642455.562,4825240.4655],[642451.8615,4825240.4915]]]}},{"type":"Feature","properties":{"id":"2554104PJ4225S_part10","floors":3,"height":9.3,"heightSource":"Catastro:numberOfFloorsAboveGround"},"geometry":{"type":"Polygon","coordinates":[[[642450.772,4825256.3],[642447.772,4825256.321],[642447.7785,4825257.22],[642447.783,4825257.821],[642450.7825,4825257.8],[642450.772,4825256.3]]]}},{"type":"Feature","properties":{"id":"2554104PJ4225S_part11","floors":1,"height":3.1,"heightSource":"Catastro:numberOfFloorsAboveGround"},"geometry":{"type":"Polygon","coordinates":[[[642447.084,4825258.0255],[642447.088,4825258.525],[642447.09,4825258.8255],[642451.9895,4825258.791],[642455.7895,4825258.7645],[642455.7865,4825258.3645],[642455.784,4825257.9645],[642447.084,4825258.0255]]]}},{"type":"Feature","properties":{"id":"2554104PJ4225S_part12","floors":2,"height":6.2,"heightSource":"Catastro:numberOfFloorsAboveGround"},"geometry":{"type":"Polygon","coordinates":[[[642447.0785,4825257.225],[642447.08,4825257.4255],[642447.084,4825258.0255],[642455.784,4825257.9645],[642455.7825,4825257.765],[642455.4825,4825257.767],[642451.9825,4825257.7915],[642450.7825,4825257.8],[642447.783,4825257.821],[642447.7785,4825257.22],[642447.0785,4825257.225]]]}},{"type":"Feature","properties":{"id":"2554104PJ4225S_part14","floors":2,"height":6.2,"heightSource":"Catastro:numberOfFloorsAboveGround"},"geometry":{"type":"Polygon","coordinates":[[[642441.78,4825257.463],[642441.781,4825257.597],[642441.9915,4825258.1135],[642442.355,4825258.528],[642442.411,4825258.5575],[642447.088,4825258.525],[642447.084,4825258.0255],[642447.08,4825257.4255],[642441.78,4825257.463]]]}},{"type":"Feature","properties":{"id":"2554104PJ4225S_part16","floors":2,"height":6.2,"heightSource":"Catastro:numberOfFloorsAboveGround"},"geometry":{"type":"Polygon","coordinates":[[[642441.659,4825240.163],[642441.662,4825240.563],[642441.6645,4825240.963],[642451.8645,4825240.8915],[642451.8615,4825240.4915],[642451.859,4825240.092],[642441.659,4825240.163]]]}},{"type":"Feature","properties":{"id":"2554104PJ4225S_part18","floors":3,"height":9.3,"heightSource":"Catastro:numberOfFloorsAboveGround"},"geometry":{"type":"Polygon","coordinates":[[[642437.962,4825240.589],[642437.9645,4825240.989],[642437.9695,4825241.689],[642441.6695,4825241.663],[642441.6645,4825240.963],[642441.662,4825240.563],[642437.962,4825240.589]]]}},{"type":"Feature","properties":{"id":"2554104PJ4225S_part20","floors":1,"height":3.1,"heightSource":"Catastro:numberOfFloorsAboveGround"},"geometry":{"type":"Polygon","coordinates":[[[642437.674,4825256.5915],[642437.6785,4825257.2915],[642437.68,4825257.4915],[642441.75,4825257.463],[642441.746,4825256.863],[642438.206,4825256.888],[642438.204,4825256.5875],[642437.674,4825256.5915]]]}},{"type":"Feature","properties":{"id":"2554104PJ4225S_part21","floors":2,"height":6.2,"heightSource":"Catastro:numberOfFloorsAboveGround"},"geometry":{"type":"Polygon","coordinates":[[[642437.671,4825256.1915],[642433.771,4825256.219],[642433.772,4825256.302],[642433.876,4825256.7855],[642434.165,4825257.188],[642434.376,4825257.315],[642437.6785,4825257.2915],[642437.674,4825256.5915],[642437.671,4825256.1915]]]}},{"type":"Feature","properties":{"id":"2554104PJ4225S_part23","floors":2,"height":6.2,"heightSource":"Catastro:numberOfFloorsAboveGround"},"geometry":{"type":"Polygon","coordinates":[[[642441.768,4825255.763],[642433.7685,4825255.819],[642433.769,4825255.919],[642438.199,4825255.888],[642438.204,4825256.5875],[642441.774,4825256.5625],[642441.768,4825255.763]]]}},{"type":"Feature","properties":{"id":"2554104PJ4225S_part24","floors":3,"height":9.3,"heightSource":"Catastro:numberOfFloorsAboveGround"},"geometry":{"type":"Polygon","coordinates":[[[642433.6645,4825241.019],[642433.6695,4825241.719],[642433.7685,4825255.819],[642441.768,4825255.763],[642441.774,4825256.5625],[642441.7785,4825257.262],[642441.78,4825257.463],[642447.08,4825257.4255],[642447.0785,4825257.225],[642447.7785,4825257.22],[642447.772,4825256.321],[642450.772,4825256.3],[642450.7825,4825257.8],[642451.9825,4825257.7915],[642451.972,4825256.2915],[642455.472,4825256.267],[642455.4825,4825257.767],[642455.7825,4825257.765],[642455.8825,4825257.764],[642455.879,4825257.264],[642455.874,4825256.564],[642459.674,4825256.5375],[642459.564,4825240.838],[642455.5645,4825240.866],[642455.5695,4825241.566],[642451.869,4825241.592],[642451.8645,4825240.8915],[642441.6645,4825240.963],[642441.6695,4825241.663],[642437.9695,4825241.689],[642437.9645,4825240.989],[642433.6645,4825241.019]]]}},{"type":"Feature","properties":{"id":"2554105PJ4225S_part1","floors":2,"height":6.2,"heightSource":"Catastro:numberOfFloorsAboveGround"},"geometry":{"type":"Polygon","coordinates":[[[642421.883,4825248.635],[642428.7435,4825248.305],[642428.4535,4825239.135],[642421.6635,4825239.705],[642421.8135,4825245.775],[642421.883,4825248.635]]]}},{"type":"Feature","properties":{"id":"2554105PJ4225S_part2","floors":2,"height":6.2,"heightSource":"Catastro:numberOfFloorsAboveGround"},"geometry":{"type":"Polygon","coordinates":[[[642414.903,4825242.8045],[642414.923,4825244.9445],[642415.183,4825244.9145],[642415.113,4825239.9145],[642408.653,4825239.9445],[642409.213,4825242.8545],[642414.903,4825242.8045]]]}},{"type":"Feature","properties":{"id":"2554105PJ4225S_part3","floors":3,"height":9.3,"heightSource":"Catastro:numberOfFloorsAboveGround"},"geometry":{"type":"Polygon","coordinates":[[[642415.203,4825245.8745],[642421.8135,4825245.775],[642421.6635,4825239.705],[642421.6135,4825238.215],[642415.133,4825238.4945],[642415.113,4825239.9145],[642415.183,4825244.9145],[642415.203,4825245.8745]]]}},{"type":"Feature","properties":{"id":"2554106PJ4225S_part1","floors":1,"height":3.1,"heightSource":"Catastro:numberOfFloorsAboveGround"},"geometry":{"type":"Polygon","coordinates":[[[642402.183,4825215.3345],[642402.093,4825210.0945],[642400.413,4825210.3545],[642400.683,4825215.3345],[642402.183,4825215.3345]]]}},{"type":"Feature","properties":{"id":"2554106PJ4225S_part2","floors":2,"height":6.2,"heightSource":"Catastro:numberOfFloorsAboveGround"},"geometry":{"type":"Polygon","coordinates":[[[642400.683,4825215.3345],[642400.413,4825210.3545],[642400.013,4825204.0845],[642391.693,4825204.6145],[642391.813,4825206.1345],[642392.593,4825215.9945],[642400.683,4825215.3345]]]}},{"type":"Feature","properties":{"id":"2554115PJ4225S_part1","floors":2,"height":6.2,"heightSource":"Catastro:numberOfFloorsAboveGround"},"geometry":{"type":"Polygon","coordinates":[[[642306.7225,4825096.7335],[642306.6925,4825097.5435],[642310.1825,4825097.6935],[642320.5925,4825098.1935],[642320.8925,4825091.6635],[642311.6125,4825091.2235],[642306.9725,4825091.2535],[642306.8925,4825093.0835],[642306.7225,4825096.7335]]]}},{"type":"Feature","properties":{"id":"2554117PJ4225S_part1","floors":3,"height":9.3,"heightSource":"Catastro:numberOfFloorsAboveGround"},"geometry":{"type":"Polygon","coordinates":[[[642315.473,4825049.5735],[642317.323,4825042.0835],[642304.543,4825038.7735],[642302.7425,4825046.6535],[642315.473,4825049.5735]]]}},{"type":"Feature","properties":{"id":"2554118PJ4225S_part1","floors":1,"height":3.1,"heightSource":"Catastro:numberOfFloorsAboveGround"},"geometry":{"type":"Polygon","coordinates":[[[642393.054,4825176.306],[642393.183,4825182.089],[642394.657,4825182.0565],[642394.528,4825176.273],[642393.054,4825176.306]]]}},{"type":"Feature","properties":{"id":"2554118PJ4225S_part2","floors":1,"height":3.1,"heightSource":"Catastro:numberOfFloorsAboveGround"},"geometry":{"type":"Polygon","coordinates":[[[642414.133,4825176.738],[642411.437,4825176.7985],[642411.546,4825181.6785],[642414.242,4825181.6185],[642414.133,4825176.738]]]}},{"type":"Feature","properties":{"id":"2554118PJ4225S_part3","floors":2,"height":6.2,"heightSource":"Catastro:numberOfFloorsAboveGround"},"geometry":{"type":"Polygon","coordinates":[[[642411.417,4825175.8955],[642407.089,4825175.992],[642407.2185,4825181.7755],[642411.546,4825181.6785],[642411.437,4825176.7985],[642411.417,4825175.8955]]]}},{"type":"Feature","properties":{"id":"2554118PJ4225S_part4","floors":1,"height":3.1,"heightSource":"Catastro:numberOfFloorsAboveGround"},"geometry":{"type":"Polygon","coordinates":[[[642404.71,4825181.8315],[642404.788,4825185.3325],[642414.3205,4825185.1195],[642414.242,4825181.6185],[642411.546,4825181.6785],[642407.2185,4825181.7755],[642404.71,4825181.8315]]]}},{"type":"Feature","properties":{"id":"2554118PJ4225S_part5","floors":3,"height":9.3,"heightSource":"Catastro:numberOfFloorsAboveGround"},"geometry":{"type":"Polygon","coordinates":[[[642400.5825,4825176.1375],[642400.756,4825181.92],[642404.71,4825181.8315],[642407.2185,4825181.7755],[642407.089,4825175.992],[642401.0515,4825176.127],[642400.5825,4825176.1375]]]}},{"type":"Feature","properties":{"id":"2554118PJ4225S_part6","floors":2,"height":6.2,"heightSource":"Catastro:numberOfFloorsAboveGround"},"geometry":{"type":"Polygon","coordinates":[[[642394.528,4825176.273],[642394.657,4825182.0565],[642400.756,4825181.92],[642400.5825,4825176.1375],[642394.528,4825176.273]]]}},{"type":"Feature","properties":{"id":"2554120PJ4225S_part1","floors":1,"height":3.1,"heightSource":"Catastro:numberOfFloorsAboveGround"},"geometry":{"type":"Polygon","coordinates":[[[642458.264,4825197.095],[642458.204,4825197.745],[642457.514,4825205.715],[642463.075,4825206.1485],[642463.604,4825198.955],[642463.754,4825196.905],[642458.264,4825197.095]]]}},{"type":"Feature","properties":{"id":"2554120PJ4225S_part2","floors":1,"height":3.1,"heightSource":"Catastro:numberOfFloorsAboveGround"},"geometry":{"type":"Polygon","coordinates":[[[642441.9735,4825219.595],[642442.614,4825207.905],[642433.2835,4825207.095],[642432.3835,4825219.115],[642441.9735,4825219.595]]]}},{"type":"Feature","properties":{"id":"2554122PJ4225S_part1","floors":1,"height":3.1,"heightSource":"Catastro:numberOfFloorsAboveGround"},"geometry":{"type":"Polygon","coordinates":[[[642462.584,4825229.155],[642467.444,4825229.345],[642475.344,4825229.6455],[642480.1615,4825229.8325],[642480.3755,4825224.288],[642462.7445,4825223.6085],[642462.584,4825229.155]]]}},{"type":"Feature","properties":{"id":"2554122PJ4225S_part2","floors":2,"height":6.2,"heightSource":"Catastro:numberOfFloorsAboveGround"},"geometry":{"type":"Polygon","coordinates":[[[642527.4,4825226.58],[642542.68,4825227.31],[642542.96,4825221.66],[642527.67,4825220.94],[642527.4,4825226.58]]]}},{"type":"Feature","properties":{"id":"2554122PJ4225S_part3","floors":1,"height":3.1,"heightSource":"Catastro:numberOfFloorsAboveGround"},"geometry":{"type":"Polygon","coordinates":[[[642518.71,4825226.16],[642527.4,4825226.58],[642527.67,4825220.94],[642518.98,4825220.52],[642518.71,4825226.16]]]}},{"type":"Feature","properties":{"id":"2554122PJ4225S_part4","floors":2,"height":6.2,"heightSource":"Catastro:numberOfFloorsAboveGround"},"geometry":{"type":"Polygon","coordinates":[[[642503.59,4825225.45],[642518.71,4825226.16],[642518.98,4825220.52],[642503.85,4825219.81],[642503.59,4825225.45]]]}},{"type":"Feature","properties":{"id":"2554122PJ4225S_part5","floors":1,"height":3.1,"heightSource":"Catastro:numberOfFloorsAboveGround"},"geometry":{"type":"Polygon","coordinates":[[[642498.49,4825225.21],[642503.59,4825225.45],[642503.85,4825219.81],[642498.75,4825219.57],[642498.49,4825225.21]]]}},{"type":"Feature","properties":{"id":"2554122PJ4225S_part6","floors":2,"height":6.2,"heightSource":"Catastro:numberOfFloorsAboveGround"},"geometry":{"type":"Polygon","coordinates":[[[642483.48,4825218.85],[642483.21,4825224.49],[642498.49,4825225.21],[642498.75,4825219.57],[642483.48,4825218.85]]]}},{"type":"Feature","properties":{"id":"27005A00100054_part1","floors":1,"height":3.1,"heightSource":"Catastro:numberOfFloorsAboveGround"},"geometry":{"type":"Polygon","coordinates":[[[641963.884,4824733.895],[641965.2165,4824739.0175],[641971.63,4824739.94],[641969.67,4824732.39],[641963.884,4824733.895]]]}},{"type":"Feature","properties":{"id":"27005A00100054_part2","floors":1,"height":3.1,"heightSource":"Catastro:numberOfFloorsAboveGround"},"geometry":{"type":"Polygon","coordinates":[[[641984.22,4824740.29],[641983.26,4824736.61],[641982.01,4824736.93],[641982.96,4824740.62],[641984.22,4824740.29]]]}},{"type":"Feature","properties":{"id":"27005A00100054_part3","floors":1,"height":3.1,"heightSource":"Catastro:numberOfFloorsAboveGround"},"geometry":{"type":"Polygon","coordinates":[[[641979.6515,4824738.61],[641975.485,4824739.699],[641976.74,4824744.5],[641979.54,4824743.78],[641980.3,4824746.68],[641984.27,4824745.65],[641982.96,4824740.62],[641982.01,4824736.93],[641980.5,4824731.13],[641977.89,4824731.8055],[641979.6515,4824738.61]]]}},{"type":"Feature","properties":{"id":"27005A00100054_part4","floors":2,"height":6.2,"heightSource":"Catastro:numberOfFloorsAboveGround"},"geometry":{"type":"Polygon","coordinates":[[[641973.7055,4824732.889],[641975.3,4824738.99],[641975.485,4824739.699],[641979.6515,4824738.61],[641977.89,4824731.8055],[641973.7055,4824732.889]]]}},{"type":"Feature","properties":{"id":"27005A00100054_part5","floors":1,"height":3.1,"heightSource":"Catastro:numberOfFloorsAboveGround"},"geometry":{"type":"Polygon","coordinates":[[[641973.3265,4824731.439],[641973.7055,4824732.889],[641977.89,4824731.8055],[641977.5145,4824730.3545],[641973.3265,4824731.439]]]}},{"type":"Feature","properties":{"id":"27005A00100054_part6","floors":1,"height":3.1,"heightSource":"Catastro:numberOfFloorsAboveGround"},"geometry":{"type":"Polygon","coordinates":[[[641969.67,4824732.39],[641971.63,4824739.94],[641975.3,4824738.99],[641973.7055,4824732.889],[641973.3265,4824731.439],[641969.67,4824732.39]]]}},{"type":"Feature","properties":{"id":"27005A00100065_part1","floors":4,"height":12.4,"heightSource":"Catastro:numberOfFloorsAboveGround"},"geometry":{"type":"Polygon","coordinates":[[[641982.8685,4824970.35],[641985.8885,4824977.16],[641989.359,4824975.62],[641990.769,4824974.99],[641987.759,4824968.19],[641985.339,4824969.26],[641982.8685,4824970.35]]]}},{"type":"Feature","properties":{"id":"27005A00100065_part2","floors":1,"height":3.1,"heightSource":"Catastro:numberOfFloorsAboveGround"},"geometry":{"type":"Polygon","coordinates":[[[641976.1085,4824949.82],[641979.6885,4824957.3],[641986.189,4824954.19],[641982.599,4824946.71],[641976.1085,4824949.82]]]}},{"type":"Feature","properties":{"id":"27005A00100065_part3","floors":3,"height":9.3,"heightSource":"Catastro:numberOfFloorsAboveGround"},"geometry":{"type":"Polygon","coordinates":[[[641981.4085,4824971.0],[641985.0485,4824979.23],[641988.4285,4824977.73],[641989.979,4824977.04],[641989.359,4824975.62],[641985.8885,4824977.16],[641982.8685,4824970.35],[641981.4085,4824971.0]]]}},{"type":"Feature","properties":{"id":"27005A00100065_part4","floors":3,"height":9.3,"heightSource":"Catastro:numberOfFloorsAboveGround"},"geometry":{"type":"Polygon","coordinates":[[[641980.6385,4824969.26],[641981.4085,4824971.0],[641982.8685,4824970.35],[641985.339,4824969.26],[641984.569,4824967.52],[641980.6385,4824969.26]]]}},{"type":"Feature","properties":{"id":"27005A00100065_part5","floors":3,"height":9.3,"heightSource":"Catastro:numberOfFloorsAboveGround"},"geometry":{"type":"Polygon","coordinates":[[[641980.0285,4824967.89],[641980.6385,4824969.26],[641984.569,4824967.52],[641983.959,4824966.15],[641980.0285,4824967.89]]]}},{"type":"Feature","properties":{"id":"27005A00100065_part6","floors":3,"height":9.3,"heightSource":"Catastro:numberOfFloorsAboveGround"},"geometry":{"type":"Polygon","coordinates":[[[641989.359,4824975.62],[641989.979,4824977.04],[641992.859,4824975.77],[641992.229,4824974.35],[641990.769,4824974.99],[641989.359,4824975.62]]]}},{"type":"Feature","properties":{"id":"27005A00100065_part7","floors":2,"height":6.2,"heightSource":"Catastro:numberOfFloorsAboveGround"},"geometry":{"type":"Polygon","coordinates":[[[641988.4285,4824977.73],[641988.9285,4824978.87],[641991.909,4824977.56],[641993.369,4824976.91],[641992.859,4824975.77],[641989.979,4824977.04],[641988.4285,4824977.73]]]}},{"type":"Feature","properties":{"id":"27005A00100065_part8","floors":3,"height":9.3,"heightSource":"Catastro:numberOfFloorsAboveGround"},"geometry":{"type":"Polygon","coordinates":[[[641984.569,4824967.52],[641985.339,4824969.26],[641987.759,4824968.19],[641990.769,4824974.99],[641992.229,4824974.35],[641988.459,4824965.8],[641984.569,4824967.52]]]}},{"type":"Feature","properties":{"id":"27005A00100065_part9","floors":2,"height":6.2,"heightSource":"Catastro:numberOfFloorsAboveGround"},"geometry":{"type":"Polygon","coordinates":[[[641987.849,4824964.43],[641983.959,4824966.15],[641984.569,4824967.52],[641988.459,4824965.8],[641987.849,4824964.43]]]}},{"type":"Feature","properties":{"id":"27005A00100066_part1","floors":3,"height":9.3,"heightSource":"Catastro:numberOfFloorsAboveGround"},"geometry":{"type":"Polygon","coordinates":[[[642032.6995,4824964.9705],[642033.1895,4824965.9005],[642033.6495,4824966.7905],[642036.4395,4824965.3205],[642035.4895,4824963.5105],[642033.7195,4824964.4405],[642032.6995,4824964.9705]]]}},{"type":"Feature","properties":{"id":"27005A00100066_part2","floors":4,"height":12.4,"heightSource":"Catastro:numberOfFloorsAboveGround"},"geometry":{"type":"Polygon","coordinates":[[[642031.3195,4824959.8805],[642029.5095,4824960.8305],[642028.9995,4824959.8605],[642028.0195,4824960.3705],[642028.5295,4824961.3505],[642026.7195,4824962.3005],[642029.1195,4824966.8605],[642030.4895,4824966.1405],[642030.9795,4824967.0705],[642033.1895,4824965.9005],[642032.6995,4824964.9705],[642033.7195,4824964.4405],[642031.3195,4824959.8805]]]}},{"type":"Feature","properties":{"id":"27005A00100066_part3","floors":2,"height":6.2,"heightSource":"Catastro:numberOfFloorsAboveGround"},"geometry":{"type":"Polygon","coordinates":[[[642025.7095,4824967.5805],[642027.0995,4824970.2305],[642028.2095,4824969.6505],[642026.8095,4824966.9905],[642025.7095,4824967.5805]]]}},{"type":"Feature","properties":{"id":"27005A00100066_part4","floors":3,"height":9.3,"heightSource":"Catastro:numberOfFloorsAboveGround"},"geometry":{"type":"Polygon","coordinates":[[[642024.1695,4824964.6505],[642025.7095,4824967.5805],[642026.8095,4824966.9905],[642025.2795,4824964.0705],[642024.1695,4824964.6505]]]}},{"type":"Feature","properties":{"id":"27005A00100066_part5","floors":3,"height":9.3,"heightSource":"Catastro:numberOfFloorsAboveGround"},"geometry":{"type":"Polygon","coordinates":[[[642023.8795,4824961.4205],[642025.2795,4824964.0705],[642026.8095,4824966.9905],[642028.2095,4824969.6505],[642033.6495,4824966.7905],[642033.1895,4824965.9005],[642030.9795,4824967.0705],[642030.4895,4824966.1405],[642029.1195,4824966.8605],[642026.7195,4824962.3005],[642028.5295,4824961.3505],[642028.0195,4824960.3705],[642028.9995,4824959.8605],[642029.5095,4824960.8305],[642031.3195,4824959.8805],[642033.7195,4824964.4405],[642035.4895,4824963.5105],[642032.1095,4824957.0905],[642027.7795,4824959.3705],[642023.8795,4824961.4205]]]}},{"type":"Feature","properties":{"id":"27005A00100066_part6","floors":2,"height":6.2,"heightSource":"Catastro:numberOfFloorsAboveGround"},"geometry":{"type":"Polygon","coordinates":[[[642022.7795,4824962.0005],[642024.1695,4824964.6505],[642025.2795,4824964.0705],[642023.8795,4824961.4205],[642022.7795,4824962.0005]]]}},{"type":"Feature","properties":{"id":"27005A00100078_part1","floors":1,"height":3.1,"heightSource":"Catastro:numberOfFloorsAboveGround"},"geometry":{"type":"Polygon","coordinates":[[[642055.63,4824838.19],[642038.76,4824841.0],[642039.7,4824846.67],[642050.25,4824844.92],[642056.57,4824843.87],[642055.63,4824838.19]]]}},{"type":"Feature","properties":{"id":"27005A00100078_part2","floors":1,"height":3.1,"heightSource":"Catastro:numberOfFloorsAboveGround"},"geometry":{"type":"Polygon","coordinates":[[[642051.27,4824851.09],[642043.43,4824852.39],[642044.041,4824856.0995],[642044.9,4824861.27],[642047.439,4824860.851],[642059.06,4824858.92],[642056.57,4824843.87],[642050.25,4824844.92],[642051.27,4824851.09]]]}},{"type":"Feature","properties":{"id":"27005A00100083_part1","floors":1,"height":3.1,"heightSource":"Catastro:numberOfFloorsAboveGround"},"geometry":{"type":"Polygon","coordinates":[[[642006.5,4824747.29],[642009.77,4824755.94],[642011.17,4824755.41],[642007.9,4824746.76],[642006.5,4824747.29]]]}},{"type":"Feature","properties":{"id":"27005A00100083_part2","floors":2,"height":6.2,"heightSource":"Catastro:numberOfFloorsAboveGround"},"geometry":{"type":"Polygon","coordinates":[[[642019.29,4824767.01],[642020.45,4824770.08],[642024.66,4824768.49],[642023.5,4824765.42],[642019.29,4824767.01]]]}},{"type":"Feature","properties":{"id":"27005A00100083_part3","floors":2,"height":6.2,"heightSource":"Catastro:numberOfFloorsAboveGround"},"geometry":{"type":"Polygon","coordinates":[[[642019.62,4824755.13],[642015.41,4824756.72],[642019.29,4824767.01],[642023.5,4824765.42],[642019.62,4824755.13]]]}},{"type":"Feature","properties":{"id":"27005A00100083_part4","floors":1,"height":3.1,"heightSource":"Catastro:numberOfFloorsAboveGround"},"geometry":{"type":"Polygon","coordinates":[[[642009.77,4824755.94],[642011.18,4824759.68],[642012.58,4824759.15],[642011.17,4824755.41],[642009.77,4824755.94]]]}},{"type":"Feature","properties":{"id":"27005A00100083_part5","floors":1,"height":3.1,"heightSource":"Catastro:numberOfFloorsAboveGround"},"geometry":{"type":"Polygon","coordinates":[[[642027.93,4824767.25],[642023.23,4824754.81],[642026.13,4824753.71],[642024.65,4824749.78],[642021.75,4824750.88],[642018.66,4824742.69],[642007.9,4824746.76],[642011.17,4824755.41],[642012.58,4824759.15],[642017.18,4824771.31],[642020.45,4824770.08],[642019.29,4824767.01],[642015.41,4824756.72],[642019.62,4824755.13],[642023.5,4824765.42],[642024.66,4824768.49],[642027.93,4824767.25]]]}},{"type":"Feature","properties":{"id":"27005A00200169_part1","floors":1,"height":3.1,"heightSource":"Catastro:numberOfFloorsAboveGround"},"geometry":{"type":"Polygon","coordinates":[[[642792.0195,4825077.9485],[642792.1495,4825080.3485],[642794.3095,4825080.2285],[642794.1895,4825077.8385],[642792.0195,4825077.9485]]]}},{"type":"Feature","properties":{"id":"27005A00200169_part2","floors":2,"height":6.2,"heightSource":"Catastro:numberOfFloorsAboveGround"},"geometry":{"type":"Polygon","coordinates":[[[642800.2895,4825081.6985],[642802.4595,4825081.5885],[642802.3595,4825079.8085],[642800.1895,4825079.9185],[642800.2895,4825081.6985]]]}},{"type":"Feature","properties":{"id":"27005A00200169_part3","floors":1,"height":3.1,"heightSource":"Catastro:numberOfFloorsAboveGround"},"geometry":{"type":"Polygon","coordinates":[[[642800.1895,4825079.9185],[642802.3595,4825079.8085],[642802.2395,4825077.4085],[642800.0695,4825077.5285],[642800.1895,4825079.9185]]]}},{"type":"Feature","properties":{"id":"27005A00200169_part4","floors":2,"height":6.2,"heightSource":"Catastro:numberOfFloorsAboveGround"},"geometry":{"type":"Polygon","coordinates":[[[642792.3695,4825084.5185],[642794.5295,4825084.4085],[642794.6595,4825086.7985],[642800.5395,4825086.4985],[642800.4095,4825084.0985],[642802.5795,4825083.9785],[642802.4595,4825081.5885],[642800.2895,4825081.6985],[642800.1895,4825079.9185],[642800.0695,4825077.5285],[642794.1895,4825077.8385],[642794.3095,4825080.2285],[642792.1495,4825080.3485],[642792.3695,4825084.5185]]]}},{"type":"Feature","properties":{"id":"27005A00200169_part5","floors":1,"height":3.1,"heightSource":"Catastro:numberOfFloorsAboveGround"},"geometry":{"type":"Polygon","coordinates":[[[642808.7695,4825101.879],[642808.8995,4825106.299],[642810.2795,4825106.699],[642812.1395,4825107.149],[642812.2895,4825105.349],[642812.5095,4825102.729],[642812.8995,4825095.529],[642808.5795,4825095.659],[642808.7695,4825101.879]]]}},{"type":"Feature","properties":{"id":"27005A00200169_part6","floors":1,"height":3.1,"heightSource":"Catastro:numberOfFloorsAboveGround"},"geometry":{"type":"Polygon","coordinates":[[[642804.1895,4825104.9385],[642808.8995,4825106.299],[642808.7695,4825101.879],[642804.0995,4825102.0185],[642804.1895,4825104.9385]]]}},{"type":"Feature","properties":{"id":"27005A00200169_part7","floors":1,"height":3.1,"heightSource":"Catastro:numberOfFloorsAboveGround"},"geometry":{"type":"Polygon","coordinates":[[[642800.4095,4825084.0985],[642800.5395,4825086.4985],[642802.7095,4825086.3785],[642802.5795,4825083.9785],[642800.4095,4825084.0985]]]}},{"type":"Feature","properties":{"id":"27005A00200169_part8","floors":1,"height":3.1,"heightSource":"Catastro:numberOfFloorsAboveGround"},"geometry":{"type":"Polygon","coordinates":[[[642792.4895,4825086.9185],[642794.6595,4825086.7985],[642794.5295,4825084.4085],[642792.3695,4825084.5185],[642792.4895,4825086.9185]]]}},{"type":"Feature","properties":{"id":"27005A00200174_part1","floors":1,"height":3.1,"heightSource":"Catastro:numberOfFloorsAboveGround"},"geometry":{"type":"Polygon","coordinates":[[[642737.1585,4825063.318],[642742.5385,4825062.638],[642741.159,4825051.728],[642735.7885,4825052.398],[642737.1585,4825063.318]]]}},{"type":"Feature","properties":{"id":"27005A00200221_part1","floors":1,"height":3.1,"heightSource":"Catastro:numberOfFloorsAboveGround"},"geometry":{"type":"Polygon","coordinates":[[[643053.63,4824846.59],[643051.19,4824849.81],[643052.63,4824850.89],[643055.06,4824847.67],[643053.63,4824846.59]]]}},{"type":"Feature","properties":{"id":"27005A00200221_part2","floors":1,"height":3.1,"heightSource":"Catastro:numberOfFloorsAboveGround"},"geometry":{"type":"Polygon","coordinates":[[[643089.91565,4824864.85975],[643089.98,4824864.82],[643085.3623,4824860.65605],[643084.79,4824860.14],[643080.359,4824856.04635],[643080.31105,4824856.10605],[643079.4083,4824857.22945],[643077.19,4824859.99],[643083.46,4824864.99],[643085.71445,4824862.17735],[643086.24555,4824861.5148],[643089.91565,4824864.85975]]]}},{"type":"Feature","properties":{"id":"27005A00200221_part3","floors":1,"height":3.1,"heightSource":"Catastro:numberOfFloorsAboveGround"},"geometry":{"type":"Polygon","coordinates":[[[643066.07,4824857.16],[643063.26,4824860.42],[643063.28,4824860.43],[643063.67,4824860.76],[643067.05,4824856.84],[643065.85,4824855.8],[643065.27,4824856.47],[643066.07,4824857.16]]]}},{"type":"Feature","properties":{"id":"27005A00200221_part4","floors":1,"height":3.1,"heightSource":"Catastro:numberOfFloorsAboveGround"},"geometry":{"type":"Polygon","coordinates":[[[643063.14,4824854.62],[643065.27,4824856.47],[643065.85,4824855.8],[643063.73,4824853.96],[643063.14,4824854.62]]]}},{"type":"Feature","properties":{"id":"27005A00200221_part5","floors":2,"height":6.2,"heightSource":"Catastro:numberOfFloorsAboveGround"},"geometry":{"type":"Polygon","coordinates":[[[643062.46,4824859.72],[643063.26,4824860.42],[643066.07,4824857.16],[643065.27,4824856.47],[643062.46,4824859.72]]]}},{"type":"Feature","properties":{"id":"27005A00200221_part6","floors":1,"height":3.1,"heightSource":"Catastro:numberOfFloorsAboveGround"},"geometry":{"type":"Polygon","coordinates":[[[643058.35,4824860.29],[643057.82,4824860.87],[643060.74,4824863.39],[643061.25,4824862.8],[643058.35,4824860.29]]]}},{"type":"Feature","properties":{"id":"27005A00200221_part7","floors":1,"height":3.1,"heightSource":"Catastro:numberOfFloorsAboveGround"},"geometry":{"type":"Polygon","coordinates":[[[643062.3645,4824839.7515],[643059.7445,4824837.3615],[643056.2925,4824841.892],[643061.83,4824846.75],[643065.483,4824842.5965],[643062.3645,4824839.7515]]]}},{"type":"Feature","properties":{"id":"27005A00200221_part8","floors":2,"height":6.2,"heightSource":"Catastro:numberOfFloorsAboveGround"},"geometry":{"type":"Polygon","coordinates":[[[643061.21,4824852.94],[643058.33,4824850.46],[643053.5,4824856.07],[643056.38,4824858.55],[643055.85,4824859.17],[643057.82,4824860.87],[643058.35,4824860.29],[643061.25,4824862.8],[643063.28,4824860.43],[643063.26,4824860.42],[643062.46,4824859.72],[643065.27,4824856.47],[643063.14,4824854.62],[643063.73,4824853.96],[643061.77,4824852.28],[643061.21,4824852.94]]]}},{"type":"Feature","properties":{"id":"27005A00200221_part9","floors":1,"height":3.1,"heightSource":"Catastro:numberOfFloorsAboveGround"},"geometry":{"type":"Polygon","coordinates":[[[643058.36,4824849.33],[643052.41,4824856.21],[643055.85,4824859.17],[643056.38,4824858.55],[643053.5,4824856.07],[643058.33,4824850.46],[643061.21,4824852.94],[643061.77,4824852.28],[643058.36,4824849.33]]]}},{"type":"Feature","properties":{"id":"27005A00200339_part1","floors":1,"height":3.1,"heightSource":"Catastro:numberOfFloorsAboveGround"},"geometry":{"type":"Polygon","coordinates":[[[642507.5434,4825328.83785],[642508.11245,4825338.17055],[642512.7063,4825337.8904],[642512.0794,4825328.561],[642507.5434,4825328.83785]]]}},{"type":"Feature","properties":{"id":"27005A00200339_part2","floors":1,"height":3.1,"heightSource":"Catastro:numberOfFloorsAboveGround"},"geometry":{"type":"Polygon","coordinates":[[[642481.844,4825327.95085],[642481.844,4825332.27695],[642484.6213,4825332.27695],[642484.51445,4825327.95085],[642481.844,4825327.95085]]]}},{"type":"Feature","properties":{"id":"27005A00200339_part3","floors":1,"height":3.1,"heightSource":"Catastro:numberOfFloorsAboveGround"},"geometry":{"type":"Polygon","coordinates":[[[642491.62285,4825325.8312],[642491.96855,4825334.93465],[642503.6601,4825334.49065],[642503.3144,4825325.3872],[642491.62285,4825325.8312]]]}},{"type":"Feature","properties":{"id":"27005A00200348_part1","floors":1,"height":3.1,"heightSource":"Catastro:numberOfFloorsAboveGround"},"geometry":{"type":"Polygon","coordinates":[[[642889.031,4824972.3595],[642890.791,4824975.8395],[642894.8115,4824973.8195],[642891.8915,4824968.0195],[642889.531,4824969.5495],[642888.091,4824970.4895],[642889.031,4824972.3595]]]}},{"type":"Feature","properties":{"id":"27005A00200348_part2","floors":1,"height":3.1,"heightSource":"Catastro:numberOfFloorsAboveGround"},"geometry":{"type":"Polygon","coordinates":[[[642898.0915,4824970.2195],[642900.2615,4824969.2095],[642904.2415,4824977.8195],[642908.1215,4824976.03],[642901.5315,4824961.7795],[642895.4015,4824965.7495],[642898.0915,4824970.2195]]]}},{"type":"Feature","properties":{"id":"27005A00200356_part1","floors":2,"height":6.2,"heightSource":"Catastro:numberOfFloorsAboveGround"},"geometry":{"type":"Polygon","coordinates":[[[642772.56,4825076.49],[642773.18,4825076.51],[642773.16,4825077.26],[642782.73,4825077.57],[642782.84,4825074.02],[642772.65,4825073.69],[642772.56,4825076.49]]]}},{"type":"Feature","properties":{"id":"27005A00200356_part2","floors":1,"height":3.1,"heightSource":"Catastro:numberOfFloorsAboveGround"},"geometry":{"type":"Polygon","coordinates":[[[642776.56,4825072.82],[642782.87,4825073.02],[642782.95,4825070.78],[642776.63,4825070.57],[642776.56,4825072.82]]]}},{"type":"Feature","properties":{"id":"27005A00200356_part3","floors":1,"height":3.1,"heightSource":"Catastro:numberOfFloorsAboveGround"},"geometry":{"type":"Polygon","coordinates":[[[642773.05,4825080.51],[642782.62,4825080.82],[642782.73,4825077.57],[642773.16,4825077.26],[642773.05,4825080.51]]]}},{"type":"Feature","properties":{"id":"27005A00200356_part4","floors":1,"height":3.1,"heightSource":"Catastro:numberOfFloorsAboveGround"},"geometry":{"type":"Polygon","coordinates":[[[642772.75,4825070.44],[642772.65,4825073.69],[642782.84,4825074.02],[642782.87,4825073.02],[642776.56,4825072.82],[642776.63,4825070.57],[642772.75,4825070.44]]]}},{"type":"Feature","properties":{"id":"2755001PJ4225N_part1","floors":1,"height":3.1,"heightSource":"Catastro:numberOfFloorsAboveGround"},"geometry":{"type":"Polygon","coordinates":[[[642460.32,4825322.13],[642458.63,4825313.3],[642456.86,4825313.64],[642458.55,4825322.47],[642459.54,4825322.28],[642460.32,4825322.13]]]}},{"type":"Feature","properties":{"id":"2755001PJ4225N_part2","floors":1,"height":3.1,"heightSource":"Catastro:numberOfFloorsAboveGround"},"geometry":{"type":"Polygon","coordinates":[[[642450.19,4825314.91],[642451.08,4825319.6],[642451.77,4825319.46],[642450.88,4825314.78],[642450.19,4825314.91]]]}},{"type":"Feature","properties":{"id":"2755001PJ4225N_part3","floors":2,"height":6.2,"heightSource":"Catastro:numberOfFloorsAboveGround"},"geometry":{"type":"Polygon","coordinates":[[[642450.88,4825314.78],[642451.77,4825319.46],[642452.56,4825319.31],[642451.66,4825314.63],[642450.88,4825314.78]]]}},{"type":"Feature","properties":{"id":"2755001PJ4225N_part4","floors":1,"height":3.1,"heightSource":"Catastro:numberOfFloorsAboveGround"},"geometry":{"type":"Polygon","coordinates":[[[642451.08,4825319.6],[642451.88,4825323.75],[642453.65,4825323.41],[642453.35,4825321.83],[642452.26,4825322.04],[642451.77,4825319.46],[642451.08,4825319.6]]]}},{"type":"Feature","properties":{"id":"2755001PJ4225N_part5","floors":1,"height":3.1,"heightSource":"Catastro:numberOfFloorsAboveGround"},"geometry":{"type":"Polygon","coordinates":[[[642457.2135,4825306.825],[642456.4935,4825306.885],[642455.6635,4825306.945],[642452.6735,4825307.175],[642451.5395,4825307.261],[642451.8,4825310.66],[642460.27,4825310.02],[642460.38,4825311.44],[642462.58,4825311.28],[642462.5005,4825306.435],[642457.2135,4825306.825]]]}},{"type":"Feature","properties":{"id":"2755001PJ4225N_part6","floors":2,"height":6.2,"heightSource":"Catastro:numberOfFloorsAboveGround"},"geometry":{"type":"Polygon","coordinates":[[[642451.66,4825314.63],[642452.56,4825319.31],[642451.77,4825319.46],[642452.26,4825322.04],[642453.35,4825321.83],[642453.65,4825323.41],[642456.69,4825322.83],[642458.55,4825322.47],[642456.86,4825313.64],[642451.66,4825314.63]]]}},{"type":"Feature","properties":{"id":"2755003PJ4225N_part1","floors":1,"height":3.1,"heightSource":"Catastro:numberOfFloorsAboveGround"},"geometry":{"type":"Polygon","coordinates":[[[642494.384,4825299.3455],[642494.234,4825293.2655],[642490.944,4825293.3455],[642490.894,4825291.4955],[642496.834,4825291.3255],[642496.744,4825286.6255],[642496.634,4825279.9255],[642483.344,4825280.2055],[642483.474,4825286.6255],[642483.584,4825291.7655],[642488.594,4825291.6555],[642488.764,4825299.4755],[642494.384,4825299.3455]]]}},{"type":"Feature","properties":{"id":"2755004PJ4225N_part1","floors":1,"height":3.1,"heightSource":"Catastro:numberOfFloorsAboveGround"},"geometry":{"type":"Polygon","coordinates":[[[642501.294,4825295.4155],[642501.439,4825304.414],[642514.4375,4825304.205],[642514.293,4825295.2235],[642501.294,4825295.4155]]]}},{"type":"Feature","properties":{"id":"2755005PJ4225N_part1","floors":3,"height":9.3,"heightSource":"Catastro:numberOfFloorsAboveGround"},"geometry":{"type":"Polygon","coordinates":[[[642538.008,4825300.602],[642537.5995,4825300.75],[642537.507,4825300.8095],[642537.226,4825300.99],[642536.919,4825301.304],[642536.688,4825301.682],[642536.545,4825302.105],[642536.491,4825302.543],[642536.548,4825302.9765],[642536.6855,4825303.3945],[642536.9155,4825303.7675],[642537.229,4825304.085],[642537.4145,4825304.206],[642537.5965,4825304.325],[642538.413,4825304.476],[642538.417,4825304.33],[642538.429,4825303.8935],[642538.51,4825300.891],[642538.5195,4825300.545],[642538.008,4825300.602]]]}},{"type":"Feature","properties":{"id":"2755005PJ4225N_part2","floors":3,"height":9.3,"heightSource":"Catastro:numberOfFloorsAboveGround"},"geometry":{"type":"Polygon","coordinates":[[[642538.059,4825288.1865],[642537.8455,4825288.3265],[642537.706,4825288.418],[642537.399,4825288.7215],[642537.1795,4825289.0805],[642537.0275,4825289.4825],[642536.975,4825289.9005],[642537.022,4825290.3235],[642537.15,4825290.731],[642537.3705,4825291.1035],[642537.6645,4825291.41],[642537.76,4825291.474],[642538.022,4825291.6495],[642538.7565,4825291.8035],[642538.8355,4825288.899],[642538.846,4825288.521],[642538.8565,4825288.1215],[642538.86,4825287.992],[642538.059,4825288.1865]]]}},{"type":"Feature","properties":{"id":"2755005PJ4225N_part3","floors":1,"height":3.1,"heightSource":"Catastro:numberOfFloorsAboveGround"},"geometry":{"type":"Polygon","coordinates":[[[642537.7745,4825305.7985],[642537.717,4825307.898],[642537.315,4825307.887],[642537.2065,4825311.8855],[642537.19,4825312.485],[642537.179,4825312.885],[642537.152,4825313.885],[642538.157,4825313.912],[642538.184,4825312.912],[642538.195,4825312.5125],[642538.266,4825309.904],[642538.3475,4825306.898],[642538.3765,4825305.815],[642537.7745,4825305.7985]]]}},{"type":"Feature","properties":{"id":"2755005PJ4225N_part4","floors":3,"height":9.3,"heightSource":"Catastro:numberOfFloorsAboveGround"},"geometry":{"type":"Polygon","coordinates":[[[642537.786,4825293.049],[642537.668,4825296.394],[642537.655,4825296.767],[642537.61,4825298.091],[642537.5715,4825299.2365],[642538.554,4825299.27],[642538.5915,4825297.89],[642538.673,4825294.891],[642538.722,4825293.09],[642537.786,4825293.049]]]}},{"type":"Feature","properties":{"id":"2755005PJ4225N_part5","floors":1,"height":3.1,"heightSource":"Catastro:numberOfFloorsAboveGround"},"geometry":{"type":"Polygon","coordinates":[[[642538.1015,4825278.897],[642538.074,4825279.8975],[642538.0635,4825280.2965],[642537.969,4825283.763],[642538.3745,4825283.774],[642538.32,4825285.773],[642538.92,4825285.7895],[642538.998,4825282.914],[642539.068,4825280.324],[642539.079,4825279.9245],[642539.106,4825278.9245],[642538.1015,4825278.897]]]}},{"type":"Feature","properties":{"id":"2755005PJ4225N_part6","floors":2,"height":6.2,"heightSource":"Catastro:numberOfFloorsAboveGround"},"geometry":{"type":"Polygon","coordinates":[[[642538.157,4825313.912],[642541.051,4825313.9905],[642541.062,4825313.5905],[642541.078,4825312.991],[642538.184,4825312.912],[642538.157,4825313.912]]]}},{"type":"Feature","properties":{"id":"2755005PJ4225N_part8","floors":3,"height":9.3,"heightSource":"Catastro:numberOfFloorsAboveGround"},"geometry":{"type":"Polygon","coordinates":[[[642538.3475,4825306.898],[642538.266,4825309.904],[642538.195,4825312.5125],[642541.089,4825312.591],[642544.8875,4825312.694],[642544.8765,4825313.0935],[642544.9815,4825313.0965],[642546.7765,4825313.1455],[642546.876,4825313.148],[642546.887,4825312.7485],[642550.6855,4825312.8515],[642553.088,4825312.9165],[642553.0735,4825313.316],[642553.1745,4825313.319],[642553.217,4825311.567],[642553.247,4825310.3295],[642553.297,4825308.279],[642553.3115,4825308.279],[642553.3375,4825307.3395],[642553.352,4825306.726],[642553.3345,4825306.726],[642553.3455,4825306.2215],[642553.365,4825305.306],[642553.375,4825304.886],[642553.4015,4825304.8825],[642553.402,4825304.753],[642553.4645,4825301.3665],[642553.475,4825300.946],[642553.515,4825299.676],[642553.548,4825298.4065],[642553.549,4825298.3625],[642553.627,4825295.358],[642553.633,4825295.1215],[642553.675,4825293.496],[642553.702,4825292.351],[642553.705,4825292.216],[642553.743,4825292.21],[642553.78,4825289.341],[642553.7875,4825288.9265],[642553.8455,4825288.398],[642553.805,4825288.386],[642553.825,4825287.326],[642553.8745,4825287.327],[642553.896,4825286.528],[642553.905,4825286.198],[642554.052,4825280.7305],[642551.559,4825280.663],[642547.7605,4825280.56],[642547.7715,4825280.16],[642547.6655,4825280.157],[642545.8765,4825280.109],[642545.772,4825280.106],[642545.761,4825280.5055],[642541.9625,4825280.4025],[642539.068,4825280.324],[642538.998,4825282.914],[642538.92,4825285.7895],[642538.9165,4825285.9055],[642538.911,4825286.1225],[642538.889,4825286.9205],[642538.86,4825287.992],[642538.8565,4825288.1215],[642538.846,4825288.521],[642538.8355,4825288.899],[642538.7565,4825291.8035],[642538.754,4825291.894],[642538.722,4825293.09],[642538.673,4825294.891],[642538.5915,4825297.89],[642538.554,4825299.27],[642538.5195,4825300.545],[642538.51,4825300.891],[642538.429,4825303.8935],[642538.417,4825304.33],[642538.413,4825304.476],[642538.3765,4825305.815],[642538.3475,4825306.898]],[[642543.2205,4825303.8575],[642545.22,4825303.9145],[642545.2025,4825304.5215],[642545.214,4825304.522],[642545.1765,4825305.914],[642545.163,4825305.914],[642543.1635,4825305.8565],[642543.2035,4825304.465],[642543.2205,4825303.8575]],[[642543.6545,4825288.2515],[642543.6815,4825287.252],[642545.681,4825287.306],[642545.6755,4825287.506],[642545.643,4825288.7055],[642545.627,4825289.305],[642543.6275,4825289.251],[642543.644,4825288.651],[642543.6545,4825288.2515]],[[642549.01,4825304.0235],[642548.9925,4825304.6285],[642548.9525,4825306.0225],[642546.97,4825305.9655],[642547.0075,4825304.5725],[642547.024,4825303.9665],[642549.01,4825304.0235]],[[642549.471,4825287.4085],[642549.433,4825288.8085],[642549.417,4825289.4075],[642547.418,4825289.354],[642547.434,4825288.754],[642547.4665,4825287.5545],[642547.4715,4825287.3545],[642549.471,4825287.4085]]]}},{"type":"Feature","properties":{"id":"2755005PJ4225N_part10","floors":2,"height":6.2,"heightSource":"Catastro:numberOfFloorsAboveGround"},"geometry":{"type":"Polygon","coordinates":[[[642539.079,4825279.9245],[642541.9735,4825280.003],[642541.9895,4825279.403],[642541.9925,4825279.2925],[642541.995,4825279.203],[642541.9975,4825279.1135],[642542.0005,4825279.003],[642539.106,4825278.9245],[642539.079,4825279.9245]]]}},{"type":"Feature","properties":{"id":"2755005PJ4225N_part11","floors":2,"height":6.2,"heightSource":"Catastro:numberOfFloorsAboveGround"},"geometry":{"type":"Polygon","coordinates":[[[642541.062,4825313.5905],[642541.1725,4825313.6385],[642542.03,4825313.9065],[642542.9505,4825314.042],[642543.877,4825313.9565],[642544.7475,4825313.736],[642544.8605,4825313.6935],[642544.8765,4825313.0935],[642543.596,4825313.059],[642543.147,4825313.047],[642541.078,4825312.991],[642541.062,4825313.5905]]]}},{"type":"Feature","properties":{"id":"2755005PJ4225N_part15","floors":1,"height":3.1,"heightSource":"Catastro:numberOfFloorsAboveGround"},"geometry":{"type":"Polygon","coordinates":[[[642543.1635,4825305.8565],[642545.163,4825305.914],[642545.1765,4825305.914],[642545.214,4825304.522],[642545.2025,4825304.5215],[642545.22,4825303.9145],[642543.2205,4825303.8575],[642543.2035,4825304.465],[642543.1635,4825305.8565]]]}},{"type":"Feature","properties":{"id":"2755005PJ4225N_part17","floors":2,"height":6.2,"heightSource":"Catastro:numberOfFloorsAboveGround"},"geometry":{"type":"Polygon","coordinates":[[[642544.85,4825314.0935],[642545.648,4825314.115],[642545.848,4825314.1205],[642546.849,4825314.148],[642546.86,4825313.748],[642546.876,4825313.148],[642546.7765,4825313.1455],[642544.9815,4825313.0965],[642544.8765,4825313.0935],[642544.8605,4825313.6935],[642544.85,4825314.0935]]]}},{"type":"Feature","properties":{"id":"2755005PJ4225N_part18","floors":2,"height":6.2,"heightSource":"Catastro:numberOfFloorsAboveGround"},"geometry":{"type":"Polygon","coordinates":[[[642545.772,4825280.106],[642545.8765,4825280.109],[642547.6655,4825280.157],[642547.7715,4825280.16],[642547.7875,4825279.56],[642547.798,4825279.1605],[642546.7985,4825279.133],[642546.596,4825279.128],[642545.799,4825279.106],[642545.796,4825279.2165],[642545.7935,4825279.306],[642545.791,4825279.3955],[642545.788,4825279.506],[642545.772,4825280.106]]]}},{"type":"Feature","properties":{"id":"2755005PJ4225N_part19","floors":2,"height":6.2,"heightSource":"Catastro:numberOfFloorsAboveGround"},"geometry":{"type":"Polygon","coordinates":[[[642546.86,4825313.748],[642546.9705,4825313.796],[642547.828,4825314.0635],[642548.7485,4825314.1995],[642549.675,4825314.114],[642550.5455,4825313.893],[642550.6585,4825313.851],[642550.6745,4825313.251],[642548.176,4825313.183],[642547.8625,4825313.175],[642546.876,4825313.148],[642546.86,4825313.748]]]}},{"type":"Feature","properties":{"id":"2755005PJ4225N_part21","floors":1,"height":3.1,"heightSource":"Catastro:numberOfFloorsAboveGround"},"geometry":{"type":"Polygon","coordinates":[[[642547.0075,4825304.5725],[642546.97,4825305.9655],[642548.9525,4825306.0225],[642548.9925,4825304.6285],[642549.01,4825304.0235],[642547.024,4825303.9665],[642547.0075,4825304.5725]]]}},{"type":"Feature","properties":{"id":"2755005PJ4225N_part23","floors":2,"height":6.2,"heightSource":"Catastro:numberOfFloorsAboveGround"},"geometry":{"type":"Polygon","coordinates":[[[642547.7715,4825280.16],[642548.502,4825280.18],[642550.864,4825280.244],[642550.8915,4825279.433],[642550.618,4825279.3475],[642549.6975,4825279.212],[642548.771,4825279.2975],[642547.9005,4825279.518],[642547.7875,4825279.56],[642547.7715,4825280.16]]]}},{"type":"Feature","properties":{"id":"2755005PJ4225N_part24","floors":2,"height":6.2,"heightSource":"Catastro:numberOfFloorsAboveGround"},"geometry":{"type":"Polygon","coordinates":[[[642550.6475,4825314.251],[642553.038,4825314.316],[642553.0735,4825313.316],[642550.6745,4825313.251],[642550.6585,4825313.851],[642550.6475,4825314.251]]]}},{"type":"Feature","properties":{"id":"2755005PJ4225N_part28","floors":2,"height":6.2,"heightSource":"Catastro:numberOfFloorsAboveGround"},"geometry":{"type":"Polygon","coordinates":[[[642551.57,4825280.263],[642554.063,4825280.331],[642554.052,4825280.7305],[642554.1405,4825280.733],[642554.2005,4825279.334],[642551.597,4825279.2635],[642551.586,4825279.6635],[642551.57,4825280.263]]]}},{"type":"Feature","properties":{"id":"2755005PJ4225N_part29","floors":1,"height":3.1,"heightSource":"Catastro:numberOfFloorsAboveGround"},"geometry":{"type":"Polygon","coordinates":[[[642553.038,4825314.316],[642554.146,4825314.346],[642554.173,4825313.346],[642554.184,4825312.946],[642554.2,4825312.3465],[642554.3085,4825308.3475],[642553.866,4825308.3355],[642553.886,4825307.3545],[642553.3375,4825307.3395],[642553.3115,4825308.279],[642553.297,4825308.279],[642553.247,4825310.3295],[642553.217,4825311.567],[642553.1745,4825313.319],[642553.0735,4825313.316],[642553.038,4825314.316]]]}},{"type":"Feature","properties":{"id":"2755005PJ4225N_part31","floors":3,"height":9.3,"heightSource":"Catastro:numberOfFloorsAboveGround"},"geometry":{"type":"Polygon","coordinates":[[[642554.225,4825304.776],[642554.4085,4825304.67],[642554.605,4825304.556],[642554.819,4825304.3615],[642554.8515,4825303.141],[642554.8935,4825301.601],[642554.775,4825301.466],[642554.683,4825301.3995],[642553.4645,4825301.3665],[642553.402,4825304.753],[642553.4015,4825304.8825],[642554.225,4825304.776]]]}},{"type":"Feature","properties":{"id":"2755005PJ4225N_part33","floors":3,"height":9.3,"heightSource":"Catastro:numberOfFloorsAboveGround"},"geometry":{"type":"Polygon","coordinates":[[[642553.633,4825295.1215],[642553.627,4825295.358],[642553.549,4825298.3625],[642553.548,4825298.4065],[642553.515,4825299.676],[642553.542,4825299.6765],[642554.525,4825299.696],[642554.548,4825298.5505],[642554.575,4825297.226],[642554.582,4825296.865],[642554.645,4825293.506],[642553.7085,4825293.4965],[642553.675,4825293.496],[642553.633,4825295.1215]]]}},{"type":"Feature","properties":{"id":"2755005PJ4225N_part34","floors":3,"height":9.3,"heightSource":"Catastro:numberOfFloorsAboveGround"},"geometry":{"type":"Polygon","coordinates":[[[642554.485,4825292.096],[642554.754,4825291.936],[642554.855,4825291.876],[642555.165,4825291.586],[642555.405,4825291.226],[642555.555,4825290.826],[642555.625,4825290.406],[642555.595,4825289.986],[642555.465,4825289.576],[642555.265,4825289.206],[642555.0425,4825288.9605],[642554.975,4825288.886],[642554.839,4825288.786],[642554.635,4825288.636],[642554.3975,4825288.5645],[642553.8455,4825288.398],[642553.7875,4825288.9265],[642553.78,4825289.341],[642553.743,4825292.21],[642554.485,4825292.096]]]}},{"type":"Feature","properties":{"id":"2755005PJ4225N_part35","floors":1,"height":3.1,"heightSource":"Catastro:numberOfFloorsAboveGround"},"geometry":{"type":"Polygon","coordinates":[[[642553.905,4825286.198],[642554.499,4825286.214],[642554.553,4825284.215],[642554.963,4825284.226],[642555.057,4825280.758],[642555.068,4825280.358],[642555.095,4825279.3585],[642554.2005,4825279.334],[642554.1405,4825280.733],[642554.052,4825280.7305],[642553.905,4825286.198]]]}},{"type":"Feature","properties":{"id":"2755007PJ4225N_part1","floors":3,"height":9.3,"heightSource":"Catastro:numberOfFloorsAboveGround"},"geometry":{"type":"Polygon","coordinates":[[[642586.0685,4825304.596],[642586.241,4825305.5815],[642588.7035,4825305.151],[642588.531,4825304.1655],[642586.0685,4825304.596]]]}},{"type":"Feature","properties":{"id":"2755007PJ4225N_part7","floors":3,"height":9.3,"heightSource":"Catastro:numberOfFloorsAboveGround"},"geometry":{"type":"Polygon","coordinates":[[[642592.7815,4825303.93],[642591.0065,4825304.2405],[642591.093,4825304.7325],[642594.639,4825304.112],[642594.4665,4825303.127],[642592.695,4825303.437],[642592.7815,4825303.93]]]}},{"type":"Feature","properties":{"id":"2755007PJ4225N_part14","floors":3,"height":9.3,"heightSource":"Catastro:numberOfFloorsAboveGround"},"geometry":{"type":"Polygon","coordinates":[[[642595.4895,4825279.7005],[642595.758,4825281.1765],[642595.9365,4825282.16],[642596.4335,4825282.0735],[642597.9065,4825281.8155],[642597.6385,4825280.3395],[642597.599,4825280.114],[642597.5525,4825279.847],[642597.506,4825279.581],[642597.465,4825279.3545],[642596.2835,4825279.561],[642595.4895,4825279.7005]]]}},{"type":"Feature","properties":{"id":"2755007PJ4225N_part29","floors":3,"height":9.3,"heightSource":"Catastro:numberOfFloorsAboveGround"},"geometry":{"type":"Polygon","coordinates":[[[642581.1515,4825280.686],[642582.1855,4825286.596],[642583.1705,4825286.4235],[642583.516,4825288.3935],[642582.53,4825288.565],[642582.7305,4825289.7105],[642582.949,4825290.96],[642582.9785,4825291.1275],[642583.013,4825291.325],[642585.2395,4825290.9345],[642585.5615,4825292.7055],[642582.8305,4825293.184],[642582.8645,4825293.381],[642583.226,4825295.474],[642583.5675,4825297.4205],[642583.7405,4825298.4055],[642584.7255,4825298.233],[642585.071,4825300.203],[642584.086,4825300.3755],[642584.863,4825304.807],[642586.0685,4825304.596],[642588.531,4825304.1655],[642589.7365,4825303.9545],[642590.9205,4825303.7475],[642592.695,4825303.437],[642594.4665,4825303.127],[642595.6505,4825302.92],[642595.8225,4825303.905],[642597.005,4825303.698],[642598.778,4825303.388],[642600.551,4825303.078],[642601.733,4825302.871],[642601.819,4825303.3635],[642601.9055,4825303.856],[642603.0875,4825303.649],[642604.8605,4825303.339],[642606.6335,4825303.029],[642607.8155,4825302.822],[642606.0575,4825292.775],[642604.58,4825293.0335],[642604.359,4825291.771],[642603.98,4825289.604],[642603.8905,4825289.093],[642605.368,4825288.8345],[642603.712,4825279.3685],[642602.45,4825279.552],[642600.5935,4825279.8225],[642599.9135,4825279.9415],[642598.895,4825280.1195],[642597.6385,4825280.3395],[642597.9065,4825281.8155],[642596.4335,4825282.0735],[642595.9365,4825282.16],[642595.758,4825281.1765],[642595.4895,4825279.7005],[642594.905,4825279.8025],[642594.511,4825279.8715],[642592.7375,4825280.182],[642591.556,4825280.3885],[642591.4695,4825279.8955],[642591.337,4825279.1375],[642591.296,4825278.911],[642590.7065,4825279.0145],[642590.1145,4825279.1175],[642588.6935,4825279.3665],[642588.341,4825279.428],[642588.382,4825279.6545],[642588.4285,4825279.9205],[642585.4735,4825280.4375],[642585.387,4825279.945],[642584.5005,4825280.1],[642582.038,4825280.531],[642581.1515,4825280.686]],[[642594.623,4825288.878],[642595.2505,4825292.3305],[642595.3385,4825292.8135],[642593.8625,4825293.0815],[642592.3865,4825293.3495],[642592.0985,4825291.764],[642592.0625,4825291.567],[642591.705,4825289.599],[642591.6715,4825289.414],[642593.1475,4825289.146],[642594.623,4825288.878]]]}},{"type":"Feature","properties":{"id":"2755007PJ4225N_part31","floors":3,"height":9.3,"heightSource":"Catastro:numberOfFloorsAboveGround"},"geometry":{"type":"Polygon","coordinates":[[[642581.866,4825279.546],[642582.038,4825280.531],[642584.5005,4825280.1],[642584.3285,4825279.115],[642581.866,4825279.546]]]}},{"type":"Feature","properties":{"id":"2755007PJ4225N_part32","floors":3,"height":9.3,"heightSource":"Catastro:numberOfFloorsAboveGround"},"geometry":{"type":"Polygon","coordinates":[[[642583.516,4825288.3935],[642583.1705,4825286.4235],[642582.1855,4825286.596],[642582.53,4825288.565],[642583.516,4825288.3935]]]}},{"type":"Feature","properties":{"id":"2755007PJ4225N_part33","floors":3,"height":9.3,"heightSource":"Catastro:numberOfFloorsAboveGround"},"geometry":{"type":"Polygon","coordinates":[[[642582.4565,4825291.0465],[642582.5205,4825291.411],[642582.8305,4825293.184],[642585.5615,4825292.7055],[642585.2395,4825290.9345],[642583.013,4825291.325],[642582.9785,4825291.1275],[642582.949,4825290.96],[642582.4565,4825291.0465]]]}},{"type":"Feature","properties":{"id":"2755007PJ4225N_part34","floors":3,"height":9.3,"heightSource":"Catastro:numberOfFloorsAboveGround"},"geometry":{"type":"Polygon","coordinates":[[[642585.071,4825300.203],[642584.7255,4825298.233],[642583.7405,4825298.4055],[642584.086,4825300.3755],[642585.071,4825300.203]]]}},{"type":"Feature","properties":{"id":"2755008PJ4225N_part1","floors":3,"height":9.3,"heightSource":"Catastro:numberOfFloorsAboveGround"},"geometry":{"type":"Polygon","coordinates":[[[642675.7465,4825269.0175],[642676.1365,4825273.8775],[642686.647,4825273.0275],[642685.547,4825259.4475],[642675.7465,4825260.2375],[642675.0465,4825260.2975],[642675.7465,4825269.0175]]]}},{"type":"Feature","properties":{"id":"2755009PJ4225N_part1","floors":1,"height":3.1,"heightSource":"Catastro:numberOfFloorsAboveGround"},"geometry":{"type":"Polygon","coordinates":[[[642693.489,4825270.5035],[642693.5755,4825271.3995],[642696.761,4825271.092],[642696.857,4825272.0875],[642701.6345,4825271.6265],[642701.452,4825269.7355],[642693.489,4825270.5035]]]}},{"type":"Feature","properties":{"id":"2755009PJ4225N_part2","floors":1,"height":3.1,"heightSource":"Catastro:numberOfFloorsAboveGround"},"geometry":{"type":"Polygon","coordinates":[[[642699.717,4825262.1675],[642699.9165,4825262.1475],[642700.713,4825262.071],[642700.367,4825258.4875],[642693.3995,4825259.16],[642693.745,4825262.743],[642697.5275,4825262.378],[642697.393,4825260.9845],[642699.782,4825260.754],[642699.717,4825262.1675]]]}},{"type":"Feature","properties":{"id":"2755009PJ4225N_part4","floors":2,"height":6.2,"heightSource":"Catastro:numberOfFloorsAboveGround"},"geometry":{"type":"Polygon","coordinates":[[[642695.5025,4825265.3365],[642695.344,4825263.694],[642693.8505,4825263.838],[642694.009,4825265.4805],[642695.5025,4825265.3365]]]}},{"type":"Feature","properties":{"id":"2755009PJ4225N_part5","floors":2,"height":6.2,"heightSource":"Catastro:numberOfFloorsAboveGround"},"geometry":{"type":"Polygon","coordinates":[[[642693.489,4825270.5035],[642701.452,4825269.7355],[642700.713,4825262.071],[642699.9165,4825262.1475],[642699.717,4825262.1675],[642699.782,4825260.754],[642697.393,4825260.9845],[642697.5275,4825262.378],[642693.745,4825262.743],[642693.8505,4825263.838],[642695.344,4825263.694],[642695.5025,4825265.3365],[642693.014,4825265.5765],[642692.902,4825265.5885],[642692.8285,4825265.605],[642692.756,4825265.6265],[642692.6855,4825265.6515],[642692.616,4825265.6815],[642692.549,4825265.716],[642692.484,4825265.7545],[642692.4215,4825265.7965],[642692.362,4825265.843],[642692.3055,4825265.893],[642692.2525,4825265.946],[642692.2025,4825266.0025],[642692.156,4825266.062],[642692.114,4825266.1245],[642692.0755,4825266.1895],[642692.041,4825266.2565],[642692.0115,4825266.326],[642691.986,4825266.3965],[642691.9645,4825266.469],[642691.9485,4825266.5425],[642691.9365,4825266.617],[642691.9295,4825266.692],[642691.927,4825266.7675],[642691.9295,4825266.843],[642691.9365,4825266.918],[642691.9485,4825266.9925],[642691.9645,4825267.066],[642691.986,4825267.1385],[642692.0115,4825267.209],[642692.041,4825267.2785],[642692.0755,4825267.3455],[642692.114,4825267.4105],[642692.156,4825267.473],[642692.2025,4825267.5325],[642692.2525,4825267.589],[642692.3055,4825267.6425],[642692.362,4825267.692],[642692.4215,4825267.7385],[642692.484,4825267.7805],[642692.549,4825267.819],[642692.616,4825267.8535],[642692.6855,4825267.883],[642692.756,4825267.909],[642692.8285,4825267.93],[642692.902,4825267.946],[642692.9765,4825267.958],[642693.0515,4825267.965],[642693.127,4825267.9675],[642693.2025,4825267.965],[642693.244,4825267.9615],[642693.489,4825270.5035]]]}},{"type":"Feature","properties":{"id":"2755009PJ4225N_part6","floors":1,"height":3.1,"heightSource":"Catastro:numberOfFloorsAboveGround"},"geometry":{"type":"Polygon","coordinates":[[[642694.6715,4825284.837],[642694.2175,4825280.209],[642691.052,4825280.5195],[642691.287,4825282.9975],[642691.5005,4825285.148],[642694.6715,4825284.837]]]}},{"type":"Feature","properties":{"id":"2755010PJ4225N_part1","floors":3,"height":9.3,"heightSource":"Catastro:numberOfFloorsAboveGround"},"geometry":{"type":"Polygon","coordinates":[[[642719.217,4825275.268],[642717.9575,4825264.738],[642707.397,4825265.998],[642708.657,4825276.528],[642719.217,4825275.268]]]}},{"type":"Feature","properties":{"id":"2755011PJ4225N_part1","floors":1,"height":3.1,"heightSource":"Catastro:numberOfFloorsAboveGround"},"geometry":{"type":"Polygon","coordinates":[[[642729.1,4825261.31],[642746.1,4825261.44],[642746.14,4825255.74],[642744.34,4825255.73],[642744.37,4825251.43],[642735.07,4825251.36],[642735.08,4825252.36],[642743.37,4825252.42],[642743.33,4825256.72],[642745.13,4825256.73],[642745.11,4825260.43],[642730.11,4825260.32],[642730.16,4825253.81],[642729.16,4825253.81],[642729.1,4825261.31]]]}},{"type":"Feature","properties":{"id":"2755011PJ4225N_part2","floors":1,"height":3.1,"heightSource":"Catastro:numberOfFloorsAboveGround"},"geometry":{"type":"Polygon","coordinates":[[[642729.17,4825251.32],[642729.16,4825253.81],[642730.16,4825253.81],[642730.17,4825252.32],[642735.08,4825252.36],[642735.07,4825251.36],[642729.17,4825251.32]]]}},{"type":"Feature","properties":{"id":"2755011PJ4225N_part3","floors":2,"height":6.2,"heightSource":"Catastro:numberOfFloorsAboveGround"},"geometry":{"type":"Polygon","coordinates":[[[642730.11,4825260.32],[642745.11,4825260.43],[642745.13,4825256.73],[642743.33,4825256.72],[642743.37,4825252.42],[642735.08,4825252.36],[642735.04,4825253.86],[642730.16,4825253.81],[642730.11,4825260.32]]]}},{"type":"Feature","properties":{"id":"2755011PJ4225N_part4","floors":2,"height":6.2,"heightSource":"Catastro:numberOfFloorsAboveGround"},"geometry":{"type":"Polygon","coordinates":[[[642730.17,4825252.32],[642730.16,4825253.81],[642735.04,4825253.86],[642735.08,4825252.36],[642730.17,4825252.32]]]}},{"type":"Feature","properties":{"id":"2755012PJ4225N_part1","floors":2,"height":6.2,"heightSource":"Catastro:numberOfFloorsAboveGround"},"geometry":{"type":"Polygon","coordinates":[[[642777.678,4825276.8985],[642765.208,4825269.6385],[642761.178,4825267.2985],[642756.0075,4825276.1985],[642763.648,4825280.6385],[642767.828,4825283.0685],[642772.508,4825285.7985],[642773.458,4825284.1385],[642777.678,4825276.8985]]]}},{"type":"Feature","properties":{"id":"2755013PJ4225N_part1","floors":2,"height":6.2,"heightSource":"Catastro:numberOfFloorsAboveGround"},"geometry":{"type":"Polygon","coordinates":[[[642455.3135,4825287.375],[642448.8935,4825287.395],[642448.8935,4825288.255],[642448.9035,4825290.045],[642448.9035,4825290.465],[642448.9035,4825290.885],[642448.9035,4825291.305],[642448.9035,4825291.735],[642448.9235,4825295.675],[642447.3635,4825295.675],[642440.153,4825295.675],[642440.173,4825303.245],[642447.4535,4825303.235],[642455.3435,4825303.215],[642455.3335,4825296.055],[642455.3135,4825287.375]]]}},{"type":"Feature","properties":{"id":"2755015PJ4225N_part7","floors":3,"height":9.3,"heightSource":"Catastro:numberOfFloorsAboveGround"},"geometry":{"type":"Polygon","coordinates":[[[642603.628,4825278.8855],[642603.712,4825279.3685],[642605.3665,4825288.825],[642606.842,4825288.557],[642607.5575,4825292.4925],[642606.056,4825292.765],[642607.798,4825302.7235],[642609.0295,4825302.508],[642610.7535,4825302.2065],[642612.477,4825301.905],[642613.7085,4825301.6895],[642613.7945,4825302.182],[642613.881,4825302.6745],[642615.112,4825302.459],[642616.836,4825302.1575],[642618.56,4825301.856],[642619.791,4825301.6405],[642619.877,4825302.133],[642619.9635,4825302.6255],[642621.1945,4825302.41],[642622.9185,4825302.1085],[642624.6425,4825301.807],[642625.8735,4825301.5915],[642625.9595,4825302.084],[642627.5355,4825301.808],[642633.446,4825300.774],[642635.022,4825300.4985],[642634.936,4825300.006],[642636.167,4825299.7905],[642637.891,4825299.489],[642639.615,4825299.1875],[642640.846,4825298.972],[642640.8065,4825298.745],[642640.76,4825298.4795],[642640.674,4825297.987],[642641.905,4825297.7715],[642643.634,4825297.469],[642645.353,4825297.1685],[642646.584,4825296.953],[642646.5445,4825296.726],[642646.498,4825296.4605],[642646.4115,4825295.968],[642647.643,4825295.7525],[642649.367,4825295.451],[642651.0905,4825295.1495],[642652.322,4825294.934],[642650.5795,4825284.9755],[642649.075,4825285.229],[642648.412,4825281.284],[642649.89,4825281.0355],[642648.151,4825271.096],[642646.92,4825271.3115],[642645.876,4825271.494],[642645.191,4825271.614],[642643.472,4825271.9145],[642642.241,4825272.13],[642642.327,4825272.6225],[642642.4135,4825273.115],[642641.182,4825273.3305],[642640.1385,4825273.513],[642639.458,4825273.632],[642637.7345,4825273.9335],[642636.503,4825274.149],[642636.5895,4825274.6415],[642636.6755,4825275.134],[642635.444,4825275.3495],[642634.4005,4825275.532],[642633.72,4825275.651],[642631.9965,4825275.9525],[642630.765,4825276.168],[642630.8505,4825276.6575],[642629.2745,4825276.9335],[642626.3355,4825277.448],[642623.3645,4825277.968],[642621.788,4825278.2435],[642621.7025,4825277.754],[642620.4715,4825277.9695],[642618.7475,4825278.271],[642618.0675,4825278.39],[642617.0235,4825278.5725],[642615.7925,4825278.788],[642615.753,4825278.5625],[642615.7065,4825278.2955],[642615.66,4825278.03],[642615.6205,4825277.8025],[642614.389,4825278.018],[642612.665,4825278.3195],[642611.985,4825278.4385],[642610.9415,4825278.6215],[642609.71,4825278.837],[642609.6705,4825278.6115],[642609.624,4825278.344],[642609.5775,4825278.079],[642609.538,4825277.8515],[642608.307,4825278.067],[642606.583,4825278.3685],[642605.903,4825278.4875],[642604.859,4825278.67],[642603.628,4825278.8855]],[[642616.528,4825291.847],[642615.8645,4825287.902],[642618.819,4825287.3855],[642619.5345,4825291.321],[642616.528,4825291.847]],[[642629.623,4825287.5355],[642626.6675,4825288.0525],[642626.1505,4825285.097],[642629.106,4825284.58],[642629.623,4825287.5355]],[[642630.617,4825293.216],[642627.662,4825293.7335],[642627.1445,4825290.778],[642630.1,4825290.261],[642630.617,4825293.216]],[[642637.411,4825288.193],[642636.748,4825284.248],[642639.702,4825283.7315],[642640.4175,4825287.667],[642637.411,4825288.193]]]}},{"type":"Feature","properties":{"id":"2755015PJ4225N_part27","floors":2,"height":6.2,"heightSource":"Catastro:numberOfFloorsAboveGround"},"geometry":{"type":"Polygon","coordinates":[[[642620.385,4825277.477],[642620.4715,4825277.9695],[642621.7025,4825277.754],[642621.788,4825278.2435],[642623.3645,4825277.968],[642623.1925,4825276.9855],[642621.0255,4825277.365],[642620.385,4825277.477]]]}},{"type":"Feature","properties":{"id":"2755015PJ4225N_part30","floors":3,"height":9.3,"heightSource":"Catastro:numberOfFloorsAboveGround"},"geometry":{"type":"Polygon","coordinates":[[[642623.145,4825276.7155],[642623.1925,4825276.9855],[642623.5865,4825276.9165],[642629.1025,4825275.9515],[642629.052,4825275.6605],[642628.674,4825275.516],[642623.4795,4825276.425],[642623.145,4825276.7155]]]}},{"type":"Feature","properties":{"id":"2755015PJ4225N_part31","floors":3,"height":9.3,"heightSource":"Catastro:numberOfFloorsAboveGround"},"geometry":{"type":"Polygon","coordinates":[[[642623.1925,4825276.9855],[642623.3645,4825277.968],[642626.3355,4825277.448],[642629.2745,4825276.9335],[642629.1025,4825275.9515],[642623.5865,4825276.9165],[642623.1925,4825276.9855]]]}},{"type":"Feature","properties":{"id":"2755015PJ4225N_part32","floors":2,"height":6.2,"heightSource":"Catastro:numberOfFloorsAboveGround"},"geometry":{"type":"Polygon","coordinates":[[[642628.674,4825275.516],[642628.2845,4825275.3665],[642627.3155,4825275.1935],[642626.3315,4825275.218],[642625.582,4825275.3495],[642624.648,4825275.6605],[642623.795,4825276.152],[642623.4795,4825276.425],[642628.674,4825275.516]]]}},{"type":"Feature","properties":{"id":"2755015PJ4225N_part35","floors":3,"height":9.3,"heightSource":"Catastro:numberOfFloorsAboveGround"},"geometry":{"type":"Polygon","coordinates":[[[642627.5355,4825301.808],[642627.708,4825302.7935],[642628.102,4825302.7245],[642633.618,4825301.7595],[642633.446,4825300.774],[642627.5355,4825301.808]]]}},{"type":"Feature","properties":{"id":"2755015PJ4225N_part36","floors":3,"height":9.3,"heightSource":"Catastro:numberOfFloorsAboveGround"},"geometry":{"type":"Polygon","coordinates":[[[642627.708,4825302.7935],[642627.7555,4825303.0635],[642628.163,4825303.2215],[642633.3675,4825302.311],[642633.669,4825302.05],[642633.618,4825301.7595],[642628.102,4825302.7245],[642627.708,4825302.7935]]]}},{"type":"Feature","properties":{"id":"2755015PJ4225N_part37","floors":2,"height":6.2,"heightSource":"Catastro:numberOfFloorsAboveGround"},"geometry":{"type":"Polygon","coordinates":[[[642628.163,4825303.2215],[642628.558,4825303.3725],[642629.527,4825303.5455],[642630.511,4825303.521],[642631.2605,4825303.39],[642632.1945,4825303.079],[642633.047,4825302.587],[642633.3675,4825302.311],[642628.163,4825303.2215]]]}},{"type":"Feature","properties":{"id":"2755015PJ4225N_part38","floors":2,"height":6.2,"heightSource":"Catastro:numberOfFloorsAboveGround"},"geometry":{"type":"Polygon","coordinates":[[[642629.1025,4825275.9515],[642629.2745,4825276.9335],[642630.8505,4825276.6575],[642630.765,4825276.168],[642631.9965,4825275.9525],[642631.9105,4825275.46],[642631.27,4825275.572],[642629.1025,4825275.9515]]]}},{"type":"Feature","properties":{"id":"2755016PJ4225N_part6","floors":3,"height":9.3,"heightSource":"Catastro:numberOfFloorsAboveGround"},"geometry":{"type":"Polygon","coordinates":[[[642670.559,4825289.7155],[642670.7165,4825290.6165],[642673.179,4825290.1855],[642673.0215,4825289.2845],[642670.559,4825289.7155]]]}},{"type":"Feature","properties":{"id":"2755016PJ4225N_part11","floors":3,"height":9.3,"heightSource":"Catastro:numberOfFloorsAboveGround"},"geometry":{"type":"Polygon","coordinates":[[[642648.1685,4825271.1945],[642649.8885,4825281.026],[642651.366,4825280.7675],[642652.0815,4825284.703],[642650.578,4825284.966],[642652.322,4825294.934],[642653.504,4825294.7275],[642655.277,4825294.417],[642657.0505,4825294.1075],[642658.2325,4825293.901],[642658.1925,4825293.674],[642658.146,4825293.4085],[642658.06,4825292.916],[642659.242,4825292.7095],[642661.015,4825292.399],[642662.7885,4825292.0895],[642663.9705,4825291.883],[642663.956,4825291.799],[642663.798,4825290.898],[642664.98,4825290.691],[642666.7535,4825290.381],[642668.526,4825290.071],[642670.559,4825289.7155],[642673.0215,4825289.2845],[642673.872,4825289.136],[642673.6165,4825286.6275],[642673.2765,4825283.3175],[642673.2065,4825282.6075],[642672.6545,4825277.1655],[642669.1325,4825277.782],[642668.596,4825274.832],[642672.343,4825274.1245],[642672.2465,4825273.1875],[642671.4215,4825265.1],[642670.8525,4825265.1995],[642667.525,4825265.78],[642667.306,4825265.819],[642665.555,4825266.1245],[642664.373,4825266.331],[642663.28,4825266.5225],[642662.6,4825266.6415],[642660.8265,4825266.951],[642659.6445,4825267.1575],[642659.731,4825267.65],[642659.817,4825268.1425],[642658.635,4825268.349],[642657.5425,4825268.5405],[642656.862,4825268.6595],[642656.369,4825268.7455],[642655.8765,4825268.832],[642656.0835,4825270.013],[642654.1135,4825270.3575],[642654.079,4825270.1605],[642652.897,4825270.3675],[642651.804,4825270.5585],[642651.1235,4825270.6775],[642649.351,4825270.9875],[642648.1685,4825271.1945]],[[642660.502,4825280.9165],[642659.839,4825276.9715],[642662.793,4825276.455],[642663.5085,4825280.3905],[642660.502,4825280.9165]]]}},{"type":"Feature","properties":{"id":"2755016PJ4225N_part18","floors":2,"height":6.2,"heightSource":"Catastro:numberOfFloorsAboveGround"},"geometry":{"type":"Polygon","coordinates":[[[642653.9065,4825269.1755],[642653.946,4825269.4025],[642653.9925,4825269.668],[642654.04,4825269.935],[642654.079,4825270.1605],[642654.1135,4825270.3575],[642656.0835,4825270.013],[642655.8765,4825268.832],[642655.0885,4825268.969],[642653.9065,4825269.1755]]]}},{"type":"Feature","properties":{"id":"2755016PJ4225N_part36","floors":3,"height":9.3,"heightSource":"Catastro:numberOfFloorsAboveGround"},"geometry":{"type":"Polygon","coordinates":[[[642664.98,4825290.691],[642665.138,4825291.592],[642668.684,4825290.972],[642668.6125,4825290.5635],[642666.8395,4825290.8735],[642666.8,4825290.647],[642666.7535,4825290.381],[642664.98,4825290.691]]]}},{"type":"Feature","properties":{"id":"2755016PJ4225N_part40","floors":3,"height":9.3,"heightSource":"Catastro:numberOfFloorsAboveGround"},"geometry":{"type":"Polygon","coordinates":[[[642667.1,4825264.6365],[642667.134,4825264.833],[642667.22,4825265.326],[642667.439,4825265.2875],[642670.766,4825264.705],[642670.646,4825264.0175],[642668.6975,4825264.3565],[642667.1,4825264.6365]]]}},{"type":"Feature","properties":{"id":"2953501PJ4225S_part1","floors":1,"height":3.1,"heightSource":"Catastro:numberOfFloorsAboveGround"},"geometry":{"type":"Polygon","coordinates":[[[642642.8565,4825198.767],[642643.5265,4825201.637],[642648.0065,4825200.597],[642647.3365,4825197.727],[642643.8265,4825198.537],[642642.8565,4825198.767]]]}},{"type":"Feature","properties":{"id":"2953501PJ4225S_part2","floors":1,"height":3.1,"heightSource":"Catastro:numberOfFloorsAboveGround"},"geometry":{"type":"Polygon","coordinates":[[[642643.6865,4825226.107],[642645.9665,4825235.947],[642650.2565,4825234.957],[642649.2065,4825230.427],[642648.8165,4825228.747],[642645.0065,4825229.627],[642644.1665,4825225.997],[642644.0465,4825226.027],[642643.6865,4825226.107]]]}},{"type":"Feature","properties":{"id":"2953501PJ4225S_part3","floors":2,"height":6.2,"heightSource":"Catastro:numberOfFloorsAboveGround"},"geometry":{"type":"Polygon","coordinates":[[[642645.4465,4825224.107],[642643.6965,4825224.517],[642644.0465,4825226.027],[642644.1665,4825225.997],[642645.0065,4825229.627],[642648.8165,4825228.747],[642649.2065,4825230.427],[642654.6265,4825229.167],[642652.5165,4825220.057],[642644.9165,4825221.817],[642645.4465,4825224.107]]]}},{"type":"Feature","properties":{"id":"2953501PJ4225S_part4","floors":1,"height":3.1,"heightSource":"Catastro:numberOfFloorsAboveGround"},"geometry":{"type":"Polygon","coordinates":[[[642644.4365,4825219.747],[642644.4665,4825219.877],[642644.9165,4825221.817],[642652.5165,4825220.057],[642652.0365,4825217.987],[642644.4365,4825219.747]]]}},{"type":"Feature","properties":{"id":"2953501PJ4225S_part5","floors":1,"height":3.1,"heightSource":"Catastro:numberOfFloorsAboveGround"},"geometry":{"type":"Polygon","coordinates":[[[642585.0055,4825243.8765],[642585.3755,4825250.4765],[642587.0955,4825255.4965],[642588.7955,4825254.9165],[642588.2355,4825253.2565],[642587.4255,4825253.5365],[642586.2955,4825250.2265],[642587.0955,4825249.9465],[642586.5255,4825248.2865],[642589.0855,4825247.4065],[642588.8855,4825243.6665],[642585.0055,4825243.8765]]]}},{"type":"Feature","properties":{"id":"2953501PJ4225S_part6","floors":2,"height":6.2,"heightSource":"Catastro:numberOfFloorsAboveGround"},"geometry":{"type":"Polygon","coordinates":[[[642586.5255,4825248.2865],[642587.0955,4825249.9465],[642586.2955,4825250.2265],[642587.4255,4825253.5365],[642588.2355,4825253.2565],[642588.7955,4825254.9165],[642599.2055,4825251.3465],[642596.9355,4825244.7265],[642593.2955,4825245.9665],[642592.9155,4825246.0965],[642589.0855,4825247.4065],[642586.5255,4825248.2865]]]}},{"type":"Feature","properties":{"id":"2953501PJ4225S_part7","floors":2,"height":6.2,"heightSource":"Catastro:numberOfFloorsAboveGround"},"geometry":{"type":"Polygon","coordinates":[[[642591.746,4825215.3765],[642588.4055,4825216.5565],[642588.5955,4825220.0965],[642593.086,4825219.8565],[642593.076,4825219.7065],[642594.176,4825219.6465],[642594.066,4825217.7165],[642594.546,4825216.6765],[642593.776,4825216.3165],[642593.626,4825216.6565],[642592.626,4825216.7065],[642592.456,4825215.7065],[642591.746,4825215.3765]]]}},{"type":"Feature","properties":{"id":"2953501PJ4225S_part8","floors":2,"height":6.2,"heightSource":"Catastro:numberOfFloorsAboveGround"},"geometry":{"type":"Polygon","coordinates":[[[642588.8855,4825243.6665],[642589.0855,4825247.4065],[642592.9155,4825246.0965],[642591.7455,4825246.1765],[642591.5955,4825243.5265],[642588.8855,4825243.6665]]]}},{"type":"Feature","properties":{"id":"2953501PJ4225S_part9","floors":2,"height":6.2,"heightSource":"Catastro:numberOfFloorsAboveGround"},"geometry":{"type":"Polygon","coordinates":[[[642588.9055,4825227.4765],[642589.0655,4825230.3965],[642593.6555,4825230.1365],[642595.106,4825230.0565],[642594.946,4825227.1465],[642588.9055,4825227.4765]]]}},{"type":"Feature","properties":{"id":"2953501PJ4225S_part10","floors":2,"height":6.2,"heightSource":"Catastro:numberOfFloorsAboveGround"},"geometry":{"type":"Polygon","coordinates":[[[642591.1155,4825234.8765],[642591.4155,4825240.2265],[642594.2055,4825240.0765],[642593.9055,4825234.7265],[642591.1155,4825234.8765]]]}},{"type":"Feature","properties":{"id":"2953501PJ4225S_part11","floors":1,"height":3.1,"heightSource":"Catastro:numberOfFloorsAboveGround"},"geometry":{"type":"Polygon","coordinates":[[[642591.266,4825206.5365],[642592.596,4825210.3065],[642596.816,4825208.8165],[642595.496,4825205.0465],[642591.266,4825206.5365]]]}},{"type":"Feature","properties":{"id":"2953501PJ4225S_part12","floors":2,"height":6.2,"heightSource":"Catastro:numberOfFloorsAboveGround"},"geometry":{"type":"Polygon","coordinates":[[[642592.5655,4825243.8265],[642592.4355,4825243.7065],[642592.1155,4825243.5465],[642591.9455,4825243.5065],[642591.5955,4825243.5265],[642591.7455,4825246.1765],[642592.9155,4825246.0965],[642593.2955,4825245.9665],[642592.5655,4825243.8265]]]}},{"type":"Feature","properties":{"id":"2953501PJ4225S_part13","floors":2,"height":6.2,"heightSource":"Catastro:numberOfFloorsAboveGround"},"geometry":{"type":"Polygon","coordinates":[[[642592.566,4825214.7965],[642592.646,4825215.0365],[642592.366,4825215.1365],[642592.456,4825215.7065],[642593.776,4825216.3165],[642593.876,4825216.1065],[642594.646,4825216.4665],[642596.006,4825213.5365],[642592.566,4825214.7965]]]}},{"type":"Feature","properties":{"id":"2953501PJ4225S_part15","floors":2,"height":6.2,"heightSource":"Catastro:numberOfFloorsAboveGround"},"geometry":{"type":"Polygon","coordinates":[[[642592.596,4825210.3065],[642593.266,4825212.2165],[642596.006,4825213.5365],[642596.556,4825212.3565],[642597.896,4825211.8865],[642596.816,4825208.8165],[642592.596,4825210.3065]]]}},{"type":"Feature","properties":{"id":"2953501PJ4225S_part16","floors":2,"height":6.2,"heightSource":"Catastro:numberOfFloorsAboveGround"},"geometry":{"type":"Polygon","coordinates":[[[642593.076,4825219.7065],[642593.086,4825219.8565],[642593.206,4825222.1065],[642594.506,4825222.0265],[642594.546,4825222.6565],[642594.696,4825222.6465],[642594.536,4825219.7465],[642594.526,4825219.6265],[642594.176,4825219.6465],[642593.076,4825219.7065]]]}},{"type":"Feature","properties":{"id":"2953501PJ4225S_part17","floors":1,"height":3.1,"heightSource":"Catastro:numberOfFloorsAboveGround"},"geometry":{"type":"Polygon","coordinates":[[[642593.8555,4825233.8265],[642594.9455,4825233.2565],[642594.8455,4825231.4765],[642593.7055,4825231.0365],[642593.8555,4825233.8265]]]}},{"type":"Feature","properties":{"id":"2953501PJ4225S_part19","floors":2,"height":6.2,"heightSource":"Catastro:numberOfFloorsAboveGround"},"geometry":{"type":"Polygon","coordinates":[[[642583.0955,4825209.4065],[642585.9155,4825217.4265],[642588.4055,4825216.5565],[642591.746,4825215.3765],[642592.456,4825215.7065],[642592.366,4825215.1365],[642592.646,4825215.0365],[642592.566,4825214.7965],[642596.006,4825213.5365],[642593.266,4825212.2165],[642592.596,4825210.3065],[642591.266,4825206.5365],[642583.0955,4825209.4065]]]}},{"type":"Feature","properties":{"id":"2953501PJ4225S_part20","floors":1,"height":3.1,"heightSource":"Catastro:numberOfFloorsAboveGround"},"geometry":{"type":"Polygon","coordinates":[[[642583.7055,4825220.3565],[642588.5955,4825220.0965],[642588.4055,4825216.5565],[642585.9155,4825217.4265],[642583.0955,4825209.4065],[642583.7055,4825220.3565]]]}},{"type":"Feature","properties":{"id":"2953501PJ4225S_part21","floors":2,"height":6.2,"heightSource":"Catastro:numberOfFloorsAboveGround"},"geometry":{"type":"Polygon","coordinates":[[[642583.7055,4825220.3565],[642584.1155,4825227.7465],[642588.9055,4825227.4765],[642594.946,4825227.1465],[642594.696,4825222.6465],[642594.546,4825222.6565],[642594.506,4825222.0265],[642593.206,4825222.1065],[642593.086,4825219.8565],[642588.5955,4825220.0965],[642583.7055,4825220.3565]]]}},{"type":"Feature","properties":{"id":"2953501PJ4225S_part22","floors":1,"height":3.1,"heightSource":"Catastro:numberOfFloorsAboveGround"},"geometry":{"type":"Polygon","coordinates":[[[642584.1155,4825227.7465],[642584.2755,4825230.6665],[642589.0655,4825230.3965],[642588.9055,4825227.4765],[642584.1155,4825227.7465]]]}},{"type":"Feature","properties":{"id":"2953501PJ4225S_part23","floors":2,"height":6.2,"heightSource":"Catastro:numberOfFloorsAboveGround"},"geometry":{"type":"Polygon","coordinates":[[[642584.2755,4825230.6665],[642584.8255,4825240.5965],[642591.4155,4825240.2265],[642591.1155,4825234.8765],[642593.9055,4825234.7265],[642593.8555,4825233.8265],[642593.7055,4825231.0365],[642593.6555,4825230.1365],[642589.0655,4825230.3965],[642584.2755,4825230.6665]]]}},{"type":"Feature","properties":{"id":"2953501PJ4225S_part24","floors":1,"height":3.1,"heightSource":"Catastro:numberOfFloorsAboveGround"},"geometry":{"type":"Polygon","coordinates":[[[642584.8255,4825240.5965],[642585.0055,4825243.8765],[642588.8855,4825243.6665],[642591.5955,4825243.5265],[642591.4155,4825240.2265],[642584.8255,4825240.5965]]]}},{"type":"Feature","properties":{"id":"2953501PJ4225S_part25","floors":2,"height":6.2,"heightSource":"Catastro:numberOfFloorsAboveGround"},"geometry":{"type":"Polygon","coordinates":[[[642595.496,4825205.0465],[642596.816,4825208.8165],[642597.896,4825211.8865],[642598.246,4825212.8265],[642602.066,4825211.4765],[642601.736,4825210.5365],[642604.286,4825209.6365],[642607.656,4825208.4565],[642606.416,4825204.9265],[642605.256,4825201.6165],[642595.496,4825205.0465]]]}},{"type":"Feature","properties":{"id":"2953501PJ4225S_part26","floors":2,"height":6.2,"heightSource":"Catastro:numberOfFloorsAboveGround"},"geometry":{"type":"Polygon","coordinates":[[[642601.736,4825210.5365],[642602.066,4825211.4765],[642602.236,4825211.9565],[642604.776,4825211.0565],[642604.286,4825209.6365],[642601.736,4825210.5365]]]}},{"type":"Feature","properties":{"id":"2953501PJ4225S_part27","floors":1,"height":3.1,"heightSource":"Catastro:numberOfFloorsAboveGround"},"geometry":{"type":"Polygon","coordinates":[[[642602.036,4825241.4565],[642602.516,4825242.7765],[642605.906,4825241.5365],[642605.736,4825241.0765],[642605.426,4825240.2265],[642602.036,4825241.4565]]]}},{"type":"Feature","properties":{"id":"2953501PJ4225S_part28","floors":2,"height":6.2,"heightSource":"Catastro:numberOfFloorsAboveGround"},"geometry":{"type":"Polygon","coordinates":[[[642605.906,4825241.5365],[642602.516,4825242.7765],[642604.916,4825249.3565],[642614.876,4825245.717],[642613.766,4825242.667],[642612.476,4825239.147],[642611.166,4825239.627],[642608.866,4825240.4565],[642608.696,4825239.9865],[642605.736,4825241.0765],[642605.906,4825241.5365]]]}},{"type":"Feature","properties":{"id":"2953501PJ4225S_part29","floors":2,"height":6.2,"heightSource":"Catastro:numberOfFloorsAboveGround"},"geometry":{"type":"Polygon","coordinates":[[[642604.286,4825209.6365],[642604.776,4825211.0565],[642608.146,4825209.8665],[642607.656,4825208.4565],[642604.286,4825209.6365]]]}},{"type":"Feature","properties":{"id":"2953501PJ4225S_part30","floors":1,"height":3.1,"heightSource":"Catastro:numberOfFloorsAboveGround"},"geometry":{"type":"Polygon","coordinates":[[[642605.256,4825201.6165],[642606.416,4825204.9265],[642610.256,4825203.5665],[642609.096,4825200.2665],[642605.256,4825201.6165]]]}},{"type":"Feature","properties":{"id":"2953501PJ4225S_part31","floors":1,"height":3.1,"heightSource":"Catastro:numberOfFloorsAboveGround"},"geometry":{"type":"Polygon","coordinates":[[[642605.426,4825240.2265],[642605.736,4825241.0765],[642608.696,4825239.9865],[642608.866,4825240.4565],[642611.166,4825239.627],[642610.686,4825238.307],[642605.426,4825240.2265]]]}},{"type":"Feature","properties":{"id":"2953501PJ4225S_part32","floors":2,"height":6.2,"heightSource":"Catastro:numberOfFloorsAboveGround"},"geometry":{"type":"Polygon","coordinates":[[[642606.416,4825204.9265],[642607.656,4825208.4565],[642611.506,4825207.107],[642610.256,4825203.5665],[642606.416,4825204.9265]]]}},{"type":"Feature","properties":{"id":"2953501PJ4225S_part33","floors":2,"height":6.2,"heightSource":"Catastro:numberOfFloorsAboveGround"},"geometry":{"type":"Polygon","coordinates":[[[642621.1465,4825201.987],[642621.0565,4825202.017],[642619.1865,4825196.717],[642609.096,4825200.2665],[642610.256,4825203.5665],[642611.506,4825207.107],[642612.486,4825206.757],[642615.186,4825205.807],[642615.346,4825206.257],[642616.406,4825206.147],[642617.166,4825205.887],[642618.066,4825205.307],[642617.906,4825204.847],[642618.436,4825204.667],[642620.9765,4825203.767],[642621.0165,4825203.867],[642621.7165,4825203.617],[642621.1465,4825201.987]]]}},{"type":"Feature","properties":{"id":"2953501PJ4225S_part34","floors":2,"height":6.2,"heightSource":"Catastro:numberOfFloorsAboveGround"},"geometry":{"type":"Polygon","coordinates":[[[642609.966,4825236.337],[642610.686,4825238.307],[642611.166,4825239.627],[642612.476,4825239.147],[642613.766,4825242.667],[642615.906,4825241.887],[642613.406,4825235.067],[642609.966,4825236.337]]]}},{"type":"Feature","properties":{"id":"2953501PJ4225S_part35","floors":1,"height":3.1,"heightSource":"Catastro:numberOfFloorsAboveGround"},"geometry":{"type":"Polygon","coordinates":[[[642617.906,4825204.847],[642618.066,4825205.307],[642617.166,4825205.887],[642616.406,4825206.147],[642615.346,4825206.257],[642615.186,4825205.807],[642612.486,4825206.757],[642612.986,4825208.167],[642618.926,4825206.077],[642618.436,4825204.667],[642617.906,4825204.847]]]}},{"type":"Feature","properties":{"id":"2953501PJ4225S_part36","floors":2,"height":6.2,"heightSource":"Catastro:numberOfFloorsAboveGround"},"geometry":{"type":"Polygon","coordinates":[[[642616.856,4825233.807],[642613.406,4825235.067],[642615.906,4825241.887],[642618.036,4825241.107],[642616.746,4825237.587],[642618.066,4825237.107],[642617.576,4825235.777],[642616.856,4825233.807]]]}},{"type":"Feature","properties":{"id":"2953501PJ4225S_part37","floors":1,"height":3.1,"heightSource":"Catastro:numberOfFloorsAboveGround"},"geometry":{"type":"Polygon","coordinates":[[[642613.766,4825242.667],[642614.876,4825245.717],[642617.016,4825244.937],[642615.906,4825241.887],[642613.766,4825242.667]]]}},{"type":"Feature","properties":{"id":"2953501PJ4225S_part38","floors":1,"height":3.1,"heightSource":"Catastro:numberOfFloorsAboveGround"},"geometry":{"type":"Polygon","coordinates":[[[642615.906,4825241.887],[642617.016,4825244.937],[642619.146,4825244.157],[642618.036,4825241.107],[642615.906,4825241.887]]]}},{"type":"Feature","properties":{"id":"2953501PJ4225S_part39","floors":2,"height":6.2,"heightSource":"Catastro:numberOfFloorsAboveGround"},"geometry":{"type":"Polygon","coordinates":[[[642616.746,4825237.587],[642618.036,4825241.107],[642619.146,4825244.157],[642629.106,4825240.527],[642626.706,4825233.937],[642623.316,4825235.177],[642623.146,4825234.707],[642620.186,4825235.787],[642620.356,4825236.257],[642618.066,4825237.107],[642616.746,4825237.587]]]}},{"type":"Feature","properties":{"id":"2953501PJ4225S_part40","floors":1,"height":3.1,"heightSource":"Catastro:numberOfFloorsAboveGround"},"geometry":{"type":"Polygon","coordinates":[[[642617.576,4825235.777],[642618.066,4825237.107],[642620.356,4825236.257],[642620.186,4825235.787],[642623.146,4825234.707],[642622.836,4825233.857],[642617.576,4825235.777]]]}},{"type":"Feature","properties":{"id":"2953501PJ4225S_part41","floors":1,"height":3.1,"heightSource":"Catastro:numberOfFloorsAboveGround"},"geometry":{"type":"Polygon","coordinates":[[[642626.226,4825232.627],[642622.836,4825233.857],[642623.146,4825234.707],[642623.316,4825235.177],[642626.706,4825233.937],[642626.226,4825232.627]]]}},{"type":"Feature","properties":{"id":"2953501PJ4225S_part42","floors":2,"height":6.2,"heightSource":"Catastro:numberOfFloorsAboveGround"},"geometry":{"type":"Polygon","coordinates":[[[642631.6465,4825201.547],[642634.2265,4825200.947],[642632.4865,4825193.037],[642630.4465,4825193.507],[642631.0765,4825196.237],[642630.4465,4825196.387],[642631.6465,4825201.547]]]}},{"type":"Feature","properties":{"id":"2953501PJ4225S_part43","floors":2,"height":6.2,"heightSource":"Catastro:numberOfFloorsAboveGround"},"geometry":{"type":"Polygon","coordinates":[[[642642.0365,4825190.817],[642632.4865,4825193.037],[642634.2265,4825200.947],[642636.8065,4825200.347],[642636.7665,4825200.177],[642642.8565,4825198.767],[642643.8265,4825198.537],[642642.3065,4825191.987],[642642.0365,4825190.817]]]}},{"type":"Feature","properties":{"id":"2953501PJ4225S_part44","floors":2,"height":6.2,"heightSource":"Catastro:numberOfFloorsAboveGround"},"geometry":{"type":"Polygon","coordinates":[[[642634.4665,4825230.307],[642634.8265,4825231.857],[642637.6965,4825231.197],[642637.3365,4825229.637],[642634.4665,4825230.307]]]}},{"type":"Feature","properties":{"id":"2953501PJ4225S_part45","floors":2,"height":6.2,"heightSource":"Catastro:numberOfFloorsAboveGround"},"geometry":{"type":"Polygon","coordinates":[[[642634.8265,4825231.857],[642636.2765,4825238.197],[642645.9665,4825235.947],[642643.6865,4825226.107],[642643.2165,4825226.217],[642643.3165,4825226.657],[642641.0265,4825227.187],[642639.5165,4825227.537],[642639.8765,4825229.047],[642640.2365,4825230.607],[642637.6965,4825231.197],[642634.8265,4825231.857]]]}},{"type":"Feature","properties":{"id":"2953501PJ4225S_part46","floors":2,"height":6.2,"heightSource":"Catastro:numberOfFloorsAboveGround"},"geometry":{"type":"Polygon","coordinates":[[[642636.7665,4825200.177],[642636.8065,4825200.347],[642637.4365,4825203.047],[642643.5265,4825201.637],[642642.8565,4825198.767],[642636.7665,4825200.177]]]}},{"type":"Feature","properties":{"id":"2953501PJ4225S_part47","floors":2,"height":6.2,"heightSource":"Catastro:numberOfFloorsAboveGround"},"geometry":{"type":"Polygon","coordinates":[[[642637.4765,4825203.227],[642637.1865,4825203.287],[642638.2665,4825207.967],[642638.9965,4825207.797],[642639.5265,4825210.087],[642639.5465,4825210.157],[642645.1965,4825208.847],[642649.6765,4825207.807],[642648.0065,4825200.597],[642643.5265,4825201.637],[642637.4365,4825203.047],[642637.4765,4825203.227]]]}},{"type":"Feature","properties":{"id":"2953501PJ4225S_part48","floors":2,"height":6.2,"heightSource":"Catastro:numberOfFloorsAboveGround"},"geometry":{"type":"Polygon","coordinates":[[[642637.3365,4825229.637],[642637.6965,4825231.197],[642640.2365,4825230.607],[642639.8765,4825229.047],[642637.3365,4825229.637]]]}},{"type":"Feature","properties":{"id":"2953501PJ4225S_part49","floors":2,"height":6.2,"heightSource":"Catastro:numberOfFloorsAboveGround"},"geometry":{"type":"Polygon","coordinates":[[[642639.2865,4825210.147],[642639.3065,4825210.217],[642639.9865,4825213.167],[642645.8865,4825211.807],[642645.1965,4825208.847],[642639.5465,4825210.157],[642639.5265,4825210.087],[642639.2865,4825210.147]]]}},{"type":"Feature","properties":{"id":"2953501PJ4225S_part50","floors":2,"height":6.2,"heightSource":"Catastro:numberOfFloorsAboveGround"},"geometry":{"type":"Polygon","coordinates":[[[642639.9865,4825213.167],[642640.6865,4825216.187],[642640.0565,4825216.327],[642640.5365,4825218.427],[642641.1665,4825218.277],[642642.5765,4825217.947],[642643.0965,4825220.197],[642644.4665,4825219.877],[642644.4365,4825219.747],[642652.0365,4825217.987],[642650.3665,4825210.777],[642645.8865,4825211.807],[642639.9865,4825213.167]]]}},{"type":"Feature","properties":{"id":"2953501PJ4225S_part51","floors":2,"height":6.2,"heightSource":"Catastro:numberOfFloorsAboveGround"},"geometry":{"type":"Polygon","coordinates":[[[642642.5765,4825217.947],[642641.1665,4825218.277],[642641.6565,4825220.407],[642641.6865,4825220.517],[642643.0965,4825220.197],[642642.5765,4825217.947]]]}},{"type":"Feature","properties":{"id":"2953501PJ4225S_part52","floors":1,"height":3.1,"heightSource":"Catastro:numberOfFloorsAboveGround"},"geometry":{"type":"Polygon","coordinates":[[[642642.3065,4825191.987],[642643.8265,4825198.537],[642647.3365,4825197.727],[642645.8165,4825191.177],[642642.3065,4825191.987]]]}},{"type":"Feature","properties":{"id":"2953501PJ4225S_part53","floors":2,"height":6.2,"heightSource":"Catastro:numberOfFloorsAboveGround"},"geometry":{"type":"Polygon","coordinates":[[[642642.3365,4825222.417],[642643.2165,4825226.217],[642643.6865,4825226.107],[642644.0465,4825226.027],[642643.6965,4825224.517],[642645.4465,4825224.107],[642644.9165,4825221.817],[642642.3365,4825222.417]]]}},{"type":"Feature","properties":{"id":"2953501PJ4225S_part54","floors":1,"height":3.1,"heightSource":"Catastro:numberOfFloorsAboveGround"},"geometry":{"type":"Polygon","coordinates":[[[642649.2065,4825230.427],[642650.2565,4825234.957],[642655.6765,4825233.697],[642654.6265,4825229.167],[642649.2065,4825230.427]]]}},{"type":"Feature","properties":{"id":"2953501PJ4225S_part55","floors":1,"height":3.1,"heightSource":"Catastro:numberOfFloorsAboveGround"},"geometry":{"type":"Polygon","coordinates":[[[642621.0165,4825203.867],[642620.9765,4825203.767],[642618.436,4825204.667],[642618.926,4825206.077],[642622.1765,4825204.927],[642621.7165,4825203.617],[642621.0165,4825203.867]]]}},{"type":"Feature","properties":{"id":"2953501PJ4225S_part56","floors":1,"height":3.1,"heightSource":"Catastro:numberOfFloorsAboveGround"},"geometry":{"type":"Polygon","coordinates":[[[642645.1965,4825208.847],[642645.8865,4825211.807],[642650.3665,4825210.777],[642649.6765,4825207.807],[642645.1965,4825208.847]]]}},{"type":"Feature","properties":{"id":"2953504PJ4225S_part1","floors":1,"height":3.1,"heightSource":"Catastro:numberOfFloorsAboveGround"},"geometry":{"type":"Polygon","coordinates":[[[642652.935,4825181.7615],[642648.585,4825179.309],[642650.422,4825187.227],[642650.4945,4825187.539],[642659.8985,4825185.693],[642652.935,4825181.7615]]]}},{"type":"Feature","properties":{"id":"2953504PJ4225S_part2","floors":1,"height":3.1,"heightSource":"Catastro:numberOfFloorsAboveGround"},"geometry":{"type":"Polygon","coordinates":[[[642662.93,4825199.42],[642661.49,4825192.07],[642653.39,4825193.66],[642654.84,4825201.02],[642662.93,4825199.42]]]}},{"type":"Feature","properties":{"id":"2953504PJ4225S_part3","floors":1,"height":3.1,"heightSource":"Catastro:numberOfFloorsAboveGround"},"geometry":{"type":"Polygon","coordinates":[[[642663.35,4825194.55],[642671.3455,4825192.991],[642671.117,4825191.9075],[642671.0325,4825191.86],[642670.907,4825191.9075],[642667.187,4825189.8075],[642667.027,4825189.7175],[642661.8285,4825186.7825],[642663.35,4825194.55]]]}},{"type":"Feature","properties":{"id":"2953506PJ4225S_part1","floors":1,"height":3.1,"heightSource":"Catastro:numberOfFloorsAboveGround"},"geometry":{"type":"Polygon","coordinates":[[[642787.7685,4825247.8185],[642785.6485,4825252.7585],[642794.7785,4825256.6985],[642796.4685,4825257.4285],[642798.5985,4825252.489],[642796.1485,4825251.4285],[642787.7685,4825247.8185]]]}},{"type":"Feature","properties":{"id":"2953508PJ4225S_part1","floors":1,"height":3.1,"heightSource":"Catastro:numberOfFloorsAboveGround"},"geometry":{"type":"Polygon","coordinates":[[[642826.7615,4825213.958],[642820.1395,4825218.0695],[642822.809,4825222.369],[642824.5065,4825221.3115],[642827.7275,4825219.3055],[642829.4265,4825218.2505],[642826.7615,4825213.958]]]}},{"type":"Feature","properties":{"id":"2953508PJ4225S_part2","floors":2,"height":6.2,"heightSource":"Catastro:numberOfFloorsAboveGround"},"geometry":{"type":"Polygon","coordinates":[[[642822.809,4825222.369],[642827.869,4825230.519],[642829.567,4825229.4625],[642824.5065,4825221.3115],[642822.809,4825222.369]]]}},{"type":"Feature","properties":{"id":"2953508PJ4225S_part3","floors":3,"height":9.3,"heightSource":"Catastro:numberOfFloorsAboveGround"},"geometry":{"type":"Polygon","coordinates":[[[642824.5065,4825221.3115],[642829.567,4825229.4625],[642832.789,4825227.4585],[642827.7275,4825219.3055],[642824.5065,4825221.3115]]]}},{"type":"Feature","properties":{"id":"2953508PJ4225S_part4","floors":2,"height":6.2,"heightSource":"Catastro:numberOfFloorsAboveGround"},"geometry":{"type":"Polygon","coordinates":[[[642827.7275,4825219.3055],[642832.789,4825227.4585],[642834.4875,4825226.402],[642829.4265,4825218.2505],[642827.7275,4825219.3055]]]}},{"type":"Feature","properties":{"id":"2953509PJ4225S_part1","floors":1,"height":3.1,"heightSource":"Catastro:numberOfFloorsAboveGround"},"geometry":{"type":"Polygon","coordinates":[[[642835.33,4825212.21],[642832.51,4825207.45],[642828.972,4825209.5485],[642831.7985,4825214.311],[642835.33,4825212.21]]]}},{"type":"Feature","properties":{"id":"2953509PJ4225S_part2","floors":1,"height":3.1,"heightSource":"Catastro:numberOfFloorsAboveGround"},"geometry":{"type":"Polygon","coordinates":[[[642835.85,4825212.87],[642836.88,4825214.59],[642839.92,4825212.77],[642838.89,4825211.05],[642835.85,4825212.87]]]}},{"type":"Feature","properties":{"id":"2953509PJ4225S_part3","floors":2,"height":6.2,"heightSource":"Catastro:numberOfFloorsAboveGround"},"geometry":{"type":"Polygon","coordinates":[[[642839.92,4825212.77],[642836.88,4825214.59],[642839.97,4825219.76],[642843.01,4825217.94],[642844.04,4825219.66],[642847.69,4825217.48],[642847.13,4825216.53],[642849.87,4825214.89],[642849.41,4825214.11],[642849.88,4825213.83],[642848.97,4825212.31],[642847.69,4825210.17],[642846.79,4825208.65],[642846.31,4825208.94],[642845.28,4825207.23],[642838.89,4825211.05],[642839.92,4825212.77]]]}},{"type":"Feature","properties":{"id":"2953509PJ4225S_part4","floors":1,"height":3.1,"heightSource":"Catastro:numberOfFloorsAboveGround"},"geometry":{"type":"Polygon","coordinates":[[[642843.01,4825217.94],[642839.97,4825219.76],[642840.59,4825220.79],[642843.16,4825219.25],[642843.57,4825219.94],[642844.04,4825219.66],[642843.01,4825217.94]]]}},{"type":"Feature","properties":{"id":"2953509PJ4225S_part6","floors":2,"height":6.2,"heightSource":"Catastro:numberOfFloorsAboveGround"},"geometry":{"type":"Polygon","coordinates":[[[642847.13,4825216.53],[642847.69,4825217.48],[642850.43,4825215.84],[642849.87,4825214.89],[642847.13,4825216.53]]]}},{"type":"Feature","properties":{"id":"2953511PJ4225S_part1","floors":2,"height":6.2,"heightSource":"Catastro:numberOfFloorsAboveGround"},"geometry":{"type":"Polygon","coordinates":[[[642866.5395,4825205.1195],[642861.2995,4825196.1195],[642853.8395,4825200.4695],[642858.4895,4825208.4495],[642859.0795,4825209.4595],[642861.2995,4825208.1595],[642866.5395,4825205.1195]]]}},{"type":"Feature","properties":{"id":"2953511PJ4225S_part2","floors":1,"height":3.1,"heightSource":"Catastro:numberOfFloorsAboveGround"},"geometry":{"type":"Polygon","coordinates":[[[642862.3295,4825194.7695],[642865.9195,4825192.7395],[642863.2395,4825188.0195],[642859.6495,4825190.0495],[642862.1795,4825194.5095],[642862.3295,4825194.7695]]]}},{"type":"Feature","properties":{"id":"2953517PJ4225S_part1","floors":2,"height":6.2,"heightSource":"Catastro:numberOfFloorsAboveGround"},"geometry":{"type":"Polygon","coordinates":[[[642913.691,4825050.09],[642923.6715,4825044.64],[642918.8115,4825035.74],[642908.821,4825041.19],[642913.691,4825050.09]]]}},{"type":"Feature","properties":{"id":"2953518PJ4225S_part1","floors":2,"height":6.2,"heightSource":"Catastro:numberOfFloorsAboveGround"},"geometry":{"type":"Polygon","coordinates":[[[642882.6705,4825056.4695],[642891.401,4825048.3095],[642884.931,4825041.3895],[642880.1105,4825045.8995],[642876.3705,4825049.3795],[642882.6705,4825056.4695]]]}},{"type":"Feature","properties":{"id":"2953519PJ4225S_part1","floors":3,"height":9.3,"heightSource":"Catastro:numberOfFloorsAboveGround"},"geometry":{"type":"Polygon","coordinates":[[[642842.07,4825060.809],[642841.92,4825072.049],[642851.63,4825072.029],[642851.66,4825060.849],[642847.28,4825060.819],[642842.07,4825060.809]]]}},{"type":"Feature","properties":{"id":"2953519PJ4225S_part2","floors":1,"height":3.1,"heightSource":"Catastro:numberOfFloorsAboveGround"},"geometry":{"type":"Polygon","coordinates":[[[642835.34,4825082.079],[642835.46,4825077.269],[642828.76,4825077.109],[642828.41,4825081.769],[642835.34,4825082.079]]]}},{"type":"Feature","properties":{"id":"2953521PJ4225S_part1","floors":1,"height":3.1,"heightSource":"Catastro:numberOfFloorsAboveGround"},"geometry":{"type":"Polygon","coordinates":[[[642807.44,4825214.71],[642803.34,4825214.73],[642803.36,4825217.73],[642807.46,4825217.71],[642807.44,4825214.71]]]}},{"type":"Feature","properties":{"id":"2953521PJ4225S_part2","floors":1,"height":3.1,"heightSource":"Catastro:numberOfFloorsAboveGround"},"geometry":{"type":"Polygon","coordinates":[[[642803.36,4825217.73],[642803.41,4825226.03],[642807.81,4825226.01],[642807.76,4825217.71],[642807.46,4825217.71],[642803.36,4825217.73]]]}},{"type":"Feature","properties":{"id":"2953521PJ4225S_part3","floors":2,"height":6.2,"heightSource":"Catastro:numberOfFloorsAboveGround"},"geometry":{"type":"Polygon","coordinates":[[[642814.21,4825217.68],[642807.76,4825217.71],[642807.81,4825226.01],[642814.26,4825225.98],[642814.21,4825217.68]]]}},{"type":"Feature","properties":{"id":"2953521PJ4225S_part4","floors":3,"height":9.3,"heightSource":"Catastro:numberOfFloorsAboveGround"},"geometry":{"type":"Polygon","coordinates":[[[642807.81,4825226.01],[642807.83,4825229.41],[642814.27,4825229.37],[642814.26,4825225.98],[642807.81,4825226.01]]]}},{"type":"Feature","properties":{"id":"2953522PJ4225S_part1","floors":1,"height":3.1,"heightSource":"Catastro:numberOfFloorsAboveGround"},"geometry":{"type":"Polygon","coordinates":[[[642830.2795,4825177.979],[642832.9795,4825182.299],[642835.493,4825180.7955],[642832.283,4825175.5795],[642830.2795,4825177.979]]]}},{"type":"Feature","properties":{"id":"2953522PJ4225S_part2","floors":2,"height":6.2,"heightSource":"Catastro:numberOfFloorsAboveGround"},"geometry":{"type":"Polygon","coordinates":[[[642840.1495,4825195.489],[642839.7195,4825194.749],[642835.2995,4825187.229],[642825.459,4825192.939],[642830.169,4825201.069],[642840.1495,4825195.489]]]}},{"type":"Feature","properties":{"id":"2953523PJ4225S_part1","floors":1,"height":3.1,"heightSource":"Catastro:numberOfFloorsAboveGround"},"geometry":{"type":"Polygon","coordinates":[[[642832.7095,4825175.069],[642832.283,4825175.5795],[642835.493,4825180.7955],[642839.4095,4825178.459],[642835.5095,4825171.729],[642832.7095,4825175.069]]]}},{"type":"Feature","properties":{"id":"2953523PJ4225S_part2","floors":1,"height":3.1,"heightSource":"Catastro:numberOfFloorsAboveGround"},"geometry":{"type":"Polygon","coordinates":[[[642835.5095,4825171.729],[642838.7795,4825174.519],[642843.6395,4825168.829],[642840.3795,4825166.039],[642835.5095,4825171.729]]]}},{"type":"Feature","properties":{"id":"2953523PJ4225S_part3","floors":2,"height":6.2,"heightSource":"Catastro:numberOfFloorsAboveGround"},"geometry":{"type":"Polygon","coordinates":[[[642857.3695,4825185.4395],[642852.3595,4825176.9295],[642842.4895,4825182.749],[642847.5095,4825191.259],[642857.3695,4825185.4395]]]}},{"type":"Feature","properties":{"id":"2953524PJ4225S_part1","floors":1,"height":3.1,"heightSource":"Catastro:numberOfFloorsAboveGround"},"geometry":{"type":"Polygon","coordinates":[[[642861.7,4825140.2795],[642863.2522,4825142.52365],[642863.30045,4825142.5934],[642863.36,4825142.6795],[642863.39,4825142.7195],[642865.09575,4825141.58805],[642863.3625,4825138.89265],[642861.7,4825140.2795]]]}},{"type":"Feature","properties":{"id":"2953526PJ4225S_part1","floors":3,"height":9.3,"heightSource":"Catastro:numberOfFloorsAboveGround"},"geometry":{"type":"Polygon","coordinates":[[[642858.65,4825088.9895],[642855.47,4825086.8295],[642854.57,4825086.2195],[642854.18,4825086.8295],[642848.05,4825096.439],[642867.71,4825108.9895],[642875.1505,4825113.7395],[642880.8805,4825104.1195],[642875.1505,4825100.2195],[642861.69,4825091.0595],[642858.65,4825088.9895]]]}},{"type":"Feature","properties":{"id":"2953533PJ4225S_part1","floors":3,"height":9.3,"heightSource":"Catastro:numberOfFloorsAboveGround"},"geometry":{"type":"Polygon","coordinates":[[[642973.59,4825039.73],[642975.12,4825042.2],[642981.92,4825037.99],[642980.87,4825036.29],[642977.72,4825038.24],[642977.25,4825037.47],[642973.59,4825039.73]]]}},{"type":"Feature","properties":{"id":"2953533PJ4225S_part2","floors":4,"height":12.4,"heightSource":"Catastro:numberOfFloorsAboveGround"},"geometry":{"type":"Polygon","coordinates":[[[642975.12,4825042.2],[642977.58,4825046.2],[642984.39,4825041.99],[642981.92,4825037.99],[642975.12,4825042.2]]]}},{"type":"Feature","properties":{"id":"2953533PJ4225S_part3","floors":3,"height":9.3,"heightSource":"Catastro:numberOfFloorsAboveGround"},"geometry":{"type":"Polygon","coordinates":[[[642980.4,4825035.53],[642977.25,4825037.47],[642977.72,4825038.24],[642980.87,4825036.29],[642980.4,4825035.53]]]}},{"type":"Feature","properties":{"id":"2953533PJ4225S_part4","floors":3,"height":9.3,"heightSource":"Catastro:numberOfFloorsAboveGround"},"geometry":{"type":"Polygon","coordinates":[[[642977.58,4825046.2],[642979.11,4825048.67],[642982.34,4825046.67],[642985.91,4825044.46],[642984.39,4825041.99],[642977.58,4825046.2]]]}},{"type":"Feature","properties":{"id":"2953533PJ4225S_part5","floors":2,"height":6.2,"heightSource":"Catastro:numberOfFloorsAboveGround"},"geometry":{"type":"Polygon","coordinates":[[[642979.11,4825048.67],[642979.63,4825049.52],[642982.87,4825047.52],[642982.34,4825046.67],[642979.11,4825048.67]]]}},{"type":"Feature","properties":{"id":"2953533PJ4225S_part6","floors":2,"height":6.2,"heightSource":"Catastro:numberOfFloorsAboveGround"},"geometry":{"type":"Polygon","coordinates":[[[642982.34,4825046.67],[642982.87,4825047.52],[642986.44,4825045.31],[642985.91,4825044.46],[642982.34,4825046.67]]]}},{"type":"Feature","properties":{"id":"2953534PJ4225S_part1","floors":2,"height":6.2,"heightSource":"Catastro:numberOfFloorsAboveGround"},"geometry":{"type":"Polygon","coordinates":[[[642991.92,4825027.99],[642985.05,4825032.24],[642991.81,4825043.17],[642992.88,4825043.42],[642995.7,4825041.67],[642995.96,4825040.61],[642995.73,4825040.23],[642994.54,4825038.31],[642997.27,4825036.63],[642991.92,4825027.99]]]}},{"type":"Feature","properties":{"id":"2953534PJ4225S_part2","floors":2,"height":6.2,"heightSource":"Catastro:numberOfFloorsAboveGround"},"geometry":{"type":"Polygon","coordinates":[[[642994.54,4825038.31],[642995.73,4825040.23],[642998.45,4825038.54],[642997.27,4825036.63],[642994.54,4825038.31]]]}},{"type":"Feature","properties":{"id":"2953535PJ4225S_part1","floors":1,"height":3.1,"heightSource":"Catastro:numberOfFloorsAboveGround"},"geometry":{"type":"Polygon","coordinates":[[[643004.69,4825021.43],[642998.26,4825025.29],[643005.24,4825036.96],[643006.27,4825037.21],[643011.42,4825034.13],[643011.68,4825033.1],[643011.29,4825032.46],[643008.95,4825028.56],[643004.69,4825021.43]]]}},{"type":"Feature","properties":{"id":"2953535PJ4225S_part2","floors":1,"height":3.1,"heightSource":"Catastro:numberOfFloorsAboveGround"},"geometry":{"type":"Polygon","coordinates":[[[643013.01,4825031.43],[643010.67,4825027.53],[643008.95,4825028.56],[643011.29,4825032.46],[643013.01,4825031.43]]]}},{"type":"Feature","properties":{"id":"2953540PJ4225S_part1","floors":2,"height":6.2,"heightSource":"Catastro:numberOfFloorsAboveGround"},"geometry":{"type":"Polygon","coordinates":[[[642949.222,4825059.379],[642955.58,4825068.204],[642959.608,4825065.302],[642953.25,4825056.477],[642949.222,4825059.379]]]}},{"type":"Feature","properties":{"id":"2953540PJ4225S_part2","floors":1,"height":3.1,"heightSource":"Catastro:numberOfFloorsAboveGround"},"geometry":{"type":"Polygon","coordinates":[[[642963.158,4825062.7445],[642956.7995,4825053.919],[642953.25,4825056.477],[642959.608,4825065.302],[642963.158,4825062.7445]]]}},{"type":"Feature","properties":{"id":"2953541PJ4225S_part1","floors":1,"height":3.1,"heightSource":"Catastro:numberOfFloorsAboveGround"},"geometry":{"type":"Polygon","coordinates":[[[642967.216,4825041.9095],[642962.2565,4825045.1965],[642963.654,4825047.3055],[642968.6135,4825044.0185],[642967.216,4825041.9095]]]}},{"type":"Feature","properties":{"id":"2953541PJ4225S_part2","floors":1,"height":3.1,"heightSource":"Catastro:numberOfFloorsAboveGround"},"geometry":{"type":"Polygon","coordinates":[[[642963.654,4825047.3055],[642970.4315,4825057.5335],[642975.3915,4825054.247],[642973.048,4825050.7105],[642971.446,4825048.293],[642968.6135,4825044.0185],[642963.654,4825047.3055]]]}},{"type":"Feature","properties":{"id":"2953541PJ4225S_part3","floors":1,"height":3.1,"heightSource":"Catastro:numberOfFloorsAboveGround"},"geometry":{"type":"Polygon","coordinates":[[[642974.115,4825050.0035],[642972.513,4825047.586],[642971.446,4825048.293],[642973.048,4825050.7105],[642974.115,4825050.0035]]]}},{"type":"Feature","properties":{"id":"3055501PJ4235N_part1","floors":2,"height":6.2,"heightSource":"Catastro:numberOfFloorsAboveGround"},"geometry":{"type":"Polygon","coordinates":[[[642787.89,4825296.414],[642789.528,4825297.7285],[642793.506,4825292.7405],[642791.8645,4825291.4315],[642787.89,4825296.414]]]}},{"type":"Feature","properties":{"id":"3055501PJ4235N_part2","floors":2,"height":6.2,"heightSource":"Catastro:numberOfFloorsAboveGround"},"geometry":{"type":"Polygon","coordinates":[[[642784.36,4825287.85],[642781.573,4825291.3445],[642786.0965,4825294.9745],[642788.894,4825291.467],[642784.36,4825287.85]]]}},{"type":"Feature","properties":{"id":"3055501PJ4235N_part3","floors":3,"height":9.3,"heightSource":"Catastro:numberOfFloorsAboveGround"},"geometry":{"type":"Polygon","coordinates":[[[642786.0965,4825294.9745],[642787.89,4825296.414],[642791.8645,4825291.4315],[642790.0665,4825289.997],[642788.894,4825291.467],[642786.0965,4825294.9745]]]}},{"type":"Feature","properties":{"id":"3055501PJ4235N_part4","floors":1,"height":3.1,"heightSource":"Catastro:numberOfFloorsAboveGround"},"geometry":{"type":"Polygon","coordinates":[[[642786.275,4825286.973],[642785.1025,4825288.4425],[642787.096,4825290.0325],[642788.2685,4825288.563],[642786.275,4825286.973]]]}},{"type":"Feature","properties":{"id":"3055502PJ4235N_part1","floors":1,"height":3.1,"heightSource":"Catastro:numberOfFloorsAboveGround"},"geometry":{"type":"Polygon","coordinates":[[[642804.7085,4825294.139],[642793.708,4825292.9285],[642793.118,4825298.2685],[642796.518,4825298.639],[642796.308,4825300.519],[642800.488,4825300.989],[642803.9285,4825301.369],[642804.7085,4825294.139]]]}},{"type":"Feature","properties":{"id":"3055504PJ4235N_part1","floors":1,"height":3.1,"heightSource":"Catastro:numberOfFloorsAboveGround"},"geometry":{"type":"Polygon","coordinates":[[[642868.2638,4825269.94145],[642872.4844,4825277.52625],[642879.49245,4825273.6266],[642878.52,4825271.87895],[642878.1617,4825272.0783],[642874.91365,4825266.24115],[642868.2638,4825269.94145]]]}},{"type":"Feature","properties":{"id":"3055504PJ4235N_part2","floors":1,"height":3.1,"heightSource":"Catastro:numberOfFloorsAboveGround"},"geometry":{"type":"Polygon","coordinates":[[[642881.98035,4825269.95345],[642878.05635,4825262.9017],[642874.23775,4825265.02655],[642874.91365,4825266.24115],[642878.1617,4825272.0783],[642878.52,4825271.87895],[642881.98035,4825269.95345]]]}},{"type":"Feature","properties":{"id":"3055505PJ4235N_part1","floors":1,"height":3.1,"heightSource":"Catastro:numberOfFloorsAboveGround"},"geometry":{"type":"Polygon","coordinates":[[[642879.85,4825253.34],[642876.57,4825247.5],[642873.77765,4825249.0713],[642875.1495,4825251.5095],[642877.0395,4825254.8795],[642877.05745,4825254.91145],[642879.85,4825253.34]]]}},{"type":"Feature","properties":{"id":"3055505PJ4235N_part2","floors":2,"height":6.2,"heightSource":"Catastro:numberOfFloorsAboveGround"},"geometry":{"type":"Polygon","coordinates":[[[642881.3895,4825244.4595],[642880.4995,4825242.8895],[642876.8895,4825244.9695],[642881.2095,4825252.5395],[642891.76,4825246.7795],[642888.23,4825240.5895],[642884.8895,4825242.4795],[642881.3895,4825244.4595]]]}},{"type":"Feature","properties":{"id":"3055505PJ4235N_part3","floors":1,"height":3.1,"heightSource":"Catastro:numberOfFloorsAboveGround"},"geometry":{"type":"Polygon","coordinates":[[[642904.98,4825259.22],[642901.49,4825253.43],[642898.61,4825255.15],[642898.25,4825255.37],[642900.5937,4825259.2583],[642903.3139,4825257.7735],[642903.3957,4825257.72885],[642904.47235,4825259.52395],[642904.98,4825259.22]]]}},{"type":"Feature","properties":{"id":"3055506PJ4235N_part1","floors":1,"height":3.1,"heightSource":"Catastro:numberOfFloorsAboveGround"},"geometry":{"type":"Polygon","coordinates":[[[642902.23,4825238.97],[642904.21,4825242.33],[642906.3,4825241.09],[642904.31,4825237.74],[642902.23,4825238.97]]]}},{"type":"Feature","properties":{"id":"3055506PJ4235N_part2","floors":1,"height":3.1,"heightSource":"Catastro:numberOfFloorsAboveGround"},"geometry":{"type":"Polygon","coordinates":[[[642911.96,4825224.1],[642917.21,4825221.0],[642907.78,4825205.08],[642902.53,4825208.19],[642911.96,4825224.1]]]}},{"type":"Feature","properties":{"id":"3055506PJ4235N_part3","floors":1,"height":3.1,"heightSource":"Catastro:numberOfFloorsAboveGround"},"geometry":{"type":"Polygon","coordinates":[[[642904.21,4825242.33],[642906.89,4825246.85],[642908.98,4825245.61],[642906.3,4825241.09],[642904.21,4825242.33]]]}},{"type":"Feature","properties":{"id":"3055506PJ4235N_part4","floors":2,"height":6.2,"heightSource":"Catastro:numberOfFloorsAboveGround"},"geometry":{"type":"Polygon","coordinates":[[[642904.31,4825237.74],[642906.3,4825241.09],[642907.7,4825240.26],[642906.33,4825237.94],[642909.77,4825235.9],[642910.28,4825236.76],[642911.96,4825235.77],[642910.84,4825233.87],[642904.31,4825237.74]]]}},{"type":"Feature","properties":{"id":"3055506PJ4235N_part5","floors":2,"height":6.2,"heightSource":"Catastro:numberOfFloorsAboveGround"},"geometry":{"type":"Polygon","coordinates":[[[642911.96,4825235.77],[642910.28,4825236.76],[642909.77,4825235.9],[642906.33,4825237.94],[642907.7,4825240.26],[642906.3,4825241.09],[642908.98,4825245.61],[642911.32,4825244.23],[642912.99,4825244.4],[642913.65,4825242.85],[642919.17,4825239.58],[642914.51,4825231.7],[642910.84,4825233.87],[642911.96,4825235.77]]]}},{"type":"Feature","properties":{"id":"3055506PJ4235N_part6","floors":1,"height":3.1,"heightSource":"Catastro:numberOfFloorsAboveGround"},"geometry":{"type":"Polygon","coordinates":[[[642921.18,4825238.39],[642916.51,4825230.51],[642914.51,4825231.7],[642919.17,4825239.58],[642921.18,4825238.39]]]}},{"type":"Feature","properties":{"id":"3055507PJ4235N_part1","floors":2,"height":6.2,"heightSource":"Catastro:numberOfFloorsAboveGround"},"geometry":{"type":"Polygon","coordinates":[[[642935.9905,4825218.69],[642942.6705,4825215.4605],[642945.6705,4825221.3805],[642950.0305,4825219.1405],[642957.051,4825215.5405],[642952.951,4825207.5605],[642952.171,4825207.2905],[642949.411,4825206.3405],[642936.2005,4825201.77],[642935.4415,4825201.5075],[642932.1855,4825211.376],[642932.6505,4825212.27],[642935.9905,4825218.69]]]}},{"type":"Feature","properties":{"id":"3055511PJ4235N_part1","floors":3,"height":9.3,"heightSource":"Catastro:numberOfFloorsAboveGround"},"geometry":{"type":"Polygon","coordinates":[[[642909.713,4825203.568],[642910.625,4825205.107],[642911.3425,4825206.3185],[642912.3615,4825208.039],[642913.072,4825209.239],[642914.1685,4825211.091],[642914.98,4825211.36],[642916.59,4825211.89],[642918.47,4825212.51],[642920.12,4825213.06],[642922.93,4825213.98],[642924.59,4825214.53],[642925.71,4825214.9],[642926.28,4825213.18],[642914.74,4825209.37],[642917.37,4825201.4],[642928.91,4825205.22],[642929.47,4825203.51],[642928.35,4825203.14],[642926.69,4825202.58],[642923.86,4825201.65],[642922.25,4825201.12],[642920.37,4825200.5],[642918.72,4825199.95],[642917.43,4825199.53],[642916.19,4825200.18],[642914.95,4825200.83],[642913.18,4825201.75],[642911.94,4825202.4],[642909.713,4825203.568]]]}},{"type":"Feature","properties":{"id":"3055511PJ4235N_part4","floors":4,"height":12.4,"heightSource":"Catastro:numberOfFloorsAboveGround"},"geometry":{"type":"Polygon","coordinates":[[[642917.37,4825201.4],[642914.74,4825209.37],[642926.28,4825213.18],[642928.91,4825205.22],[642917.37,4825201.4]]]}},{"type":"Feature","properties":{"id":"3055511PJ4235N_part10","floors":2,"height":6.2,"heightSource":"Catastro:numberOfFloorsAboveGround"},"geometry":{"type":"Polygon","coordinates":[[[642925.71,4825214.9],[642927.39,4825215.45],[642929.05,4825216.0],[642930.5015,4825216.4805],[642931.066,4825214.7685],[642926.28,4825213.18],[642925.71,4825214.9]]]}},{"type":"Feature","properties":{"id":"3055511PJ4235N_part11","floors":3,"height":9.3,"heightSource":"Catastro:numberOfFloorsAboveGround"},"geometry":{"type":"Polygon","coordinates":[[[642926.28,4825213.18],[642931.066,4825214.7685],[642933.696,4825206.7985],[642928.91,4825205.22],[642926.28,4825213.18]]]}},{"type":"Feature","properties":{"id":"3055511PJ4235N_part14","floors":2,"height":6.2,"heightSource":"Catastro:numberOfFloorsAboveGround"},"geometry":{"type":"Polygon","coordinates":[[[642928.91,4825205.22],[642933.696,4825206.7985],[642934.2595,4825205.09],[642932.81,4825204.61],[642931.15,4825204.06],[642929.47,4825203.51],[642928.91,4825205.22]]]}},{"type":"Feature","properties":{"id":"3153001PJ4235S_part1","floors":1,"height":3.1,"heightSource":"Catastro:numberOfFloorsAboveGround"},"geometry":{"type":"Polygon","coordinates":[[[642930.431,4825141.76],[642928.731,4825154.92],[642928.541,4825156.38],[642927.8605,4825161.6],[642937.741,4825163.04],[642940.911,4825161.32],[642938.181,4825155.36],[642935.631,4825155.07],[642936.081,4825151.84],[642937.321,4825151.85],[642937.591,4825150.03],[642935.301,4825149.77],[642934.6385,4825149.695],[642935.71505,4825142.4616],[642930.431,4825141.76]]]}},{"type":"Feature","properties":{"id":"3153002PJ4235S_part1","floors":2,"height":6.2,"heightSource":"Catastro:numberOfFloorsAboveGround"},"geometry":{"type":"Polygon","coordinates":[[[642962.9915,4825134.1805],[642951.551,4825140.1305],[642954.181,4825145.1805],[642953.471,4825145.5505],[642954.951,4825148.3905],[642959.5615,4825145.9905],[642958.9615,4825144.8405],[642963.8415,4825142.3005],[642963.4215,4825141.5005],[642964.6615,4825140.8605],[642965.1015,4825140.6305],[642966.0815,4825140.1105],[642962.9915,4825134.1805]]]}},{"type":"Feature","properties":{"id":"3153002PJ4235S_part2","floors":2,"height":6.2,"heightSource":"Catastro:numberOfFloorsAboveGround"},"geometry":{"type":"Polygon","coordinates":[[[642963.4215,4825141.5005],[642963.8415,4825142.3005],[642958.9615,4825144.8405],[642959.5615,4825145.9905],[642959.7315,4825145.9105],[642965.6815,4825142.8005],[642964.6615,4825140.8605],[642963.4215,4825141.5005]]]}},{"type":"Feature","properties":{"id":"3153002PJ4235S_part3","floors":1,"height":3.1,"heightSource":"Catastro:numberOfFloorsAboveGround"},"geometry":{"type":"Polygon","coordinates":[[[642959.7315,4825145.9105],[642960.5415,4825147.4705],[642967.9115,4825143.6205],[642966.0815,4825140.1105],[642965.1015,4825140.6305],[642966.1315,4825142.5705],[642965.6815,4825142.8005],[642959.7315,4825145.9105]]]}},{"type":"Feature","properties":{"id":"3153002PJ4235S_part4","floors":1,"height":3.1,"heightSource":"Catastro:numberOfFloorsAboveGround"},"geometry":{"type":"Polygon","coordinates":[[[642956.88735,4825123.16575],[642954.0617,4825127.18545],[642954.7826,4825127.5411],[642958.5515,4825129.4005],[642959.8615,4825126.7005],[642962.321,4825124.981],[642962.24735,4825124.8356],[642959.18085,4825119.90315],[642956.88735,4825123.16575]]]}},{"type":"Feature","properties":{"id":"3153003PJ4235S_part1","floors":1,"height":3.1,"heightSource":"Catastro:numberOfFloorsAboveGround"},"geometry":{"type":"Polygon","coordinates":[[[642982.7615,4825120.7405],[642978.3915,4825123.0705],[642984.3615,4825134.3105],[642988.6315,4825132.0605],[642987.9315,4825130.7305],[642982.7615,4825120.7405]]]}},{"type":"Feature","properties":{"id":"3153003PJ4235S_part2","floors":2,"height":6.2,"heightSource":"Catastro:numberOfFloorsAboveGround"},"geometry":{"type":"Polygon","coordinates":[[[642991.032,4825129.1005],[642990.572,4825128.2205],[642993.232,4825126.8305],[642989.372,4825119.4905],[642985.832,4825121.3705],[642984.902,4825119.6105],[642982.7615,4825120.7405],[642987.9315,4825130.7305],[642991.032,4825129.1005]]]}},{"type":"Feature","properties":{"id":"3153004PJ4235S_part1","floors":1,"height":3.1,"heightSource":"Catastro:numberOfFloorsAboveGround"},"geometry":{"type":"Polygon","coordinates":[[[643019.652,4825118.371],[643019.982,4825118.201],[643019.652,4825117.571],[643023.1625,4825115.751],[643020.1625,4825109.991],[643019.6225,4825110.271],[643018.1425,4825111.031],[643018.8625,4825112.351],[643017.202,4825113.281],[643018.892,4825116.521],[643012.162,4825120.201],[643011.642,4825119.151],[643010.722,4825119.631],[643011.782,4825121.671],[643012.672,4825121.201],[643015.732,4825119.601],[643016.062,4825120.231],[643019.652,4825118.371]]]}},{"type":"Feature","properties":{"id":"3153004PJ4235S_part2","floors":2,"height":6.2,"heightSource":"Catastro:numberOfFloorsAboveGround"},"geometry":{"type":"Polygon","coordinates":[[[643012.162,4825120.201],[643018.892,4825116.521],[643017.202,4825113.281],[643018.8625,4825112.351],[643018.1425,4825111.031],[643016.3225,4825107.761],[643013.472,4825109.301],[643007.982,4825112.261],[643011.642,4825119.151],[643012.162,4825120.201]]]}},{"type":"Feature","properties":{"id":"3153004PJ4235S_part3","floors":1,"height":3.1,"heightSource":"Catastro:numberOfFloorsAboveGround"},"geometry":{"type":"Polygon","coordinates":[[[643021.61955,4825102.0567],[643016.5006,4825092.35255],[643016.13195,4825092.57235],[643013.14385,4825094.35385],[643018.28115,4825103.8612],[643018.64115,4825103.6612],[643021.3636,4825102.1946],[643021.61955,4825102.0567]]]}},{"type":"Feature","properties":{"id":"3153005PJ4235S_part1","floors":1,"height":3.1,"heightSource":"Catastro:numberOfFloorsAboveGround"},"geometry":{"type":"Polygon","coordinates":[[[643025.2725,4825101.481],[643027.7825,4825106.221],[643028.6625,4825105.741],[643031.9925,4825111.901],[643040.6725,4825107.281],[643038.4125,4825102.701],[643041.9325,4825100.821],[643037.0025,4825091.621],[643034.6925,4825092.851],[643033.8525,4825091.331],[643023.8125,4825096.941],[643026.0625,4825101.051],[643025.2725,4825101.481]]]}},{"type":"Feature","properties":{"id":"3153005PJ4235S_part2","floors":1,"height":3.1,"heightSource":"Catastro:numberOfFloorsAboveGround"},"geometry":{"type":"Polygon","coordinates":[[[643031.08055,4825083.66],[643032.7525,4825086.831],[643033.6225,4825088.491],[643034.5125,4825088.001],[643036.6525,4825086.831],[643036.8725,4825086.711],[643034.2825,4825081.751],[643031.08055,4825083.66]]]}},{"type":"Feature","properties":{"id":"3153006PJ4235S_part1","floors":1,"height":3.1,"heightSource":"Catastro:numberOfFloorsAboveGround"},"geometry":{"type":"Polygon","coordinates":[[[643054.603,4825074.7415],[643051.383,4825076.1615],[643053.903,4825080.5515],[643056.863,4825079.2015],[643054.603,4825074.7415]]]}},{"type":"Feature","properties":{"id":"3153006PJ4235S_part2","floors":1,"height":3.1,"heightSource":"Catastro:numberOfFloorsAboveGround"},"geometry":{"type":"Polygon","coordinates":[[[643060.643,4825094.2215],[643057.023,4825087.5615],[643053.043,4825089.7115],[643052.663,4825089.0215],[643052.013,4825089.3715],[643047.643,4825091.7815],[643045.1925,4825093.1315],[643049.0325,4825100.5215],[643053.673,4825097.9915],[643060.643,4825094.2215]]]}},{"type":"Feature","properties":{"id":"3153006PJ4235S_part3","floors":1,"height":3.1,"heightSource":"Catastro:numberOfFloorsAboveGround"},"geometry":{"type":"Polygon","coordinates":[[[643037.1325,4825087.181],[643037.7625,4825086.831],[643040.6525,4825085.231],[643038.9425,4825082.151],[643036.3125,4825076.841],[643032.0025,4825077.391],[643032.2225,4825077.811],[643034.2825,4825081.751],[643036.8725,4825086.711],[643037.1325,4825087.181]]]}},{"type":"Feature","properties":{"id":"3153006PJ4235S_part4","floors":1,"height":3.1,"heightSource":"Catastro:numberOfFloorsAboveGround"},"geometry":{"type":"Polygon","coordinates":[[[643043.323,4825079.7115],[643041.833,4825076.141],[643036.3125,4825076.841],[643038.9425,4825082.151],[643043.323,4825079.7115]]]}},{"type":"Feature","properties":{"id":"3153007PJ4235S_part1","floors":1,"height":3.1,"heightSource":"Catastro:numberOfFloorsAboveGround"},"geometry":{"type":"Polygon","coordinates":[[[643057.973,4825074.6215],[643054.603,4825074.7415],[643056.863,4825079.2015],[643057.3955,4825080.3375],[643060.61,4825078.77],[643058.4705,4825074.566],[643057.973,4825074.6215]]]}},{"type":"Feature","properties":{"id":"3153007PJ4235S_part2","floors":2,"height":6.2,"heightSource":"Catastro:numberOfFloorsAboveGround"},"geometry":{"type":"Polygon","coordinates":[[[643065.07,4825084.46],[643069.59,4825092.22],[643072.41,4825090.58],[643075.37,4825088.86],[643080.05,4825086.13],[643076.03,4825079.24],[643073.64,4825080.63],[643073.14,4825079.77],[643065.07,4825084.46]]]}},{"type":"Feature","properties":{"id":"3153008PJ4235S_part1","floors":1,"height":3.1,"heightSource":"Catastro:numberOfFloorsAboveGround"},"geometry":{"type":"Polygon","coordinates":[[[643095.5935,4825077.992],[643098.0035,4825076.712],[643099.2335,4825073.092],[643099.4435,4825072.292],[643092.4935,4825070.212],[643088.7935,4825071.8715],[643081.0335,4825075.6915],[643085.0335,4825083.5915],[643091.3535,4825080.242],[643092.8235,4825079.462],[643095.5935,4825077.992]]]}},{"type":"Feature","properties":{"id":"3153008PJ4235S_part2","floors":1,"height":3.1,"heightSource":"Catastro:numberOfFloorsAboveGround"},"geometry":{"type":"Polygon","coordinates":[[[643081.5035,4825074.9615],[643080.2435,4825072.3015],[643081.1635,4825069.5815],[643078.5035,4825068.7815],[643077.1935,4825072.9815],[643078.296,4825072.9195],[643078.9675,4825072.8815],[643080.292,4825075.6515],[643081.5035,4825074.9615]]]}},{"type":"Feature","properties":{"id":"3153009PJ4235S_part1","floors":1,"height":3.1,"heightSource":"Catastro:numberOfFloorsAboveGround"},"geometry":{"type":"Polygon","coordinates":[[[643069.493,4825073.6015],[643069.243,4825070.4615],[643066.893,4825070.6415],[643066.773,4825073.8115],[643069.493,4825073.6015]]]}},{"type":"Feature","properties":{"id":"3153009PJ4235S_part2","floors":1,"height":3.1,"heightSource":"Catastro:numberOfFloorsAboveGround"},"geometry":{"type":"Polygon","coordinates":[[[643074.5535,4825069.9715],[643075.5735,4825070.2815],[643078.8735,4825059.5815],[643074.5535,4825058.2515],[643070.9435,4825057.1415],[643067.723,4825067.8615],[643074.5535,4825069.9715]]]}},{"type":"Feature","properties":{"id":"3153010PJ4235S_part1","floors":1,"height":3.1,"heightSource":"Catastro:numberOfFloorsAboveGround"},"geometry":{"type":"Polygon","coordinates":[[[643059.373,4825069.5715],[643056.523,4825068.9215],[643056.223,4825070.2215],[643054.763,4825074.1615],[643054.603,4825074.7415],[643057.973,4825074.6215],[643059.373,4825069.5715]]]}},{"type":"Feature","properties":{"id":"3153010PJ4235S_part2","floors":1,"height":3.1,"heightSource":"Catastro:numberOfFloorsAboveGround"},"geometry":{"type":"Polygon","coordinates":[[[643066.773,4825073.8115],[643066.893,4825070.6415],[643064.193,4825070.8515],[643064.443,4825074.0015],[643066.773,4825073.8115]]]}},{"type":"Feature","properties":{"id":"3153010PJ4235S_part3","floors":1,"height":3.1,"heightSource":"Catastro:numberOfFloorsAboveGround"},"geometry":{"type":"Polygon","coordinates":[[[643070.9435,4825057.1415],[643063.123,4825054.7315],[643059.823,4825065.4315],[643067.723,4825067.8615],[643070.9435,4825057.1415]]]}},{"type":"Feature","properties":{"id":"3153011PJ4235S_part1","floors":1,"height":3.1,"heightSource":"Catastro:numberOfFloorsAboveGround"},"geometry":{"type":"Polygon","coordinates":[[[643053.453,4825069.4815],[643052.103,4825073.4615],[643054.763,4825074.1615],[643056.223,4825070.2215],[643053.453,4825069.4815]]]}},{"type":"Feature","properties":{"id":"3153011PJ4235S_part2","floors":2,"height":6.2,"heightSource":"Catastro:numberOfFloorsAboveGround"},"geometry":{"type":"Polygon","coordinates":[[[643048.113,4825060.0115],[643048.053,4825061.2915],[643044.903,4825057.3515],[643044.383,4825059.0315],[643041.213,4825058.101],[643038.003,4825068.321],[643047.513,4825071.3015],[643048.503,4825068.1515],[643047.413,4825067.8115],[643049.313,4825061.7415],[643048.113,4825060.0115]]]}},{"type":"Feature","properties":{"id":"3153011PJ4235S_part3","floors":2,"height":6.2,"heightSource":"Catastro:numberOfFloorsAboveGround"},"geometry":{"type":"Polygon","coordinates":[[[643054.523,4825063.3515],[643055.373,4825060.6215],[643054.283,4825060.2815],[643056.213,4825054.0715],[643048.033,4825051.5215],[643046.103,4825057.7215],[643044.903,4825057.3515],[643048.053,4825061.2915],[643048.113,4825060.0115],[643049.313,4825061.7415],[643054.523,4825063.3515]]]}},{"type":"Feature","properties":{"id":"3153013PJ4235S_part1","floors":1,"height":3.1,"heightSource":"Catastro:numberOfFloorsAboveGround"},"geometry":{"type":"Polygon","coordinates":[[[642938.282,4825123.7045],[642938.0875,4825124.939],[642932.2595,4825124.0225],[642930.7455,4825133.644],[642941.612,4825135.3535],[642941.9695,4825133.081],[642942.661,4825133.19],[642942.941,4825131.41],[642942.251,4825131.3],[642942.391,4825130.41],[642940.901,4825130.18],[642941.841,4825124.25],[642938.6805,4825123.748],[642938.282,4825123.7045]]]}},{"type":"Feature","properties":{"id":"3153014PJ4235S_part1","floors":1,"height":3.1,"heightSource":"Catastro:numberOfFloorsAboveGround"},"geometry":{"type":"Polygon","coordinates":[[[643102.9335,4825073.942],[643105.1835,4825067.482],[643098.8735,4825065.632],[643095.7535,4825064.722],[643087.1435,4825062.2015],[643086.1935,4825065.4115],[643083.6135,4825064.6415],[643082.0535,4825069.8615],[643088.7935,4825071.8715],[643092.4935,4825070.212],[643099.4435,4825072.292],[643099.2335,4825073.092],[643102.9335,4825073.942]]]}},{"type":"Feature","properties":{"id":"3153014PJ4235S_part2","floors":1,"height":3.1,"heightSource":"Catastro:numberOfFloorsAboveGround"},"geometry":{"type":"Polygon","coordinates":[[[643081.8135,4825067.6815],[643079.1835,4825066.8015],[643078.5035,4825068.7815],[643081.1635,4825069.5815],[643081.8135,4825067.6815]]]}},{"type":"Feature","properties":{"id":"3153015PJ4235S_part1","floors":1,"height":3.1,"heightSource":"Catastro:numberOfFloorsAboveGround"},"geometry":{"type":"Polygon","coordinates":[[[642940.911,4825161.32],[642951.551,4825155.5905],[642945.491,4825143.7705],[642942.041,4825148.42],[642939.241,4825150.21],[642940.431,4825152.34],[642941.471,4825151.7],[642942.251,4825153.21],[642938.181,4825155.36],[642940.911,4825161.32]]]}},{"type":"Feature","properties":{"id":"3153015PJ4235S_part2","floors":1,"height":3.1,"heightSource":"Catastro:numberOfFloorsAboveGround"},"geometry":{"type":"Polygon","coordinates":[[[642935.301,4825149.77],[642937.591,4825150.03],[642938.291,4825150.1],[642939.241,4825150.21],[642942.041,4825148.42],[642945.491,4825143.7705],[642936.381,4825142.55],[642935.767,4825142.4685],[642935.71505,4825142.4616],[642934.6385,4825149.695],[642935.301,4825149.77]]]}},{"type":"Feature","properties":{"id":"3153016PJ4235S_part1","floors":1,"height":3.1,"heightSource":"Catastro:numberOfFloorsAboveGround"},"geometry":{"type":"Polygon","coordinates":[[[642941.841,4825124.25],[642940.901,4825130.18],[642942.391,4825130.41],[642942.251,4825131.3],[642942.941,4825131.41],[642942.661,4825133.19],[642945.821,4825133.6905],[642951.683,4825125.494],[642952.9515,4825123.7305],[642953.122,4825122.5765],[642953.2215,4825121.9505],[642952.441,4825121.8305],[642942.347,4825120.2805],[642941.7415,4825124.234],[642941.841,4825124.25]]]}},{"type":"Feature","properties":{"id":"3153016PJ4235S_part2","floors":1,"height":3.1,"heightSource":"Catastro:numberOfFloorsAboveGround"},"geometry":{"type":"Polygon","coordinates":[[[642952.9415,4825119.0105],[642952.5715,4825121.4105],[642952.441,4825121.8305],[642953.2215,4825121.9505],[642953.122,4825122.5765],[642956.88735,4825123.16575],[642959.18085,4825119.90315],[642952.9415,4825119.0105]]]}},{"type":"Feature","properties":{"id":"3154001PJ4235S_part1","floors":1,"height":3.1,"heightSource":"Catastro:numberOfFloorsAboveGround"},"geometry":{"type":"Polygon","coordinates":[[[642969.277644563,4825172.63882311],[642967.835577985,4825172.18375802],[642967.558558472,4825173.05471163],[642966.430754455,4825176.61859408],[642971.046260652,4825178.07279929],[642972.471118304,4825173.6478947],[642969.277644563,4825172.63882311]]]}},{"type":"Feature","properties":{"id":"3154001PJ4235S_part2","floors":1,"height":3.1,"heightSource":"Catastro:numberOfFloorsAboveGround"},"geometry":{"type":"Polygon","coordinates":[[[642959.750920691,4825191.28155152],[642960.117391842,4825190.25029069],[642960.751259201,4825188.45810985],[642961.286188574,4825186.97626959],[642950.023517384,4825183.29481095],[642948.627221493,4825187.29961529],[642951.951310784,4825188.48824071],[642957.978739731,4825190.64761568],[642959.750920691,4825191.28155152]]]}},{"type":"Feature","properties":{"id":"3154001PJ4235S_part3","floors":1,"height":3.1,"heightSource":"Catastro:numberOfFloorsAboveGround"},"geometry":{"type":"Polygon","coordinates":[[[642961.286188574,4825186.97626959],[642962.821387977,4825182.65098777],[642950.66653067,4825178.33258021],[642949.458487444,4825181.82673699],[642949.072427286,4825182.97806559],[642950.023517384,4825183.29481095],[642961.286188574,4825186.97626959]]]}},{"type":"Feature","properties":{"id":"3154001PJ4235S_part4","floors":1,"height":3.1,"heightSource":"Catastro:numberOfFloorsAboveGround"},"geometry":{"type":"Polygon","coordinates":[[[642970.382989139,4825180.18508269],[642975.138357557,4825181.59880878],[642977.176226695,4825175.13179329],[642972.471118304,4825173.6478947],[642971.046260652,4825178.07279929],[642970.382989139,4825180.18508269]]]}},{"type":"Feature","properties":{"id":"3154002PJ4235S_part1","floors":1,"height":3.1,"heightSource":"Catastro:numberOfFloorsAboveGround"},"geometry":{"type":"Polygon","coordinates":[[[642994.319146949,4825167.19355007],[642992.718056709,4825172.71906453],[642999.655035206,4825174.74532446],[643001.859239709,4825167.20773317],[642997.965324957,4825166.07105912],[642998.459535532,4825164.37935705],[642995.12619957,4825163.41076458],[642994.730858502,4825164.77212619],[642991.467556369,4825163.81329399],[642991.853068694,4825162.50196633],[642988.459697133,4825161.52307936],[642988.103910715,4825162.75430477],[642984.490233998,4825161.6866716],[642984.282563522,4825162.36738665],[642983.908728879,4825164.1686772],[642994.319146949,4825167.19355007]]]}},{"type":"Feature","properties":{"id":"3154002PJ4235S_part2","floors":2,"height":6.2,"heightSource":"Catastro:numberOfFloorsAboveGround"},"geometry":{"type":"Polygon","coordinates":[[[642994.319146949,4825167.19355007],[642983.908728879,4825164.1686772],[642983.659689054,4825164.44953155],[642982.147297181,4825169.59474008],[642992.718056709,4825172.71906453],[642994.319146949,4825167.19355007]]]}},{"type":"Feature","properties":{"id":"3154002PJ4235S_part3","floors":1,"height":3.1,"heightSource":"Catastro:numberOfFloorsAboveGround"},"geometry":{"type":"Polygon","coordinates":[[[642982.147297181,4825169.59474008],[642981.059972284,4825173.29848475],[642991.640765993,4825176.4327749],[642992.718056709,4825172.71906453],[642982.147297181,4825169.59474008]]]}},{"type":"Feature","properties":{"id":"3154003PJ4235S_part1","floors":1,"height":3.1,"heightSource":"Catastro:numberOfFloorsAboveGround"},"geometry":{"type":"Polygon","coordinates":[[[643000.442422438,4825182.74267536],[643001.520432185,4825179.23896376],[643001.915841733,4825177.89760203],[642999.432363831,4825176.88609943],[642992.691648092,4825179.60919534],[642995.076528429,4825183.95105506],[642997.942060456,4825182.64123591],[642998.335002777,4825183.49989552],[643000.442422438,4825182.74267536]]]}},{"type":"Feature","properties":{"id":"3154003PJ4235S_part2","floors":1,"height":3.1,"heightSource":"Catastro:numberOfFloorsAboveGround"},"geometry":{"type":"Polygon","coordinates":[[[642991.883902775,4825194.8720505],[642991.994860839,4825195.15167222],[643001.700457467,4825190.92841588],[643000.491322526,4825188.26254028],[642990.905759434,4825192.49538569],[642991.883902775,4825194.8720505]]]}},{"type":"Feature","properties":{"id":"3154003PJ4235S_part3","floors":2,"height":6.2,"heightSource":"Catastro:numberOfFloorsAboveGround"},"geometry":{"type":"Polygon","coordinates":[[[643000.491322526,4825188.26254028],[642998.335002777,4825183.49989552],[642997.942060456,4825182.64123591],[642995.076528429,4825183.95105506],[642988.566254745,4825186.80286269],[642988.68724699,4825187.09245012],[642989.211592372,4825188.36066221],[642990.905759434,4825192.49538569],[643000.491322526,4825188.26254028]]]}},{"type":"Feature","properties":{"id":"3154003PJ4235S_part4","floors":1,"height":3.1,"heightSource":"Catastro:numberOfFloorsAboveGround"},"geometry":{"type":"Polygon","coordinates":[[[642989.211592372,4825188.36066221],[642988.68724699,4825187.09245012],[642986.200719786,4825188.11096986],[642986.311609371,4825188.3705917],[642989.397373859,4825195.89007024],[642991.883902775,4825194.8720505],[642990.905759434,4825192.49538569],[642989.211592372,4825188.36066221]]]}},{"type":"Feature","properties":{"id":"3154004PJ4235S_part1","floors":1,"height":3.1,"heightSource":"Catastro:numberOfFloorsAboveGround"},"geometry":{"type":"Polygon","coordinates":[[[643008.91074993,4825182.09367634],[643016.568477478,4825184.33746973],[643018.762408123,4825176.71991314],[643017.791386621,4825176.42323614],[643018.285802634,4825174.79153372],[643016.243691737,4825174.17852223],[643008.365554602,4825171.81548281],[643005.744824358,4825180.51450708],[643005.56687979,4825181.11511988],[643006.397730915,4825181.36227653],[643008.91074993,4825182.09367634]]]}},{"type":"Feature","properties":{"id":"3154005PJ4235S_part1","floors":1,"height":3.1,"heightSource":"Catastro:numberOfFloorsAboveGround"},"geometry":{"type":"Polygon","coordinates":[[[643005.976019654,4825163.19361395],[643004.899242532,4825167.05732344],[643004.761455331,4825167.55779815],[643004.680464168,4825167.85257719],[643009.605617492,4825169.34922243],[643011.791379916,4825162.41269781],[643006.723393591,4825160.81904105],[643005.976019654,4825163.19361395]]]}},{"type":"Feature","properties":{"id":"3154005PJ4235S_part2","floors":1,"height":3.1,"heightSource":"Catastro:numberOfFloorsAboveGround"},"geometry":{"type":"Polygon","coordinates":[[[643017.791386621,4825176.42323614],[643018.762408123,4825176.71991314],[643028.622553788,4825179.66616966],[643030.914309237,4825171.99727783],[643020.083176309,4825168.76434425],[643018.285802634,4825174.79153372],[643017.791386621,4825176.42323614]]]}},{"type":"Feature","properties":{"id":"3154006PJ4235S_part1","floors":1,"height":3.1,"heightSource":"Catastro:numberOfFloorsAboveGround"},"geometry":{"type":"Polygon","coordinates":[[[643041.750279828,4825162.04011752],[643046.390863015,4825170.96428066],[643058.738842916,4825164.51196384],[643054.01812324,4825155.54807485],[643041.750279828,4825162.04011752]],[[643048.826778151,4825163.92589892],[643043.770165269,4825162.0032013],[643052.95357361,4825157.14172917],[643051.901863832,4825162.48536151],[643056.868990836,4825164.55836641],[643047.665651092,4825169.4399069],[643048.826778151,4825163.92589892]]]}},{"type":"Feature","properties":{"id":"3154006PJ4235S_part2","floors":1,"height":3.1,"heightSource":"Catastro:numberOfFloorsAboveGround"},"geometry":{"type":"Polygon","coordinates":[[[643057.983203705,4825154.10449011],[643063.448889714,4825155.75578549],[643064.45791004,4825152.40131099],[643060.585866759,4825151.22706183],[643059.000244527,4825150.75598817],[643057.983203705,4825154.10449011]]]}},{"type":"Feature","properties":{"id":"3154006PJ4235S_part3","floors":1,"height":3.1,"heightSource":"Catastro:numberOfFloorsAboveGround"},"geometry":{"type":"Polygon","coordinates":[[[643030.468921449,4825166.91977305],[643037.183933775,4825168.95629305],[643038.956116975,4825163.74969465],[643032.233608116,4825161.71420032],[643030.468921449,4825166.91977305]]]}},{"type":"Feature","properties":{"id":"3154006PJ4235S_part4","floors":2,"height":6.2,"heightSource":"Catastro:numberOfFloorsAboveGround"},"geometry":{"type":"Polygon","coordinates":[[[643056.868990836,4825164.55836641],[643051.901863832,4825162.48536151],[643052.95357361,4825157.14172917],[643043.770165269,4825162.0032013],[643048.826778151,4825163.92589892],[643047.665651092,4825169.4399069],[643056.868990836,4825164.55836641]]]}},{"type":"Feature","properties":{"id":"3154007PJ4235S_part1","floors":1,"height":3.1,"heightSource":"Catastro:numberOfFloorsAboveGround"},"geometry":{"type":"Polygon","coordinates":[[[643069.501772456,4825132.34642344],[643070.401632198,4825129.38332499],[643067.388465558,4825128.46363656],[643065.649635953,4825134.64962651],[643069.713789386,4825135.85571807],[643070.662998283,4825132.70244954],[643069.501772456,4825132.34642344]]]}},{"type":"Feature","properties":{"id":"3154007PJ4235S_part2","floors":2,"height":6.2,"heightSource":"Catastro:numberOfFloorsAboveGround"},"geometry":{"type":"Polygon","coordinates":[[[643083.50779834,4825149.85356998],[643083.895592439,4825149.64674098],[643078.718386204,4825139.95741073],[643078.373514814,4825140.14159264],[643077.48014473,4825140.6191543],[643074.146258959,4825142.4105799],[643069.904022022,4825144.68511848],[643072.440613461,4825149.52646167],[643074.18193663,4825152.83051882],[643075.007307442,4825154.39770197],[643082.743189534,4825150.26119036],[643083.50779834,4825149.85356998]]]}},{"type":"Feature","properties":{"id":"3154008PJ4235S_part1","floors":2,"height":6.2,"heightSource":"Catastro:numberOfFloorsAboveGround"},"geometry":{"type":"Polygon","coordinates":[[[643090.818489272,4825145.9540156],[643086.289478751,4825137.48897314],[643085.635271089,4825136.26120592],[643078.718386204,4825139.95741073],[643083.895592439,4825149.64674098],[643090.818489272,4825145.9540156]]]}},{"type":"Feature","properties":{"id":"3154009PJ4235S_part1","floors":1,"height":3.1,"heightSource":"Catastro:numberOfFloorsAboveGround"},"geometry":{"type":"Polygon","coordinates":[[[643101.104419203,4825129.99870346],[643102.996394021,4825130.57222877],[643103.876356599,4825127.63919862],[643101.994381722,4825127.06563907],[643097.549785401,4825125.73084936],[643095.647844881,4825125.16735823],[643094.757382364,4825128.10042433],[643096.659822882,4825128.66391376],[643101.104419203,4825129.99870346]]]}},{"type":"Feature","properties":{"id":"3154009PJ4235S_part2","floors":1,"height":3.1,"heightSource":"Catastro:numberOfFloorsAboveGround"},"geometry":{"type":"Polygon","coordinates":[[[643110.449061207,4825122.57666426],[643114.053148858,4825123.76433097],[643115.62458167,4825118.33891864],[643112.070391008,4825117.12108091],[643110.449061207,4825122.57666426]]]}},{"type":"Feature","properties":{"id":"3154009PJ4235S_part3","floors":1,"height":3.1,"heightSource":"Catastro:numberOfFloorsAboveGround"},"geometry":{"type":"Polygon","coordinates":[[[643099.591684934,4825135.04391257],[643101.104419203,4825129.99870346],[643096.659822882,4825128.66391376],[643095.136520195,4825133.68915894],[643099.591684934,4825135.04391257]]]}},{"type":"Feature","properties":{"id":"3154009PJ4235S_part4","floors":1,"height":3.1,"heightSource":"Catastro:numberOfFloorsAboveGround"},"geometry":{"type":"Polygon","coordinates":[[[643103.88303925,4825120.82913582],[643099.448408631,4825119.48431194],[643097.549785401,4825125.73084936],[643101.994381722,4825127.06563907],[643103.88303925,4825120.82913582]]]}},{"type":"Feature","properties":{"id":"3154010PJ4235S_part1","floors":1,"height":3.1,"heightSource":"Catastro:numberOfFloorsAboveGround"},"geometry":{"type":"Polygon","coordinates":[[[643121.140061949,4825119.93004318],[643121.999819206,4825116.93708186],[643122.167798073,4825116.34650325],[643116.72269402,4825114.86513839],[643115.62458167,4825118.33891864],[643121.140061949,4825119.93004318]]]}},{"type":"Feature","properties":{"id":"3154010PJ4235S_part2","floors":1,"height":3.1,"heightSource":"Catastro:numberOfFloorsAboveGround"},"geometry":{"type":"Polygon","coordinates":[[[643131.438966715,4825110.68472594],[643127.925118214,4825109.56675067],[643125.678017175,4825116.40448473],[643125.381203217,4825117.33550647],[643128.575313914,4825118.38457611],[643128.905688615,4825118.49344556],[643131.438966715,4825110.68472594]]]}},{"type":"Feature","properties":{"id":"3154010PJ4235S_part3","floors":2,"height":6.2,"heightSource":"Catastro:numberOfFloorsAboveGround"},"geometry":{"type":"Polygon","coordinates":[[[643133.400729758,4825119.9580633],[643135.342945672,4825120.601917],[643137.866463508,4825112.86323121],[643135.934009569,4825112.14984368],[643131.438966715,4825110.68472594],[643128.905688615,4825118.49344556],[643133.400729758,4825119.9580633]]]}},{"type":"Feature","properties":{"id":"3154011PJ4235S_part1","floors":1,"height":3.1,"heightSource":"Catastro:numberOfFloorsAboveGround"},"geometry":{"type":"Polygon","coordinates":[[[643126.245099749,4825100.80245161],[643127.372492891,4825097.11856986],[643126.501573522,4825096.85155029],[643122.567419326,4825095.64501361],[643121.440026184,4825099.32889536],[643126.245099749,4825100.80245161]]]}},{"type":"Feature","properties":{"id":"3154011PJ4235S_part2","floors":1,"height":3.1,"heightSource":"Catastro:numberOfFloorsAboveGround"},"geometry":{"type":"Polygon","coordinates":[[[643137.866463508,4825112.86323121],[643140.528747897,4825104.76406818],[643130.508190583,4825101.6978602],[643127.925118214,4825109.56675067],[643131.438966715,4825110.68472594],[643135.934009569,4825112.14984368],[643137.866463508,4825112.86323121]]]}},{"type":"Feature","properties":{"id":"3154012PJ4235S_part1","floors":1,"height":3.1,"heightSource":"Catastro:numberOfFloorsAboveGround"},"geometry":{"type":"Polygon","coordinates":[[[643125.0695,4825087.4965],[643122.5675,4825095.645],[643126.077,4825096.7215],[643128.803,4825087.8405],[643125.277,4825086.8155],[643125.0695,4825087.4965]]]}},{"type":"Feature","properties":{"id":"3154012PJ4235S_part2","floors":1,"height":3.1,"heightSource":"Catastro:numberOfFloorsAboveGround"},"geometry":{"type":"Polygon","coordinates":[[[643149.051,4825092.3395],[643136.123,4825088.451],[643134.408,4825094.3065],[643137.673,4825095.2885],[643147.3365,4825098.1945],[643149.051,4825092.3395]]]}},{"type":"Feature","properties":{"id":"3154012PJ4235S_part3","floors":1,"height":3.1,"heightSource":"Catastro:numberOfFloorsAboveGround"},"geometry":{"type":"Polygon","coordinates":[[[643136.8095,4825098.237],[643146.493,4825101.0735],[643147.3365,4825098.1945],[643137.673,4825095.2885],[643136.8095,4825098.237]]]}},{"type":"Feature","properties":{"id":"3154013PJ4235S_part1","floors":1,"height":3.1,"heightSource":"Catastro:numberOfFloorsAboveGround"},"geometry":{"type":"Polygon","coordinates":[[[643113.812017825,4825106.93305793],[643116.494809764,4825107.74387691],[643117.799976276,4825103.40938266],[643115.127184279,4825102.59852944],[643113.812017825,4825106.93305793]]]}},{"type":"Feature","properties":{"id":"3154013PJ4235S_part2","floors":1,"height":3.1,"heightSource":"Catastro:numberOfFloorsAboveGround"},"geometry":{"type":"Polygon","coordinates":[[[643088.721683567,4825109.79898305],[643093.276416201,4825111.17339588],[643094.097063923,4825108.44057],[643091.574442245,4825107.67920289],[643091.683311693,4825107.34882819],[643089.651200737,4825106.73578247],[643088.721683567,4825109.79898305]]]}},{"type":"Feature","properties":{"id":"3154013PJ4235S_part3","floors":1,"height":3.1,"heightSource":"Catastro:numberOfFloorsAboveGround"},"geometry":{"type":"Polygon","coordinates":[[[643085.066399799,4825105.34147247],[643084.136916869,4825108.414673],[643088.721683567,4825109.79898305],[643089.651200737,4825106.73578247],[643085.066399799,4825105.34147247]]]}},{"type":"Feature","properties":{"id":"3154013PJ4235S_part4","floors":2,"height":6.2,"heightSource":"Catastro:numberOfFloorsAboveGround"},"geometry":{"type":"Polygon","coordinates":[[[643100.418156784,4825108.74892863],[643104.041936161,4825109.84652739],[643104.358339126,4825108.79543787],[643112.506851313,4825111.26755218],[643113.812017825,4825106.93305793],[643115.127184279,4825102.59852944],[643110.011872854,4825101.05603503],[643109.62625781,4825102.33736287],[643107.624146677,4825101.72421443],[643107.080278791,4825103.51608711],[643102.425409785,4825102.10201691],[643100.418156784,4825108.74892863]]]}},{"type":"Feature","properties":{"id":"3154013PJ4235S_part5","floors":1,"height":3.1,"heightSource":"Catastro:numberOfFloorsAboveGround"},"geometry":{"type":"Polygon","coordinates":[[[643112.506851313,4825111.26755218],[643115.17964331,4825112.0784054],[643116.494809764,4825107.74387691],[643113.812017825,4825106.93305793],[643112.506851313,4825111.26755218]]]}},{"type":"Feature","properties":{"id":"3154013PJ4235S_part6","floors":1,"height":3.1,"heightSource":"Catastro:numberOfFloorsAboveGround"},"geometry":{"type":"Polygon","coordinates":[[[643091.574442245,4825107.67920289],[643094.097063923,4825108.44057],[643097.901047682,4825109.59755209],[643098.346011822,4825108.12601992],[643100.418156784,4825108.74892863],[643102.425409785,4825102.10201691],[643097.770575018,4825100.69794665],[643097.147666309,4825102.77009161],[643093.403784917,4825101.64290391],[643091.683311693,4825107.34882819],[643091.574442245,4825107.67920289]]]}},{"type":"Feature","properties":{"id":"3154014PJ4235S_part1","floors":2,"height":6.2,"heightSource":"Catastro:numberOfFloorsAboveGround"},"geometry":{"type":"Polygon","coordinates":[[[643081.222147886,4825118.7092134],[643080.818212708,4825120.04310427],[643080.092410549,4825122.43860344],[643084.291537412,4825123.78273367],[643083.945168863,4825124.84392584],[643088.86062013,4825126.42760481],[643092.193197127,4825115.34612924],[643089.850279835,4825114.64414718],[643087.738064916,4825114.00087555],[643081.66176617,4825112.17166984],[643080.247271498,4825116.55653872],[643079.964123621,4825117.39001309],[643080.592306447,4825117.58836338],[643080.877614645,4825117.67788702],[643081.482771926,4825117.8688161],[643081.222147886,4825118.7092134]]]}},{"type":"Feature","properties":{"id":"3154014PJ4235S_part2","floors":1,"height":3.1,"heightSource":"Catastro:numberOfFloorsAboveGround"},"geometry":{"type":"Polygon","coordinates":[[[643080.247271498,4825116.55653872],[643081.66176617,4825112.17166984],[643080.098136961,4825111.69852087],[643079.138928123,4825114.85182365],[643077.427123448,4825114.32768173],[643076.833170157,4825116.24072662],[643077.427104846,4825116.5126946],[643077.971461074,4825116.76183221],[643078.101165753,4825116.82138845],[643079.964123621,4825117.39001309],[643080.247271498,4825116.55653872]]]}},{"type":"Feature","properties":{"id":"3154014PJ4235S_part3","floors":1,"height":3.1,"heightSource":"Catastro:numberOfFloorsAboveGround"},"geometry":{"type":"Polygon","coordinates":[[[643095.473162954,4825112.11787984],[643092.479824999,4825111.14812323],[643091.470684934,4825114.32159709],[643093.883341497,4825115.09334077],[643092.339422614,4825119.93865549],[643094.992851684,4825120.78957524],[643097.555513295,4825112.80075396],[643095.473162954,4825112.11787984]]]}},{"type":"Feature","properties":{"id":"3154015PJ4235S_part1","floors":1,"height":3.1,"heightSource":"Catastro:numberOfFloorsAboveGround"},"geometry":{"type":"Polygon","coordinates":[[[643074.762986168,4825127.72688217],[643078.106527509,4825128.75544005],[643079.649912155,4825123.9001271],[643080.929950316,4825119.67421953],[643077.541880132,4825118.63731407],[643074.762986168,4825127.72688217]]]}},{"type":"Feature","properties":{"id":"3154015PJ4235S_part2","floors":1,"height":3.1,"heightSource":"Catastro:numberOfFloorsAboveGround"},"geometry":{"type":"Polygon","coordinates":[[[643079.054536043,4825128.17219069],[643077.997157998,4825131.71433187],[643078.330008717,4825131.8161928],[643084.122963302,4825133.54536809],[643085.180834497,4825130.0012252],[643084.600255823,4825129.83321209],[643079.054536043,4825128.17219069]]]}},{"type":"Feature","properties":{"id":"3154015PJ4235S_part3","floors":1,"height":3.1,"heightSource":"Catastro:numberOfFloorsAboveGround"},"geometry":{"type":"Polygon","coordinates":[[[643069.883707469,4825116.26352144],[643068.499089259,4825120.75828866],[643069.830519527,4825121.17373233],[643071.225137678,4825116.67893087],[643069.883707469,4825116.26352144]]]}},{"type":"Feature","properties":{"id":"3154015PJ4235S_part4","floors":1,"height":3.1,"heightSource":"Catastro:numberOfFloorsAboveGround"},"geometry":{"type":"Polygon","coordinates":[[[643068.41620965,4825125.75860175],[643074.762986168,4825127.72688217],[643077.541880132,4825118.63731407],[643071.225137678,4825116.67893087],[643069.830519527,4825121.17373233],[643068.41620965,4825125.75860175]]]}},{"type":"Feature","properties":{"id":"3154015PJ4235S_part5","floors":1,"height":3.1,"heightSource":"Catastro:numberOfFloorsAboveGround"},"geometry":{"type":"Polygon","coordinates":[[[643077.541880132,4825118.63731407],[643080.929950316,4825119.67421953],[643081.222147886,4825118.7092134],[643081.482771926,4825117.8688161],[643080.592306447,4825117.58836338],[643078.101165753,4825116.82138845],[643077.541880132,4825118.63731407]]]}},{"type":"Feature","properties":{"id":"3154016PJ4235S_part1","floors":1,"height":3.1,"heightSource":"Catastro:numberOfFloorsAboveGround"},"geometry":{"type":"Polygon","coordinates":[[[643051.464528249,4825133.32818801],[643047.469145732,4825125.92182463],[643036.848688726,4825131.64772222],[643040.854072897,4825139.05455136],[643051.464528249,4825133.32818801]]]}},{"type":"Feature","properties":{"id":"3154016PJ4235S_part2","floors":1,"height":3.1,"heightSource":"Catastro:numberOfFloorsAboveGround"},"geometry":{"type":"Polygon","coordinates":[[[643061.535657729,4825148.24379229],[643062.198395004,4825146.12151066],[643055.531277966,4825144.0543265],[643054.519841871,4825149.4778214],[643058.523755979,4825150.61411882],[643060.585866759,4825151.22706183],[643061.535657729,4825148.24379229]]]}},{"type":"Feature","properties":{"id":"3154017PJ4235S_part1","floors":1,"height":3.1,"heightSource":"Catastro:numberOfFloorsAboveGround"},"geometry":{"type":"Polygon","coordinates":[[[643030.468921449,4825166.91977305],[643033.438944206,4825158.15955246],[643026.552511274,4825159.21313751],[643027.408395504,4825160.93021707],[643030.468921449,4825166.91977305]]]}},{"type":"Feature","properties":{"id":"3154017PJ4235S_part2","floors":1,"height":3.1,"heightSource":"Catastro:numberOfFloorsAboveGround"},"geometry":{"type":"Polygon","coordinates":[[[643031.148309287,4825134.46725663],[643022.917954324,4825143.28548873],[643029.21815312,4825149.17395161],[643037.458508025,4825140.35568527],[643031.148309287,4825134.46725663]]]}},{"type":"Feature","properties":{"id":"3154018PJ4235S_part1","floors":1,"height":3.1,"heightSource":"Catastro:numberOfFloorsAboveGround"},"geometry":{"type":"Polygon","coordinates":[[[643005.737,4825148.4385],[643010.2625,4825157.4345],[643012.094,4825156.513],[643011.24,4825154.816],[643020.37,4825150.223],[643017.3995,4825144.318],[643012.4235,4825146.821],[643011.7225,4825145.4275],[643005.737,4825148.4385]]]}},{"type":"Feature","properties":{"id":"3154018PJ4235S_part2","floors":1,"height":3.1,"heightSource":"Catastro:numberOfFloorsAboveGround"},"geometry":{"type":"Polygon","coordinates":[[[643016.6985,4825142.9245],[643011.7225,4825145.4275],[643012.4235,4825146.821],[643017.3995,4825144.318],[643016.6985,4825142.9245]]]}},{"type":"Feature","properties":{"id":"3154018PJ4235S_part3","floors":1,"height":3.1,"heightSource":"Catastro:numberOfFloorsAboveGround"},"geometry":{"type":"Polygon","coordinates":[[[643023.29,4825160.6795],[643015.754,4825158.4855],[643014.667,4825162.22],[643020.689,4825163.973],[643022.199,4825164.428],[643023.29,4825160.6795]]]}},{"type":"Feature","properties":{"id":"3251301PJ4235S_part1","floors":3,"height":9.3,"heightSource":"Catastro:numberOfFloorsAboveGround"},"geometry":{"type":"Polygon","coordinates":[[[643128.596,4825046.8195],[643127.3815,4825047.0065],[643128.257,4825052.6845],[643143.146,4825050.127],[643142.6195,4825046.8875],[643138.8145,4825038.7415],[643127.7265,4825040.548],[643128.596,4825046.8195]]]}},{"type":"Feature","properties":{"id":"3251301PJ4235S_part2","floors":2,"height":6.2,"heightSource":"Catastro:numberOfFloorsAboveGround"},"geometry":{"type":"Polygon","coordinates":[[[643138.185,4825037.3935],[643127.5315,4825039.1395],[643127.7265,4825040.548],[643138.8145,4825038.7415],[643138.185,4825037.3935]]]}},{"type":"Feature","properties":{"id":"3251301PJ4235S_part3","floors":2,"height":6.2,"heightSource":"Catastro:numberOfFloorsAboveGround"},"geometry":{"type":"Polygon","coordinates":[[[643128.257,4825052.6845],[643128.4735,4825054.0885],[643143.366,4825051.477],[643143.146,4825050.127],[643128.257,4825052.6845]]]}},{"type":"Feature","properties":{"id":"3251302PJ4235S_part1","floors":3,"height":9.3,"heightSource":"Catastro:numberOfFloorsAboveGround"},"geometry":{"type":"Polygon","coordinates":[[[643167.0145,4825033.5225],[643166.0745,4825031.7425],[643163.0045,4825025.9125],[643158.6845,4825028.1125],[643160.2345,4825031.0925],[643156.8145,4825033.0425],[643159.0945,4825037.6725],[643167.0145,4825033.5225]]]}},{"type":"Feature","properties":{"id":"3251302PJ4235S_part2","floors":2,"height":6.2,"heightSource":"Catastro:numberOfFloorsAboveGround"},"geometry":{"type":"Polygon","coordinates":[[[643154.2245,4825040.2325],[643159.0945,4825037.6725],[643156.8145,4825033.0425],[643160.2345,4825031.0925],[643158.6845,4825028.1125],[643163.0045,4825025.9125],[643162.4145,4825024.7825],[643159.8845,4825021.2025],[643153.3345,4825024.9925],[643152.6845,4825025.3725],[643152.9045,4825025.8125],[643154.8945,4825029.8425],[643151.2745,4825032.0025],[643150.1945,4825032.6425],[643154.2245,4825040.2325]]]}},{"type":"Feature","properties":{"id":"3251303PJ4235S_part1","floors":1,"height":3.1,"heightSource":"Catastro:numberOfFloorsAboveGround"},"geometry":{"type":"Polygon","coordinates":[[[643153.11,4825002.66],[643150.17,4824999.0],[643147.28035,4825001.3097],[643148.3345,4825002.6225],[643150.2215,4825004.9788],[643153.11,4825002.66]]]}},{"type":"Feature","properties":{"id":"3251303PJ4235S_part2","floors":2,"height":6.2,"heightSource":"Catastro:numberOfFloorsAboveGround"},"geometry":{"type":"Polygon","coordinates":[[[643167.39,4825022.5],[643174.96,4825031.92],[643176.91,4825030.35],[643176.08,4825029.32],[643175.3,4825029.95],[643168.56,4825021.56],[643167.39,4825022.5]]]}},{"type":"Feature","properties":{"id":"3251303PJ4235S_part3","floors":3,"height":9.3,"heightSource":"Catastro:numberOfFloorsAboveGround"},"geometry":{"type":"Polygon","coordinates":[[[643168.56,4825021.56],[643175.3,4825029.95],[643176.08,4825029.32],[643175.48,4825028.58],[643177.95,4825026.6],[643178.11,4825026.8],[643180.21,4825025.11],[643180.96,4825026.04],[643181.61,4825025.52],[643182.71,4825026.88],[643186.6,4825023.75],[643185.63,4825022.54],[643186.22,4825022.07],[643185.31,4825020.94],[643183.71,4825022.22],[643181.8,4825019.84],[643182.54,4825019.24],[643180.04,4825016.13],[643177.27,4825018.35],[643174.4,4825020.66],[643173.21,4825019.17],[643172.96,4825019.37],[643173.43,4825019.96],[643171.56,4825021.46],[643170.43,4825020.06],[643168.56,4825021.56]]]}},{"type":"Feature","properties":{"id":"3251303PJ4235S_part4","floors":3,"height":9.3,"heightSource":"Catastro:numberOfFloorsAboveGround"},"geometry":{"type":"Polygon","coordinates":[[[643170.43,4825020.06],[643171.56,4825021.46],[643173.43,4825019.96],[643172.96,4825019.37],[643173.21,4825019.17],[643172.55,4825018.35],[643170.43,4825020.06]]]}},{"type":"Feature","properties":{"id":"3251303PJ4235S_part5","floors":2,"height":6.2,"heightSource":"Catastro:numberOfFloorsAboveGround"},"geometry":{"type":"Polygon","coordinates":[[[643172.55,4825018.35],[643173.21,4825019.17],[643176.08,4825016.87],[643177.27,4825018.35],[643180.04,4825016.13],[643180.9,4825015.44],[643179.05,4825013.14],[643172.55,4825018.35]]]}},{"type":"Feature","properties":{"id":"3251303PJ4235S_part6","floors":2,"height":6.2,"heightSource":"Catastro:numberOfFloorsAboveGround"},"geometry":{"type":"Polygon","coordinates":[[[643173.21,4825019.17],[643174.4,4825020.66],[643177.27,4825018.35],[643176.08,4825016.87],[643173.21,4825019.17]]]}},{"type":"Feature","properties":{"id":"3251303PJ4235S_part7","floors":4,"height":12.4,"heightSource":"Catastro:numberOfFloorsAboveGround"},"geometry":{"type":"Polygon","coordinates":[[[643177.95,4825026.6],[643175.48,4825028.58],[643176.08,4825029.32],[643176.91,4825030.35],[643177.22,4825030.74],[643179.69,4825028.77],[643179.37,4825028.37],[643178.85,4825027.73],[643178.11,4825026.8],[643177.95,4825026.6]]]}},{"type":"Feature","properties":{"id":"3251303PJ4235S_part8","floors":3,"height":9.3,"heightSource":"Catastro:numberOfFloorsAboveGround"},"geometry":{"type":"Polygon","coordinates":[[[643177.22,4825030.74],[643178.34,4825032.13],[643180.8,4825030.15],[643179.69,4825028.77],[643177.22,4825030.74]]]}},{"type":"Feature","properties":{"id":"3251303PJ4235S_part9","floors":2,"height":6.2,"heightSource":"Catastro:numberOfFloorsAboveGround"},"geometry":{"type":"Polygon","coordinates":[[[643185.63,4825022.54],[643186.6,4825023.75],[643182.71,4825026.88],[643181.61,4825025.52],[643180.96,4825026.04],[643180.21,4825025.11],[643178.11,4825026.8],[643178.85,4825027.73],[643179.37,4825028.37],[643181.2,4825026.9],[643181.28,4825027.0],[643181.63,4825027.24],[643182.03,4825027.35],[643182.24,4825027.35],[643182.45,4825027.31],[643182.74,4825027.19],[643187.36,4825023.49],[643186.22,4825022.07],[643185.63,4825022.54]]]}},{"type":"Feature","properties":{"id":"3251303PJ4235S_part10","floors":1,"height":3.1,"heightSource":"Catastro:numberOfFloorsAboveGround"},"geometry":{"type":"Polygon","coordinates":[[[643181.2,4825026.9],[643179.37,4825028.37],[643179.69,4825028.77],[643180.8,4825030.15],[643182.63,4825028.68],[643181.28,4825027.0],[643181.2,4825026.9]]]}},{"type":"Feature","properties":{"id":"3251303PJ4235S_part11","floors":3,"height":9.3,"heightSource":"Catastro:numberOfFloorsAboveGround"},"geometry":{"type":"Polygon","coordinates":[[[643180.04,4825016.13],[643182.54,4825019.24],[643181.8,4825019.84],[643183.71,4825022.22],[643185.31,4825020.94],[643180.9,4825015.44],[643180.04,4825016.13]]]}},{"type":"Feature","properties":{"id":"3251306PJ4235S_part1","floors":2,"height":6.2,"heightSource":"Catastro:numberOfFloorsAboveGround"},"geometry":{"type":"Polygon","coordinates":[[[643137.945,4824924.492],[643152.875,4824915.0925],[643150.775,4824911.7325],[643149.665,4824912.4125],[643147.805,4824909.3725],[643143.725,4824911.862],[643143.005,4824910.702],[643136.395,4824914.752],[643137.055,4824915.712],[643138.265,4824917.642],[643134.605,4824919.992],[643137.945,4824924.492]]]}},{"type":"Feature","properties":{"id":"3251306PJ4235S_part2","floors":1,"height":3.1,"heightSource":"Catastro:numberOfFloorsAboveGround"},"geometry":{"type":"Polygon","coordinates":[[[643144.195,4824925.352],[643139.326,4824930.4375],[643145.002,4824936.345],[643146.4715,4824934.064],[643149.0365,4824930.0825],[643144.195,4824925.352]]]}},{"type":"Feature","properties":{"id":"3251308PJ4235S_part1","floors":1,"height":3.1,"heightSource":"Catastro:numberOfFloorsAboveGround"},"geometry":{"type":"Polygon","coordinates":[[[643044.2735,4824923.371],[643039.7635,4824919.281],[643039.1335,4824920.051],[643036.9135,4824922.781],[643042.0535,4824927.241],[643044.2735,4824923.371]]]}},{"type":"Feature","properties":{"id":"3251308PJ4235S_part2","floors":1,"height":3.1,"heightSource":"Catastro:numberOfFloorsAboveGround"},"geometry":{"type":"Polygon","coordinates":[[[643043.6535,4824903.121],[643040.3635,4824907.621],[643036.8335,4824908.101],[643032.4735,4824904.741],[643028.2435,4824910.371],[643035.4435,4824915.781],[643043.8835,4824914.601],[643049.314,4824907.351],[643043.6535,4824903.121]]]}},{"type":"Feature","properties":{"id":"3251309PJ4235S_part1","floors":1,"height":3.1,"heightSource":"Catastro:numberOfFloorsAboveGround"},"geometry":{"type":"Polygon","coordinates":[[[643006.48,4824925.08],[643008.08,4824927.34],[643021.13,4824918.08],[643019.53,4824915.83],[643013.62,4824920.02],[643011.99,4824921.18],[643006.48,4824925.08]]]}},{"type":"Feature","properties":{"id":"3251309PJ4235S_part2","floors":2,"height":6.2,"heightSource":"Catastro:numberOfFloorsAboveGround"},"geometry":{"type":"Polygon","coordinates":[[[643008.08,4824927.34],[643011.28,4824931.84],[643024.33,4824922.59],[643023.91,4824922.01],[643024.32,4824921.72],[643021.95,4824918.37],[643021.54,4824918.66],[643021.13,4824918.08],[643008.08,4824927.34]]]}},{"type":"Feature","properties":{"id":"3251309PJ4235S_part3","floors":1,"height":3.1,"heightSource":"Catastro:numberOfFloorsAboveGround"},"geometry":{"type":"Polygon","coordinates":[[[643011.28,4824931.84],[643012.87,4824934.1],[643015.73,4824932.07],[643016.02,4824932.48],[643018.95,4824930.4],[643018.67,4824929.99],[643025.92,4824924.84],[643024.33,4824922.59],[643011.28,4824931.84]]]}},{"type":"Feature","properties":{"id":"3251309PJ4235S_part4","floors":1,"height":3.1,"heightSource":"Catastro:numberOfFloorsAboveGround"},"geometry":{"type":"Polygon","coordinates":[[[643019.3425,4824939.644],[643013.508,4824946.173],[643017.599,4824949.8285],[643023.435,4824943.301],[643019.3425,4824939.644]]]}},{"type":"Feature","properties":{"id":"3251310PJ4235S_part1","floors":2,"height":6.2,"heightSource":"Catastro:numberOfFloorsAboveGround"},"geometry":{"type":"Polygon","coordinates":[[[642985.8125,4824945.9405],[642987.5925,4824944.7205],[642989.443,4824943.4605],[642996.373,4824938.7205],[643002.003,4824934.8705],[643004.083,4824933.441],[643000.733,4824928.5805],[642998.653,4824930.0105],[642996.953,4824927.5505],[642996.653,4824927.7505],[642995.403,4824928.6105],[642994.303,4824929.3605],[642990.813,4824931.7605],[642986.073,4824935.0205],[642984.8625,4824935.8605],[642984.4225,4824936.1605],[642986.1025,4824938.6105],[642984.3025,4824939.8405],[642982.4525,4824941.1205],[642980.6925,4824938.5905],[642980.4425,4824938.7605],[642979.1325,4824939.6705],[642974.5425,4824942.8705],[642969.9925,4824946.0405],[642968.6425,4824946.9905],[642968.1925,4824947.3005],[642969.8425,4824949.6805],[642967.7025,4824951.1705],[642971.0825,4824956.0405],[642973.2325,4824954.5405],[642985.8125,4824945.9405]]]}},{"type":"Feature","properties":{"id":"3251314PJ4235S_part1","floors":2,"height":6.2,"heightSource":"Catastro:numberOfFloorsAboveGround"},"geometry":{"type":"Polygon","coordinates":[[[643092.68,4825033.19],[643089.13,4825044.45],[643093.32,4825045.77],[643093.77,4825044.34],[643091.01,4825043.47],[643093.75,4825034.79],[643094.11,4825033.65],[643092.68,4825033.19]]]}},{"type":"Feature","properties":{"id":"3251314PJ4235S_part2","floors":3,"height":9.3,"heightSource":"Catastro:numberOfFloorsAboveGround"},"geometry":{"type":"Polygon","coordinates":[[[643091.01,4825043.47],[643093.77,4825044.34],[643095.94,4825045.02],[643098.69,4825045.89],[643101.43,4825037.21],[643093.75,4825034.79],[643091.01,4825043.47]]]}},{"type":"Feature","properties":{"id":"3251314PJ4235S_part3","floors":3,"height":9.3,"heightSource":"Catastro:numberOfFloorsAboveGround"},"geometry":{"type":"Polygon","coordinates":[[[643093.32,4825045.77],[643095.49,4825046.45],[643095.94,4825045.02],[643093.77,4825044.34],[643093.32,4825045.77]]]}},{"type":"Feature","properties":{"id":"3251314PJ4235S_part4","floors":2,"height":6.2,"heightSource":"Catastro:numberOfFloorsAboveGround"},"geometry":{"type":"Polygon","coordinates":[[[643093.75,4825034.79],[643101.43,4825037.21],[643101.79,4825036.06],[643094.11,4825033.65],[643093.75,4825034.79]]]}},{"type":"Feature","properties":{"id":"3251314PJ4235S_part5","floors":2,"height":6.2,"heightSource":"Catastro:numberOfFloorsAboveGround"},"geometry":{"type":"Polygon","coordinates":[[[643095.49,4825046.45],[643098.24,4825047.32],[643098.69,4825045.89],[643095.94,4825045.02],[643095.49,4825046.45]]]}},{"type":"Feature","properties":{"id":"3251315PJ4235S_part1","floors":3,"height":9.3,"heightSource":"Catastro:numberOfFloorsAboveGround"},"geometry":{"type":"Polygon","coordinates":[[[643118.064,4825052.892],[643117.914,4825053.372],[643118.684,4825053.622],[643119.494,4825053.672],[643120.284,4825053.452],[643120.744,4825053.162],[643121.294,4825052.562],[643121.314,4825049.462],[643122.604,4825045.802],[643122.014,4825045.602],[643122.134,4825044.892],[643122.004,4825043.512],[643121.574,4825041.952],[643121.264,4825041.222],[643122.594,4825037.162],[643122.014,4825036.952],[643122.184,4825036.112],[643122.184,4825034.942],[643122.004,4825033.792],[643121.774,4825033.042],[643121.284,4825031.992],[643122.954,4825027.142],[643122.024,4825026.872],[643122.174,4825026.162],[643122.264,4825024.952],[643122.174,4825024.142],[643121.834,4825022.982],[643121.244,4825021.932],[643122.664,4825017.702],[643122.894,4825017.012],[643121.004,4825016.362],[643120.544,4825015.492],[643120.214,4825015.132],[643119.824,4825014.832],[643118.934,4825014.442],[643118.454,4825014.362],[643117.964,4825014.362],[643117.014,4825014.612],[643116.594,4825014.842],[643115.754,4825014.592],[643112.744,4825023.892],[643112.284,4825025.322],[643109.814,4825033.022],[643108.554,4825036.942],[643107.294,4825040.862],[643105.404,4825046.772],[643105.324,4825047.062],[643105.294,4825047.322],[643105.364,4825047.922],[643105.454,4825048.172],[643105.974,4825048.832],[643106.464,4825049.132],[643106.764,4825049.222],[643118.064,4825052.892]]]}},{"type":"Feature","properties":{"id":"3251319PJ4235S_part1","floors":1,"height":3.1,"heightSource":"Catastro:numberOfFloorsAboveGround"},"geometry":{"type":"Polygon","coordinates":[[[642983.83,4824963.47],[642984.72,4824964.41],[642992.28,4824957.27],[642991.38,4824956.32],[642983.83,4824963.47]]]}},{"type":"Feature","properties":{"id":"3251319PJ4235S_part2","floors":2,"height":6.2,"heightSource":"Catastro:numberOfFloorsAboveGround"},"geometry":{"type":"Polygon","coordinates":[[[642984.43,4824964.69],[642986.07,4824966.42],[642986.27,4824966.49],[642986.46,4824966.57],[642986.88,4824966.66],[642987.3,4824966.67],[642987.72,4824966.61],[642988.12,4824966.48],[642989.57,4824968.01],[642991.9,4824970.48],[643001.02,4824961.86],[643000.61,4824961.42],[642997.65,4824958.3],[642994.6,4824955.07],[642994.46,4824955.21],[642992.28,4824957.27],[642984.72,4824964.41],[642984.43,4824964.69]]]}},{"type":"Feature","properties":{"id":"3251319PJ4235S_part3","floors":1,"height":3.1,"heightSource":"Catastro:numberOfFloorsAboveGround"},"geometry":{"type":"Polygon","coordinates":[[[642988.59,4824968.94],[642989.57,4824968.01],[642988.12,4824966.48],[642987.72,4824966.61],[642987.3,4824966.67],[642986.88,4824966.66],[642986.46,4824966.57],[642986.27,4824966.49],[642988.59,4824968.94]]]}},{"type":"Feature","properties":{"id":"3251319PJ4235S_part4","floors":2,"height":6.2,"heightSource":"Catastro:numberOfFloorsAboveGround"},"geometry":{"type":"Polygon","coordinates":[[[642993.56,4824954.26],[642991.38,4824956.32],[642992.28,4824957.27],[642994.46,4824955.21],[642993.56,4824954.26]]]}},{"type":"Feature","properties":{"id":"3251319PJ4235S_part5","floors":1,"height":3.1,"heightSource":"Catastro:numberOfFloorsAboveGround"},"geometry":{"type":"Polygon","coordinates":[[[643001.41,4824960.66],[642998.45,4824957.54],[642997.65,4824958.3],[643000.61,4824961.42],[643001.41,4824960.66]]]}},{"type":"Feature","properties":{"id":"3353001PJ4235S_part1","floors":1,"height":3.1,"heightSource":"Catastro:numberOfFloorsAboveGround"},"geometry":{"type":"Polygon","coordinates":[[[643168.77,4825102.481],[643166.2485,4825110.0735],[643169.096,4825111.0185],[643171.619,4825103.427],[643168.77,4825102.481]]]}},{"type":"Feature","properties":{"id":"3353001PJ4235S_part2","floors":4,"height":12.4,"heightSource":"Catastro:numberOfFloorsAboveGround"},"geometry":{"type":"Polygon","coordinates":[[[643169.096,4825111.0185],[643173.6545,4825112.5325],[643192.9845,4825102.863],[643194.505,4825098.313],[643180.9445,4825093.7825],[643181.8545,4825095.6025],[643174.5045,4825099.2625],[643173.6045,4825097.4525],[643169.096,4825111.0185]]]}},{"type":"Feature","properties":{"id":"3353001PJ4235S_part3","floors":4,"height":12.4,"heightSource":"Catastro:numberOfFloorsAboveGround"},"geometry":{"type":"Polygon","coordinates":[[[643173.6045,4825097.4525],[643174.5045,4825099.2625],[643181.8545,4825095.6025],[643180.9445,4825093.7825],[643173.6045,4825097.4525]]]}},{"type":"Feature","properties":{"id":"3451102PJ4235S_part1","floors":2,"height":6.2,"heightSource":"Catastro:numberOfFloorsAboveGround"},"geometry":{"type":"Polygon","coordinates":[[[643247.5365,4824924.5835],[643254.3865,4824924.4935],[643254.2665,4824916.3735],[643254.2465,4824914.8435],[643253.6265,4824914.8435],[643249.9165,4824914.8935],[643249.7765,4824911.7735],[643249.0965,4824908.1435],[643244.3865,4824908.2535],[643239.8965,4824908.363],[643240.1165,4824912.703],[643240.2365,4824916.253],[643240.2765,4824917.293],[643244.6065,4824917.1735],[643244.6665,4824919.1635],[643247.3965,4824919.0035],[643247.4665,4824920.5735],[643247.5165,4824923.7635],[643247.5365,4824924.5835]]]}},{"type":"Feature","properties":{"id":"3451102PJ4235S_part2","floors":2,"height":6.2,"heightSource":"Catastro:numberOfFloorsAboveGround"},"geometry":{"type":"Polygon","coordinates":[[[643245.9965,4824923.8235],[643247.5165,4824923.7635],[643247.4665,4824920.5735],[643247.3965,4824919.0035],[643244.6665,4824919.1635],[643244.6065,4824917.1735],[643240.2765,4824917.293],[643240.2365,4824916.253],[643239.1065,4824916.333],[643239.4765,4824924.123],[643243.4065,4824923.9435],[643245.9965,4824923.8235]]]}},{"type":"Feature","properties":{"id":"3452001PJ4235S_part1","floors":1,"height":3.1,"heightSource":"Catastro:numberOfFloorsAboveGround"},"geometry":{"type":"Polygon","coordinates":[[[643257.516,4824996.5535],[643260.956,4824989.6135],[643261.3265,4824988.8035],[643260.556,4824988.4435],[643261.0865,4824987.3135],[643260.026,4824986.8235],[643260.2065,4824986.4335],[643260.9265,4824984.8835],[643262.8365,4824985.7635],[643264.2565,4824982.6935],[643262.1865,4824981.6435],[643261.0065,4824983.9635],[643255.386,4824981.0935],[643252.656,4824986.4335],[643249.616,4824992.3735],[643254.606,4824995.0135],[643256.506,4824996.0135],[643257.516,4824996.5535]]]}},{"type":"Feature","properties":{"id":"3452001PJ4235S_part2","floors":1,"height":3.1,"heightSource":"Catastro:numberOfFloorsAboveGround"},"geometry":{"type":"Polygon","coordinates":[[[643267.7165,4824983.2935],[643264.6965,4824981.8035],[643264.2565,4824982.6935],[643262.8365,4824985.7635],[643260.9265,4824984.8835],[643260.2065,4824986.4335],[643260.026,4824986.8235],[643261.0865,4824987.3135],[643260.556,4824988.4435],[643261.3265,4824988.8035],[643260.956,4824989.6135],[643266.1465,4824992.1835],[643268.0,4824988.430815141],[643268.0,4824983.434230216],[643267.7165,4824983.2935]]]}},{"type":"Feature","properties":{"id":"3452021PJ4235S_part1","floors":1,"height":3.1,"heightSource":"Catastro:numberOfFloorsAboveGround"},"geometry":{"type":"Polygon","coordinates":[[[643265.15,4824951.55],[643265.18,4824953.55],[643268.0,4824953.5021628495],[643268.0,4824951.504032258],[643265.15,4824951.55]]]}},{"type":"Feature","properties":{"id":"3452021PJ4235S_part2","floors":2,"height":6.2,"heightSource":"Catastro:numberOfFloorsAboveGround"},"geometry":{"type":"Polygon","coordinates":[[[643265.18,4824953.55],[643265.24,4824957.59],[643268.0,4824957.543180661],[643268.0,4824953.5021628495],[643265.18,4824953.55]]]}},{"type":"Feature","properties":{"id":"3452021PJ4235S_part3","floors":1,"height":3.1,"heightSource":"Catastro:numberOfFloorsAboveGround"},"geometry":{"type":"Polygon","coordinates":[[[643265.24,4824957.59],[643265.28,4824959.59],[643268.0,4824959.543859202],[643268.0,4824957.543180661],[643265.24,4824957.59]]]}},{"type":"Feature","properties":{"id":"3452022PJ4235S_part1","floors":1,"height":3.1,"heightSource":"Catastro:numberOfFloorsAboveGround"},"geometry":{"type":"Polygon","coordinates":[[[643257.4265,4824962.8335],[643257.5955,4824968.886],[643259.6065,4824969.9335],[643263.3965,4824971.6935],[643263.1765,4824962.6935],[643257.4265,4824962.8335]]]}},{"type":"Feature","properties":{"id":"3452022PJ4235S_part2","floors":1,"height":3.1,"heightSource":"Catastro:numberOfFloorsAboveGround"},"geometry":{"type":"Polygon","coordinates":[[[643247.9965,4824954.2335],[643248.066,4824957.9835],[643250.5165,4824957.9335],[643250.4465,4824954.1835],[643247.9965,4824954.2335]]]}},{"type":"Feature","properties":{"id":"3452022PJ4235S_part3","floors":1,"height":3.1,"heightSource":"Catastro:numberOfFloorsAboveGround"},"geometry":{"type":"Polygon","coordinates":[[[643250.3565,4824948.9335],[643250.4465,4824954.1835],[643250.5165,4824957.9335],[643251.6765,4824957.9135],[643251.5065,4824948.9135],[643250.3565,4824948.9335]]]}},{"type":"Feature","properties":{"id":"3452022PJ4235S_part4","floors":2,"height":6.2,"heightSource":"Catastro:numberOfFloorsAboveGround"},"geometry":{"type":"Polygon","coordinates":[[[643251.5065,4824948.9135],[643251.6765,4824957.9135],[643257.3465,4824957.8035],[643257.2065,4824950.3035],[643254.4665,4824950.3535],[643254.4365,4824948.8535],[643251.5065,4824948.9135]]]}},{"type":"Feature","properties":{"id":"3452022PJ4235S_part6","floors":1,"height":3.1,"heightSource":"Catastro:numberOfFloorsAboveGround"},"geometry":{"type":"Polygon","coordinates":[[[643257.2065,4824950.3035],[643257.3465,4824957.8035],[643258.4965,4824957.7835],[643258.3665,4824950.2835],[643257.2065,4824950.3035]]]}},{"type":"Feature","properties":{"id":"3452022PJ4235S_part7","floors":2,"height":6.2,"heightSource":"Catastro:numberOfFloorsAboveGround"},"geometry":{"type":"Polygon","coordinates":[[[643254.4365,4824948.8535],[643254.4665,4824950.3535],[643257.2065,4824950.3035],[643257.1765,4824948.8035],[643254.4365,4824948.8535]]]}},{"type":"Feature","properties":{"id":"3452023PJ4235S_part1","floors":1,"height":3.1,"heightSource":"Catastro:numberOfFloorsAboveGround"},"geometry":{"type":"Polygon","coordinates":[[[643237.146,4824952.193],[643236.456,4824951.283],[643235.426,4824952.073],[643232.276,4824947.943],[643229.576,4824947.793],[643224.776,4824951.383],[643224.066,4824950.433],[643219.606,4824953.773],[643225.216,4824961.283],[643225.886,4824960.783],[643228.826,4824964.703],[643240.176,4824956.1935],[643239.156,4824954.843],[643237.146,4824952.193]]]}},{"type":"Feature","properties":{"id":"3452024PJ4235S_part1","floors":1,"height":3.1,"heightSource":"Catastro:numberOfFloorsAboveGround"},"geometry":{"type":"Polygon","coordinates":[[[643245.826,4824982.0035],[643252.566,4824976.8235],[643249.746,4824973.1635],[643249.266,4824973.5335],[643250.256,4824974.8235],[643243.996,4824979.6235],[643245.826,4824982.0035]]]}},{"type":"Feature","properties":{"id":"3452024PJ4235S_part2","floors":1,"height":3.1,"heightSource":"Catastro:numberOfFloorsAboveGround"},"geometry":{"type":"Polygon","coordinates":[[[643250.256,4824974.8235],[643249.266,4824973.5335],[643246.116,4824969.4235],[643236.976,4824976.433],[643241.116,4824981.8235],[643243.996,4824979.6235],[643250.256,4824974.8235]]]}}]}
