{"type":"FeatureCollection","name":"carboneras-puntica-buildings","crs":{"type":"name","properties":{"name":"EPSG:25830"}},"source":"Direcci\u00f3n General del Catastro, INSPIRE BU","features":[{"type":"Feature","properties":{"id":"8452201WF9985S_part1","floors":3,"height":9.3,"heightSource":"Catastro:numberOfFloorsAboveGround"},"geometry":{"type":"Polygon","coordinates":[[[598329.957,4095056.5665],[598330.797,4095052.8165],[598332.457,4095044.5465],[598332.787,4095043.1765],[598332.907,4095042.5865],[598332.077,4095042.4065],[598332.307,4095041.4465],[598330.787,4095041.1165],[598329.0,4095040.6353846155],[598329.0,4095056.3791723405],[598329.957,4095056.5665]]]}},{"type":"Feature","properties":{"id":"8452203WF9985S_part1","floors":1,"height":3.1,"heightSource":"Catastro:numberOfFloorsAboveGround"},"geometry":{"type":"Polygon","coordinates":[[[598333.057,4095032.3865],[598332.837,4095033.5265],[598330.787,4095041.1165],[598332.307,4095041.4465],[598332.077,4095042.4065],[598332.907,4095042.5865],[598332.787,4095043.1765],[598340.997,4095045.4265],[598343.747,4095037.4665],[598338.417,4095034.8965],[598333.057,4095032.3865]]]}},{"type":"Feature","properties":{"id":"8454401WF9985S_part1","floors":2,"height":6.2,"heightSource":"Catastro:numberOfFloorsAboveGround"},"geometry":{"type":"Polygon","coordinates":[[[598340.886,4095190.546],[598338.196,4095189.436],[598337.326,4095189.076],[598336.496,4095188.796],[598329.0,4095186.4259909666],[598329.0,4095191.0],[598332.2228219971,4095191.0],[598332.71,4095189.72],[598336.0788888885,4095191.0],[598341.9898431372,4095191.0],[598340.886,4095190.546]]]}},{"type":"Feature","properties":{"id":"8454401WF9985S_part2","floors":3,"height":9.3,"heightSource":"Catastro:numberOfFloorsAboveGround"},"geometry":{"type":"Polygon","coordinates":[[[598332.71,4095189.72],[598332.2228219971,4095191.0],[598336.0788888885,4095191.0],[598332.71,4095189.72]]]}},{"type":"Feature","properties":{"id":"8454402WF9985S_part1","floors":2,"height":6.2,"heightSource":"Catastro:numberOfFloorsAboveGround"},"geometry":{"type":"Polygon","coordinates":[[[598340.886,4095190.546],[598341.9898431372,4095191.0],[598345.0566707978,4095191.0],[598350.4865,4095178.036],[598346.8165,4095176.176],[598346.4765,4095177.476],[598339.8365,4095174.706],[598340.7065,4095172.276],[598337.1465,4095171.236],[598336.0665,4095174.766],[598340.8265,4095176.556],[598341.39035,4095176.76805],[598340.78795,4095178.5992],[598338.33405,4095185.62595],[598338.4547,4095185.6603],[598338.756,4095185.746],[598339.476,4095185.986],[598339.8285,4095186.10665],[598338.6279,4095189.6142],[598340.886,4095190.546]]]}},{"type":"Feature","properties":{"id":"8454403WF9985S_part3","floors":4,"height":12.4,"heightSource":"Catastro:numberOfFloorsAboveGround"},"geometry":{"type":"Polygon","coordinates":[[[598345.1165,4095173.686],[598344.1465,4095175.426],[598345.7965,4095176.356],[598348.7865,4095171.036],[598344.8565,4095168.836],[598342.8565,4095172.416],[598343.8965,4095172.996],[598345.1165,4095173.686]]]}},{"type":"Feature","properties":{"id":"8454403WF9985S_part6","floors":3,"height":9.3,"heightSource":"Catastro:numberOfFloorsAboveGround"},"geometry":{"type":"Polygon","coordinates":[[[598346.9765,4095168.126],[598349.2865,4095169.426],[598350.754,4095166.811],[598348.4385,4095165.5125],[598346.9765,4095168.126]]]}},{"type":"Feature","properties":{"id":"8454403WF9985S_part9","floors":2,"height":6.2,"heightSource":"Catastro:numberOfFloorsAboveGround"},"geometry":{"type":"Polygon","coordinates":[[[598352.725,4095172.8455],[598353.1665,4095173.086],[598354.5865,4095169.786],[598354.6865,4095169.456],[598354.7065,4095169.026],[598354.5765,4095168.606],[598354.3365,4095168.246],[598353.2865,4095167.656],[598353.0405,4095168.0935],[598354.085,4095168.679],[598354.1765,4095168.726],[598354.4365,4095168.876],[598354.1965,4095169.426],[598352.725,4095172.8455]]]}},{"type":"Feature","properties":{"id":"8454403WF9985S_part11","floors":3,"height":9.3,"heightSource":"Catastro:numberOfFloorsAboveGround"},"geometry":{"type":"Polygon","coordinates":[[[598340.9065,4095161.266],[598338.2465,4095168.056],[598337.3465,4095170.596],[598337.1465,4095171.236],[598340.105,4095172.1005],[598340.6265,4095171.166],[598341.4165,4095171.606],[598342.8565,4095172.416],[598344.8565,4095168.836],[598348.7865,4095171.036],[598345.7965,4095176.356],[598344.1465,4095175.426],[598345.1165,4095173.686],[598343.8965,4095172.996],[598342.356,4095175.757],[598346.4765,4095177.476],[598346.8165,4095176.176],[598350.4865,4095178.036],[598351.1995,4095176.3825],[598350.8465,4095176.186],[598352.0165,4095174.106],[598352.725,4095172.8455],[598352.2865,4095172.596],[598354.1065,4095169.376],[598352.7465,4095168.616],[598353.0405,4095168.0935],[598350.754,4095166.811],[598349.2865,4095169.426],[598346.9765,4095168.126],[598348.4385,4095165.5125],[598345.609,4095163.926],[598345.3165,4095164.446],[598343.2165,4095163.276],[598343.5165,4095162.746],[598340.9065,4095161.266]]]}},{"type":"Feature","properties":{"id":"8454405WF9985S_part1","floors":1,"height":3.1,"heightSource":"Catastro:numberOfFloorsAboveGround"},"geometry":{"type":"Polygon","coordinates":[[[598334.9365,4095162.176],[598336.2565,4095158.626],[598331.6265,4095156.126],[598330.2365,4095159.636],[598334.9365,4095162.176]]]}},{"type":"Feature","properties":{"id":"8454405WF9985S_part2","floors":2,"height":6.2,"heightSource":"Catastro:numberOfFloorsAboveGround"},"geometry":{"type":"Polygon","coordinates":[[[598329.5165,4095168.626],[598329.9565,4095168.776],[598331.4965,4095165.106],[598335.5265,4095166.906],[598338.2465,4095168.056],[598340.9065,4095161.266],[598336.2565,4095158.626],[598334.9365,4095162.176],[598330.2365,4095159.636],[598329.7765,4095160.786],[598329.0,4095162.344392361],[598329.0,4095168.3144603176],[598329.5165,4095168.626]]]}},{"type":"Feature","properties":{"id":"8454407WF9985S_part1","floors":3,"height":9.3,"heightSource":"Catastro:numberOfFloorsAboveGround"},"geometry":{"type":"Polygon","coordinates":[[[598331.4965,4095165.106],[598329.9565,4095168.776],[598329.5165,4095168.626],[598329.0,4095173.0450622863],[598329.0,4095174.945930409],[598335.396,4095177.036],[598336.0665,4095174.766],[598337.1465,4095171.236],[598334.47,4095170.31],[598335.5265,4095166.906],[598331.4965,4095165.106]]]}},{"type":"Feature","properties":{"id":"8454408WF9985S_part1","floors":3,"height":9.3,"heightSource":"Catastro:numberOfFloorsAboveGround"},"geometry":{"type":"Polygon","coordinates":[[[598335.396,4095177.036],[598329.0,4095174.945930409],[598329.0,4095186.425984943],[598333.8141,4095187.94805],[598337.1672,4095177.5495],[598335.396,4095177.036]]]}},{"type":"Feature","properties":{"id":"8454408WF9985S_part2","floors":2,"height":6.2,"heightSource":"Catastro:numberOfFloorsAboveGround"},"geometry":{"type":"Polygon","coordinates":[[[598333.8141,4095187.94805],[598336.496,4095188.796],[598337.14995,4095189.0166],[598338.33405,4095185.62595],[598340.78795,4095178.5992],[598340.156,4095178.416],[598337.1672,4095177.5495],[598333.8141,4095187.94805]]]}},{"type":"Feature","properties":{"id":"8552001WF9985S_part1","floors":1,"height":3.1,"heightSource":"Catastro:numberOfFloorsAboveGround"},"geometry":{"type":"Polygon","coordinates":[[[598350.3,4095031.04],[598361.43,4095036.82],[598362.38,4095035.0],[598351.24,4095029.21],[598350.3,4095031.04]]]}},{"type":"Feature","properties":{"id":"8552001WF9985S_part2","floors":2,"height":6.2,"heightSource":"Catastro:numberOfFloorsAboveGround"},"geometry":{"type":"Polygon","coordinates":[[[598369.52,4095021.3],[598358.38,4095015.5],[598351.24,4095029.21],[598362.38,4095035.0],[598369.52,4095021.3]],[[598358.16,4095023.44],[598363.69,4095026.03],[598360.92,4095031.94],[598355.39,4095029.35],[598358.16,4095023.44]]]}},{"type":"Feature","properties":{"id":"8552001WF9985S_part3","floors":3,"height":9.3,"heightSource":"Catastro:numberOfFloorsAboveGround"},"geometry":{"type":"Polygon","coordinates":[[[598360.92,4095031.94],[598363.69,4095026.03],[598358.16,4095023.44],[598355.39,4095029.35],[598360.92,4095031.94]]]}},{"type":"Feature","properties":{"id":"8552002WF9985S_part1","floors":1,"height":3.1,"heightSource":"Catastro:numberOfFloorsAboveGround"},"geometry":{"type":"Polygon","coordinates":[[[598429.0775,4094985.286],[598432.2825,4094981.521],[598429.4775,4094979.746],[598428.6875,4094979.246],[598428.0275,4094978.826],[598425.3475,4094982.906],[598422.1075,4094985.866],[598419.2875,4094988.446],[598414.3575,4094992.946],[598413.5075,4094993.906],[598416.0075,4094995.606],[598417.6175,4094996.696],[598420.4175,4094993.906],[598421.2975,4094993.0295],[598420.3805,4094992.1205],[598422.583,4094989.7545],[598423.607,4094990.7295],[598429.0775,4094985.286]]]}},{"type":"Feature","properties":{"id":"8552003WF9985S_part1","floors":2,"height":6.2,"heightSource":"Catastro:numberOfFloorsAboveGround"},"geometry":{"type":"Polygon","coordinates":[[[598411.1975,4094985.036],[598409.3875,4094987.746],[598409.0675,4094988.326],[598408.4875,4094989.236],[598407.0775,4094991.276],[598412.2375,4094995.576],[598413.5075,4094993.906],[598414.3575,4094992.946],[598419.2875,4094988.446],[598422.1075,4094985.866],[598422.51,4094985.4985],[598419.5975,4094982.466],[598418.8275,4094983.166],[598416.138,4094980.3765],[598413.727,4094982.8255],[598415.8375,4094985.006],[598413.5375,4094987.116],[598411.34,4094984.8075],[598411.1975,4094985.036]]]}},{"type":"Feature","properties":{"id":"8552003WF9985S_part2","floors":1,"height":3.1,"heightSource":"Catastro:numberOfFloorsAboveGround"},"geometry":{"type":"Polygon","coordinates":[[[598416.138,4094980.3765],[598418.8275,4094983.166],[598419.5975,4094982.466],[598422.51,4094985.4985],[598425.3475,4094982.906],[598418.1575,4094978.326],[598416.138,4094980.3765]]]}},{"type":"Feature","properties":{"id":"8552004WF9985S_part1","floors":1,"height":3.1,"heightSource":"Catastro:numberOfFloorsAboveGround"},"geometry":{"type":"Polygon","coordinates":[[[598404.9075,4094974.776],[598402.7475,4094978.076],[598409.5675,4094982.516],[598408.2175,4094984.406],[598408.8275,4094984.876],[598406.7375,4094988.246],[598408.4875,4094989.236],[598409.0675,4094988.326],[598409.3875,4094987.746],[598411.1975,4094985.036],[598411.8775,4094983.946],[598412.1375,4094984.106],[598413.6675,4094982.886],[598418.1575,4094978.326],[598407.1675,4094971.316],[598404.9075,4094974.776]]]}},{"type":"Feature","properties":{"id":"8552005WF9985S_part1","floors":1,"height":3.1,"heightSource":"Catastro:numberOfFloorsAboveGround"},"geometry":{"type":"Polygon","coordinates":[[[598389.8575,4094975.056],[598398.5475,4094980.776],[598400.3575,4094981.966],[598402.7475,4094978.076],[598404.9075,4094974.776],[598407.1675,4094971.316],[598396.5575,4094964.546],[598395.9975,4094965.416],[598394.0975,4094968.406],[598393.47,4094969.39],[598396.79,4094971.5],[598397.36,4094970.61],[598401.22,4094973.06],[598398.29,4094977.69],[598394.44,4094975.25],[598395.16,4094974.12],[598391.802,4094971.991],[598389.8575,4094975.056]]]}},{"type":"Feature","properties":{"id":"8552005WF9985S_part2","floors":2,"height":6.2,"heightSource":"Catastro:numberOfFloorsAboveGround"},"geometry":{"type":"Polygon","coordinates":[[[598392.4775,4094970.946],[598392.2175,4094971.336],[598391.802,4094971.991],[598395.16,4094974.12],[598394.44,4094975.25],[598398.29,4094977.69],[598401.22,4094973.06],[598397.36,4094970.61],[598396.79,4094971.5],[598393.47,4094969.39],[598392.4775,4094970.946]]]}},{"type":"Feature","properties":{"id":"8552006WF9985S_part1","floors":2,"height":6.2,"heightSource":"Catastro:numberOfFloorsAboveGround"},"geometry":{"type":"Polygon","coordinates":[[[598420.4175,4094993.906],[598417.6175,4094996.696],[598421.2875,4094999.196],[598426.1775,4094994.496],[598430.7775,4094990.0825],[598427.629,4094986.727],[598423.607,4094990.729],[598424.466,4094991.496],[598422.184,4094993.924],[598421.297,4094993.03],[598420.4175,4094993.906]]]}},{"type":"Feature","properties":{"id":"8552006WF9985S_part2","floors":1,"height":3.1,"heightSource":"Catastro:numberOfFloorsAboveGround"},"geometry":{"type":"Polygon","coordinates":[[[598427.629,4094986.727],[598430.7775,4094990.0825],[598433.0975,4094987.856],[598429.0775,4094985.286],[598427.629,4094986.727]]]}},{"type":"Feature","properties":{"id":"8552201WF9985S_part1","floors":2,"height":6.2,"heightSource":"Catastro:numberOfFloorsAboveGround"},"geometry":{"type":"Polygon","coordinates":[[[598423.137,4095055.1055],[598430.617,4095047.9155],[598433.437,4095045.1955],[598431.367,4095043.1355],[598428.587,4095045.6955],[598427.997,4095045.0555],[598430.657,4095042.4155],[598427.377,4095039.0455],[598425.467,4095041.1755],[598426.377,4095042.1955],[598424.867,4095043.8755],[598423.867,4095042.8655],[598417.417,4095049.1955],[598420.107,4095051.9755],[598423.137,4095055.1055]],[[598425.787,4095047.1455],[598424.457,4095045.7355],[598426.677,4095043.6455],[598427.997,4095045.0555],[598425.787,4095047.1455]]]}},{"type":"Feature","properties":{"id":"8552201WF9985S_part2","floors":1,"height":3.1,"heightSource":"Catastro:numberOfFloorsAboveGround"},"geometry":{"type":"Polygon","coordinates":[[[598423.867,4095042.8655],[598424.867,4095043.8755],[598426.377,4095042.1955],[598425.467,4095041.1755],[598423.867,4095042.8655]]]}},{"type":"Feature","properties":{"id":"8552201WF9985S_part3","floors":1,"height":3.1,"heightSource":"Catastro:numberOfFloorsAboveGround"},"geometry":{"type":"Polygon","coordinates":[[[598436.387,4095042.3655],[598430.217,4095036.1555],[598427.377,4095039.0455],[598430.657,4095042.4155],[598427.997,4095045.0555],[598428.587,4095045.6955],[598431.367,4095043.1355],[598433.437,4095045.1955],[598436.387,4095042.3655]]]}},{"type":"Feature","properties":{"id":"8552202WF9985S_part1","floors":2,"height":6.2,"heightSource":"Catastro:numberOfFloorsAboveGround"},"geometry":{"type":"Polygon","coordinates":[[[598413.127,4095042.216],[598411.917,4095043.526],[598412.067,4095043.676],[598417.097,4095048.8655],[598417.417,4095049.1955],[598423.867,4095042.8655],[598425.467,4095041.1755],[598427.377,4095039.0455],[598430.217,4095036.1555],[598429.877,4095035.8155],[598424.807,4095030.6955],[598418.627,4095036.8555],[598417.227,4095038.206],[598418.207,4095038.9755],[598420.177,4095037.3955],[598421.437,4095038.5955],[598418.197,4095041.9155],[598415.677,4095039.746],[598413.127,4095042.216]]]}},{"type":"Feature","properties":{"id":"8552203WF9985S_part1","floors":1,"height":3.1,"heightSource":"Catastro:numberOfFloorsAboveGround"},"geometry":{"type":"Polygon","coordinates":[[[598418.627,4095036.8555],[598424.807,4095030.6955],[598424.357,4095030.2455],[598418.407,4095024.256],[598415.247,4095027.626],[598412.437,4095030.526],[598415.057,4095033.326],[598418.407,4095030.166],[598420.317,4095032.0455],[598417.117,4095035.486],[598418.627,4095036.8555]]]}},{"type":"Feature","properties":{"id":"8552203WF9985S_part2","floors":2,"height":6.2,"heightSource":"Catastro:numberOfFloorsAboveGround"},"geometry":{"type":"Polygon","coordinates":[[[598420.317,4095032.0455],[598418.407,4095030.166],[598415.057,4095033.326],[598417.117,4095035.486],[598420.317,4095032.0455]]]}},{"type":"Feature","properties":{"id":"8552204WF9985S_part1","floors":2,"height":6.2,"heightSource":"Catastro:numberOfFloorsAboveGround"},"geometry":{"type":"Polygon","coordinates":[[[598411.327,4095023.756],[598408.467,4095026.636],[598410.75,4095028.873],[598413.537,4095026.006],[598415.247,4095027.626],[598418.407,4095024.256],[598413.477,4095019.296],[598412.217,4095017.996],[598409.357,4095021.626],[598411.327,4095023.756]]]}},{"type":"Feature","properties":{"id":"8552204WF9985S_part2","floors":3,"height":9.3,"heightSource":"Catastro:numberOfFloorsAboveGround"},"geometry":{"type":"Polygon","coordinates":[[[598413.537,4095026.006],[598410.75,4095028.873],[598412.437,4095030.526],[598415.247,4095027.626],[598413.537,4095026.006]]]}},{"type":"Feature","properties":{"id":"8552205WF9985S_part1","floors":3,"height":9.3,"heightSource":"Catastro:numberOfFloorsAboveGround"},"geometry":{"type":"Polygon","coordinates":[[[598400.38,4095030.72],[598401.79,4095032.29],[598402.38,4095032.94],[598403.46,4095034.15],[598404.13,4095034.89],[598405.34,4095036.23],[598406.23,4095037.21],[598407.43,4095038.55],[598408.31,4095039.52],[598409.51,4095040.86],[598410.22,4095041.64],[598411.42,4095042.98],[598411.917,4095043.526],[598413.127,4095042.216],[598415.677,4095039.746],[598415.757,4095039.6665],[598403.62,4095027.53],[598403.36,4095027.79],[598402.07,4095029.05],[598401.71,4095029.4],[598400.59,4095030.51],[598400.38,4095030.72]]]}},{"type":"Feature","properties":{"id":"8552205WF9985S_part2","floors":3,"height":9.3,"heightSource":"Catastro:numberOfFloorsAboveGround"},"geometry":{"type":"Polygon","coordinates":[[[598417.117,4095035.486],[598415.057,4095033.326],[598412.437,4095030.526],[598408.467,4095026.636],[598406.477,4095024.716],[598403.62,4095027.53],[598415.757,4095039.6665],[598417.227,4095038.206],[598417.6895,4095037.7595],[598416.8,4095036.76],[598417.661,4095035.979],[598417.117,4095035.486]]]}},{"type":"Feature","properties":{"id":"8552301WF9985S_part1","floors":3,"height":9.3,"heightSource":"Catastro:numberOfFloorsAboveGround"},"geometry":{"type":"Polygon","coordinates":[[[598436.086,4095026.8365],[598437.637,4095028.4255],[598438.287,4095027.7955],[598437.657,4095027.1455],[598438.507,4095026.3055],[598437.567,4095025.3855],[598436.086,4095026.8365]]]}},{"type":"Feature","properties":{"id":"8552301WF9985S_part2","floors":2,"height":6.2,"heightSource":"Catastro:numberOfFloorsAboveGround"},"geometry":{"type":"Polygon","coordinates":[[[598431.18035,4095029.81625],[598432.357,4095031.0055],[598437.047,4095035.7355],[598440.017,4095038.7355],[598445.347,4095033.6555],[598443.107,4095031.1555],[598442.077,4095030.1855],[598440.197,4095028.4255],[598439.037,4095027.1955],[598439.227,4095027.0255],[598438.507,4095026.3055],[598437.657,4095027.1455],[598438.287,4095027.7955],[598439.547,4095029.0455],[598438.407,4095030.1255],[598437.157,4095028.8455],[598437.637,4095028.4255],[598435.167,4095025.8955],[598434.347,4095026.6955],[598431.18035,4095029.81625]]]}},{"type":"Feature","properties":{"id":"8552302WF9985S_part1","floors":1,"height":3.1,"heightSource":"Catastro:numberOfFloorsAboveGround"},"geometry":{"type":"Polygon","coordinates":[[[598449.427,4095029.7655],[598451.827,4095027.4655],[598445.337,4095021.0755],[598442.827,4095023.5655],[598449.427,4095029.7655]]]}},{"type":"Feature","properties":{"id":"8552302WF9985S_part2","floors":2,"height":6.2,"heightSource":"Catastro:numberOfFloorsAboveGround"},"geometry":{"type":"Polygon","coordinates":[[[598444.137,4095030.1655],[598443.107,4095031.1555],[598445.347,4095033.6555],[598449.427,4095029.7655],[598442.827,4095023.5655],[598440.027,4095026.3355],[598444.137,4095030.1655]]]}},{"type":"Feature","properties":{"id":"8552303WF9985S_part1","floors":1,"height":3.1,"heightSource":"Catastro:numberOfFloorsAboveGround"},"geometry":{"type":"Polygon","coordinates":[[[598433.977,4095021.6955],[598435.3705,4095023.1895],[598436.54,4095022.0],[598435.108,4095020.588],[598433.977,4095021.6955]]]}},{"type":"Feature","properties":{"id":"8552303WF9985S_part2","floors":3,"height":9.3,"heightSource":"Catastro:numberOfFloorsAboveGround"},"geometry":{"type":"Polygon","coordinates":[[[598439.9375,4095015.7455],[598439.7195,4095015.5305],[598436.86,4095018.43],[598437.0395,4095018.6095],[598436.827,4095018.8255],[598435.417,4095020.2855],[598435.108,4095020.588],[598436.54,4095022.0],[598438.83,4095019.68],[598442.801,4095023.591],[598442.827,4095023.5655],[598445.337,4095021.0755],[598444.9785,4095020.7215],[598442.563,4095018.337],[598441.1385,4095016.9315],[598440.072,4095015.878],[598439.9375,4095015.7455]]]}},{"type":"Feature","properties":{"id":"8552303WF9985S_part3","floors":4,"height":12.4,"heightSource":"Catastro:numberOfFloorsAboveGround"},"geometry":{"type":"Polygon","coordinates":[[[598435.3705,4095023.1895],[598435.497,4095023.3255],[598435.947,4095023.7755],[598437.567,4095025.3855],[598438.507,4095026.3055],[598439.227,4095027.0255],[598440.027,4095026.3355],[598442.801,4095023.591],[598438.83,4095019.68],[598436.54,4095022.0],[598435.3705,4095023.1895]]]}},{"type":"Feature","properties":{"id":"8552304WF9985S_part1","floors":4,"height":12.4,"heightSource":"Catastro:numberOfFloorsAboveGround"},"geometry":{"type":"Polygon","coordinates":[[[598427.977,4095014.8855],[598428.107,4095015.8355],[598430.117,4095017.7155],[598430.607,4095018.1555],[598431.557,4095019.0055],[598433.327,4095020.9755],[598433.977,4095021.6955],[598435.417,4095020.2855],[598436.7085,4095018.9485],[598433.76,4095016.18],[598432.61,4095017.43],[598428.874,4095013.9735],[598427.977,4095014.8855]]]}},{"type":"Feature","properties":{"id":"8552304WF9985S_part2","floors":4,"height":12.4,"heightSource":"Catastro:numberOfFloorsAboveGround"},"geometry":{"type":"Polygon","coordinates":[[[598428.874,4095013.9735],[598432.61,4095017.43],[598433.76,4095016.18],[598430.0885,4095012.7385],[598428.874,4095013.9735]]]}},{"type":"Feature","properties":{"id":"8552304WF9985S_part3","floors":3,"height":9.3,"heightSource":"Catastro:numberOfFloorsAboveGround"},"geometry":{"type":"Polygon","coordinates":[[[598436.827,4095018.8255],[598437.0395,4095018.6095],[598436.86,4095018.43],[598439.7195,4095015.5305],[598433.4375,4095009.3455],[598431.0075,4095011.8155],[598430.3475,4095012.4755],[598430.0885,4095012.7385],[598433.76,4095016.18],[598436.7085,4095018.9485],[598436.827,4095018.8255]]]}},{"type":"Feature","properties":{"id":"8552305WF9985S_part1","floors":2,"height":6.2,"heightSource":"Catastro:numberOfFloorsAboveGround"},"geometry":{"type":"Polygon","coordinates":[[[598422.487,4095009.516],[598426.107,4095013.066],[598427.977,4095014.8855],[598430.3475,4095012.4755],[598431.0075,4095011.8155],[598428.9775,4095009.6955],[598426.757,4095011.856],[598423.4075,4095008.666],[598422.487,4095009.516]]]}},{"type":"Feature","properties":{"id":"8552305WF9985S_part2","floors":1,"height":3.1,"heightSource":"Catastro:numberOfFloorsAboveGround"},"geometry":{"type":"Polygon","coordinates":[[[598433.4375,4095009.3455],[598428.2475,4095004.226],[598423.4075,4095008.666],[598426.757,4095011.856],[598428.9775,4095009.6955],[598431.0075,4095011.8155],[598433.4375,4095009.3455]]]}},{"type":"Feature","properties":{"id":"8552306WF9985S_part1","floors":2,"height":6.2,"heightSource":"Catastro:numberOfFloorsAboveGround"},"geometry":{"type":"Polygon","coordinates":[[[598422.487,4095009.516],[598416.517,4095015.016],[598418.769,4095017.29],[598424.774,4095011.759],[598422.487,4095009.516]]]}},{"type":"Feature","properties":{"id":"8552306WF9985S_part2","floors":3,"height":9.3,"heightSource":"Catastro:numberOfFloorsAboveGround"},"geometry":{"type":"Polygon","coordinates":[[[598418.769,4095017.29],[598422.607,4095021.166],[598424.907,4095018.946],[598425.487,4095018.3855],[598427.107,4095016.8055],[598428.107,4095015.8355],[598427.977,4095014.8855],[598426.107,4095013.066],[598424.774,4095011.759],[598418.769,4095017.29]]]}},{"type":"Feature","properties":{"id":"8552307WF9985S_part1","floors":3,"height":9.3,"heightSource":"Catastro:numberOfFloorsAboveGround"},"geometry":{"type":"Polygon","coordinates":[[[598429.7624,4095019.42685],[598430.8356,4095018.36005],[598430.607,4095018.1555],[598430.117,4095017.7155],[598428.107,4095015.8355],[598427.107,4095016.8055],[598429.537,4095019.2055],[598429.7624,4095019.42685]]]}},{"type":"Feature","properties":{"id":"8552307WF9985S_part2","floors":2,"height":6.2,"heightSource":"Catastro:numberOfFloorsAboveGround"},"geometry":{"type":"Polygon","coordinates":[[[598429.7624,4095019.42685],[598429.537,4095019.2055],[598427.107,4095016.8055],[598425.487,4095018.3855],[598424.907,4095018.946],[598422.607,4095021.166],[598425.287,4095023.8755],[598429.7624,4095019.42685]]]}},{"type":"Feature","properties":{"id":"8552308WF9985S_part1","floors":2,"height":6.2,"heightSource":"Catastro:numberOfFloorsAboveGround"},"geometry":{"type":"Polygon","coordinates":[[[598429.7624,4095019.42685],[598425.287,4095023.8755],[598427.7603,4095026.3682],[598432.26955,4095021.88925],[598429.7624,4095019.42685]]]}},{"type":"Feature","properties":{"id":"8552308WF9985S_part2","floors":3,"height":9.3,"heightSource":"Catastro:numberOfFloorsAboveGround"},"geometry":{"type":"Polygon","coordinates":[[[598431.557,4095019.0055],[598430.8356,4095018.36005],[598429.7624,4095019.42685],[598432.26955,4095021.88925],[598433.26215,4095020.9033],[598431.557,4095019.0055]]]}},{"type":"Feature","properties":{"id":"8552309WF9985S_part1","floors":2,"height":6.2,"heightSource":"Catastro:numberOfFloorsAboveGround"},"geometry":{"type":"Polygon","coordinates":[[[598433.26215,4095020.9033],[598432.26955,4095021.88925],[598427.7603,4095026.3682],[598427.837,4095026.4455],[598430.487,4095029.1155],[598431.18035,4095029.81625],[598434.347,4095026.6955],[598433.667,4095026.0055],[598435.947,4095023.7755],[598435.497,4095023.3255],[598433.977,4095021.6955],[598433.327,4095020.9755],[598433.26215,4095020.9033]]]}},{"type":"Feature","properties":{"id":"8553201WF9985S_part1","floors":4,"height":12.4,"heightSource":"Catastro:numberOfFloorsAboveGround"},"geometry":{"type":"Polygon","coordinates":[[[598406.4365,4095128.7455],[598410.7265,4095133.3755],[598413.1165,4095135.9555],[598414.9065,4095134.1955],[598419.7165,4095129.4555],[598421.8065,4095127.3855],[598420.6365,4095126.2155],[598418.2765,4095123.8655],[598413.6865,4095128.4055],[598411.6865,4095126.3355],[598414.0965,4095124.0655],[598412.0065,4095121.7855],[598414.1965,4095119.6555],[598412.3565,4095117.6355],[598410.3965,4095119.5355],[598405.1265,4095124.6755],[598403.8265,4095125.9355],[598406.4365,4095128.7455]]]}},{"type":"Feature","properties":{"id":"8553202WF9985S_part1","floors":1,"height":3.1,"heightSource":"Catastro:numberOfFloorsAboveGround"},"geometry":{"type":"Polygon","coordinates":[[[598412.3565,4095117.6355],[598414.1965,4095119.6555],[598416.2865,4095121.8855],[598418.2765,4095123.8655],[598420.6365,4095126.2155],[598421.8065,4095127.3855],[598422.9365,4095126.2755],[598425.9665,4095123.2955],[598418.0065,4095115.1655],[598416.6865,4095113.8055],[598413.9065,4095116.1255],[598412.3565,4095117.6355]]]}},{"type":"Feature","properties":{"id":"8553204WF9985S_part1","floors":1,"height":3.1,"heightSource":"Catastro:numberOfFloorsAboveGround"},"geometry":{"type":"Polygon","coordinates":[[[598393.4165,4095101.906],[598393.7315,4095102.2475],[598397.126,4095098.8775],[598396.684,4095098.4135],[598393.4165,4095101.906]]]}},{"type":"Feature","properties":{"id":"8553204WF9985S_part2","floors":2,"height":6.2,"heightSource":"Catastro:numberOfFloorsAboveGround"},"geometry":{"type":"Polygon","coordinates":[[[598393.7315,4095102.2475],[598394.307,4095102.8715],[598397.7095,4095099.4445],[598397.126,4095098.8775],[598393.7315,4095102.2475]]]}},{"type":"Feature","properties":{"id":"8553204WF9985S_part3","floors":2,"height":6.2,"heightSource":"Catastro:numberOfFloorsAboveGround"},"geometry":{"type":"Polygon","coordinates":[[[598397.7095,4095099.4445],[598394.307,4095102.8715],[598394.4765,4095103.0555],[598397.026,4095105.8185],[598400.7405,4095102.1805],[598400.405,4095101.8255],[598401.702,4095100.5175],[598402.088,4095100.268],[598402.375,4095100.1615],[598402.677,4095100.106],[598403.136,4095100.1225],[598403.7345,4095100.3005],[598399.217,4095095.7055],[598396.684,4095098.4135],[598397.126,4095098.8775],[598397.7095,4095099.4445]]]}},{"type":"Feature","properties":{"id":"8553204WF9985S_part4","floors":3,"height":9.3,"heightSource":"Catastro:numberOfFloorsAboveGround"},"geometry":{"type":"Polygon","coordinates":[[[598403.136,4095100.1225],[598402.677,4095100.106],[598402.375,4095100.1615],[598402.088,4095100.268],[598401.702,4095100.5175],[598400.405,4095101.8255],[598400.7405,4095102.1805],[598397.026,4095105.8185],[598397.9465,4095106.8155],[598399.4465,4095108.4455],[598399.6935,4095108.6465],[598403.6785,4095104.702],[598405.6835,4095106.724],[598407.917,4095104.5555],[598403.7345,4095100.3005],[598403.136,4095100.1225]]]}},{"type":"Feature","properties":{"id":"8553204WF9985S_part5","floors":4,"height":12.4,"heightSource":"Catastro:numberOfFloorsAboveGround"},"geometry":{"type":"Polygon","coordinates":[[[598403.6785,4095104.702],[598399.6935,4095108.6465],[598400.2565,4095109.1055],[598400.7365,4095109.5155],[598401.7265,4095110.6155],[598402.7865,4095109.5655],[598403.9865,4095108.3855],[598405.1565,4095107.2355],[598405.6835,4095106.724],[598403.6785,4095104.702]]]}},{"type":"Feature","properties":{"id":"8553205WF9985S_part1","floors":1,"height":3.1,"heightSource":"Catastro:numberOfFloorsAboveGround"},"geometry":{"type":"Polygon","coordinates":[[[598395.4565,4095116.9055],[598400.0365,4095112.1655],[598400.2565,4095112.3855],[598401.7265,4095110.6155],[598400.7365,4095109.5155],[598398.7265,4095111.5855],[598397.5665,4095110.3055],[598399.4465,4095108.4455],[598397.9465,4095106.8155],[598394.4765,4095103.0555],[598393.4165,4095101.906],[598391.3865,4095104.076],[598396.6065,4095109.3055],[598394.9465,4095111.0755],[598392.5165,4095108.6555],[598390.0365,4095111.286],[598395.4565,4095116.9055]]]}},{"type":"Feature","properties":{"id":"8553205WF9985S_part2","floors":2,"height":6.2,"heightSource":"Catastro:numberOfFloorsAboveGround"},"geometry":{"type":"Polygon","coordinates":[[[598388.3565,4095107.306],[598387.2865,4095108.446],[598388.3565,4095109.556],[598390.0365,4095111.286],[598392.5165,4095108.6555],[598394.9465,4095111.0755],[598396.6065,4095109.3055],[598391.3865,4095104.076],[598388.3565,4095107.306]]]}},{"type":"Feature","properties":{"id":"8553206WF9985S_part1","floors":2,"height":6.2,"heightSource":"Catastro:numberOfFloorsAboveGround"},"geometry":{"type":"Polygon","coordinates":[[[598401.1165,4095123.0155],[598407.7965,4095116.7355],[598408.8365,4095115.7655],[598405.3365,4095112.1755],[598402.6365,4095114.7055],[598400.2565,4095112.3855],[598400.0365,4095112.1655],[598395.4565,4095116.9055],[598401.1165,4095123.0155]]]}},{"type":"Feature","properties":{"id":"8553206WF9985S_part2","floors":3,"height":9.3,"heightSource":"Catastro:numberOfFloorsAboveGround"},"geometry":{"type":"Polygon","coordinates":[[[598402.6365,4095114.7055],[598405.3365,4095112.1755],[598402.7865,4095109.5655],[598401.7265,4095110.6155],[598400.2565,4095112.3855],[598402.6365,4095114.7055]]]}},{"type":"Feature","properties":{"id":"8553207WF9985S_part1","floors":2,"height":6.2,"heightSource":"Catastro:numberOfFloorsAboveGround"},"geometry":{"type":"Polygon","coordinates":[[[598401.1165,4095123.0155],[598403.8265,4095125.9355],[598405.1265,4095124.6755],[598410.3965,4095119.5355],[598407.7965,4095116.7355],[598401.1165,4095123.0155]]]}},{"type":"Feature","properties":{"id":"8553301WF9985S_part1","floors":3,"height":9.3,"heightSource":"Catastro:numberOfFloorsAboveGround"},"geometry":{"type":"Polygon","coordinates":[[[598429.8165,4095119.7955],[598435.337,4095114.3055],[598433.517,4095112.4155],[598430.497,4095115.1855],[598429.157,4095113.8755],[598426.167,4095110.8755],[598423.5165,4095113.5955],[598429.8165,4095119.7955]]]}},{"type":"Feature","properties":{"id":"8553301WF9985S_part2","floors":4,"height":12.4,"heightSource":"Catastro:numberOfFloorsAboveGround"},"geometry":{"type":"Polygon","coordinates":[[[598429.157,4095113.8755],[598432.047,4095110.8855],[598433.047,4095109.8555],[598429.897,4095107.0555],[598426.167,4095110.8755],[598429.157,4095113.8755]]]}},{"type":"Feature","properties":{"id":"8553302WF9985S_part1","floors":3,"height":9.3,"heightSource":"Catastro:numberOfFloorsAboveGround"},"geometry":{"type":"Polygon","coordinates":[[[598430.267,4095102.4755],[598429.427,4095103.2155],[598429.077,4095103.5355],[598430.047,4095104.5955],[598431.147,4095105.7655],[598429.897,4095107.0555],[598433.047,4095109.8555],[598432.047,4095110.8855],[598433.517,4095112.4155],[598439.082,4095106.889],[598439.027,4095106.8355],[598435.647,4095103.3055],[598434.599,4095102.205],[598432.887,4095103.969],[598430.83,4095101.867],[598430.267,4095102.4755]]]}},{"type":"Feature","properties":{"id":"8553302WF9985S_part2","floors":1,"height":3.1,"heightSource":"Catastro:numberOfFloorsAboveGround"},"geometry":{"type":"Polygon","coordinates":[[[598433.837,4095101.4055],[598432.517,4095100.0455],[598430.83,4095101.867],[598432.887,4095103.969],[598434.599,4095102.205],[598433.837,4095101.4055]]]}},{"type":"Feature","properties":{"id":"8553302WF9985S_part3","floors":2,"height":6.2,"heightSource":"Catastro:numberOfFloorsAboveGround"},"geometry":{"type":"Polygon","coordinates":[[[598433.517,4095112.4155],[598435.337,4095114.3055],[598440.967,4095108.7155],[598439.082,4095106.889],[598433.517,4095112.4155]]]}},{"type":"Feature","properties":{"id":"8553303WF9985S_part1","floors":2,"height":6.2,"heightSource":"Catastro:numberOfFloorsAboveGround"},"geometry":{"type":"Polygon","coordinates":[[[598445.387,4095104.3855],[598451.527,4095098.3955],[598448.637,4095095.4755],[598442.457,4095101.4055],[598445.387,4095104.3855]]]}},{"type":"Feature","properties":{"id":"8553304WF9985S_part1","floors":3,"height":9.3,"heightSource":"Catastro:numberOfFloorsAboveGround"},"geometry":{"type":"Polygon","coordinates":[[[598434.2165,4095101.8035],[598435.647,4095103.3055],[598438.132,4095105.901],[598442.457,4095101.4055],[598438.273,4095097.586],[598434.2165,4095101.8035]]]}},{"type":"Feature","properties":{"id":"8553304WF9985S_part2","floors":2,"height":6.2,"heightSource":"Catastro:numberOfFloorsAboveGround"},"geometry":{"type":"Polygon","coordinates":[[[598437.117,4095095.0955],[598436.3955,4095095.8715],[598438.273,4095097.586],[598442.457,4095101.4055],[598445.027,4095098.939],[598439.376,4095093.003],[598437.117,4095095.0955]]]}},{"type":"Feature","properties":{"id":"8553304WF9985S_part3","floors":2,"height":6.2,"heightSource":"Catastro:numberOfFloorsAboveGround"},"geometry":{"type":"Polygon","coordinates":[[[598438.132,4095105.901],[598439.027,4095106.8355],[598440.967,4095108.7155],[598443.257,4095106.4755],[598445.387,4095104.3855],[598442.457,4095101.4055],[598438.132,4095105.901]]]}},{"type":"Feature","properties":{"id":"8553304WF9985S_part4","floors":1,"height":3.1,"heightSource":"Catastro:numberOfFloorsAboveGround"},"geometry":{"type":"Polygon","coordinates":[[[598448.637,4095095.4755],[598442.937,4095089.7055],[598439.376,4095093.003],[598445.027,4095098.939],[598448.637,4095095.4755]]]}},{"type":"Feature","properties":{"id":"8553306WF9985S_part1","floors":2,"height":6.2,"heightSource":"Catastro:numberOfFloorsAboveGround"},"geometry":{"type":"Polygon","coordinates":[[[598420.487,4095081.3855],[598421.327,4095082.2355],[598422.767,4095080.8655],[598427.197,4095076.6155],[598428.637,4095075.2455],[598420.507,4095067.0255],[598413.427,4095074.2755],[598420.487,4095081.3855]]]}},{"type":"Feature","properties":{"id":"8553308WF9985S_part1","floors":2,"height":6.2,"heightSource":"Catastro:numberOfFloorsAboveGround"},"geometry":{"type":"Polygon","coordinates":[[[598399.247,4095088.346],[598407.397,4095096.8055],[598410.277,4095094.0555],[598410.067,4095093.7755],[598411.477,4095092.5155],[598411.097,4095092.2255],[598409.397,4095090.3755],[598411.507,4095088.4455],[598413.207,4095090.2955],[598413.687,4095089.8255],[598415.127,4095088.4055],[598412.517,4095085.8355],[598410.727,4095087.5755],[598408.727,4095089.5655],[598407.287,4095090.9855],[598404.827,4095088.5355],[598402.017,4095085.5055],[598399.247,4095088.346]]]}},{"type":"Feature","properties":{"id":"8553309WF9985S_part1","floors":1,"height":3.1,"heightSource":"Catastro:numberOfFloorsAboveGround"},"geometry":{"type":"Polygon","coordinates":[[[598407.047,4095097.4155],[598417.447,4095107.6355],[598425.777,4095099.4755],[598423.287,4095096.9255],[598423.047,4095096.6755],[598420.557,4095098.9855],[598417.957,4095096.1955],[598418.957,4095095.2755],[598413.687,4095089.8255],[598413.207,4095090.2955],[598411.097,4095092.2255],[598411.477,4095092.5155],[598410.067,4095093.7755],[598410.277,4095094.0555],[598407.397,4095096.8055],[598407.047,4095097.4155]]]}},{"type":"Feature","properties":{"id":"8553310WF9985S_part1","floors":1,"height":3.1,"heightSource":"Catastro:numberOfFloorsAboveGround"},"geometry":{"type":"Polygon","coordinates":[[[598423.5165,4095113.5955],[598426.167,4095110.8755],[598429.897,4095107.0555],[598431.147,4095105.7655],[598430.047,4095104.5955],[598427.697,4095106.7655],[598424.437,4095103.2255],[598426.787,4095101.0555],[598429.077,4095103.5355],[598429.427,4095103.2155],[598425.777,4095099.4755],[598417.447,4095107.6355],[598423.5165,4095113.5955]]]}},{"type":"Feature","properties":{"id":"8553501WF9985S_part1","floors":1,"height":3.1,"heightSource":"Catastro:numberOfFloorsAboveGround"},"geometry":{"type":"Polygon","coordinates":[[[598392.737,4095036.456],[598382.027,4095042.686],[598363.647,4095053.606],[598363.047,4095056.266],[598374.147,4095073.746],[598379.357,4095070.536],[598370.877,4095057.016],[598385.127,4095048.026],[598390.737,4095057.666],[598401.457,4095051.436],[598392.737,4095036.456]]]}},{"type":"Feature","properties":{"id":"8553501WF9985S_part2","floors":1,"height":3.1,"heightSource":"Catastro:numberOfFloorsAboveGround"},"geometry":{"type":"Polygon","coordinates":[[[598375.437,4095078.036],[598374.617,4095078.346],[598373.877,4095078.816],[598373.247,4095079.416],[598372.737,4095080.126],[598372.397,4095080.936],[598372.207,4095081.786],[598372.197,4095082.666],[598372.367,4095083.526],[598372.697,4095084.326],[598373.187,4095085.056],[598373.807,4095085.676],[598374.537,4095086.156],[598375.347,4095086.476],[598376.567,4095086.646],[598377.437,4095086.566],[598378.267,4095086.306],[598379.037,4095085.886],[598379.707,4095085.316],[598380.247,4095084.636],[598380.647,4095083.856],[598380.877,4095083.016],[598380.937,4095082.136],[598380.827,4095081.276],[598380.547,4095080.446],[598380.097,4095079.686],[598379.517,4095079.036],[598378.757,4095078.486],[598378.027,4095078.146],[598377.177,4095077.936],[598376.857,4095077.926],[598375.437,4095078.036]]]}},{"type":"Feature","properties":{"id":"8553501WF9985S_part3","floors":1,"height":3.1,"heightSource":"Catastro:numberOfFloorsAboveGround"},"geometry":{"type":"Polygon","coordinates":[[[598406.647,4095061.346],[598406.287,4095062.086],[598406.367,4095063.076],[598406.527,4095063.956],[598406.857,4095064.756],[598407.337,4095065.476],[598407.957,4095066.0855],[598408.677,4095066.5655],[598409.477,4095066.8855],[598410.687,4095067.0555],[598411.547,4095066.9655],[598412.367,4095066.7155],[598413.127,4095066.2955],[598413.797,4095065.7355],[598414.327,4095065.0655],[598414.727,4095064.2855],[598414.957,4095063.4555],[598415.017,4095062.5955],[598414.907,4095061.7355],[598414.627,4095060.9155],[598414.187,4095060.1655],[598413.607,4095059.5255],[598412.917,4095059.0055],[598412.127,4095058.6355],[598411.287,4095058.4255],[598410.427,4095058.396],[598409.567,4095058.536],[598408.757,4095058.836],[598408.027,4095059.296],[598407.177,4095060.256],[598406.837,4095060.796],[598406.647,4095061.346]]]}},{"type":"Feature","properties":{"id":"8553801WF9985S_part1","floors":4,"height":12.4,"heightSource":"Catastro:numberOfFloorsAboveGround"},"geometry":{"type":"Polygon","coordinates":[[[598345.2765,4095157.936],[598356.4365,4095164.126],[598361.4365,4095152.416],[598356.9865,4095151.036],[598356.3465,4095152.696],[598355.5465,4095154.036],[598354.2565,4095153.226],[598353.3565,4095154.946],[598352.0665,4095154.146],[598348.0665,4095152.286],[598345.2765,4095157.936]]]}},{"type":"Feature","properties":{"id":"8553801WF9985S_part2","floors":1,"height":3.1,"heightSource":"Catastro:numberOfFloorsAboveGround"},"geometry":{"type":"Polygon","coordinates":[[[598352.9665,4095152.516],[598354.2565,4095153.226],[598355.5465,4095154.036],[598356.3465,4095152.696],[598354.6765,4095151.696],[598356.033,4095149.274],[598355.0365,4095148.826],[598352.9665,4095152.516]]]}},{"type":"Feature","properties":{"id":"8553801WF9985S_part3","floors":2,"height":6.2,"heightSource":"Catastro:numberOfFloorsAboveGround"},"geometry":{"type":"Polygon","coordinates":[[[598354.6765,4095151.696],[598356.3465,4095152.696],[598356.9865,4095151.036],[598357.4165,4095149.896],[598356.033,4095149.274],[598354.6765,4095151.696]]]}},{"type":"Feature","properties":{"id":"8553801WF9985S_part4","floors":3,"height":9.3,"heightSource":"Catastro:numberOfFloorsAboveGround"},"geometry":{"type":"Polygon","coordinates":[[[598354.3465,4095148.386],[598350.7665,4095146.496],[598350.0165,4095148.256],[598348.0665,4095152.286],[598352.0665,4095154.146],[598352.9665,4095152.516],[598355.0365,4095148.826],[598354.3465,4095148.386]]]}},{"type":"Feature","properties":{"id":"8553802WF9985S_part1","floors":2,"height":6.2,"heightSource":"Catastro:numberOfFloorsAboveGround"},"geometry":{"type":"Polygon","coordinates":[[[598348.8765,4095141.106],[598347.9565,4095143.226],[598351.7065,4095144.816],[598355.2765,4095146.716],[598354.3465,4095148.386],[598355.0365,4095148.826],[598357.4165,4095149.896],[598356.9865,4095151.036],[598361.4365,4095152.416],[598366.2865,4095141.246],[598359.0565,4095138.686],[598354.6345,4095137.172],[598352.8565,4095141.846],[598349.222,4095140.3885],[598348.8765,4095141.106]]]}},{"type":"Feature","properties":{"id":"8553803WF9985S_part1","floors":3,"height":9.3,"heightSource":"Catastro:numberOfFloorsAboveGround"},"geometry":{"type":"Polygon","coordinates":[[[598356.226,4095137.717],[598357.4165,4095134.806],[598360.3365,4095136.016],[598359.0565,4095138.686],[598366.2865,4095141.246],[598367.4965,4095138.246],[598371.4165,4095129.346],[598367.4865,4095127.756],[598365.1365,4095125.106],[598362.1965,4095124.326],[598361.5465,4095125.586],[598360.1865,4095124.886],[598360.6665,4095123.956],[598357.0365,4095123.036],[598355.6865,4095126.116],[598358.9665,4095127.626],[598357.7865,4095130.286],[598354.472,4095128.874],[598352.4065,4095133.566],[598351.3165,4095136.036],[598356.226,4095137.717]],[[598359.2065,4095130.936],[598358.8365,4095131.756],[598357.4165,4095131.106],[598357.7865,4095130.286],[598359.2065,4095130.936]]]}},{"type":"Feature","properties":{"id":"8553804WF9985S_part1","floors":3,"height":9.3,"heightSource":"Catastro:numberOfFloorsAboveGround"},"geometry":{"type":"Polygon","coordinates":[[[598364.2465,4095112.626],[598362.7765,4095114.856],[598360.2065,4095118.476],[598362.4865,4095120.026],[598360.6665,4095123.956],[598362.1965,4095124.326],[598365.1365,4095125.106],[598367.4865,4095127.756],[598371.4165,4095129.346],[598376.6565,4095115.546],[598364.5565,4095112.266],[598364.2465,4095112.626]]]}},{"type":"Feature","properties":{"id":"8553804WF9985S_part2","floors":2,"height":6.2,"heightSource":"Catastro:numberOfFloorsAboveGround"},"geometry":{"type":"Polygon","coordinates":[[[598377.9565,4095112.336],[598362.4565,4095107.836],[598361.3965,4095109.436],[598361.7865,4095109.546],[598364.5565,4095112.266],[598376.6565,4095115.546],[598377.9565,4095112.336]]]}},{"type":"Feature","properties":{"id":"8553805WF9985S_part1","floors":3,"height":9.3,"heightSource":"Catastro:numberOfFloorsAboveGround"},"geometry":{"type":"Polygon","coordinates":[[[598349.6865,4095120.616],[598348.7265,4095123.466],[598346.8065,4095128.456],[598345.9565,4095131.046],[598347.7865,4095131.806],[598352.4065,4095133.566],[598355.6865,4095126.116],[598357.0365,4095123.036],[598360.2065,4095118.476],[598362.7765,4095114.856],[598364.2465,4095112.626],[598364.5565,4095112.266],[598361.7865,4095109.546],[598361.3965,4095109.436],[598359.9365,4095111.546],[598350.6465,4095108.306],[598349.2265,4095112.316],[598348.9465,4095113.096],[598351.9365,4095114.086],[598350.99285,4095116.82475],[598349.6865,4095120.616]],[[598355.4165,4095122.186],[598352.2365,4095121.106],[598353.3865,4095118.136],[598356.4865,4095119.336],[598355.4165,4095122.186]]]}},{"type":"Feature","properties":{"id":"8553805WF9985S_part2","floors":1,"height":3.1,"heightSource":"Catastro:numberOfFloorsAboveGround"},"geometry":{"type":"Polygon","coordinates":[[[598348.07,4095115.63],[598348.04215,4095115.7267],[598350.99285,4095116.82475],[598351.9365,4095114.086],[598348.9465,4095113.096],[598348.07,4095115.63]]]}},{"type":"Feature","properties":{"id":"8553806WF9985S_part1","floors":2,"height":6.2,"heightSource":"Catastro:numberOfFloorsAboveGround"},"geometry":{"type":"Polygon","coordinates":[[[598350.6465,4095108.306],[598341.557,4095105.1435],[598340.128,4095109.0395],[598344.8885,4095110.725],[598342.348,4095117.875],[598346.9665,4095119.516],[598348.9765,4095120.316],[598349.6865,4095120.616],[598350.993,4095116.825],[598348.042,4095115.7265],[598347.88,4095116.29],[598345.69,4095115.4],[598347.2,4095111.7],[598349.2265,4095112.316],[598350.6465,4095108.306]]]}},{"type":"Feature","properties":{"id":"8553807WF9985S_part1","floors":3,"height":9.3,"heightSource":"Catastro:numberOfFloorsAboveGround"},"geometry":{"type":"Polygon","coordinates":[[[598348.7265,4095123.466],[598349.6865,4095120.616],[598348.9765,4095120.316],[598346.9665,4095119.516],[598341.1965,4095117.466],[598333.5365,4095114.656],[598331.0865,4095121.196],[598329.2565,4095125.686],[598333.5365,4095127.126],[598332.4065,4095129.706],[598333.7865,4095130.336],[598335.6765,4095131.146],[598335.8565,4095130.836],[598336.2965,4095129.766],[598340.6265,4095132.286],[598339.9965,4095133.796],[598342.9465,4095135.306],[598346.1465,4095136.496],[598346.4365,4095136.596],[598347.7865,4095131.806],[598345.9565,4095131.046],[598346.055,4095130.7455],[598343.1965,4095129.426],[598344.0865,4095127.046],[598339.4265,4095125.236],[598340.3265,4095122.906],[598345.0165,4095124.726],[598345.8165,4095122.536],[598348.688,4095123.5665],[598348.7265,4095123.466]]]}},{"type":"Feature","properties":{"id":"8553807WF9985S_part2","floors":4,"height":12.4,"heightSource":"Catastro:numberOfFloorsAboveGround"},"geometry":{"type":"Polygon","coordinates":[[[598340.3265,4095122.906],[598339.4265,4095125.236],[598344.0865,4095127.046],[598344.1765,4095126.816],[598344.7965,4095125.316],[598345.0165,4095124.726],[598340.3265,4095122.906]]]}},{"type":"Feature","properties":{"id":"8553807WF9985S_part3","floors":2,"height":6.2,"heightSource":"Catastro:numberOfFloorsAboveGround"},"geometry":{"type":"Polygon","coordinates":[[[598344.1765,4095126.816],[598347.0215,4095127.898],[598347.615,4095126.3555],[598344.7965,4095125.316],[598344.1765,4095126.816]]]}},{"type":"Feature","properties":{"id":"8553808WF9985S_part1","floors":2,"height":6.2,"heightSource":"Catastro:numberOfFloorsAboveGround"},"geometry":{"type":"Polygon","coordinates":[[[598335.0026,4095145.5457],[598335.18565,4095145.16205],[598337.9003,4095146.5194],[598337.1965,4095148.246],[598339.6265,4095147.586],[598341.3265,4095148.426],[598343.7265,4095143.276],[598339.9765,4095141.696],[598341.7165,4095138.056],[598342.9465,4095135.306],[598339.9965,4095133.796],[598340.6265,4095132.286],[598336.2965,4095129.766],[598335.8565,4095130.836],[598335.6765,4095131.146],[598333.7865,4095130.336],[598332.4065,4095129.706],[598333.5365,4095127.126],[598329.2565,4095125.686],[598329.0,4095126.3236245587],[598329.0,4095139.2446666667],[598329.28,4095138.69],[598330.35,4095139.23],[598329.29,4095141.31],[598329.0,4095141.162264151],[598329.0,4095142.4987953533],[598334.7865,4095145.436],[598335.0026,4095145.5457]],[[598332.75,4095136.37],[598334.99,4095137.5],[598333.46,4095140.51],[598331.22,4095139.37],[598332.75,4095136.37]]]}},{"type":"Feature","properties":{"id":"8553810WF9985S_part1","floors":2,"height":6.2,"heightSource":"Catastro:numberOfFloorsAboveGround"},"geometry":{"type":"Polygon","coordinates":[[[598331.6788,4095152.5127],[598334.5017,4095153.8618],[598337.1965,4095148.246],[598337.9003,4095146.5194],[598335.18565,4095145.16205],[598331.6788,4095152.5127]]]}},{"type":"Feature","properties":{"id":"8553811WF9985S_part1","floors":3,"height":9.3,"heightSource":"Catastro:numberOfFloorsAboveGround"},"geometry":{"type":"Polygon","coordinates":[[[598335.068,4095152.6815],[598342.2475,4095156.361],[598342.7195,4095155.378],[598345.8385,4095156.7985],[598348.0665,4095152.286],[598350.0165,4095148.256],[598350.7665,4095146.496],[598351.5165,4095144.7355],[598348.637,4095143.5145],[598347.3255,4095146.26],[598344.5255,4095145.08],[598345.8385,4095142.333],[598347.9565,4095143.226],[598348.8765,4095141.106],[598344.8665,4095139.396],[598341.7165,4095138.056],[598339.9765,4095141.696],[598343.7265,4095143.276],[598341.3265,4095148.426],[598340.4185,4095147.9775],[598338.8115,4095151.322],[598336.3315,4095150.0485],[598335.068,4095152.6815]]]}},{"type":"Feature","properties":{"id":"8553811WF9985S_part2","floors":4,"height":12.4,"heightSource":"Catastro:numberOfFloorsAboveGround"},"geometry":{"type":"Polygon","coordinates":[[[598339.6265,4095147.586],[598337.1965,4095148.246],[598336.3315,4095150.0485],[598338.8115,4095151.322],[598340.4185,4095147.9775],[598339.6265,4095147.586]]]}},{"type":"Feature","properties":{"id":"8553811WF9985S_part3","floors":3,"height":9.3,"heightSource":"Catastro:numberOfFloorsAboveGround"},"geometry":{"type":"Polygon","coordinates":[[[598342.7195,4095155.378],[598342.2475,4095156.361],[598344.7165,4095157.626],[598345.2765,4095157.936],[598345.8385,4095156.7985],[598342.7195,4095155.378]]]}},{"type":"Feature","properties":{"id":"8553812WF9985S_part1","floors":2,"height":6.2,"heightSource":"Catastro:numberOfFloorsAboveGround"},"geometry":{"type":"Polygon","coordinates":[[[598341.5365,4095105.136],[598337.5965,4095103.746],[598333.5365,4095114.656],[598341.1965,4095117.466],[598342.34805,4095117.87515],[598344.8884,4095110.7249],[598340.128,4095109.03935],[598341.55725,4095105.14325],[598341.5365,4095105.136]]]}},{"type":"Feature","properties":{"id":"8554005WF9985S_part1","floors":2,"height":6.2,"heightSource":"Catastro:numberOfFloorsAboveGround"},"geometry":{"type":"Polygon","coordinates":[[[598387.569100365,4095191.0],[598396.1147569107,4095191.0],[598396.2565,4095190.7055],[598395.9565,4095190.5755],[598392.53,4095189.07],[598391.3,4095188.98],[598390.6,4095189.15],[598389.91,4095189.5],[598389.29,4095190.1],[598388.91,4095190.73],[598387.8965,4095190.3355],[598387.569100365,4095191.0]]]}},{"type":"Feature","properties":{"id":"8554005WF9985S_part3","floors":1,"height":3.1,"heightSource":"Catastro:numberOfFloorsAboveGround"},"geometry":{"type":"Polygon","coordinates":[[[598396.1765,4095189.8755],[598390.6365,4095187.0255],[598390.1865,4095186.8655],[598389.6665,4095186.9155],[598389.1365,4095187.1755],[598388.8565,4095187.5355],[598388.3565,4095188.9955],[598387.8965,4095190.3355],[598388.91,4095190.73],[598389.29,4095190.1],[598389.91,4095189.5],[598390.6,4095189.15],[598391.3,4095188.98],[598392.53,4095189.07],[598395.9565,4095190.5755],[598396.1765,4095189.8755]]]}},{"type":"Feature","properties":{"id":"8554301WF9985S_part1","floors":1,"height":3.1,"heightSource":"Catastro:numberOfFloorsAboveGround"},"geometry":{"type":"Polygon","coordinates":[[[598419.3865,4095190.1955],[598417.2465,4095188.2655],[598416.4765,4095189.5755],[598417.6965,4095190.4355],[598417.4160251573,4095191.0],[598418.9213984375,4095191.0],[598419.3865,4095190.1955]]]}},{"type":"Feature","properties":{"id":"8554302WF9985S_part1","floors":2,"height":6.2,"heightSource":"Catastro:numberOfFloorsAboveGround"},"geometry":{"type":"Polygon","coordinates":[[[598416.9765,4095187.9855],[598417.2465,4095188.2655],[598419.3865,4095190.1955],[598420.8323683338,4095191.0],[598426.8072142857,4095191.0],[598426.8465,4095190.935],[598422.2365,4095187.5655],[598421.2365,4095186.6455],[598420.1565,4095187.8155],[598418.2465,4095186.0555],[598417.7265,4095186.7855],[598416.9765,4095187.9855]]]}},{"type":"Feature","properties":{"id":"8554303WF9985S_part1","floors":2,"height":6.2,"heightSource":"Catastro:numberOfFloorsAboveGround"},"geometry":{"type":"Polygon","coordinates":[[[598421.2365,4095186.6455],[598422.2365,4095187.5655],[598426.8465,4095190.935],[598428.8065,4095187.685],[598431.2365,4095183.665],[598429.0665,4095181.855],[598425.2565,4095178.6655],[598420.8265,4095184.8755],[598420.2265,4095185.7155],[598421.2365,4095186.6455]]]}},{"type":"Feature","properties":{"id":"8554304WF9985S_part1","floors":2,"height":6.2,"heightSource":"Catastro:numberOfFloorsAboveGround"},"geometry":{"type":"Polygon","coordinates":[[[598403.9865,4095189.7855],[598406.3205111732,4095191.0],[598407.7667956521,4095191.0],[598408.7865,4095189.2755],[598405.4365,4095187.2155],[598403.9865,4095189.7855]]]}},{"type":"Feature","properties":{"id":"8554304WF9985S_part2","floors":3,"height":9.3,"heightSource":"Catastro:numberOfFloorsAboveGround"},"geometry":{"type":"Polygon","coordinates":[[[598408.6565,4095181.4955],[598405.4365,4095187.2155],[598408.7865,4095189.2755],[598409.5165,4095187.8855],[598411.9165,4095189.0155],[598412.8365,4095187.4455],[598413.3865,4095187.6655],[598416.4765,4095189.5755],[598417.2465,4095188.2655],[598416.9765,4095187.9855],[598417.7265,4095186.7855],[598418.2465,4095186.0555],[598418.9865,4095185.0355],[598420.2265,4095185.7155],[598420.8265,4095184.8755],[598425.2565,4095178.6655],[598416.3865,4095171.2555],[598413.319,4095175.314],[598419.841,4095179.869],[598417.107,4095183.849],[598410.5055,4095179.0405],[598408.6565,4095181.4955]]]}},{"type":"Feature","properties":{"id":"8554304WF9985S_part3","floors":4,"height":12.4,"heightSource":"Catastro:numberOfFloorsAboveGround"},"geometry":{"type":"Polygon","coordinates":[[[598411.1265,4095178.2155],[598410.5055,4095179.0405],[598417.107,4095183.849],[598419.841,4095179.869],[598413.319,4095175.314],[598411.1265,4095178.2155]]]}},{"type":"Feature","properties":{"id":"8554305WF9985S_part1","floors":2,"height":6.2,"heightSource":"Catastro:numberOfFloorsAboveGround"},"geometry":{"type":"Polygon","coordinates":[[[598408.6565,4095181.4955],[598411.1265,4095178.2155],[598416.3865,4095171.2555],[598412.2365,4095167.7855],[598412.09295,4095167.6657],[598406.47475,4095175.6888],[598404.1696,4095178.9807],[598404.3565,4095179.0855],[598404.4165,4095179.119],[598408.6565,4095181.4955]]]}},{"type":"Feature","properties":{"id":"8554305WF9985S_part2","floors":3,"height":9.3,"heightSource":"Catastro:numberOfFloorsAboveGround"},"geometry":{"type":"Polygon","coordinates":[[[598400.81845,4095177.1012],[598404.1696,4095178.9807],[598406.41005,4095175.7812],[598403.3901,4095173.4991],[598400.81845,4095177.1012]]]}},{"type":"Feature","properties":{"id":"8554306WF9985S_part1","floors":1,"height":3.1,"heightSource":"Catastro:numberOfFloorsAboveGround"},"geometry":{"type":"Polygon","coordinates":[[[598412.09295,4095167.6657],[598409.24885,4095165.2927],[598403.5396,4095173.2897],[598403.3901,4095173.4991],[598406.41005,4095175.7812],[598406.47475,4095175.6888],[598412.09295,4095167.6657]]]}},{"type":"Feature","properties":{"id":"8554307WF9985S_part1","floors":4,"height":12.4,"heightSource":"Catastro:numberOfFloorsAboveGround"},"geometry":{"type":"Polygon","coordinates":[[[598402.2465,4095172.1355],[598403.7765,4095169.8655],[598402.2565,4095168.8155],[598403.0765,4095167.1855],[598400.8465,4095165.6455],[598400.0665,4095167.2855],[598399.6765,4095167.0155],[598398.4065,4095169.5255],[598402.2465,4095172.1355]]]}},{"type":"Feature","properties":{"id":"8554307WF9985S_part2","floors":3,"height":9.3,"heightSource":"Catastro:numberOfFloorsAboveGround"},"geometry":{"type":"Polygon","coordinates":[[[598400.81845,4095177.1012],[598403.5396,4095173.2897],[598409.24885,4095165.2927],[598409.0365,4095165.1155],[598403.1365,4095160.1755],[598399.6765,4095167.0155],[598400.0665,4095167.2855],[598400.8465,4095165.6455],[598403.0765,4095167.1855],[598402.2565,4095168.8155],[598403.7765,4095169.8655],[598402.2465,4095172.1355],[598398.4065,4095169.5255],[598396.1565,4095173.9755],[598400.5765,4095176.9655],[598400.81845,4095177.1012]]]}},{"type":"Feature","properties":{"id":"8554309WF9985S_part1","floors":1,"height":3.1,"heightSource":"Catastro:numberOfFloorsAboveGround"},"geometry":{"type":"Polygon","coordinates":[[[598416.4765,4095189.5755],[598413.3865,4095187.6655],[598412.8365,4095187.4455],[598411.9165,4095189.0155],[598409.5165,4095187.8855],[598408.7865,4095189.2755],[598407.7667956521,4095191.0],[598415.7357599998,4095191.0],[598416.4765,4095189.5755]]]}},{"type":"Feature","properties":{"id":"8554401WF9985S_part1","floors":3,"height":9.3,"heightSource":"Catastro:numberOfFloorsAboveGround"},"geometry":{"type":"Polygon","coordinates":[[[598428.9465,4095160.8355],[598438.4265,4095170.655],[598445.3965,4095159.285],[598449.5965,4095152.395],[598451.4065,4095149.485],[598450.1365,4095148.205],[598449.4265,4095147.475],[598443.2665,4095141.105],[598442.7765,4095140.605],[598437.0365,4095146.1355],[598437.5265,4095146.6955],[598440.2665,4095149.715],[598438.1565,4095151.825],[598428.9465,4095160.8355]]]}},{"type":"Feature","properties":{"id":"8554403WF9985S_part1","floors":2,"height":6.2,"heightSource":"Catastro:numberOfFloorsAboveGround"},"geometry":{"type":"Polygon","coordinates":[[[598437.0365,4095146.1355],[598442.7765,4095140.605],[598434.8265,4095132.3655],[598428.8565,4095137.8955],[598429.1465,4095138.1955],[598431.3865,4095140.6955],[598429.4265,4095143.1055],[598431.8565,4095145.6355],[598434.3965,4095143.2055],[598432.7665,4095141.4355],[598435.2265,4095139.0655],[598437.2665,4095141.0755],[598435.0265,4095143.8355],[598437.0365,4095146.1355]]]}},{"type":"Feature","properties":{"id":"8554404WF9985S_part1","floors":2,"height":6.2,"heightSource":"Catastro:numberOfFloorsAboveGround"},"geometry":{"type":"Polygon","coordinates":[[[598423.3265,4095132.1555],[598426.0065,4095134.9355],[598427.1465,4095136.1155],[598427.3025,4095136.2775],[598429.85,4095133.84],[598425.8595,4095129.6695],[598423.3265,4095132.1555]]]}},{"type":"Feature","properties":{"id":"8554404WF9985S_part2","floors":1,"height":3.1,"heightSource":"Catastro:numberOfFloorsAboveGround"},"geometry":{"type":"Polygon","coordinates":[[[598428.8565,4095137.8955],[598434.8265,4095132.3655],[598429.1165,4095126.4555],[598426.5565,4095128.9855],[598425.8595,4095129.6695],[598429.85,4095133.84],[598427.3025,4095136.2775],[598428.8565,4095137.8955]]]}},{"type":"Feature","properties":{"id":"8554405WF9985S_part1","floors":3,"height":9.3,"heightSource":"Catastro:numberOfFloorsAboveGround"},"geometry":{"type":"Polygon","coordinates":[[[598428.8565,4095137.8955],[598427.1465,4095136.1155],[598426.0065,4095134.9355],[598423.3265,4095132.1555],[598412.6265,4095142.7155],[598412.9965,4095144.3155],[598421.0165,4095152.6255],[598421.8865,4095153.5255],[598424.9865,4095150.5855],[598423.6565,4095149.3055],[598420.9965,4095146.5255],[598423.6265,4095143.8855],[598426.3515,4095146.47],[598428.8365,4095143.8555],[598426.2265,4095141.4055],[598429.1465,4095138.1955],[598428.8565,4095137.8955]]]}},{"type":"Feature","properties":{"id":"8554405WF9985S_part2","floors":4,"height":12.4,"heightSource":"Catastro:numberOfFloorsAboveGround"},"geometry":{"type":"Polygon","coordinates":[[[598423.6265,4095143.8855],[598420.9965,4095146.5255],[598423.6565,4095149.3055],[598426.3515,4095146.47],[598423.6265,4095143.8855]]]}},{"type":"Feature","properties":{"id":"8554407WF9985S_part1","floors":4,"height":12.4,"heightSource":"Catastro:numberOfFloorsAboveGround"},"geometry":{"type":"Polygon","coordinates":[[[598428.3695,4095155.7985],[598431.211,4095158.62],[598434.0875,4095155.8065],[598431.2065,4095153.0455],[598428.3695,4095155.7985]]]}},{"type":"Feature","properties":{"id":"8554407WF9985S_part2","floors":3,"height":9.3,"heightSource":"Catastro:numberOfFloorsAboveGround"},"geometry":{"type":"Polygon","coordinates":[[[598431.2065,4095153.0455],[598434.0875,4095155.8065],[598438.1565,4095151.825],[598435.3665,4095149.0255],[598431.2065,4095153.0455]]]}},{"type":"Feature","properties":{"id":"8554407WF9985S_part3","floors":2,"height":6.2,"heightSource":"Catastro:numberOfFloorsAboveGround"},"geometry":{"type":"Polygon","coordinates":[[[598440.2665,4095149.715],[598437.5265,4095146.6955],[598435.3665,4095149.0255],[598438.1565,4095151.825],[598440.2665,4095149.715]]]}},{"type":"Feature","properties":{"id":"8554501WF9985S_part1","floors":3,"height":9.3,"heightSource":"Catastro:numberOfFloorsAboveGround"},"geometry":{"type":"Polygon","coordinates":[[[598374.2965,4095174.2455],[598377.9665,4095176.2355],[598387.7465,4095181.4755],[598391.4265,4095174.2955],[598385.9265,4095171.1555],[598381.5765,4095168.9555],[598381.1065,4095168.6655],[598383.8665,4095162.9355],[598380.1965,4095161.2655],[598378.7165,4095164.2955],[598374.2965,4095174.2455]]]}},{"type":"Feature","properties":{"id":"8554502WF9985S_part1","floors":4,"height":12.4,"heightSource":"Catastro:numberOfFloorsAboveGround"},"geometry":{"type":"Polygon","coordinates":[[[598384.4065,4095161.9255],[598383.8665,4095162.9355],[598381.1065,4095168.6655],[598381.5765,4095168.9555],[598385.9265,4095171.1555],[598386.53,4095171.5],[598391.42,4095162.15],[598389.22,4095161.0],[598388.44,4095162.49],[598385.0615,4095160.7005],[598384.4065,4095161.9255]]]}},{"type":"Feature","properties":{"id":"8554502WF9985S_part2","floors":3,"height":9.3,"heightSource":"Catastro:numberOfFloorsAboveGround"},"geometry":{"type":"Polygon","coordinates":[[[598391.42,4095162.15],[598386.53,4095171.5],[598391.4265,4095174.2955],[598396.2565,4095165.0055],[598398.0965,4095161.4755],[598397.5965,4095161.0855],[598394.2165,4095158.4655],[598392.0165,4095156.7955],[598391.6265,4095156.4855],[598389.7265,4095160.0555],[598389.22,4095161.0],[598391.42,4095162.15]]]}},{"type":"Feature","properties":{"id":"8554503WF9985S_part1","floors":2,"height":6.2,"heightSource":"Catastro:numberOfFloorsAboveGround"},"geometry":{"type":"Polygon","coordinates":[[[598385.8165,4095157.7455],[598386.4665,4095158.1255],[598388.2665,4095159.1855],[598389.7265,4095160.0555],[598391.6265,4095156.4855],[598392.0165,4095156.7955],[598394.2165,4095158.4655],[598397.5965,4095161.0855],[598398.0965,4095161.4755],[598402.8965,4095152.4055],[598399.5365,4095150.7955],[598399.3065,4095151.3355],[598398.2765,4095150.7955],[598395.3565,4095149.2855],[598394.3765,4095151.0555],[598393.5765,4095152.7355],[598393.9465,4095152.9955],[598393.212,4095154.436],[598391.4565,4095153.5455],[598390.0,4095156.32],[598387.11,4095154.816],[598385.8165,4095157.7455]]]}},{"type":"Feature","properties":{"id":"8554504WF9985S_part1","floors":2,"height":6.2,"heightSource":"Catastro:numberOfFloorsAboveGround"},"geometry":{"type":"Polygon","coordinates":[[[598398.2765,4095150.7955],[598399.3065,4095151.3355],[598399.5365,4095150.7955],[598399.2465,4095150.4755],[598399.7665,4095149.3455],[598403.4865,4095151.2955],[598402.8965,4095152.4055],[598403.4965,4095152.7855],[598406.2965,4095147.2255],[598406.4965,4095146.1155],[598399.2365,4095142.3855],[598396.2465,4095147.6655],[598395.3565,4095149.2855],[598398.2765,4095150.7955]]]}},{"type":"Feature","properties":{"id":"8554505WF9985S_part1","floors":1,"height":3.1,"heightSource":"Catastro:numberOfFloorsAboveGround"},"geometry":{"type":"Polygon","coordinates":[[[598379.196,4095144.615],[598378.076,4095147.005],[598378.3285,4095147.124],[598384.867,4095150.206],[598388.362,4095151.978],[598391.4565,4095153.5455],[598393.212,4095154.436],[598393.9465,4095152.9955],[598393.5765,4095152.7355],[598394.3765,4095151.0555],[598395.3565,4095149.2855],[598396.2465,4095147.6655],[598399.2365,4095142.3855],[598390.661,4095137.8925],[598390.037,4095137.566],[598391.5665,4095135.1755],[598387.0365,4095132.9655],[598386.4265,4095134.2955],[598383.7635,4095133.175],[598383.336,4095132.996],[598382.726,4095134.296],[598381.956,4095136.011],[598381.086,4095137.946],[598381.4765,4095138.1255],[598387.096,4095140.345],[598386.096,4095142.255],[598387.306,4095143.025],[598385.826,4095146.146],[598384.306,4095145.706],[598379.627,4095143.505],[598379.196,4095144.615]],[[598389.247,4095148.555],[598391.117,4095144.936],[598389.527,4095144.115],[598391.497,4095140.396],[598394.836,4095142.095],[598392.726,4095145.845],[598390.676,4095149.296],[598389.247,4095148.555]]]}},{"type":"Feature","properties":{"id":"8554505WF9985S_part2","floors":2,"height":6.2,"heightSource":"Catastro:numberOfFloorsAboveGround"},"geometry":{"type":"Polygon","coordinates":[[[598392.726,4095145.845],[598394.836,4095142.095],[598391.497,4095140.396],[598389.527,4095144.115],[598391.117,4095144.936],[598389.247,4095148.555],[598390.676,4095149.296],[598392.726,4095145.845]]]}},{"type":"Feature","properties":{"id":"8554506WF9985S_part1","floors":3,"height":9.3,"heightSource":"Catastro:numberOfFloorsAboveGround"},"geometry":{"type":"Polygon","coordinates":[[[598392.1665,4095135.4715],[598397.9545,4095126.163],[598397.4765,4095125.7655],[598390.041,4095119.585],[598385.0155,4095130.4645],[598386.8565,4095131.3155],[598387.0365,4095132.9655],[598391.5665,4095135.1755],[598392.1665,4095135.4715]]]}},{"type":"Feature","properties":{"id":"8554507WF9985S_part1","floors":3,"height":9.3,"heightSource":"Catastro:numberOfFloorsAboveGround"},"geometry":{"type":"Polygon","coordinates":[[[598378.9865,4095123.366],[598377.9565,4095125.406],[598382.09,4095127.38],[598383.2815,4095124.8875],[598379.2665,4095122.666],[598378.9865,4095123.366]]]}},{"type":"Feature","properties":{"id":"8554507WF9985S_part2","floors":2,"height":6.2,"heightSource":"Catastro:numberOfFloorsAboveGround"},"geometry":{"type":"Polygon","coordinates":[[[598385.654,4095129.082],[598386.7085,4095126.7995],[598390.041,4095119.585],[598389.5965,4095119.2155],[598389.2965,4095118.9655],[598388.6265,4095118.6355],[598388.8365,4095118.3955],[598387.6165,4095117.316],[598387.4665,4095117.576],[598385.1065,4095115.566],[598385.3665,4095115.306],[598384.2265,4095114.306],[598382.6265,4095114.926],[598382.1365,4095116.096],[598382.4965,4095116.196],[598381.4265,4095118.396],[598381.1065,4095118.236],[598380.3965,4095119.716],[598380.6465,4095119.816],[598380.0065,4095121.266],[598379.6965,4095121.086],[598378.9565,4095122.536],[598379.2665,4095122.666],[598383.2815,4095124.8875],[598382.09,4095127.38],[598385.654,4095129.082]]]}},{"type":"Feature","properties":{"id":"8554508WF9985S_part1","floors":2,"height":6.2,"heightSource":"Catastro:numberOfFloorsAboveGround"},"geometry":{"type":"Polygon","coordinates":[[[598382.726,4095134.296],[598383.336,4095132.996],[598383.7635,4095133.175],[598385.65415,4095129.082],[598382.09,4095127.38],[598377.9565,4095125.406],[598376.6765,4095128.276],[598375.5165,4095130.886],[598375.4954,4095130.93525],[598382.68965,4095134.37695],[598382.726,4095134.296]]]}},{"type":"Feature","properties":{"id":"8554509WF9985S_part1","floors":2,"height":6.2,"heightSource":"Catastro:numberOfFloorsAboveGround"},"geometry":{"type":"Polygon","coordinates":[[[598382.6895,4095134.377],[598375.4955,4095130.9355],[598375.1805,4095131.671],[598374.7595,4095132.6535],[598373.9065,4095134.646],[598371.2965,4095140.616],[598370.1465,4095143.266],[598369.8215,4095144.013],[598378.141,4095147.587],[598378.3285,4095147.124],[598378.076,4095147.005],[598379.196,4095144.615],[598379.627,4095143.505],[598379.346,4095143.405],[598379.726,4095142.575],[598381.4765,4095138.1255],[598379.139,4095137.191],[598379.9795,4095135.089],[598381.956,4095136.011],[598382.6895,4095134.377]]]}},{"type":"Feature","properties":{"id":"8554509WF9985S_part2","floors":1,"height":3.1,"heightSource":"Catastro:numberOfFloorsAboveGround"},"geometry":{"type":"Polygon","coordinates":[[[598379.9795,4095135.089],[598379.139,4095137.191],[598381.4765,4095138.1255],[598381.086,4095137.946],[598381.956,4095136.011],[598379.9795,4095135.089]]]}},{"type":"Feature","properties":{"id":"8554511WF9985S_part1","floors":1,"height":3.1,"heightSource":"Catastro:numberOfFloorsAboveGround"},"geometry":{"type":"Polygon","coordinates":[[[598365.5865,4095153.746],[598365.351,4095154.2955],[598368.6965,4095155.847],[598368.638,4095152.615],[598366.133,4095152.4905],[598365.5865,4095153.746]]]}},{"type":"Feature","properties":{"id":"8554511WF9985S_part2","floors":2,"height":6.2,"heightSource":"Catastro:numberOfFloorsAboveGround"},"geometry":{"type":"Polygon","coordinates":[[[598369.8215,4095144.013],[598366.133,4095152.4905],[598368.638,4095152.615],[598368.6965,4095155.847],[598370.101,4095152.618],[598373.212,4095145.4695],[598369.8215,4095144.013]]]}},{"type":"Feature","properties":{"id":"8554511WF9985S_part3","floors":4,"height":12.4,"heightSource":"Catastro:numberOfFloorsAboveGround"},"geometry":{"type":"Polygon","coordinates":[[[598368.6965,4095155.847],[598371.162,4095156.9905],[598374.044,4095158.3265],[598376.4665,4095159.45],[598376.7065,4095159.5755],[598377.4765,4095159.7755],[598380.1965,4095161.2655],[598381.3465,4095158.5055],[598381.745,4095157.624],[598378.712,4095156.32],[598370.101,4095152.618],[598368.6965,4095155.847]]]}},{"type":"Feature","properties":{"id":"8554511WF9985S_part4","floors":3,"height":9.3,"heightSource":"Catastro:numberOfFloorsAboveGround"},"geometry":{"type":"Polygon","coordinates":[[[598370.101,4095152.618],[598378.712,4095156.32],[598381.933,4095148.823],[598378.3285,4095147.124],[598378.141,4095147.587],[598373.212,4095145.4695],[598370.101,4095152.618]]]}},{"type":"Feature","properties":{"id":"8554512WF9985S_part1","floors":3,"height":9.3,"heightSource":"Catastro:numberOfFloorsAboveGround"},"geometry":{"type":"Polygon","coordinates":[[[598359.7965,4095167.246],[598360.92,4095167.79],[598362.11,4095165.03],[598360.961,4095164.5305],[598359.7965,4095167.246]]]}},{"type":"Feature","properties":{"id":"8554512WF9985S_part2","floors":3,"height":9.3,"heightSource":"Catastro:numberOfFloorsAboveGround"},"geometry":{"type":"Polygon","coordinates":[[[598362.11,4095165.03],[598360.92,4095167.79],[598363.39,4095168.98],[598370.879,4095172.5995],[598376.7065,4095159.5755],[598376.4665,4095159.45],[598374.044,4095158.3265],[598373.819,4095158.222],[598372.68,4095160.67],[598370.16,4095159.43],[598371.27,4095157.0405],[598371.162,4095156.9905],[598365.351,4095154.2955],[598360.961,4095164.5305],[598362.11,4095165.03]],[[598365.06,4095163.48],[598366.34,4095160.65],[598369.06,4095161.84],[598371.78,4095162.99],[598370.61,4095165.85],[598367.84,4095164.66],[598365.06,4095163.48]]]}},{"type":"Feature","properties":{"id":"8554512WF9985S_part3","floors":3,"height":9.3,"heightSource":"Catastro:numberOfFloorsAboveGround"},"geometry":{"type":"Polygon","coordinates":[[[598366.34,4095160.65],[598365.06,4095163.48],[598367.84,4095164.66],[598369.06,4095161.84],[598366.34,4095160.65]]]}},{"type":"Feature","properties":{"id":"8554512WF9985S_part4","floors":1,"height":3.1,"heightSource":"Catastro:numberOfFloorsAboveGround"},"geometry":{"type":"Polygon","coordinates":[[[598367.84,4095164.66],[598370.61,4095165.85],[598371.78,4095162.99],[598369.06,4095161.84],[598367.84,4095164.66]]]}},{"type":"Feature","properties":{"id":"8554512WF9985S_part5","floors":1,"height":3.1,"heightSource":"Catastro:numberOfFloorsAboveGround"},"geometry":{"type":"Polygon","coordinates":[[[598370.16,4095159.43],[598372.68,4095160.67],[598373.819,4095158.222],[598371.27,4095157.0405],[598370.16,4095159.43]]]}},{"type":"Feature","properties":{"id":"8554513WF9985S_part1","floors":2,"height":6.2,"heightSource":"Catastro:numberOfFloorsAboveGround"},"geometry":{"type":"Polygon","coordinates":[[[598376.7065,4095159.5755],[598370.7465,4095172.8955],[598374.2965,4095174.2455],[598378.7165,4095164.2955],[598376.3565,4095162.8955],[598377.4765,4095159.7755],[598376.7065,4095159.5755]]]}},{"type":"Feature","properties":{"id":"8554603WF9985S_part1","floors":1,"height":3.1,"heightSource":"Catastro:numberOfFloorsAboveGround"},"geometry":{"type":"Polygon","coordinates":[[[598363.45,4095187.9],[598362.98355,4095189.21455],[598362.79,4095189.76],[598359.49,4095188.31],[598359.36,4095188.55],[598358.61,4095190.29],[598358.326,4095190.936],[598358.5026347052,4095191.0],[598366.6462147967,4095191.0],[598366.96645,4095190.1485],[598367.0454,4095189.9385],[598367.306,4095189.2455],[598363.466,4095187.9055],[598363.45,4095187.9]]]}},{"type":"Feature","properties":{"id":"8554604WF9985S_part1","floors":2,"height":6.2,"heightSource":"Catastro:numberOfFloorsAboveGround"},"geometry":{"type":"Polygon","coordinates":[[[598367.9653,4095187.4982],[598364.09,4095186.11],[598364.011,4095186.331],[598363.45,4095187.9],[598363.466,4095187.9055],[598367.306,4095189.2455],[598367.88925,4095187.69975],[598367.9653,4095187.4982]]]}},{"type":"Feature","properties":{"id":"8554605WF9985S_part1","floors":2,"height":6.2,"heightSource":"Catastro:numberOfFloorsAboveGround"},"geometry":{"type":"Polygon","coordinates":[[[598354.205,4095180.8245],[598354.17,4095180.81],[598353.2345,4095183.049],[598352.266,4095185.266],[598352.255,4095185.292],[598352.2915,4095185.3055],[598353.452,4095185.733],[598355.1315,4095186.352],[598355.18,4095186.37],[598359.598,4095187.989],[598361.3525,4095183.8325],[598358.02,4095182.43],[598354.205,4095180.8245]]]}},{"type":"Feature","properties":{"id":"8554605WF9985S_part2","floors":2,"height":6.2,"heightSource":"Catastro:numberOfFloorsAboveGround"},"geometry":{"type":"Polygon","coordinates":[[[598356.788,4095174.737],[598356.144,4095176.1315],[598356.171,4095176.143],[598360.02,4095177.78],[598359.7515,4095178.4055],[598359.17,4095179.76],[598358.743,4095180.7515],[598362.0565,4095182.1645],[598363.4275,4095178.9175],[598365.225,4095174.659],[598362.8135,4095173.4155],[598361.767,4095175.692],[598357.296,4095173.6375],[598356.788,4095174.737]]]}},{"type":"Feature","properties":{"id":"8554605WF9985S_part3","floors":2,"height":6.2,"heightSource":"Catastro:numberOfFloorsAboveGround"},"geometry":{"type":"Polygon","coordinates":[[[598359.2305,4095171.5675],[598358.44,4095171.16],[598357.7205,4095172.7185],[598357.296,4095173.6375],[598361.767,4095175.692],[598362.8135,4095173.4155],[598359.2305,4095171.5675]]]}},{"type":"Feature","properties":{"id":"8554605WF9985S_part4","floors":1,"height":3.1,"heightSource":"Catastro:numberOfFloorsAboveGround"},"geometry":{"type":"Polygon","coordinates":[[[598358.02,4095182.43],[598361.3525,4095183.8325],[598362.0565,4095182.1645],[598358.743,4095180.7515],[598358.02,4095182.43]]]}},{"type":"Feature","properties":{"id":"8554605WF9985S_part5","floors":3,"height":9.3,"heightSource":"Catastro:numberOfFloorsAboveGround"},"geometry":{"type":"Polygon","coordinates":[[[598359.49,4095188.31],[598362.79,4095189.76],[598362.9835,4095189.2145],[598363.45,4095187.9],[598364.011,4095186.331],[598364.09,4095186.11],[598364.706,4095184.6605],[598368.4735,4095186.262],[598371.84,4095178.07],[598366.9775,4095175.5625],[598365.238,4095179.7005],[598363.4275,4095178.9175],[598362.0565,4095182.1645],[598361.3525,4095183.8325],[598359.598,4095187.989],[598359.49,4095188.31]]]}},{"type":"Feature","properties":{"id":"8554605WF9985S_part6","floors":3,"height":9.3,"heightSource":"Catastro:numberOfFloorsAboveGround"},"geometry":{"type":"Polygon","coordinates":[[[598363.4275,4095178.9175],[598365.238,4095179.7005],[598366.9775,4095175.5625],[598365.225,4095174.659],[598363.4275,4095178.9175]]]}},{"type":"Feature","properties":{"id":"8554605WF9985S_part7","floors":2,"height":6.2,"heightSource":"Catastro:numberOfFloorsAboveGround"},"geometry":{"type":"Polygon","coordinates":[[[598364.706,4095184.6605],[598364.09,4095186.11],[598367.9655,4095187.498],[598368.4735,4095186.262],[598364.706,4095184.6605]]]}},{"type":"Feature","properties":{"id":"8554606WF9985S_part1","floors":1,"height":3.1,"heightSource":"Catastro:numberOfFloorsAboveGround"},"geometry":{"type":"Polygon","coordinates":[[[598358.02,4095182.43],[598359.17,4095179.76],[598359.75145,4095178.4055],[598360.02,4095177.78],[598356.1708,4095176.1431],[598356.14,4095176.13],[598354.17,4095180.81],[598354.20485,4095180.82465],[598358.02,4095182.43]]]}},{"type":"Feature","properties":{"id":"8554608WF9985S_part1","floors":2,"height":6.2,"heightSource":"Catastro:numberOfFloorsAboveGround"},"geometry":{"type":"Polygon","coordinates":[[[598349.916,4095190.756],[598349.8123,4095191.0],[598353.1190258135,4095191.0],[598355.1315,4095186.352],[598353.452,4095185.733],[598352.129,4095188.841],[598350.929,4095188.389],[598349.916,4095190.756]]]}},{"type":"Feature","properties":{"id":"8554608WF9985S_part2","floors":3,"height":9.3,"heightSource":"Catastro:numberOfFloorsAboveGround"},"geometry":{"type":"Polygon","coordinates":[[[598353.1190258135,4095191.0],[598358.2987058824,4095191.0],[598358.326,4095190.936],[598358.61,4095190.29],[598359.36,4095188.55],[598359.49,4095188.31],[598359.598,4095187.989],[598357.172,4095187.1],[598355.18,4095186.37],[598355.1315,4095186.352],[598353.1190258135,4095191.0]]]}},{"type":"Feature","properties":{"id":"8554608WF9985S_part3","floors":2,"height":6.2,"heightSource":"Catastro:numberOfFloorsAboveGround"},"geometry":{"type":"Polygon","coordinates":[[[598352.255,4095185.292],[598350.929,4095188.389],[598352.129,4095188.841],[598353.452,4095185.733],[598352.255,4095185.292]]]}},{"type":"Feature","properties":{"id":"8554701WF9985S_part1","floors":2,"height":6.2,"heightSource":"Catastro:numberOfFloorsAboveGround"},"geometry":{"type":"Polygon","coordinates":[[[598378.2365,4095190.8755],[598378.4465,4095190.4655],[598375.2365,4095188.8255],[598371.8465,4095187.0955],[598370.3285049028,4095191.0],[598378.4917250002,4095191.0],[598378.2365,4095190.8755]]]}},{"type":"Feature","properties":{"id":"8554705WF9985S_part1","floors":2,"height":6.2,"heightSource":"Catastro:numberOfFloorsAboveGround"},"geometry":{"type":"Polygon","coordinates":[[[598371.8465,4095187.0955],[598374.687,4095188.545],[598375.0665,4095187.7755],[598372.1465,4095186.3455],[598371.8465,4095187.0955]]]}},{"type":"Feature","properties":{"id":"8554705WF9985S_part2","floors":3,"height":9.3,"heightSource":"Catastro:numberOfFloorsAboveGround"},"geometry":{"type":"Polygon","coordinates":[[[598386.1265,4095185.1955],[598378.2665,4095181.3455],[598374.7965,4095179.6455],[598372.1465,4095186.3455],[598375.0665,4095187.7755],[598374.687,4095188.545],[598375.2365,4095188.8255],[598376.025,4095189.2285],[598378.2065,4095184.9555],[598380.9365,4095186.3355],[598378.5495140281,4095191.0],[598383.2242500001,4095191.0],[598386.1265,4095185.1955]]]}},{"type":"Feature","properties":{"id":"8554705WF9985S_part3","floors":4,"height":12.4,"heightSource":"Catastro:numberOfFloorsAboveGround"},"geometry":{"type":"Polygon","coordinates":[[[598380.9365,4095186.3355],[598378.2065,4095184.9555],[598376.025,4095189.2285],[598378.4465,4095190.4655],[598378.2365,4095190.8755],[598378.4918520408,4095191.0],[598378.5495140281,4095191.0],[598380.9365,4095186.3355]]]}},{"type":"Feature","properties":{"id":"8652101WF9985S_part1","floors":1,"height":3.1,"heightSource":"Catastro:numberOfFloorsAboveGround"},"geometry":{"type":"Polygon","coordinates":[[[598491.007,4095059.535],[598493.727,4095056.865],[598491.427,4095054.705],[598490.957,4095055.125],[598490.407,4095054.565],[598488.827,4095056.095],[598487.677,4095054.905],[598487.057,4095055.525],[598491.007,4095059.535]]]}},{"type":"Feature","properties":{"id":"8652101WF9985S_part2","floors":1,"height":3.1,"heightSource":"Catastro:numberOfFloorsAboveGround"},"geometry":{"type":"Polygon","coordinates":[[[598500.987,4095049.765],[598503.037,4095047.765],[598499.057,4095043.805],[598496.967,4095045.865],[598500.987,4095049.765]]]}},{"type":"Feature","properties":{"id":"8652101WF9985S_part3","floors":2,"height":6.2,"heightSource":"Catastro:numberOfFloorsAboveGround"},"geometry":{"type":"Polygon","coordinates":[[[598490.407,4095054.565],[598490.957,4095055.125],[598491.427,4095054.705],[598493.727,4095056.865],[598500.987,4095049.765],[598496.967,4095045.865],[598494.547,4095048.245],[598491.027,4095051.695],[598489.267,4095053.385],[598490.407,4095054.565]]]}},{"type":"Feature","properties":{"id":"8652102WF9985S_part1","floors":1,"height":3.1,"heightSource":"Catastro:numberOfFloorsAboveGround"},"geometry":{"type":"Polygon","coordinates":[[[598482.477,4095050.765],[598486.027,4095046.895],[598487.957,4095048.665],[598489.307,4095047.195],[598488.577,4095046.475],[598487.437,4095045.365],[598484.617,4095042.605],[598483.217,4095043.955],[598481.777,4095045.355],[598479.397,4095047.625],[598482.477,4095050.765]]]}},{"type":"Feature","properties":{"id":"8652102WF9985S_part2","floors":2,"height":6.2,"heightSource":"Catastro:numberOfFloorsAboveGround"},"geometry":{"type":"Polygon","coordinates":[[[598490.727,4095044.305],[598494.547,4095048.245],[598496.967,4095045.865],[598499.057,4095043.805],[598495.1275,4095039.885],[598491.3375,4095036.115],[598486.927,4095040.375],[598490.727,4095044.305]]]}},{"type":"Feature","properties":{"id":"8652103WF9985S_part1","floors":1,"height":3.1,"heightSource":"Catastro:numberOfFloorsAboveGround"},"geometry":{"type":"Polygon","coordinates":[[[598478.967,4095038.0655],[598481.327,4095035.795],[598482.947,4095037.505],[598480.577,4095039.755],[598481.367,4095040.475],[598479.227,4095042.815],[598481.777,4095045.355],[598483.217,4095043.955],[598484.617,4095042.605],[598486.927,4095040.375],[598491.3375,4095036.115],[598484.8175,4095029.625],[598479.187,4095035.2555],[598478.917,4095034.9355],[598477.317,4095036.4055],[598478.967,4095038.0655]]]}},{"type":"Feature","properties":{"id":"8652103WF9985S_part2","floors":2,"height":6.2,"heightSource":"Catastro:numberOfFloorsAboveGround"},"geometry":{"type":"Polygon","coordinates":[[[598472.927,4095040.9255],[598475.087,4095043.2155],[598476.817,4095045.0555],[598479.227,4095042.815],[598481.367,4095040.475],[598480.577,4095039.755],[598479.347,4095038.4555],[598478.967,4095038.0655],[598477.317,4095036.4055],[598476.347,4095037.4555],[598472.927,4095040.9255]]]}},{"type":"Feature","properties":{"id":"8652104WF9985S_part1","floors":2,"height":6.2,"heightSource":"Catastro:numberOfFloorsAboveGround"},"geometry":{"type":"Polygon","coordinates":[[[598476.1575,4095032.2755],[598475.217,4095033.1955],[598473.7475,4095031.8155],[598472.277,4095033.3155],[598476.347,4095037.4555],[598477.317,4095036.4055],[598478.917,4095034.9355],[598479.187,4095035.2555],[598484.8175,4095029.625],[598478.4675,4095023.3155],[598472.6875,4095028.9455],[598473.4275,4095029.7255],[598476.1575,4095032.2755]]]}},{"type":"Feature","properties":{"id":"8652105WF9985S_part1","floors":1,"height":3.1,"heightSource":"Catastro:numberOfFloorsAboveGround"},"geometry":{"type":"Polygon","coordinates":[[[598472.6875,4095028.9455],[598478.4675,4095023.3155],[598471.7675,4095016.6455],[598466.2075,4095022.1055],[598472.6875,4095028.9455]]]}},{"type":"Feature","properties":{"id":"8652106WF9985S_part1","floors":2,"height":6.2,"heightSource":"Catastro:numberOfFloorsAboveGround"},"geometry":{"type":"Polygon","coordinates":[[[598460.177,4095028.0455],[598467.567,4095035.5055],[598471.017,4095032.0055],[598468.4675,4095029.6155],[598469.3175,4095028.7155],[598471.777,4095031.1955],[598473.4275,4095029.7255],[598472.6875,4095028.9455],[598466.2075,4095022.1055],[598460.177,4095028.0455]]]}},{"type":"Feature","properties":{"id":"8652201WF9985S_part1","floors":1,"height":3.1,"heightSource":"Catastro:numberOfFloorsAboveGround"},"geometry":{"type":"Polygon","coordinates":[[[598507.9575,4095042.945],[598512.7575,4095038.195],[598510.3575,4095035.655],[598507.3975,4095032.515],[598506.0275,4095031.205],[598501.0575,4095035.975],[598507.9575,4095042.945]]]}},{"type":"Feature","properties":{"id":"8652201WF9985S_part2","floors":2,"height":6.2,"heightSource":"Catastro:numberOfFloorsAboveGround"},"geometry":{"type":"Polygon","coordinates":[[[598510.3575,4095035.655],[598512.7575,4095038.195],[598514.5175,4095036.455],[598512.0675,4095034.025],[598511.5275,4095033.485],[598509.0075,4095030.995],[598507.3975,4095032.515],[598510.3575,4095035.655]]]}},{"type":"Feature","properties":{"id":"8652202WF9985S_part1","floors":2,"height":6.2,"heightSource":"Catastro:numberOfFloorsAboveGround"},"geometry":{"type":"Polygon","coordinates":[[[598509.9475,4095024.495],[598509.0675,4095025.755],[598507.9275,4095027.395],[598506.8775,4095028.895],[598507.6175,4095029.625],[598509.0075,4095030.995],[598510.747,4095029.279],[598512.895,4095031.403],[598511.16,4095033.122],[598511.5275,4095033.485],[598512.0675,4095034.025],[598514.5175,4095036.455],[598517.201,4095033.804],[598516.611,4095033.221],[598519.778,4095030.0855],[598518.2475,4095028.555],[598514.1975,4095024.495],[598513.7675,4095024.085],[598512.34,4095025.5],[598510.4075,4095023.835],[598509.9475,4095024.495]]]}},{"type":"Feature","properties":{"id":"8652202WF9985S_part2","floors":3,"height":9.3,"heightSource":"Catastro:numberOfFloorsAboveGround"},"geometry":{"type":"Polygon","coordinates":[[[598512.895,4095031.403],[598510.747,4095029.279],[598509.0075,4095030.995],[598511.16,4095033.122],[598512.895,4095031.403]]]}},{"type":"Feature","properties":{"id":"8652202WF9985S_part3","floors":2,"height":6.2,"heightSource":"Catastro:numberOfFloorsAboveGround"},"geometry":{"type":"Polygon","coordinates":[[[598516.611,4095033.221],[598517.201,4095033.804],[598520.3675,4095030.675],[598519.778,4095030.0855],[598516.611,4095033.221]]]}},{"type":"Feature","properties":{"id":"8652203WF9985S_part1","floors":1,"height":3.1,"heightSource":"Catastro:numberOfFloorsAboveGround"},"geometry":{"type":"Polygon","coordinates":[[[598520.3675,4095030.675],[598526.4875,4095024.635],[598524.3075,4095022.405],[598518.2475,4095028.555],[598520.3675,4095030.675]]]}},{"type":"Feature","properties":{"id":"8652203WF9985S_part2","floors":2,"height":6.2,"heightSource":"Catastro:numberOfFloorsAboveGround"},"geometry":{"type":"Polygon","coordinates":[[[598518.2475,4095028.555],[598524.3075,4095022.405],[598522.8675,4095020.925],[598520.4575,4095018.455],[598518.5175,4095020.275],[598519.9875,4095021.815],[598518.0675,4095023.795],[598516.6075,4095022.225],[598514.1975,4095024.495],[598518.2475,4095028.555]]]}},{"type":"Feature","properties":{"id":"8652204WF9985S_part1","floors":1,"height":3.1,"heightSource":"Catastro:numberOfFloorsAboveGround"},"geometry":{"type":"Polygon","coordinates":[[[598512.7675,4095023.125],[598513.7675,4095024.085],[598514.1975,4095024.495],[598516.6075,4095022.225],[598518.5175,4095020.275],[598520.4575,4095018.455],[598519.9375,4095017.955],[598518.5975,4095016.645],[598512.7675,4095023.125]]]}},{"type":"Feature","properties":{"id":"8652204WF9985S_part2","floors":3,"height":9.3,"heightSource":"Catastro:numberOfFloorsAboveGround"},"geometry":{"type":"Polygon","coordinates":[[[598516.8575,4095014.945],[598518.5975,4095016.645],[598519.9375,4095017.955],[598521.7375,4095016.095],[598521.9475,4095014.995],[598517.4475,4095014.105],[598516.8575,4095014.945]]]}},{"type":"Feature","properties":{"id":"8652204WF9985S_part3","floors":2,"height":6.2,"heightSource":"Catastro:numberOfFloorsAboveGround"},"geometry":{"type":"Polygon","coordinates":[[[598522.8675,4095020.925],[598524.3075,4095022.405],[598526.4875,4095024.635],[598530.9375,4095020.235],[598537.6575,4095013.605],[598537.0775,4095012.435],[598520.8175,4095009.305],[598517.4475,4095014.105],[598521.9475,4095014.995],[598521.7375,4095016.095],[598519.9375,4095017.955],[598520.4575,4095018.455],[598522.8675,4095020.925]]]}},{"type":"Feature","properties":{"id":"8652205WF9985S_part1","floors":1,"height":3.1,"heightSource":"Catastro:numberOfFloorsAboveGround"},"geometry":{"type":"Polygon","coordinates":[[[598508.5775,4095014.165],[598506.0775,4095017.775],[598505.0275,4095019.285],[598501.8675,4095023.855],[598502.7075,4095024.605],[598506.5375,4095028.555],[598506.8775,4095028.895],[598507.9275,4095027.395],[598509.0675,4095025.755],[598509.9475,4095024.495],[598510.4075,4095023.835],[598511.6475,4095022.055],[598512.7675,4095023.125],[598518.5975,4095016.645],[598516.8575,4095014.945],[598520.8175,4095009.305],[598513.4875,4095007.085],[598508.5775,4095014.165]],[[598507.9075,4095023.085],[598505.3675,4095021.135],[598507.2675,4095018.695],[598509.7875,4095020.625],[598507.9075,4095023.085]]]}},{"type":"Feature","properties":{"id":"8652206WF9985S_part1","floors":1,"height":3.1,"heightSource":"Catastro:numberOfFloorsAboveGround"},"geometry":{"type":"Polygon","coordinates":[[[598508.5775,4095014.165],[598513.4875,4095007.085],[598506.3375,4095004.875],[598502.9675,4095009.935],[598508.5775,4095014.165]]]}},{"type":"Feature","properties":{"id":"8652206WF9985S_part2","floors":2,"height":6.2,"heightSource":"Catastro:numberOfFloorsAboveGround"},"geometry":{"type":"Polygon","coordinates":[[[598497.6475,4095019.585],[598499.1075,4095021.255],[598502.3575,4095017.215],[598505.0275,4095019.285],[598506.0775,4095017.775],[598508.5775,4095014.165],[598502.9675,4095009.935],[598501.8675,4095011.595],[598501.4075,4095012.245],[598498.9875,4095015.675],[598496.8375,4095018.735],[598497.6475,4095019.585]]]}},{"type":"Feature","properties":{"id":"8652207WF9985S_part1","floors":1,"height":3.1,"heightSource":"Catastro:numberOfFloorsAboveGround"},"geometry":{"type":"Polygon","coordinates":[[[598495.2375,4095007.065],[598494.8685,4095006.9035],[598492.5175,4095009.395],[598490.1875,4095011.815],[598491.9275,4095013.545],[598494.7975,4095016.585],[598495.6475,4095017.475],[598496.8375,4095018.735],[598498.9875,4095015.675],[598494.26,4095012.32],[598496.43,4095009.94],[598497.7375,4095008.075],[598495.2375,4095007.065]]]}},{"type":"Feature","properties":{"id":"8652207WF9985S_part2","floors":1,"height":3.1,"heightSource":"Catastro:numberOfFloorsAboveGround"},"geometry":{"type":"Polygon","coordinates":[[[598496.43,4095009.94],[598501.4075,4095012.245],[598501.8675,4095011.595],[598502.0275,4095011.365],[598502.9675,4095009.935],[598506.3375,4095004.875],[598501.2275,4095003.285],[598497.7375,4095008.075],[598496.43,4095009.94]]]}},{"type":"Feature","properties":{"id":"8652208WF9985S_part1","floors":1,"height":3.1,"heightSource":"Catastro:numberOfFloorsAboveGround"},"geometry":{"type":"Polygon","coordinates":[[[598491.4075,4095005.3555],[598492.2275,4095005.745],[598495.2375,4095007.065],[598497.7375,4095008.075],[598501.2275,4095003.285],[598493.8175,4095000.985],[598491.4075,4095005.3555]]]}},{"type":"Feature","properties":{"id":"8652209WF9985S_part1","floors":2,"height":6.2,"heightSource":"Catastro:numberOfFloorsAboveGround"},"geometry":{"type":"Polygon","coordinates":[[[598493.8175,4095000.985],[598489.0075,4094999.4855],[598485.7175,4095002.7255],[598479.9275,4095008.3955],[598476.7875,4095011.4855],[598481.2675,4095016.0055],[598483.1575,4095017.9155],[598484.7875,4095016.2955],[598486.8975,4095014.2055],[598489.7475,4095011.385],[598490.1875,4095011.815],[598492.184,4095009.7415],[598489.8175,4095007.9055],[598491.4075,4095005.3555],[598493.8175,4095000.985]]]}},{"type":"Feature","properties":{"id":"8652210WF9985S_part1","floors":1,"height":3.1,"heightSource":"Catastro:numberOfFloorsAboveGround"},"geometry":{"type":"Polygon","coordinates":[[[598490.1875,4095011.815],[598489.7475,4095011.385],[598486.8975,4095014.2055],[598484.7875,4095016.2955],[598483.1575,4095017.9155],[598489.0775,4095023.875],[598491.4575,4095021.555],[598495.6475,4095017.475],[598494.7975,4095016.585],[598493.1175,4095018.045],[598490.2375,4095015.135],[598491.9275,4095013.545],[598490.1875,4095011.815]]]}},{"type":"Feature","properties":{"id":"8652211WF9985S_part1","floors":1,"height":3.1,"heightSource":"Catastro:numberOfFloorsAboveGround"},"geometry":{"type":"Polygon","coordinates":[[[598495.0675,4095029.925],[598497.4375,4095027.485],[598491.4575,4095021.555],[598489.0775,4095023.875],[598495.0675,4095029.925]]]}},{"type":"Feature","properties":{"id":"8652211WF9985S_part2","floors":2,"height":6.2,"heightSource":"Catastro:numberOfFloorsAboveGround"},"geometry":{"type":"Polygon","coordinates":[[[598497.4375,4095027.485],[598501.3775,4095023.415],[598499.7075,4095021.935],[598498.2575,4095023.375],[598496.0475,4095021.145],[598497.6475,4095019.585],[598496.8375,4095018.735],[598495.6475,4095017.475],[598491.4575,4095021.555],[598497.4375,4095027.485]]]}},{"type":"Feature","properties":{"id":"8652212WF9985S_part1","floors":1,"height":3.1,"heightSource":"Catastro:numberOfFloorsAboveGround"},"geometry":{"type":"Polygon","coordinates":[[[598501.0575,4095035.975],[598506.0275,4095031.205],[598507.6175,4095029.625],[598506.8775,4095028.895],[598506.5375,4095028.555],[598504.9075,4095030.135],[598500.9775,4095026.315],[598502.7075,4095024.605],[598501.8675,4095023.855],[598501.3775,4095023.415],[598497.4375,4095027.485],[598495.0675,4095029.925],[598501.0575,4095035.975]]]}},{"type":"Feature","properties":{"id":"8652701WF9985S_part1","floors":2,"height":6.2,"heightSource":"Catastro:numberOfFloorsAboveGround"},"geometry":{"type":"Polygon","coordinates":[[[598449.1075,4095018.9455],[598454.887,4095024.6255],[598459.4275,4095019.9655],[598455.7575,4095016.5955],[598453.4575,4095014.4755],[598449.1075,4095018.9455]]]}},{"type":"Feature","properties":{"id":"8652702WF9985S_part1","floors":3,"height":9.3,"heightSource":"Catastro:numberOfFloorsAboveGround"},"geometry":{"type":"Polygon","coordinates":[[[598456.2275,4095011.6355],[598453.4575,4095014.4755],[598455.7575,4095016.5955],[598458.4275,4095013.7155],[598457.6375,4095013.0155],[598456.2275,4095011.6355]]]}},{"type":"Feature","properties":{"id":"8652702WF9985S_part2","floors":2,"height":6.2,"heightSource":"Catastro:numberOfFloorsAboveGround"},"geometry":{"type":"Polygon","coordinates":[[[598458.4275,4095013.7155],[598455.7575,4095016.5955],[598459.4275,4095019.9655],[598462.2275,4095017.1055],[598472.0175,4095007.0655],[598468.8775,4095004.2855],[598462.0675,4095011.9855],[598459.8975,4095010.3955],[598457.6375,4095013.0155],[598458.4275,4095013.7155]]]}},{"type":"Feature","properties":{"id":"8652703WF9985S_part1","floors":3,"height":9.3,"heightSource":"Catastro:numberOfFloorsAboveGround"},"geometry":{"type":"Polygon","coordinates":[[[598457.1075,4095005.5755],[598459.7875,4095007.1555],[598462.49,4095003.6],[598460.037,4095001.728],[598457.1075,4095005.5755]]]}},{"type":"Feature","properties":{"id":"8652703WF9985S_part2","floors":2,"height":6.2,"heightSource":"Catastro:numberOfFloorsAboveGround"},"geometry":{"type":"Polygon","coordinates":[[[598458.4275,4095009.0455],[598459.8975,4095010.3955],[598462.0675,4095011.9855],[598468.8775,4095004.2855],[598467.1875,4095002.7855],[598466.3675,4095002.0655],[598462.4375,4094998.5755],[598460.037,4095001.728],[598462.49,4095003.6],[598459.7875,4095007.1555],[598458.4275,4095009.0455]]]}},{"type":"Feature","properties":{"id":"8652704WF9985S_part1","floors":2,"height":6.2,"heightSource":"Catastro:numberOfFloorsAboveGround"},"geometry":{"type":"Polygon","coordinates":[[[598457.1075,4095005.5755],[598462.4375,4094998.5755],[598459.1475,4094996.2555],[598456.5675,4095000.8555],[598454.7175,4095004.1655],[598457.1075,4095005.5755]]]}},{"type":"Feature","properties":{"id":"8652705WF9985S_part1","floors":2,"height":6.2,"heightSource":"Catastro:numberOfFloorsAboveGround"},"geometry":{"type":"Polygon","coordinates":[[[598452.6975,4094998.5655],[598456.5675,4095000.8555],[598459.1475,4094996.2555],[598455.4475,4094993.6455],[598452.6975,4094998.5655]]]}},{"type":"Feature","properties":{"id":"8652706WF9985S_part1","floors":2,"height":6.2,"heightSource":"Catastro:numberOfFloorsAboveGround"},"geometry":{"type":"Polygon","coordinates":[[[598447.5475,4094999.9455],[598454.7175,4095004.1655],[598456.5675,4095000.8555],[598452.6975,4094998.5655],[598455.4475,4094993.6455],[598452.4875,4094991.5555],[598447.5475,4094999.9455]]]}},{"type":"Feature","properties":{"id":"8652707WF9985S_part1","floors":2,"height":6.2,"heightSource":"Catastro:numberOfFloorsAboveGround"},"geometry":{"type":"Polygon","coordinates":[[[598431.3475,4095001.116],[598442.5775,4095012.3655],[598446.7475,4095008.1755],[598443.4775,4095005.1255],[598443.7375,4095004.7655],[598442.8075,4095004.0055],[598445.2775,4095000.3555],[598442.7575,4094998.0355],[598444.8575,4094995.7855],[598446.9875,4094997.6755],[598452.0075,4094990.1655],[598446.7275,4094986.4555],[598444.0175,4094989.0455],[598438.7375,4094994.0755],[598431.3475,4095001.116]]]}},{"type":"Feature","properties":{"id":"8652708WF9985S_part1","floors":2,"height":6.2,"heightSource":"Catastro:numberOfFloorsAboveGround"},"geometry":{"type":"Polygon","coordinates":[[[598442.8075,4095004.0055],[598443.7375,4095004.7655],[598443.4775,4095005.1255],[598446.7475,4095008.1755],[598442.5775,4095012.3655],[598449.1075,4095018.9455],[598453.4575,4095014.4755],[598456.2275,4095011.6355],[598457.4175,4095010.0435],[598455.0275,4095007.6355],[598455.5495,4095007.1105],[598453.6445,4095005.1905],[598454.6835,4095004.1455],[598448.8655,4095000.7215],[598446.5215,4095003.0765],[598444.687,4095001.228],[598442.8075,4095004.0055]],[[598452.3395,4095010.5485],[598449.5675,4095013.3345],[598447.5245,4095011.2775],[598450.3115,4095008.5055],[598452.3395,4095010.5485]]]}},{"type":"Feature","properties":{"id":"8652708WF9985S_part2","floors":3,"height":9.3,"heightSource":"Catastro:numberOfFloorsAboveGround"},"geometry":{"type":"Polygon","coordinates":[[[598447.5245,4095011.2775],[598449.5675,4095013.3345],[598452.3395,4095010.5485],[598450.3115,4095008.5055],[598447.5245,4095011.2775]]]}},{"type":"Feature","properties":{"id":"8653001WF9985S_part1","floors":4,"height":12.4,"heightSource":"Catastro:numberOfFloorsAboveGround"},"geometry":{"type":"Polygon","coordinates":[[[598473.577,4095096.515],[598470.327,4095099.925],[598475.977,4095105.575],[598476.737,4095106.335],[598479.132,4095103.836],[598480.3845,4095105.0825],[598483.097,4095100.9355],[598478.926,4095096.793],[598476.799,4095098.953],[598473.937,4095096.135],[598473.577,4095096.515]]]}},{"type":"Feature","properties":{"id":"8653001WF9985S_part2","floors":4,"height":12.4,"heightSource":"Catastro:numberOfFloorsAboveGround"},"geometry":{"type":"Polygon","coordinates":[[[598478.4475,4095096.317],[598476.877,4095094.755],[598476.033,4095093.921],[598475.917,4095094.045],[598473.937,4095096.135],[598476.799,4095098.953],[598478.926,4095096.793],[598478.4475,4095096.317]]]}},{"type":"Feature","properties":{"id":"8653001WF9985S_part3","floors":4,"height":12.4,"heightSource":"Catastro:numberOfFloorsAboveGround"},"geometry":{"type":"Polygon","coordinates":[[[598479.132,4095103.836],[598476.737,4095106.335],[598478.447,4095108.045],[598480.3845,4095105.0825],[598479.132,4095103.836]]]}},{"type":"Feature","properties":{"id":"8653002WF9985S_part1","floors":4,"height":12.4,"heightSource":"Catastro:numberOfFloorsAboveGround"},"geometry":{"type":"Polygon","coordinates":[[[598478.926,4095096.793],[598480.643,4095098.498],[598480.6925,4095098.4505],[598482.485,4095096.641],[598479.235,4095093.357],[598478.332,4095094.269],[598477.375,4095095.222],[598477.361,4095095.2365],[598478.4475,4095096.317],[598478.926,4095096.793]]]}},{"type":"Feature","properties":{"id":"8653002WF9985S_part2","floors":3,"height":9.3,"heightSource":"Catastro:numberOfFloorsAboveGround"},"geometry":{"type":"Polygon","coordinates":[[[598480.643,4095098.498],[598483.097,4095100.9355],[598483.117,4095100.905],[598487.647,4095093.975],[598481.477,4095087.745],[598476.5655,4095092.4845],[598478.332,4095094.269],[598479.235,4095093.357],[598482.485,4095096.641],[598480.6925,4095098.4505],[598480.643,4095098.498]]]}},{"type":"Feature","properties":{"id":"8653003WF9985S_part1","floors":1,"height":3.1,"heightSource":"Catastro:numberOfFloorsAboveGround"},"geometry":{"type":"Polygon","coordinates":[[[598471.197,4095089.135],[598472.487,4095087.875],[598475.817,4095091.165],[598474.527,4095092.535],[598475.497,4095093.515],[598481.477,4095087.745],[598475.137,4095081.365],[598469.247,4095087.155],[598471.197,4095089.135]]]}},{"type":"Feature","properties":{"id":"8653004WF9985S_part1","floors":2,"height":6.2,"heightSource":"Catastro:numberOfFloorsAboveGround"},"geometry":{"type":"Polygon","coordinates":[[[598472.717,4095090.685],[598471.197,4095089.135],[598469.247,4095087.155],[598465.177,4095090.845],[598463.117,4095092.715],[598470.327,4095099.925],[598473.577,4095096.515],[598470.7,4095093.54],[598471.449,4095092.786],[598473.0145,4095090.9895],[598472.717,4095090.685]]]}},{"type":"Feature","properties":{"id":"8653004WF9985S_part2","floors":3,"height":9.3,"heightSource":"Catastro:numberOfFloorsAboveGround"},"geometry":{"type":"Polygon","coordinates":[[[598471.449,4095092.786],[598470.7,4095093.54],[598473.577,4095096.515],[598475.917,4095094.045],[598475.497,4095093.515],[598474.527,4095092.535],[598473.0145,4095090.9895],[598471.449,4095092.786]]]}},{"type":"Feature","properties":{"id":"8653101WF9985S_part1","floors":2,"height":6.2,"heightSource":"Catastro:numberOfFloorsAboveGround"},"geometry":{"type":"Polygon","coordinates":[[[598466.6765,4095157.705],[598470.7565,4095161.805],[598479.2765,4095152.855],[598481.8165,4095150.185],[598478.1465,4095146.965],[598477.6465,4095146.545],[598475.0365,4095149.065],[598474.539,4095149.579],[598476.09,4095150.96],[598473.93,4095153.08],[598472.463,4095151.725],[598466.6765,4095157.705]]]}},{"type":"Feature","properties":{"id":"8653101WF9985S_part2","floors":3,"height":9.3,"heightSource":"Catastro:numberOfFloorsAboveGround"},"geometry":{"type":"Polygon","coordinates":[[[598483.9865,4095147.905],[598483.1165,4095147.025],[598480.3165,4095144.195],[598478.1465,4095146.965],[598481.8165,4095150.185],[598483.9865,4095147.905]]]}},{"type":"Feature","properties":{"id":"8653102WF9985S_part1","floors":2,"height":6.2,"heightSource":"Catastro:numberOfFloorsAboveGround"},"geometry":{"type":"Polygon","coordinates":[[[598482.5365,4095139.625],[598483.8865,4095140.965],[598483.3465,4095141.695],[598485.2865,4095143.645],[598486.6965,4095145.055],[598492.317,4095139.165],[598489.577,4095136.495],[598486.617,4095133.625],[598484.907,4095136.135],[598483.757,4095137.835],[598482.5365,4095139.625]]]}},{"type":"Feature","properties":{"id":"8653103WF9985S_part1","floors":1,"height":3.1,"heightSource":"Catastro:numberOfFloorsAboveGround"},"geometry":{"type":"Polygon","coordinates":[[[598479.1365,4095137.155],[598477.8065,4095139.265],[598477.0965,4095140.385],[598477.9865,4095141.275],[598478.5665,4095141.855],[598478.4965,4095142.135],[598479.8565,4095143.675],[598480.3165,4095144.195],[598483.1165,4095147.025],[598483.9865,4095147.905],[598486.6965,4095145.055],[598485.2865,4095143.645],[598483.3465,4095141.695],[598483.8865,4095140.965],[598482.5365,4095139.625],[598483.757,4095137.835],[598484.907,4095136.135],[598486.617,4095133.625],[598480.707,4095127.875],[598479.407,4095129.765],[598478.294,4095131.3855],[598481.25375,4095133.7373],[598480.2587,4095135.34355],[598479.1365,4095137.155]]]}},{"type":"Feature","properties":{"id":"8653104WF9985S_part1","floors":1,"height":3.1,"heightSource":"Catastro:numberOfFloorsAboveGround"},"geometry":{"type":"Polygon","coordinates":[[[598479.1365,4095137.155],[598480.2587,4095135.34355],[598481.25375,4095133.7373],[598478.294,4095131.3855],[598479.407,4095129.765],[598480.707,4095127.875],[598475.927,4095123.235],[598474.7262,4095122.06685],[598473.967,4095123.255],[598470.657,4095128.435],[598474.557,4095132.395],[598475.597,4095133.585],[598476.527,4095134.645],[598479.1365,4095137.155]]]}},{"type":"Feature","properties":{"id":"8653107WF9985S_part2","floors":2,"height":6.2,"heightSource":"Catastro:numberOfFloorsAboveGround"},"geometry":{"type":"Polygon","coordinates":[[[598459.041,4095147.5],[598457.86,4095148.671],[598458.773,4095149.592],[598458.6945,4095149.6695],[598458.8395,4095149.8155],[598462.451,4095146.232],[598464.592,4095148.423],[598466.393,4095146.637],[598464.251,4095144.445],[598467.3215,4095141.4005],[598464.2865,4095138.385],[598464.0145,4095138.8095],[598464.637,4095139.437],[598462.974,4095141.086],[598463.299,4095141.414],[598462.412,4095142.294],[598462.087,4095141.966],[598462.029,4095141.908],[598461.822,4095142.232],[598462.198,4095142.611],[598460.507,4095144.2905],[598458.686,4095147.1415],[598459.041,4095147.5]]]}},{"type":"Feature","properties":{"id":"8653107WF9985S_part3","floors":3,"height":9.3,"heightSource":"Catastro:numberOfFloorsAboveGround"},"geometry":{"type":"Polygon","coordinates":[[[598462.451,4095146.232],[598458.8395,4095149.8155],[598461.838,4095152.834],[598462.614,4095152.062],[598462.437,4095151.881],[598463.082,4095151.242],[598463.258,4095151.422],[598465.423,4095149.273],[598464.592,4095148.423],[598462.451,4095146.232]]]}},{"type":"Feature","properties":{"id":"8653107WF9985S_part5","floors":3,"height":9.3,"heightSource":"Catastro:numberOfFloorsAboveGround"},"geometry":{"type":"Polygon","coordinates":[[[598465.423,4095149.273],[598463.258,4095151.422],[598463.082,4095151.242],[598462.437,4095151.881],[598462.614,4095152.062],[598461.838,4095152.834],[598466.6765,4095157.705],[598472.463,4095151.725],[598475.0365,4095149.065],[598472.733,4095146.776],[598469.727,4095149.758],[598468.337,4095148.336],[598471.3225,4095145.3755],[598469.958,4095144.0195],[598467.3215,4095141.4005],[598464.251,4095144.445],[598466.393,4095146.637],[598464.592,4095148.423],[598465.423,4095149.273]]]}},{"type":"Feature","properties":{"id":"8653108WF9985S_part1","floors":2,"height":6.2,"heightSource":"Catastro:numberOfFloorsAboveGround"},"geometry":{"type":"Polygon","coordinates":[[[598470.657,4095128.435],[598469.317,4095130.535],[598471.407,4095132.605],[598473.257,4095131.075],[598470.657,4095128.435]]]}},{"type":"Feature","properties":{"id":"8653108WF9985S_part2","floors":4,"height":12.4,"heightSource":"Catastro:numberOfFloorsAboveGround"},"geometry":{"type":"Polygon","coordinates":[[[598467.849,4095141.924],[598469.958,4095144.0195],[598470.628,4095144.685],[598472.8865,4095141.925],[598469.8665,4095139.455],[598468.9165,4095140.615],[598467.856,4095141.9155],[598467.849,4095141.924]]]}},{"type":"Feature","properties":{"id":"8653108WF9985S_part3","floors":3,"height":9.3,"heightSource":"Catastro:numberOfFloorsAboveGround"},"geometry":{"type":"Polygon","coordinates":[[[598467.849,4095141.924],[598467.856,4095141.9155],[598468.9165,4095140.615],[598467.7565,4095139.665],[598468.7065,4095138.505],[598469.8665,4095139.455],[598472.8865,4095141.925],[598470.628,4095144.685],[598475.0365,4095149.065],[598477.6465,4095146.545],[598478.1465,4095146.965],[598480.3165,4095144.195],[598479.8565,4095143.675],[598478.4965,4095142.135],[598478.5665,4095141.855],[598478.1565,4095141.445],[598476.0365,4095143.565],[598473.9165,4095141.445],[598476.0365,4095139.325],[598477.0965,4095140.385],[598477.8065,4095139.265],[598479.1365,4095137.155],[598476.527,4095134.645],[598475.597,4095133.585],[598474.557,4095132.395],[598473.257,4095131.075],[598471.407,4095132.605],[598469.317,4095130.535],[598466.4265,4095135.045],[598464.2865,4095138.385],[598467.849,4095141.924]]]}},{"type":"Feature","properties":{"id":"8653201WF9985S_part1","floors":1,"height":3.1,"heightSource":"Catastro:numberOfFloorsAboveGround"},"geometry":{"type":"Polygon","coordinates":[[[598507.587,4095135.5945],[598504.717,4095138.4245],[598513.067,4095146.5045],[598520.637,4095138.7345],[598525.7905,4095133.4505],[598523.11,4095130.84],[598519.91,4095134.12],[598518.15,4095132.39],[598515.44,4095135.22],[598513.31,4095137.5],[598510.38,4095134.77],[598509.287,4095133.8245],[598507.587,4095135.5945]]]}},{"type":"Feature","properties":{"id":"8653201WF9985S_part2","floors":2,"height":6.2,"heightSource":"Catastro:numberOfFloorsAboveGround"},"geometry":{"type":"Polygon","coordinates":[[[598512.457,4095130.5945],[598509.287,4095133.8245],[598510.38,4095134.77],[598513.31,4095137.5],[598515.44,4095135.22],[598518.15,4095132.39],[598519.91,4095134.12],[598523.11,4095130.84],[598519.58,4095127.4],[598517.5305,4095125.4005],[598512.457,4095130.5945]]]}},{"type":"Feature","properties":{"id":"8653201WF9985S_part3","floors":1,"height":3.1,"heightSource":"Catastro:numberOfFloorsAboveGround"},"geometry":{"type":"Polygon","coordinates":[[[598519.58,4095127.4],[598523.11,4095130.84],[598525.7905,4095133.4505],[598526.547,4095132.6745],[598529.407,4095129.7545],[598523.677,4095124.6245],[598522.781,4095123.8185],[598519.58,4095127.4]]]}},{"type":"Feature","properties":{"id":"8653202WF9985S_part1","floors":2,"height":6.2,"heightSource":"Catastro:numberOfFloorsAboveGround"},"geometry":{"type":"Polygon","coordinates":[[[598505.837,4095124.415],[598506.037,4095124.595],[598508.387,4095126.7945],[598512.457,4095130.5945],[598517.937,4095124.9845],[598520.887,4095122.1145],[598513.167,4095115.6945],[598512.297,4095116.6645],[598510.477,4095118.845],[598507.687,4095122.185],[598505.837,4095124.415]]]}},{"type":"Feature","properties":{"id":"8653203WF9985S_part1","floors":1,"height":3.1,"heightSource":"Catastro:numberOfFloorsAboveGround"},"geometry":{"type":"Polygon","coordinates":[[[598496.667,4095116.035],[598499.077,4095118.005],[598500.187,4095118.915],[598502.487,4095116.485],[598504.737,4095118.405],[598502.407,4095121.205],[598503.587,4095122.305],[598505.837,4095124.415],[598507.687,4095122.185],[598510.477,4095118.845],[598512.297,4095116.6645],[598513.167,4095115.6945],[598507.777,4095111.215],[598506.747,4095112.325],[598503.047,4095109.275],[598500.217,4095112.605],[598497.777,4095110.535],[598495.697,4095113.085],[598494.687,4095114.415],[598496.667,4095116.035]]]}},{"type":"Feature","properties":{"id":"8653204WF9985S_part1","floors":1,"height":3.1,"heightSource":"Catastro:numberOfFloorsAboveGround"},"geometry":{"type":"Polygon","coordinates":[[[598485.457,4095112.395],[598491.897,4095117.445],[598493.587,4095115.615],[598487.057,4095110.535],[598485.457,4095112.395]]]}},{"type":"Feature","properties":{"id":"8653204WF9985S_part2","floors":2,"height":6.2,"heightSource":"Catastro:numberOfFloorsAboveGround"},"geometry":{"type":"Polygon","coordinates":[[[598486.457,4095109.995],[598487.057,4095110.535],[598493.587,4095115.615],[598494.687,4095114.415],[598495.697,4095113.085],[598492.927,4095110.975],[598495.077,4095108.325],[598497.777,4095110.535],[598499.937,4095108.135],[598501.107,4095106.875],[598494.637,4095101.945],[598492.457,4095104.805],[598492.937,4095105.245],[598492.207,4095106.145],[598493.697,4095107.345],[598491.517,4095109.745],[598488.537,4095107.505],[598486.457,4095109.995]]]}},{"type":"Feature","properties":{"id":"8653204WF9985S_part3","floors":3,"height":9.3,"heightSource":"Catastro:numberOfFloorsAboveGround"},"geometry":{"type":"Polygon","coordinates":[[[598489.287,4095103.965],[598487.277,4095106.255],[598488.537,4095107.505],[598491.517,4095109.745],[598493.697,4095107.345],[598492.207,4095106.145],[598489.287,4095103.965]]]}},{"type":"Feature","properties":{"id":"8653205WF9985S_part1","floors":3,"height":9.3,"heightSource":"Catastro:numberOfFloorsAboveGround"},"geometry":{"type":"Polygon","coordinates":[[[598488.017,4095122.285],[598496.257,4095130.245],[598497.577,4095128.825],[598499.897,4095126.315],[598503.587,4095122.305],[598502.407,4095121.205],[598501.227,4095120.295],[598500.187,4095118.915],[598499.077,4095118.005],[598496.667,4095116.035],[598494.687,4095114.415],[598493.587,4095115.615],[598491.897,4095117.445],[598490.727,4095118.895],[598488.347,4095121.865],[598488.017,4095122.285]]]}},{"type":"Feature","properties":{"id":"8653206WF9985S_part1","floors":1,"height":3.1,"heightSource":"Catastro:numberOfFloorsAboveGround"},"geometry":{"type":"Polygon","coordinates":[[[598504.717,4095138.4245],[598507.587,4095135.5945],[598506.397,4095134.3145],[598508.027,4095132.6645],[598509.287,4095133.8245],[598512.457,4095130.5945],[598508.387,4095126.7945],[598506.457,4095128.895],[598504.087,4095126.785],[598506.037,4095124.595],[598505.837,4095124.415],[598503.587,4095122.305],[598499.897,4095126.315],[598501.047,4095127.385],[598500.067,4095128.475],[598498.777,4095129.825],[598497.577,4095128.825],[598496.257,4095130.245],[598504.717,4095138.4245]]]}},{"type":"Feature","properties":{"id":"8653206WF9985S_part2","floors":2,"height":6.2,"heightSource":"Catastro:numberOfFloorsAboveGround"},"geometry":{"type":"Polygon","coordinates":[[[598498.777,4095129.825],[598500.067,4095128.475],[598501.047,4095127.385],[598499.897,4095126.315],[598497.577,4095128.825],[598498.777,4095129.825]]]}},{"type":"Feature","properties":{"id":"8653301WF9985S_part1","floors":3,"height":9.3,"heightSource":"Catastro:numberOfFloorsAboveGround"},"geometry":{"type":"Polygon","coordinates":[[[598515.187,4095097.765],[598510.377,4095093.455],[598508.277,4095091.565],[598500.517,4095084.605],[598495.627,4095092.225],[598505.477,4095100.455],[598507.59,4095098.28],[598511.607,4095101.435],[598515.187,4095097.765]]]}},{"type":"Feature","properties":{"id":"8653301WF9985S_part2","floors":4,"height":12.4,"heightSource":"Catastro:numberOfFloorsAboveGround"},"geometry":{"type":"Polygon","coordinates":[[[598507.59,4095098.28],[598505.477,4095100.455],[598509.387,4095103.725],[598511.607,4095101.435],[598507.59,4095098.28]]]}},{"type":"Feature","properties":{"id":"8653302WF9985S_part1","floors":2,"height":6.2,"heightSource":"Catastro:numberOfFloorsAboveGround"},"geometry":{"type":"Polygon","coordinates":[[[598510.377,4095093.455],[598515.187,4095097.765],[598522.167,4095090.6045],[598515.007,4095083.805],[598513.007,4095086.195],[598510.707,4095088.805],[598508.277,4095091.565],[598510.377,4095093.455]]]}},{"type":"Feature","properties":{"id":"8653303WF9985S_part1","floors":2,"height":6.2,"heightSource":"Catastro:numberOfFloorsAboveGround"},"geometry":{"type":"Polygon","coordinates":[[[598515.007,4095083.805],[598522.167,4095090.6045],[598528.647,4095083.9545],[598525.377,4095080.6845],[598522.727,4095078.215],[598518.627,4095082.615],[598517.367,4095081.355],[598515.007,4095083.805]]]}},{"type":"Feature","properties":{"id":"8653303WF9985S_part2","floors":3,"height":9.3,"heightSource":"Catastro:numberOfFloorsAboveGround"},"geometry":{"type":"Polygon","coordinates":[[[598521.497,4095077.075],[598517.367,4095081.355],[598518.627,4095082.615],[598522.727,4095078.215],[598521.497,4095077.075]]]}},{"type":"Feature","properties":{"id":"8653304WF9985S_part1","floors":1,"height":3.1,"heightSource":"Catastro:numberOfFloorsAboveGround"},"geometry":{"type":"Polygon","coordinates":[[[598526.887,4095069.695],[598525.747,4095068.645],[598519.717,4095075.135],[598520.6775,4095076.182],[598526.437,4095070.165],[598526.887,4095069.695]]]}},{"type":"Feature","properties":{"id":"8653304WF9985S_part2","floors":1,"height":3.1,"heightSource":"Catastro:numberOfFloorsAboveGround"},"geometry":{"type":"Polygon","coordinates":[[[598522.0305,4095077.5695],[598522.727,4095078.215],[598525.377,4095080.6845],[598528.647,4095083.9545],[598534.947,4095077.4745],[598531.647,4095074.5445],[598528.028,4095071.5025],[598522.0305,4095077.5695]]]}},{"type":"Feature","properties":{"id":"8653305WF9985S_part1","floors":1,"height":3.1,"heightSource":"Catastro:numberOfFloorsAboveGround"},"geometry":{"type":"Polygon","coordinates":[[[598516.007,4095061.335],[598508.937,4095071.675],[598506.447,4095075.325],[598506.477,4095075.365],[598508.247,4095077.385],[598513.677,4095082.545],[598515.007,4095083.805],[598517.367,4095081.355],[598521.497,4095077.075],[598519.717,4095075.135],[598525.747,4095068.645],[598517.377,4095060.995],[598516.007,4095061.335]],[[598514.187,4095078.515],[598515.027,4095077.655],[598517.437,4095080.015],[598516.597,4095080.875],[598514.187,4095078.515]]]}},{"type":"Feature","properties":{"id":"8653306WF9985S_part1","floors":2,"height":6.2,"heightSource":"Catastro:numberOfFloorsAboveGround"},"geometry":{"type":"Polygon","coordinates":[[[598508.277,4095091.565],[598510.707,4095088.805],[598508.337,4095086.635],[598510.817,4095084.185],[598511.497,4095084.815],[598513.007,4095086.195],[598515.007,4095083.805],[598513.677,4095082.545],[598508.247,4095077.385],[598505.297,4095080.505],[598503.877,4095079.365],[598500.517,4095084.605],[598508.277,4095091.565]]]}},{"type":"Feature","properties":{"id":"8653401WF9985S_part1","floors":1,"height":3.1,"heightSource":"Catastro:numberOfFloorsAboveGround"},"geometry":{"type":"Polygon","coordinates":[[[598503.367,4095065.415],[598505.397,4095067.385],[598507.757,4095063.855],[598506.137,4095062.245],[598504.977,4095063.435],[598503.367,4095065.415]]]}},{"type":"Feature","properties":{"id":"8653401WF9985S_part2","floors":2,"height":6.2,"heightSource":"Catastro:numberOfFloorsAboveGround"},"geometry":{"type":"Polygon","coordinates":[[[598502.717,4095071.405],[598505.397,4095067.385],[598503.367,4095065.415],[598504.977,4095063.435],[598503.147,4095061.645],[598500.767,4095064.325],[598498.317,4095067.065],[598502.717,4095071.405]]]}},{"type":"Feature","properties":{"id":"8653402WF9985S_part1","floors":2,"height":6.2,"heightSource":"Catastro:numberOfFloorsAboveGround"},"geometry":{"type":"Polygon","coordinates":[[[598500.967,4095057.115],[598504.327,4095060.435],[598506.137,4095062.245],[598507.757,4095063.855],[598512.227,4095057.165],[598506.087,4095050.905],[598500.297,4095056.445],[598500.967,4095057.115]]]}},{"type":"Feature","properties":{"id":"8653403WF9985S_part1","floors":2,"height":6.2,"heightSource":"Catastro:numberOfFloorsAboveGround"},"geometry":{"type":"Polygon","coordinates":[[[598493.817,4095062.625],[598498.317,4095067.065],[598500.767,4095064.325],[598496.527,4095060.045],[598493.817,4095062.625]]]}},{"type":"Feature","properties":{"id":"8653403WF9985S_part2","floors":1,"height":3.1,"heightSource":"Catastro:numberOfFloorsAboveGround"},"geometry":{"type":"Polygon","coordinates":[[[598500.767,4095064.325],[598503.147,4095061.645],[598499.767,4095058.355],[598500.967,4095057.115],[598500.297,4095056.445],[598496.527,4095060.045],[598500.767,4095064.325]]]}},{"type":"Feature","properties":{"id":"8653501WF9985S_part1","floors":2,"height":6.2,"heightSource":"Catastro:numberOfFloorsAboveGround"},"geometry":{"type":"Polygon","coordinates":[[[598486.187,4095082.095],[598484.517,4095083.865],[598486.967,4095086.395],[598490.437,4095089.965],[598492.397,4095086.945],[598494.107,4095084.315],[598494.3305,4095083.9705],[598491.76,4095081.32],[598489.32,4095083.96],[598486.757,4095081.485],[598486.187,4095082.095]]]}},{"type":"Feature","properties":{"id":"8653501WF9985S_part2","floors":1,"height":3.1,"heightSource":"Catastro:numberOfFloorsAboveGround"},"geometry":{"type":"Polygon","coordinates":[[[598488.907,4095079.215],[598486.757,4095081.485],[598489.32,4095083.96],[598491.76,4095081.32],[598489.313,4095078.803],[598488.907,4095079.215]]]}},{"type":"Feature","properties":{"id":"8653502WF9985S_part1","floors":4,"height":12.4,"heightSource":"Catastro:numberOfFloorsAboveGround"},"geometry":{"type":"Polygon","coordinates":[[[598491.537,4095076.545],[598490.247,4095077.855],[598492.617,4095080.395],[598493.157,4095080.935],[598496.458,4095077.637],[598493.567,4095074.687],[598491.537,4095076.545]]]}},{"type":"Feature","properties":{"id":"8653502WF9985S_part2","floors":3,"height":9.3,"heightSource":"Catastro:numberOfFloorsAboveGround"},"geometry":{"type":"Polygon","coordinates":[[[598496.458,4095077.637],[598493.157,4095080.935],[598495.047,4095082.865],[598496.147,4095081.175],[598498.077,4095078.195],[598498.6255,4095077.346],[598496.826,4095075.521],[598498.2975,4095074.1645],[598496.317,4095072.155],[598494.127,4095074.175],[598493.567,4095074.687],[598496.458,4095077.637]]]}},{"type":"Feature","properties":{"id":"8653502WF9985S_part3","floors":3,"height":9.3,"heightSource":"Catastro:numberOfFloorsAboveGround"},"geometry":{"type":"Polygon","coordinates":[[[598496.826,4095075.521],[598498.6255,4095077.346],[598499.737,4095075.625],[598498.2975,4095074.1645],[598496.826,4095075.521]]]}},{"type":"Feature","properties":{"id":"8653503WF9985S_part1","floors":1,"height":3.1,"heightSource":"Catastro:numberOfFloorsAboveGround"},"geometry":{"type":"Polygon","coordinates":[[[598486.717,4095074.355],[598488.867,4095076.665],[598490.307,4095075.235],[598487.977,4095072.845],[598490.387,4095070.575],[598494.127,4095074.175],[598496.317,4095072.155],[598490.457,4095066.195],[598484.437,4095072.065],[598486.717,4095074.355]]]}},{"type":"Feature","properties":{"id":"8653503WF9985S_part2","floors":2,"height":6.2,"heightSource":"Catastro:numberOfFloorsAboveGround"},"geometry":{"type":"Polygon","coordinates":[[[598490.307,4095075.235],[598488.867,4095076.665],[598490.247,4095077.855],[598491.537,4095076.545],[598494.127,4095074.175],[598490.387,4095070.575],[598487.977,4095072.845],[598490.307,4095075.235]]]}},{"type":"Feature","properties":{"id":"8653504WF9985S_part1","floors":1,"height":3.1,"heightSource":"Catastro:numberOfFloorsAboveGround"},"geometry":{"type":"Polygon","coordinates":[[[598478.587,4095077.755],[598484.517,4095083.865],[598486.187,4095082.095],[598484.917,4095080.745],[598486.227,4095079.505],[598483.977,4095077.035],[598486.717,4095074.355],[598484.437,4095072.065],[598478.587,4095077.755]]]}},{"type":"Feature","properties":{"id":"8653504WF9985S_part2","floors":2,"height":6.2,"heightSource":"Catastro:numberOfFloorsAboveGround"},"geometry":{"type":"Polygon","coordinates":[[[598486.227,4095079.505],[598487.677,4095078.145],[598488.907,4095079.215],[598490.247,4095077.855],[598488.867,4095076.665],[598486.717,4095074.355],[598483.977,4095077.035],[598486.227,4095079.505]]]}},{"type":"Feature","properties":{"id":"8653603WF9985S_part1","floors":3,"height":9.3,"heightSource":"Catastro:numberOfFloorsAboveGround"},"geometry":{"type":"Polygon","coordinates":[[[598469.587,4095056.1655],[598469.107,4095056.6155],[598469.927,4095057.3755],[598471.3245,4095058.6785],[598473.677,4095056.415],[598471.5065,4095054.355],[598469.587,4095056.1655]]]}},{"type":"Feature","properties":{"id":"8653603WF9985S_part2","floors":2,"height":6.2,"heightSource":"Catastro:numberOfFloorsAboveGround"},"geometry":{"type":"Polygon","coordinates":[[[598471.3245,4095058.6785],[598474.067,4095061.235],[598474.2855,4095061.4255],[598475.707,4095059.995],[598476.267,4095059.425],[598477.357,4095060.415],[598477.867,4095059.885],[598481.057,4095056.585],[598478.867,4095054.635],[598475.247,4095050.695],[598472.7875,4095053.106],[598474.927,4095055.205],[598473.677,4095056.415],[598471.3245,4095058.6785]]]}},{"type":"Feature","properties":{"id":"8653603WF9985S_part3","floors":3,"height":9.3,"heightSource":"Catastro:numberOfFloorsAboveGround"},"geometry":{"type":"Polygon","coordinates":[[[598471.707,4095054.1655],[598471.5065,4095054.355],[598473.677,4095056.415],[598474.927,4095055.205],[598472.7875,4095053.106],[598471.707,4095054.1655]]]}},{"type":"Feature","properties":{"id":"8653604WF9985S_part1","floors":2,"height":6.2,"heightSource":"Catastro:numberOfFloorsAboveGround"},"geometry":{"type":"Polygon","coordinates":[[[598465.137,4095048.4155],[598463.437,4095050.0655],[598466.047,4095052.7255],[598467.657,4095054.4255],[598469.587,4095056.1655],[598471.707,4095054.1655],[598475.247,4095050.695],[598469.177,4095044.5055],[598465.137,4095048.4155]]]}},{"type":"Feature","properties":{"id":"8653605WF9985S_part1","floors":4,"height":12.4,"heightSource":"Catastro:numberOfFloorsAboveGround"},"geometry":{"type":"Polygon","coordinates":[[[598453.287,4095045.5355],[598455.127,4095047.3555],[598458.627,4095043.9855],[598460.737,4095046.1655],[598457.237,4095049.5455],[598460.617,4095052.8055],[598462.217,4095051.2455],[598460.727,4095049.5055],[598463.597,4095046.9955],[598465.137,4095048.4155],[598469.177,4095044.5055],[598461.627,4095036.8055],[598456.017,4095042.6855],[598453.287,4095045.5355]]]}},{"type":"Feature","properties":{"id":"8653606WF9985S_part1","floors":1,"height":3.1,"heightSource":"Catastro:numberOfFloorsAboveGround"},"geometry":{"type":"Polygon","coordinates":[[[598456.017,4095042.6855],[598461.627,4095036.8055],[598458.187,4095033.3055],[598455.127,4095033.0755],[598450.777,4095037.4355],[598456.017,4095042.6855]]]}},{"type":"Feature","properties":{"id":"8653607WF9985S_part1","floors":2,"height":6.2,"heightSource":"Catastro:numberOfFloorsAboveGround"},"geometry":{"type":"Polygon","coordinates":[[[598444.877,4095043.3555],[598451.867,4095050.5655],[598453.637,4095049.0055],[598455.127,4095047.3555],[598453.287,4095045.5355],[598456.017,4095042.6855],[598450.777,4095037.4355],[598444.877,4095043.3555]]]}},{"type":"Feature","properties":{"id":"8653608WF9985S_part1","floors":2,"height":6.2,"heightSource":"Catastro:numberOfFloorsAboveGround"},"geometry":{"type":"Polygon","coordinates":[[[598451.867,4095050.5655],[598453.847,4095052.5955],[598455.547,4095050.9155],[598457.237,4095049.5455],[598455.127,4095047.3555],[598453.637,4095049.0055],[598451.867,4095050.5655]]]}},{"type":"Feature","properties":{"id":"8653609WF9985S_part1","floors":2,"height":6.2,"heightSource":"Catastro:numberOfFloorsAboveGround"},"geometry":{"type":"Polygon","coordinates":[[[598457.167,4095056.0055],[598460.617,4095052.8055],[598457.237,4095049.5455],[598455.547,4095050.9155],[598453.847,4095052.5955],[598457.167,4095056.0055]]]}},{"type":"Feature","properties":{"id":"8653610WF9985S_part1","floors":2,"height":6.2,"heightSource":"Catastro:numberOfFloorsAboveGround"},"geometry":{"type":"Polygon","coordinates":[[[598463.437,4095050.0655],[598463.147,4095050.3455],[598462.217,4095051.2455],[598460.617,4095052.8055],[598457.167,4095056.0055],[598459.907,4095058.8255],[598460.907,4095057.5655],[598460.497,4095057.0055],[598463.407,4095054.2455],[598463.887,4095054.7155],[598466.047,4095052.7255],[598463.437,4095050.0655]]]}},{"type":"Feature","properties":{"id":"8653610WF9985S_part2","floors":1,"height":3.1,"heightSource":"Catastro:numberOfFloorsAboveGround"},"geometry":{"type":"Polygon","coordinates":[[[598463.407,4095054.2455],[598460.497,4095057.0055],[598460.907,4095057.5655],[598459.907,4095058.8255],[598464.317,4095063.1955],[598469.927,4095057.3755],[598469.107,4095056.6155],[598469.587,4095056.1655],[598467.657,4095054.4255],[598465.537,4095056.3155],[598463.887,4095054.7155],[598463.407,4095054.2455]]]}},{"type":"Feature","properties":{"id":"8653611WF9985S_part1","floors":1,"height":3.1,"heightSource":"Catastro:numberOfFloorsAboveGround"},"geometry":{"type":"Polygon","coordinates":[[[598464.317,4095063.1955],[598469.947,4095068.775],[598472.687,4095065.805],[598474.347,4095063.965],[598475.627,4095062.595],[598474.067,4095061.235],[598472.927,4095062.545],[598468.867,4095058.4755],[598464.317,4095063.1955]]]}},{"type":"Feature","properties":{"id":"8653612WF9985S_part1","floors":3,"height":9.3,"heightSource":"Catastro:numberOfFloorsAboveGround"},"geometry":{"type":"Polygon","coordinates":[[[598469.947,4095068.775],[598475.0185,4095073.8115],[598476.93,4095071.81],[598478.5015,4095073.2515],[598486.72,4095064.75],[598484.22,4095062.33],[598484.57,4095061.96],[598480.058,4095057.6185],[598477.867,4095059.885],[598477.357,4095060.415],[598477.217,4095060.557],[598480.48,4095063.56],[598476.92,4095067.12],[598475.31,4095068.73],[598472.432,4095066.0815],[598469.947,4095068.775]]]}},{"type":"Feature","properties":{"id":"8653612WF9985S_part2","floors":1,"height":3.1,"heightSource":"Catastro:numberOfFloorsAboveGround"},"geometry":{"type":"Polygon","coordinates":[[[598472.687,4095065.805],[598472.432,4095066.0815],[598475.31,4095068.73],[598476.92,4095067.12],[598473.957,4095064.3975],[598472.687,4095065.805]]]}},{"type":"Feature","properties":{"id":"8653612WF9985S_part3","floors":4,"height":12.4,"heightSource":"Catastro:numberOfFloorsAboveGround"},"geometry":{"type":"Polygon","coordinates":[[[598476.767,4095061.015],[598475.418,4095062.4125],[598475.627,4095062.595],[598474.347,4095063.965],[598473.957,4095064.3975],[598476.92,4095067.12],[598480.48,4095063.56],[598477.217,4095060.557],[598476.767,4095061.015]]]}},{"type":"Feature","properties":{"id":"8653612WF9985S_part4","floors":3,"height":9.3,"heightSource":"Catastro:numberOfFloorsAboveGround"},"geometry":{"type":"Polygon","coordinates":[[[598476.93,4095071.81],[598475.0185,4095073.8115],[598475.747,4095074.535],[598476.519,4095075.302],[598478.5015,4095073.2515],[598476.93,4095071.81]]]}},{"type":"Feature","properties":{"id":"8653612WF9985S_part5","floors":3,"height":9.3,"heightSource":"Catastro:numberOfFloorsAboveGround"},"geometry":{"type":"Polygon","coordinates":[[[598481.057,4095056.585],[598480.058,4095057.6185],[598484.57,4095061.96],[598485.572,4095060.928],[598481.057,4095056.585]]]}},{"type":"Feature","properties":{"id":"8653612WF9985S_part7","floors":3,"height":9.3,"heightSource":"Catastro:numberOfFloorsAboveGround"},"geometry":{"type":"Polygon","coordinates":[[[598484.57,4095061.96],[598487.079,4095064.379],[598488.0815,4095063.342],[598485.572,4095060.928],[598484.57,4095061.96]]]}},{"type":"Feature","properties":{"id":"8653701WF9985S_part1","floors":2,"height":6.2,"heightSource":"Catastro:numberOfFloorsAboveGround"},"geometry":{"type":"Polygon","coordinates":[[[598462.4069,4095079.71845],[598459.7976,4095077.2179],[598459.637,4095077.3855],[598456.817,4095079.9755],[598459.327,4095082.7955],[598462.237,4095079.8955],[598462.4069,4095079.71845]]]}},{"type":"Feature","properties":{"id":"8653701WF9985S_part2","floors":1,"height":3.1,"heightSource":"Catastro:numberOfFloorsAboveGround"},"geometry":{"type":"Polygon","coordinates":[[[598460.4776,4095089.6963],[598460.547,4095089.655],[598466.367,4095083.835],[598466.53145,4095083.6711],[598462.4069,4095079.71845],[598462.237,4095079.8955],[598459.327,4095082.7955],[598456.817,4095079.9755],[598455.407,4095081.2655],[598453.737,4095082.7955],[598453.7557,4095082.81435],[598460.4776,4095089.6963]]]}},{"type":"Feature","properties":{"id":"8653702WF9985S_part1","floors":4,"height":12.4,"heightSource":"Catastro:numberOfFloorsAboveGround"},"geometry":{"type":"Polygon","coordinates":[[[598461.547,4095075.3955],[598460.777,4095076.1955],[598459.7975,4095077.218],[598462.407,4095079.7185],[598464.2955,4095081.5285],[598465.5065,4095080.265],[598464.1705,4095078.985],[598465.077,4095078.039],[598461.92,4095075.014],[598461.547,4095075.3955]]]}},{"type":"Feature","properties":{"id":"8653702WF9985S_part2","floors":3,"height":9.3,"heightSource":"Catastro:numberOfFloorsAboveGround"},"geometry":{"type":"Polygon","coordinates":[[[598465.687,4095071.1655],[598461.92,4095075.014],[598465.077,4095078.039],[598464.1705,4095078.985],[598465.5065,4095080.265],[598464.2955,4095081.5285],[598466.5315,4095083.671],[598471.7445,4095078.4755],[598469.5205,4095076.244],[598470.201,4095075.566],[598465.687,4095071.1655]]]}},{"type":"Feature","properties":{"id":"8653702WF9985S_part3","floors":3,"height":9.3,"heightSource":"Catastro:numberOfFloorsAboveGround"},"geometry":{"type":"Polygon","coordinates":[[[598469.5205,4095076.244],[598471.7445,4095078.4755],[598472.457,4095077.765],[598471.256,4095076.594],[598470.201,4095075.566],[598469.5205,4095076.244]]]}},{"type":"Feature","properties":{"id":"8653703WF9985S_part1","floors":1,"height":3.1,"heightSource":"Catastro:numberOfFloorsAboveGround"},"geometry":{"type":"Polygon","coordinates":[[[598455.457,4095067.1155],[598457.307,4095068.7055],[598460.207,4095065.8155],[598456.237,4095061.9455],[598453.287,4095064.8155],[598455.457,4095067.1155]]]}},{"type":"Feature","properties":{"id":"8653704WF9985S_part1","floors":1,"height":3.1,"heightSource":"Catastro:numberOfFloorsAboveGround"},"geometry":{"type":"Polygon","coordinates":[[[598445.71,4095059.88],[598449.86,4095064.24],[598448.387,4095065.6355],[598449.567,4095066.9555],[598450.277,4095067.7455],[598452.962,4095065.132],[598446.8125,4095058.803],[598445.71,4095059.88]]]}},{"type":"Feature","properties":{"id":"8653704WF9985S_part2","floors":2,"height":6.2,"heightSource":"Catastro:numberOfFloorsAboveGround"},"geometry":{"type":"Polygon","coordinates":[[[598453.287,4095064.8155],[598456.237,4095061.9455],[598449.917,4095055.7855],[598447.547,4095058.0855],[598446.8125,4095058.803],[598452.962,4095065.132],[598453.287,4095064.8155]]]}},{"type":"Feature","properties":{"id":"8653705WF9985S_part1","floors":2,"height":6.2,"heightSource":"Catastro:numberOfFloorsAboveGround"},"geometry":{"type":"Polygon","coordinates":[[[598439.977,4095057.3055],[598444.097,4095061.4555],[598447.547,4095058.0855],[598449.917,4095055.7855],[598440.877,4095046.9655],[598435.147,4095052.4355],[598437.117,4095054.4355],[598437.985,4095055.3065],[598439.211,4095054.16],[598440.988,4095056.0595],[598439.8225,4095057.15],[598439.977,4095057.3055]]]}},{"type":"Feature","properties":{"id":"8653706WF9985S_part1","floors":3,"height":9.3,"heightSource":"Catastro:numberOfFloorsAboveGround"},"geometry":{"type":"Polygon","coordinates":[[[598429.237,4095058.0955],[598433.3275,4095062.2225],[598439.287,4095068.2355],[598440.8615,4095069.8285],[598441.797,4095070.7755],[598443.228,4095072.212],[598444.447,4095073.4355],[598450.277,4095067.7455],[598449.567,4095066.9555],[598448.387,4095065.6355],[598447.507,4095064.9755],[598447.179,4095064.631],[598445.2,4095066.62],[598443.05,4095064.47],[598445.0805,4095062.439],[598444.097,4095061.4555],[598439.977,4095057.3055],[598437.117,4095054.4355],[598435.147,4095052.4355],[598431.4635,4095055.9635],[598429.237,4095058.0955]],[[598437.82,4095061.98],[598439.58,4095063.77],[598440.28,4095063.09],[598442.07,4095064.91],[598440.07,4095066.87],[598438.39,4095065.17],[598437.85,4095065.7],[598435.97,4095063.79],[598437.82,4095061.98]]]}},{"type":"Feature","properties":{"id":"8653706WF9985S_part2","floors":4,"height":12.4,"heightSource":"Catastro:numberOfFloorsAboveGround"},"geometry":{"type":"Polygon","coordinates":[[[598437.85,4095065.7],[598438.39,4095065.17],[598440.07,4095066.87],[598442.07,4095064.91],[598440.28,4095063.09],[598439.58,4095063.77],[598437.82,4095061.98],[598435.97,4095063.79],[598437.85,4095065.7]]]}},{"type":"Feature","properties":{"id":"8653707WF9985S_part1","floors":1,"height":3.1,"heightSource":"Catastro:numberOfFloorsAboveGround"},"geometry":{"type":"Polygon","coordinates":[[[598453.287,4095064.8155],[598450.277,4095067.7455],[598444.447,4095073.4355],[598450.207,4095079.2255],[598451.787,4095077.5455],[598452.921,4095076.4295],[598451.207,4095074.6155],[598452.587,4095073.3555],[598450.967,4095071.6555],[598453.887,4095068.7755],[598455.457,4095067.1155],[598453.287,4095064.8155]]]}},{"type":"Feature","properties":{"id":"8653707WF9985S_part2","floors":1,"height":3.1,"heightSource":"Catastro:numberOfFloorsAboveGround"},"geometry":{"type":"Polygon","coordinates":[[[598453.887,4095068.7755],[598450.967,4095071.6555],[598452.587,4095073.3555],[598454.407,4095071.6255],[598455.847,4095070.1955],[598457.307,4095068.7055],[598455.457,4095067.1155],[598453.887,4095068.7755]]]}},{"type":"Feature","properties":{"id":"8653707WF9985S_part3","floors":1,"height":3.1,"heightSource":"Catastro:numberOfFloorsAboveGround"},"geometry":{"type":"Polygon","coordinates":[[[598451.207,4095074.6155],[598452.921,4095076.4295],[598456.107,4095073.2955],[598454.407,4095071.6255],[598452.587,4095073.3555],[598451.207,4095074.6155]]]}},{"type":"Feature","properties":{"id":"8653708WF9985S_part1","floors":1,"height":3.1,"heightSource":"Catastro:numberOfFloorsAboveGround"},"geometry":{"type":"Polygon","coordinates":[[[598451.787,4095077.5455],[598450.207,4095079.2255],[598450.517,4095079.5455],[598453.737,4095082.7955],[598455.407,4095081.2655],[598451.897,4095077.437],[598451.787,4095077.5455]]]}},{"type":"Feature","properties":{"id":"8653708WF9985S_part2","floors":2,"height":6.2,"heightSource":"Catastro:numberOfFloorsAboveGround"},"geometry":{"type":"Polygon","coordinates":[[[598455.847,4095070.1955],[598454.407,4095071.6255],[598456.107,4095073.2955],[598451.897,4095077.437],[598455.407,4095081.2655],[598456.817,4095079.9755],[598458.922,4095078.042],[598457.35,4095076.32],[598459.28,4095074.56],[598458.09,4095073.07],[598459.88,4095071.29],[598457.307,4095068.7055],[598455.847,4095070.1955]]]}},{"type":"Feature","properties":{"id":"8653708WF9985S_part3","floors":1,"height":3.1,"heightSource":"Catastro:numberOfFloorsAboveGround"},"geometry":{"type":"Polygon","coordinates":[[[598457.307,4095068.7055],[598459.88,4095071.29],[598458.09,4095073.07],[598459.28,4095074.56],[598460.777,4095076.1955],[598461.547,4095075.3955],[598464.791,4095072.081],[598459.37,4095066.65],[598457.307,4095068.7055]]]}},{"type":"Feature","properties":{"id":"8653802WF9985S_part1","floors":3,"height":9.3,"heightSource":"Catastro:numberOfFloorsAboveGround"},"geometry":{"type":"Polygon","coordinates":[[[598455.2865,4095135.115],[598452.8565,4095137.735],[598454.6865,4095139.565],[598456.8665,4095141.765],[598460.8065,4095135.505],[598461.1065,4095135.035],[598458.2265,4095132.315],[598455.2865,4095135.115]]]}},{"type":"Feature","properties":{"id":"8653803WF9985S_part1","floors":3,"height":9.3,"heightSource":"Catastro:numberOfFloorsAboveGround"},"geometry":{"type":"Polygon","coordinates":[[[598453.837,4095118.605],[598450.447,4095122.275],[598453.134,4095124.9685],[598454.5865,4095126.425],[598453.4155,4095127.776],[598455.3265,4095129.575],[598458.2265,4095132.315],[598461.1065,4095135.035],[598464.837,4095129.105],[598461.9985,4095126.3215],[598460.3,4095128.15],[598457.05,4095125.13],[598457.26,4095124.91],[598455.07,4095122.88],[598456.632,4095121.208],[598453.837,4095118.605]]]}},{"type":"Feature","properties":{"id":"8653803WF9985S_part2","floors":1,"height":3.1,"heightSource":"Catastro:numberOfFloorsAboveGround"},"geometry":{"type":"Polygon","coordinates":[[[598455.07,4095122.88],[598457.26,4095124.91],[598458.8115,4095123.2385],[598456.632,4095121.208],[598455.07,4095122.88]]]}},{"type":"Feature","properties":{"id":"8653803WF9985S_part3","floors":4,"height":12.4,"heightSource":"Catastro:numberOfFloorsAboveGround"},"geometry":{"type":"Polygon","coordinates":[[[598457.05,4095125.13],[598460.3,4095128.15],[598461.9985,4095126.3215],[598459.667,4095124.035],[598458.8115,4095123.2385],[598457.26,4095124.91],[598457.05,4095125.13]]]}},{"type":"Feature","properties":{"id":"8653804WF9985S_part1","floors":2,"height":6.2,"heightSource":"Catastro:numberOfFloorsAboveGround"},"geometry":{"type":"Polygon","coordinates":[[[598469.177,4095122.225],[598471.467,4095118.605],[598462.607,4095109.575],[598459.567,4095112.655],[598457.277,4095114.975],[598456.397,4095115.825],[598461.007,4095120.005],[598466.847,4095125.895],[598469.177,4095122.225]]]}},{"type":"Feature","properties":{"id":"8653804WF9985S_part2","floors":1,"height":3.1,"heightSource":"Catastro:numberOfFloorsAboveGround"},"geometry":{"type":"Polygon","coordinates":[[[598459.677,4095121.395],[598458.233,4095122.6995],[598459.667,4095124.035],[598464.837,4095129.105],[598465.107,4095128.665],[598466.847,4095125.895],[598461.007,4095120.005],[598459.677,4095121.395]]]}},{"type":"Feature","properties":{"id":"8653805WF9985S_part1","floors":2,"height":6.2,"heightSource":"Catastro:numberOfFloorsAboveGround"},"geometry":{"type":"Polygon","coordinates":[[[598459.567,4095112.655],[598462.607,4095109.575],[598454.407,4095100.9255],[598448.347,4095106.9555],[598448.197,4095107.1055],[598453.678,4095112.934],[598454.427,4095112.215],[598457.277,4095114.975],[598459.567,4095112.655]]]}},{"type":"Feature","properties":{"id":"8653806WF9985S_part1","floors":2,"height":6.2,"heightSource":"Catastro:numberOfFloorsAboveGround"},"geometry":{"type":"Polygon","coordinates":[[[598448.197,4095107.1055],[598446.707,4095108.5755],[598440.407,4095114.8355],[598443.537,4095118.1555],[598446.027,4095120.7855],[598446.747,4095121.3755],[598448.907,4095119.2855],[598451.2055,4095121.454],[598453.837,4095118.605],[598455.0885,4095117.246],[598452.117,4095114.425],[598453.678,4095112.934],[598448.197,4095107.1055]]]}},{"type":"Feature","properties":{"id":"8653807WF9985S_part1","floors":3,"height":9.3,"heightSource":"Catastro:numberOfFloorsAboveGround"},"geometry":{"type":"Polygon","coordinates":[[[598441.417,4095120.0355],[598443.8065,4095122.5655],[598446.027,4095120.7855],[598443.537,4095118.1555],[598441.417,4095120.0355]]]}},{"type":"Feature","properties":{"id":"8653807WF9985S_part2","floors":2,"height":6.2,"heightSource":"Catastro:numberOfFloorsAboveGround"},"geometry":{"type":"Polygon","coordinates":[[[598441.417,4095120.0355],[598443.537,4095118.1555],[598440.407,4095114.8355],[598432.1565,4095123.0355],[598439.8865,4095130.7455],[598440.01415,4095130.865],[598440.142,4095130.9847],[598444.32325,4095127.07175],[598446.30815,4095125.2142],[598443.8065,4095122.5655],[598441.417,4095120.0355]]]}},{"type":"Feature","properties":{"id":"8653808WF9985S_part1","floors":1,"height":3.1,"heightSource":"Catastro:numberOfFloorsAboveGround"},"geometry":{"type":"Polygon","coordinates":[[[598444.4465,4095135.015],[598452.5965,4095127.005],[598449.1165,4095123.715],[598448.49975,4095123.1632],[598444.32325,4095127.07175],[598440.142,4095130.9847],[598440.27005,4095131.10465],[598444.4465,4095135.015]]]}},{"type":"Feature","properties":{"id":"8653809WF9985S_part1","floors":2,"height":6.2,"heightSource":"Catastro:numberOfFloorsAboveGround"},"geometry":{"type":"Polygon","coordinates":[[[598452.5965,4095127.005],[598444.4465,4095135.015],[598447.2165,4095137.845],[598452.6565,4095132.355],[598451.7265,4095131.295],[598454.317,4095128.6245],[598452.5965,4095127.005]]]}},{"type":"Feature","properties":{"id":"8653809WF9985S_part2","floors":1,"height":3.1,"heightSource":"Catastro:numberOfFloorsAboveGround"},"geometry":{"type":"Polygon","coordinates":[[[598451.8255,4095126.276],[598452.5965,4095127.005],[598453.4155,4095127.776],[598454.5865,4095126.425],[598453.134,4095124.9685],[598451.8255,4095126.276]]]}},{"type":"Feature","properties":{"id":"8653810WF9985S_part1","floors":1,"height":3.1,"heightSource":"Catastro:numberOfFloorsAboveGround"},"geometry":{"type":"Polygon","coordinates":[[[598447.2165,4095137.845],[598451.6365,4095142.365],[598454.6865,4095139.565],[598452.8565,4095137.735],[598452.5565,4095138.055],[598449.7995,4095135.238],[598447.2165,4095137.845]]]}},{"type":"Feature","properties":{"id":"8653810WF9985S_part2","floors":2,"height":6.2,"heightSource":"Catastro:numberOfFloorsAboveGround"},"geometry":{"type":"Polygon","coordinates":[[[598449.7995,4095135.238],[598452.5565,4095138.055],[598452.8565,4095137.735],[598455.2865,4095135.115],[598452.6565,4095132.355],[598449.7995,4095135.238]]]}},{"type":"Feature","properties":{"id":"8654005WF9985S_part1","floors":3,"height":9.3,"heightSource":"Catastro:numberOfFloorsAboveGround"},"geometry":{"type":"Polygon","coordinates":[[[598491.2765,4095189.5145],[598489.7740228572,4095191.0],[598492.7436604939,4095191.0],[598491.2765,4095189.5145]]]}},{"type":"Feature","properties":{"id":"8654006WF9985S_part1","floors":2,"height":6.2,"heightSource":"Catastro:numberOfFloorsAboveGround"},"geometry":{"type":"Polygon","coordinates":[[[598491.2765,4095189.5145],[598487.1365,4095185.3345],[598481.2285607152,4095191.0],[598489.7740228572,4095191.0],[598491.2765,4095189.5145]]]}},{"type":"Feature","properties":{"id":"8654007WF9985S_part1","floors":3,"height":9.3,"heightSource":"Catastro:numberOfFloorsAboveGround"},"geometry":{"type":"Polygon","coordinates":[[[598478.4765,4095188.465],[598475.9097403188,4095191.0],[598478.9863000001,4095191.0],[598483.02,4095187.14],[598481.4405,4095185.5405],[598478.4765,4095188.465]]]}},{"type":"Feature","properties":{"id":"8654007WF9985S_part3","floors":4,"height":12.4,"heightSource":"Catastro:numberOfFloorsAboveGround"},"geometry":{"type":"Polygon","coordinates":[[[598478.9863000001,4095191.0],[598481.2285758585,4095191.0],[598484.1085,4095188.2385],[598483.02,4095187.14],[598478.9863000001,4095191.0]]]}},{"type":"Feature","properties":{"id":"8654007WF9985S_part4","floors":2,"height":6.2,"heightSource":"Catastro:numberOfFloorsAboveGround"},"geometry":{"type":"Polygon","coordinates":[[[598487.1365,4095185.3345],[598484.4465,4095182.575],[598481.4405,4095185.5405],[598483.02,4095187.14],[598484.1085,4095188.2385],[598487.1365,4095185.3345]]]}},{"type":"Feature","properties":{"id":"8654203WF9985S_part1","floors":1,"height":3.1,"heightSource":"Catastro:numberOfFloorsAboveGround"},"geometry":{"type":"Polygon","coordinates":[[[598521.3065,4095189.5045],[598520.6465,4095190.1245],[598519.7044220531,4095191.0],[598522.7651876925,4095191.0],[598521.3065,4095189.5045]]]}},{"type":"Feature","properties":{"id":"8654204WF9985S_part1","floors":3,"height":9.3,"heightSource":"Catastro:numberOfFloorsAboveGround"},"geometry":{"type":"Polygon","coordinates":[[[598520.6465,4095190.1245],[598521.3065,4095189.5045],[598515.0265,4095183.0845],[598509.0465,4095188.7145],[598510.1865,4095189.8545],[598511.3319999999,4095191.0],[598519.7044220531,4095191.0],[598520.6465,4095190.1245]]]}},{"type":"Feature","properties":{"id":"8654301WF9985S_part1","floors":2,"height":6.2,"heightSource":"Catastro:numberOfFloorsAboveGround"},"geometry":{"type":"Polygon","coordinates":[[[598501.4365,4095181.3745],[598500.0465,4095179.9445],[598494.1865,4095185.5845],[598498.104,4095189.5345],[598500.251,4095187.439],[598503.8915,4095183.887],[598501.4365,4095181.3745]]]}},{"type":"Feature","properties":{"id":"8654301WF9985S_part2","floors":1,"height":3.1,"heightSource":"Catastro:numberOfFloorsAboveGround"},"geometry":{"type":"Polygon","coordinates":[[[598498.104,4095189.5345],[598499.557459507,4095191.0],[598500.897652148,4095191.0],[598502.364,4095189.5695],[598500.251,4095187.439],[598498.104,4095189.5345]]]}},{"type":"Feature","properties":{"id":"8654301WF9985S_part3","floors":2,"height":6.2,"heightSource":"Catastro:numberOfFloorsAboveGround"},"geometry":{"type":"Polygon","coordinates":[[[598500.251,4095187.439],[598502.364,4095189.5695],[598505.9865,4095186.0345],[598504.9765,4095185.0045],[598504.4265,4095184.4345],[598503.8915,4095183.887],[598500.251,4095187.439]]]}},{"type":"Feature","properties":{"id":"8654302WF9985S_part1","floors":1,"height":3.1,"heightSource":"Catastro:numberOfFloorsAboveGround"},"geometry":{"type":"Polygon","coordinates":[[[598501.4365,4095181.3745],[598504.4265,4095184.4345],[598505.9765,4095182.9245],[598507.5365,4095184.5245],[598512.1265,4095180.0245],[598506.1965,4095174.0245],[598500.0465,4095179.9445],[598501.4365,4095181.3745]]]}},{"type":"Feature","properties":{"id":"8654303WF9985S_part1","floors":3,"height":9.3,"heightSource":"Catastro:numberOfFloorsAboveGround"},"geometry":{"type":"Polygon","coordinates":[[[598499.7265,4095167.4845],[598493.6165,4095173.3345],[598495.4765,4095175.2445],[598495.9665,4095175.7545],[598497.4865,4095177.3245],[598498.1865,4095178.0345],[598500.0465,4095179.9445],[598506.1965,4095174.0245],[598504.068,4095171.873],[598502.208,4095169.993],[598499.7265,4095167.4845]]]}},{"type":"Feature","properties":{"id":"8654304WF9985S_part1","floors":3,"height":9.3,"heightSource":"Catastro:numberOfFloorsAboveGround"},"geometry":{"type":"Polygon","coordinates":[[[598495.4765,4095175.2445],[598493.6165,4095173.3345],[598487.6765,4095179.005],[598494.1865,4095185.5845],[598500.0465,4095179.9445],[598498.1865,4095178.0345],[598497.4865,4095177.3245],[598497.2665,4095177.5845],[598497.9565,4095178.2245],[598497.4165,4095178.7445],[598495.2365,4095176.5145],[598495.9665,4095175.7545],[598495.4765,4095175.2445]]]}},{"type":"Feature","properties":{"id":"8654401WF9985S_part1","floors":2,"height":6.2,"heightSource":"Catastro:numberOfFloorsAboveGround"},"geometry":{"type":"Polygon","coordinates":[[[598526.1765,4095183.3945],[598532.4565,4095189.8545],[598534.1465,4095188.2745],[598538.8965,4095183.5545],[598532.7365,4095177.6845],[598532.4265,4095177.3845],[598526.1765,4095183.3945]],[[598531.3465,4095186.8245],[598532.2965,4095187.4145],[598531.9065,4095188.0345],[598530.9565,4095187.4445],[598531.3465,4095186.8245]]]}},{"type":"Feature","properties":{"id":"8654402WF9985S_part1","floors":3,"height":9.3,"heightSource":"Catastro:numberOfFloorsAboveGround"},"geometry":{"type":"Polygon","coordinates":[[[598520.6265,4095177.6745],[598522.9625,4095180.082],[598524.05,4095178.98],[598525.34,4095180.31],[598527.62,4095178.0],[598529.5705,4095180.1305],[598532.4265,4095177.3845],[598529.1755,4095174.2445],[598527.4565,4095172.5845],[598525.8265,4095172.6745],[598524.816,4095173.646],[598520.6265,4095177.6745]]]}},{"type":"Feature","properties":{"id":"8654402WF9985S_part2","floors":3,"height":9.3,"heightSource":"Catastro:numberOfFloorsAboveGround"},"geometry":{"type":"Polygon","coordinates":[[[598524.05,4095178.98],[598522.9625,4095180.082],[598524.268,4095181.4275],[598525.34,4095180.31],[598524.05,4095178.98]]]}},{"type":"Feature","properties":{"id":"8654402WF9985S_part3","floors":4,"height":12.4,"heightSource":"Catastro:numberOfFloorsAboveGround"},"geometry":{"type":"Polygon","coordinates":[[[598524.268,4095181.4275],[598526.1765,4095183.3945],[598529.5705,4095180.1305],[598527.62,4095178.0],[598525.34,4095180.31],[598524.268,4095181.4275]]]}},{"type":"Feature","properties":{"id":"8654403WF9985S_part1","floors":1,"height":3.1,"heightSource":"Catastro:numberOfFloorsAboveGround"},"geometry":{"type":"Polygon","coordinates":[[[598514.1265,4095165.5045],[598511.2365,4095168.3745],[598517.7965,4095174.5145],[598523.6765,4095168.8245],[598517.2765,4095162.3845],[598514.1265,4095165.5045]]]}},{"type":"Feature","properties":{"id":"8654404WF9985S_part1","floors":3,"height":9.3,"heightSource":"Catastro:numberOfFloorsAboveGround"},"geometry":{"type":"Polygon","coordinates":[[[598511.3765,4095156.4445],[598504.8565,4095163.1045],[598509.0765,4095167.3645],[598509.6065,4095166.8545],[598511.2365,4095168.3745],[598514.1265,4095165.5045],[598517.2765,4095162.3845],[598511.3765,4095156.4445]]]}},{"type":"Feature","properties":{"id":"8654501WF9985S_part1","floors":3,"height":9.3,"heightSource":"Catastro:numberOfFloorsAboveGround"},"geometry":{"type":"Polygon","coordinates":[[[598483.6465,4095165.605],[598479.1365,4095170.085],[598480.7065,4095171.635],[598485.0165,4095175.855],[598490.9765,4095169.955],[598493.3865,4095167.8045],[598493.611,4095167.583],[598489.9285,4095163.7615],[598487.4,4095166.11],[598485.171,4095163.981],[598483.6465,4095165.605]]]}},{"type":"Feature","properties":{"id":"8654502WF9985S_part1","floors":3,"height":9.3,"heightSource":"Catastro:numberOfFloorsAboveGround"},"geometry":{"type":"Polygon","coordinates":[[[598494.9865,4095153.995],[598487.6765,4095161.425],[598493.611,4095167.583],[598499.2365,4095162.0245],[598501.0265,4095160.2745],[598501.679,4095159.6365],[598495.4905,4095153.4825],[598494.9865,4095153.995]]]}},{"type":"Feature","properties":{"id":"8654503WF9985S_part1","floors":1,"height":3.1,"heightSource":"Catastro:numberOfFloorsAboveGround"},"geometry":{"type":"Polygon","coordinates":[[[598501.9065,4095159.4145],[598505.1265,4095156.3045],[598507.6765,4095153.4945],[598501.7665,4095148.0845],[598501.2665,4095147.6045],[598497.0135,4095151.9325],[598498.4065,4095153.4045],[598497.2965,4095154.575],[598495.844,4095153.1225],[598495.547,4095153.425],[598495.4905,4095153.4825],[598501.679,4095159.6365],[598501.7755,4095159.5425],[598501.9065,4095159.4145]]]}},{"type":"Feature","properties":{"id":"8654504WF9985S_part1","floors":1,"height":3.1,"heightSource":"Catastro:numberOfFloorsAboveGround"},"geometry":{"type":"Polygon","coordinates":[[[598494.9865,4095153.995],[598501.2665,4095147.6045],[598495.557,4095142.215],[598487.3765,4095150.575],[598486.6315,4095151.3515],[598492.3225,4095156.7025],[598494.9865,4095153.995]]]}},{"type":"Feature","properties":{"id":"8654505WF9985S_part1","floors":1,"height":3.1,"heightSource":"Catastro:numberOfFloorsAboveGround"},"geometry":{"type":"Polygon","coordinates":[[[598480.5765,4095157.535],[598473.4265,4095164.495],[598476.6365,4095167.645],[598479.81,4095164.57],[598483.83,4095160.35],[598480.728,4095157.388],[598480.5765,4095157.535]]]}},{"type":"Feature","properties":{"id":"8654505WF9985S_part2","floors":2,"height":6.2,"heightSource":"Catastro:numberOfFloorsAboveGround"},"geometry":{"type":"Polygon","coordinates":[[[598483.83,4095160.35],[598479.81,4095164.57],[598476.6365,4095167.645],[598479.1365,4095170.085],[598483.6465,4095165.605],[598485.3265,4095163.815],[598486.3165,4095162.945],[598487.6765,4095161.425],[598482.3865,4095155.775],[598482.2265,4095155.935],[598480.728,4095157.388],[598483.83,4095160.35]]]}},{"type":"Feature","properties":{"id":"8654601WF9985S_part1","floors":3,"height":9.3,"heightSource":"Catastro:numberOfFloorsAboveGround"},"geometry":{"type":"Polygon","coordinates":[[[598461.1065,4095182.015],[598459.1865,4095183.925],[598456.6565,4095186.425],[598455.5265,4095187.555],[598458.9715,4095191.0],[598469.6592863435,4095191.0],[598469.942,4095190.712],[598467.55,4095188.35],[598470.3985,4095185.4615],[598468.1865,4095183.175],[598467.2065,4095182.155],[598466.4365,4095181.415],[598466.0685,4095181.0615],[598463.94,4095183.22],[598461.9305,4095181.2405],[598461.1065,4095182.015]]]}},{"type":"Feature","properties":{"id":"8654601WF9985S_part2","floors":2,"height":6.2,"heightSource":"Catastro:numberOfFloorsAboveGround"},"geometry":{"type":"Polygon","coordinates":[[[598464.1165,4095179.185],[598462.9265,4095180.305],[598461.9305,4095181.2405],[598463.94,4095183.22],[598466.0685,4095181.0615],[598464.1165,4095179.185]]]}},{"type":"Feature","properties":{"id":"8654601WF9985S_part3","floors":3,"height":9.3,"heightSource":"Catastro:numberOfFloorsAboveGround"},"geometry":{"type":"Polygon","coordinates":[[[598467.55,4095188.35],[598469.942,4095190.712],[598470.0865,4095190.565],[598472.8065,4095187.795],[598470.5565,4095185.625],[598470.3985,4095185.4615],[598467.55,4095188.35]]]}},{"type":"Feature","properties":{"id":"8654602WF9985S_part1","floors":5,"height":15.5,"heightSource":"Catastro:numberOfFloorsAboveGround"},"geometry":{"type":"Polygon","coordinates":[[[598466.3,4095181.284],[598466.4365,4095181.415],[598467.2065,4095182.155],[598468.1865,4095183.175],[598470.5565,4095185.625],[598470.6415,4095185.7065],[598474.868,4095181.538],[598470.514,4095177.155],[598468.938,4095178.7],[598466.3,4095181.284]]]}},{"type":"Feature","properties":{"id":"8654602WF9985S_part2","floors":4,"height":12.4,"heightSource":"Catastro:numberOfFloorsAboveGround"},"geometry":{"type":"Polygon","coordinates":[[[598473.0665,4095170.735],[598470.7065,4095172.965],[598466.845,4095176.61],[598468.938,4095178.7],[598470.514,4095177.155],[598474.868,4095181.538],[598479.249,4095177.131],[598473.0665,4095170.735]]]}},{"type":"Feature","properties":{"id":"8654602WF9985S_part3","floors":3,"height":9.3,"heightSource":"Catastro:numberOfFloorsAboveGround"},"geometry":{"type":"Polygon","coordinates":[[[598470.6415,4095185.7065],[598472.8065,4095187.795],[598481.1765,4095179.125],[598479.249,4095177.131],[598474.868,4095181.538],[598470.6415,4095185.7065]]]}},{"type":"Feature","properties":{"id":"8654603WF9985S_part1","floors":1,"height":3.1,"heightSource":"Catastro:numberOfFloorsAboveGround"},"geometry":{"type":"Polygon","coordinates":[[[598461.2265,4095176.295],[598463.7165,4095173.685],[598465.0665,4095174.965],[598462.5465,4095177.625],[598464.1165,4095179.185],[598470.7065,4095172.965],[598473.0665,4095170.735],[598467.8165,4095165.505],[598467.56985,4095165.25915],[598458.87155,4095173.9854],[598459.1165,4095174.185],[598461.2265,4095176.295]]]}},{"type":"Feature","properties":{"id":"8654604WF9985S_part1","floors":1,"height":3.1,"heightSource":"Catastro:numberOfFloorsAboveGround"},"geometry":{"type":"Polygon","coordinates":[[[598464.6865,4095162.385],[598459.1565,4095167.965],[598457.0565,4095170.095],[598456.4365,4095170.725],[598458.7165,4095173.015],[598458.3065,4095173.525],[598458.87155,4095173.9854],[598467.56985,4095165.25915],[598464.6865,4095162.385]]]}},{"type":"Feature","properties":{"id":"8654605WF9985S_part1","floors":1,"height":3.1,"heightSource":"Catastro:numberOfFloorsAboveGround"},"geometry":{"type":"Polygon","coordinates":[[[598452.8465,4095161.515],[598454.3265,4095163.005],[598453.1865,4095164.135],[598451.3565,4095165.975],[598453.7965,4095168.275],[598454.4665,4095167.565],[598456.5065,4095165.425],[598457.5765,4095164.305],[598461.9865,4095159.695],[598455.3365,4095153.065],[598451.0565,4095159.715],[598452.8465,4095161.515]]]}},{"type":"Feature","properties":{"id":"8654605WF9985S_part2","floors":2,"height":6.2,"heightSource":"Catastro:numberOfFloorsAboveGround"},"geometry":{"type":"Polygon","coordinates":[[[598450.3665,4095165.035],[598451.9065,4095162.845],[598452.8465,4095161.515],[598451.0565,4095159.715],[598450.1765,4095161.105],[598448.6765,4095163.455],[598450.3665,4095165.035]]]}},{"type":"Feature","properties":{"id":"8654606WF9985S_part1","floors":2,"height":6.2,"heightSource":"Catastro:numberOfFloorsAboveGround"},"geometry":{"type":"Polygon","coordinates":[[[598441.9365,4095173.985],[598449.8065,4095181.845],[598455.6765,4095176.105],[598452.4665,4095172.895],[598453.0565,4095172.305],[598456.3265,4095175.455],[598458.3065,4095173.525],[598458.7165,4095173.015],[598456.4365,4095170.725],[598457.0565,4095170.095],[598459.1565,4095167.965],[598464.6865,4095162.385],[598461.9865,4095159.695],[598457.5765,4095164.305],[598458.3665,4095165.085],[598457.3065,4095166.195],[598456.5065,4095165.425],[598454.4665,4095167.565],[598453.7965,4095168.275],[598451.3565,4095165.975],[598450.3665,4095165.035],[598448.6765,4095163.455],[598446.2865,4095167.185],[598446.9865,4095167.735],[598445.7365,4095169.785],[598444.9465,4095169.275],[598441.9365,4095173.985]]]}},{"type":"Feature","properties":{"id":"8654607WF9985S_part1","floors":2,"height":6.2,"heightSource":"Catastro:numberOfFloorsAboveGround"},"geometry":{"type":"Polygon","coordinates":[[[598455.5265,4095187.555],[598456.6565,4095186.425],[598454.9265,4095184.695],[598457.4165,4095182.195],[598458.0565,4095181.545],[598456.8965,4095180.205],[598457.3265,4095179.785],[598456.3265,4095178.775],[598458.1865,4095176.945],[598458.7965,4095177.585],[598459.5165,4095176.895],[598462.9265,4095180.305],[598464.1165,4095179.185],[598462.5465,4095177.625],[598461.2265,4095176.295],[598459.1165,4095174.185],[598458.3065,4095173.525],[598456.3265,4095175.455],[598455.6765,4095176.105],[598449.8065,4095181.845],[598455.5265,4095187.555]]]}},{"type":"Feature","properties":{"id":"8654607WF9985S_part2","floors":3,"height":9.3,"heightSource":"Catastro:numberOfFloorsAboveGround"},"geometry":{"type":"Polygon","coordinates":[[[598454.9265,4095184.695],[598456.6565,4095186.425],[598459.1865,4095183.925],[598461.1065,4095182.015],[598462.9265,4095180.305],[598459.5165,4095176.895],[598458.7965,4095177.585],[598459.1165,4095178.015],[598457.3265,4095179.785],[598456.8965,4095180.205],[598458.0565,4095181.545],[598457.4165,4095182.195],[598454.9265,4095184.695]]]}},{"type":"Feature","properties":{"id":"8654705WF9985S_part1","floors":3,"height":9.3,"heightSource":"Catastro:numberOfFloorsAboveGround"},"geometry":{"type":"Polygon","coordinates":[[[598431.9265082371,4095191.0],[598439.9531297168,4095191.0],[598437.3695,4095188.915],[598434.6065,4095186.685],[598431.9265082371,4095191.0]]]}},{"type":"Feature","properties":{"id":"8654705WF9985S_part3","floors":1,"height":3.1,"heightSource":"Catastro:numberOfFloorsAboveGround"},"geometry":{"type":"Polygon","coordinates":[[[598437.8845,4095188.2805],[598435.033,4095185.9985],[598434.6065,4095186.685],[598437.3695,4095188.915],[598437.8845,4095188.2805]]]}},{"type":"Feature","properties":{"id":"8752301WF9985N_part1","floors":3,"height":9.3,"heightSource":"Catastro:numberOfFloorsAboveGround"},"geometry":{"type":"Polygon","coordinates":[[[598569.9175,4095051.2245],[598588.6675,4095068.3645],[598601.2475,4095055.404],[598595.1075,4095049.8345],[598593.4775,4095048.4045],[598582.4375,4095038.3845],[598569.9175,4095051.2245]]]}},{"type":"Feature","properties":{"id":"8752301WF9985N_part2","floors":2,"height":6.2,"heightSource":"Catastro:numberOfFloorsAboveGround"},"geometry":{"type":"Polygon","coordinates":[[[598598.9675,4095026.7945],[598594.2575,4095026.2445],[598587.4775,4095033.2145],[598603.2175,4095047.424],[598613.6275,4095036.664],[598598.9675,4095026.7945]]]}},{"type":"Feature","properties":{"id":"8752301WF9985N_part3","floors":3,"height":9.3,"heightSource":"Catastro:numberOfFloorsAboveGround"},"geometry":{"type":"Polygon","coordinates":[[[598606.9675,4095060.954],[598594.5075,4095073.704],[598624.037,4095100.714],[598636.4575,4095087.984],[598606.9675,4095060.954]],[[598615.2875,4095078.704],[598617.4575,4095080.644],[598615.4575,4095082.824],[598613.2975,4095080.884],[598615.2875,4095078.704]]]}},{"type":"Feature","properties":{"id":"8752301WF9985N_part4","floors":2,"height":6.2,"heightSource":"Catastro:numberOfFloorsAboveGround"},"geometry":{"type":"Polygon","coordinates":[[[598619.2375,4095062.414],[598641.4675,4095082.844],[598657.6275,4095066.2835],[598632.2175,4095049.174],[598619.2375,4095062.414]],[[598638.2975,4095063.704],[598639.7175,4095065.004],[598639.7475,4095066.264],[598638.7875,4095067.354],[598637.5075,4095067.424],[598636.0675,4095066.124],[598636.0175,4095064.814],[598636.9975,4095063.744],[598638.2975,4095063.704]]]}},{"type":"Feature","properties":{"id":"8752801WF9985S_part1","floors":3,"height":9.3,"heightSource":"Catastro:numberOfFloorsAboveGround"},"geometry":{"type":"Polygon","coordinates":[[[598526.417,4095060.615],[598539.657,4095072.6445],[598547.107,4095064.9045],[598541.2975,4095059.6645],[598539.157,4095062.3145],[598536.627,4095060.4445],[598538.9575,4095057.6545],[598533.9375,4095053.125],[598531.4075,4095055.635],[598532.8375,4095057.145],[598531.767,4095058.535],[598530.0675,4095056.965],[598526.417,4095060.615]]]}},{"type":"Feature","properties":{"id":"8752802WF9985S_part1","floors":3,"height":9.3,"heightSource":"Catastro:numberOfFloorsAboveGround"},"geometry":{"type":"Polygon","coordinates":[[[598533.9375,4095053.125],[598538.9575,4095057.6545],[598541.2975,4095059.6645],[598547.107,4095064.9045],[598559.1675,4095052.3545],[598543.6775,4095038.5245],[598540.2475,4095043.5245],[598539.9075,4095044.0145],[598539.5175,4095043.6645],[598535.5275,4095049.485],[598536.6875,4095050.5645],[598533.9375,4095053.125]]]}},{"type":"Feature","properties":{"id":"8752803WF9985S_part1","floors":3,"height":9.3,"heightSource":"Catastro:numberOfFloorsAboveGround"},"geometry":{"type":"Polygon","coordinates":[[[598555.1775,4095029.7845],[598550.2975,4095037.2045],[598562.6475,4095048.8845],[598568.7975,4095042.4945],[598560.1475,4095034.4245],[598555.1775,4095029.7845]]]}},{"type":"Feature","properties":{"id":"8752804WF9985S_part1","floors":2,"height":6.2,"heightSource":"Catastro:numberOfFloorsAboveGround"},"geometry":{"type":"Polygon","coordinates":[[[598558.39,4095016.835],[598556.333,4095020.001],[598554.7975,4095022.3645],[598554.785,4095022.382],[598561.3795,4095028.8505],[598564.71,4095025.57],[598566.29,4095027.16],[598563.0305,4095030.4695],[598567.458,4095034.812],[598569.003,4095036.327],[598572.1,4095039.365],[598575.2615,4095036.1415],[598582.58,4095028.68],[598586.789,4095024.3885],[598586.375,4095024.278],[598582.599,4095023.274],[598581.7505,4095023.0485],[598579.95,4095022.5695],[598579.01,4095022.3195],[598569.999,4095019.923],[598566.781,4095019.067],[598560.5495,4095017.4095],[598559.099,4095017.0235],[598558.39,4095016.835]],[[598577.82,4095029.79],[598576.12,4095031.58],[598573.16,4095028.76],[598574.83,4095026.94],[598577.82,4095029.79]]]}},{"type":"Feature","properties":{"id":"8752804WF9985S_part2","floors":1,"height":3.1,"heightSource":"Catastro:numberOfFloorsAboveGround"},"geometry":{"type":"Polygon","coordinates":[[[598566.97,4095018.33],[598559.3,4095016.28],[598559.099,4095017.0235],[598560.5495,4095017.4095],[598566.781,4095019.067],[598566.97,4095018.33]]]}},{"type":"Feature","properties":{"id":"8752804WF9985S_part3","floors":3,"height":9.3,"heightSource":"Catastro:numberOfFloorsAboveGround"},"geometry":{"type":"Polygon","coordinates":[[[598566.29,4095027.16],[598564.71,4095025.57],[598561.3795,4095028.8505],[598563.0305,4095030.4695],[598566.29,4095027.16]]]}},{"type":"Feature","properties":{"id":"8752804WF9985S_part5","floors":1,"height":3.1,"heightSource":"Catastro:numberOfFloorsAboveGround"},"geometry":{"type":"Polygon","coordinates":[[[598579.21,4095021.58],[598570.2,4095019.19],[598569.999,4095019.923],[598579.01,4095022.3195],[598579.21,4095021.58]]]}},{"type":"Feature","properties":{"id":"8752804WF9985S_part6","floors":1,"height":3.1,"heightSource":"Catastro:numberOfFloorsAboveGround"},"geometry":{"type":"Polygon","coordinates":[[[598572.1,4095039.365],[598572.59,4095039.84],[598575.75,4095036.62],[598575.2615,4095036.1415],[598572.1,4095039.365]]]}},{"type":"Feature","properties":{"id":"8752804WF9985S_part7","floors":3,"height":9.3,"heightSource":"Catastro:numberOfFloorsAboveGround"},"geometry":{"type":"Polygon","coordinates":[[[598573.16,4095028.76],[598576.12,4095031.58],[598577.82,4095029.79],[598574.83,4095026.94],[598573.16,4095028.76]]]}},{"type":"Feature","properties":{"id":"8752804WF9985S_part9","floors":1,"height":3.1,"heightSource":"Catastro:numberOfFloorsAboveGround"},"geometry":{"type":"Polygon","coordinates":[[[598586.375,4095024.278],[598586.789,4095024.3885],[598582.58,4095028.68],[598583.06,4095029.16],[598587.4,4095024.74],[598587.52,4095024.39],[598587.51,4095024.12],[598587.39,4095023.88],[598587.15,4095023.7],[598582.79,4095022.54],[598582.599,4095023.274],[598586.375,4095024.278]]]}},{"type":"Feature","properties":{"id":"8752805WF9985S_part1","floors":2,"height":6.2,"heightSource":"Catastro:numberOfFloorsAboveGround"},"geometry":{"type":"Polygon","coordinates":[[[598548.1375,4095015.545],[598542.3275,4095024.145],[598546.021,4095026.7085],[598547.74,4095024.25],[598549.79,4095025.67],[598548.0505,4095028.1695],[598549.7875,4095029.3545],[598554.7975,4095022.3645],[598555.982,4095020.5415],[598548.3575,4095015.2185],[598548.1375,4095015.545]]]}},{"type":"Feature","properties":{"id":"8752805WF9985S_part2","floors":1,"height":3.1,"heightSource":"Catastro:numberOfFloorsAboveGround"},"geometry":{"type":"Polygon","coordinates":[[[598556.333,4095020.001],[598558.39,4095016.835],[598548.596,4095014.865],[598548.3575,4095015.2185],[598555.982,4095020.5415],[598556.333,4095020.001]]]}},{"type":"Feature","properties":{"id":"8752806WF9985S_part1","floors":2,"height":6.2,"heightSource":"Catastro:numberOfFloorsAboveGround"},"geometry":{"type":"Polygon","coordinates":[[[598537.3975,4095031.445],[598544.8775,4095036.5645],[598545.6775,4095035.2645],[598548.3475,4095031.3745],[598549.7875,4095029.3545],[598547.8375,4095028.0245],[598546.4475,4095027.0045],[598542.3275,4095024.145],[598537.3975,4095031.445]]]}},{"type":"Feature","properties":{"id":"8752807WF9985S_part1","floors":1,"height":3.1,"heightSource":"Catastro:numberOfFloorsAboveGround"},"geometry":{"type":"Polygon","coordinates":[[[598537.3975,4095031.445],[598532.7175,4095038.365],[598535.4175,4095040.215],[598540.034,4095033.25],[598537.3975,4095031.445]]]}},{"type":"Feature","properties":{"id":"8752807WF9985S_part2","floors":2,"height":6.2,"heightSource":"Catastro:numberOfFloorsAboveGround"},"geometry":{"type":"Polygon","coordinates":[[[598535.4175,4095040.215],[598540.2475,4095043.5245],[598541.4885,4095041.7155],[598539.4675,4095040.335],[598540.9175,4095038.2145],[598542.94,4095039.5995],[598543.6775,4095038.5245],[598544.8775,4095036.5645],[598540.034,4095033.25],[598535.4175,4095040.215]]]}},{"type":"Feature","properties":{"id":"8752808WF9985S_part1","floors":1,"height":3.1,"heightSource":"Catastro:numberOfFloorsAboveGround"},"geometry":{"type":"Polygon","coordinates":[[[598539.5175,4095043.6645],[598539.9075,4095044.0145],[598540.2475,4095043.5245],[598532.7175,4095038.365],[598527.9575,4095045.305],[598535.5275,4095049.485],[598535.8695,4095048.9865],[598533.9875,4095047.705],[598534.9175,4095046.295],[598536.801,4095047.6275],[598539.5175,4095043.6645]]]}},{"type":"Feature","properties":{"id":"8752809WF9985S_part1","floors":2,"height":6.2,"heightSource":"Catastro:numberOfFloorsAboveGround"},"geometry":{"type":"Polygon","coordinates":[[[598520.897,4095055.585],[598524.3035,4095058.6895],[598527.253,4095054.575],[598523.3405,4095052.0275],[598520.897,4095055.585]]]}},{"type":"Feature","properties":{"id":"8752809WF9985S_part2","floors":2,"height":6.2,"heightSource":"Catastro:numberOfFloorsAboveGround"},"geometry":{"type":"Polygon","coordinates":[[[598527.9575,4095045.305],[598523.3405,4095052.0275],[598527.253,4095054.575],[598528.791,4095052.429],[598532.3215,4095054.7285],[598533.9375,4095053.125],[598534.531,4095052.572],[598533.377,4095051.499],[598531.779,4095050.616],[598533.373,4095048.2955],[598527.9575,4095045.305]]]}},{"type":"Feature","properties":{"id":"8752809WF9985S_part3","floors":2,"height":6.2,"heightSource":"Catastro:numberOfFloorsAboveGround"},"geometry":{"type":"Polygon","coordinates":[[[598524.3035,4095058.6895],[598526.417,4095060.615],[598530.0675,4095056.965],[598530.4065,4095056.6285],[598527.253,4095054.575],[598524.3035,4095058.6895]]]}},{"type":"Feature","properties":{"id":"8752809WF9985S_part4","floors":3,"height":9.3,"heightSource":"Catastro:numberOfFloorsAboveGround"},"geometry":{"type":"Polygon","coordinates":[[[598528.791,4095052.429],[598527.253,4095054.575],[598530.4065,4095056.6285],[598531.4075,4095055.635],[598532.3215,4095054.7285],[598528.791,4095052.429]]]}},{"type":"Feature","properties":{"id":"8753001WF9985S_part1","floors":1,"height":3.1,"heightSource":"Catastro:numberOfFloorsAboveGround"},"geometry":{"type":"Polygon","coordinates":[[[598600.707,4095124.814],[598609.247,4095115.954],[598605.877,4095113.024],[598603.837,4095115.304],[598600.007,4095119.164],[598597.507,4095116.684],[598594.917,4095119.384],[598600.707,4095124.814]]]}},{"type":"Feature","properties":{"id":"8753001WF9985S_part2","floors":2,"height":6.2,"heightSource":"Catastro:numberOfFloorsAboveGround"},"geometry":{"type":"Polygon","coordinates":[[[598600.007,4095119.164],[598603.837,4095115.304],[598601.287,4095112.884],[598599.997,4095114.084],[598597.507,4095116.684],[598600.007,4095119.164]]]}},{"type":"Feature","properties":{"id":"8753002WF9985S_part1","floors":3,"height":9.3,"heightSource":"Catastro:numberOfFloorsAboveGround"},"geometry":{"type":"Polygon","coordinates":[[[598584.887,4095094.244],[598586.247,4095095.394],[598588.317,4095097.404],[598591.097,4095099.834],[598592.877,4095101.394],[598595.247,4095103.534],[598597.287,4095105.414],[598599.757,4095107.434],[598600.597,4095108.184],[598601.877,4095109.534],[598603.337,4095110.814],[598605.877,4095113.024],[598609.247,4095115.954],[598618.837,4095105.994],[598611.297,4095099.354],[598603.217,4095092.234],[598595.4475,4095085.394],[598588.4175,4095079.204],[598578.907,4095089.1845],[598584.887,4095094.244]]]}},{"type":"Feature","properties":{"id":"8753008WF9985S_part1","floors":3,"height":9.3,"heightSource":"Catastro:numberOfFloorsAboveGround"},"geometry":{"type":"Polygon","coordinates":[[[598569.467,4095099.0845],[598572.027,4095101.4445],[598575.337,4095098.1145],[598578.587,4095100.9445],[598580.637,4095098.834],[598581.477,4095097.874],[598579.417,4095096.0045],[598581.217,4095094.0245],[598583.297,4095095.904],[598584.887,4095094.244],[598578.907,4095089.1845],[598569.467,4095099.0845]]]}},{"type":"Feature","properties":{"id":"8753008WF9985S_part2","floors":4,"height":12.4,"heightSource":"Catastro:numberOfFloorsAboveGround"},"geometry":{"type":"Polygon","coordinates":[[[598575.227,4095104.3945],[598577.557,4095102.0045],[598578.587,4095100.9445],[598575.337,4095098.1145],[598572.027,4095101.4445],[598575.227,4095104.3945]]]}},{"type":"Feature","properties":{"id":"8753009WF9985S_part1","floors":3,"height":9.3,"heightSource":"Catastro:numberOfFloorsAboveGround"},"geometry":{"type":"Polygon","coordinates":[[[598581.177,4095109.734],[598582.037,4095108.884],[598586.657,4095104.314],[598584.877,4095102.774],[598586.887,4095100.734],[598588.627,4095102.334],[598591.097,4095099.834],[598588.317,4095097.404],[598586.247,4095095.394],[598584.887,4095094.244],[598583.297,4095095.904],[598582.467,4095096.794],[598584.787,4095098.884],[598582.947,4095100.914],[598582.157,4095100.194],[598579.047,4095103.404],[598577.557,4095102.0045],[598575.227,4095104.3945],[598581.177,4095109.734]]]}},{"type":"Feature","properties":{"id":"8753009WF9985S_part2","floors":4,"height":12.4,"heightSource":"Catastro:numberOfFloorsAboveGround"},"geometry":{"type":"Polygon","coordinates":[[[598579.047,4095103.404],[598582.157,4095100.194],[598580.637,4095098.834],[598578.587,4095100.9445],[598577.557,4095102.0045],[598579.047,4095103.404]]]}},{"type":"Feature","properties":{"id":"8753010WF9985S_part1","floors":2,"height":6.2,"heightSource":"Catastro:numberOfFloorsAboveGround"},"geometry":{"type":"Polygon","coordinates":[[[598584.637,4095111.304],[598583.997,4095112.264],[598584.537,4095112.754],[598587.327,4095115.224],[598588.287,4095114.264],[598593.877,4095108.614],[598591.867,4095106.794],[598595.247,4095103.534],[598592.877,4095101.394],[598591.097,4095099.834],[598588.627,4095102.334],[598586.657,4095104.314],[598582.037,4095108.884],[598584.637,4095111.304]]]}},{"type":"Feature","properties":{"id":"8753011WF9985S_part1","floors":2,"height":6.2,"heightSource":"Catastro:numberOfFloorsAboveGround"},"geometry":{"type":"Polygon","coordinates":[[[598599.757,4095107.434],[598597.287,4095105.414],[598593.877,4095108.614],[598588.6935,4095113.8535],[598591.862,4095116.652],[598590.494,4095118.02],[598593.507,4095120.674],[598594.917,4095119.384],[598597.507,4095116.684],[598594.737,4095113.934],[598597.237,4095111.564],[598598.476,4095110.317],[598600.597,4095108.184],[598599.757,4095107.434]]]}},{"type":"Feature","properties":{"id":"8753011WF9985S_part2","floors":3,"height":9.3,"heightSource":"Catastro:numberOfFloorsAboveGround"},"geometry":{"type":"Polygon","coordinates":[[[598594.737,4095113.934],[598597.507,4095116.684],[598599.997,4095114.084],[598597.237,4095111.564],[598594.737,4095113.934]]]}},{"type":"Feature","properties":{"id":"8753011WF9985S_part3","floors":2,"height":6.2,"heightSource":"Catastro:numberOfFloorsAboveGround"},"geometry":{"type":"Polygon","coordinates":[[[598597.237,4095111.564],[598599.997,4095114.084],[598601.287,4095112.884],[598598.476,4095110.317],[598597.237,4095111.564]]]}},{"type":"Feature","properties":{"id":"8753201WF9985S_part1","floors":1,"height":3.1,"heightSource":"Catastro:numberOfFloorsAboveGround"},"geometry":{"type":"Polygon","coordinates":[[[598630.127,4095153.6035],[598636.627,4095149.1435],[598631.997,4095141.6735],[598631.577,4095141.1435],[598629.177,4095142.7735],[598627.097,4095139.9335],[598620.227,4095144.744],[598630.127,4095153.6035]]]}},{"type":"Feature","properties":{"id":"8753202WF9985S_part1","floors":1,"height":3.1,"heightSource":"Catastro:numberOfFloorsAboveGround"},"geometry":{"type":"Polygon","coordinates":[[[598631.997,4095141.6735],[598636.627,4095149.1435],[598645.717,4095142.9035],[598643.357,4095139.5935],[598640.477,4095141.6835],[598637.737,4095137.7835],[598631.997,4095141.6735]]]}},{"type":"Feature","properties":{"id":"8753202WF9985S_part2","floors":2,"height":6.2,"heightSource":"Catastro:numberOfFloorsAboveGround"},"geometry":{"type":"Polygon","coordinates":[[[598637.737,4095137.7835],[598640.477,4095141.6835],[598643.357,4095139.5935],[598640.647,4095135.8035],[598637.737,4095137.7835]]]}},{"type":"Feature","properties":{"id":"8753203WF9985S_part2","floors":4,"height":12.4,"heightSource":"Catastro:numberOfFloorsAboveGround"},"geometry":{"type":"Polygon","coordinates":[[[598639.081,4095133.471],[598640.647,4095135.8035],[598642.3855,4095138.2345],[598644.257,4095136.9035],[598640.887,4095132.1835],[598639.997,4095132.8235],[598639.081,4095133.471]]]}},{"type":"Feature","properties":{"id":"8753203WF9985S_part3","floors":3,"height":9.3,"heightSource":"Catastro:numberOfFloorsAboveGround"},"geometry":{"type":"Polygon","coordinates":[[[598646.087,4095126.6735],[598639.1165,4095131.593],[598639.997,4095132.8235],[598640.887,4095132.1835],[598644.257,4095136.9035],[598642.3855,4095138.2345],[598643.357,4095139.5935],[598645.717,4095142.9035],[598652.1265,4095138.303],[598650.557,4095136.1035],[598651.6845,4095135.295],[598646.087,4095126.6735]]]}},{"type":"Feature","properties":{"id":"8753203WF9985S_part4","floors":2,"height":6.2,"heightSource":"Catastro:numberOfFloorsAboveGround"},"geometry":{"type":"Polygon","coordinates":[[[598650.557,4095136.1035],[598652.1265,4095138.303],[598653.157,4095137.5635],[598651.6845,4095135.295],[598650.557,4095136.1035]]]}},{"type":"Feature","properties":{"id":"8753204WF9985S_part1","floors":1,"height":3.1,"heightSource":"Catastro:numberOfFloorsAboveGround"},"geometry":{"type":"Polygon","coordinates":[[[598631.897,4095136.5835],[598635.317,4095134.4535],[598634.427,4095133.1835],[598633.327,4095131.5335],[598636.097,4095129.8235],[598636.977,4095131.5235],[598637.717,4095132.5835],[598638.237,4095132.2135],[598646.087,4095126.6735],[598644.587,4095124.0435],[598641.017,4095117.9835],[598640.107,4095118.7635],[598634.167,4095123.0635],[598632.727,4095124.0735],[598634.207,4095126.7135],[598631.557,4095128.4935],[598630.207,4095125.884],[598626.727,4095127.984],[598631.897,4095136.5835]]]}},{"type":"Feature","properties":{"id":"8753205WF9985S_part1","floors":2,"height":6.2,"heightSource":"Catastro:numberOfFloorsAboveGround"},"geometry":{"type":"Polygon","coordinates":[[[598631.077,4095117.634],[598633.737,4095116.074],[598634.507,4095117.3735],[598635.267,4095118.7435],[598632.637,4095120.214],[598634.167,4095123.0635],[598640.107,4095118.7635],[598641.017,4095117.9835],[598633.137,4095104.974],[598631.407,4095102.844],[598628.837,4095105.304],[598629.127,4095105.954],[598626.087,4095109.014],[598631.077,4095117.634]]]}},{"type":"Feature","properties":{"id":"8753206WF9985S_part1","floors":3,"height":9.3,"heightSource":"Catastro:numberOfFloorsAboveGround"},"geometry":{"type":"Polygon","coordinates":[[[598619.347,4095115.964],[598623.627,4095122.954],[598624.577,4095124.504],[598626.727,4095127.984],[598629.2275,4095126.475],[598627.617,4095123.774],[598630.197,4095122.244],[598631.7195,4095124.797],[598632.727,4095124.0735],[598634.167,4095123.0635],[598632.637,4095120.214],[598631.837,4095118.944],[598631.077,4095117.634],[598626.087,4095109.014],[598623.596,4095111.583],[598626.447,4095116.384],[598626.127,4095116.574],[598626.897,4095117.864],[598626.817,4095117.914],[598628.487,4095120.724],[598626.857,4095121.694],[598625.137,4095118.814],[598624.497,4095119.204],[598623.677,4095117.824],[598624.107,4095117.574],[598621.705,4095113.5325],[598619.347,4095115.964]]]}},{"type":"Feature","properties":{"id":"8753206WF9985S_part2","floors":4,"height":12.4,"heightSource":"Catastro:numberOfFloorsAboveGround"},"geometry":{"type":"Polygon","coordinates":[[[598621.705,4095113.5325],[598624.107,4095117.574],[598623.677,4095117.824],[598624.497,4095119.204],[598625.137,4095118.814],[598626.857,4095121.694],[598628.487,4095120.724],[598626.817,4095117.914],[598626.897,4095117.864],[598626.127,4095116.574],[598626.447,4095116.384],[598623.596,4095111.583],[598621.705,4095113.5325]]]}},{"type":"Feature","properties":{"id":"8753207WF9985S_part1","floors":2,"height":6.2,"heightSource":"Catastro:numberOfFloorsAboveGround"},"geometry":{"type":"Polygon","coordinates":[[[598619.347,4095115.964],[598613.067,4095122.424],[598616.707,4095128.434],[598619.187,4095126.894],[598620.337,4095128.744],[598617.847,4095130.284],[598619.397,4095132.964],[598626.727,4095127.984],[598624.577,4095124.504],[598622.117,4095126.014],[598621.207,4095124.584],[598623.627,4095122.954],[598619.347,4095115.964]]]}},{"type":"Feature","properties":{"id":"8753207WF9985S_part2","floors":3,"height":9.3,"heightSource":"Catastro:numberOfFloorsAboveGround"},"geometry":{"type":"Polygon","coordinates":[[[598620.337,4095128.744],[598619.187,4095126.894],[598616.707,4095128.434],[598617.397,4095129.554],[598617.847,4095130.284],[598620.337,4095128.744]]]}},{"type":"Feature","properties":{"id":"8753208WF9985S_part1","floors":1,"height":3.1,"heightSource":"Catastro:numberOfFloorsAboveGround"},"geometry":{"type":"Polygon","coordinates":[[[598604.797,4095130.914],[598612.417,4095137.704],[598615.057,4095135.914],[598617.417,4095134.314],[598615.017,4095131.944],[598617.397,4095129.554],[598616.707,4095128.434],[598613.067,4095122.424],[598604.797,4095130.914]]]}},{"type":"Feature","properties":{"id":"8753209WF9985S_part1","floors":4,"height":12.4,"heightSource":"Catastro:numberOfFloorsAboveGround"},"geometry":{"type":"Polygon","coordinates":[[[598622.357,4095135.334],[598619.077,4095137.634],[598620.627,4095139.844],[598623.907,4095137.544],[598622.357,4095135.334]]]}},{"type":"Feature","properties":{"id":"8753209WF9985S_part2","floors":3,"height":9.3,"heightSource":"Catastro:numberOfFloorsAboveGround"},"geometry":{"type":"Polygon","coordinates":[[[598626.727,4095127.984],[598619.397,4095132.964],[598617.417,4095134.314],[598615.057,4095135.914],[598612.417,4095137.704],[598620.227,4095144.744],[598627.097,4095139.9335],[598629.707,4095138.1135],[598631.897,4095136.5835],[598630.016,4095133.454],[598627.677,4095135.0935],[598625.957,4095132.634],[598628.465,4095130.875],[598626.727,4095127.984]],[[598620.627,4095139.844],[598619.077,4095137.634],[598622.357,4095135.334],[598623.907,4095137.544],[598620.627,4095139.844]]]}},{"type":"Feature","properties":{"id":"8753601WF9985S_part1","floors":1,"height":3.1,"heightSource":"Catastro:numberOfFloorsAboveGround"},"geometry":{"type":"Polygon","coordinates":[[[598563.847,4095094.2645],[598572.847,4095084.9445],[598568.647,4095081.2045],[598567.467,4095082.4645],[598568.957,4095083.8545],[598568.227,4095084.6345],[598567.547,4095084.0045],[598565.067,4095086.5445],[598562.147,4095083.8645],[598557.557,4095088.6345],[598563.847,4095094.2645]]]}},{"type":"Feature","properties":{"id":"8753601WF9985S_part2","floors":2,"height":6.2,"heightSource":"Catastro:numberOfFloorsAboveGround"},"geometry":{"type":"Polygon","coordinates":[[[598565.067,4095086.5445],[598567.547,4095084.0045],[598564.587,4095081.2345],[598564.327,4095081.5345],[598562.917,4095083.0545],[598562.147,4095083.8645],[598565.067,4095086.5445]]]}},{"type":"Feature","properties":{"id":"8753602WF9985S_part1","floors":3,"height":9.3,"heightSource":"Catastro:numberOfFloorsAboveGround"},"geometry":{"type":"Polygon","coordinates":[[[598557.307,4095070.9545],[598560.337,4095073.7345],[598561.897,4095075.0245],[598562.467,4095075.6745],[598564.897,4095077.8745],[598566.397,4095079.2145],[598568.647,4095081.2045],[598572.847,4095084.9445],[598583.0475,4095074.3645],[598573.0275,4095065.2745],[598564.4975,4095057.2645],[598562.7475,4095059.0245],[598560.7375,4095061.0645],[598553.977,4095067.9145],[598557.307,4095070.9545]]]}},{"type":"Feature","properties":{"id":"8753604WF9985S_part1","floors":2,"height":6.2,"heightSource":"Catastro:numberOfFloorsAboveGround"},"geometry":{"type":"Polygon","coordinates":[[[598553.977,4095067.9145],[598544.877,4095077.2845],[598551.267,4095083.0045],[598551.937,4095082.2945],[598549.31,4095079.68],[598555.17,4095073.33],[598557.307,4095070.9545],[598553.977,4095067.9145]]]}},{"type":"Feature","properties":{"id":"8753604WF9985S_part2","floors":3,"height":9.3,"heightSource":"Catastro:numberOfFloorsAboveGround"},"geometry":{"type":"Polygon","coordinates":[[[598549.31,4095079.68],[598551.937,4095082.2945],[598554.437,4095079.7245],[598557.457,4095076.6145],[598558.097,4095075.9645],[598555.17,4095073.33],[598549.31,4095079.68]]]}},{"type":"Feature","properties":{"id":"8753605WF9985S_part1","floors":2,"height":6.2,"heightSource":"Catastro:numberOfFloorsAboveGround"},"geometry":{"type":"Polygon","coordinates":[[[598557.557,4095088.6345],[598562.147,4095083.8645],[598562.917,4095083.0545],[598560.817,4095081.1145],[598562.227,4095079.5945],[598564.327,4095081.5345],[598564.587,4095081.2345],[598566.397,4095079.2145],[598564.897,4095077.8745],[598562.467,4095075.6745],[598560.867,4095077.3845],[598558.577,4095075.4645],[598558.097,4095075.9645],[598557.457,4095076.6145],[598560.757,4095079.4945],[598557.677,4095082.6745],[598554.437,4095079.7245],[598551.937,4095082.2945],[598551.267,4095083.0045],[598557.557,4095088.6345]]]}},{"type":"Feature","properties":{"id":"8753605WF9985S_part2","floors":3,"height":9.3,"heightSource":"Catastro:numberOfFloorsAboveGround"},"geometry":{"type":"Polygon","coordinates":[[[598557.677,4095082.6745],[598560.757,4095079.4945],[598557.457,4095076.6145],[598554.437,4095079.7245],[598557.677,4095082.6745]]]}},{"type":"Feature","properties":{"id":"8753701WF9985S_part1","floors":2,"height":6.2,"heightSource":"Catastro:numberOfFloorsAboveGround"},"geometry":{"type":"Polygon","coordinates":[[[598527.327,4095113.3045],[598524.457,4095116.3045],[598534.367,4095124.5345],[598537.457,4095121.3545],[598539.807,4095118.9245],[598540.097,4095118.6245],[598535.737,4095114.4745],[598533.152,4095112.079],[598530.487,4095115.0945],[598527.827,4095112.7845],[598527.327,4095113.3045]]]}},{"type":"Feature","properties":{"id":"8753702WF9985S_part1","floors":3,"height":9.3,"heightSource":"Catastro:numberOfFloorsAboveGround"},"geometry":{"type":"Polygon","coordinates":[[[598533.517,4095106.8445],[598532.717,4095107.6845],[598530.687,4095109.7945],[598533.7995,4095112.679],[598534.421,4095112.0565],[598535.111,4095112.7115],[598536.804,4095110.9935],[598540.156,4095114.1965],[598537.88,4095116.5145],[598540.097,4095118.6245],[598545.237,4095113.3145],[598537.735,4095106.8175],[598535.822,4095108.7945],[598533.6485,4095106.72],[598533.517,4095106.8445]]]}},{"type":"Feature","properties":{"id":"8753702WF9985S_part2","floors":1,"height":3.1,"heightSource":"Catastro:numberOfFloorsAboveGround"},"geometry":{"type":"Polygon","coordinates":[[[598535.537,4095104.9145],[598534.457,4095105.9545],[598533.6485,4095106.72],[598535.822,4095108.7945],[598537.735,4095106.8175],[598535.537,4095104.9145]]]}},{"type":"Feature","properties":{"id":"8753702WF9985S_part3","floors":4,"height":12.4,"heightSource":"Catastro:numberOfFloorsAboveGround"},"geometry":{"type":"Polygon","coordinates":[[[598534.503,4095113.331],[598535.737,4095114.4745],[598537.88,4095116.5145],[598540.156,4095114.1965],[598536.804,4095110.9935],[598535.111,4095112.7115],[598534.503,4095113.331]]]}},{"type":"Feature","properties":{"id":"8753703WF9985S_part1","floors":3,"height":9.3,"heightSource":"Catastro:numberOfFloorsAboveGround"},"geometry":{"type":"Polygon","coordinates":[[[598545.237,4095113.3145],[598550.617,4095107.7545],[598548.667,4095106.0145],[598544.217,4095102.0345],[598542.567,4095100.5545],[598541.277,4095099.3945],[598538.827,4095101.7545],[598537.731,4095102.8075],[598539.809,4095104.971],[598539.3945,4095105.3695],[598541.072,4095106.678],[598542.054,4095105.5445],[598543.165,4095106.5065],[598542.137,4095107.6935],[598542.9235,4095108.3745],[598541.47,4095110.0525],[598545.237,4095113.3145]]]}},{"type":"Feature","properties":{"id":"8753703WF9985S_part2","floors":4,"height":12.4,"heightSource":"Catastro:numberOfFloorsAboveGround"},"geometry":{"type":"Polygon","coordinates":[[[598537.8145,4095106.8865],[598541.47,4095110.0525],[598542.9235,4095108.3745],[598542.137,4095107.6935],[598543.165,4095106.5065],[598542.054,4095105.5445],[598541.072,4095106.678],[598539.3945,4095105.3695],[598537.8145,4095106.8865]]]}},{"type":"Feature","properties":{"id":"8753704WF9985S_part1","floors":1,"height":3.1,"heightSource":"Catastro:numberOfFloorsAboveGround"},"geometry":{"type":"Polygon","coordinates":[[[598548.667,4095106.0145],[598550.617,4095107.7545],[598552.867,4095105.4345],[598557.897,4095100.2245],[598551.377,4095094.4745],[598546.417,4095099.7245],[598548.877,4095102.0145],[598547.347,4095103.5745],[598544.927,4095101.2945],[598544.217,4095102.0345],[598548.667,4095106.0145]]]}},{"type":"Feature","properties":{"id":"8753705WF9985S_part1","floors":2,"height":6.2,"heightSource":"Catastro:numberOfFloorsAboveGround"},"geometry":{"type":"Polygon","coordinates":[[[598540.407,4095098.5745],[598542.577,4095096.2945],[598544.647,4095098.3045],[598542.567,4095100.5545],[598544.217,4095102.0345],[598544.927,4095101.2945],[598546.417,4095099.7245],[598551.377,4095094.4745],[598552.317,4095093.3945],[598546.297,4095087.9545],[598543.977,4095090.2745],[598540.897,4095093.5045],[598538.077,4095096.2845],[598540.407,4095098.5745]]]}},{"type":"Feature","properties":{"id":"8753706WF9985S_part1","floors":2,"height":6.2,"heightSource":"Catastro:numberOfFloorsAboveGround"},"geometry":{"type":"Polygon","coordinates":[[[598535.727,4095094.3045],[598537.717,4095092.3845],[598539.367,4095094.0945],[598537.547,4095095.8545],[598538.077,4095096.2845],[598540.897,4095093.5045],[598538.647,4095091.4945],[598541.477,4095088.0645],[598543.977,4095090.2745],[598546.297,4095087.9545],[598539.887,4095082.1745],[598531.467,4095090.6545],[598535.727,4095094.3045]]]}},{"type":"Feature","properties":{"id":"8753706WF9985S_part2","floors":3,"height":9.3,"heightSource":"Catastro:numberOfFloorsAboveGround"},"geometry":{"type":"Polygon","coordinates":[[[598540.897,4095093.5045],[598543.977,4095090.2745],[598541.477,4095088.0645],[598538.647,4095091.4945],[598540.897,4095093.5045]]]}},{"type":"Feature","properties":{"id":"8753708WF9985S_part1","floors":3,"height":9.3,"heightSource":"Catastro:numberOfFloorsAboveGround"},"geometry":{"type":"Polygon","coordinates":[[[598530.057,4095110.4645],[598532.717,4095107.6845],[598533.2375,4095107.138],[598531.89,4095105.97],[598531.21,4095105.37],[598533.3205,4095102.9395],[598530.947,4095100.8645],[598530.594,4095100.5555],[598528.03,4095103.5],[598523.19,4095099.3],[598522.48,4095099.99],[598521.14,4095101.32],[598520.377,4095102.0645],[598523.557,4095104.8145],[598525.687,4095106.6745],[598526.02,4095106.97],[598528.377,4095109.0045],[598530.057,4095110.4645]]]}},{"type":"Feature","properties":{"id":"8753708WF9985S_part2","floors":2,"height":6.2,"heightSource":"Catastro:numberOfFloorsAboveGround"},"geometry":{"type":"Polygon","coordinates":[[[598525.997,4095096.5345],[598525.7,4095096.83],[598525.494,4095097.0325],[598523.19,4095099.3],[598528.03,4095103.5],[598530.594,4095100.5555],[598525.997,4095096.5345]]]}},{"type":"Feature","properties":{"id":"8753708WF9985S_part4","floors":3,"height":9.3,"heightSource":"Catastro:numberOfFloorsAboveGround"},"geometry":{"type":"Polygon","coordinates":[[[598531.21,4095105.37],[598531.89,4095105.97],[598534.0035,4095103.5365],[598533.3205,4095102.9395],[598531.21,4095105.37]]]}},{"type":"Feature","properties":{"id":"8753708WF9985S_part5","floors":1,"height":3.1,"heightSource":"Catastro:numberOfFloorsAboveGround"},"geometry":{"type":"Polygon","coordinates":[[[598531.89,4095105.97],[598533.2375,4095107.138],[598533.517,4095106.8445],[598534.457,4095105.9545],[598535.537,4095104.9145],[598534.047,4095103.5745],[598534.0035,4095103.5365],[598531.89,4095105.97]]]}},{"type":"Feature","properties":{"id":"8753709WF9985S_part1","floors":2,"height":6.2,"heightSource":"Catastro:numberOfFloorsAboveGround"},"geometry":{"type":"Polygon","coordinates":[[[598525.687,4095106.6745],[598523.557,4095104.8145],[598520.377,4095102.0645],[598514.827,4095108.3145],[598524.457,4095116.3045],[598527.327,4095113.3045],[598525.767,4095112.0545],[598528.377,4095109.0045],[598525.687,4095106.6745]]]}},{"type":"Feature","properties":{"id":"8753801WF9985S_part1","floors":2,"height":6.2,"heightSource":"Catastro:numberOfFloorsAboveGround"},"geometry":{"type":"Polygon","coordinates":[[[598568.187,4095142.434],[598564.487,4095139.4445],[598559.147,4095145.1145],[598559.347,4095145.2845],[598565.327,4095150.224],[598571.317,4095155.174],[598573.517,4095152.734],[598576.787,4095149.534],[598570.8335,4095144.619],[598569.8805,4095145.771],[598567.336,4095143.6655],[598568.286,4095142.5155],[598568.187,4095142.434]]]}},{"type":"Feature","properties":{"id":"8753802WF9985S_part1","floors":1,"height":3.1,"heightSource":"Catastro:numberOfFloorsAboveGround"},"geometry":{"type":"Polygon","coordinates":[[[598564.487,4095139.4445],[598568.187,4095142.434],[598576.787,4095149.534],[598579.667,4095146.714],[598567.4135,4095136.3405],[598564.487,4095139.4445]]]}},{"type":"Feature","properties":{"id":"8753803WF9985S_part1","floors":1,"height":3.1,"heightSource":"Catastro:numberOfFloorsAboveGround"},"geometry":{"type":"Polygon","coordinates":[[[598582.567,4095143.884],[598588.607,4095137.734],[598588.887,4095137.444],[598587.757,4095136.464],[598585.487,4095134.404],[598579.707,4095129.254],[598577.247,4095126.864],[598570.587,4095133.584],[598573.137,4095135.804],[598575.087,4095133.634],[598577.457,4095135.714],[598575.4795,4095137.811],[598582.567,4095143.884]],[[598579.517,4095133.374],[598577.167,4095131.414],[598578.157,4095130.244],[598580.507,4095132.204],[598579.517,4095133.374]]]}},{"type":"Feature","properties":{"id":"8753804WF9985S_part1","floors":1,"height":3.1,"heightSource":"Catastro:numberOfFloorsAboveGround"},"geometry":{"type":"Polygon","coordinates":[[[598588.887,4095137.444],[598595.107,4095131.124],[598583.257,4095120.784],[598577.247,4095126.864],[598579.707,4095129.254],[598580.947,4095127.874],[598585.087,4095131.584],[598583.816,4095132.915],[598585.487,4095134.404],[598586.697,4095133.214],[598588.977,4095135.044],[598587.757,4095136.464],[598588.887,4095137.444]]]}},{"type":"Feature","properties":{"id":"8753805WF9985S_part1","floors":1,"height":3.1,"heightSource":"Catastro:numberOfFloorsAboveGround"},"geometry":{"type":"Polygon","coordinates":[[[598563.067,4095127.0245],[598563.527,4095127.4145],[598570.277,4095133.304],[598570.587,4095133.584],[598573.658,4095130.485],[598571.187,4095128.344],[598573.517,4095125.734],[598576.157,4095127.964],[598577.247,4095126.864],[598581.383,4095122.68],[598576.897,4095118.674],[598577.527,4095117.954],[598574.387,4095115.054],[598569.567,4095120.1545],[598568.1765,4095121.624],[598569.937,4095123.4145],[598567.687,4095125.6345],[598565.9985,4095123.926],[598563.067,4095127.0245]]]}},{"type":"Feature","properties":{"id":"8753806WF9985S_part1","floors":2,"height":6.2,"heightSource":"Catastro:numberOfFloorsAboveGround"},"geometry":{"type":"Polygon","coordinates":[[[598569.567,4095120.1545],[598574.387,4095115.054],[598575.427,4095113.954],[598564.237,4095103.9845],[598558.097,4095110.0245],[598565.1065,4095116.215],[598566.637,4095114.4645],[598569.117,4095116.7045],[598567.5175,4095118.344],[598569.567,4095120.1545]]]}},{"type":"Feature","properties":{"id":"8753807WF9985S_part1","floors":2,"height":6.2,"heightSource":"Catastro:numberOfFloorsAboveGround"},"geometry":{"type":"Polygon","coordinates":[[[598551.277,4095116.7345],[598563.067,4095127.0245],[598569.567,4095120.1545],[598558.097,4095110.0245],[598557.707,4095110.4045],[598551.277,4095116.7345]]]}},{"type":"Feature","properties":{"id":"8753808WF9985S_part1","floors":2,"height":6.2,"heightSource":"Catastro:numberOfFloorsAboveGround"},"geometry":{"type":"Polygon","coordinates":[[[598551.277,4095116.7345],[598551.197,4095116.8145],[598544.807,4095123.1145],[598552.31,4095129.661],[598554.557,4095127.2945],[598556.747,4095129.2445],[598554.5855,4095131.646],[598557.117,4095133.8545],[598563.527,4095127.4145],[598563.067,4095127.0245],[598559.8845,4095124.247],[598557.877,4095126.5445],[598555.287,4095124.3945],[598557.316,4095122.0055],[598551.277,4095116.7345]]]}},{"type":"Feature","properties":{"id":"8753809WF9985S_part1","floors":2,"height":6.2,"heightSource":"Catastro:numberOfFloorsAboveGround"},"geometry":{"type":"Polygon","coordinates":[[[598539.247,4095128.5845],[598549.967,4095137.4445],[598552.867,4095134.1745],[598554.917,4095136.1545],[598557.117,4095133.8545],[598553.827,4095130.9845],[598552.977,4095131.7545],[598551.687,4095133.2345],[598549.407,4095131.3745],[598551.3655,4095128.8365],[598548.503,4095126.339],[598546.157,4095128.7545],[598542.407,4095125.4845],[598539.247,4095128.5845]]]}},{"type":"Feature","properties":{"id":"8753809WF9985S_part2","floors":3,"height":9.3,"heightSource":"Catastro:numberOfFloorsAboveGround"},"geometry":{"type":"Polygon","coordinates":[[[598544.807,4095123.1145],[598542.407,4095125.4845],[598546.157,4095128.7545],[598548.503,4095126.339],[598544.807,4095123.1145]]]}},{"type":"Feature","properties":{"id":"8753810WF9985S_part1","floors":2,"height":6.2,"heightSource":"Catastro:numberOfFloorsAboveGround"},"geometry":{"type":"Polygon","coordinates":[[[598552.037,4095139.1645],[598559.147,4095145.1145],[598564.487,4095139.4445],[598570.277,4095133.304],[598563.527,4095127.4145],[598557.117,4095133.8545],[598552.037,4095139.1645]]]}},{"type":"Feature","properties":{"id":"8754003WF9985S_part2","floors":2,"height":6.2,"heightSource":"Catastro:numberOfFloorsAboveGround"},"geometry":{"type":"Polygon","coordinates":[[[598598.267,4095187.554],[598594.9620601612,4095191.0],[598602.3641158646,4095191.0],[598598.267,4095187.554]]]}},{"type":"Feature","properties":{"id":"8754004WF9985S_part1","floors":3,"height":9.3,"heightSource":"Catastro:numberOfFloorsAboveGround"},"geometry":{"type":"Polygon","coordinates":[[[598598.267,4095187.554],[598591.377,4095181.654],[598583.056,4095190.9335],[598583.1251592404,4095191.0],[598594.9616952303,4095191.0],[598598.267,4095187.554]]]}},{"type":"Feature","properties":{"id":"8754005WF9985S_part1","floors":3,"height":9.3,"heightSource":"Catastro:numberOfFloorsAboveGround"},"geometry":{"type":"Polygon","coordinates":[[[598579.6014650274,4095191.0],[598582.9965273798,4095191.0],[598591.377,4095181.654],[598584.707,4095175.954],[598574.9265,4095186.824],[598577.124,4095188.787],[598579.1265,4095186.554],[598581.3565,4095188.544],[598579.358,4095190.7825],[598579.6014650274,4095191.0]],[[598586.297,4095180.204],[598588.007,4095181.664],[598584.0065,4095186.134],[598582.3265,4095184.634],[598586.297,4095180.204]]]}},{"type":"Feature","properties":{"id":"8754005WF9985S_part2","floors":4,"height":12.4,"heightSource":"Catastro:numberOfFloorsAboveGround"},"geometry":{"type":"Polygon","coordinates":[[[598584.0065,4095186.134],[598588.007,4095181.664],[598586.297,4095180.204],[598582.3265,4095184.634],[598584.0065,4095186.134]]]}},{"type":"Feature","properties":{"id":"8754006WF9985S_part1","floors":3,"height":9.3,"heightSource":"Catastro:numberOfFloorsAboveGround"},"geometry":{"type":"Polygon","coordinates":[[[598584.707,4095175.954],[598579.037,4095171.094],[598578.487,4095170.634],[598576.907,4095172.224],[598572.837,4095176.634],[598570.6365,4095178.834],[598568.5565,4095180.794],[598569.0365,4095181.224],[598570.5265,4095182.884],[598572.695,4095184.8255],[598574.6965,4095182.594],[598575.0665,4095182.924],[598577.917,4095179.764],[598579.7765,4095181.434],[598584.707,4095175.954]]]}},{"type":"Feature","properties":{"id":"8754006WF9985S_part2","floors":4,"height":12.4,"heightSource":"Catastro:numberOfFloorsAboveGround"},"geometry":{"type":"Polygon","coordinates":[[[598577.917,4095179.764],[598575.0665,4095182.924],[598576.925,4095184.6025],[598579.7765,4095181.434],[598577.917,4095179.764]]]}},{"type":"Feature","properties":{"id":"8754007WF9985S_part1","floors":2,"height":6.2,"heightSource":"Catastro:numberOfFloorsAboveGround"},"geometry":{"type":"Polygon","coordinates":[[[598562.0065,4095175.054],[598568.5565,4095180.794],[598570.6365,4095178.834],[598570.23,4095178.53],[598568.37,4095176.88],[598568.82,4095176.38],[598564.6575,4095172.3275],[598562.0065,4095175.054]]]}},{"type":"Feature","properties":{"id":"8754007WF9985S_part2","floors":1,"height":3.1,"heightSource":"Catastro:numberOfFloorsAboveGround"},"geometry":{"type":"Polygon","coordinates":[[[598576.907,4095172.224],[598578.487,4095170.634],[598571.737,4095165.054],[598570.757,4095166.054],[598564.6575,4095172.3275],[598568.82,4095176.38],[598570.39,4095174.63],[598572.837,4095176.634],[598576.907,4095172.224]]]}},{"type":"Feature","properties":{"id":"8754008WF9985S_part1","floors":3,"height":9.3,"heightSource":"Catastro:numberOfFloorsAboveGround"},"geometry":{"type":"Polygon","coordinates":[[[598566.8265,4095182.614],[598568.5565,4095180.794],[598562.0065,4095175.054],[598553.1865,4095185.124],[598558.7065,4095190.824],[598562.857,4095186.6275],[598559.86,4095183.97],[598561.66,4095181.95],[598562.4,4095182.62],[598564.02,4095180.8],[598566.487,4095182.957],[598566.8265,4095182.614]]]}},{"type":"Feature","properties":{"id":"8754008WF9985S_part2","floors":4,"height":12.4,"heightSource":"Catastro:numberOfFloorsAboveGround"},"geometry":{"type":"Polygon","coordinates":[[[598564.02,4095180.8],[598562.4,4095182.62],[598561.66,4095181.95],[598559.86,4095183.97],[598562.857,4095186.6275],[598566.487,4095182.957],[598564.02,4095180.8]]]}},{"type":"Feature","properties":{"id":"8754009WF9985S_part1","floors":2,"height":6.2,"heightSource":"Catastro:numberOfFloorsAboveGround"},"geometry":{"type":"Polygon","coordinates":[[[598558.8965368097,4095191.0],[598570.8350059023,4095191.0],[598574.9265,4095186.824],[598570.5265,4095182.884],[598569.0265,4095184.404],[598566.8265,4095182.614],[598558.7065,4095190.824],[598558.8965368097,4095191.0]]]}},{"type":"Feature","properties":{"id":"8754010WF9985S_part2","floors":2,"height":6.2,"heightSource":"Catastro:numberOfFloorsAboveGround"},"geometry":{"type":"Polygon","coordinates":[[[598574.9265,4095186.824],[598570.8350059023,4095191.0],[598574.9812272728,4095191.0],[598575.8565,4095190.014],[598576.9749477612,4095191.0],[598579.6013395905,4095191.0],[598574.9265,4095186.824]]]}},{"type":"Feature","properties":{"id":"8754401WF9985S_part1","floors":3,"height":9.3,"heightSource":"Catastro:numberOfFloorsAboveGround"},"geometry":{"type":"Polygon","coordinates":[[[598615.297,4095188.0435],[598613.187,4095190.0335],[598614.3410396209,4095191.0],[598615.7054458727,4095191.0],[598620.307,4095187.8935],[598618.237,4095185.2635],[598615.297,4095188.0435]]]}},{"type":"Feature","properties":{"id":"8754401WF9985S_part2","floors":2,"height":6.2,"heightSource":"Catastro:numberOfFloorsAboveGround"},"geometry":{"type":"Polygon","coordinates":[[[598615.7054458727,4095191.0],[598626.6047520577,4095191.0],[598622.747,4095186.2535],[598620.307,4095187.8935],[598615.7054458727,4095191.0]]]}},{"type":"Feature","properties":{"id":"8754402WF9985S_part1","floors":3,"height":9.3,"heightSource":"Catastro:numberOfFloorsAboveGround"},"geometry":{"type":"Polygon","coordinates":[[[598620.327,4095183.2735],[598622.747,4095186.2535],[598624.047,4095187.8535],[598632.219,4095182.012],[598631.527,4095180.9635],[598629.937,4095178.4135],[598628.187,4095175.7935],[598625.32,4095178.3665],[598627.227,4095181.0335],[598624.787,4095182.7735],[598623.1355,4095180.472],[598620.327,4095183.2735]]]}},{"type":"Feature","properties":{"id":"8754402WF9985S_part2","floors":4,"height":12.4,"heightSource":"Catastro:numberOfFloorsAboveGround"},"geometry":{"type":"Polygon","coordinates":[[[598624.047,4095187.8535],[598626.226,4095190.534],[598634.12,4095184.8915],[598632.219,4095182.012],[598624.047,4095187.8535]]]}},{"type":"Feature","properties":{"id":"8754402WF9985S_part3","floors":3,"height":9.3,"heightSource":"Catastro:numberOfFloorsAboveGround"},"geometry":{"type":"Polygon","coordinates":[[[598626.226,4095190.534],[598626.6047506472,4095191.0],[598629.9570027322,4095191.0],[598635.527,4095187.0235],[598634.12,4095184.8915],[598626.226,4095190.534]]]}},{"type":"Feature","properties":{"id":"8754403WF9985S_part1","floors":2,"height":6.2,"heightSource":"Catastro:numberOfFloorsAboveGround"},"geometry":{"type":"Polygon","coordinates":[[[598634.117,4095175.5335],[598632.417,4095176.8435],[598634.047,4095179.3335],[598631.527,4095180.9635],[598635.527,4095187.0235],[598642.557,4095182.2835],[598634.447,4095169.9635],[598631.487,4095172.7135],[598634.117,4095175.5335]]]}},{"type":"Feature","properties":{"id":"8754403WF9985S_part2","floors":3,"height":9.3,"heightSource":"Catastro:numberOfFloorsAboveGround"},"geometry":{"type":"Polygon","coordinates":[[[598629.937,4095178.4135],[598632.417,4095176.8435],[598634.117,4095175.5335],[598631.487,4095172.7135],[598628.187,4095175.7935],[598629.937,4095178.4135]]]}},{"type":"Feature","properties":{"id":"8754404WF9985S_part1","floors":3,"height":9.3,"heightSource":"Catastro:numberOfFloorsAboveGround"},"geometry":{"type":"Polygon","coordinates":[[[598618.157,4095173.5135],[598620.227,4095175.2935],[598622.447,4095173.2735],[598624.727,4095175.2335],[598622.507,4095177.2535],[598624.577,4095179.0335],[598628.187,4095175.7935],[598631.487,4095172.7135],[598634.447,4095169.9635],[598629.797,4095162.9135],[598626.594,4095165.8305],[598630.317,4095169.8235],[598627.617,4095172.3435],[598623.883,4095168.299],[598618.157,4095173.5135]]]}},{"type":"Feature","properties":{"id":"8754404WF9985S_part2","floors":4,"height":12.4,"heightSource":"Catastro:numberOfFloorsAboveGround"},"geometry":{"type":"Polygon","coordinates":[[[598623.883,4095168.299],[598627.617,4095172.3435],[598630.317,4095169.8235],[598626.594,4095165.8305],[598623.883,4095168.299]]]}},{"type":"Feature","properties":{"id":"8754405WF9985S_part1","floors":2,"height":6.2,"heightSource":"Catastro:numberOfFloorsAboveGround"},"geometry":{"type":"Polygon","coordinates":[[[598617.027,4095162.494],[598614.617,4095164.804],[598611.417,4095167.764],[598613.357,4095169.484],[598615.577,4095167.093],[598619.207,4095170.354],[598617.147,4095172.7035],[598617.707,4095173.1735],[598618.157,4095173.5135],[598628.783,4095163.837],[598621.9855,4095157.7275],[598617.027,4095162.494]]]}},{"type":"Feature","properties":{"id":"8754405WF9985S_part2","floors":2,"height":6.2,"heightSource":"Catastro:numberOfFloorsAboveGround"},"geometry":{"type":"Polygon","coordinates":[[[598629.797,4095162.9135],[598622.947,4095156.8035],[598621.9855,4095157.7275],[598628.783,4095163.837],[598629.797,4095162.9135]]]}},{"type":"Feature","properties":{"id":"8754406WF9985S_part1","floors":3,"height":9.3,"heightSource":"Catastro:numberOfFloorsAboveGround"},"geometry":{"type":"Polygon","coordinates":[[[598604.587,4095161.754],[598609.157,4095165.774],[598611.417,4095167.764],[598614.617,4095164.804],[598617.027,4095162.494],[598622.947,4095156.8035],[598616.917,4095151.434],[598616.257,4095152.124],[598610.217,4095157.964],[598607.917,4095160.174],[598607.057,4095159.304],[598604.587,4095161.754]]]}},{"type":"Feature","properties":{"id":"8754407WF9985S_part1","floors":2,"height":6.2,"heightSource":"Catastro:numberOfFloorsAboveGround"},"geometry":{"type":"Polygon","coordinates":[[[598598.097,4095156.094],[598603.217,4095160.554],[598604.587,4095161.754],[598607.057,4095159.304],[598605.707,4095158.104],[598603.089,4095155.712],[598600.578,4095153.424],[598598.097,4095156.094]]]}},{"type":"Feature","properties":{"id":"8754407WF9985S_part2","floors":1,"height":3.1,"heightSource":"Catastro:numberOfFloorsAboveGround"},"geometry":{"type":"Polygon","coordinates":[[[598608.913,4095144.3],[598603.637,4095150.134],[598603.06,4095150.753],[598605.579,4095153.068],[598603.089,4095155.712],[598605.707,4095158.104],[598607.807,4095155.914],[598609.317,4095157.084],[598610.217,4095157.964],[598614.8405,4095153.4935],[598610.364,4095149.435],[598612.317,4095147.334],[598608.913,4095144.3]]]}},{"type":"Feature","properties":{"id":"8754408WF9985S_part1","floors":3,"height":9.3,"heightSource":"Catastro:numberOfFloorsAboveGround"},"geometry":{"type":"Polygon","coordinates":[[[598593.837,4095141.354],[598597.3385,4095144.491],[598600.33,4095141.338],[598596.8355,4095138.2955],[598593.837,4095141.354]]]}},{"type":"Feature","properties":{"id":"8754408WF9985S_part2","floors":2,"height":6.2,"heightSource":"Catastro:numberOfFloorsAboveGround"},"geometry":{"type":"Polygon","coordinates":[[[598599.463,4095135.613],[598599.209,4095135.874],[598596.8355,4095138.2955],[598600.33,4095141.338],[598597.3385,4095144.491],[598599.7175,4095146.6225],[598600.806,4095145.499],[598602.41,4095146.94],[598603.482,4095145.697],[598604.44,4095146.49],[598607.475,4095142.978],[598599.463,4095135.613]]]}},{"type":"Feature","properties":{"id":"8754408WF9985S_part3","floors":3,"height":9.3,"heightSource":"Catastro:numberOfFloorsAboveGround"},"geometry":{"type":"Polygon","coordinates":[[[598601.3895,4095148.1205],[598603.637,4095150.134],[598608.913,4095144.3],[598607.475,4095142.978],[598604.44,4095146.49],[598603.482,4095145.697],[598602.41,4095146.94],[598601.3895,4095148.1205]]]}},{"type":"Feature","properties":{"id":"8754409WF9985S_part1","floors":2,"height":6.2,"heightSource":"Catastro:numberOfFloorsAboveGround"},"geometry":{"type":"Polygon","coordinates":[[[598593.837,4095141.354],[598587.847,4095147.464],[598588.307,4095147.854],[598591.777,4095150.804],[598595.957,4095154.364],[598596.296,4095154.638],[598598.065,4095152.537],[598599.9375,4095154.114],[598603.0895,4095150.723],[598602.649,4095150.328],[598603.185,4095149.729],[598593.837,4095141.354]]]}},{"type":"Feature","properties":{"id":"8754410WF9985S_part1","floors":3,"height":9.3,"heightSource":"Catastro:numberOfFloorsAboveGround"},"geometry":{"type":"Polygon","coordinates":[[[598588.307,4095147.854],[598587.847,4095147.464],[598582.587,4095153.874],[598584.417,4095155.414],[598587.547,4095158.054],[598589.887,4095160.074],[598590.1567,4095160.29255],[598592.1885,4095157.9235],[598594.50325,4095159.9092],[598598.097,4095156.094],[598595.957,4095154.364],[598595.54365,4095154.01195],[598593.7015,4095156.1595],[598589.173,4095152.2755],[598590.9814,4095150.12765],[598588.307,4095147.854]]]}},{"type":"Feature","properties":{"id":"8754410WF9985S_part2","floors":4,"height":12.4,"heightSource":"Catastro:numberOfFloorsAboveGround"},"geometry":{"type":"Polygon","coordinates":[[[598589.173,4095152.2755],[598593.7015,4095156.1595],[598595.54365,4095154.01195],[598591.777,4095150.804],[598590.9814,4095150.12765],[598589.173,4095152.2755]]]}},{"type":"Feature","properties":{"id":"8754411WF9985S_part1","floors":3,"height":9.3,"heightSource":"Catastro:numberOfFloorsAboveGround"},"geometry":{"type":"Polygon","coordinates":[[[598581.617,4095158.564],[598584.807,4095161.274],[598585.777,4095160.164],[598587.547,4095158.054],[598584.417,4095155.414],[598581.617,4095158.564]]]}},{"type":"Feature","properties":{"id":"8754411WF9985S_part2","floors":2,"height":6.2,"heightSource":"Catastro:numberOfFloorsAboveGround"},"geometry":{"type":"Polygon","coordinates":[[[598576.517,4095160.314],[598586.737,4095167.964],[598592.417,4095162.124],[598589.887,4095160.074],[598588.187,4095162.144],[598585.777,4095160.164],[598584.807,4095161.274],[598581.617,4095158.564],[598584.417,4095155.414],[598582.587,4095153.874],[598576.517,4095160.314]]]}},{"type":"Feature","properties":{"id":"8754412WF9985S_part1","floors":3,"height":9.3,"heightSource":"Catastro:numberOfFloorsAboveGround"},"geometry":{"type":"Polygon","coordinates":[[[598586.737,4095167.964],[598592.427,4095172.764],[598603.217,4095160.554],[598598.097,4095156.094],[598592.417,4095162.124],[598586.737,4095167.964]]]}},{"type":"Feature","properties":{"id":"8754413WF9985S_part1","floors":3,"height":9.3,"heightSource":"Catastro:numberOfFloorsAboveGround"},"geometry":{"type":"Polygon","coordinates":[[[598592.427,4095172.764],[598598.787,4095178.134],[598601.021,4095175.471],[598598.708,4095173.42],[598601.73,4095169.978],[598603.86,4095167.555],[598606.0375,4095169.4925],[598609.157,4095165.774],[598604.872,4095162.005],[598602.939,4095164.193],[598601.2845,4095162.7405],[598592.427,4095172.764]]]}},{"type":"Feature","properties":{"id":"8754413WF9985S_part2","floors":4,"height":12.4,"heightSource":"Catastro:numberOfFloorsAboveGround"},"geometry":{"type":"Polygon","coordinates":[[[598598.708,4095173.42],[598601.021,4095175.471],[598604.0085,4095171.9105],[598601.73,4095169.978],[598598.708,4095173.42]]]}},{"type":"Feature","properties":{"id":"8754413WF9985S_part3","floors":1,"height":3.1,"heightSource":"Catastro:numberOfFloorsAboveGround"},"geometry":{"type":"Polygon","coordinates":[[[598604.587,4095161.754],[598603.217,4095160.554],[598601.2845,4095162.7405],[598602.939,4095164.193],[598604.872,4095162.005],[598604.587,4095161.754]]]}},{"type":"Feature","properties":{"id":"8754414WF9985D_part1","floors":3,"height":9.3,"heightSource":"Catastro:numberOfFloorsAboveGround"},"geometry":{"type":"Polygon","coordinates":[[[598613.357,4095169.484],[598611.417,4095167.764],[598609.157,4095165.774],[598598.787,4095178.134],[598603.687,4095182.104],[598607.447,4095185.154],[598612.642,4095179.0875],[598608.967,4095175.764],[598613.977,4095170.024],[598613.357,4095169.484]]]}},{"type":"Feature","properties":{"id":"8754415WF9985D_part1","floors":3,"height":9.3,"heightSource":"Catastro:numberOfFloorsAboveGround"},"geometry":{"type":"Polygon","coordinates":[[[598618.157,4095173.5135],[598617.707,4095173.1735],[598607.447,4095185.154],[598613.187,4095190.0335],[598615.297,4095188.0435],[598618.237,4095185.2635],[598620.327,4095183.2735],[598624.577,4095179.0335],[598622.077,4095176.884],[598620.257,4095179.5135],[598617.917,4095177.1835],[598619.6465,4095174.794],[598618.157,4095173.5135]],[[598615.107,4095180.5235],[598617.157,4095182.2735],[598615.237,4095184.5135],[598613.187,4095182.7635],[598615.107,4095180.5235]]]}},{"type":"Feature","properties":{"id":"8754415WF9985D_part2","floors":4,"height":12.4,"heightSource":"Catastro:numberOfFloorsAboveGround"},"geometry":{"type":"Polygon","coordinates":[[[598615.237,4095184.5135],[598617.157,4095182.2735],[598615.107,4095180.5235],[598613.187,4095182.7635],[598615.237,4095184.5135]]]}},{"type":"Feature","properties":{"id":"8754601WF9985S_part1","floors":3,"height":9.3,"heightSource":"Catastro:numberOfFloorsAboveGround"},"geometry":{"type":"Polygon","coordinates":[[[598539.217,4095158.9545],[598532.5165,4095165.6945],[598537.8265,4095170.5545],[598540.2165,4095172.8645],[598547.4465,4095179.8445],[598555.627,4095171.214],[598556.867,4095169.904],[598565.807,4095160.474],[598558.417,4095154.2245],[598557.527,4095153.4745],[598555.077,4095151.4045],[598552.3675,4095149.104],[598544.887,4095156.8745],[598542.777,4095159.0645],[598540.847,4095157.2045],[598539.217,4095158.9545]],[[598549.137,4095165.1745],[598547.187,4095167.1845],[598545.067,4095165.1345],[598543.997,4095166.2445],[598541.907,4095164.2345],[598550.077,4095155.7845],[598552.157,4095157.8045],[598551.087,4095158.9145],[598553.207,4095160.9645],[598551.257,4095162.9745],[598551.077,4095162.8045],[598548.957,4095164.9945],[598549.137,4095165.1745]],[[598552.787,4095158.7545],[598553.977,4095157.5345],[598554.587,4095158.1245],[598553.407,4095159.3545],[598552.787,4095158.7545]],[[598544.937,4095166.8845],[598545.5465,4095167.4745],[598544.3565,4095168.7045],[598543.7465,4095168.1145],[598544.937,4095166.8845]]]}},{"type":"Feature","properties":{"id":"8754601WF9985S_part2","floors":4,"height":12.4,"heightSource":"Catastro:numberOfFloorsAboveGround"},"geometry":{"type":"Polygon","coordinates":[[[598551.257,4095162.9745],[598553.207,4095160.9645],[598551.087,4095158.9145],[598552.157,4095157.8045],[598550.077,4095155.7845],[598541.907,4095164.2345],[598543.997,4095166.2445],[598545.067,4095165.1345],[598547.187,4095167.1845],[598549.137,4095165.1745],[598548.957,4095164.9945],[598546.797,4095162.9145],[598548.917,4095160.7245],[598551.077,4095162.8045],[598551.257,4095162.9745]]]}},{"type":"Feature","properties":{"id":"8754601WF9985S_part3","floors":2,"height":6.2,"heightSource":"Catastro:numberOfFloorsAboveGround"},"geometry":{"type":"Polygon","coordinates":[[[598550.237,4095147.2945],[598542.944,4095154.9915],[598544.887,4095156.8745],[598552.3675,4095149.104],[598550.237,4095147.2945]]]}},{"type":"Feature","properties":{"id":"8754601WF9985S_part5","floors":1,"height":3.1,"heightSource":"Catastro:numberOfFloorsAboveGround"},"geometry":{"type":"Polygon","coordinates":[[[598548.917,4095160.7245],[598546.797,4095162.9145],[598548.957,4095164.9945],[598551.077,4095162.8045],[598548.917,4095160.7245]]]}},{"type":"Feature","properties":{"id":"8754604WF9985S_part1","floors":3,"height":9.3,"heightSource":"Catastro:numberOfFloorsAboveGround"},"geometry":{"type":"Polygon","coordinates":[[[598547.597,4095145.0545],[598543.407,4095141.4645],[598541.947,4095142.9045],[598537.627,4095147.3445],[598535.477,4095149.5445],[598534.717,4095150.3345],[598535.917,4095151.4945],[598536.947,4095152.4845],[598538.987,4095150.2945],[598541.117,4095152.3545],[598539.097,4095154.5745],[598539.587,4095155.0645],[598541.3235,4095156.7015],[598546.593,4095151.1405],[598544.387,4095149.1445],[598543.497,4095150.0945],[598541.327,4095148.0845],[598543.737,4095145.5545],[598545.897,4095147.5445],[598547.9485,4095145.353],[598547.597,4095145.0545]]]}},{"type":"Feature","properties":{"id":"8754604WF9985S_part2","floors":4,"height":12.4,"heightSource":"Catastro:numberOfFloorsAboveGround"},"geometry":{"type":"Polygon","coordinates":[[[598543.737,4095145.5545],[598541.327,4095148.0845],[598543.497,4095150.0945],[598544.387,4095149.1445],[598545.897,4095147.5445],[598543.737,4095145.5545]]]}},{"type":"Feature","properties":{"id":"8754604WF9985S_part3","floors":3,"height":9.3,"heightSource":"Catastro:numberOfFloorsAboveGround"},"geometry":{"type":"Polygon","coordinates":[[[598544.387,4095149.1445],[598546.593,4095151.1405],[598550.237,4095147.2945],[598547.9485,4095145.353],[598545.897,4095147.5445],[598544.387,4095149.1445]]]}},{"type":"Feature","properties":{"id":"8754605WF9985S_part1","floors":2,"height":6.2,"heightSource":"Catastro:numberOfFloorsAboveGround"},"geometry":{"type":"Polygon","coordinates":[[[598528.557,4095147.2245],[598530.897,4095149.2945],[598533.527,4095151.5545],[598534.717,4095150.3345],[598535.477,4095149.5445],[598532.967,4095147.0745],[598534.947,4095144.8845],[598537.627,4095147.3445],[598541.947,4095142.9045],[598538.227,4095139.4745],[598538.727,4095138.9345],[598534.957,4095135.6145],[598527.697,4095143.1545],[598526.877,4095142.6645],[598526.637,4095142.5245],[598525.007,4095144.2445],[598528.557,4095147.2245]]]}},{"type":"Feature","properties":{"id":"8754606WF9985S_part1","floors":3,"height":9.3,"heightSource":"Catastro:numberOfFloorsAboveGround"},"geometry":{"type":"Polygon","coordinates":[[[598519.137,4095150.4645],[598518.087,4095151.5945],[598526.0165,4095159.2945],[598528.717,4095156.5045],[598532.267,4095152.8545],[598533.527,4095151.5545],[598530.897,4095149.2945],[598528.857,4095151.5145],[598527.947,4095150.6045],[598526.667,4095149.3245],[598528.557,4095147.2245],[598525.007,4095144.2445],[598519.137,4095150.4645]]]}},{"type":"Feature","properties":{"id":"8754608WF9985S_part1","floors":3,"height":9.3,"heightSource":"Catastro:numberOfFloorsAboveGround"},"geometry":{"type":"Polygon","coordinates":[[[598528.717,4095156.5045],[598526.0165,4095159.2945],[598532.5165,4095165.6945],[598535.4435,4095162.7505],[598532.052,4095159.322],[598535.018,4095156.22],[598538.5345,4095159.6415],[598539.217,4095158.9545],[598537.52,4095157.209],[598539.587,4095155.0645],[598539.097,4095154.5745],[598538.687,4095154.1645],[598538.6455,4095154.1245],[598536.947,4095152.4845],[598535.917,4095151.4945],[598533.47,4095154.035],[598532.267,4095152.8545],[598528.717,4095156.5045]]]}},{"type":"Feature","properties":{"id":"8754608WF9985S_part2","floors":4,"height":12.4,"heightSource":"Catastro:numberOfFloorsAboveGround"},"geometry":{"type":"Polygon","coordinates":[[[598535.018,4095156.22],[598532.052,4095159.322],[598535.4435,4095162.7505],[598538.5345,4095159.6415],[598535.018,4095156.22]]]}},{"type":"Feature","properties":{"id":"8853002WF9985S_part1","floors":2,"height":6.2,"heightSource":"Catastro:numberOfFloorsAboveGround"},"geometry":{"type":"Polygon","coordinates":[[[598659.1975,4095075.9835],[598673.0075,4095089.6835],[598678.754,4095085.439],[598677.6475,4095084.3235],[598677.6475,4095083.3335],[598678.8475,4095082.4335],[598665.8175,4095072.8935],[598665.2675,4095073.4335],[598662.8975,4095074.0435],[598662.027,4095073.173],[598659.1975,4095075.9835]]]}},{"type":"Feature","properties":{"id":"8853002WF9985S_part2","floors":1,"height":3.1,"heightSource":"Catastro:numberOfFloorsAboveGround"},"geometry":{"type":"Polygon","coordinates":[[[598662.027,4095073.173],[598662.8975,4095074.0435],[598665.2675,4095073.4335],[598665.8175,4095072.8935],[598663.798,4095071.414],[598662.027,4095073.173]]]}},{"type":"Feature","properties":{"id":"8853002WF9985S_part3","floors":1,"height":3.1,"heightSource":"Catastro:numberOfFloorsAboveGround"},"geometry":{"type":"Polygon","coordinates":[[[598677.6475,4095083.3335],[598677.6475,4095084.3235],[598678.754,4095085.439],[598680.847,4095083.893],[598678.8475,4095082.4335],[598677.6475,4095083.3335]]]}},{"type":"Feature","properties":{"id":"8853003WF9985S_part1","floors":3,"height":9.3,"heightSource":"Catastro:numberOfFloorsAboveGround"},"geometry":{"type":"Polygon","coordinates":[[[598636.9275,4095098.114],[598643.847,4095110.0835],[598666.3175,4095094.6335],[598670.4175,4095091.6035],[598656.7975,4095078.3735],[598636.9275,4095098.114]]]}},{"type":"Feature","properties":{"id":"8853004WF9985S_part1","floors":2,"height":6.2,"heightSource":"Catastro:numberOfFloorsAboveGround"},"geometry":{"type":"Polygon","coordinates":[[[598669.9475,4095098.6235],[598662.4375,4095103.7335],[598655.8775,4095108.1935],[598646.457,4095114.5835],[598649.937,4095120.4735],[598650.0136,4095120.60305],[598650.0803,4095120.71585],[598650.108,4095120.7627],[598654.67715,4095117.5208],[598659.6679,4095114.05195],[598664.8184,4095110.54875],[598669.64135,4095107.2683],[598673.8764,4095104.38775],[598673.7659,4095104.22565],[598669.9475,4095098.6235]]]}},{"type":"Feature","properties":{"id":"8853004WF9985S_part2","floors":2,"height":6.2,"heightSource":"Catastro:numberOfFloorsAboveGround"},"geometry":{"type":"Polygon","coordinates":[[[598673.8764,4095104.38775],[598695.9387,4095089.3815],[598695.7375,4095089.2135],[598690.3875,4095084.7435],[598681.5775,4095090.7335],[598672.1375,4095097.1435],[598669.9475,4095098.6235],[598673.7659,4095104.22565],[598673.8764,4095104.38775]]]}},{"type":"Feature","properties":{"id":"8853005WF9985S_part1","floors":2,"height":6.2,"heightSource":"Catastro:numberOfFloorsAboveGround"},"geometry":{"type":"Polygon","coordinates":[[[598661.45475,4095131.71755],[598663.18725,4095130.52315],[598656.31835,4095120.02835],[598652.23435,4095122.7604],[598651.557,4095123.2135],[598651.637,4095123.3535],[598653.337,4095126.2335],[598658.1492,4095133.9964],[598661.45475,4095131.71755]]]}},{"type":"Feature","properties":{"id":"8853006WF9985S_part1","floors":2,"height":6.2,"heightSource":"Catastro:numberOfFloorsAboveGround"},"geometry":{"type":"Polygon","coordinates":[[[598668.4769,4095126.8765],[598661.4019,4095116.5764],[598657.387,4095119.3135],[598656.51845,4095119.8945],[598656.4412,4095119.94615],[598656.31835,4095120.02835],[598663.18725,4095130.52315],[598663.27285,4095130.46415],[598663.65565,4095130.20025],[598663.97065,4095129.9831],[598668.4769,4095126.8765]]]}},{"type":"Feature","properties":{"id":"8853007WF9985D_part1","floors":2,"height":6.2,"heightSource":"Catastro:numberOfFloorsAboveGround"},"geometry":{"type":"Polygon","coordinates":[[[598669.64135,4095107.2683],[598675.70075,4095115.9007],[598678.54315,4095119.95005],[598678.7075,4095119.8235],[598679.555,4095119.1856],[598679.8475,4095119.6335],[598683.2475,4095117.2835],[598684.7875,4095116.2135],[598689.8275,4095112.7235],[598694.8975,4095109.2135],[598696.3375,4095108.2135],[598708.4475,4095099.823],[598702.3375,4095094.7235],[598695.9387,4095089.3815],[598669.64135,4095107.2683]]]}},{"type":"Feature","properties":{"id":"8853008WF9985S_part1","floors":2,"height":6.2,"heightSource":"Catastro:numberOfFloorsAboveGround"},"geometry":{"type":"Polygon","coordinates":[[[598673.5708,4095123.3647],[598673.63325,4095123.32165],[598666.52475,4095113.02125],[598666.51205,4095113.03005],[598666.3715,4095113.1275],[598661.78835,4095116.31015],[598661.5887,4095116.4488],[598661.569,4095116.4625],[598661.53455,4095116.48595],[598661.4019,4095116.5764],[598668.4769,4095126.8765],[598668.7026,4095126.7209],[598673.5708,4095123.3647]]]}},{"type":"Feature","properties":{"id":"8853009WF9985S_part1","floors":2,"height":6.2,"heightSource":"Catastro:numberOfFloorsAboveGround"},"geometry":{"type":"Polygon","coordinates":[[[598666.5664,4095112.99235],[598666.52475,4095113.02125],[598673.63325,4095123.32165],[598673.68075,4095123.2889],[598673.8381,4095123.18045],[598678.54315,4095119.95005],[598675.70075,4095115.9007],[598671.3372,4095109.68425],[598671.114,4095109.839],[598666.5664,4095112.99235]]]}},{"type":"Feature","properties":{"id":"8853101WF9985S_part1","floors":3,"height":9.3,"heightSource":"Catastro:numberOfFloorsAboveGround"},"geometry":{"type":"Polygon","coordinates":[[[598671.897,4095157.6435],[598673.917,4095161.0935],[598677.837,4095158.4135],[598680.487,4095156.6035],[598684.177,4095154.073],[598682.457,4095151.1335],[598678.357,4095144.1535],[598674.067,4095146.6435],[598671.437,4095148.2335],[598667.717,4095150.4835],[598671.897,4095157.6435]]]}},{"type":"Feature","properties":{"id":"8853102WF9985S_part1","floors":2,"height":6.2,"heightSource":"Catastro:numberOfFloorsAboveGround"},"geometry":{"type":"Polygon","coordinates":[[[598683.4335,4095140.9275],[598684.0335,4095141.9375],[598689.905,4095137.956],[598689.246,4095136.985],[598683.4335,4095140.9275]]]}},{"type":"Feature","properties":{"id":"8853102WF9985S_part2","floors":3,"height":9.3,"heightSource":"Catastro:numberOfFloorsAboveGround"},"geometry":{"type":"Polygon","coordinates":[[[598689.905,4095137.956],[598684.0335,4095141.9375],[598689.217,4095150.663],[598691.9875,4095148.747],[598690.973,4095147.249],[598696.121,4095143.758],[598697.104,4095145.2085],[598701.7565,4095141.9915],[598700.803,4095140.584],[598705.944,4095137.099],[598706.874,4095138.473],[598711.6275,4095135.213],[598717.2835,4095131.338],[598714.18,4095126.76],[598716.68,4095125.064],[598716.487,4095123.044],[598715.481,4095123.725],[598713.379,4095120.625],[598714.788,4095119.669],[598713.1765,4095117.293],[598704.8575,4095122.933],[598703.509,4095123.844],[598703.684,4095124.102],[598703.02,4095125.637],[598704.276,4095127.488],[598706.458,4095126.006],[598707.491,4095127.529],[598710.973,4095125.165],[598712.722,4095127.747],[598709.241,4095130.11],[598709.994,4095131.221],[598706.847,4095133.357],[598703.312,4095128.141],[598701.957,4095129.061],[598701.635,4095128.586],[598699.074,4095130.321],[598699.398,4095130.798],[598697.365,4095132.174],[598697.042,4095131.699],[598694.508,4095133.418],[598694.829,4095133.892],[598692.152,4095135.709],[598691.83,4095135.234],[598689.246,4095136.985],[598689.905,4095137.956]]]}},{"type":"Feature","properties":{"id":"8853102WF9985S_part3","floors":3,"height":9.3,"heightSource":"Catastro:numberOfFloorsAboveGround"},"geometry":{"type":"Polygon","coordinates":[[[598696.121,4095143.758],[598690.973,4095147.249],[598691.9875,4095148.747],[598697.104,4095145.2085],[598696.121,4095143.758]]]}},{"type":"Feature","properties":{"id":"8853102WF9985S_part5","floors":3,"height":9.3,"heightSource":"Catastro:numberOfFloorsAboveGround"},"geometry":{"type":"Polygon","coordinates":[[[598705.944,4095137.099],[598700.803,4095140.584],[598701.7565,4095141.9915],[598703.287,4095140.933],[598706.874,4095138.473],[598705.944,4095137.099]]]}},{"type":"Feature","properties":{"id":"8853102WF9985S_part6","floors":4,"height":12.4,"heightSource":"Catastro:numberOfFloorsAboveGround"},"geometry":{"type":"Polygon","coordinates":[[[598703.312,4095128.141],[598706.847,4095133.357],[598709.994,4095131.221],[598709.241,4095130.11],[598712.722,4095127.747],[598710.973,4095125.165],[598707.491,4095127.529],[598706.458,4095126.006],[598704.276,4095127.488],[598703.312,4095128.141]]]}},{"type":"Feature","properties":{"id":"8853102WF9985S_part7","floors":2,"height":6.2,"heightSource":"Catastro:numberOfFloorsAboveGround"},"geometry":{"type":"Polygon","coordinates":[[[598713.1765,4095117.293],[598714.788,4095119.669],[598716.08,4095118.793],[598715.7685,4095115.5355],[598713.1765,4095117.293]]]}},{"type":"Feature","properties":{"id":"8853102WF9985S_part8","floors":3,"height":9.3,"heightSource":"Catastro:numberOfFloorsAboveGround"},"geometry":{"type":"Polygon","coordinates":[[[598713.379,4095120.625],[598715.481,4095123.725],[598716.487,4095123.044],[598716.08,4095118.793],[598714.788,4095119.669],[598713.379,4095120.625]]]}},{"type":"Feature","properties":{"id":"8853102WF9985S_part9","floors":3,"height":9.3,"heightSource":"Catastro:numberOfFloorsAboveGround"},"geometry":{"type":"Polygon","coordinates":[[[598714.18,4095126.76],[598717.2835,4095131.338],[598716.68,4095125.064],[598714.18,4095126.76]]]}},{"type":"Feature","properties":{"id":"8853104WF9985S_part1","floors":2,"height":6.2,"heightSource":"Catastro:numberOfFloorsAboveGround"},"geometry":{"type":"Polygon","coordinates":[[[598661.827,4095140.3935],[598667.717,4095150.4835],[598671.437,4095148.2335],[598674.067,4095146.6435],[598678.357,4095144.1535],[598672.087,4095133.4535],[598668.397,4095135.9535],[598666.357,4095137.3335],[598661.827,4095140.3935]]]}},{"type":"Feature","properties":{"id":"8854111WF9985S_part1","floors":2,"height":6.2,"heightSource":"Catastro:numberOfFloorsAboveGround"},"geometry":{"type":"Polygon","coordinates":[[[598666.697,4095178.0435],[598668.697,4095181.4935],[598669.877,4095183.5135],[598672.147,4095181.943],[598675.827,4095179.453],[598677.107,4095178.603],[598671.847,4095169.7235],[598666.396,4095173.4545],[598668.216,4095176.617],[598666.5145,4095177.726],[598666.697,4095178.0435]]]}},{"type":"Feature","properties":{"id":"8854112WF9985S_part1","floors":2,"height":6.2,"heightSource":"Catastro:numberOfFloorsAboveGround"},"geometry":{"type":"Polygon","coordinates":[[[598659.957,4095182.6435],[598662.127,4095186.2535],[598663.347,4095188.0535],[598665.027,4095186.8635],[598663.607,4095184.5035],[598666.937,4095182.3735],[598667.787,4095183.7435],[598668.267,4095184.5235],[598669.877,4095183.5135],[598668.697,4095181.4935],[598666.697,4095178.0435],[598664.717,4095174.6035],[598657.917,4095179.2535],[598659.957,4095182.6435]]]}},{"type":"Feature","properties":{"id":"8854113WF9985S_part1","floors":2,"height":6.2,"heightSource":"Catastro:numberOfFloorsAboveGround"},"geometry":{"type":"Polygon","coordinates":[[[598655.577,4095180.8635],[598650.757,4095184.1535],[598654.8012116279,4095191.0],[598658.9244123078,4095191.0],[598661.107,4095189.5035],[598660.017,4095187.5835],[598662.127,4095186.2535],[598659.957,4095182.6435],[598657.917,4095179.2535],[598655.577,4095180.8635]]]}},{"type":"Feature","properties":{"id":"8854114WF9985S_part3","floors":2,"height":6.2,"heightSource":"Catastro:numberOfFloorsAboveGround"},"geometry":{"type":"MultiPolygon","coordinates":[[[[598667.367,4095187.5335],[598666.377,4095185.8935],[598665.027,4095186.8635],[598663.347,4095188.0535],[598661.107,4095189.5035],[598658.9243343368,4095191.0],[598664.37969163,4095191.0],[598664.12,4095190.55],[598665.93,4095189.35],[598667.717,4095188.1835],[598667.367,4095187.5335]]],[[[598669.015,4095190.5435],[598668.295575012,4095191.0],[598669.3467444187,4095191.0],[598669.015,4095190.5435]]]]}},{"type":"Feature","properties":{"id":"8854114WF9985S_part5","floors":1,"height":3.1,"heightSource":"Catastro:numberOfFloorsAboveGround"},"geometry":{"type":"Polygon","coordinates":[[[598665.93,4095189.35],[598666.9713333333,4095191.0],[598668.295575012,4095191.0],[598669.015,4095190.5435],[598668.717,4095190.133],[598667.717,4095188.1835],[598665.93,4095189.35]]]}},{"type":"Feature","properties":{"id":"8854303WF9985S_part2","floors":1,"height":3.1,"heightSource":"Catastro:numberOfFloorsAboveGround"},"geometry":{"type":"Polygon","coordinates":[[[598729.0895,4095188.85],[598726.17,4095190.62],[598725.5382113823,4095191.0],[598729.1597434337,4095191.0],[598729.0895,4095188.85]]]}},{"type":"Feature","properties":{"id":"8854303WF9985S_part3","floors":2,"height":6.2,"heightSource":"Catastro:numberOfFloorsAboveGround"},"geometry":{"type":"Polygon","coordinates":[[[598729.067,4095188.163],[598728.797,4095178.513],[598726.767,4095179.883],[598724.137,4095181.493],[598720.687,4095183.563],[598717.427,4095185.633],[598716.307,4095183.903],[598713.607,4095185.493],[598713.277,4095185.023],[598710.287,4095186.583],[598710.537,4095187.013],[598712.909429752,4095191.0],[598720.7392771085,4095191.0],[598719.94,4095189.76],[598724.14,4095187.06],[598726.17,4095190.62],[598729.0895,4095188.85],[598729.067,4095188.163]]]}},{"type":"Feature","properties":{"id":"8854303WF9985S_part4","floors":3,"height":9.3,"heightSource":"Catastro:numberOfFloorsAboveGround"},"geometry":{"type":"Polygon","coordinates":[[[598724.14,4095187.06],[598719.94,4095189.76],[598720.7392771085,4095191.0],[598725.5382113823,4095191.0],[598726.17,4095190.62],[598724.14,4095187.06]]]}},{"type":"Feature","properties":{"id":"8854304WF9985S_part1","floors":2,"height":6.2,"heightSource":"Catastro:numberOfFloorsAboveGround"},"geometry":{"type":"Polygon","coordinates":[[[598713.157,4095178.303],[598716.307,4095183.903],[598717.427,4095185.633],[598720.687,4095183.563],[598724.137,4095181.493],[598726.767,4095179.883],[598728.797,4095178.513],[598728.767,4095177.193],[598728.177,4095169.203],[598724.247,4095171.653],[598718.397,4095175.113],[598713.157,4095178.303]]]}},{"type":"Feature","properties":{"id":"8854305WF9985S_part1","floors":1,"height":3.1,"heightSource":"Catastro:numberOfFloorsAboveGround"},"geometry":{"type":"Polygon","coordinates":[[[598724.247,4095171.653],[598723.5815,4095164.09955],[598722.387,4095164.82325],[598711.64995,4095171.3284],[598712.957,4095173.653],[598711.127,4095174.713],[598713.157,4095178.303],[598718.397,4095175.113],[598723.103,4095172.3295],[598724.247,4095171.653]]]}},{"type":"Feature","properties":{"id":"8854306WF9985S_part1","floors":3,"height":9.3,"heightSource":"Catastro:numberOfFloorsAboveGround"},"geometry":{"type":"Polygon","coordinates":[[[598713.9552,4095164.92275],[598716.96005,4095163.2844],[598716.7976,4095162.98645],[598716.517,4095162.583],[598715.50535,4095160.6164],[598712.52015,4095162.425],[598713.627,4095164.293],[598713.8779,4095164.71645],[598713.9552,4095164.92275]]]}},{"type":"Feature","properties":{"id":"8854306WF9985S_part2","floors":2,"height":6.2,"heightSource":"Catastro:numberOfFloorsAboveGround"},"geometry":{"type":"Polygon","coordinates":[[[598721.61175,4095156.91675],[598715.50535,4095160.6164],[598716.517,4095162.583],[598716.7976,4095162.98645],[598716.96005,4095163.2844],[598713.9552,4095164.92275],[598713.8779,4095164.71645],[598713.627,4095164.293],[598712.52015,4095162.425],[598708.0571,4095165.129],[598709.697,4095167.873],[598711.307,4095170.713],[598711.467,4095171.003],[598711.64995,4095171.3284],[598722.387,4095164.82325],[598723.5815,4095164.09955],[598722.8063,4095156.193],[598721.61175,4095156.91675]]]}},{"type":"Feature","properties":{"id":"8854307WF9985S_part1","floors":2,"height":6.2,"heightSource":"Catastro:numberOfFloorsAboveGround"},"geometry":{"type":"Polygon","coordinates":[[[598716.6002,4095150.59125],[598716.0302,4095149.75125],[598713.0602,4095151.34125],[598712.0502,4095149.72125],[598711.20715,4095150.1647],[598716.367,4095159.553],[598716.5908,4095159.95875],[598721.61175,4095156.91675],[598721.577,4095156.563],[598721.277,4095153.97875],[598718.50145,4095149.4309],[598716.6002,4095150.59125]]]}},{"type":"Feature","properties":{"id":"8854307WF9985S_part2","floors":1,"height":3.1,"heightSource":"Catastro:numberOfFloorsAboveGround"},"geometry":{"type":"Polygon","coordinates":[[[598711.20715,4095150.1647],[598712.0502,4095149.72125],[598713.0602,4095151.34125],[598716.0302,4095149.75125],[598716.6002,4095150.59125],[598718.50145,4095149.4309],[598721.277,4095153.97875],[598721.137,4095152.773],[598719.3175,4095137.223],[598708.897,4095144.493],[598708.127,4095144.983],[598710.107,4095148.163],[598711.20715,4095150.1647]]]}},{"type":"Feature","properties":{"id":"8854309WF9985S_part1","floors":1,"height":3.1,"heightSource":"Catastro:numberOfFloorsAboveGround"},"geometry":{"type":"Polygon","coordinates":[[[598706.727,4095165.043],[598707.677,4095164.493],[598699.357,4095150.643],[598692.197,4095155.573],[598696.257,4095162.533],[598701.117,4095159.633],[598704.947,4095166.073],[598706.727,4095165.043]]]}},{"type":"Feature","properties":{"id":"8854309WF9985S_part2","floors":2,"height":6.2,"heightSource":"Catastro:numberOfFloorsAboveGround"},"geometry":{"type":"Polygon","coordinates":[[[598701.117,4095159.633],[598696.257,4095162.533],[598699.997,4095168.953],[598703.627,4095166.843],[598704.947,4095166.073],[598701.117,4095159.633]]]}},{"type":"Feature","properties":{"id":"8854310WF9985S_part1","floors":2,"height":6.2,"heightSource":"Catastro:numberOfFloorsAboveGround"},"geometry":{"type":"Polygon","coordinates":[[[598699.997,4095168.953],[598705.347,4095178.123],[598708.887,4095176.073],[598711.127,4095174.713],[598712.957,4095173.653],[598711.467,4095171.003],[598709.697,4095167.873],[598707.677,4095164.493],[598706.727,4095165.043],[598704.947,4095166.073],[598703.627,4095166.843],[598699.997,4095168.953]]]}},{"type":"Feature","properties":{"id":"8854311WF9985S_part1","floors":1,"height":3.1,"heightSource":"Catastro:numberOfFloorsAboveGround"},"geometry":{"type":"Polygon","coordinates":[[[598705.347,4095178.123],[598710.287,4095186.583],[598713.277,4095185.023],[598713.927,4095184.583],[598708.887,4095176.073],[598705.347,4095178.123]]]}},{"type":"Feature","properties":{"id":"8854312WF9985S_part1","floors":1,"height":3.1,"heightSource":"Catastro:numberOfFloorsAboveGround"},"geometry":{"type":"Polygon","coordinates":[[[598677.077,4095166.2235],[598683.237,4095176.703],[598687.277,4095174.173],[598689.397,4095172.593],[598689.917,4095172.333],[598693.367,4095169.813],[598687.337,4095159.383],[598683.677,4095161.823],[598681.517,4095163.263],[598677.077,4095166.2235]]]}},{"type":"Feature","properties":{"id":"8854313WF9985S_part1","floors":1,"height":3.1,"heightSource":"Catastro:numberOfFloorsAboveGround"},"geometry":{"type":"Polygon","coordinates":[[[598688.977,4095186.443],[598697.917,4095180.473],[598699.127,4095179.773],[598696.487,4095175.213],[598693.367,4095169.813],[598689.917,4095172.333],[598691.567,4095175.433],[598688.927,4095177.083],[598687.277,4095174.173],[598683.237,4095176.703],[598688.977,4095186.443]]]}},{"type":"Feature","properties":{"id":"8854314WF9985S_part1","floors":2,"height":6.2,"heightSource":"Catastro:numberOfFloorsAboveGround"},"geometry":{"type":"Polygon","coordinates":[[[598691.6563137877,4095191.0],[598698.847727612,4095191.0],[598698.277,4095190.073],[598700.857,4095188.513],[598702.5055795455,4095191.0],[598702.8255714284,4095191.0],[598704.807,4095189.613],[598699.127,4095179.773],[598697.917,4095180.473],[598688.977,4095186.443],[598691.6563137877,4095191.0]]]}},{"type":"Feature","properties":{"id":"8854601WF9985S_part1","floors":2,"height":6.2,"heightSource":"Catastro:numberOfFloorsAboveGround"},"geometry":{"type":"Polygon","coordinates":[[[598635.5075,4095158.513],[598639.1665,4095165.012],[598647.99,4095159.0],[598645.36,4095154.64],[598643.72,4095155.76],[598642.387,4095153.8055],[598635.5075,4095158.513]]]}},{"type":"Feature","properties":{"id":"8854601WF9985S_part2","floors":1,"height":3.1,"heightSource":"Catastro:numberOfFloorsAboveGround"},"geometry":{"type":"Polygon","coordinates":[[[598639.1665,4095165.012],[598640.4525,4095167.2955],[598644.896,4095175.1875],[598645.032,4095175.4085],[598654.07,4095169.09],[598647.99,4095159.0],[598639.1665,4095165.012]]]}},{"type":"Feature","properties":{"id":"8854601WF9985S_part3","floors":2,"height":6.2,"heightSource":"Catastro:numberOfFloorsAboveGround"},"geometry":{"type":"Polygon","coordinates":[[[598645.032,4095175.4085],[598647.627,4095179.6235],[598656.667,4095173.4055],[598654.07,4095169.09],[598645.032,4095175.4085]]]}},{"type":"Feature","properties":{"id":"8854601WF9985S_part4","floors":1,"height":3.1,"heightSource":"Catastro:numberOfFloorsAboveGround"},"geometry":{"type":"Polygon","coordinates":[[[598659.0,4095151.5],[598656.22,4095147.18],[598645.36,4095154.64],[598647.99,4095159.0],[598659.0,4095151.5]]]}},{"type":"Feature","properties":{"id":"8854601WF9985S_part5","floors":1,"height":3.1,"heightSource":"Catastro:numberOfFloorsAboveGround"},"geometry":{"type":"Polygon","coordinates":[[[598664.74,4095161.82],[598654.07,4095169.09],[598656.667,4095173.4055],[598661.16,4095170.3155],[598663.9065,4095168.431],[598667.4585,4095165.8175],[598664.74,4095161.82]]]}},{"type":"Feature","properties":{"id":"8854812WF9985S_part1","floors":2,"height":6.2,"heightSource":"Catastro:numberOfFloorsAboveGround"},"geometry":{"type":"Polygon","coordinates":[[[598645.777,4095187.5335],[598640.6901436782,4095191.0],[598647.8356494253,4095191.0],[598645.777,4095187.5335]]]}}]}
