{"type":"FeatureCollection","name":"carboneras-marinicas-buildings","crs":{"type":"name","properties":{"name":"EPSG:25830"}},"source":"Direcci\u00f3n General del Catastro, INSPIRE BU","features":[{"type":"Feature","properties":{"id":"04032A01200081_part1","floors":1,"height":3.1,"heightSource":"Catastro:numberOfFloorsAboveGround"},"geometry":{"type":"Polygon","coordinates":[[[597638.06,4093417.62],[597638.36,4093415.5],[597632.61,4093413.38],[597631.61,4093418.22],[597626.26,4093428.2],[597630.82,4093429.91],[597630.8,4093438.68],[597635.83,4093438.7],[597635.84,4093436.26],[597638.12,4093436.26],[597638.12,4093433.84],[597638.13,4093430.41],[597640.42,4093430.42],[597640.45,4093424.31],[597638.29,4093424.3],[597638.78,4093417.72],[597638.06,4093417.62]]]}},{"type":"Feature","properties":{"id":"04032A01200104_part1","floors":1,"height":3.1,"heightSource":"Catastro:numberOfFloorsAboveGround"},"geometry":{"type":"Polygon","coordinates":[[[597462.1395,4093369.2375],[597472.9455,4093347.085],[597465.255,4093343.334],[597454.449,4093365.4865],[597462.1395,4093369.2375]]]}},{"type":"Feature","properties":{"id":"04032A01200107_part1","floors":1,"height":3.1,"heightSource":"Catastro:numberOfFloorsAboveGround"},"geometry":{"type":"Polygon","coordinates":[[[597425.49,4093454.65],[597423.0,4093453.2006923077],[597423.0,4093458.934875],[597425.49,4093454.65]]]}},{"type":"Feature","properties":{"id":"04032A01200107_part2","floors":1,"height":3.1,"heightSource":"Catastro:numberOfFloorsAboveGround"},"geometry":{"type":"Polygon","coordinates":[[[597430.6035,4093443.2085],[597429.17,4093444.17],[597429.19,4093462.6],[597443.6885,4093459.8085],[597445.8835,4093457.478],[597446.6635,4093459.2385],[597452.48,4093458.12],[597452.48,4093444.23],[597446.82,4093444.23],[597446.82,4093441.35],[597434.0225,4093441.354],[597430.6035,4093443.2085]]]}},{"type":"Feature","properties":{"id":"04032A01200110_part2","floors":1,"height":3.1,"heightSource":"Catastro:numberOfFloorsAboveGround"},"geometry":{"type":"Polygon","coordinates":[[[597435.1,4093343.62],[597423.0,4093316.074410894],[597423.0,4093348.9338065526],[597435.1,4093343.62]]]}},{"type":"Feature","properties":{"id":"04032A01200110_part3","floors":1,"height":3.1,"heightSource":"Catastro:numberOfFloorsAboveGround"},"geometry":{"type":"Polygon","coordinates":[[[597427.78,4093308.96],[597450.57,4093319.25],[597462.91,4093291.9],[597440.12,4093281.62],[597427.78,4093308.96]]]}},{"type":"Feature","properties":{"id":"7332001WF9973S_part1","floors":1,"height":3.1,"heightSource":"Catastro:numberOfFloorsAboveGround"},"geometry":{"type":"Polygon","coordinates":[[[597458.4145,4093184.989],[597460.6645,4093185.149],[597471.895,4093185.969],[597471.785,4093187.069],[597471.5845,4093189.359],[597471.5345,4093189.809],[597471.4745,4093190.499],[597471.4245,4093191.009],[597471.3745,4093191.5585],[597471.3045,4093192.3585],[597471.1945,4093193.5785],[597471.0345,4093195.3585],[597470.8545,4093197.2785],[597470.5645,4093200.5185],[597469.7645,4093209.2285],[597469.3645,4093213.6085],[597469.2945,4093214.3985],[597469.2645,4093214.8085],[597472.6445,4093215.0485],[597511.8345,4093217.9385],[597513.4145,4093218.0485],[597513.7145,4093218.0685],[597514.0045,4093218.0985],[597515.0245,4093210.6085],[597516.1345,4093202.4585],[597516.2445,4093201.6085],[597516.335,4093200.9285],[597516.635,4093198.7585],[597516.775,4093197.7385],[597516.875,4093197.0385],[597516.975,4093196.2785],[597517.065,4093195.5885],[597517.165,4093194.8885],[597517.265,4093194.1585],[597517.315,4093193.7385],[597517.365,4093193.3985],[597517.415,4093193.0485],[597517.715,4093190.8585],[597517.825,4093190.0685],[597564.665,4093193.658],[597667.975,4093201.577],[597670.335,4093171.267],[597673.5655,4093125.1275],[597675.8154882364,4093097.0],[597423.0,4093097.0],[597423.0,4093182.423890704],[597458.4145,4093184.989]]]}},{"type":"Feature","properties":{"id":"7332002WF9973S_part5","floors":1,"height":3.1,"heightSource":"Catastro:numberOfFloorsAboveGround"},"geometry":{"type":"Polygon","coordinates":[[[597706.1065,4093180.383],[597706.1065,4093170.0835],[597747.091,4093172.626],[597747.763,4093165.682],[597770.867,4093167.918],[597774.952,4093125.706],[597715.8905,4093119.9905],[597713.9395,4093140.148],[597709.049,4093139.675],[597710.0445,4093124.2705],[597697.9645,4093123.397],[597693.845,4093180.383],[597706.1065,4093180.383]]]}},{"type":"Feature","properties":{"id":"7332003WF9973S_part1","floors":1,"height":3.1,"heightSource":"Catastro:numberOfFloorsAboveGround"},"geometry":{"type":"Polygon","coordinates":[[[597627.7335,4093452.977],[597627.9235,4093454.027],[597628.0835,4093454.907],[597628.4035,4093455.607],[597628.4835,4093455.777],[597629.0635,4093456.1765],[597629.9635,4093456.5765],[597630.6235,4093456.5865],[597631.3035,4093456.4065],[597631.5635,4093456.3365],[597632.6135,4093456.0465],[597632.7935,4093456.3065],[597633.1235,4093456.9065],[597633.7135,4093457.6765],[597634.1935,4093458.1165],[597634.8135,4093458.2965],[597635.0535,4093459.1665],[597635.4135,4093459.7565],[597635.8535,4093460.1465],[597636.3935,4093460.4465],[597637.1935,4093460.5365],[597637.8635,4093460.4465],[597638.3635,4093460.3865],[597640.2035,4093459.8765],[597641.2735,4093459.5265],[597642.2635,4093459.0765],[597642.7635,4093458.4465],[597643.1535,4093457.4665],[597643.0935,4093456.5165],[597642.7835,4093455.9665],[597642.2735,4093455.4565],[597642.7335,4093454.9965],[597643.4235,4093454.3065],[597643.7535,4093453.6565],[597643.9835,4093452.4065],[597643.9035,4093451.1865],[597643.4835,4093450.1665],[597642.9235,4093449.5265],[597642.9735,4093449.0665],[597643.0335,4093448.5665],[597642.7035,4093447.5465],[597642.3835,4093447.1065],[597641.7835,4093446.8065],[597641.3335,4093446.7465],[597640.6535,4093446.9265],[597640.1435,4093447.1665],[597639.7035,4093447.6665],[597639.1035,4093447.3065],[597638.6235,4093447.1665],[597638.1835,4093447.1365],[597636.4535,4093447.4365],[597635.6935,4093447.4465],[597634.9335,4093447.6065],[597634.5235,4093447.9465],[597633.8635,4093448.5065],[597633.5735,4093448.2465],[597633.2335,4093447.7165],[597632.2135,4093447.0165],[597631.7735,4093447.077],[597631.1835,4093447.147],[597630.4935,4093447.767],[597629.5135,4093448.647],[597628.8635,4093449.447],[597628.5335,4093450.317],[597628.0535,4093451.557],[597627.7335,4093452.977]],[[597633.4135,4093451.3765],[597633.6335,4093450.9865],[597634.2135,4093450.9265],[597635.1435,4093450.9865],[597635.9835,4093451.1465],[597636.6235,4093451.1465],[597637.0435,4093451.0265],[597637.5235,4093450.7665],[597637.9735,4093450.2465],[597638.2335,4093449.7965],[597638.6135,4093449.4165],[597639.0635,4093449.3865],[597639.5135,4093449.6065],[597639.7435,4093449.8965],[597639.7735,4093450.3165],[597639.6435,4093450.6665],[597639.3935,4093450.9565],[597638.6635,4093451.5165],[597638.5535,4093451.7965],[597638.5535,4093452.1165],[597639.2035,4093453.0965],[597639.2235,4093453.8165],[597638.3435,4093454.2865],[597638.0735,4093454.8165],[597637.9435,4093455.4565],[597636.3935,4093455.1465],[597636.2735,4093454.4265],[597635.9835,4093453.8465],[597635.5635,4093453.2665],[597635.2435,4093453.0465],[597633.4135,4093452.7265],[597633.4135,4093451.3765]]]}},{"type":"Feature","properties":{"id":"7540701WF9974S_part1","floors":1,"height":3.1,"heightSource":"Catastro:numberOfFloorsAboveGround"},"geometry":{"type":"Polygon","coordinates":[[[597535.59,4094018.71],[597534.39,4094022.92],[597544.97,4094025.94],[597546.22,4094021.75],[597535.59,4094018.71]]]}},{"type":"Feature","properties":{"id":"7742701WF9974S_part1","floors":4,"height":12.4,"heightSource":"Catastro:numberOfFloorsAboveGround"},"geometry":{"type":"Polygon","coordinates":[[[597668.7505,4094023.285],[597670.0905,4094022.915],[597668.8105,4094018.185],[597667.4605,4094018.555],[597664.2505,4094019.425],[597665.5335,4094024.154],[597668.7505,4094023.285]]]}},{"type":"Feature","properties":{"id":"7742701WF9974S_part2","floors":5,"height":15.5,"heightSource":"Catastro:numberOfFloorsAboveGround"},"geometry":{"type":"Polygon","coordinates":[[[597660.809,4094006.747],[597661.1365,4094007.95],[597661.92,4094010.8355],[597665.131,4094009.965],[597666.581,4094009.575],[597667.101,4094011.505],[597675.541,4094009.215],[597671.521,4093994.355],[597661.631,4093997.035],[597663.821,4094005.145],[597660.6115,4094006.015],[597660.809,4094006.747]]]}},{"type":"Feature","properties":{"id":"7742701WF9974S_part3","floors":1,"height":3.1,"heightSource":"Catastro:numberOfFloorsAboveGround"},"geometry":{"type":"Polygon","coordinates":[[[597659.969,4094003.651],[597660.359,4094005.087],[597660.6115,4094006.015],[597663.821,4094005.145],[597661.631,4093997.035],[597658.411,4093997.905],[597659.387,4094001.504],[597659.969,4094003.651]]]}},{"type":"Feature","properties":{"id":"7742701WF9974S_part4","floors":1,"height":3.1,"heightSource":"Catastro:numberOfFloorsAboveGround"},"geometry":{"type":"Polygon","coordinates":[[[597661.92,4094010.8355],[597664.2505,4094019.425],[597667.4605,4094018.555],[597666.971,4094016.725],[597665.131,4094009.965],[597661.92,4094010.8355]]]}},{"type":"Feature","properties":{"id":"7742701WF9974S_part5","floors":4,"height":12.4,"heightSource":"Catastro:numberOfFloorsAboveGround"},"geometry":{"type":"Polygon","coordinates":[[[597667.101,4094011.505],[597666.581,4094009.575],[597665.131,4094009.965],[597666.971,4094016.725],[597676.841,4094014.045],[597675.541,4094009.215],[597667.101,4094011.505]]]}},{"type":"Feature","properties":{"id":"7742701WF9974S_part6","floors":1,"height":3.1,"heightSource":"Catastro:numberOfFloorsAboveGround"},"geometry":{"type":"Polygon","coordinates":[[[597665.5335,4094024.154],[597666.0305,4094025.985],[597669.3405,4094025.445],[597668.7505,4094023.285],[597665.5335,4094024.154]]]}},{"type":"Feature","properties":{"id":"7742701WF9974S_part7","floors":3,"height":9.3,"heightSource":"Catastro:numberOfFloorsAboveGround"},"geometry":{"type":"Polygon","coordinates":[[[597666.971,4094016.725],[597667.4605,4094018.555],[597668.8105,4094018.185],[597670.0905,4094022.915],[597668.7505,4094023.285],[597669.3405,4094025.445],[597672.8105,4094024.505],[597672.9005,4094024.835],[597674.9505,4094024.2845],[597674.2705,4094021.765],[597678.611,4094020.5945],[597676.841,4094014.045],[597666.971,4094016.725]]]}},{"type":"Feature","properties":{"id":"7742701WF9974S_part9","floors":5,"height":15.5,"heightSource":"Catastro:numberOfFloorsAboveGround"},"geometry":{"type":"Polygon","coordinates":[[[597671.521,4093994.355],[597675.541,4094009.215],[597676.121,4094009.055],[597674.451,4094002.895],[597673.761,4093999.965],[597673.011,4093997.165],[597672.201,4093994.175],[597671.521,4093994.355]]]}},{"type":"Feature","properties":{"id":"7742701WF9974S_part10","floors":4,"height":12.4,"heightSource":"Catastro:numberOfFloorsAboveGround"},"geometry":{"type":"Polygon","coordinates":[[[597672.201,4093994.175],[597673.011,4093997.165],[597675.421,4093996.515],[597674.611,4093993.525],[597672.201,4093994.175]]]}},{"type":"Feature","properties":{"id":"7742701WF9974S_part12","floors":4,"height":12.4,"heightSource":"Catastro:numberOfFloorsAboveGround"},"geometry":{"type":"Polygon","coordinates":[[[597673.011,4093997.165],[597673.761,4093999.965],[597675.401,4093999.525],[597676.191,4094002.425],[597674.451,4094002.895],[597676.121,4094009.055],[597677.431,4094013.895],[597679.931,4094013.2145],[597675.421,4093996.515],[597673.011,4093997.165]]]}},{"type":"Feature","properties":{"id":"7742701WF9974S_part13","floors":4,"height":12.4,"heightSource":"Catastro:numberOfFloorsAboveGround"},"geometry":{"type":"Polygon","coordinates":[[[597676.191,4094002.425],[597675.401,4093999.525],[597673.761,4093999.965],[597674.451,4094002.895],[597676.191,4094002.425]]]}},{"type":"Feature","properties":{"id":"7742701WF9974S_part14","floors":2,"height":6.2,"heightSource":"Catastro:numberOfFloorsAboveGround"},"geometry":{"type":"Polygon","coordinates":[[[597674.2705,4094021.765],[597674.9505,4094024.2845],[597679.2905,4094023.1045],[597678.611,4094020.5945],[597674.2705,4094021.765]]]}},{"type":"Feature","properties":{"id":"7742701WF9974S_part15","floors":4,"height":12.4,"heightSource":"Catastro:numberOfFloorsAboveGround"},"geometry":{"type":"Polygon","coordinates":[[[597675.541,4094009.215],[597676.841,4094014.045],[597677.431,4094013.895],[597676.121,4094009.055],[597675.541,4094009.215]]]}},{"type":"Feature","properties":{"id":"7742701WF9974S_part16","floors":3,"height":9.3,"heightSource":"Catastro:numberOfFloorsAboveGround"},"geometry":{"type":"Polygon","coordinates":[[[597676.841,4094014.045],[597678.611,4094020.5945],[597679.191,4094020.4345],[597678.791,4094018.9245],[597677.431,4094013.895],[597676.841,4094014.045]]]}},{"type":"Feature","properties":{"id":"7742701WF9974S_part17","floors":3,"height":9.3,"heightSource":"Catastro:numberOfFloorsAboveGround"},"geometry":{"type":"Polygon","coordinates":[[[597677.431,4094013.895],[597678.791,4094018.9245],[597681.051,4094018.3145],[597681.291,4094018.2445],[597679.931,4094013.2145],[597677.431,4094013.895]]]}},{"type":"Feature","properties":{"id":"7742701WF9974S_part19","floors":2,"height":6.2,"heightSource":"Catastro:numberOfFloorsAboveGround"},"geometry":{"type":"Polygon","coordinates":[[[597678.791,4094018.9245],[597679.191,4094020.4345],[597679.8705,4094022.9445],[597682.1405,4094022.3245],[597681.051,4094018.3145],[597678.791,4094018.9245]]]}},{"type":"Feature","properties":{"id":"7742701WF9974S_part20","floors":2,"height":6.2,"heightSource":"Catastro:numberOfFloorsAboveGround"},"geometry":{"type":"Polygon","coordinates":[[[597681.461,4093991.665],[597683.851,4094000.5245],[597686.991,4093999.6745],[597687.771,4094002.5645],[597684.641,4094003.4145],[597687.091,4094012.4645],[597690.221,4094011.6145],[597691.001,4094014.5145],[597687.871,4094015.3645],[597689.451,4094021.1945],[597690.621,4094020.8845],[597693.401,4094020.025],[597695.161,4094019.4805],[597698.511,4094018.4445],[597698.381,4094017.9545],[597700.111,4094017.4845],[597699.131,4094013.8645],[597699.621,4094013.7345],[597698.051,4094007.9445],[597696.351,4094001.6745],[597694.861,4093996.1545],[597692.821,4093988.5945],[597681.461,4093991.665]]]}},{"type":"Feature","properties":{"id":"7742701WF9974S_part21","floors":2,"height":6.2,"heightSource":"Catastro:numberOfFloorsAboveGround"},"geometry":{"type":"Polygon","coordinates":[[[597692.821,4093988.5945],[597694.861,4093996.1545],[597696.971,4093995.5745],[597694.9305,4093988.023],[597694.591,4093988.1145],[597692.821,4093988.5945]]]}},{"type":"Feature","properties":{"id":"7742701WF9974S_part22","floors":1,"height":3.1,"heightSource":"Catastro:numberOfFloorsAboveGround"},"geometry":{"type":"Polygon","coordinates":[[[597694.861,4093996.1545],[597696.351,4094001.6745],[597698.471,4094001.0945],[597696.971,4093995.5745],[597694.861,4093996.1545]]]}},{"type":"Feature","properties":{"id":"7742701WF9974S_part23","floors":2,"height":6.2,"heightSource":"Catastro:numberOfFloorsAboveGround"},"geometry":{"type":"Polygon","coordinates":[[[597696.351,4094001.6745],[597698.051,4094007.9445],[597700.171,4094007.3745],[597698.471,4094001.0945],[597696.351,4094001.6745]]]}},{"type":"Feature","properties":{"id":"7742701WF9974S_part24","floors":1,"height":3.1,"heightSource":"Catastro:numberOfFloorsAboveGround"},"geometry":{"type":"Polygon","coordinates":[[[597698.051,4094007.9445],[597699.621,4094013.7345],[597701.741,4094013.1645],[597700.171,4094007.3745],[597698.051,4094007.9445]]]}},{"type":"Feature","properties":{"id":"7742701WF9974S_part26","floors":2,"height":6.2,"heightSource":"Catastro:numberOfFloorsAboveGround"},"geometry":{"type":"Polygon","coordinates":[[[597699.621,4094013.7345],[597700.601,4094017.3545],[597702.721,4094016.7845],[597701.741,4094013.1645],[597699.621,4094013.7345]]]}},{"type":"Feature","properties":{"id":"7742702WF9974N_part1","floors":5,"height":15.5,"heightSource":"Catastro:numberOfFloorsAboveGround"},"geometry":{"type":"Polygon","coordinates":[[[597636.572,4093999.162],[597637.5535,4094017.747],[597642.5565,4094017.474],[597642.3405,4094013.155],[597641.1325,4094013.22],[597640.9855,4094010.216],[597648.96,4094009.762],[597648.754,4094005.923],[597648.668,4094004.292],[597649.757,4094004.23],[597650.871,4094004.165],[597651.174,4094004.148],[597650.881,4093998.337],[597636.572,4093999.162]]]}},{"type":"Feature","properties":{"id":"7742702WF9974N_part2","floors":4,"height":12.4,"heightSource":"Catastro:numberOfFloorsAboveGround"},"geometry":{"type":"Polygon","coordinates":[[[597640.9855,4094010.216],[597641.1325,4094013.22],[597642.3405,4094013.155],[597642.5565,4094017.474],[597637.5535,4094017.747],[597637.7425,4094021.335],[597649.0795,4094020.662],[597649.0705,4094020.497],[597648.9675,4094018.537],[597651.6345,4094018.369],[597651.5945,4094017.639],[597650.5045,4094017.698],[597648.0915,4094017.83],[597647.9485,4094015.266],[597649.2525,4094015.198],[597649.2385,4094014.938],[597649.1465,4094013.228],[597648.96,4094009.762],[597640.9855,4094010.216]]]}},{"type":"Feature","properties":{"id":"7742702WF9974N_part3","floors":2,"height":6.2,"heightSource":"Catastro:numberOfFloorsAboveGround"},"geometry":{"type":"Polygon","coordinates":[[[597649.0795,4094020.662],[597637.7425,4094021.335],[597638.0045,4094026.276],[597638.7835,4094026.359],[597639.9045,4094026.44],[597640.6695,4094026.496],[597641.4205,4094026.564],[597642.2425,4094026.617],[597643.4915,4094026.681],[597644.4965,4094026.727],[597645.5135,4094026.766],[597645.3995,4094024.795],[597649.7775,4094024.534],[597649.7425,4094023.885],[597651.9365,4094023.748],[597651.7865,4094021.084],[597651.7455,4094020.346],[597649.0705,4094020.497],[597649.0795,4094020.662]]]}},{"type":"Feature","properties":{"id":"7742702WF9974N_part4","floors":3,"height":9.3,"heightSource":"Catastro:numberOfFloorsAboveGround"},"geometry":{"type":"Polygon","coordinates":[[[597645.3995,4094024.795],[597645.5135,4094026.766],[597646.6845,4094026.8],[597647.9755,4094026.835],[597649.0495,4094026.84],[597649.9055,4094026.853],[597649.7775,4094024.534],[597645.3995,4094024.795]]]}},{"type":"Feature","properties":{"id":"7742702WF9974N_part5","floors":3,"height":9.3,"heightSource":"Catastro:numberOfFloorsAboveGround"},"geometry":{"type":"Polygon","coordinates":[[[597649.2525,4094015.198],[597647.9485,4094015.266],[597648.0915,4094017.83],[597650.5045,4094017.698],[597650.3465,4094014.872],[597649.2385,4094014.938],[597649.2525,4094015.198]]]}},{"type":"Feature","properties":{"id":"7742702WF9974N_part7","floors":5,"height":15.5,"heightSource":"Catastro:numberOfFloorsAboveGround"},"geometry":{"type":"Polygon","coordinates":[[[597648.754,4094005.923],[597648.96,4094009.762],[597651.16,4094009.637],[597651.11,4094008.69],[597651.005,4094006.728],[597649.905,4094006.788],[597649.851,4094005.866],[597648.754,4094005.923]]]}},{"type":"Feature","properties":{"id":"7742702WF9974N_part8","floors":4,"height":12.4,"heightSource":"Catastro:numberOfFloorsAboveGround"},"geometry":{"type":"Polygon","coordinates":[[[597648.96,4094009.762],[597649.1465,4094013.228],[597650.2515,4094013.167],[597650.2005,4094012.231],[597651.2945,4094012.165],[597651.189,4094010.177],[597651.16,4094009.637],[597648.96,4094009.762]]]}},{"type":"Feature","properties":{"id":"7742702WF9974N_part9","floors":3,"height":9.3,"heightSource":"Catastro:numberOfFloorsAboveGround"},"geometry":{"type":"Polygon","coordinates":[[[597648.9675,4094018.537],[597649.0705,4094020.497],[597651.7455,4094020.346],[597651.7035,4094019.595],[597651.6345,4094018.369],[597648.9675,4094018.537]]]}},{"type":"Feature","properties":{"id":"7742702WF9974N_part13","floors":3,"height":9.3,"heightSource":"Catastro:numberOfFloorsAboveGround"},"geometry":{"type":"Polygon","coordinates":[[[597651.9725,4094024.404],[597649.7775,4094024.534],[597649.9055,4094026.853],[597650.0105,4094026.855],[597650.9345,4094026.846],[597651.9235,4094026.828],[597652.5865,4094026.817],[597652.9765,4094026.812],[597653.3715,4094026.811],[597653.5965,4094026.804],[597653.3825,4094022.772],[597652.8825,4094022.799],[597652.7825,4094021.028],[597651.7865,4094021.084],[597651.9365,4094023.748],[597651.9725,4094024.404]]]}},{"type":"Feature","properties":{"id":"7742702WF9974N_part15","floors":4,"height":12.4,"heightSource":"Catastro:numberOfFloorsAboveGround"},"geometry":{"type":"Polygon","coordinates":[[[597651.2945,4094012.165],[597650.2005,4094012.231],[597650.2515,4094013.167],[597652.1595,4094013.062],[597651.996,4094010.129],[597651.189,4094010.177],[597651.2945,4094012.165]]]}},{"type":"Feature","properties":{"id":"7742702WF9974N_part16","floors":4,"height":12.4,"heightSource":"Catastro:numberOfFloorsAboveGround"},"geometry":{"type":"Polygon","coordinates":[[[597650.3465,4094014.872],[597650.5045,4094017.698],[597651.5945,4094017.639],[597651.4365,4094014.808],[597650.3465,4094014.872]]]}},{"type":"Feature","properties":{"id":"7742702WF9974N_part17","floors":5,"height":15.5,"heightSource":"Catastro:numberOfFloorsAboveGround"},"geometry":{"type":"Polygon","coordinates":[[[597650.881,4093998.337],[597651.174,4094004.148],[597651.711,4094004.118],[597651.417,4093998.306],[597650.881,4093998.337]]]}},{"type":"Feature","properties":{"id":"7742702WF9974N_part18","floors":4,"height":12.4,"heightSource":"Catastro:numberOfFloorsAboveGround"},"geometry":{"type":"Polygon","coordinates":[[[597651.754,4094005.769],[597650.957,4094005.809],[597651.005,4094006.728],[597651.11,4094008.69],[597651.913,4094008.644],[597651.754,4094005.769]]]}},{"type":"Feature","properties":{"id":"7742702WF9974N_part20","floors":4,"height":12.4,"heightSource":"Catastro:numberOfFloorsAboveGround"},"geometry":{"type":"Polygon","coordinates":[[[597651.417,4093998.306],[597651.711,4094004.118],[597652.366,4094004.082],[597653.487,4094004.019],[597653.152,4093998.206],[597651.417,4093998.306]]]}},{"type":"Feature","properties":{"id":"7742702WF9974N_part21","floors":3,"height":9.3,"heightSource":"Catastro:numberOfFloorsAboveGround"},"geometry":{"type":"Polygon","coordinates":[[[597651.4365,4094014.808],[597651.5945,4094017.639],[597651.6345,4094018.369],[597651.7035,4094019.595],[597652.6955,4094019.54],[597652.6075,4094017.774],[597653.1025,4094017.747],[597652.9375,4094014.719],[597651.4365,4094014.808]]]}},{"type":"Feature","properties":{"id":"7742702WF9974N_part22","floors":1,"height":3.1,"heightSource":"Catastro:numberOfFloorsAboveGround"},"geometry":{"type":"Polygon","coordinates":[[[597653.1025,4094017.747],[597652.6075,4094017.774],[597652.6955,4094019.54],[597653.5105,4094019.495],[597653.2405,4094014.702],[597652.9375,4094014.719],[597653.1025,4094017.747]]]}},{"type":"Feature","properties":{"id":"7742702WF9974N_part23","floors":1,"height":3.1,"heightSource":"Catastro:numberOfFloorsAboveGround"},"geometry":{"type":"Polygon","coordinates":[[[597653.5865,4094020.984],[597652.7825,4094021.028],[597652.8825,4094022.799],[597653.3825,4094022.772],[597653.5965,4094026.804],[597653.8825,4094026.797],[597653.9075,4094026.796],[597653.5865,4094020.984]]]}},{"type":"Feature","properties":{"id":"7742702WF9974N_part24","floors":3,"height":9.3,"heightSource":"Catastro:numberOfFloorsAboveGround"},"geometry":{"type":"Polygon","coordinates":[[[597653.152,4093998.206],[597653.487,4094004.019],[597655.079,4094003.928],[597655.289,4094003.916],[597655.18,4094001.745],[597659.387,4094001.504],[597658.411,4093997.905],[597653.152,4093998.206]]]}},{"type":"Feature","properties":{"id":"7742702WF9974N_part25","floors":2,"height":6.2,"heightSource":"Catastro:numberOfFloorsAboveGround"},"geometry":{"type":"Polygon","coordinates":[[[597655.079,4094003.928],[597655.166,4094005.387],[597660.359,4094005.087],[597659.969,4094003.651],[597655.289,4094003.916],[597655.079,4094003.928]]]}},{"type":"Feature","properties":{"id":"7742702WF9974N_part26","floors":1,"height":3.1,"heightSource":"Catastro:numberOfFloorsAboveGround"},"geometry":{"type":"Polygon","coordinates":[[[597655.166,4094005.387],[597655.266,4094007.069],[597660.809,4094006.747],[597660.611,4094006.015],[597660.359,4094005.087],[597655.166,4094005.387]]]}},{"type":"Feature","properties":{"id":"7742702WF9974N_part27","floors":3,"height":9.3,"heightSource":"Catastro:numberOfFloorsAboveGround"},"geometry":{"type":"Polygon","coordinates":[[[597655.18,4094001.745],[597655.289,4094003.916],[597659.969,4094003.651],[597659.387,4094001.504],[597655.18,4094001.745]]]}},{"type":"Feature","properties":{"id":"7747003WF9974N_part3","floors":2,"height":6.2,"heightSource":"Catastro:numberOfFloorsAboveGround"},"geometry":{"type":"MultiPolygon","coordinates":[[[[597657.9428683547,4094409.0],[597658.5165383639,4094409.0],[597658.434,4094408.7905],[597657.9428683547,4094409.0]]],[[[597668.0155,4094408.1125],[597666.7855,4094405.2285],[597660.946,4094407.719],[597661.4507263326,4094409.0],[597665.8200718624,4094409.0],[597668.0155,4094408.1125]]]]}},{"type":"Feature","properties":{"id":"7843003WF9974S_part1","floors":5,"height":15.5,"heightSource":"Catastro:numberOfFloorsAboveGround"},"geometry":{"type":"Polygon","coordinates":[[[597716.941,4094134.177],[597705.86,4094137.114],[597705.28,4094137.264],[597705.968,4094140.595],[597709.411,4094139.684],[597709.736,4094140.941],[597710.088,4094142.295],[597710.409,4094143.532],[597706.773,4094144.488],[597707.067,4094145.9105],[597707.464,4094147.829],[597722.128,4094144.509],[597721.13,4094140.644],[597719.36,4094141.113],[597718.505,4094137.808],[597720.277,4094137.338],[597719.3,4094133.549],[597716.941,4094134.177]]]}},{"type":"Feature","properties":{"id":"7843003WF9974S_part2","floors":2,"height":6.2,"heightSource":"Catastro:numberOfFloorsAboveGround"},"geometry":{"type":"Polygon","coordinates":[[[597709.411,4094139.684],[597705.968,4094140.595],[597705.999,4094140.744],[597706.231,4094141.868],[597709.736,4094140.941],[597709.411,4094139.684]]]}},{"type":"Feature","properties":{"id":"7843003WF9974S_part3","floors":1,"height":3.1,"heightSource":"Catastro:numberOfFloorsAboveGround"},"geometry":{"type":"Polygon","coordinates":[[[597706.231,4094141.868],[597706.514,4094143.235],[597710.088,4094142.295],[597709.736,4094140.941],[597706.231,4094141.868]]]}},{"type":"Feature","properties":{"id":"7843003WF9974S_part4","floors":2,"height":6.2,"heightSource":"Catastro:numberOfFloorsAboveGround"},"geometry":{"type":"Polygon","coordinates":[[[597706.514,4094143.235],[597706.773,4094144.488],[597710.409,4094143.532],[597710.088,4094142.295],[597706.514,4094143.235]]]}},{"type":"Feature","properties":{"id":"7843003WF9974S_part5","floors":2,"height":6.2,"heightSource":"Catastro:numberOfFloorsAboveGround"},"geometry":{"type":"Polygon","coordinates":[[[597718.505,4094137.808],[597719.36,4094141.113],[597721.13,4094140.644],[597723.031,4094140.142],[597722.176,4094136.837],[597720.277,4094137.338],[597718.505,4094137.808]]]}},{"type":"Feature","properties":{"id":"7843003WF9974S_part6","floors":5,"height":15.5,"heightSource":"Catastro:numberOfFloorsAboveGround"},"geometry":{"type":"Polygon","coordinates":[[[597722.0805,4094132.8145],[597719.3,4094133.549],[597720.277,4094137.338],[597722.176,4094136.837],[597723.031,4094140.142],[597721.13,4094140.644],[597722.128,4094144.509],[597726.912,4094143.426],[597724.037,4094132.293],[597722.0805,4094132.8145]]]}},{"type":"Feature","properties":{"id":"7843003WF9974S_part7","floors":4,"height":12.4,"heightSource":"Catastro:numberOfFloorsAboveGround"},"geometry":{"type":"Polygon","coordinates":[[[597724.037,4094132.293],[597726.912,4094143.426],[597727.907,4094143.201],[597725.022,4094132.033],[597724.037,4094132.293]]]}},{"type":"Feature","properties":{"id":"7843003WF9974S_part8","floors":4,"height":12.4,"heightSource":"Catastro:numberOfFloorsAboveGround"},"geometry":{"type":"Polygon","coordinates":[[[597727.1495,4094131.471],[597727.1005,4094131.484],[597725.022,4094132.033],[597727.907,4094143.201],[597731.812,4094142.317],[597728.893,4094131.011],[597727.1495,4094131.471]]]}},{"type":"Feature","properties":{"id":"7843003WF9974S_part9","floors":3,"height":9.3,"heightSource":"Catastro:numberOfFloorsAboveGround"},"geometry":{"type":"Polygon","coordinates":[[[597728.893,4094131.011],[597731.812,4094142.317],[597733.708,4094141.888],[597730.757,4094130.52],[597728.893,4094131.011]]]}},{"type":"Feature","properties":{"id":"7843003WF9974S_part10","floors":3,"height":9.3,"heightSource":"Catastro:numberOfFloorsAboveGround"},"geometry":{"type":"Polygon","coordinates":[[[597731.1605,4094130.415],[597730.757,4094130.52],[597733.708,4094141.888],[597735.16,4094141.56],[597732.197,4094130.141],[597731.1605,4094130.415]]]}},{"type":"Feature","properties":{"id":"7843003WF9974S_part11","floors":2,"height":6.2,"heightSource":"Catastro:numberOfFloorsAboveGround"},"geometry":{"type":"Polygon","coordinates":[[[597737.2235,4094141.095],[597736.4005,4094137.964],[597734.2405,4094129.604],[597732.197,4094130.141],[597735.16,4094141.56],[597737.2235,4094141.095]]]}},{"type":"Feature","properties":{"id":"7843004WF9974S_part1","floors":5,"height":15.5,"heightSource":"Catastro:numberOfFloorsAboveGround"},"geometry":{"type":"Polygon","coordinates":[[[597712.7205,4094125.044],[597710.7205,4094125.574],[597708.5605,4094126.154],[597706.3605,4094126.714],[597705.1,4094127.044],[597702.8,4094127.654],[597702.951,4094128.241],[597702.954,4094128.2535],[597703.62,4094130.844],[597705.74,4094130.284],[597705.94,4094131.054],[597707.15,4094130.734],[597707.63,4094132.574],[597706.41,4094132.894],[597706.62,4094133.674],[597704.49,4094134.234],[597705.28,4094137.264],[597705.86,4094137.114],[597716.941,4094134.177],[597714.4095,4094124.6005],[597712.7205,4094125.044]]]}},{"type":"Feature","properties":{"id":"7843004WF9974S_part2","floors":1,"height":3.1,"heightSource":"Catastro:numberOfFloorsAboveGround"},"geometry":{"type":"Polygon","coordinates":[[[597706.62,4094133.674],[597706.41,4094132.894],[597707.63,4094132.574],[597707.15,4094130.734],[597705.94,4094131.054],[597705.74,4094130.284],[597703.62,4094130.844],[597704.49,4094134.234],[597706.62,4094133.674]]]}},{"type":"Feature","properties":{"id":"7843004WF9974S_part3","floors":4,"height":12.4,"heightSource":"Catastro:numberOfFloorsAboveGround"},"geometry":{"type":"Polygon","coordinates":[[[597714.4095,4094124.6005],[597716.941,4094134.177],[597722.0805,4094132.8145],[597721.0405,4094128.894],[597722.2905,4094128.564],[597721.8805,4094127.024],[597720.6305,4094127.354],[597719.5405,4094123.254],[597714.4095,4094124.6005]]]}},{"type":"Feature","properties":{"id":"7843004WF9974S_part4","floors":3,"height":9.3,"heightSource":"Catastro:numberOfFloorsAboveGround"},"geometry":{"type":"Polygon","coordinates":[[[597722.7805,4094122.404],[597719.5405,4094123.254],[597720.6305,4094127.354],[597721.8805,4094127.024],[597722.2905,4094128.564],[597721.0405,4094128.894],[597722.0805,4094132.8145],[597727.1005,4094131.484],[597727.1495,4094131.471],[597726.1105,4094127.554],[597727.3705,4094127.224],[597726.9605,4094125.674],[597725.7005,4094126.014],[597724.6205,4094121.923],[597722.7805,4094122.404]]]}},{"type":"Feature","properties":{"id":"7843004WF9974S_part5","floors":2,"height":6.2,"heightSource":"Catastro:numberOfFloorsAboveGround"},"geometry":{"type":"Polygon","coordinates":[[[597724.6205,4094121.923],[597725.7005,4094126.014],[597726.9605,4094125.674],[597727.3705,4094127.224],[597726.1105,4094127.554],[597727.1495,4094131.471],[597731.1605,4094130.415],[597730.7305,4094128.794],[597731.5105,4094128.584],[597729.8405,4094122.294],[597729.0605,4094122.494],[597728.6305,4094120.8745],[597724.6205,4094121.923]]]}},{"type":"Feature","properties":{"id":"7843005WF9974S_part1","floors":6,"height":18.6,"heightSource":"Catastro:numberOfFloorsAboveGround"},"geometry":{"type":"Polygon","coordinates":[[[597696.8605,4094108.8245],[597697.4505,4094110.1345],[597699.9905,4094118.4645],[597702.8,4094127.654],[597705.1,4094127.044],[597706.3605,4094126.714],[597706.969,4094126.559],[597706.4805,4094124.784],[597704.8005,4094125.244],[597703.8405,4094121.724],[597703.5305,4094120.594],[597705.2405,4094120.134],[597704.8005,4094118.514],[597703.1105,4094118.974],[597702.1605,4094115.4545],[597701.8505,4094114.3145],[597703.5405,4094113.8545],[597703.1005,4094112.2545],[597701.4105,4094112.7145],[597700.4505,4094109.1845],[597700.121,4094107.946],[597696.8605,4094108.8245]]]}},{"type":"Feature","properties":{"id":"7843005WF9974S_part2","floors":5,"height":15.5,"heightSource":"Catastro:numberOfFloorsAboveGround"},"geometry":{"type":"Polygon","coordinates":[[[597700.121,4094107.946],[597700.4505,4094109.1845],[597704.0305,4094108.2145],[597704.9605,4094111.744],[597703.1005,4094112.2545],[597703.5405,4094113.8545],[597701.8505,4094114.3145],[597702.1605,4094115.4545],[597705.7305,4094114.484],[597706.6605,4094118.014],[597704.8005,4094118.514],[597705.2405,4094120.134],[597703.5305,4094120.594],[597703.8405,4094121.724],[597707.4105,4094120.754],[597708.3405,4094124.284],[597706.4805,4094124.784],[597706.969,4094126.559],[597708.5605,4094126.154],[597710.7205,4094125.574],[597712.7205,4094125.044],[597715.0315,4094124.4375],[597714.5405,4094122.564],[597713.7705,4094119.634],[597712.8905,4094116.254],[597712.1105,4094113.404],[597711.2205,4094109.984],[597710.7905,4094108.524],[597710.4505,4094107.084],[597710.0215,4094105.2785],[597700.121,4094107.946]]]}},{"type":"Feature","properties":{"id":"7843005WF9974S_part3","floors":1,"height":3.1,"heightSource":"Catastro:numberOfFloorsAboveGround"},"geometry":{"type":"Polygon","coordinates":[[[597704.9605,4094111.744],[597704.0305,4094108.2145],[597700.4505,4094109.1845],[597701.4105,4094112.7145],[597703.1005,4094112.2545],[597704.9605,4094111.744]]]}},{"type":"Feature","properties":{"id":"7843005WF9974S_part4","floors":1,"height":3.1,"heightSource":"Catastro:numberOfFloorsAboveGround"},"geometry":{"type":"Polygon","coordinates":[[[597706.6605,4094118.014],[597705.7305,4094114.484],[597702.1605,4094115.4545],[597703.1105,4094118.974],[597704.8005,4094118.514],[597706.6605,4094118.014]]]}},{"type":"Feature","properties":{"id":"7843005WF9974S_part5","floors":1,"height":3.1,"heightSource":"Catastro:numberOfFloorsAboveGround"},"geometry":{"type":"Polygon","coordinates":[[[597708.3405,4094124.284],[597707.4105,4094120.754],[597703.8405,4094121.724],[597704.8005,4094125.244],[597706.4805,4094124.784],[597708.3405,4094124.284]]]}},{"type":"Feature","properties":{"id":"7843005WF9974S_part6","floors":3,"height":9.3,"heightSource":"Catastro:numberOfFloorsAboveGround"},"geometry":{"type":"Polygon","coordinates":[[[597710.0215,4094105.2785],[597710.4505,4094107.084],[597713.8405,4094106.204],[597714.6005,4094109.094],[597711.2205,4094109.984],[597712.1105,4094113.404],[597715.4405,4094112.454],[597716.2505,4094115.294],[597712.8905,4094116.254],[597713.7705,4094119.634],[597717.1805,4094118.734],[597717.9505,4094121.664],[597714.5405,4094122.564],[597715.0315,4094124.4375],[597722.7805,4094122.404],[597726.4905,4094121.434],[597721.4005,4094102.2135],[597710.0215,4094105.2785]]]}},{"type":"Feature","properties":{"id":"7843005WF9974S_part7","floors":1,"height":3.1,"heightSource":"Catastro:numberOfFloorsAboveGround"},"geometry":{"type":"Polygon","coordinates":[[[597714.6005,4094109.094],[597713.8405,4094106.204],[597710.4505,4094107.084],[597710.7905,4094108.524],[597711.2205,4094109.984],[597714.6005,4094109.094]]]}},{"type":"Feature","properties":{"id":"7843005WF9974S_part8","floors":1,"height":3.1,"heightSource":"Catastro:numberOfFloorsAboveGround"},"geometry":{"type":"Polygon","coordinates":[[[597716.2505,4094115.294],[597715.4405,4094112.454],[597712.1105,4094113.404],[597712.8905,4094116.254],[597716.2505,4094115.294]]]}},{"type":"Feature","properties":{"id":"7843005WF9974S_part9","floors":1,"height":3.1,"heightSource":"Catastro:numberOfFloorsAboveGround"},"geometry":{"type":"Polygon","coordinates":[[[597717.9505,4094121.664],[597717.1805,4094118.734],[597713.7705,4094119.634],[597714.5405,4094122.564],[597717.9505,4094121.664]]]}},{"type":"Feature","properties":{"id":"7843005WF9974S_part10","floors":1,"height":3.1,"heightSource":"Catastro:numberOfFloorsAboveGround"},"geometry":{"type":"Polygon","coordinates":[[[597721.4005,4094102.2135],[597726.4905,4094121.434],[597728.6305,4094120.8745],[597725.6905,4094109.774],[597724.5005,4094110.094],[597722.3395,4094101.9605],[597721.4005,4094102.2135]]]}},{"type":"Feature","properties":{"id":"7843007WF9974S_part1","floors":5,"height":15.5,"heightSource":"Catastro:numberOfFloorsAboveGround"},"geometry":{"type":"Polygon","coordinates":[[[597694.2605,4094098.1745],[597694.5705,4094099.4545],[597694.805,4094100.4135],[597698.1205,4094099.4545],[597699.0805,4094102.7545],[597695.6245,4094103.7635],[597696.1705,4094105.9945],[597705.2005,4094103.3745],[597702.9605,4094095.6345],[597694.2605,4094098.1745]]]}},{"type":"Feature","properties":{"id":"7843007WF9974S_part2","floors":1,"height":3.1,"heightSource":"Catastro:numberOfFloorsAboveGround"},"geometry":{"type":"Polygon","coordinates":[[[597699.0805,4094102.7545],[597698.1205,4094099.4545],[597694.805,4094100.4135],[597695.6245,4094103.7635],[597699.0805,4094102.7545]]]}},{"type":"Feature","properties":{"id":"7843007WF9974S_part3","floors":4,"height":12.4,"heightSource":"Catastro:numberOfFloorsAboveGround"},"geometry":{"type":"Polygon","coordinates":[[[597702.9605,4094095.6345],[597705.2005,4094103.3745],[597710.632,4094101.7985],[597708.38,4094094.053],[597702.9605,4094095.6345]]]}},{"type":"Feature","properties":{"id":"7843007WF9974S_part4","floors":3,"height":9.3,"heightSource":"Catastro:numberOfFloorsAboveGround"},"geometry":{"type":"Polygon","coordinates":[[[597711.5605,4094093.124],[597708.38,4094094.053],[597710.632,4094101.7985],[597716.3005,4094100.1535],[597714.0495,4094092.41],[597711.5605,4094093.124]]]}},{"type":"Feature","properties":{"id":"7843007WF9974S_part5","floors":2,"height":6.2,"heightSource":"Catastro:numberOfFloorsAboveGround"},"geometry":{"type":"Polygon","coordinates":[[[597714.0495,4094092.41],[597716.3005,4094100.1535],[597720.142,4094099.039],[597717.892,4094091.3085],[597714.0495,4094092.41]]]}},{"type":"Feature","properties":{"id":"7843009WF9974S_part1","floors":1,"height":3.1,"heightSource":"Catastro:numberOfFloorsAboveGround"},"geometry":{"type":"Polygon","coordinates":[[[597695.7105,4094089.3745],[597695.2785,4094089.4675],[597697.95,4094097.0975],[597702.9605,4094095.6345],[597710.3775,4094093.4695],[597708.1085,4094085.7315],[597695.7105,4094089.3745]]]}},{"type":"Feature","properties":{"id":"7843009WF9974S_part2","floors":2,"height":6.2,"heightSource":"Catastro:numberOfFloorsAboveGround"},"geometry":{"type":"Polygon","coordinates":[[[597711.5605,4094093.124],[597721.0105,4094090.414],[597723.8905,4094089.584],[597721.5405,4094081.634],[597709.2905,4094085.3845],[597708.1085,4094085.7315],[597710.3775,4094093.4695],[597711.5605,4094093.124]]]}},{"type":"Feature","properties":{"id":"7843013WF9974S_part1","floors":1,"height":3.1,"heightSource":"Catastro:numberOfFloorsAboveGround"},"geometry":{"type":"Polygon","coordinates":[[[597663.03,4094136.88],[597663.98,4094135.67],[597665.6,4094135.19],[597665.65,4094135.68],[597668.99,4094134.74],[597668.69,4094133.67],[597674.01,4094132.16],[597672.42,4094127.15],[597670.14,4094119.27],[597663.74,4094121.04],[597664.04,4094122.14],[597660.23,4094123.22],[597659.31,4094122.26],[597655.61,4094123.28],[597657.03,4094127.69],[597659.29,4094128.27],[597659.91,4094130.46],[597658.27,4094131.78],[597660.13,4094137.72],[597663.03,4094136.88]]]}},{"type":"Feature","properties":{"id":"7843016WF9974S_part1","floors":1,"height":3.1,"heightSource":"Catastro:numberOfFloorsAboveGround"},"geometry":{"type":"Polygon","coordinates":[[[597598.5005,4094079.585],[597605.415,4094085.4295],[597608.85,4094081.48],[597609.101,4094081.6945],[597612.6305,4094077.455],[597609.442,4094074.9075],[597605.17,4094080.17],[597600.921,4094076.721],[597598.5005,4094079.585]]]}},{"type":"Feature","properties":{"id":"7843016WF9974S_part2","floors":1,"height":3.1,"heightSource":"Catastro:numberOfFloorsAboveGround"},"geometry":{"type":"Polygon","coordinates":[[[597605.2705,4094071.575],[597600.921,4094076.721],[597605.17,4094080.17],[597609.442,4094074.9075],[597605.2705,4094071.575]]]}},{"type":"Feature","properties":{"id":"7843016WF9974S_part3","floors":2,"height":6.2,"heightSource":"Catastro:numberOfFloorsAboveGround"},"geometry":{"type":"Polygon","coordinates":[[[597600.96,4094097.015],[597602.2,4094098.095],[597605.67,4094101.105],[597606.63,4094099.915],[597609.945,4094102.686],[597610.9455,4094101.5375],[597614.0745,4094104.263],[597617.5885,4094100.2285],[597614.25,4094097.21],[597613.87,4094097.69],[597610.2,4094094.71],[597610.55,4094094.27],[597606.348,4094090.8285],[597600.96,4094097.015]]]}},{"type":"Feature","properties":{"id":"7843016WF9974S_part4","floors":1,"height":3.1,"heightSource":"Catastro:numberOfFloorsAboveGround"},"geometry":{"type":"Polygon","coordinates":[[[597603.929,4094087.1355],[597607.1335,4094089.9265],[597606.348,4094090.8285],[597610.55,4094094.27],[597610.2,4094094.71],[597613.87,4094097.69],[597614.25,4094097.21],[597617.5885,4094100.2285],[597621.056,4094096.2475],[597617.9265,4094093.522],[597619.9775,4094091.167],[597609.101,4094081.6945],[597608.85,4094081.48],[597605.415,4094085.4295],[597603.929,4094087.1355]]]}},{"type":"Feature","properties":{"id":"7843018WF9974S_part1","floors":2,"height":6.2,"heightSource":"Catastro:numberOfFloorsAboveGround"},"geometry":{"type":"Polygon","coordinates":[[[597669.6155,4094067.2305],[597667.1635,4094067.9655],[597671.5255,4094084.0085],[597679.23,4094081.7],[597678.322,4094078.6785],[597673.85,4094080.02],[597669.9755,4094067.1225],[597669.6155,4094067.2305]]]}},{"type":"Feature","properties":{"id":"7843018WF9974S_part2","floors":4,"height":12.4,"heightSource":"Catastro:numberOfFloorsAboveGround"},"geometry":{"type":"Polygon","coordinates":[[[597671.6005,4094041.6525],[597667.5665,4094042.3505],[597669.6715,4094049.3765],[597669.8525,4094049.9805],[597673.21,4094048.98],[597674.14,4094052.09],[597678.4485,4094050.8],[597678.36,4094050.5],[597680.23,4094049.94],[597679.95,4094048.98],[597679.51,4094047.53],[597678.56,4094047.81],[597676.4475,4094040.7485],[597671.6005,4094041.6525]]]}},{"type":"Feature","properties":{"id":"7843018WF9974S_part3","floors":2,"height":6.2,"heightSource":"Catastro:numberOfFloorsAboveGround"},"geometry":{"type":"Polygon","coordinates":[[[597673.21,4094048.98],[597669.8525,4094049.9805],[597670.7875,4094053.0995],[597674.14,4094052.09],[597673.21,4094048.98]]]}},{"type":"Feature","properties":{"id":"7843018WF9974S_part4","floors":6,"height":18.6,"heightSource":"Catastro:numberOfFloorsAboveGround"},"geometry":{"type":"Polygon","coordinates":[[[597669.9755,4094067.1225],[597673.85,4094080.02],[597678.322,4094078.6785],[597676.85,4094073.78],[597674.5775,4094065.7435],[597669.9755,4094067.1225]]]}},{"type":"Feature","properties":{"id":"7843018WF9974S_part5","floors":5,"height":15.5,"heightSource":"Catastro:numberOfFloorsAboveGround"},"geometry":{"type":"Polygon","coordinates":[[[597670.7875,4094053.0995],[597673.0055,4094060.5045],[597673.4305,4094060.375],[597673.37,4094059.91],[597673.38,4094058.93],[597673.52,4094057.84],[597673.84,4094056.78],[597674.24,4094055.86],[597674.75,4094055.07],[597676.55,4094052.93],[597678.87,4094052.23],[597678.4485,4094050.8],[597674.14,4094052.09],[597670.7875,4094053.0995]]]}},{"type":"Feature","properties":{"id":"7843018WF9974S_part7","floors":4,"height":12.4,"heightSource":"Catastro:numberOfFloorsAboveGround"},"geometry":{"type":"Polygon","coordinates":[[[597678.87,4094052.23],[597676.55,4094052.93],[597674.75,4094055.07],[597674.24,4094055.86],[597673.84,4094056.78],[597673.52,4094057.84],[597673.38,4094058.93],[597673.37,4094059.91],[597673.4305,4094060.375],[597676.34,4094059.51],[597676.42,4094059.79],[597676.42,4094058.8],[597676.726,4094057.8245],[597677.3115,4094056.933],[597678.008,4094056.153],[597678.872,4094055.3725],[597679.68,4094054.9825],[597680.6585,4094054.603],[597681.27,4094056.65],[597680.4,4094056.9],[597680.87,4094058.46],[597682.67,4094057.92],[597680.32,4094050.24],[597678.4485,4094050.8],[597678.87,4094052.23]]]}},{"type":"Feature","properties":{"id":"7843018WF9974S_part8","floors":1,"height":3.1,"heightSource":"Catastro:numberOfFloorsAboveGround"},"geometry":{"type":"Polygon","coordinates":[[[597676.34,4094059.51],[597673.4305,4094060.375],[597673.52,4094061.06],[597673.924,4094063.374],[597677.2,4094062.39],[597676.42,4094059.79],[597676.34,4094059.51]]]}},{"type":"Feature","properties":{"id":"7843018WF9974S_part9","floors":4,"height":12.4,"heightSource":"Catastro:numberOfFloorsAboveGround"},"geometry":{"type":"Polygon","coordinates":[[[597673.8705,4094063.3885],[597674.5775,4094065.7435],[597674.87,4094065.66],[597674.97,4094066.02],[597678.015,4094065.1065],[597677.2,4094062.39],[597673.924,4094063.374],[597673.8705,4094063.3885]]]}},{"type":"Feature","properties":{"id":"7843018WF9974S_part10","floors":6,"height":18.6,"heightSource":"Catastro:numberOfFloorsAboveGround"},"geometry":{"type":"Polygon","coordinates":[[[597674.87,4094065.66],[597674.5775,4094065.7435],[597676.85,4094073.78],[597678.322,4094078.6785],[597680.351,4094078.0695],[597679.552,4094075.334],[597682.9495,4094074.297],[597684.678,4094080.0285],[597684.971,4094080.498],[597685.326,4094080.922],[597685.7365,4094081.293],[597686.194,4094081.6045],[597686.95,4094081.9455],[597687.486,4094082.0825],[597688.036,4094082.145],[597688.589,4094082.1305],[597689.374,4094082.044],[597690.5,4094081.804],[597689.36,4094078.02],[597690.25,4094077.76],[597689.76,4094076.11],[597688.67,4094076.44],[597686.58,4094069.45],[597687.61,4094069.14],[597687.12,4094067.49],[597686.01,4094067.83],[597685.44,4094065.93],[597684.84,4094066.12],[597684.38,4094064.6],[597684.3,4094064.34],[597683.26,4094064.65],[597682.9545,4094063.6245],[597678.015,4094065.1065],[597678.32,4094066.13],[597677.05,4094067.05],[597675.43,4094067.54],[597674.97,4094066.02],[597674.87,4094065.66]],[[597676.69,4094069.58],[597680.43,4094068.46],[597681.45,4094071.88],[597677.72,4094073.0],[597676.69,4094069.58]]]}},{"type":"Feature","properties":{"id":"7843018WF9974S_part11","floors":5,"height":15.5,"heightSource":"Catastro:numberOfFloorsAboveGround"},"geometry":{"type":"Polygon","coordinates":[[[597674.97,4094066.02],[597675.43,4094067.54],[597677.05,4094067.05],[597678.32,4094066.13],[597678.015,4094065.1065],[597674.97,4094066.02]]]}},{"type":"Feature","properties":{"id":"7843018WF9974S_part12","floors":5,"height":15.5,"heightSource":"Catastro:numberOfFloorsAboveGround"},"geometry":{"type":"Polygon","coordinates":[[[597680.87,4094058.46],[597680.4,4094056.9],[597681.27,4094056.65],[597680.6585,4094054.603],[597679.68,4094054.9825],[597678.872,4094055.3725],[597678.008,4094056.153],[597677.3115,4094056.933],[597676.726,4094057.8245],[597676.42,4094058.8],[597676.42,4094059.79],[597677.2,4094062.39],[597678.015,4094065.1065],[597682.9545,4094063.6245],[597682.1,4094060.78],[597683.41,4094060.38],[597682.67,4094057.92],[597680.87,4094058.46]]]}},{"type":"Feature","properties":{"id":"7843018WF9974S_part13","floors":3,"height":9.3,"heightSource":"Catastro:numberOfFloorsAboveGround"},"geometry":{"type":"Polygon","coordinates":[[[597690.0095,4094037.3335],[597686.6045,4094038.2845],[597681.4755,4094039.6125],[597676.5925,4094040.7225],[597676.4475,4094040.7485],[597678.56,4094047.81],[597679.51,4094047.53],[597679.95,4094048.98],[597688.94,4094046.28],[597692.53,4094045.21],[597692.1,4094043.77],[597690.1635,4094037.2895],[597690.0095,4094037.3335]]]}},{"type":"Feature","properties":{"id":"7843018WF9974S_part14","floors":2,"height":6.2,"heightSource":"Catastro:numberOfFloorsAboveGround"},"geometry":{"type":"Polygon","coordinates":[[[597681.45,4094071.88],[597680.43,4094068.46],[597676.69,4094069.58],[597677.72,4094073.0],[597681.45,4094071.88]]]}},{"type":"Feature","properties":{"id":"7843018WF9974S_part15","floors":2,"height":6.2,"heightSource":"Catastro:numberOfFloorsAboveGround"},"geometry":{"type":"Polygon","coordinates":[[[597678.322,4094078.6785],[597679.23,4094081.7],[597680.9905,4094081.1725],[597684.4585,4094092.7455],[597687.1165,4094091.9025],[597684.8325,4094084.2835],[597684.28,4094083.99],[597683.83,4094083.7],[597683.0,4094083.04],[597682.61,4094082.67],[597681.92,4094081.86],[597681.62,4094081.43],[597681.2705,4094080.813],[597681.18,4094080.84],[597680.351,4094078.0695],[597678.322,4094078.6785]]]}},{"type":"Feature","properties":{"id":"7843018WF9974S_part17","floors":5,"height":15.5,"heightSource":"Catastro:numberOfFloorsAboveGround"},"geometry":{"type":"Polygon","coordinates":[[[597689.374,4094082.044],[597688.589,4094082.1305],[597688.036,4094082.145],[597687.486,4094082.0825],[597686.95,4094081.9455],[597686.194,4094081.6045],[597685.7365,4094081.293],[597685.326,4094080.922],[597684.971,4094080.498],[597684.678,4094080.0285],[597682.9495,4094074.297],[597679.552,4094075.334],[597680.351,4094078.0695],[597682.75,4094077.35],[597682.88,4094077.78],[597683.49,4094077.6],[597684.19,4094079.93],[597683.58,4094080.12],[597684.8325,4094084.2835],[597685.72,4094084.66],[597686.23,4094084.82],[597686.74,4094084.94],[597687.8,4094085.09],[597688.86,4094085.1],[597689.5805,4094085.0105],[597690.4515,4094084.8645],[597691.3415,4094084.5985],[597690.5,4094081.804],[597689.374,4094082.044]]]}},{"type":"Feature","properties":{"id":"7843018WF9974S_part18","floors":1,"height":3.1,"heightSource":"Catastro:numberOfFloorsAboveGround"},"geometry":{"type":"Polygon","coordinates":[[[597679.95,4094048.98],[597680.23,4094049.94],[597680.32,4094050.24],[597682.67,4094057.92],[597683.41,4094060.38],[597684.27,4094063.23],[597684.66,4094064.52],[597690.73,4094062.7],[597697.2,4094060.76],[597700.06,4094059.9],[597699.27,4094057.27],[597692.81,4094059.21],[597688.94,4094046.28],[597679.95,4094048.98]]]}},{"type":"Feature","properties":{"id":"7843018WF9974S_part19","floors":1,"height":3.1,"heightSource":"Catastro:numberOfFloorsAboveGround"},"geometry":{"type":"Polygon","coordinates":[[[597682.75,4094077.35],[597680.351,4094078.0695],[597681.18,4094080.84],[597681.2705,4094080.813],[597681.62,4094081.43],[597681.92,4094081.86],[597682.61,4094082.67],[597683.0,4094083.04],[597683.83,4094083.7],[597684.28,4094083.99],[597684.8325,4094084.2835],[597683.58,4094080.12],[597682.88,4094077.78],[597682.75,4094077.35]]]}},{"type":"Feature","properties":{"id":"7843018WF9974S_part20","floors":4,"height":12.4,"heightSource":"Catastro:numberOfFloorsAboveGround"},"geometry":{"type":"Polygon","coordinates":[[[597682.1,4094060.78],[597682.9545,4094063.6245],[597684.27,4094063.23],[597683.41,4094060.38],[597682.1,4094060.78]]]}},{"type":"Feature","properties":{"id":"7843018WF9974S_part23","floors":5,"height":15.5,"heightSource":"Catastro:numberOfFloorsAboveGround"},"geometry":{"type":"Polygon","coordinates":[[[597684.38,4094064.6],[597684.84,4094066.12],[597685.44,4094065.93],[597686.01,4094067.83],[597687.12,4094067.49],[597687.61,4094069.14],[597686.58,4094069.45],[597688.67,4094076.44],[597689.76,4094076.11],[597690.25,4094077.76],[597689.36,4094078.02],[597690.5,4094081.804],[597691.4045,4094081.5715],[597692.24,4094084.33],[597691.3415,4094084.5985],[597692.9895,4094090.068],[597694.5605,4094089.6245],[597695.2785,4094089.4675],[597695.7105,4094089.3745],[597698.48,4094088.5605],[597697.6,4094085.63],[597696.74,4094082.76],[597695.03,4094077.05],[597694.17,4094074.18],[597692.46,4094068.49],[597691.6,4094065.62],[597690.73,4094062.7],[597684.66,4094064.52],[597684.38,4094064.6]]]}},{"type":"Feature","properties":{"id":"7843018WF9974S_part24","floors":6,"height":18.6,"heightSource":"Catastro:numberOfFloorsAboveGround"},"geometry":{"type":"Polygon","coordinates":[[[597687.1165,4094091.9025],[597692.3175,4094090.2575],[597692.9895,4094090.068],[597691.3415,4094084.5985],[597690.4515,4094084.8645],[597689.5805,4094085.0105],[597688.86,4094085.1],[597687.8,4094085.09],[597686.74,4094084.94],[597686.23,4094084.82],[597685.72,4094084.66],[597684.8325,4094084.2835],[597687.1165,4094091.9025]]]}},{"type":"Feature","properties":{"id":"7843018WF9974S_part25","floors":2,"height":6.2,"heightSource":"Catastro:numberOfFloorsAboveGround"},"geometry":{"type":"Polygon","coordinates":[[[597688.94,4094046.28],[597692.81,4094059.21],[597699.27,4094057.27],[597708.6,4094054.48],[597702.2655,4094033.3765],[597700.9635,4094033.8605],[597698.3835,4094034.7675],[597695.3365,4094035.8065],[597693.1925,4094036.4345],[597690.1635,4094037.2895],[597692.1,4094043.77],[597694.96,4094042.91],[597695.4,4094044.35],[597695.83,4094045.79],[597692.96,4094046.64],[597692.53,4094045.21],[597688.94,4094046.28]],[[597694.67,4094052.33],[597697.53,4094051.47],[597698.39,4094054.34],[597695.53,4094055.2],[597694.67,4094052.33]]]}},{"type":"Feature","properties":{"id":"7843018WF9974S_part26","floors":4,"height":12.4,"heightSource":"Catastro:numberOfFloorsAboveGround"},"geometry":{"type":"Polygon","coordinates":[[[597692.24,4094084.33],[597691.4045,4094081.5715],[597690.5,4094081.804],[597691.3415,4094084.5985],[597692.24,4094084.33]]]}},{"type":"Feature","properties":{"id":"7843018WF9974S_part27","floors":4,"height":12.4,"heightSource":"Catastro:numberOfFloorsAboveGround"},"geometry":{"type":"Polygon","coordinates":[[[597690.73,4094062.7],[597691.6,4094065.62],[597694.48,4094064.76],[597694.91,4094066.19],[597695.34,4094067.63],[597692.46,4094068.49],[597694.17,4094074.18],[597697.04,4094073.32],[597697.47,4094074.75],[597697.9,4094076.19],[597695.03,4094077.05],[597696.74,4094082.76],[597699.61,4094081.89],[597700.47,4094084.77],[597697.6,4094085.63],[597698.48,4094088.5605],[597704.959,4094086.657],[597704.07,4094083.69],[597703.21,4094080.82],[597701.5,4094075.11],[597700.63,4094072.24],[597698.93,4094066.55],[597698.07,4094063.68],[597697.2,4094060.76],[597690.73,4094062.7]]]}},{"type":"Feature","properties":{"id":"7843018WF9974S_part28","floors":1,"height":3.1,"heightSource":"Catastro:numberOfFloorsAboveGround"},"geometry":{"type":"Polygon","coordinates":[[[597695.34,4094067.63],[597694.91,4094066.19],[597694.48,4094064.76],[597691.6,4094065.62],[597692.46,4094068.49],[597695.34,4094067.63]]]}},{"type":"Feature","properties":{"id":"7843018WF9974S_part29","floors":1,"height":3.1,"heightSource":"Catastro:numberOfFloorsAboveGround"},"geometry":{"type":"Polygon","coordinates":[[[597697.9,4094076.19],[597697.47,4094074.75],[597697.04,4094073.32],[597694.17,4094074.18],[597695.03,4094077.05],[597697.9,4094076.19]]]}},{"type":"Feature","properties":{"id":"7843018WF9974S_part30","floors":1,"height":3.1,"heightSource":"Catastro:numberOfFloorsAboveGround"},"geometry":{"type":"Polygon","coordinates":[[[597700.47,4094084.77],[597699.61,4094081.89],[597696.74,4094082.76],[597697.6,4094085.63],[597700.47,4094084.77]]]}},{"type":"Feature","properties":{"id":"7843018WF9974S_part31","floors":3,"height":9.3,"heightSource":"Catastro:numberOfFloorsAboveGround"},"geometry":{"type":"Polygon","coordinates":[[[597697.2,4094060.76],[597698.07,4094063.68],[597700.94,4094062.82],[597701.8,4094065.69],[597698.93,4094066.55],[597700.63,4094072.24],[597703.51,4094071.38],[597704.37,4094074.25],[597701.5,4094075.11],[597703.21,4094080.82],[597706.08,4094079.96],[597706.51,4094081.39],[597706.94,4094082.83],[597704.07,4094083.69],[597704.959,4094086.657],[597708.1085,4094085.7315],[597709.2905,4094085.3845],[597713.6895,4094084.0375],[597705.94,4094058.14],[597700.06,4094059.9],[597697.2,4094060.76]]]}},{"type":"Feature","properties":{"id":"7843018WF9974S_part32","floors":2,"height":6.2,"heightSource":"Catastro:numberOfFloorsAboveGround"},"geometry":{"type":"Polygon","coordinates":[[[597703.6175,4094032.8765],[597702.2655,4094033.3765],[597708.6,4094054.48],[597710.13,4094054.02],[597703.7785,4094032.8135],[597703.6175,4094032.8765]]]}},{"type":"Feature","properties":{"id":"7843018WF9974S_part33","floors":1,"height":3.1,"heightSource":"Catastro:numberOfFloorsAboveGround"},"geometry":{"type":"Polygon","coordinates":[[[597703.7785,4094032.8135],[597710.13,4094054.02],[597710.44,4094053.93],[597704.0805,4094032.6955],[597703.7785,4094032.8135]]]}},{"type":"Feature","properties":{"id":"7843018WF9974S_part34","floors":2,"height":6.2,"heightSource":"Catastro:numberOfFloorsAboveGround"},"geometry":{"type":"Polygon","coordinates":[[[597705.94,4094058.14],[597713.6895,4094084.0375],[597717.1495,4094082.9785],[597709.39,4094057.11],[597705.94,4094058.14]]]}},{"type":"Feature","properties":{"id":"7843018WF9974S_part35","floors":2,"height":6.2,"heightSource":"Catastro:numberOfFloorsAboveGround"},"geometry":{"type":"Polygon","coordinates":[[[597709.39,4094057.11],[597717.1495,4094082.9785],[597718.671,4094082.5125],[597710.92,4094056.65],[597709.39,4094057.11]]]}},{"type":"Feature","properties":{"id":"7843018WF9974S_part36","floors":1,"height":3.1,"heightSource":"Catastro:numberOfFloorsAboveGround"},"geometry":{"type":"Polygon","coordinates":[[[597711.23,4094056.56],[597710.92,4094056.65],[597718.671,4094082.5125],[597718.9705,4094082.421],[597711.23,4094056.56]]]}},{"type":"Feature","properties":{"id":"7843019WF9974N_part1","floors":2,"height":6.2,"heightSource":"Catastro:numberOfFloorsAboveGround"},"geometry":{"type":"Polygon","coordinates":[[[597636.5335,4094048.14],[597641.7045,4094047.715],[597641.5615,4094046.33],[597641.3515,4094044.284],[597640.7735,4094044.272],[597637.6285,4094044.165],[597636.1335,4094044.096],[597636.5335,4094048.14]]]}},{"type":"Feature","properties":{"id":"7843019WF9974N_part2","floors":3,"height":9.3,"heightSource":"Catastro:numberOfFloorsAboveGround"},"geometry":{"type":"Polygon","coordinates":[[[597636.5335,4094048.14],[597636.6575,4094049.384],[597641.9095,4094048.948],[597641.7855,4094047.709],[597641.7045,4094047.715],[597636.5335,4094048.14]]]}},{"type":"Feature","properties":{"id":"7843019WF9974N_part3","floors":3,"height":9.3,"heightSource":"Catastro:numberOfFloorsAboveGround"},"geometry":{"type":"Polygon","coordinates":[[[597636.6575,4094049.384],[597636.7165,4094049.976],[597641.2635,4094049.594],[597641.9695,4094049.534],[597641.9095,4094048.948],[597636.6575,4094049.384]]]}},{"type":"Feature","properties":{"id":"7843019WF9974N_part4","floors":3,"height":9.3,"heightSource":"Catastro:numberOfFloorsAboveGround"},"geometry":{"type":"Polygon","coordinates":[[[597636.7165,4094049.976],[597636.7815,4094050.634],[597639.9405,4094050.375],[597640.2235,4094053.172],[597641.6085,4094053.055],[597641.2635,4094049.594],[597636.7165,4094049.976]]]}},{"type":"Feature","properties":{"id":"7843019WF9974N_part5","floors":3,"height":9.3,"heightSource":"Catastro:numberOfFloorsAboveGround"},"geometry":{"type":"Polygon","coordinates":[[[597640.2235,4094053.172],[597639.9405,4094050.375],[597636.7815,4094050.634],[597637.1535,4094054.381],[597641.9495,4094053.976],[597641.8625,4094053.034],[597641.6085,4094053.055],[597640.2235,4094053.172]]]}},{"type":"Feature","properties":{"id":"7843019WF9974N_part6","floors":5,"height":15.5,"heightSource":"Catastro:numberOfFloorsAboveGround"},"geometry":{"type":"Polygon","coordinates":[[[597637.1535,4094054.381],[597637.2055,4094054.902],[597640.3725,4094054.643],[597640.5315,4094056.272],[597642.1495,4094056.136],[597642.0305,4094054.849],[597641.9495,4094053.976],[597637.1535,4094054.381]]]}},{"type":"Feature","properties":{"id":"7843019WF9974N_part7","floors":4,"height":12.4,"heightSource":"Catastro:numberOfFloorsAboveGround"},"geometry":{"type":"Polygon","coordinates":[[[597640.3725,4094054.643],[597637.2055,4094054.902],[597637.3685,4094056.541],[597640.5315,4094056.272],[597640.3725,4094054.643]]]}},{"type":"Feature","properties":{"id":"7843019WF9974N_part8","floors":5,"height":15.5,"heightSource":"Catastro:numberOfFloorsAboveGround"},"geometry":{"type":"Polygon","coordinates":[[[597637.3685,4094056.541],[597638.3595,4094066.499],[597646.2995,4094065.833],[597646.2855,4094065.701],[597650.7085,4094065.33],[597650.1715,4094060.061],[597649.8335,4094056.742],[597649.7095,4094055.514],[597646.7005,4094055.765],[597646.8205,4094056.975],[597645.2235,4094057.105],[597645.2655,4094057.532],[597643.7665,4094057.633],[597643.9225,4094059.236],[597642.4495,4094059.355],[597642.2615,4094057.342],[597640.6495,4094057.475],[597640.5315,4094056.272],[597637.3685,4094056.541]]]}},{"type":"Feature","properties":{"id":"7843019WF9974N_part9","floors":4,"height":12.4,"heightSource":"Catastro:numberOfFloorsAboveGround"},"geometry":{"type":"Polygon","coordinates":[[[597646.2855,4094065.701],[597646.2995,4094065.833],[597638.3595,4094066.499],[597638.5545,4094068.454],[597651.0235,4094067.409],[597650.9365,4094066.588],[597650.8365,4094066.596],[597650.7085,4094065.33],[597646.2855,4094065.701]]]}},{"type":"Feature","properties":{"id":"7843019WF9974N_part11","floors":2,"height":6.2,"heightSource":"Catastro:numberOfFloorsAboveGround"},"geometry":{"type":"Polygon","coordinates":[[[597641.2635,4094049.594],[597641.6085,4094053.055],[597641.8625,4094053.034],[597641.9495,4094053.976],[597642.0305,4094054.849],[597642.5045,4094054.812],[597641.9695,4094049.534],[597641.2635,4094049.594]]]}},{"type":"Feature","properties":{"id":"7843019WF9974N_part12","floors":1,"height":3.1,"heightSource":"Catastro:numberOfFloorsAboveGround"},"geometry":{"type":"Polygon","coordinates":[[[597641.5615,4094046.33],[597643.7065,4094046.159],[597643.5325,4094044.319],[597642.3335,4094044.306],[597641.3515,4094044.284],[597641.5615,4094046.33]]]}},{"type":"Feature","properties":{"id":"7843019WF9974N_part13","floors":2,"height":6.2,"heightSource":"Catastro:numberOfFloorsAboveGround"},"geometry":{"type":"Polygon","coordinates":[[[597641.5615,4094046.33],[597641.7045,4094047.715],[597641.7855,4094047.709],[597641.9095,4094048.948],[597641.9695,4094049.534],[597643.9515,4094049.368],[597643.8925,4094048.784],[597643.7695,4094047.562],[597643.8385,4094047.556],[597643.7065,4094046.159],[597641.5615,4094046.33]]]}},{"type":"Feature","properties":{"id":"7843019WF9974N_part14","floors":2,"height":6.2,"heightSource":"Catastro:numberOfFloorsAboveGround"},"geometry":{"type":"Polygon","coordinates":[[[597642.1495,4094056.136],[597642.2615,4094057.342],[597642.4495,4094059.355],[597643.9225,4094059.236],[597643.7665,4094057.633],[597645.2655,4094057.532],[597645.2235,4094057.105],[597645.1045,4094055.899],[597642.1495,4094056.136]]]}},{"type":"Feature","properties":{"id":"7843019WF9974N_part15","floors":1,"height":3.1,"heightSource":"Catastro:numberOfFloorsAboveGround"},"geometry":{"type":"Polygon","coordinates":[[[597641.9695,4094049.534],[597642.5045,4094054.812],[597642.0305,4094054.849],[597642.1495,4094056.136],[597645.1045,4094055.899],[597644.9795,4094054.625],[597644.4865,4094054.662],[597643.9515,4094049.368],[597641.9695,4094049.534]]]}},{"type":"Feature","properties":{"id":"7843019WF9974N_part16","floors":2,"height":6.2,"heightSource":"Catastro:numberOfFloorsAboveGround"},"geometry":{"type":"Polygon","coordinates":[[[597643.7065,4094046.159],[597643.8385,4094047.556],[597648.8595,4094047.146],[597648.8405,4094046.957],[597648.7725,4094046.29],[597648.5655,4094044.243],[597647.0415,4094044.293],[597645.4675,4094044.312],[597643.9075,4094044.324],[597643.5325,4094044.319],[597643.7065,4094046.159]]]}},{"type":"Feature","properties":{"id":"7843019WF9974N_part17","floors":3,"height":9.3,"heightSource":"Catastro:numberOfFloorsAboveGround"},"geometry":{"type":"Polygon","coordinates":[[[597643.7695,4094047.562],[597643.8925,4094048.784],[597648.9835,4094048.363],[597648.8595,4094047.146],[597643.8385,4094047.556],[597643.7695,4094047.562]]]}},{"type":"Feature","properties":{"id":"7843019WF9974N_part18","floors":3,"height":9.3,"heightSource":"Catastro:numberOfFloorsAboveGround"},"geometry":{"type":"Polygon","coordinates":[[[597643.8925,4094048.784],[597643.9515,4094049.368],[597644.6285,4094049.311],[597649.0425,4094048.943],[597648.9835,4094048.363],[597643.8925,4094048.784]]]}},{"type":"Feature","properties":{"id":"7843019WF9974N_part19","floors":2,"height":6.2,"heightSource":"Catastro:numberOfFloorsAboveGround"},"geometry":{"type":"Polygon","coordinates":[[[597643.9515,4094049.368],[597644.4865,4094054.662],[597644.9795,4094054.625],[597644.8905,4094053.728],[597644.8035,4094052.822],[597644.9825,4094052.805],[597644.6285,4094049.311],[597643.9515,4094049.368]]]}},{"type":"Feature","properties":{"id":"7843019WF9974N_part20","floors":3,"height":9.3,"heightSource":"Catastro:numberOfFloorsAboveGround"},"geometry":{"type":"Polygon","coordinates":[[[597644.6285,4094049.311],[597644.9825,4094052.805],[597646.3945,4094052.675],[597646.1165,4094049.891],[597649.1115,4094049.632],[597649.0425,4094048.943],[597644.6285,4094049.311]]]}},{"type":"Feature","properties":{"id":"7843019WF9974N_part21","floors":3,"height":9.3,"heightSource":"Catastro:numberOfFloorsAboveGround"},"geometry":{"type":"Polygon","coordinates":[[[597644.8035,4094052.822],[597644.8905,4094053.728],[597649.4875,4094053.341],[597649.4625,4094053.086],[597649.3305,4094051.779],[597649.1115,4094049.632],[597646.1165,4094049.891],[597646.3945,4094052.675],[597644.9825,4094052.805],[597644.8035,4094052.822]]]}},{"type":"Feature","properties":{"id":"7843019WF9974N_part22","floors":5,"height":15.5,"heightSource":"Catastro:numberOfFloorsAboveGround"},"geometry":{"type":"Polygon","coordinates":[[[597644.8905,4094053.728],[597644.9795,4094054.625],[597645.1045,4094055.899],[597646.7005,4094055.765],[597646.5405,4094054.14],[597649.5435,4094053.884],[597649.4875,4094053.341],[597644.8905,4094053.728]]]}},{"type":"Feature","properties":{"id":"7843019WF9974N_part24","floors":4,"height":12.4,"heightSource":"Catastro:numberOfFloorsAboveGround"},"geometry":{"type":"Polygon","coordinates":[[[597646.5405,4094054.14],[597646.7005,4094055.765],[597649.7095,4094055.514],[597649.5435,4094053.884],[597646.5405,4094054.14]]]}},{"type":"Feature","properties":{"id":"7843019WF9974N_part25","floors":1,"height":3.1,"heightSource":"Catastro:numberOfFloorsAboveGround"},"geometry":{"type":"Polygon","coordinates":[[[597653.3315,4094044.016],[597651.7905,4094044.111],[597650.1705,4094044.182],[597648.6985,4094044.239],[597648.5655,4094044.243],[597648.7725,4094046.29],[597653.7455,4094045.874],[597653.5565,4094044.001],[597653.3315,4094044.016]]]}},{"type":"Feature","properties":{"id":"7843019WF9974N_part26","floors":2,"height":6.2,"heightSource":"Catastro:numberOfFloorsAboveGround"},"geometry":{"type":"Polygon","coordinates":[[[597648.7725,4094046.29],[597648.8405,4094046.957],[597653.8145,4094046.546],[597653.7455,4094045.874],[597648.7725,4094046.29]]]}},{"type":"Feature","properties":{"id":"7843019WF9974N_part27","floors":2,"height":6.2,"heightSource":"Catastro:numberOfFloorsAboveGround"},"geometry":{"type":"Polygon","coordinates":[[[597653.8145,4094046.546],[597648.8405,4094046.957],[597648.8595,4094047.146],[597648.9835,4094048.363],[597651.9385,4094048.105],[597654.0345,4094047.923],[597653.8355,4094045.867],[597653.7455,4094045.874],[597653.8145,4094046.546]]]}},{"type":"Feature","properties":{"id":"7843019WF9974N_part28","floors":3,"height":9.3,"heightSource":"Catastro:numberOfFloorsAboveGround"},"geometry":{"type":"Polygon","coordinates":[[[597648.9835,4094048.363],[597649.0425,4094048.943],[597649.1115,4094049.632],[597649.3305,4094051.779],[597653.9335,4094051.414],[597653.9255,4094051.318],[597653.9125,4094051.18],[597652.2655,4094051.315],[597651.9385,4094048.105],[597648.9835,4094048.363]]]}},{"type":"Feature","properties":{"id":"7843019WF9974N_part29","floors":4,"height":12.4,"heightSource":"Catastro:numberOfFloorsAboveGround"},"geometry":{"type":"Polygon","coordinates":[[[597649.3305,4094051.779],[597649.4625,4094053.086],[597652.4405,4094052.842],[597652.7215,4094055.667],[597654.3165,4094055.552],[597653.9335,4094051.414],[597649.3305,4094051.779]]]}},{"type":"Feature","properties":{"id":"7843019WF9974N_part30","floors":4,"height":12.4,"heightSource":"Catastro:numberOfFloorsAboveGround"},"geometry":{"type":"Polygon","coordinates":[[[597652.7215,4094055.667],[597652.4405,4094052.842],[597649.4625,4094053.086],[597649.4875,4094053.341],[597649.5435,4094053.884],[597649.7095,4094055.514],[597649.8335,4094056.742],[597654.3915,4094056.362],[597654.3165,4094055.552],[597652.7215,4094055.667]]]}},{"type":"Feature","properties":{"id":"7843019WF9974N_part31","floors":4,"height":12.4,"heightSource":"Catastro:numberOfFloorsAboveGround"},"geometry":{"type":"Polygon","coordinates":[[[597649.8335,4094056.742],[597650.1715,4094060.061],[597654.5695,4094059.693],[597654.3605,4094057.581],[597654.5035,4094057.569],[597654.3915,4094056.362],[597649.8335,4094056.742]]]}},{"type":"Feature","properties":{"id":"7843019WF9974N_part32","floors":3,"height":9.3,"heightSource":"Catastro:numberOfFloorsAboveGround"},"geometry":{"type":"Polygon","coordinates":[[[597650.1715,4094060.061],[597650.7085,4094065.33],[597650.8365,4094066.596],[597650.9365,4094066.588],[597663.0785,4094065.5515],[597663.0175,4094064.9695],[597669.1055,4094064.4835],[597668.9145,4094062.5215],[597669.9225,4094062.4435],[597669.2495,4094055.6935],[597667.9235,4094055.8035],[597668.2615,4094059.1815],[597667.6495,4094059.2325],[597667.9825,4094062.6105],[597667.1005,4094062.6845],[597667.0945,4094062.6175],[597662.6425,4094062.9895],[597662.7015,4094063.5835],[597658.2435,4094063.964],[597655.0185,4094064.239],[597654.5695,4094059.693],[597650.1715,4094060.061]]]}},{"type":"Feature","properties":{"id":"7843019WF9974N_part33","floors":3,"height":9.3,"heightSource":"Catastro:numberOfFloorsAboveGround"},"geometry":{"type":"Polygon","coordinates":[[[597651.9385,4094048.105],[597652.2655,4094051.315],[597653.9125,4094051.18],[597653.9255,4094051.318],[597654.3715,4094051.282],[597654.0345,4094047.923],[597651.9385,4094048.105]]]}},{"type":"Feature","properties":{"id":"7843019WF9974N_part34","floors":1,"height":3.1,"heightSource":"Catastro:numberOfFloorsAboveGround"},"geometry":{"type":"Polygon","coordinates":[[[597655.6145,4094043.85],[597655.3865,4094043.866],[597655.1425,4094043.88],[597654.8035,4094043.903],[597654.3955,4094043.942],[597654.1475,4094043.952],[597653.6345,4094043.997],[597653.5565,4094044.001],[597653.7455,4094045.874],[597653.8355,4094045.867],[597654.0345,4094047.923],[597654.3715,4094051.282],[597653.9255,4094051.318],[597653.9335,4094051.414],[597654.3165,4094055.552],[597654.3915,4094056.362],[597654.5035,4094057.569],[597656.0975,4094057.442],[597655.9605,4094055.988],[597657.3435,4094055.879],[597657.3075,4094055.528],[597657.4075,4094055.519],[597657.3855,4094055.293],[597656.9705,4094051.084],[597656.3475,4094051.135],[597655.9965,4094047.602],[597655.8075,4094045.7],[597655.8815,4094045.693],[597655.6935,4094043.84],[597655.6145,4094043.85]]]}},{"type":"Feature","properties":{"id":"7843019WF9974N_part35","floors":5,"height":15.5,"heightSource":"Catastro:numberOfFloorsAboveGround"},"geometry":{"type":"Polygon","coordinates":[[[597654.3605,4094057.581],[597654.5695,4094059.693],[597655.0185,4094064.239],[597658.2435,4094063.964],[597657.4075,4094055.519],[597657.3075,4094055.528],[597657.3435,4094055.879],[597655.9605,4094055.988],[597656.0975,4094057.442],[597654.5035,4094057.569],[597654.3605,4094057.581]]]}},{"type":"Feature","properties":{"id":"7843019WF9974N_part36","floors":1,"height":3.1,"heightSource":"Catastro:numberOfFloorsAboveGround"},"geometry":{"type":"Polygon","coordinates":[[[597664.2605,4094042.857],[597660.8395,4094043.315],[597660.5285,4094043.349],[597660.0475,4094043.395],[597659.6545,4094043.442],[597659.1535,4094043.499],[597658.7155,4094043.545],[597658.2755,4094043.587],[597657.8415,4094043.629],[597657.3665,4094043.677],[597656.9185,4094043.72],[597656.5115,4094043.759],[597656.0485,4094043.799],[597655.6935,4094043.84],[597655.8815,4094045.693],[597660.8935,4094045.279],[597660.8345,4094044.676],[597664.7105,4094044.359],[597664.5545,4094042.819],[597664.2605,4094042.857]]]}},{"type":"Feature","properties":{"id":"7843019WF9974N_part37","floors":2,"height":6.2,"heightSource":"Catastro:numberOfFloorsAboveGround"},"geometry":{"type":"Polygon","coordinates":[[[597655.8075,4094045.7],[597655.9965,4094047.602],[597658.0755,4094047.428],[597664.0485,4094046.912],[597665.6595,4094046.7675],[597665.5395,4094045.58],[597664.8405,4094045.637],[597655.9505,4094046.369],[597655.8815,4094045.693],[597655.8075,4094045.7]]]}},{"type":"Feature","properties":{"id":"7843019WF9974N_part38","floors":2,"height":6.2,"heightSource":"Catastro:numberOfFloorsAboveGround"},"geometry":{"type":"Polygon","coordinates":[[[597660.8345,4094044.676],[597660.8935,4094045.279],[597655.8815,4094045.693],[597655.9505,4094046.369],[597664.8405,4094045.637],[597664.7105,4094044.359],[597660.8345,4094044.676]]]}},{"type":"Feature","properties":{"id":"7843019WF9974N_part39","floors":3,"height":9.3,"heightSource":"Catastro:numberOfFloorsAboveGround"},"geometry":{"type":"Polygon","coordinates":[[[597655.9965,4094047.602],[597656.3475,4094051.135],[597656.9705,4094051.084],[597656.9555,4094050.931],[597658.4255,4094050.809],[597658.3875,4094050.449],[597658.0755,4094047.428],[597655.9965,4094047.602]]]}},{"type":"Feature","properties":{"id":"7843019WF9974N_part40","floors":4,"height":12.4,"heightSource":"Catastro:numberOfFloorsAboveGround"},"geometry":{"type":"Polygon","coordinates":[[[597658.4255,4094050.809],[597656.9555,4094050.931],[597656.9705,4094051.084],[597657.3855,4094055.293],[597658.8755,4094055.176],[597658.5325,4094051.754],[597664.3185,4094051.2595],[597664.5995,4094054.0925],[597666.3875,4094053.9485],[597666.1355,4094051.4625],[597665.9675,4094049.8095],[597658.3875,4094050.449],[597658.4255,4094050.809]]]}},{"type":"Feature","properties":{"id":"7843019WF9974N_part41","floors":4,"height":12.4,"heightSource":"Catastro:numberOfFloorsAboveGround"},"geometry":{"type":"Polygon","coordinates":[[[597657.4075,4094055.519],[597658.2435,4094063.964],[597662.7015,4094063.5835],[597662.6425,4094062.9895],[597667.0945,4094062.6175],[597666.4305,4094055.9265],[597666.2985,4094055.9375],[597666.1815,4094054.7705],[597657.4075,4094055.519]]]}},{"type":"Feature","properties":{"id":"7843019WF9974N_part42","floors":3,"height":9.3,"heightSource":"Catastro:numberOfFloorsAboveGround"},"geometry":{"type":"Polygon","coordinates":[[[597658.0755,4094047.428],[597658.3875,4094050.449],[597665.9675,4094049.8095],[597665.9585,4094049.7185],[597665.9435,4094049.5735],[597664.3385,4094049.712],[597664.0485,4094046.912],[597658.0755,4094047.428]]]}},{"type":"Feature","properties":{"id":"7843019WF9974N_part43","floors":3,"height":9.3,"heightSource":"Catastro:numberOfFloorsAboveGround"},"geometry":{"type":"Polygon","coordinates":[[[597664.0485,4094046.912],[597664.3385,4094049.712],[597665.9435,4094049.5735],[597665.6595,4094046.7675],[597664.0485,4094046.912]]]}},{"type":"Feature","properties":{"id":"7843019WF9974N_part44","floors":5,"height":15.5,"heightSource":"Catastro:numberOfFloorsAboveGround"},"geometry":{"type":"Polygon","coordinates":[[[597666.1335,4094054.2845],[597666.1815,4094054.7705],[597666.2985,4094055.9375],[597666.4305,4094055.9265],[597667.0945,4094062.6175],[597667.1005,4094062.6845],[597667.9825,4094062.6105],[597667.6495,4094059.2325],[597668.2615,4094059.1815],[597667.9235,4094055.8035],[597667.8075,4094055.8135],[597667.6425,4094054.1595],[597666.4195,4094054.2605],[597666.1335,4094054.2845]]]}},{"type":"Feature","properties":{"id":"7843019WF9974N_part45","floors":4,"height":12.4,"heightSource":"Catastro:numberOfFloorsAboveGround"},"geometry":{"type":"Polygon","coordinates":[[[597664.5995,4094054.0925],[597664.3185,4094051.2595],[597658.5325,4094051.754],[597658.8755,4094055.176],[597657.3855,4094055.293],[597657.4075,4094055.519],[597666.1815,4094054.7705],[597666.1335,4094054.2845],[597666.4195,4094054.2605],[597666.3875,4094053.9485],[597664.5995,4094054.0925]]]}},{"type":"Feature","properties":{"id":"7844004WF9974S_part1","floors":1,"height":3.1,"heightSource":"Catastro:numberOfFloorsAboveGround"},"geometry":{"type":"Polygon","coordinates":[[[597659.11,4094216.42],[597658.51,4094215.89],[597661.76,4094212.64],[597662.31,4094213.22],[597667.11,4094208.42],[597663.22,4094204.53],[597660.49,4094207.23],[597658.48,4094205.2],[597661.61,4094202.02],[597657.86,4094198.18],[597659.46,4094196.6],[597655.77,4094193.26],[597650.74,4094198.45],[597653.33,4094201.32],[597650.13,4094204.7],[597654.03,4094208.39],[597651.56,4094211.0],[597654.45,4094213.73],[597650.03,4094218.43],[597653.87,4094222.01],[597659.11,4094216.42]]]}},{"type":"Feature","properties":{"id":"7844004WF9974S_part2","floors":1,"height":3.1,"heightSource":"Catastro:numberOfFloorsAboveGround"},"geometry":{"type":"Polygon","coordinates":[[[597669.27,4094238.24],[597673.26,4094242.11],[597677.71,4094237.52],[597673.72,4094233.65],[597669.27,4094238.24]]]}},{"type":"Feature","properties":{"id":"7846003WF9974N_part1","floors":2,"height":6.2,"heightSource":"Catastro:numberOfFloorsAboveGround"},"geometry":{"type":"Polygon","coordinates":[[[597736.579,4094366.8235],[597734.059,4094367.5735],[597736.279,4094373.933],[597740.699,4094372.393],[597740.279,4094371.073],[597742.159,4094370.513],[597741.109,4094367.363],[597742.359,4094367.123],[597741.739,4094364.903],[597740.379,4094365.333],[597739.4685,4094362.502],[597735.539,4094363.8735],[597736.579,4094366.8235]]]}},{"type":"Feature","properties":{"id":"7846003WF9974N_part2","floors":1,"height":3.1,"heightSource":"Catastro:numberOfFloorsAboveGround"},"geometry":{"type":"Polygon","coordinates":[[[597742.619,4094361.403],[597739.4685,4094362.502],[597740.379,4094365.333],[597741.739,4094364.903],[597743.669,4094364.283],[597742.619,4094361.403]]]}},{"type":"Feature","properties":{"id":"7846004WF9974N_part1","floors":1,"height":3.1,"heightSource":"Catastro:numberOfFloorsAboveGround"},"geometry":{"type":"Polygon","coordinates":[[[597743.0595,4094362.611],[597743.669,4094364.283],[597745.489,4094369.533],[597746.359,4094372.243],[597751.918,4094370.2525],[597748.623,4094360.618],[597743.0595,4094362.611]]]}},{"type":"Feature","properties":{"id":"7846004WF9974N_part2","floors":1,"height":3.1,"heightSource":"Catastro:numberOfFloorsAboveGround"},"geometry":{"type":"Polygon","coordinates":[[[597748.623,4094360.618],[597751.918,4094370.2525],[597756.329,4094368.673],[597753.0345,4094359.039],[597748.623,4094360.618]]]}},{"type":"Feature","properties":{"id":"7846301WF9974N_part1","floors":1,"height":3.1,"heightSource":"Catastro:numberOfFloorsAboveGround"},"geometry":{"type":"Polygon","coordinates":[[[597709.2191,4094401.2757],[597710.28345,4094404.1152],[597713.1184,4094403.1298],[597712.05125,4094400.28025],[597711.9848,4094400.30295],[597709.2191,4094401.2757]]]}},{"type":"Feature","properties":{"id":"7846301WF9974N_part2","floors":1,"height":3.1,"heightSource":"Catastro:numberOfFloorsAboveGround"},"geometry":{"type":"Polygon","coordinates":[[[597716.8306,4094403.919],[597717.3,4094405.1715],[597715.316,4094405.8646],[597715.87285,4094407.35185],[597716.72385,4094407.05555],[597717.452406816,4094409.0],[597718.7346801921,4094409.0],[597717.54615,4094405.8285],[597720.29155,4094404.8683],[597719.54425,4094402.97025],[597716.8306,4094403.919]]]}},{"type":"Feature","properties":{"id":"7846301WF9974N_part4","floors":2,"height":6.2,"heightSource":"Catastro:numberOfFloorsAboveGround"},"geometry":{"type":"Polygon","coordinates":[[[597711.6784,4094399.41395],[597710.6023,4094396.30095],[597709.5418,4094396.6922],[597707.076,4094397.60185],[597704.6084,4094398.47345],[597693.6192,4094402.3879],[597688.4622,4094404.2168],[597686.33425,4094404.98255],[597687.6942734873,4094409.0],[597691.9811641948,4094409.0],[597691.32725,4094407.14075],[597694.0854,4094406.19485],[597694.21315,4094406.5634],[597697.8219,4094405.2912],[597697.0743,4094403.12805],[597698.53385,4094402.6067],[597698.8906,4094403.6399],[597705.95555,4094401.12045],[597705.59785,4094400.0862],[597707.05735,4094399.56685],[597707.8181,4094401.77025],[597709.2191,4094401.2757],[597711.9848,4094400.30295],[597711.94605,4094400.18815],[597711.6784,4094399.41395]]]}},{"type":"Feature","properties":{"id":"7846301WF9974N_part5","floors":3,"height":9.3,"heightSource":"Catastro:numberOfFloorsAboveGround"},"geometry":{"type":"Polygon","coordinates":[[[597694.0854,4094406.19485],[597691.32725,4094407.14075],[597691.9811641948,4094409.0],[597693.2970434782,4094409.0],[597694.86895,4094408.4607],[597694.21315,4094406.5634],[597694.0854,4094406.19485]]]}},{"type":"Feature","properties":{"id":"7846301WF9974N_part6","floors":2,"height":6.2,"heightSource":"Catastro:numberOfFloorsAboveGround"},"geometry":{"type":"MultiPolygon","coordinates":[[[[597694.21315,4094406.5634],[597694.86895,4094408.4607],[597695.055179146,4094409.0],[597698.0529159838,4094409.0],[597698.59075,4094408.812],[597698.6611762948,4094409.0],[597706.4523817678,4094409.0],[597706.4402,4094408.9675],[597710.40635,4094407.5773],[597710.9393974252,4094409.0],[597717.452406816,4094409.0],[597716.72385,4094407.05555],[597715.87285,4094407.35185],[597715.316,4094405.8646],[597717.3,4094405.1715],[597716.8306,4094403.919],[597719.54425,4094402.97025],[597718.35165,4094399.9412],[597715.68835,4094400.86995],[597715.03175,4094399.1157],[597714.0615,4094399.4529],[597711.94605,4094400.18815],[597711.9848,4094400.30295],[597712.05125,4094400.28025],[597713.1184,4094403.1298],[597710.28345,4094404.1152],[597709.2191,4094401.2757],[597707.8181,4094401.77025],[597703.1831,4094403.40135],[597704.23125,4094406.1985],[597701.40485,4094407.2081],[597700.35295,4094404.39885],[597697.8219,4094405.2912],[597694.21315,4094406.5634]]],[[[597720.29155,4094404.8683],[597717.54615,4094405.8285],[597718.7346801921,4094409.0],[597721.9187250407,4094409.0],[597720.29155,4094404.8683]]]]}},{"type":"Feature","properties":{"id":"7846301WF9974N_part8","floors":3,"height":9.3,"heightSource":"Catastro:numberOfFloorsAboveGround"},"geometry":{"type":"Polygon","coordinates":[[[597707.05735,4094399.56685],[597705.59785,4094400.0862],[597705.95555,4094401.12045],[597698.8906,4094403.6399],[597698.53385,4094402.6067],[597697.0743,4094403.12805],[597697.8219,4094405.2912],[597700.35295,4094404.39885],[597703.1831,4094403.40135],[597707.8181,4094401.77025],[597707.05735,4094399.56685]]]}},{"type":"Feature","properties":{"id":"7846301WF9974N_part10","floors":1,"height":3.1,"heightSource":"Catastro:numberOfFloorsAboveGround"},"geometry":{"type":"Polygon","coordinates":[[[597710.40635,4094407.5773],[597706.4402,4094408.9675],[597706.4523817678,4094409.0],[597710.9393974252,4094409.0],[597710.40635,4094407.5773]]]}},{"type":"Feature","properties":{"id":"7846302WF9974N_part1","floors":1,"height":3.1,"heightSource":"Catastro:numberOfFloorsAboveGround"},"geometry":{"type":"Polygon","coordinates":[[[597710.6023,4094396.30095],[597711.6784,4094399.41395],[597711.94605,4094400.18815],[597714.0615,4094399.4529],[597715.03175,4094399.1157],[597716.7124,4094398.53175],[597717.6663,4094398.20035],[597716.1172,4094394.2664],[597710.6023,4094396.30095]]]}},{"type":"Feature","properties":{"id":"7846305WF9974N_part1","floors":2,"height":6.2,"heightSource":"Catastro:numberOfFloorsAboveGround"},"geometry":{"type":"Polygon","coordinates":[[[597679.6216689267,4094409.0],[597684.6994671273,4094409.0],[597683.81325,4094406.3792],[597679.25655,4094407.92035],[597679.6216689267,4094409.0]]]}},{"type":"Feature","properties":{"id":"7846305WF9974N_part2","floors":1,"height":3.1,"heightSource":"Catastro:numberOfFloorsAboveGround"},"geometry":{"type":"Polygon","coordinates":[[[597686.33425,4094404.98255],[597685.2602,4094405.34075],[597679.53075,4094407.2516],[597679.29905,4094407.33705],[597679.0729,4094407.82425],[597678.83895,4094408.3282],[597679.0892755009,4094409.0],[597679.6216689267,4094409.0],[597679.25655,4094407.92035],[597683.81325,4094406.3792],[597684.6994671273,4094409.0],[597687.6942734873,4094409.0],[597686.33425,4094404.98255]]]}},{"type":"Feature","properties":{"id":"7936001WF9973S_part1","floors":1,"height":3.1,"heightSource":"Catastro:numberOfFloorsAboveGround"},"geometry":{"type":"Polygon","coordinates":[[[597695.835,4093360.913],[597693.621,4093360.879],[597693.562,4093364.717],[597695.803,4093364.751],[597695.775,4093366.552],[597701.495,4093366.639],[597701.458,4093369.028],[597708.93,4093369.143],[597709.267,4093347.161],[597696.049,4093346.879],[597695.835,4093360.913]]]}},{"type":"Feature","properties":{"id":"7936001WF9973S_part2","floors":1,"height":3.1,"heightSource":"Catastro:numberOfFloorsAboveGround"},"geometry":{"type":"Polygon","coordinates":[[[597729.893,4093221.592],[597729.775,4093223.652],[597724.693,4093223.048],[597724.392,4093227.235],[597733.201,4093228.437],[597734.162,4093222.127],[597729.893,4093221.592]]]}},{"type":"Feature","properties":{"id":"7936001WF9973S_part3","floors":1,"height":3.1,"heightSource":"Catastro:numberOfFloorsAboveGround"},"geometry":{"type":"Polygon","coordinates":[[[597725.359,4093222.914],[597729.292,4093223.052],[597729.58,4093214.786],[597725.647,4093214.649],[597725.359,4093222.914]]]}},{"type":"Feature","properties":{"id":"7936001WF9973S_part4","floors":1,"height":3.1,"heightSource":"Catastro:numberOfFloorsAboveGround"},"geometry":{"type":"Polygon","coordinates":[[[597733.108,4093229.045],[597748.126,4093231.332],[597749.469,4093222.516],[597734.451,4093220.229],[597734.162,4093222.127],[597733.201,4093228.437],[597733.108,4093229.045]]]}},{"type":"Feature","properties":{"id":"7936001WF9973S_part5","floors":1,"height":3.1,"heightSource":"Catastro:numberOfFloorsAboveGround"},"geometry":{"type":"Polygon","coordinates":[[[597750.158,4093222.022],[597750.708,4093218.25],[597742.431,4093217.044],[597741.881,4093220.816],[597750.158,4093222.022]]]}},{"type":"Feature","properties":{"id":"7936002WF9973S_part1","floors":1,"height":3.1,"heightSource":"Catastro:numberOfFloorsAboveGround"},"geometry":{"type":"Polygon","coordinates":[[[597694.538,4093213.301],[597694.055,4093213.503],[597693.594,4093213.751],[597693.159,4093214.042],[597692.754,4093214.375],[597692.384,4093214.745],[597692.052,4093215.149],[597691.76,4093215.584],[597691.512,4093216.045],[597691.31,4093216.528],[597691.156,4093217.029],[597691.051,4093217.542],[597688.591,4093262.25],[597684.499,4093334.348],[597703.101,4093335.457],[597704.626,4093334.157],[597711.148,4093213.981],[597694.538,4093213.301]]]}},{"type":"Feature","properties":{"id":"7936002WF9973S_part2","floors":1,"height":3.1,"heightSource":"Catastro:numberOfFloorsAboveGround"},"geometry":{"type":"Polygon","coordinates":[[[597714.378,4093255.874],[597713.826,4093255.803],[597711.138,4093298.088],[597712.741,4093298.278],[597712.225,4093303.11],[597717.185,4093303.362],[597717.042,4093304.465],[597719.01,4093304.571],[597718.947,4093305.778],[597725.484,4093306.272],[597725.627,4093298.979],[597735.68,4093299.612],[597738.357,4093257.549],[597724.918,4093256.645],[597726.582,4093232.888],[597715.791,4093231.898],[597714.378,4093255.874]]]}},{"type":"Feature","properties":{"id":"7936002WF9973S_part3","floors":1,"height":3.1,"heightSource":"Catastro:numberOfFloorsAboveGround"},"geometry":{"type":"Polygon","coordinates":[[[597721.526,4093342.502],[597721.56,4093339.817],[597714.373,4093339.725],[597714.338,4093342.41],[597721.526,4093342.502]]]}},{"type":"Feature","properties":{"id":"7936002WF9973S_part4","floors":1,"height":3.1,"heightSource":"Catastro:numberOfFloorsAboveGround"},"geometry":{"type":"Polygon","coordinates":[[[597724.712,4093214.36],[597715.339,4093214.024],[597714.855,4093227.537],[597724.229,4093227.873],[597724.712,4093214.36]]]}},{"type":"Feature","properties":{"id":"7936002WF9973S_part5","floors":1,"height":3.1,"heightSource":"Catastro:numberOfFloorsAboveGround"},"geometry":{"type":"Polygon","coordinates":[[[597727.312,4093329.341],[597731.917,4093325.414],[597728.352,4093321.234],[597723.747,4093325.161],[597727.312,4093329.341]]]}},{"type":"Feature","properties":{"id":"7944501WF9975N_part9","floors":1,"height":3.1,"heightSource":"Catastro:numberOfFloorsAboveGround"},"geometry":{"type":"Polygon","coordinates":[[[597895.1090594388,4094409.0],[597903.084077701,4094409.0],[597897.59,4094397.27],[597891.05,4094400.333],[597895.1090594388,4094409.0]]]}},{"type":"Feature","properties":{"id":"7944702WF9974S_part1","floors":1,"height":3.1,"heightSource":"Catastro:numberOfFloorsAboveGround"},"geometry":{"type":"Polygon","coordinates":[[[597730.35,4094201.604],[597735.25,4094218.3035],[597735.7295,4094218.1635],[597730.8035,4094201.472],[597730.35,4094201.604]]]}},{"type":"Feature","properties":{"id":"7944702WF9974S_part2","floors":3,"height":9.3,"heightSource":"Catastro:numberOfFloorsAboveGround"},"geometry":{"type":"Polygon","coordinates":[[[597732.08,4094201.104],[597730.83,4094201.464],[597735.7295,4094218.1635],[597736.98,4094217.7935],[597735.43,4094212.5135],[597733.63,4094206.3735],[597732.08,4094201.104]]]}},{"type":"Feature","properties":{"id":"7944702WF9974S_part3","floors":1,"height":3.1,"heightSource":"Catastro:numberOfFloorsAboveGround"},"geometry":{"type":"Polygon","coordinates":[[[597735.03,4094176.004],[597732.15,4094176.844],[597733.0,4094179.724],[597735.88,4094178.884],[597735.03,4094176.004]]]}},{"type":"Feature","properties":{"id":"7944702WF9974S_part4","floors":4,"height":12.4,"heightSource":"Catastro:numberOfFloorsAboveGround"},"geometry":{"type":"Polygon","coordinates":[[[597738.74,4094211.5435],[597736.94,4094205.4035],[597733.63,4094206.3735],[597735.43,4094212.5135],[597738.74,4094211.5435]]]}},{"type":"Feature","properties":{"id":"7944702WF9974S_part5","floors":2,"height":6.2,"heightSource":"Catastro:numberOfFloorsAboveGround"},"geometry":{"type":"Polygon","coordinates":[[[597734.5035,4094157.3295],[597736.33,4094163.584],[597735.66,4094163.784],[597739.34,4094176.304],[597740.01,4094176.104],[597742.46,4094184.4535],[597741.79,4094184.6535],[597743.01,4094188.8235],[597742.34,4094189.0235],[597744.79,4094197.3635],[597745.46,4094197.1735],[597746.69,4094201.3435],[597747.36,4094201.1435],[597749.81,4094209.4935],[597749.14,4094209.6935],[597750.37,4094213.8635],[597749.69,4094214.0635],[597750.921,4094218.2365],[597758.3995,4094216.042],[597740.771,4094155.9775],[597734.5035,4094157.3295]]]}},{"type":"Feature","properties":{"id":"7944702WF9974S_part6","floors":1,"height":3.1,"heightSource":"Catastro:numberOfFloorsAboveGround"},"geometry":{"type":"Polygon","coordinates":[[[597737.48,4094184.354],[597734.6,4094185.194],[597735.45,4094188.074],[597738.33,4094187.234],[597737.48,4094184.354]]]}},{"type":"Feature","properties":{"id":"7944702WF9974S_part7","floors":1,"height":3.1,"heightSource":"Catastro:numberOfFloorsAboveGround"},"geometry":{"type":"Polygon","coordinates":[[[597740.78,4094195.5735],[597739.93,4094192.6935],[597737.05,4094193.544],[597737.9,4094196.4235],[597740.78,4094195.5735]]]}},{"type":"Feature","properties":{"id":"7944702WF9974S_part8","floors":1,"height":3.1,"heightSource":"Catastro:numberOfFloorsAboveGround"},"geometry":{"type":"Polygon","coordinates":[[[597742.38,4094201.0435],[597739.5,4094201.8935],[597740.35,4094204.7735],[597743.23,4094203.9235],[597742.38,4094201.0435]]]}},{"type":"Feature","properties":{"id":"7944702WF9974S_part9","floors":2,"height":6.2,"heightSource":"Catastro:numberOfFloorsAboveGround"},"geometry":{"type":"Polygon","coordinates":[[[597760.37,4094215.4635],[597742.78,4094155.544],[597740.771,4094155.9775],[597758.3995,4094216.042],[597760.37,4094215.4635]]]}},{"type":"Feature","properties":{"id":"7944702WF9974S_part10","floors":1,"height":3.1,"heightSource":"Catastro:numberOfFloorsAboveGround"},"geometry":{"type":"Polygon","coordinates":[[[597744.83,4094209.3935],[597741.95,4094210.2335],[597742.8,4094213.1135],[597745.68,4094212.2735],[597744.83,4094209.3935]]]}},{"type":"Feature","properties":{"id":"7944702WF9974S_part11","floors":1,"height":3.1,"heightSource":"Catastro:numberOfFloorsAboveGround"},"geometry":{"type":"Polygon","coordinates":[[[597747.01,4094216.8335],[597744.14,4094217.6735],[597744.83,4094220.024],[597747.6995,4094219.182],[597747.01,4094216.8335]]]}},{"type":"Feature","properties":{"id":"7944702WF9974S_part12","floors":1,"height":3.1,"heightSource":"Catastro:numberOfFloorsAboveGround"},"geometry":{"type":"Polygon","coordinates":[[[597732.58,4094167.654],[597729.7,4094168.504],[597730.55,4094171.374],[597733.42,4094170.534],[597732.58,4094167.654]]]}},{"type":"Feature","properties":{"id":"7944702WF9974S_part13","floors":3,"height":9.3,"heightSource":"Catastro:numberOfFloorsAboveGround"},"geometry":{"type":"Polygon","coordinates":[[[597718.871,4094160.7015],[597720.71,4094166.974],[597721.95,4094166.604],[597726.36,4094181.624],[597729.67,4094180.654],[597731.47,4094186.794],[597728.16,4094187.764],[597729.63,4094192.754],[597728.38,4094193.114],[597730.83,4094201.464],[597732.08,4094201.104],[597733.63,4094206.3735],[597736.94,4094205.4035],[597738.74,4094211.5435],[597735.43,4094212.5135],[597736.98,4094217.7935],[597735.7295,4094218.1635],[597736.96,4094222.3335],[597744.83,4094220.024],[597744.14,4094217.6735],[597747.01,4094216.8335],[597747.6995,4094219.182],[597750.921,4094218.2365],[597749.69,4094214.0635],[597750.37,4094213.8635],[597749.14,4094209.6935],[597749.81,4094209.4935],[597747.36,4094201.1435],[597746.69,4094201.3435],[597745.46,4094197.1735],[597744.79,4094197.3635],[597742.34,4094189.0235],[597743.01,4094188.8235],[597741.79,4094184.6535],[597742.46,4094184.4535],[597740.01,4094176.104],[597739.34,4094176.304],[597735.66,4094163.784],[597736.33,4094163.584],[597734.5035,4094157.3295],[597718.871,4094160.7015]],[[597740.35,4094204.7735],[597739.5,4094201.8935],[597742.38,4094201.0435],[597743.23,4094203.9235],[597740.35,4094204.7735]],[[597737.05,4094193.544],[597739.93,4094192.6935],[597740.78,4094195.5735],[597737.9,4094196.4235],[597737.05,4094193.544]],[[597735.45,4094188.074],[597734.6,4094185.194],[597737.48,4094184.354],[597738.33,4094187.234],[597735.45,4094188.074]],[[597742.8,4094213.1135],[597741.95,4094210.2335],[597744.83,4094209.3935],[597745.68,4094212.2735],[597742.8,4094213.1135]],[[597733.0,4094179.724],[597732.15,4094176.844],[597735.03,4094176.004],[597735.88,4094178.884],[597733.0,4094179.724]],[[597730.55,4094171.374],[597729.7,4094168.504],[597732.58,4094167.654],[597733.42,4094170.534],[597730.55,4094171.374]]]}},{"type":"Feature","properties":{"id":"7944702WF9974S_part14","floors":1,"height":3.1,"heightSource":"Catastro:numberOfFloorsAboveGround"},"geometry":{"type":"Polygon","coordinates":[[[597720.23,4094167.114],[597727.9,4094193.254],[597728.3405,4094193.1255],[597720.63,4094166.9975],[597720.23,4094167.114]]]}},{"type":"Feature","properties":{"id":"7944702WF9974S_part15","floors":3,"height":9.3,"heightSource":"Catastro:numberOfFloorsAboveGround"},"geometry":{"type":"Polygon","coordinates":[[[597721.95,4094166.604],[597720.71,4094166.974],[597728.38,4094193.114],[597729.63,4094192.754],[597728.16,4094187.764],[597726.36,4094181.624],[597721.95,4094166.604]]]}},{"type":"Feature","properties":{"id":"7944702WF9974S_part16","floors":4,"height":12.4,"heightSource":"Catastro:numberOfFloorsAboveGround"},"geometry":{"type":"Polygon","coordinates":[[[597731.47,4094186.794],[597729.67,4094180.654],[597726.36,4094181.624],[597728.16,4094187.764],[597731.47,4094186.794]]]}},{"type":"Feature","properties":{"id":"7945001WF9974N_part1","floors":2,"height":6.2,"heightSource":"Catastro:numberOfFloorsAboveGround"},"geometry":{"type":"Polygon","coordinates":[[[597812.4005,4094333.398],[597814.1275,4094337.5535],[597813.0195,4094338.014],[597815.699,4094344.4615],[597818.272,4094343.41],[597813.6895,4094332.8625],[597812.4005,4094333.398]]]}},{"type":"Feature","properties":{"id":"7945001WF9974N_part2","floors":3,"height":9.3,"heightSource":"Catastro:numberOfFloorsAboveGround"},"geometry":{"type":"Polygon","coordinates":[[[597798.73,4094339.08],[597803.1055,4094349.608],[597812.2695,4094345.863],[597807.8715,4094335.281],[597798.73,4094339.08]]]}},{"type":"Feature","properties":{"id":"7945001WF9974N_part3","floors":3,"height":9.3,"heightSource":"Catastro:numberOfFloorsAboveGround"},"geometry":{"type":"Polygon","coordinates":[[[597814.1275,4094337.5535],[597812.4005,4094333.398],[597811.289,4094333.86],[597807.8715,4094335.281],[597812.2695,4094345.863],[597815.699,4094344.4615],[597813.0195,4094338.014],[597814.1275,4094337.5535]]]}},{"type":"Feature","properties":{"id":"7945001WF9974N_part4","floors":3,"height":9.3,"heightSource":"Catastro:numberOfFloorsAboveGround"},"geometry":{"type":"Polygon","coordinates":[[[597781.4795,4094346.313],[597785.889,4094356.643],[597798.6635,4094351.4235],[597795.6005,4094344.053],[597793.649,4094343.253],[597792.9155,4094341.5005],[597781.4795,4094346.313]]]}},{"type":"Feature","properties":{"id":"7945001WF9974N_part5","floors":2,"height":6.2,"heightSource":"Catastro:numberOfFloorsAboveGround"},"geometry":{"type":"Polygon","coordinates":[[[597793.6695,4094341.183],[597792.9155,4094341.5005],[597793.649,4094343.253],[597795.6005,4094344.053],[597794.299,4094340.9215],[597793.6695,4094341.183]]]}},{"type":"Feature","properties":{"id":"7945001WF9974N_part6","floors":2,"height":6.2,"heightSource":"Catastro:numberOfFloorsAboveGround"},"geometry":{"type":"Polygon","coordinates":[[[597797.178,4094347.849],[597798.6635,4094351.4235],[597803.1055,4094349.608],[597801.6095,4094346.0075],[597797.178,4094347.849]]]}},{"type":"Feature","properties":{"id":"7945001WF9974N_part7","floors":2,"height":6.2,"heightSource":"Catastro:numberOfFloorsAboveGround"},"geometry":{"type":"Polygon","coordinates":[[[597798.73,4094339.08],[597794.299,4094340.9215],[597795.6005,4094344.053],[597800.0315,4094342.2115],[597798.73,4094339.08]]]}},{"type":"Feature","properties":{"id":"7945001WF9974N_part8","floors":1,"height":3.1,"heightSource":"Catastro:numberOfFloorsAboveGround"},"geometry":{"type":"Polygon","coordinates":[[[597795.6005,4094344.053],[597797.178,4094347.849],[597801.6095,4094346.0075],[597800.0315,4094342.2115],[597795.6005,4094344.053]]]}},{"type":"Feature","properties":{"id":"7945002WF9974N_part1","floors":2,"height":6.2,"heightSource":"Catastro:numberOfFloorsAboveGround"},"geometry":{"type":"Polygon","coordinates":[[[597774.0095,4094329.863],[597774.5395,4094331.033],[597779.8495,4094342.733],[597781.4795,4094346.313],[597793.6695,4094341.183],[597813.6895,4094332.8625],[597805.9795,4094316.503],[597774.0095,4094329.863]]]}},{"type":"Feature","properties":{"id":"7945003WF9974N_part1","floors":1,"height":3.1,"heightSource":"Catastro:numberOfFloorsAboveGround"},"geometry":{"type":"Polygon","coordinates":[[[597769.7495,4094320.493],[597774.0095,4094329.863],[597783.391,4094325.9425],[597779.178,4094316.6755],[597769.7495,4094320.493]]]}},{"type":"Feature","properties":{"id":"7945004WF9974N_part1","floors":1,"height":3.1,"heightSource":"Catastro:numberOfFloorsAboveGround"},"geometry":{"type":"Polygon","coordinates":[[[597766.6195,4094313.593],[597769.7495,4094320.493],[597779.178,4094316.6755],[597775.999,4094309.6875],[597766.6195,4094313.593]]]}},{"type":"Feature","properties":{"id":"7945005WF9974N_part1","floors":2,"height":6.2,"heightSource":"Catastro:numberOfFloorsAboveGround"},"geometry":{"type":"Polygon","coordinates":[[[597795.365,4094291.796],[597763.342,4094305.131],[597766.656,4094313.577],[597769.487,4094312.396],[597768.441,4094309.728],[597767.345,4094306.934],[597768.73,4094306.356],[597770.115,4094305.78],[597771.21,4094308.573],[597776.29,4094306.459],[597775.193,4094303.665],[597776.578,4094303.087],[597777.963,4094302.511],[597779.059,4094305.304],[597784.101,4094303.206],[597783.004,4094300.412],[597784.389,4094299.834],[597785.774,4094299.258],[597786.871,4094302.053],[597789.41,4094300.995],[597791.948,4094299.937],[597790.853,4094297.144],[597792.238,4094296.567],[597793.623,4094295.991],[597794.718,4094298.784],[597797.631,4094297.573],[597795.365,4094291.796]]]}},{"type":"Feature","properties":{"id":"7945005WF9974N_part2","floors":3,"height":9.3,"heightSource":"Catastro:numberOfFloorsAboveGround"},"geometry":{"type":"Polygon","coordinates":[[[597768.441,4094309.728],[597769.487,4094312.396],[597770.873,4094311.819],[597769.826,4094309.15],[597768.441,4094309.728]]]}},{"type":"Feature","properties":{"id":"7945005WF9974N_part3","floors":2,"height":6.2,"heightSource":"Catastro:numberOfFloorsAboveGround"},"geometry":{"type":"Polygon","coordinates":[[[597769.826,4094309.15],[597770.873,4094311.819],[597772.258,4094311.243],[597771.21,4094308.573],[597769.826,4094309.15]]]}},{"type":"Feature","properties":{"id":"7945005WF9974N_part4","floors":3,"height":9.3,"heightSource":"Catastro:numberOfFloorsAboveGround"},"geometry":{"type":"Polygon","coordinates":[[[597771.21,4094308.573],[597772.258,4094311.243],[597777.337,4094309.127],[597776.29,4094306.459],[597771.21,4094308.573]]]}},{"type":"Feature","properties":{"id":"7945005WF9974N_part5","floors":2,"height":6.2,"heightSource":"Catastro:numberOfFloorsAboveGround"},"geometry":{"type":"Polygon","coordinates":[[[597776.29,4094306.459],[597777.337,4094309.127],[597780.108,4094307.974],[597779.059,4094305.304],[597776.29,4094306.459]]]}},{"type":"Feature","properties":{"id":"7945005WF9974N_part6","floors":3,"height":9.3,"heightSource":"Catastro:numberOfFloorsAboveGround"},"geometry":{"type":"Polygon","coordinates":[[[597779.059,4094305.304],[597780.108,4094307.974],[597785.149,4094305.875],[597784.101,4094303.206],[597779.059,4094305.304]]]}},{"type":"Feature","properties":{"id":"7945005WF9974N_part7","floors":2,"height":6.2,"heightSource":"Catastro:numberOfFloorsAboveGround"},"geometry":{"type":"Polygon","coordinates":[[[597784.101,4094303.206],[597785.149,4094305.875],[597787.918,4094304.722],[597786.871,4094302.053],[597784.101,4094303.206]]]}},{"type":"Feature","properties":{"id":"7945005WF9974N_part8","floors":3,"height":9.3,"heightSource":"Catastro:numberOfFloorsAboveGround"},"geometry":{"type":"Polygon","coordinates":[[[597786.871,4094302.053],[597787.918,4094304.722],[597790.458,4094303.665],[597789.41,4094300.995],[597786.871,4094302.053]]]}},{"type":"Feature","properties":{"id":"7945005WF9974N_part9","floors":2,"height":6.2,"heightSource":"Catastro:numberOfFloorsAboveGround"},"geometry":{"type":"Polygon","coordinates":[[[597789.41,4094300.995],[597790.458,4094303.665],[597798.679,4094300.243],[597797.631,4094297.573],[597794.718,4094298.784],[597791.948,4094299.937],[597789.41,4094300.995]]]}},{"type":"Feature","properties":{"id":"7945605WF9974N_part1","floors":3,"height":9.3,"heightSource":"Catastro:numberOfFloorsAboveGround"},"geometry":{"type":"Polygon","coordinates":[[[597741.9695,4094255.5235],[597741.3395,4094255.7935],[597747.1095,4094269.5835],[597747.1295,4094269.6435],[597748.2995,4094272.4535],[597748.8925,4094273.88],[597751.436,4094272.726],[597750.165,4094270.226],[597749.857,4094269.487],[597749.067,4094267.099],[597747.797,4094264.602],[597747.489,4094263.863],[597746.699,4094261.475],[597745.498,4094259.114],[597744.882,4094257.636],[597743.9155,4094254.713],[597741.9695,4094255.5235]]]}},{"type":"Feature","properties":{"id":"7945605WF9974N_part2","floors":4,"height":12.4,"heightSource":"Catastro:numberOfFloorsAboveGround"},"geometry":{"type":"Polygon","coordinates":[[[597747.8995,4094253.0535],[597743.9155,4094254.713],[597744.882,4094257.636],[597745.498,4094259.114],[597746.699,4094261.475],[597747.489,4094263.863],[597747.797,4094264.602],[597749.067,4094267.099],[597749.857,4094269.487],[597750.165,4094270.226],[597751.436,4094272.726],[597748.8925,4094273.88],[597749.9425,4094276.405],[597751.601,4094275.654],[597752.385,4094277.534],[597750.725,4094278.2865],[597751.2325,4094279.503],[597753.777,4094278.35],[597754.567,4094280.738],[597754.875,4094281.477],[597756.148,4094283.981],[597756.938,4094286.369],[597757.246,4094287.108],[597758.518,4094289.61],[597758.864,4094290.656],[597759.48,4094292.134],[597760.663,4094294.46],[597764.7395,4094292.763],[597766.7095,4094291.933],[597767.1595,4094291.746],[597760.522,4094275.849],[597764.283,4094274.143],[597762.513,4094269.895],[597758.748,4094271.602],[597750.5395,4094251.9535],[597747.8995,4094253.0535]]]}},{"type":"Feature","properties":{"id":"7945605WF9974N_part3","floors":3,"height":9.3,"heightSource":"Catastro:numberOfFloorsAboveGround"},"geometry":{"type":"Polygon","coordinates":[[[597752.385,4094277.534],[597751.601,4094275.654],[597749.9425,4094276.405],[597750.6695,4094278.1535],[597750.725,4094278.2865],[597752.385,4094277.534]]]}},{"type":"Feature","properties":{"id":"7945605WF9974N_part4","floors":3,"height":9.3,"heightSource":"Catastro:numberOfFloorsAboveGround"},"geometry":{"type":"Polygon","coordinates":[[[597761.4395,4094247.4235],[597752.8195,4094251.0135],[597750.5395,4094251.9535],[597758.748,4094271.602],[597762.513,4094269.895],[597764.283,4094274.143],[597760.522,4094275.849],[597767.1595,4094291.746],[597782.2025,4094285.4955],[597781.516,4094283.415],[597780.9,4094281.937],[597779.877,4094279.93],[597779.166,4094277.777],[597778.55,4094276.299],[597777.527,4094274.292],[597776.816,4094272.139],[597776.2,4094270.661],[597775.18,4094268.66],[597774.469,4094266.507],[597773.853,4094265.029],[597772.832,4094263.026],[597772.121,4094260.873],[597771.505,4094259.395],[597770.484,4094257.392],[597769.773,4094255.239],[597769.157,4094253.761],[597768.136,4094251.758],[597767.425,4094249.605],[597766.809,4094248.127],[597765.574,4094245.704],[597761.4395,4094247.4235]],[[597758.806,4094257.852],[597757.496,4094254.712],[597760.255,4094253.461],[597760.656,4094253.28],[597761.966,4094256.42],[597761.565,4094256.601],[597758.806,4094257.852]],[[597763.506,4094269.118],[597762.196,4094265.979],[597764.953,4094264.729],[597765.355,4094264.547],[597766.665,4094267.686],[597766.262,4094267.868],[597763.506,4094269.118]],[[597768.205,4094280.382],[597766.895,4094277.243],[597769.647,4094275.996],[597770.055,4094275.812],[597771.364,4094278.951],[597770.955,4094279.135],[597768.205,4094280.382]],[[597763.034,4094278.992],[597765.786,4094277.745],[597767.095,4094280.884],[597764.343,4094282.132],[597763.034,4094278.992]],[[597758.338,4094267.727],[597761.089,4094266.48],[597762.398,4094269.62],[597759.647,4094270.868],[597758.338,4094267.727]],[[597757.698,4094258.353],[597754.95,4094259.6],[597753.642,4094256.459],[597756.389,4094255.213],[597757.698,4094258.353]]]}},{"type":"Feature","properties":{"id":"7945605WF9974N_part5","floors":3,"height":9.3,"heightSource":"Catastro:numberOfFloorsAboveGround"},"geometry":{"type":"Polygon","coordinates":[[[597759.48,4094292.134],[597758.864,4094290.656],[597758.518,4094289.61],[597757.246,4094287.108],[597756.938,4094286.369],[597756.148,4094283.981],[597754.875,4094281.477],[597754.567,4094280.738],[597753.777,4094278.35],[597751.2325,4094279.503],[597752.6595,4094282.9235],[597756.7595,4094292.7635],[597757.9395,4094295.5935],[597760.663,4094294.46],[597759.48,4094292.134]]]}},{"type":"Feature","properties":{"id":"7945605WF9974N_part6","floors":2,"height":6.2,"heightSource":"Catastro:numberOfFloorsAboveGround"},"geometry":{"type":"Polygon","coordinates":[[[597753.642,4094256.459],[597754.95,4094259.6],[597757.698,4094258.353],[597756.389,4094255.213],[597753.642,4094256.459]]]}},{"type":"Feature","properties":{"id":"7945605WF9974N_part7","floors":2,"height":6.2,"heightSource":"Catastro:numberOfFloorsAboveGround"},"geometry":{"type":"Polygon","coordinates":[[[597762.398,4094269.62],[597761.089,4094266.48],[597758.338,4094267.727],[597759.647,4094270.868],[597762.398,4094269.62]]]}},{"type":"Feature","properties":{"id":"7945605WF9974N_part9","floors":2,"height":6.2,"heightSource":"Catastro:numberOfFloorsAboveGround"},"geometry":{"type":"Polygon","coordinates":[[[597767.095,4094280.884],[597765.786,4094277.745],[597763.034,4094278.992],[597764.343,4094282.132],[597767.095,4094280.884]]]}},{"type":"Feature","properties":{"id":"7945605WF9974N_part11","floors":2,"height":6.2,"heightSource":"Catastro:numberOfFloorsAboveGround"},"geometry":{"type":"Polygon","coordinates":[[[597765.574,4094245.704],[597766.809,4094248.127],[597767.425,4094249.605],[597768.136,4094251.758],[597769.157,4094253.761],[597769.773,4094255.239],[597770.484,4094257.392],[597771.505,4094259.395],[597772.121,4094260.873],[597772.832,4094263.026],[597773.853,4094265.029],[597774.469,4094266.507],[597775.18,4094268.66],[597776.2,4094270.661],[597776.816,4094272.139],[597777.527,4094274.292],[597778.55,4094276.299],[597779.166,4094277.777],[597779.877,4094279.93],[597780.9,4094281.937],[597781.516,4094283.415],[597782.2025,4094285.4955],[597783.655,4094284.892],[597782.952,4094282.763],[597782.336,4094281.285],[597781.313,4094279.278],[597780.602,4094277.125],[597779.986,4094275.647],[597778.963,4094273.64],[597778.252,4094271.487],[597777.636,4094270.009],[597776.616,4094268.008],[597775.905,4094265.855],[597775.289,4094264.377],[597774.268,4094262.374],[597773.557,4094260.221],[597772.941,4094258.743],[597771.92,4094256.74],[597771.209,4094254.587],[597770.593,4094253.109],[597769.572,4094251.106],[597768.861,4094248.953],[597768.245,4094247.475],[597767.032,4094245.0975],[597765.574,4094245.704]]]}},{"type":"Feature","properties":{"id":"7945605WF9974N_part12","floors":1,"height":3.1,"heightSource":"Catastro:numberOfFloorsAboveGround"},"geometry":{"type":"Polygon","coordinates":[[[597767.032,4094245.0975],[597768.245,4094247.475],[597768.861,4094248.953],[597769.572,4094251.106],[597770.593,4094253.109],[597771.209,4094254.587],[597771.92,4094256.74],[597772.941,4094258.743],[597773.557,4094260.221],[597774.268,4094262.374],[597775.289,4094264.377],[597775.905,4094265.855],[597776.616,4094268.008],[597777.636,4094270.009],[597778.252,4094271.487],[597778.963,4094273.64],[597779.986,4094275.647],[597780.602,4094277.125],[597781.313,4094279.278],[597782.336,4094281.285],[597782.952,4094282.763],[597783.655,4094284.892],[597788.2545,4094282.981],[597786.854,4094279.698],[597785.804,4094280.172],[597784.22,4094280.889],[597784.06,4094280.504],[597783.038,4094278.498],[597782.327,4094276.345],[597781.711,4094274.867],[597780.689,4094272.861],[597779.979,4094270.712],[597779.363,4094269.234],[597778.341,4094267.228],[597777.631,4094265.079],[597777.015,4094263.601],[597775.993,4094261.595],[597775.282,4094259.444],[597774.666,4094257.966],[597773.644,4094255.96],[597772.933,4094253.811],[597772.317,4094252.333],[597771.295,4094250.327],[597770.584,4094248.178],[597769.968,4094246.7],[597768.781,4094244.37],[597767.032,4094245.0975]]]}},{"type":"Feature","properties":{"id":"7945605WF9974N_part13","floors":1,"height":3.1,"heightSource":"Catastro:numberOfFloorsAboveGround"},"geometry":{"type":"Polygon","coordinates":[[[597768.781,4094244.37],[597769.968,4094246.7],[597770.584,4094248.178],[597771.295,4094250.327],[597772.317,4094252.333],[597772.933,4094253.811],[597773.644,4094255.96],[597774.666,4094257.966],[597775.282,4094259.444],[597775.993,4094261.595],[597777.015,4094263.601],[597777.631,4094265.079],[597778.341,4094267.228],[597779.363,4094269.234],[597779.979,4094270.712],[597780.689,4094272.861],[597781.711,4094274.867],[597782.327,4094276.345],[597783.038,4094278.498],[597784.06,4094280.504],[597784.22,4094280.889],[597785.804,4094280.172],[597770.2725,4094243.7495],[597768.781,4094244.37]]]}},{"type":"Feature","properties":{"id":"7945606WF9974N_part1","floors":5,"height":15.5,"heightSource":"Catastro:numberOfFloorsAboveGround"},"geometry":{"type":"Polygon","coordinates":[[[597735.7535,4094242.374],[597739.0695,4094250.3535],[597741.3395,4094255.7935],[597741.9695,4094255.5235],[597747.8995,4094253.0535],[597750.242,4094252.075],[597748.925,4094248.917],[597746.992,4094244.274],[597744.659,4094238.665],[597735.7535,4094242.374]]]}},{"type":"Feature","properties":{"id":"7945606WF9974N_part2","floors":4,"height":12.4,"heightSource":"Catastro:numberOfFloorsAboveGround"},"geometry":{"type":"Polygon","coordinates":[[[597747.1565,4094237.6255],[597744.659,4094238.665],[597746.992,4094244.274],[597750.063,4094242.996],[597751.994,4094247.639],[597748.925,4094248.917],[597750.242,4094252.075],[597750.5395,4094251.9535],[597752.8195,4094251.0135],[597758.892,4094248.484],[597757.802,4094245.849],[597756.255,4094242.11],[597755.241,4094239.66],[597754.389,4094237.599],[597753.336,4094235.054],[597747.1565,4094237.6255]]]}},{"type":"Feature","properties":{"id":"7945606WF9974N_part3","floors":2,"height":6.2,"heightSource":"Catastro:numberOfFloorsAboveGround"},"geometry":{"type":"Polygon","coordinates":[[[597751.994,4094247.639],[597750.063,4094242.996],[597746.992,4094244.274],[597748.925,4094248.917],[597751.994,4094247.639]]]}},{"type":"Feature","properties":{"id":"7945606WF9974N_part4","floors":3,"height":9.3,"heightSource":"Catastro:numberOfFloorsAboveGround"},"geometry":{"type":"Polygon","coordinates":[[[597753.336,4094235.054],[597754.389,4094237.599],[597757.403,4094236.345],[597758.255,4094238.405],[597755.241,4094239.66],[597756.255,4094242.11],[597759.263,4094240.858],[597760.809,4094244.596],[597757.802,4094245.849],[597758.892,4094248.484],[597761.4395,4094247.4235],[597767.635,4094244.845],[597762.081,4094231.415],[597753.336,4094235.054]]]}},{"type":"Feature","properties":{"id":"7945606WF9974N_part5","floors":1,"height":3.1,"heightSource":"Catastro:numberOfFloorsAboveGround"},"geometry":{"type":"Polygon","coordinates":[[[597758.255,4094238.405],[597757.403,4094236.345],[597754.389,4094237.599],[597755.241,4094239.66],[597758.255,4094238.405]]]}},{"type":"Feature","properties":{"id":"7945606WF9974N_part6","floors":1,"height":3.1,"heightSource":"Catastro:numberOfFloorsAboveGround"},"geometry":{"type":"Polygon","coordinates":[[[597760.809,4094244.596],[597759.263,4094240.858],[597756.255,4094242.11],[597757.802,4094245.849],[597760.809,4094244.596]]]}},{"type":"Feature","properties":{"id":"7945606WF9974N_part7","floors":2,"height":6.2,"heightSource":"Catastro:numberOfFloorsAboveGround"},"geometry":{"type":"Polygon","coordinates":[[[597762.081,4094231.415],[597767.635,4094244.845],[597772.291,4094242.909],[597770.366,4094238.258],[597771.5355,4094237.772],[597768.877,4094231.347],[597767.708,4094231.833],[597766.734,4094229.479],[597762.081,4094231.415]]]}},{"type":"Feature","properties":{"id":"7945606WF9974N_part8","floors":1,"height":3.1,"heightSource":"Catastro:numberOfFloorsAboveGround"},"geometry":{"type":"Polygon","coordinates":[[[597767.903,4094228.993],[597766.734,4094229.479],[597767.708,4094231.833],[597768.877,4094231.347],[597767.903,4094228.993]]]}},{"type":"Feature","properties":{"id":"7945606WF9974N_part9","floors":1,"height":3.1,"heightSource":"Catastro:numberOfFloorsAboveGround"},"geometry":{"type":"Polygon","coordinates":[[[597770.366,4094238.258],[597772.291,4094242.909],[597773.46,4094242.4235],[597771.5355,4094237.772],[597770.366,4094238.258]]]}},{"type":"Feature","properties":{"id":"7946001WF9974N_part1","floors":1,"height":3.1,"heightSource":"Catastro:numberOfFloorsAboveGround"},"geometry":{"type":"Polygon","coordinates":[[[597784.182,4094395.8785],[597784.983,4094397.8465],[597786.38,4094401.28],[597786.415,4094401.3645],[597793.11,4094398.5195],[597794.3905,4094401.5255],[597796.335,4094400.697],[597797.649,4094403.781],[597799.2255,4094407.4055],[597800.0235,4094407.0655],[597798.259,4094402.8225],[597797.559,4094401.0725],[597795.3655,4094396.0235],[597794.609,4094394.2825],[597794.4095,4094393.8275],[597793.4955,4094391.739],[597784.182,4094395.8785]]]}},{"type":"Feature","properties":{"id":"7946001WF9974N_part2","floors":2,"height":6.2,"heightSource":"Catastro:numberOfFloorsAboveGround"},"geometry":{"type":"Polygon","coordinates":[[[597796.335,4094400.697],[597794.3905,4094401.5255],[597793.11,4094398.5195],[597786.415,4094401.3645],[597787.324,4094403.56],[597788.874,4094407.3035],[597791.4635,4094406.2405],[597792.5963061079,4094409.0],[597800.5535965348,4094409.0],[597800.7435,4094408.796],[597800.0235,4094407.0655],[597799.2255,4094407.4055],[597797.239,4094408.252],[597797.0285,4094408.387],[597795.44,4094404.7445],[597797.649,4094403.781],[597796.335,4094400.697]]]}},{"type":"Feature","properties":{"id":"7946001WF9974N_part3","floors":3,"height":9.3,"heightSource":"Catastro:numberOfFloorsAboveGround"},"geometry":{"type":"Polygon","coordinates":[[[597791.4635,4094406.2405],[597788.874,4094407.3035],[597788.91,4094407.39],[597789.583136891,4094409.0],[597792.5963061079,4094409.0],[597791.4635,4094406.2405]]]}},{"type":"Feature","properties":{"id":"7946001WF9974N_part5","floors":2,"height":6.2,"heightSource":"Catastro:numberOfFloorsAboveGround"},"geometry":{"type":"Polygon","coordinates":[[[597795.44,4094404.7445],[597797.0285,4094408.387],[597797.239,4094408.252],[597799.2255,4094407.4055],[597797.649,4094403.781],[597795.44,4094404.7445]]]}},{"type":"Feature","properties":{"id":"7946002WF9974N_part1","floors":1,"height":3.1,"heightSource":"Catastro:numberOfFloorsAboveGround"},"geometry":{"type":"Polygon","coordinates":[[[597803.7009,4094399.36275],[597805.46785,4094403.53975],[597806.23745,4094403.2177],[597804.4893,4094399.0405],[597803.7009,4094399.36275]]]}},{"type":"Feature","properties":{"id":"7946002WF9974N_part2","floors":1,"height":3.1,"heightSource":"Catastro:numberOfFloorsAboveGround"},"geometry":{"type":"Polygon","coordinates":[[[597806.42245,4094405.4174],[597808.021249569,4094409.0],[597811.6704599796,4094409.0],[597809.60675,4094403.99635],[597806.42245,4094405.4174]]]}},{"type":"Feature","properties":{"id":"7946002WF9974N_part3","floors":2,"height":6.2,"heightSource":"Catastro:numberOfFloorsAboveGround"},"geometry":{"type":"Polygon","coordinates":[[[597803.7009,4094399.36275],[597800.7072,4094400.5865],[597802.0323,4094403.8928],[597799.1796,4094405.0361],[597800.8281613198,4094409.0],[597803.3714619143,4094409.0],[597803.72725,4094408.83895],[597802.90225,4094406.8096],[597804.065,4094406.3501],[597803.2905,4094404.45095],[597805.46785,4094403.53975],[597803.7009,4094399.36275]]]}},{"type":"Feature","properties":{"id":"7946002WF9974N_part4","floors":2,"height":6.2,"heightSource":"Catastro:numberOfFloorsAboveGround"},"geometry":{"type":"Polygon","coordinates":[[[597805.46785,4094403.53975],[597803.2905,4094404.45095],[597804.065,4094406.3501],[597802.90225,4094406.8096],[597803.72725,4094408.83895],[597803.7897206243,4094409.0],[597808.021249569,4094409.0],[597806.42245,4094405.4174],[597808.18335,4094404.63155],[597807.3898,4094402.7354],[597806.23745,4094403.2177],[597805.46785,4094403.53975]]]}},{"type":"Feature","properties":{"id":"7946003WF9974N_part1","floors":4,"height":12.4,"heightSource":"Catastro:numberOfFloorsAboveGround"},"geometry":{"type":"Polygon","coordinates":[[[597787.559,4094378.283],[597789.57765,4094382.80005],[597789.789,4094383.273],[597789.86095,4094383.4373],[597792.67255,4094382.20585],[597793.8026,4094384.96025],[597791.06355,4094386.1843],[597794.30065,4094393.5782],[597794.5197,4094394.07855],[597797.271,4094392.88255],[597798.47205,4094395.6456],[597795.7157,4094396.82985],[597797.559,4094401.0725],[597797.83435,4094401.76085],[597803.7009,4094399.36275],[597793.17295,4094375.7742],[597787.559,4094378.283]]]}},{"type":"Feature","properties":{"id":"7946003WF9974N_part2","floors":3,"height":9.3,"heightSource":"Catastro:numberOfFloorsAboveGround"},"geometry":{"type":"Polygon","coordinates":[[[597807.11935,4094397.9654],[597799.909,4094382.2525],[597798.349,4094378.8825],[597796.26915,4094374.3905],[597793.5145,4094375.62155],[597793.17295,4094375.7742],[597803.7009,4094399.36275],[597804.05885,4094399.21645],[597807.11935,4094397.9654]]]}},{"type":"Feature","properties":{"id":"7946401WF9974N_part1","floors":2,"height":6.2,"heightSource":"Catastro:numberOfFloorsAboveGround"},"geometry":{"type":"Polygon","coordinates":[[[597817.291,4094403.9215],[597820.809,4094402.3125],[597822.1585,4094405.5515],[597825.889,4094404.0325],[597829.519,4094402.5625],[597829.029,4094401.3525],[597828.9185,4094401.0825],[597826.699,4094401.9925],[597825.559,4094399.2125],[597827.6565,4094398.3535],[597825.029,4094392.8325],[597814.489,4094397.4225],[597816.739,4094402.6425],[597817.291,4094403.9215]],[[597819.559,4094399.5825],[597822.289,4094398.3325],[597823.539,4094401.0625],[597820.809,4094402.3125],[597819.559,4094399.5825]]]}},{"type":"Feature","properties":{"id":"7946401WF9974N_part2","floors":1,"height":3.1,"heightSource":"Catastro:numberOfFloorsAboveGround"},"geometry":{"type":"Polygon","coordinates":[[[597817.291,4094403.9215],[597817.749,4094404.9825],[597818.049,4094405.6725],[597818.639,4094406.9925],[597820.929,4094406.0525],[597822.1585,4094405.5515],[597820.809,4094402.3125],[597817.291,4094403.9215]]]}},{"type":"Feature","properties":{"id":"7946401WF9974N_part3","floors":3,"height":9.3,"heightSource":"Catastro:numberOfFloorsAboveGround"},"geometry":{"type":"Polygon","coordinates":[[[597823.539,4094401.0625],[597822.289,4094398.3325],[597819.559,4094399.5825],[597820.809,4094402.3125],[597823.539,4094401.0625]]]}},{"type":"Feature","properties":{"id":"7946402WF9974N_part1","floors":2,"height":6.2,"heightSource":"Catastro:numberOfFloorsAboveGround"},"geometry":{"type":"Polygon","coordinates":[[[597820.869,4094382.6425],[597821.219,4094383.4825],[597825.029,4094392.8325],[597828.689,4094400.5225],[597829.739,4094400.0925],[597838.519,4094396.5325],[597841.109,4094395.4925],[597837.179,4094386.6125],[597833.259,4094377.7525],[597826.329,4094380.5225],[597827.699,4094383.6725],[597824.809,4094384.7925],[597823.469,4094381.633],[597820.869,4094382.6425]],[[597827.659,4094393.6225],[597825.409,4094388.3225],[597828.229,4094387.2725],[597830.629,4094392.4025],[597827.659,4094393.6225]]]}},{"type":"Feature","properties":{"id":"7946404WF9974N_part1","floors":3,"height":9.3,"heightSource":"Catastro:numberOfFloorsAboveGround"},"geometry":{"type":"Polygon","coordinates":[[[597810.3095,4094355.1125],[597812.1405,4094359.44],[597814.48,4094358.44],[597812.6895,4094354.1525],[597810.3095,4094355.1125]]]}},{"type":"Feature","properties":{"id":"7946404WF9974N_part2","floors":2,"height":6.2,"heightSource":"Catastro:numberOfFloorsAboveGround"},"geometry":{"type":"Polygon","coordinates":[[[597812.1405,4094359.44],[597812.8425,4094361.099],[597815.18,4094360.1],[597814.48,4094358.44],[597812.1405,4094359.44]]]}},{"type":"Feature","properties":{"id":"7946404WF9974N_part3","floors":3,"height":9.3,"heightSource":"Catastro:numberOfFloorsAboveGround"},"geometry":{"type":"Polygon","coordinates":[[[597814.5795,4094353.3925],[597813.2895,4094353.9025],[597812.6895,4094354.1525],[597814.48,4094358.44],[597815.18,4094360.1],[597815.61,4094359.91],[597816.94,4094359.35],[597816.02,4094357.24],[597820.38,4094355.36],[597820.91,4094356.59],[597824.265,4094355.152],[597821.8895,4094349.6425],[597818.0695,4094351.1025],[597814.3095,4094352.5625],[597814.5795,4094353.3925]]]}},{"type":"Feature","properties":{"id":"7946404WF9974N_part4","floors":1,"height":3.1,"heightSource":"Catastro:numberOfFloorsAboveGround"},"geometry":{"type":"Polygon","coordinates":[[[597812.8425,4094361.099],[597813.927,4094363.662],[597814.0185,4094363.911],[597816.8305,4094362.791],[597815.61,4094359.91],[597815.18,4094360.1],[597812.8425,4094361.099]]]}},{"type":"Feature","properties":{"id":"7946404WF9974N_part5","floors":2,"height":6.2,"heightSource":"Catastro:numberOfFloorsAboveGround"},"geometry":{"type":"Polygon","coordinates":[[[597820.91,4094356.59],[597820.38,4094355.36],[597816.02,4094357.24],[597816.94,4094359.35],[597815.61,4094359.91],[597816.8305,4094362.791],[597822.5705,4094360.504],[597825.2825,4094359.4235],[597825.3955,4094359.213],[597825.7395,4094358.5725],[597824.265,4094355.152],[597820.91,4094356.59]]]}},{"type":"Feature","properties":{"id":"7946405WF9974N_part1","floors":2,"height":6.2,"heightSource":"Catastro:numberOfFloorsAboveGround"},"geometry":{"type":"Polygon","coordinates":[[[597804.9995,4094357.3325],[597801.499,4094358.863],[597799.719,4094359.643],[597798.279,4094360.283],[597801.928,4094368.586],[597806.128,4094366.8545],[597805.179,4094364.5125],[597809.529,4094362.7525],[597810.47,4094365.0645],[597813.4095,4094363.852],[597813.927,4094363.662],[597811.291,4094357.432],[597806.469,4094359.4825],[597805.5085,4094357.1195],[597804.9995,4094357.3325]]]}},{"type":"Feature","properties":{"id":"7946405WF9974N_part2","floors":3,"height":9.3,"heightSource":"Catastro:numberOfFloorsAboveGround"},"geometry":{"type":"Polygon","coordinates":[[[597809.529,4094362.7525],[597805.179,4094364.5125],[597806.128,4094366.8545],[597810.47,4094365.0645],[597809.529,4094362.7525]]]}},{"type":"Feature","properties":{"id":"7946405WF9974N_part3","floors":1,"height":3.1,"heightSource":"Catastro:numberOfFloorsAboveGround"},"geometry":{"type":"Polygon","coordinates":[[[597810.3095,4094355.1125],[597810.0195,4094355.2325],[597805.5085,4094357.1195],[597806.469,4094359.4825],[597811.291,4094357.432],[597810.3095,4094355.1125]]]}},{"type":"Feature","properties":{"id":"7946406WF9974N_part1","floors":2,"height":6.2,"heightSource":"Catastro:numberOfFloorsAboveGround"},"geometry":{"type":"Polygon","coordinates":[[[597801.928,4094368.586],[597802.489,4094369.8625],[597806.109,4094378.1025],[597810.169,4094387.3425],[597813.689,4094395.5625],[597814.489,4094397.4225],[597823.099,4094393.673],[597822.129,4094391.3125],[597824.0845,4094390.5145],[597821.219,4094383.4825],[597820.869,4094382.6425],[597820.1325,4094380.961],[597818.029,4094381.8825],[597815.939,4094377.1225],[597818.049,4094376.2025],[597816.779,4094373.3025],[597815.779,4094371.0225],[597814.7985,4094368.783],[597813.239,4094369.4625],[597812.229,4094369.9125],[597810.159,4094365.1925],[597801.928,4094368.586]]]}},{"type":"Feature","properties":{"id":"7946406WF9974N_part2","floors":1,"height":3.1,"heightSource":"Catastro:numberOfFloorsAboveGround"},"geometry":{"type":"Polygon","coordinates":[[[597810.159,4094365.1925],[597812.229,4094369.9125],[597813.239,4094369.4625],[597812.349,4094367.4525],[597813.269,4094367.0525],[597812.099,4094364.3925],[597810.159,4094365.1925]]]}},{"type":"Feature","properties":{"id":"7946406WF9974N_part3","floors":2,"height":6.2,"heightSource":"Catastro:numberOfFloorsAboveGround"},"geometry":{"type":"Polygon","coordinates":[[[597813.209,4094365.1525],[597813.049,4094364.8225],[597812.7375,4094364.1295],[597812.099,4094364.3925],[597813.269,4094367.0525],[597812.349,4094367.4525],[597813.239,4094369.4625],[597814.7985,4094368.783],[597813.209,4094365.1525]]]}},{"type":"Feature","properties":{"id":"7946406WF9974N_part4","floors":2,"height":6.2,"heightSource":"Catastro:numberOfFloorsAboveGround"},"geometry":{"type":"Polygon","coordinates":[[[597815.939,4094377.1225],[597818.029,4094381.8825],[597820.1325,4094380.961],[597818.049,4094376.2025],[597815.939,4094377.1225]]]}},{"type":"Feature","properties":{"id":"7946407WF9974N_part1","floors":2,"height":6.2,"heightSource":"Catastro:numberOfFloorsAboveGround"},"geometry":{"type":"Polygon","coordinates":[[[597825.2825,4094359.4235],[597822.5705,4094360.504],[597814.0185,4094363.911],[597813.927,4094363.662],[597813.4095,4094363.8525],[597812.7375,4094364.1295],[597813.049,4094364.8225],[597813.209,4094365.1525],[597814.3145,4094367.678],[597816.15,4094366.92],[597817.25,4094369.45],[597815.419,4094370.2005],[597815.779,4094371.0225],[597816.2335,4094372.0585],[597819.08,4094370.88],[597817.15,4094366.53],[597821.76,4094364.69],[597824.262,4094370.299],[597829.159,4094368.333],[597827.3215,4094364.1095],[597826.1,4094364.62],[597825.2,4094362.62],[597826.4475,4094362.101],[597825.2825,4094359.4235]]]}},{"type":"Feature","properties":{"id":"7946407WF9974N_part2","floors":3,"height":9.3,"heightSource":"Catastro:numberOfFloorsAboveGround"},"geometry":{"type":"Polygon","coordinates":[[[597821.76,4094364.69],[597817.15,4094366.53],[597819.08,4094370.88],[597816.2335,4094372.0585],[597816.779,4094373.3025],[597824.262,4094370.299],[597821.76,4094364.69]]]}},{"type":"Feature","properties":{"id":"7946407WF9974N_part3","floors":2,"height":6.2,"heightSource":"Catastro:numberOfFloorsAboveGround"},"geometry":{"type":"Polygon","coordinates":[[[597825.2,4094362.62],[597826.1,4094364.62],[597827.3215,4094364.1095],[597826.4475,4094362.101],[597825.2,4094362.62]]]}},{"type":"Feature","properties":{"id":"7946408WF9974N_part1","floors":1,"height":3.1,"heightSource":"Catastro:numberOfFloorsAboveGround"},"geometry":{"type":"Polygon","coordinates":[[[597824.262,4094370.299],[597816.779,4094373.3025],[597820.869,4094382.6425],[597826.329,4094380.5225],[597833.259,4094377.7525],[597829.159,4094368.333],[597824.262,4094370.299]]]}}]}
