{"type":"FeatureCollection","name":"garrucha-posito-roads","crs":{"type":"name","properties":{"name":"EPSG:25830"}},"source":"\u00a9 OpenStreetMap contributors, ODbL 1.0","features":[{"type":"Feature","properties":{"class":"footway","widthMeters":2},"geometry":{"type":"MultiPolygon","coordinates":[[[[604355.1694720684,4115253.201065983],[604352.5355876046,4115253.6677253405],[604352.8845041504,4115255.637054476],[604355.5183886142,4115255.1703951187],[604355.1694720684,4115253.201065983]]],[[[604347.316816735,4115256.440857943],[604351.0964281127,4115255.9440196143],[604350.8357660942,4115253.961078538],[604347.0561547164,4115254.457916867],[604347.316816735,4115256.440857943]]],[[[604341.5895933434,4115268.0173281212],[604339.0705694183,4115268.529799644],[604339.4692831078,4115270.489653565],[604341.988307033,4115269.9771820423],[604341.5895933434,4115268.0173281212]]],[[[604333.2945960086,4115271.766167738],[604335.9294370061,4115271.2218423015],[604335.5248061311,4115269.263201483],[604332.8899651336,4115269.8075269195],[604333.2945960086,4115271.766167738]]],[[[604356.0442227329,4115272.7918338003],[604356.0145381521,4115272.796758447],[604348.628613839,4115274.1365564293],[604348.9855858454,4115276.1044413312],[604356.3567049219,4115274.7673290013],[604359.1349458533,4115274.349268573],[604358.8373430084,4115272.371534378],[604356.0442227329,4115272.7918338003]]],[[[604302.6015205834,4115410.4392534266],[604299.8307329982,4115397.600126408],[604299.8021846907,4115397.4956460814],[604299.7625041349,4115397.394866133],[604298.751098489,4115395.185322532],[604296.9325632261,4115396.0177464006],[604297.8986893509,4115398.128371159],[604300.6465275938,4115410.8611567453],[604302.6015205834,4115410.4392534266]]],[[[604253.3935310812,4115405.5123571064],[604251.4256031121,4115405.869091614],[604258.5690451795,4115445.27593101],[604256.9676534191,4115449.0288801654],[604258.807186143,4115449.8138128747],[604260.526258953,4115445.7850717446],[604260.5599769488,4115445.694047888],[604260.5847109806,4115445.600183766],[604260.6002279986,4115445.5043637897],[604260.6063817972,4115445.4074907983],[604260.6031143941,4115445.310477553],[604260.5904565756,4115445.214238136],[604253.3935310812,4115405.5123571064]]],[[[604306.0011639328,4115426.1749762944],[604304.0315786385,4115426.522443945],[604307.2254043907,4115444.6263227533],[604307.2287526577,4115444.644335971],[604309.0237449368,4115453.831883565],[604310.9866336973,4115453.4483894785],[604309.193398063,4115444.2698331536],[604306.0011639328,4115426.1749762944]]],[[[604449.7819806908,4115449.4571579164],[604449.8127625427,4115449.5453481735],[604449.8516387895,4115449.6302815666],[604449.8982702342,4115449.711217048],[604450.4979090791,4115450.647925347],[604450.3838802474,4115450.712953434],[604451.374650311,4115452.4503004574],[604452.3617695061,4115451.8873685077],[604455.2649383597,4115450.578618571],[604454.4429954429,4115448.755322149],[604452.284074513,4115449.728564758],[604451.6587613279,4115448.7517500385],[604450.9251050359,4115446.285100508],[604451.071210303,4115438.7195382486],[604449.0715831475,4115438.680921679],[604448.9224766482,4115446.401892497],[604448.9257737319,4115446.5045966874],[604448.9395930545,4115446.606420298],[604448.9637886976,4115446.7062881724],[604449.7819806908,4115449.4571579164]]],[[[604416.2786808591,4115458.6432656],[604417.6449948653,4115460.8683250067],[604419.3493204239,4115459.8217714294],[604417.9830064178,4115457.5967120226],[604416.2786808591,4115458.6432656]]],[[[604437.6133929726,4115465.1258999687],[604437.6978999056,4115465.181198613],[604437.78755347,4115465.227691625],[604437.881439257,4115465.264904805],[604437.9785996912,4115465.2924586027],[604438.0780437983,4115465.310071987],[604438.178757312,4115465.317565313],[604438.2797130184,4115465.314862153],[604438.3798812341,4115465.301990078],[604438.4782403072,4115465.279080374],[604438.5737870376,4115465.246366706],[604438.66554691,4115465.2041827333],[604443.1010484576,4115462.886966277],[604444.1444343898,4115464.7196107884],[604444.1487030789,4115464.7270343765],[604444.630645099,4115465.5569265354],[604445.1035966603,4115466.408805066],[604446.8521850137,4115465.438012209],[604446.374546275,4115464.5776911527],[604446.3650097523,4115464.560898175],[604445.8803686214,4115463.7263582144],[604444.3681731307,4115461.070277966],[604443.0204522543,4115458.5569518534],[604443.0173252706,4115458.5511661926],[604442.4271869762,4115457.467802523],[604442.0019962274,4115456.686078683],[604440.2450686992,4115457.6416966296],[604440.6704094481,4115458.423696249],[604441.259424817,4115459.504998887],[604442.1338849417,4115461.1357545606],[604438.5781098328,4115462.9933800194],[604435.5569840221,4115457.9154498405],[604435.5017045358,4115457.83228711],[604435.4384064627,4115457.755052304],[604435.3677210024,4115457.684515597],[604435.2903530207,4115457.621380371],[604435.2070740202,4115457.566276202],[604435.1187144476,4115457.519752581],[604435.0261554124,4115457.4822734357],[604434.9303199004,4115457.454212502],[604434.83216357,4115457.4358496005],[604434.7326652226,4115457.427367843],[604434.632817042,4115457.4288518084],[604434.5336147001,4115457.440286699],[604434.4360474291,4115457.4615584877],[604434.3410881564,4115457.492455055],[604434.2496838026,4115457.5326683046],[604434.1627458391,4115457.5817972356],[604426.9654157688,4115462.137543569],[604424.2522137845,4115463.7975003603],[604425.2959784435,4115465.5035353354],[604428.0156886933,4115463.8395967395],[604428.0286436994,4115463.831534295],[604434.3638033045,4115459.8215222685],[604437.3431023546,4115464.8291497244],[604437.3990565484,4115464.9132240363],[604437.4632053853,4115464.9912258857],[604437.534894588,4115465.0623597032],[604437.6133929726,4115465.1258999687]]],[[[604426.3040118342,4115474.8623958626],[604426.3588566453,4115474.9459121106],[604426.4217617697,4115475.0235385383],[604426.4920992308,4115475.094500208],[604426.5691668554,4115475.1580887144],[604426.652195284,4115475.2136692596],[604426.7403556507,4115475.260686987],[604426.8327678577,4115475.2986725233],[604426.9285093617,4115475.3272466618],[604427.0266243832,4115475.3461241485],[604427.1261334481,4115475.3551165317],[604427.2260431658,4115475.3541340414],[604427.3253561456,4115475.3431864846],[604427.4230809545,4115475.3223831514],[604427.5182420138,4115475.2919317186],[604427.6098893385,4115475.2521361806],[604431.8085678108,4115473.1738083707],[604430.9213236868,4115471.3813804463],[604427.5570046593,4115473.0467039146],[604423.2029130281,4115465.633999918],[604422.3406575858,4115466.1404735623],[604423.1765210325,4115465.5915361354],[604420.5536545771,4115461.5977144563],[604418.8819276837,4115462.69558931],[604421.4910672095,4115466.668509083],[604426.3040118342,4115474.8623958626]]],[[[604340.7653292385,4115466.6916108467],[604338.810492754,4115467.1142387185],[604340.657809191,4115475.6588752805],[604342.6126456755,4115475.2362474087],[604340.7653292385,4115466.6916108467]]],[[[604314.7967024619,4115471.7818104667],[604312.8382998911,4115472.187592885],[604314.739941597,4115481.365368562],[604316.6983441678,4115480.9595861435],[604314.7967024619,4115471.7818104667]]],[[[604428.1456864958,4115482.533491225],[604428.125899718,4115482.54659827],[604424.6786144573,4115484.889459859],[604425.8028104081,4115486.543601166],[604429.2402800492,4115484.2074105185],[604433.4637381381,4115481.4812864875],[604432.3791157429,4115479.8009310905],[604428.1456864958,4115482.533491225]]],[[[604321.2449069325,4115618.380971876],[604317.303612015,4115619.0422537876],[604317.6345519924,4115621.0146834394],[604321.5758469099,4115620.3534015277],[604321.2449069325,4115618.380971876]]],[[[604404.0224128619,4115606.8113112776],[604404.0293154164,4115637.5645540897],[604395.3821947674,4115661.9858903796],[604384.2888987135,4115659.950089926],[604384.1865974079,4115659.936726911],[604381.1620464602,4115659.6994785112],[604381.0056451538,4115661.6933537913],[604383.9787003221,4115661.9265628173],[604395.8597734408,4115664.1069331896],[604396.0402753996,4115663.1233585645],[604396.9829281626,4115663.457133591],[604405.9720067445,4115638.070034244],[604406.0037459363,4115637.9611154343],[604406.0229440378,4115637.8493025717],[604406.0293539563,4115637.7360347635],[604406.0224128534,4115606.8116254834],[604406.0232456429,4115603.8825439094],[604404.0232457237,4115603.8819752745],[604404.0224128619,4115606.8113112776]]],[[[604247.0,4115657.1321902373],[604248.828418222,4115657.193901105],[604248.8958817252,4115655.19503926],[604247.0,4115655.1310514347],[604247.0,4115657.1321902373]]],[[[604445.3376272088,4115752.0549907307],[604441.7025268787,4115753.086181966],[604442.248342571,4115755.010262326],[604445.8834429011,4115753.9790710905],[604445.3376272088,4115752.0549907307]]],[[[604432.3270856562,4115757.9403652227],[604432.3836350879,4115757.925559753],[604439.3160993004,4115755.892266398],[604438.75321066,4115753.973111277],[604431.8488047087,4115755.9981751377],[604426.7220608199,4115757.181465959],[604427.171850597,4115759.1302320193],[604432.3270856562,4115757.9403652227]]],[[[604568.7573886934,4115239.0886822073],[604566.7758538936,4115239.3598276246],[604568.395633983,4115251.1972049475],[604570.3771687828,4115250.92605953],[604568.7573886934,4115239.0886822073]]],[[[604498.8528328475,4115261.850009526],[604496.0707187576,4115233.0],[604494.0614408129,4115233.0],[604496.8617986342,4115262.0391936535],[604498.1747067415,4115276.502813413],[604498.0892425004,4115277.947024563],[604499.0874961207,4115278.0060983263],[604498.0875152759,4115278.012287843],[604498.1200035263,4115283.2611027593],[604498.1358776693,4115285.558892235],[604499.1358538062,4115285.5519838464],[604498.1359661688,4115285.5669742697],[604498.21366727,4115290.7497746395],[604500.2134425447,4115290.719793793],[604500.1358020242,4115285.541034262],[604500.1199629911,4115283.248364277],[604500.087679118,4115278.0325686554],[604500.1756419459,4115276.546135323],[604499.1773883256,4115276.4870615597],[604500.1732937312,4115276.396660104],[604498.8533558047,4115261.855596515],[604498.8528328475,4115261.850009526]]],[[[604568.7563075441,4115298.057543275],[604568.3579603379,4115296.0976148313],[604565.7855269489,4115296.6204510895],[604566.183874155,4115298.580379533],[604568.7563075441,4115298.057543275]]],[[[604507.7258196143,4115392.357111553],[604508.5437478374,4115396.408681655],[604509.4485924004,4115401.337884739],[604510.4321579717,4115401.1573334523],[604509.4688757247,4115401.425824258],[604510.3336772992,4115404.528530146],[604507.2668966157,4115405.31447712],[604503.7719520004,4115405.965781917],[604502.1721223507,4115402.434781377],[604501.1886704583,4115398.4181141737],[604501.1820617873,4115398.392584777],[604500.6045887828,4115396.2771718595],[604498.6751867301,4115396.803866951],[604499.2491870766,4115398.906558744],[604500.2515993866,4115403.0006651063],[604501.2229090838,4115402.7628469574],[604500.3120408098,4115403.1755441674],[604502.2528466822,4115407.459116849],[604504.0559915164,4115412.820991619],[604505.9059781849,4115420.3051287467],[604505.9102330613,4115420.3217299166],[604509.3678600941,4115433.3471623985],[604512.5232135018,4115446.4242563704],[604512.5293419552,4115446.448338862],[604514.6845122498,4115454.49752218],[604514.6934586066,4115454.528879639],[604518.786631787,4115468.036872771],[604520.848491631,4115474.9618908213],[604520.8748671104,4115475.038873391],[604522.0083360487,4115477.954461379],[604523.673374659,4115482.396778708],[604523.6774351132,4115482.4074269664],[604525.2861893694,4115486.555126585],[604527.1508418829,4115485.831890106],[604525.5441481894,4115481.689503042],[604523.8789730823,4115477.2468215404],[604523.8746310826,4115477.235448236],[604522.753711695,4115474.352141079],[604520.7027814373,4115467.463831432],[604520.7013887592,4115467.4591950094],[604516.6122424754,4115453.9644911494],[604514.4645035464,4115445.9430626794],[604511.3094018158,4115432.867011762],[604511.3038260962,4115432.845002535],[604507.8454848354,4115419.8168794415],[604505.9877008738,4115412.3011982967],[604505.9647586076,4115412.222414698],[604504.4992925716,4115407.8646697095],[604507.666066955,4115407.274521489],[604507.7311194385,4115407.2601410323],[604510.8796432252,4115406.453245138],[604511.8600853918,4115409.8473203564],[604515.1932634428,4115421.9319237634],[604516.4041283054,4115428.8130911198],[604516.4215646379,4115428.8929175856],[604518.960640513,4115438.596889529],[604521.9392693298,4115451.5462460686],[604521.9403773161,4115451.5510096024],[604524.1414159372,4115460.9100948726],[604524.1417060135,4115460.911324824],[604526.9001024748,4115472.5742087783],[604526.9111253686,4115472.616639964],[604528.832032081,4115479.3965907465],[604529.997223314,4115485.034708591],[604530.0236136325,4115485.1355583756],[604532.6468989322,4115493.3791949167],[604534.5527297814,4115492.772722515],[604531.9452715032,4115484.5788221625],[604530.7833249171,4115478.956404489],[604530.7661488533,4115478.886198756],[604528.8413613272,4115472.092550418],[604526.088156597,4115460.4516178253],[604523.8878224303,4115451.0955279814],[604520.9063983791,4115438.134019378],[604520.8992795743,4115438.1050551664],[604518.3667784551,4115428.426210966],[604517.1547664455,4115421.538524541],[604517.13390124,4115421.4459382514],[604513.7864846406,4115409.3097122773],[604513.7832010317,4115409.298082022],[604512.5331563855,4115404.9707022943],[604511.407568004,4115400.9323543054],[604510.5092851205,4115396.0388964224],[604510.505944364,4115396.0215605884],[604509.6881375797,4115391.9705920285],[604509.3573388434,4115390.1560055274],[604507.3897660142,4115390.514693639],[604507.7222580144,4115392.338568488],[604508.706044429,4115392.1592244324],[604507.7258196143,4115392.357111553]]],[[[604591.9095383352,4115393.200166947],[604589.6490756633,4115393.6270084213],[604590.0201760462,4115395.592277997],[604592.280638718,4115395.165436523],[604591.9095383352,4115393.200166947]]],[[[604454.1458024345,4115457.8699789117],[604457.5099713244,4115456.5025454476],[604456.7568674972,4115454.649754411],[604453.3926986074,4115456.017187875],[604454.1458024345,4115457.8699789117]]],[[[604456.8393712733,4115463.067293818],[604459.5594274653,4115462.0913220723],[604458.8839791722,4115460.208831806],[604456.1639229802,4115461.184803552],[604456.8393712733,4115463.067293818]]],[[[604542.6770383182,4115512.777745843],[604542.6245888992,4115512.6540612043],[604541.9919993288,4115511.4034487368],[604540.2073217249,4115512.3061811724],[604540.8095230497,4115513.4967169007],[604542.2446017924,4115517.634409033],[604544.1341782345,4115516.979045875],[604542.6770383182,4115512.777745843]]],[[[604503.9407817624,4115541.3216836774],[604504.0034355304,4115541.311495681],[604505.712237363,4115540.9776453157],[604505.3287456825,4115539.014756085],[604503.6511089762,4115539.3425176875],[604502.1263590555,4115539.5410116906],[604502.3845432,4115541.5242769145],[604503.9407817624,4115541.3216836774]]],[[[604567.1683337956,4115570.4304537107],[604566.5862514112,4115568.5820861664],[604564.6786087587,4115569.182835291],[604565.2679615455,4115571.0542895603],[604565.2836107876,4115571.1000842345],[604567.0357901364,4115575.8487608265],[604568.9121343048,4115575.1564223533],[604567.1683337956,4115570.4304537107]]],[[[604560.7955783069,4115582.032962421],[604560.1981252127,4115580.4271779615],[604558.3236631597,4115581.1245960654],[604558.9250641163,4115582.740991259],[604558.9331990551,4115582.762120631],[604560.2160310873,4115585.9848096333],[604562.0742232625,4115585.2451327853],[604560.7955783069,4115582.032962421]]],[[[604524.9201852675,4115585.281312753],[604521.6059529062,4115586.2054976444],[604522.143164078,4115588.131998139],[604525.4561756677,4115587.2081536637],[604528.4928976644,4115586.369643365],[604527.9605713289,4115584.4417873872],[604524.9226276856,4115585.2806350114],[604524.9201852675,4115585.281312753]]],[[[604516.4644531362,4115589.4719684],[604516.2785216522,4115587.4806297836],[604514.7052265565,4115587.6275285026],[604514.699466096,4115587.6280831755],[604511.4193078,4115587.953510579],[604511.3471057354,4115587.9633417386],[604508.4835432558,4115588.460116306],[604503.4491730824,4115589.3182962826],[604503.6172133229,4115590.304076419],[604503.4043147403,4115589.327002116],[604498.4901614386,4115590.397766406],[604498.9159586037,4115592.3519150126],[604503.8077822161,4115591.2860162267],[604508.8210681078,4115590.4314303654],[604508.6530278673,4115589.4456502288],[604508.8239561344,4115590.4309337046],[604511.653040451,4115589.9401404546],[604514.8940390695,4115589.618598117],[604516.4644531362,4115589.4719684]]],[[[604517.8720526384,4115624.4414489823],[604535.2235813498,4115622.7484780345],[604535.3092959892,4115622.736350109],[604535.393640541,4115622.7168544023],[604547.1535458028,4115619.456481447],[604546.6192117102,4115617.5291809835],[604534.9429633798,4115620.766360487],[604517.6778369282,4115622.4509012545],[604517.8720526384,4115624.4414489823]]],[[[604470.4306223907,4115682.474368089],[604470.3393113671,4115682.513022923],[604470.2522773666,4115682.560530627],[604470.1703760987,4115682.616424111],[604470.0944128085,4115682.6801538356],[604470.0251343594,4115682.7510932162],[604468.9006629497,4115684.022990548],[604467.4071471795,4115685.700862361],[604468.9010484604,4115687.030621348],[604470.3956870205,4115685.35148815],[604470.3979283354,4115685.3489615945],[604471.2459855678,4115684.3897182364],[604478.4235128203,4115684.00702023],[604478.3170262371,4115682.0098570897],[604470.7210830231,4115682.414864584],[604470.6224512397,4115682.4250464565],[604470.5253126767,4115682.4449461754],[604470.4306223907,4115682.474368089]]],[[[604592.2580491022,4115349.6293463344],[604590.2999590576,4115350.036634166],[604593.3914388014,4115364.899331354],[604595.349528846,4115364.4920435227],[604592.2580491022,4115349.6293463344]]],[[[604646.3293505796,4115645.755963832],[604646.2722285452,4115645.671076278],[604646.2067314215,4115645.5924699786],[604646.1335448865,4115645.5209678477],[604646.053435117,4115645.45731843],[604645.9672407683,4115645.4021880585],[604645.8758641934,4115645.3561538844],[604641.0728908204,4115643.237205484],[604639.9141962565,4115638.4961161725],[604638.0012714802,4115630.656523052],[604641.5026740162,4115627.7542716158],[604641.5771700625,4115627.6858814894],[604641.644377869,4115627.6103170733],[604641.7036101103,4115627.528351154],[604641.754261026,4115627.4408219876],[604641.7958126158,4115627.3486247226],[604641.8278399367,4115627.2527022487],[604641.8500154497,4115627.154035553],[604641.8621123687,4115627.053633686],[604641.8640069799,4115626.9525234457],[604641.8556799075,4115626.8517388725],[604641.8372163113,4115626.752310678],[604627.6873746039,4115567.4411164904],[604627.3019391976,4115565.7232241672],[604610.5466128875,4115490.8833240685],[604610.5443940241,4115490.8736391524],[604604.8289762717,4115466.484190969],[604600.6166712772,4115447.805806327],[604599.6896626286,4115443.203632038],[604599.099685605,4115438.498003568],[604598.7682702971,4115434.019040284],[604598.5223108386,4115428.162114996],[604596.524072059,4115428.2460303106],[604596.7707005718,4115434.1188874966],[604596.7725463093,4115434.1507218606],[604597.107015491,4115438.6709571932],[604597.11205736,4115438.7215680988],[604597.7098067246,4115443.4891883885],[604597.7217280422,4115443.5622478398],[604598.6583250577,4115448.212023988],[604598.6631340241,4115448.2345543937],[604602.8788949512,4115466.9282634812],[604602.8807725204,4115466.936429508],[604608.5960126729,4115491.3251198176],[604625.1339752736,4115565.1941359127],[604611.1654982213,4115568.466505553],[604611.62168368,4115570.4137843796],[604625.5713965372,4115567.145810593],[604625.7373659321,4115567.885539285],[604625.7404059685,4115567.89867367],[604639.7474717862,4115626.611401197],[604636.2433209785,4115629.515930628],[604636.1684972472,4115629.5846537994],[604636.1010325514,4115629.660614183],[604636.0416232253,4115629.7430277565],[604635.9908824606,4115629.8310438907],[604635.9493339761,4115629.92375413],[604635.917406613,4115630.0202015694],[604635.8954299086,4115630.11939073],[604635.8836306946,4115630.2202978334],[604635.8821307562,4115630.321881372],[604635.8909455749,4115630.4230928537],[604635.909984169,4115630.522887628],[604637.7429227873,4115638.034679603],[604629.6527065098,4115640.333440835],[604630.1993496596,4115642.2572862725],[604638.2177268667,4115639.978937458],[604639.2470450213,4115644.1906509786],[604639.2761785281,4115644.288079009],[604639.3150561021,4115644.382044516],[604639.3632757113,4115644.471575804],[604639.4203387174,4115644.555747032],[604639.4856550328,4115644.6336877868],[604639.5585492228,4115644.704592084],[604639.6382674896,4115644.767726704],[604639.7239854684,4115644.8224387723],[604639.8148167508,4115644.8681625123],[604644.6145751181,4115646.985692535],[604645.4361251679,4115650.431533555],[604645.4367431556,4115650.4341104515],[604649.2814749326,4115666.372788947],[604636.9420802994,4115669.4197456418],[604637.4215377239,4115671.361425476],[604649.7449547597,4115668.3184141167],[604653.982624136,4115686.330694923],[604653.9935482688,4115686.3729663314],[604654.7169362479,4115688.9394993316],[604655.8619748605,4115694.1406040513],[604655.8624209046,4115694.1426202],[604657.3821193711,4115700.978288515],[604657.5796279273,4115705.398590591],[604657.5832718633,4115705.4501810763],[604658.3508546668,4115713.3898658836],[604648.9404319844,4115715.854091258],[604649.4470720494,4115717.78885632],[604658.7055944914,4115715.3644077377],[604666.3140052356,4115745.495604509],[604657.4008925902,4115747.8498537624],[604657.911642822,4115749.783537863],[604666.8037092284,4115747.4348476203],[604672.1703060002,4115768.685598148],[604663.5721449505,4115770.996411169],[604664.0912380081,4115772.9278723765],[604672.6600027834,4115770.6249598],[604679.2079487572,4115796.560255561],[604670.9934150989,4115799.0027501765],[604671.5634276718,4115800.9198014713],[604679.6982339049,4115798.5010128645],[604687.1498088128,4115827.9810593645],[604687.0826330952,4115828.0],[604687.1545963753,4115828.0],[604688.1662142358,4115828.0],[604689.2174980394,4115828.0],[604681.3818548826,4115797.0004955963],[604674.3506019228,4115769.1509034024],[604668.495307972,4115745.9650006155],[604660.4162620477,4115713.9699716065],[604659.6133452766,4115705.6648010626],[604662.8831698187,4115701.6217948874],[604665.5918389625,4115699.9453358282],[604668.6624458997,4115698.9231023607],[604671.8654410433,4115698.315041537],[604675.0663356221,4115698.2173304143],[604678.1360890942,4115698.601889726],[604678.1421119865,4115698.6026256834],[604681.262634331,4115698.9743278306],[604681.374410343,4115698.9813263086],[604685.1118542666,4115699.0056321844],[604685.2431093771,4115698.9978412976],[604706.121926075,4115696.372661124],[604705.8724222629,4115694.38828519],[604685.0589764658,4115697.005246009],[604681.4435010148,4115696.981733336],[604678.381682969,4115696.6170237726],[604675.237816108,4115696.2231800044],[604675.1605505071,4115696.2165312516],[604675.0830020203,4115696.2158900215],[604671.7257457633,4115696.3183742706],[604671.6474110722,4115696.323850121],[604671.5697475632,4115696.335455643],[604668.2236209214,4115696.9706887393],[604668.0942654881,4115697.004337829],[604664.8491419179,4115698.0846694987],[604664.7410656099,4115698.1277840603],[604664.6387292015,4115698.183161071],[604661.6861745893,4115700.0105665843],[604661.5943000886,4115700.0748210144],[604661.5101954943,4115700.1489558434],[604661.4349179638,4115700.23203923],[604659.4598867171,4115702.674085714],[604659.3762301193,4115700.8018253897],[604658.3772268738,4115700.8464629925],[604659.3533939385,4115700.629442575],[604657.8149790964,4115693.7095872066],[604656.6639222547,4115688.4811459067],[604655.6873091459,4115688.6961501758],[604656.6498083783,4115688.424865772],[604656.1570892141,4115686.6767305653],[604659.7485422783,4115685.145595945],[604659.8359034406,4115685.1032274836],[604659.918743991,4115685.0525865667],[604659.9962829866,4115684.9941505897],[604660.0677894626,4115684.9284704323],[604660.1325893234,4115684.8561652647],[604671.8453105019,4115670.4354789406],[604717.1316478031,4115664.5993472654],[604735.7943580836,4115662.806313434],[604742.6895937027,4115662.5939550865],[604742.787436319,4115662.5861221952],[604745.5975158219,4115662.2216456705],[604745.70966128,4115662.200534351],[604745.818671344,4115662.166783832],[604748.895987711,4115661.0178171983],[604748.9754449845,4115660.9841769524],[604749.0517065228,4115660.9438123363],[604752.0746196446,4115659.172792116],[604752.185284634,4115659.0975825796],[604754.9915242869,4115656.9022169854],[604755.0724132541,4115656.8316185186],[604757.9123293362,4115654.0707757813],[604757.9692157177,4115654.010699966],[604761.0586177619,4115650.465146435],[604761.1098975677,4115650.4011794864],[604761.1557651741,4115650.333226917],[604766.121299904,4115642.283854822],[604766.1504152967,4115642.2334284307],[604781.5245570642,4115613.720021084],[604785.8325147543,4115606.6283676983],[604788.6327859755,4115602.7435630234],[604790.710215109,4115600.285654678],[604791.8739627902,4115599.3916397006],[604792.3936567053,4115599.4600707567],[604792.5075994158,4115599.468490981],[604792.6217588997,4115599.463859164],[604792.7346449369,4115599.4462357685],[604793.6604771396,4115599.2469413425],[604793.7614046638,4115599.2196242],[604793.8589281401,4115599.181917928],[604793.9519813844,4115599.1342347534],[604794.7568517694,4115598.6671293555],[604794.8502553552,4115598.60569755],[604794.9362182332,4115598.534223917],[604795.0136660313,4115598.4536017417],[604795.363671618,4115598.045894264],[604800.4265934186,4115597.563769812],[604807.8556850763,4115598.351703208],[604813.7963620404,4115601.2648914517],[604817.7821745103,4115606.0658421083],[604849.1978533864,4115674.729215293],[604846.9602126096,4115675.5131278466],[604847.6214682317,4115677.4006502973],[604850.8940863429,4115676.2541541993],[604850.9846766441,4115676.2173523456],[604851.0712396877,4115676.171879072],[604851.1529478463,4115676.1181691485],[604851.22901991,4115676.0567360935],[604851.2987285551,4115675.9881672673],[604851.361407299,4115675.9131182553],[604851.4164568713,4115675.8323065997],[604851.4633509443,4115675.7465049387],[604851.5016411648,4115675.656533621],[604851.5309614408,4115675.563252859],[604851.5510314415,4115675.4675545087],[604851.5616592785,4115675.370353541],[604851.5627433388,4115675.272579291],[604851.554273258,4115675.175166577],[604851.5363300183,4115675.0790467598],[604851.5090851746,4115674.985138839],[604851.4727992145,4115674.894340666],[604819.5456593029,4115605.1130976398],[604819.5056091313,4115605.034848413],[604819.4588419888,4115604.960418633],[604819.4057192431,4115604.8903834163],[604815.1983536532,4115599.822569829],[604815.1268143986,4115599.7451035],[604815.0475156952,4115599.67560089],[604814.9613392573,4115599.614834792],[604814.8692432716,4115599.5634808578],[604808.5773982625,4115596.4780868827],[604808.4971919055,4115596.443022455],[604808.4142263794,4115596.415106595],[604808.3291374133,4115596.3945532106],[604808.2425770079,4115596.3815197926],[604800.5374521029,4115595.5643101647],[604800.4373457234,4115595.558747136],[604800.3371854377,4115595.563236198],[604796.2305772704,4115595.9542942247],[604796.2616253695,4115595.3349565594],[604796.2611025646,4115595.225299244],[604796.248576128,4115595.116358487],[604796.2241966903,4115595.009444301],[604795.968940308,4115594.118583253],[604795.9336302814,4115594.01652114],[604795.8875197961,4115593.9188620597],[604795.8311466607,4115593.826745055],[604795.2991835006,4115593.054494224],[604795.2305442474,4115592.965918345],[604795.1524258879,4115592.885578098],[604795.065809357,4115592.8144823173],[604794.3091578521,4115592.261353817],[604794.2202085289,4115592.2033164497],[604794.1256055103,4115592.155040297],[604794.0264159484,4115592.117069929],[604793.1332934257,4115591.8285465534],[604793.0253267073,4115591.800214649],[604792.9148750555,4115591.7840919415],[604792.8033146439,4115591.780379311],[604791.8530614926,4115591.8018332804],[604791.7419281172,4115591.8105573016],[604791.6324562554,4115591.831596482],[604791.5260062848,4115591.8646893725],[604790.6340235639,4115592.197557842],[604790.5338764732,4115592.2413044097],[604790.4391011201,4115592.2957179593],[604790.3508294258,4115592.3601486194],[604789.6153168252,4115592.9612703864],[604789.5339900799,4115593.03557345],[604789.4613295029,4115593.118370946],[604789.3982168292,4115593.2086581276],[604788.8998963014,4115594.0124622504],[604788.8463396407,4115594.110737061],[604788.8041001671,4115594.214381073],[604788.7737069831,4115594.322096015],[604788.5668075816,4115595.2515856046],[604788.5485822218,4115595.362574377],[604788.5429358722,4115595.4749077656],[604788.5499399628,4115595.5871646767],[604788.6624741866,4115596.531728304],[604788.6822181585,4115596.6432439196],[604788.7144443942,4115596.7518119933],[604788.7587395742,4115596.8560400796],[604789.1830737789,4115597.7157184645],[604789.226255365,4115597.794147092],[604789.2762785958,4115597.8683991986],[604789.3327425005,4115597.937879602],[604789.7999500452,4115598.4629058223],[604789.4066093806,4115598.765078236],[604789.3253909424,4115598.834685986],[604789.252072131,4115598.9125706796],[604787.0803884511,4115601.481996204],[604787.032916886,4115601.5427683652],[604784.1870682717,4115605.490802369],[604784.1436205239,4115605.5563670998],[604779.8018865897,4115612.7036221027],[604779.7763471924,4115612.7482069572],[604764.4038319507,4115641.258597694],[604759.4967416709,4115649.2132285065],[604756.4885341823,4115652.6655990724],[604753.7168517591,4115655.360108018],[604751.005765303,4115657.481033764],[604748.1153638393,4115659.1744199875],[604745.2265406741,4115660.253009587],[604742.5789134713,4115660.596415516],[604735.7002987387,4115660.808261976],[604735.6354466034,4115660.8123716274],[604716.9242580307,4115662.6100630467],[604716.8920786106,4115662.6136814263],[604671.1932651858,4115668.502969641],[604671.0997032285,4115668.5195793365],[604671.0081402415,4115668.5449947114],[604670.9194030134,4115668.578986272],[604670.8342928167,4115668.621247085],[604670.7535781726,4115668.6713955454],[604670.6779879121,4115668.728978827],[604670.6082045941,4115668.79347697],[604670.5448583426,4115668.8643075726],[604658.7363212302,4115683.4029623442],[604655.6572638456,4115684.7156486786],[604651.4602501153,4115666.87617534],[604651.4589442194,4115666.8706939304],[604647.3812887951,4115649.9664096804],[604646.4449611086,4115646.039154912],[604646.4161713169,4115645.940971555],[604646.3774995245,4115645.846243967],[604646.3293505796,4115645.755963832]],[[604791.8735166868,4115597.374316983],[604791.2565502475,4115597.0912295803],[604790.9166769646,4115596.7092957115],[604790.6281262334,4115596.1247073757],[604790.5560567286,4115595.519787107],[604790.6890841267,4115594.9221653603],[604791.010145913,4115594.4042842514],[604791.488327799,4115594.0134744407],[604792.0670393212,4115593.7975119404],[604792.6793953037,4115593.7836867124],[604793.2586331978,4115593.9708096078],[604793.7484491423,4115594.328875583],[604794.0913437506,4115594.8266556286],[604794.2558188195,4115595.400684105],[604794.2253229481,4115596.0090061086],[604794.0018944225,4115596.561735122],[604793.6064744749,4115597.0223439685],[604793.0849304582,4115597.3250213065],[604792.4830622518,4115597.4545793175],[604791.8735166868,4115597.374316983]]],[[[604617.8248554055,4115762.794674476],[604617.8882514025,4115762.780634773],[604621.727658367,4115761.7985775652],[604622.8870014042,4115763.0900856964],[604623.460524762,4115765.788155451],[604624.3663892262,4115770.0492173014],[604625.3445299261,4115769.8412731476],[604624.3759221036,4115770.0898669655],[604626.4928987401,4115778.3383429255],[604628.430114385,4115777.8411552897],[604626.3183285858,4115769.612904634],[604625.416813659,4115765.3723024097],[604624.787749302,4115762.4129468887],[604623.8096039816,4115762.6208693073],[604624.5537611133,4115761.952864694],[604622.9713972053,4115760.1901113177],[604622.7363207282,4115759.3086205847],[604620.8038575524,4115759.8239710224],[604620.840434172,4115759.9611261794],[604617.424110139,4115760.834965726],[604615.0711185237,4115761.276451737],[604615.4399377679,4115763.242150688],[604617.8248554055,4115762.794674476]]],[[[604617.0346180131,4115769.084367774],[604617.0209842446,4115769.035113727],[604616.1594632474,4115766.206012769],[604614.2462078653,4115766.7886394444],[604615.1002824762,4115769.5932876277],[604615.8382858486,4115772.5514729023],[604617.7788087676,4115772.0673543205],[604617.0346180131,4115769.084367774]]],[[[604635.0732240117,4115822.8998204246],[604635.1328314387,4115822.8850340717],[604638.338616204,4115821.984450151],[604638.7354283893,4115823.3535597073],[604639.3518910737,4115826.0624751],[604639.3642355108,4115826.1110582068],[604639.8949339828,4115828.0],[604641.9723679618,4115828.0],[604641.2964690347,4115825.5942389155],[604640.679094447,4115822.8813163564],[604639.704023868,4115823.1032112995],[604640.6644960797,4115822.8248354197],[604639.9858770665,4115820.483415951],[604639.2665928946,4115817.8308444256],[604638.3014473042,4115818.092557989],[604639.2572057996,4115817.79840548],[604635.6988079798,4115806.2364814994],[604633.7872909891,4115806.8247865173],[604637.3407213581,4115818.370570288],[604637.7984996247,4115820.058762024],[604634.6214974457,4115820.951260207],[604631.2954735676,4115821.6686734753],[604631.7171692898,4115823.6237112544],[604635.0732240117,4115822.8998204246]]]]}},{"type":"Feature","properties":{"class":"pedestrian","widthMeters":3},"geometry":{"type":"MultiPolygon","coordinates":[[[[604334.3265645859,4115266.462327556],[604334.2101564616,4115266.551835327],[604334.1030579401,4115266.6522962605],[604334.006295382,4115266.7627476063],[604333.920796095,4115266.882130873],[604333.8473794467,4115267.009301971],[604333.7867490132,4115267.1430421784],[604333.739485836,4115267.2820698177],[604333.7060428536,4115267.425052542],[604333.6867405613,4115267.5706200995],[604333.6817639391,4115267.71737747],[604333.6911606797,4115267.8639182276],[604333.7148407312,4115268.008838025],[604334.2603686694,4115270.5565854725],[604334.2626144114,4115270.5668963464],[604334.8343613103,4115273.148256916],[604334.872385182,4115273.2877201876],[604334.9236568474,4115273.422875784],[604334.9877001455,4115273.5524685113],[604335.0639203037,4115273.6752948374],[604335.1516094635,4115273.7902140706],[604335.2499532528,4115273.8961589527],[604335.3580383499,4115273.99214557],[604335.474860965,4115274.077282492],[604335.5993361631,4115274.15077905],[604335.7303079391,4115274.2119526784],[604335.8665599541,4115274.260235256],[604336.0068268316,4115274.2951783817],[604336.1498059087,4115274.3164575365],[604336.2941693343,4115274.3238751013],[604336.438576401,4115274.3173621884],[604336.5816859957,4115274.2969792834],[604338.3849090126,4115273.9507813496],[604340.7747679588,4115285.5826125243],[604340.8144592036,4115285.7348172157],[604340.8698709405,4115285.8820286365],[604340.9403938453,4115286.0226280065],[604341.0252524277,4115286.155069254],[604341.1235135576,4115286.2778960154],[604341.2340967266,4115286.389757652],[604341.3557859297,4115286.4894240997],[604342.2004420715,4115287.110176988],[604342.3320801735,4115287.1966580413],[604342.4720608093,4115287.26885904],[604342.6188406105,4115287.325983925],[604342.7708012443,4115287.367402861],[604342.9262672561,4115287.392659181],[604343.0835245425,4115287.401474418],[604344.326485545,4115287.4057900016],[604344.467535599,4115287.399635358],[604344.6073822132,4115287.380246653],[604356.0162969842,4115285.247035178],[604356.040988769,4115285.2422037013],[604358.0882738276,4115284.8237512857],[604358.2274083103,4115284.788299235],[604358.3625158103,4115284.739706894],[604358.4923584273,4115284.678419481],[604358.6157465,4115284.604998532],[604358.7315495055,4115284.5201167553],[604358.838706418,4115284.424551865],[604358.9362354303,4115284.319179459],[604359.0232429486,4115284.2049649945],[604359.0989317811,4115284.0829549422],[604359.1626084414,4115283.9542671996],[604359.2136895027,4115283.8200808465],[604359.2517069431,4115283.681625343],[604359.2763124342,4115283.540169265],[604359.2872805324,4115283.3970086807],[604359.284510744,4115283.2534552743],[604359.268028447,4115283.1108243307],[604358.0544137062,4115275.7280300194],[604358.0520650931,4115275.714149921],[604357.6708106186,4115273.5235099783],[604357.6689265335,4115273.512909617],[604357.1785950189,4115270.810501061],[604357.1782718784,4115270.808726184],[604354.568065718,4115256.520708541],[604354.1873974617,4115254.392673884],[604353.5005908741,4115250.4161996488],[604353.4684588377,4115250.272580638],[604353.4224075205,4115250.1328016547],[604353.3628802202,4115249.9982082355],[604353.3528494083,4115249.9804660697],[604353.3721202522,4115249.9052617312],[604353.3945210027,4115249.759517332],[604353.4025035923,4115249.6122777257],[604353.3959908801,4115249.464965784],[604353.3750458026,4115249.3190050796],[604352.5655306438,4115245.1479671267],[604352.5310065463,4115245.006955259],[604352.483012382,4115244.869941317],[604352.4219977233,4115244.7382087414],[604352.3485341081,4115244.6129915006],[604352.2633096869,4115244.4954625336],[604352.1671227762,4115244.3867227603],[604352.0608743805,4115244.2877907706],[604351.9455597526,4115244.1995932837],[604351.8222590709,4115244.122956465],[604351.6921273207,4115244.058598189],[604351.5563834757,4115244.0071213143],[604351.4162990791,4115243.9690080364],[604351.2731863335,4115243.9446153706],[604351.1283858081,4115243.9341718093],[604350.9832538825,4115243.9377751793],[604350.8391500403,4115243.9553917274],[604346.3268648349,4115244.730218782],[604342.0465055327,4115245.4192365184],[604342.0298849843,4115245.4220078196],[604337.1094306358,4115246.2708736756],[604337.1048689927,4115246.271667892],[604333.9318659162,4115246.829158822],[604333.0992809057,4115246.9609423717],[604332.9527915731,4115246.9916902115],[604332.8100960142,4115247.0368845877],[604332.6726151312,4115247.096075474],[604332.541717901,4115247.1686734715],[604332.4187077432,4115247.2539556813],[604332.3048095411,4115247.3510728977],[604332.2011574453,4115247.459058069],[604332.1087835798,4115247.5768359243],[604332.0286077646,4115247.7032336807],[604331.9614283568,4115247.836992723],[604331.9079143008,4115247.9767811345],[604331.868598467,4115248.121206961],[604331.8438723459,4115248.268832071],[604331.8339821498,4115248.418186476],[604331.8390263612,4115248.567782967],[604331.858954752,4115248.716131925],[604332.8576647899,4115254.09897746],[604332.8908147939,4115254.23953906],[604332.9373285251,4115254.376261256],[604332.9967748222,4115254.507876695],[604333.0686026451,4115254.633165362],[604333.1521461818,4115254.7509658863],[604333.2466310217,4115254.860186311],[604333.3511813328,4115254.9598142114],[604333.4648279808,4115255.0489260824],[604333.5865175126,4115255.1266958965],[604333.7151219208,4115255.192402763],[604333.8494491008,4115255.245437608],[604333.9882539001,4115255.2853088235],[604334.1302496606,4115255.311646821],[604334.2741201457,4115255.3242074586],[604334.4185317409,4115255.3228743053],[604334.5621458156,4115255.3076597187],[604334.6058729051,4115255.300885215],[604336.7385508436,4115265.8198274667],[604334.8618729765,4115266.229244266],[604334.7201096152,4115266.2675279686],[604334.5827688077,4115266.3194894446],[604334.4511667358,4115266.3846307304],[604334.3265645859,4115266.462327556]],[[604350.1434386786,4115248.414075276],[604349.8229474749,4115248.4753787885],[604349.6763008661,4115248.5111622587],[604349.5339932315,4115248.561503313],[604349.3974657165,4115248.6258921498],[604349.2681009313,4115248.703676705],[604349.1472089494,4115248.794069256],[604349.0360140403,4115248.8961544014],[604348.9356422717,4115249.0088983267],[604348.8471101053,4115249.1311592776],[604348.7713141041,4115249.2616991214],[604348.7090218519,4115249.399195885],[604348.6608641805,4115249.542257142],[604348.6273287813,4115249.689434116],[604348.6087552662,4115249.8392363493],[604348.6053317287,4115249.9901467995],[604348.617092839,4115250.1406372013],[604348.6439194924,4115250.2891835417],[604348.8799667128,4115251.30184648],[604348.9216627674,4115251.4471651195],[604348.9777748307,4115251.5875485386],[604349.047732902,4115251.721570687],[604349.1308263298,4115251.8478701334],[604349.22621103,4115251.965163897],[604349.3329180608,4115252.072260477],[604349.4498634652,4115252.1680719606],[604349.575859282,4115252.25162507],[604349.7096256143,4115252.322071051],[604349.8498036299,4115252.378694297],[604349.9949693648,4115252.4209196134],[604350.1436481891,4115252.4483180656],[604350.2943297857,4115252.4606113327],[604350.4454834929,4115252.4576745364],[604350.5955738531,4115252.4395375103],[604350.7995661147,4115252.404379487],[604351.2319309264,4115254.9076861897],[604351.2334840791,4115254.916521041],[604351.6154284038,4115257.0516892527],[604351.6164109645,4115257.0571242776],[604354.2269512964,4115271.346971144],[604354.716160715,4115274.0431953897],[604355.0952852939,4115276.221597222],[604356.0736835804,4115282.173496998],[604355.4525534889,4115282.3004521504],[604344.1952470865,4115284.4053162574],[604343.5951196143,4115284.403232604],[604341.0255306583,4115271.8966263155],[604340.9892254124,4115271.7552229753],[604340.9393461389,4115271.618018626],[604340.876365316,4115271.486312926],[604340.8008795254,4115271.3613534486],[604340.7136038011,4115271.244323865],[604340.6153648567,4115271.13633273],[604340.507093254,4115271.0384029816],[604340.3898145887,4115270.951462254],[604340.264639775,4115270.8763340865],[604340.1327545232,4115270.8137301262],[604339.9954081074,4115270.7642433853],[604339.8539015326,4115270.7283426225],[604339.7095752101,4115270.7063679066],[604339.5637962617,4115270.698527391],[604339.4179455687,4115270.7048953446],[604339.2734046921,4115270.725411447],[604337.4480507022,4115271.0758582717],[604337.1927697296,4115269.9232989172],[604336.9612006362,4115268.8418152286],[604338.8220491792,4115268.435851761],[604338.962839985,4115268.3978821575],[604339.0992787034,4115268.346421319],[604339.2300759132,4115268.2819555784],[604339.3539955086,4115268.205094173],[604339.4698663809,4115268.1165634845],[604339.5765934865,4115268.017200178],[604339.6731681952,4115267.9079432907],[604339.7586778229,4115267.7898253608],[604339.8323142563,4115267.663962668],[604339.8933815906,4115267.531544684],[604339.9413027057,4115267.393822832],[604339.9756247206,4115267.2520986595],[604339.9960232733,4115267.1077115377],[604340.0023055862,4115266.9620260056],[604339.9944122882,4115266.816418871],[604339.972417975,4115266.672266202],[604337.2614950509,4115253.30126387],[604337.2264717626,4115253.1627587024],[604337.1784306307,4115253.028213685],[604337.1178074481,4115252.8988493085],[604337.0451521431,4115252.77583907],[604336.9611237899,4115252.6602988257],[604336.8664846307,4115252.55327667],[604336.762093161,4115252.455743429],[604336.648896342,4115252.3685838487],[604336.5279210102,4115252.2925885776],[604336.4002645632,4115252.2284469865],[604336.2670850042,4115252.1767409206],[604336.1295904387,4115252.137939418],[604335.9890281139,4115252.1123944568],[604335.8466731061,4115252.1003377624],[604335.7038167528,4115252.101878703],[604335.5617549398,4115252.1170033016],[604335.5417123012,4115252.120108446],[604335.0875131201,4115249.6720665307],[604337.6217313712,4115249.226808945],[604342.5316017775,4115248.379769007],[604346.8113837196,4115247.69084421],[604346.8268516932,4115247.6882712855],[604349.900152412,4115247.160539452],[604350.1434386786,4115248.414075276]]],[[[604363.7448864633,4115365.8608596334],[604363.8612301468,4115365.7638519746],[604363.9671965572,4115365.655604765],[604364.0617050093,4115365.537221949],[604364.1437916707,4115365.40991084],[604364.212619391,4115365.274969803],[604364.2674862397,4115365.133775017],[604364.307832664,4115364.9877664405],[604364.333247196,4115364.8384331213],[604364.343470649,4115364.687298018],[604364.3383987603,4115364.5359024615],[604364.318083255,4115364.3857904407],[604364.2681219977,4115364.118866772],[604364.2654948174,4115364.1051825425],[604363.7225965918,4115361.3466410413],[604363.7218251268,4115361.3427483053],[604362.7946052321,4115356.69632907],[604361.9698917998,4115352.467288669],[604361.8543584396,4115351.8500407063],[604361.8207006956,4115351.708546615],[604361.7734978305,4115351.57097732],[604361.7131936228,4115351.4386261804],[604361.6403550239,4115351.3127374994],[604361.5556668272,4115351.1944948216],[604361.4599252308,4115351.0850098077],[604361.354030351,4115350.985311784],[604361.238977761,4115350.896338063],[604361.11584913,4115350.818925133],[604360.9858020542,4115350.753800793],[604360.850059174,4115350.701577312],[604360.7098966789,4115350.6627456686],[604360.5666323096,4115350.6376709403],[604360.4216129689,4115350.6265888675],[604360.2762020591,4115350.6296036383],[604360.131766664,4115350.6466869097],[604353.0496618884,4115351.8349025566],[604352.901837474,4115351.8674479513],[604352.7580456571,4115351.9147255737],[604352.6197506384,4115351.976254006],[604352.4883606458,4115352.0514067174],[604352.3652135953,4115352.1394184446],[604352.2515634664,4115352.2393929833],[604352.1485675336,4115352.3503123145],[604352.0572745819,4115352.4710469707],[604351.9786142277,4115352.600367537],[604351.9133874524,4115352.7369571705],[604351.8622584458,4115352.8794250083],[604351.8257478436,4115353.026320332],[604351.8042274254,4115353.1761473385],[604351.7979163287,4115353.3273803713],[604351.806878818,4115353.478479458],[604351.8310236305,4115353.627905989],[604352.2925821483,4115355.786253982],[604352.2929560811,4115355.7879975047],[604352.8218176118,4115358.246771998],[604353.350990306,4115360.7069913233],[604353.8798326396,4115363.1539493757],[604354.4078776385,4115365.6089325575],[604354.625243386,4115366.640492456],[604354.6636553977,4115366.7861168687],[604354.7164765644,4115366.927155433],[604354.7831744032,4115367.0621863576],[604354.8630765418,4115367.1898484137],[604354.9553774974,4115367.3088546568],[604355.0591467962,4115367.418005401],[604355.1733383538,4115367.516200311],[604355.2968010199,4115367.6024494986],[604355.4282901841,4115367.675883496],[604355.5664803212,4115367.735762025],[604355.709978355,4115367.781481459],[604355.8573377006,4115367.812580905],[604356.0070728479,4115367.8287468543],[604356.1576743368,4115367.82981634],[604356.3076239737,4115367.815778581],[604356.455410136,4115367.78677509],[604360.273478652,4115366.836174204],[604363.2007961209,4115366.118630613],[604363.3459125325,4115366.0751844896],[604363.4859070719,4115366.0173237305],[604363.6193520227,4115365.9456384205],[604363.7448864633,4115365.8608596334]],[[604359.1826084197,4115353.847864761],[604359.8507004495,4115357.273767717],[604359.8519702322,4115357.280204072],[604360.7794437459,4115361.927894225],[604361.097762254,4115363.545314901],[604359.5566164105,4115363.923080324],[604359.5513263595,4115363.9243872114],[604357.2380400735,4115364.5003360147],[604356.8125996599,4115362.5223813658],[604356.2834457333,4115360.073978122],[604355.7547398715,4115357.6159257255],[604355.2260657415,4115355.158022493],[604355.0926345214,4115354.534069094],[604359.1826084197,4115353.847864761]]],[[[604376.1376016912,4115376.1515201074],[604382.0345918107,4115407.5153971068],[604382.0654422411,4115407.646673771],[604383.1967024915,4115411.6441719704],[604383.255538156,4115411.8129634913],[604384.8506122767,4115415.638679272],[604387.6195793613,4115414.484200479],[604386.0589606552,4115410.741124509],[604384.9704593625,4115406.894722272],[604379.0868480202,4115375.6020019664],[604366.215557543,4115304.5881108018],[604363.2636532345,4115305.1231444012],[604376.1358191742,4115376.141865696],[604376.1376016912,4115376.1515201074]]],[[[604354.477417141,4115381.4652036238],[604360.684852857,4115411.317673899],[604363.6220262857,4115410.706926611],[604357.4133016138,4115380.8482575575],[604357.4106714206,4115380.8358711065],[604341.9496057524,4115309.507688585],[604339.0176927099,4115310.143208775],[604354.477417141,4115381.4652036238]]],[[[604325.0307478434,4115388.806831531],[604309.7554605146,4115315.467362656],[604306.8184891249,4115316.079080774],[604322.0949908453,4115389.4243801674],[604322.0974658929,4115389.4360313946],[604333.6276665579,4115442.673352072],[604336.5596878524,4115442.0383314993],[604325.0307478434,4115388.806831531]]],[[[604397.9734503188,4115412.225781674],[604400.970133104,4115412.3668216863],[604402.6580641797,4115376.503282559],[604399.6613813945,4115376.362242547],[604397.9734503188,4115412.225781674]]],[[[604297.4016851895,4115412.2496469384],[604297.5011778325,4115412.355735019],[604297.6104771517,4115412.451688787],[604297.728555565,4115412.5366061297],[604297.8543029536,4115412.6096886927],[604297.9865370981,4115412.6702493886],[604298.1240147938,4115412.7177188518],[604298.2654435385,4115412.7516507977],[604298.4094936844,4115412.7717262125],[604298.5548109378,4115412.7777563576],[604298.7000290928,4115412.769684539],[604298.843782875,4115412.747586645],[604301.92367437,4115412.119970274],[604306.489905425,4115411.1890240037],[604306.6297969824,4115411.153414655],[604306.76561786,4115411.104523319],[604306.8961101952,4115411.042802788],[604307.0200654739,4115410.9688246665],[604307.1363357229,4115410.8832740807],[604307.2438441416,4115410.7869433304],[604307.3415950743,4115410.680724553],[604307.4286832311,4115410.56560146],[604307.5043020723,4115410.4426402287],[604307.5677512775,4115410.312979626],[604307.6184432318,4115410.177820463],[604307.6559084672,4115410.0384144746],[604307.6798000115,4115409.896052725],[604307.6898966002,4115409.7520536543],[604307.6861047272,4115409.6077508642],[604307.6684595096,4115409.4644807703],[604306.9621361371,4115405.366442053],[604307.0317680726,4115405.341941052],[604307.1635357232,4115405.2806702834],[604307.288756245,4115405.206936697],[604307.4062544117,4115405.1214323016],[604307.514927473,4115405.024959577],[604307.613755505,4115404.9184239446],[604307.7018109811,4115404.8028252684],[604307.7782674787,4115404.6792484713],[604307.8424074339,4115404.5488533527],[604307.893628877,4115404.4128637034],[604307.931451082,4115404.272555822],[604307.9555190776,4115404.1292465325],[604307.9656069798,4115403.98428083],[604307.9616201109,4115403.839019253],[604307.9435958887,4115403.694825119],[604307.5456815446,4115401.4152127397],[604307.545051017,4115401.4116262146],[604307.080909449,4115398.790190276],[604306.625770228,4115396.157772193],[604306.5924174471,4115396.0098529803],[604306.5443012583,4115395.8660568264],[604306.4819133553,4115395.7278531687],[604306.4058912733,4115395.596654295],[604306.3170118737,4115395.4738009116],[604306.2161834051,4115395.3605484436],[604306.1044362226,4115395.2580542066],[604305.9829122581,4115395.167365577],[604305.8528533519,4115395.0894092917],[604305.7155885613,4115395.024981978],[604305.5725205801,4115394.974742011],[604305.4251114044,4115394.939202788],[604305.274867392,4115394.91872748],[604305.1233238701,4115394.9135253215],[604304.9720294451,4115394.923649473],[604304.8225301781,4115394.9489964778],[604298.5270020228,4115396.346984128],[604295.3663865812,4115397.0512434035],[604295.2243988398,4115397.0902871857],[604295.0869237067,4115397.143065244],[604294.9552861328,4115397.2090689163],[604294.830754808,4115397.2876620763],[604294.714529934,4115397.378087262],[604294.607731657,4115397.4794729794],[604294.5113892718,4115397.5908420975],[604294.4264313024,4115397.711121269],[604294.3536765524,4115397.8391512735],[604294.2938262137,4115397.9736981895],[604294.2474571088,4115398.1134652877],[604294.2150161316,4115398.257105528],[604294.1968159402,4115398.4032345414],[604294.1930319433,4115398.5504439743],[604294.2037006102,4115398.6973150577],[604294.2287191189,4115398.8424322857],[604297.0803683359,4115411.604888336],[604297.1189281393,4115411.745126021],[604297.170888355,4115411.8809700594],[604297.2357604768,4115412.011143308],[604297.3129346068,4115412.134421937],[604297.4016851895,4115412.2496469384]],[[604304.7385650848,4115402.780089347],[604304.6722645857,4115402.8034032364],[604304.5406576543,4115402.864545937],[604304.4155748961,4115402.938119831],[604304.29818702,4115403.0234363056],[604304.1895927145,4115403.119696843],[604304.0908083653,4115403.2260004957],[604304.0027585415,4115403.3413523175],[604303.9262673432,4115403.464672676],[604303.8620506879,4115403.594807358],[604303.8107096094,4115403.730538371],[604303.7727246333,4115403.8705953443],[604303.7484512788,4115404.013667419],[604303.7381167319,4115404.1584155154],[604303.7418177183,4115404.3034848673],[604303.7595195988,4115404.447517703],[604304.4649126021,4115408.540158483],[604301.3244421401,4115409.180425966],[604299.6871706265,4115409.514067069],[604297.4838102533,4115399.6530050016],[604299.1789386899,4115399.2752906145],[604303.9375702809,4115398.2185871736],[604304.1252845513,4115399.3042823127],[604304.126327724,4115399.3102441076],[604304.5906794543,4115401.932867027],[604304.7385650848,4115402.780089347]]],[[[604365.2376635522,4115418.0366731384],[604362.2969818588,4115418.6302985917],[604366.9811672718,4115441.834657871],[604369.9218489652,4115441.241032418],[604365.2376635522,4115418.0366731384]]],[[[604386.8526122532,4115441.466380117],[604394.5130346514,4115454.4882577276],[604397.0987943931,4115452.9671244137],[604389.4383719949,4115439.945246803],[604386.8526122532,4115441.466380117]]],[[[604398.6807999802,4115474.024376333],[604398.787279149,4115474.1307342527],[604398.903880084,4115474.2258869843],[604399.0294290119,4115474.308876665],[604399.1626620833,4115474.3788678716],[604399.302238096,4115474.435156032],[604399.4467519962,4115474.4771745163],[604399.5947490218,4115474.504500342],[604399.7447393481,4115474.5168584315],[604399.8952130844,4115474.514124381],[604400.0446554738,4115474.496325712],[604400.1915621415,4115474.4636415974],[604400.3344542388,4115474.4164010547],[604400.4718933299,4115474.3550796346],[604400.6024958723,4115474.280294634],[604400.7249471443,4115474.1927988837],[604402.4465585396,4115472.8271574522],[604402.560613042,4115472.726871757],[604402.6639421086,4115472.615566977],[604402.755486472,4115472.4943841407],[604402.8343076743,4115472.3645655434],[604402.8995976879,4115472.227442007],[604402.9506871986,4115472.0844192393],[604402.9870524673,4115471.9369634246],[604403.0083206993,4115471.7865861906],[604403.0142738655,4115471.634829115],[604403.0048509374,4115471.4832479204],[604402.9813912086,4115471.3409350426],[604416.416518151,4115462.6098532225],[604416.5377197644,4115462.522193415],[604416.6495882182,4115462.4228982897],[604416.7510110885,4115462.3129552393],[604416.8409798234,4115462.193457542],[604416.8462013718,4115462.184856037],[604420.2676385451,4115467.4677229724],[604424.9676405188,4115474.7191736395],[604420.1109317678,4115478.1087516225],[604419.9945391336,4115478.1987858154],[604419.887528345,4115478.2997912224],[604419.7909292453,4115478.4107957953],[604419.7056714784,4115478.5307312543],[604419.6325755425,4115478.658443373],[604419.5723448935,4115478.7927030846],[604419.5255591748,4115478.9322183086],[604419.4926686402,4115479.075646388],[604419.4739898191,4115479.2216070085],[604419.4697024715,4115479.368695485],[604419.4798478578,4115479.515496276],[604419.5043283417,4115479.6605966105],[604419.5429083292,4115479.8026000815],[604419.5952165368,4115479.9401400853],[604419.6607495644,4115480.071892973],[604419.7388767396,4115480.1965907905],[604421.1315447174,4115482.194421892],[604423.9871209167,4115486.540246672],[604423.9915176543,4115486.54689935],[604429.517301326,4115494.859807783],[604429.6046596514,4115494.978193949],[604429.7031957527,4115495.0874523493],[604429.8119616358,4115495.186531832],[604429.9299108877,4115495.274479176],[604430.0559087443,4115495.3504482578],[604430.1887430076,4115495.4137081965],[604430.3271357078,4115495.463650381],[604430.469755399,4115495.499794329],[604430.6152299682,4115495.521792307],[604430.7621598359,4115495.5294326777],[604430.9091314219,4115495.5226419345],[604431.0547307446,4115495.5014854097],[604431.1975570243,4115495.4661666453],[604431.3362361606,4115495.4170254357],[604431.4694339515,4115495.354534558],[604431.5958689302,4115495.2792952238],[604431.714324693,4115495.192031293],[604431.8236616028,4115495.093582314],[604431.9228277529,4115494.984895443],[604432.0108690874,4115494.867016332],[604432.0869385798,4115494.7410790715],[604432.1503043819,4115494.608295276],[604432.2003568651,4115494.469942429],[604432.2366144853,4115494.327351594],[604432.2587284159,4115494.181894606],[604432.2664859036,4115494.034970875],[604432.2598123152,4115493.887993923],[604432.238771856,4115493.7423777822],[604430.3604246859,4115484.1087365523],[604430.1600407874,4115483.0854170728],[604430.1594039283,4115483.082183603],[604429.9588822959,4115482.069958426],[604429.9573874585,4115482.062511508],[604428.7116157297,4115475.936795288],[604432.1465458121,4115474.1806691517],[604436.046588124,4115472.1920723952],[604438.4003189575,4115471.3798596873],[604440.4144548867,4115470.68399017],[604444.8984309917,4115469.1421897877],[604444.9115969774,4115469.137594161],[604446.0030333606,4115468.7509239675],[604448.1908009156,4115478.717845965],[604454.6325158814,4115510.427529096],[604441.5214791168,4115512.6593094133],[604437.6845959884,4115512.027998949],[604437.1975330156,4115514.9881965197],[604441.2821522575,4115515.66026882],[604441.4469464925,4115515.678102091],[604441.6127022028,4115515.6776438365],[604441.7773953145,4115515.6588996532],[604456.6584970221,4115513.12581623],[604469.236367111,4115511.0544021637],[604468.0356042912,4115516.3009925256],[604468.0109828978,4115516.4371968205],[604467.9990211277,4115516.5750907618],[604467.9998208305,4115516.7135002394],[604468.0133751972,4115516.8512467532],[604470.6812961502,4115535.219366844],[604444.0967740901,4115543.0934277093],[604444.9487571251,4115545.969905575],[604470.1883364342,4115538.4942028616],[604470.1545433911,4115538.558908234],[604470.0985214274,4115538.6988625405],[604470.0568300541,4115538.843733165],[604470.0298903667,4115538.992056871],[604470.0179744639,4115539.1423355443],[604470.0212026999,4115539.293051326],[604470.4678022031,4115545.5121965515],[604470.9217627654,4115551.8534895577],[604470.9220446531,4115551.8573570023],[604471.1196659574,4115554.521187763],[604471.2780183839,4115556.7221690025],[604472.8677911697,4115582.3773580357],[604472.8838936368,4115582.522414027],[604472.9140168311,4115582.6652185195],[604472.9578755791,4115582.804419598],[604473.0150546747,4115582.9386994587],[604473.0850128086,4115583.066786888],[604473.1670876942,4115583.1874692943],[604473.2605023364,4115583.299604189],[604473.3643723882,4115583.402130002],[604473.4777145217,4115583.494076132],[604473.5994557382,4115583.5745721334],[604473.7284435254,4115583.642855958],[604473.8634567684,4115583.698281171],[604474.0032173103,4115583.740323066],[604474.1464020517,4115583.7685836367],[604474.2916554763,4115583.7827953435],[604474.4376024846,4115583.7828236455],[604475.5303000375,4115583.7298143753],[604475.5508852582,4115583.7286738884],[604476.5904585726,4115583.663909155],[604476.7406945477,4115583.646914895],[604476.8884565579,4115583.6148830145],[604477.0322433641,4115583.568138952],[604477.1705941145,4115583.507157619],[604477.3021031868,4115583.432558578],[604477.4254344691,4115583.345099743],[604477.5393349348,4115583.245669682],[604479.1837997858,4115581.657165929],[604479.2845737148,4115581.549769308],[604479.3743302049,4115581.4330080496],[604479.4522040265,4115581.308007702],[604480.1332695236,4115580.0848067133],[604480.1899977073,4115579.971997191],[604480.2370370168,4115579.8548162268],[604482.7859202117,4115572.640768718],[604482.8244828436,4115572.514077923],[604482.8517210048,4115572.3844796326],[604484.2922370767,4115563.6254208405],[604484.3001330005,4115563.571255157],[604485.4277527516,4115554.705351825],[604487.2574406413,4115548.1199446986],[604487.289469427,4115547.978465489],[604487.3076825283,4115547.8345540827],[604487.311909615,4115547.6895563533],[604487.3021111545,4115547.5448283325],[604487.2783787834,4115547.40172353],[604487.2409344488,4115547.261580276],[604487.1901283336,4115547.1257092026],[604487.1264355815,4115546.9953809893],[604487.0504518528,4115546.8718144777],[604486.9628877545,4115546.7561652726],[604486.8645621944,4115546.6495149373],[604486.7563947221,4115546.5528608747],[604486.6393969301,4115546.4671070026],[604486.5146629924,4115546.3930553],[604486.3833594326,4115546.331398305],[604486.2467142137,4115546.2827126393],[604486.1060052548,4115546.247453616],[604485.9625484789,4115546.225950981],[604485.8176855072,4115546.2184058283],[604485.672771112,4115546.2248887215],[604485.5291605459,4115546.245339032],[604481.3025757647,4115547.05741556],[604479.5187697031,4115537.9034584863],[604479.4841989325,4115537.7626754134],[604479.4361997042,4115537.625886942],[604479.3752203311,4115537.494370677],[604479.301830361,4115537.3693549815],[604479.2167152565,4115537.2520075026],[604479.120669993,4115537.143424266],[604479.0145916339,4115537.0446194406],[604478.8994709518,4115536.956515863],[604478.7763831742,4115536.8799364213],[604478.6464779418,4115536.8155963686],[604478.5109685699,4115536.7640966405],[604478.371120717,4115536.725918245],[604478.2282405627,4115536.7014177684],[604478.0836626084,4115536.690824046],[604477.9387372128,4115536.694236022],[604477.7948179801,4115536.7116218293],[604475.3337093983,4115537.1304420657],[604473.7646306263,4115535.576374696],[604471.1876026036,4115517.8340348625],[604498.6924976865,4115512.4638300794],[604498.1176164048,4115509.5194266574],[604471.4746996689,4115514.721334116],[604472.6591644033,4115509.5459563],[604472.6838503607,4115509.40926766],[604472.6957866958,4115509.270881589],[604472.6948710574,4115509.1319847126],[604472.6811112969,4115508.9937680354],[604472.6546254008,4115508.857416732],[604468.5936438305,4115492.130620826],[604491.1335951834,4115487.390718591],[604495.5091936297,4115486.8432521396],[604495.636736282,4115486.8216731674],[604495.7619455089,4115486.7891857894],[604495.8838901552,4115486.746031607],[604522.3665491247,4115476.0682226033],[604525.9344385106,4115474.6373019177],[604524.8177340205,4115471.852886165],[604521.2485595767,4115473.2843222297],[604521.2459901581,4115473.285355463],[604494.9430698073,4115483.89069385],[604490.6994918706,4115484.4216421493],[604490.5770349649,4115484.442142439],[604467.8717853792,4115489.2168050627],[604460.6758612301,4115460.782075895],[604460.6263576443,4115460.6238201335],[604458.5380737364,4115455.0498931236],[604458.5329061901,4115455.036301104],[604456.3329367386,4115449.3331708647],[604456.189405653,4115447.4431540594],[604453.2904212828,4115447.663307855],[604456.2870071229,4115439.88947153],[604458.5719012519,4115440.432990421],[604459.911431794,4115434.8017501454],[604459.9331527569,4115434.6925963075],[604459.9467207269,4115434.5821324186],[604460.675985105,4115426.034190823],[604475.7720859828,4115423.9586090646],[604475.3634564884,4115420.9865690353],[604460.6909945894,4115423.0039041415],[604459.6783955467,4115404.74186783],[604456.6829967122,4115404.907957632],[604457.779833651,4115424.68920881],[604457.1122618474,4115432.5140319606],[604457.0393948285,4115432.50597532],[604456.8912000635,4115432.5043041976],[604456.7435637265,4115432.5172654106],[604456.5979270423,4115432.5447324314],[604453.5324405939,4115433.2813781817],[604448.6171489469,4115433.7975200135],[604444.9789871774,4115433.7415355113],[604444.9745235824,4115433.741473468],[604441.7698706071,4115433.7016988113],[604441.6205133848,4115433.70729192],[604441.4724542128,4115433.727720927],[604441.3271630795,4115433.762783004],[604441.1860824907,4115433.8121300424],[604441.0506131488,4115433.875272105],[604440.9221000453,4115433.951582294],[604440.8018191074,4115434.040302972],[604440.6909645305,4115434.140553286],[604440.5906369215,4115434.251337913],[604440.501832371,4115434.3715569405],[604440.425432565,4115434.5000167876],[604440.36219603,4115434.6354420558],[604440.3127506023,4115434.7764881914],[604440.2775871953,4115434.9217548342],[604440.2570549248,4115435.0697997212],[604440.2513576429,4115435.219153006],[604440.2605519146,4115435.3683318524],[604440.2845464555,4115435.5158551545],[604440.3231030386,4115435.660258245],[604440.3758388594,4115435.800107435],[604440.4422303364,4115435.9340142477],[604442.7181927742,4115440.001688056],[604446.5228379963,4115446.7955972217],[604448.0245778654,4115449.4757186025],[604440.7032139436,4115454.096980701],[604437.8809168094,4115449.063338227],[604437.1350118823,4115447.7243544147],[604437.1336789944,4115447.721966851],[604436.3085252634,4115446.247053181],[604436.3065692016,4115446.243567742],[604435.9417150221,4115445.595471266],[604435.8655131712,4115445.474072301],[604435.7780721204,4115445.360500766],[604435.6801902815,4115445.2557936674],[604435.5727613997,4115445.1609070706],[604435.4567663928,4115445.0767073715],[604435.3332643949,4115445.003963386],[604435.2033830852,4115444.943339329],[604435.0683083915,4115444.8953887504],[604434.9292736617,4115444.8605494793],[604434.7875484021,4115444.839139629],[604434.644426686,4115444.83135469],[604434.5012153375,4115444.837265744],[604434.3592219992,4115444.8568188194],[604434.219743192,4115444.8898353796],[604434.0840524771,4115444.936013954],[604433.9533888273,4115444.9949328946],[604425.1379328005,4115449.4885904677],[604424.0871125853,4115450.0174867543],[604424.0461155515,4115450.0389199257],[604421.4286324944,4115451.4591539335],[604416.0377198671,4115454.36782],[604414.4180213753,4115455.194059065],[604414.2918804713,4115455.2663136013],[604414.1733261022,4115455.3504391457],[604414.0634717438,4115455.445645583],[604413.9633491603,4115455.5510387225],[604413.8738987137,4115455.6656287014],[604413.7959605325,4115455.788339278],[604413.7302666206,4115455.918017941],[604413.6774339825,4115456.053446734],[604413.6379588279,4115456.1933536953],[604413.6122119118,4115456.3364248034],[604413.6004350522,4115456.481316319],[604413.6027388585,4115456.626667405],[604413.6191016932,4115456.7711129077],[604413.6493698747,4115456.91329618],[604413.693259121,4115457.0518818204],[604413.7503572195,4115457.1855682177],[604413.8201278985,4115457.3130997745],[604415.0036022142,4115459.2473938884],[604415.0046499944,4115459.249103833],[604415.3847542034,4115459.8684921255],[604415.2601023193,4115459.89093322],[604397.6477417372,4115463.977661824],[604397.505624509,4115464.018109482],[604397.3681763677,4115464.0723434933],[604397.2367310685,4115464.1398375886],[604397.112564117,4115464.2199368253],[604396.9968803915,4115464.311863945],[604396.8908024521,4115464.4147269134],[604396.7953596469,4115464.5275275805],[604396.7114781241,4115464.6491713626],[604396.6399718446,4115464.7784778653],[604396.5815346838,4115464.9141923366],[604396.5367336981,4115465.0549978456],[604396.5060036228,4115465.199528057],[604396.4896426531,4115465.346380494],[604396.4878095512,4115465.494130145],[604396.5005221047,4115465.6413432914],[604396.527656955,4115465.7865914223],[604397.2702953914,4115468.9026482906],[604398.3336085611,4115473.3652986363],[604398.3757916724,4115473.509764568],[604398.4322388243,4115473.6492763576],[604398.5023817868,4115473.782429597],[604398.5855144595,4115473.9078838876],[604398.6807999802,4115474.024376333]],[[604407.6323773356,4115464.740555017],[604400.4714118798,4115469.3942494383],[604400.1885898723,4115468.2072654287],[604399.7957519789,4115466.558946189],[604407.6323773356,4115464.740555017]],[[604451.8688340938,4115450.1604136075],[604451.8728363429,4115450.155825647],[604452.5213546344,4115449.4093468273],[604452.6024122393,4115449.307426145],[604452.674324408,4115449.198859111],[604452.7365491415,4115449.084463991],[604452.7886174542,4115448.965102977],[604453.2127819752,4115447.864722165],[604453.3582736382,4115449.780555846],[604453.3764225189,4115449.9255483905],[604453.4085931118,4115450.068087062],[604453.454480122,4115450.2068191855],[604455.7313159168,4115456.1092152675],[604457.46345779,4115460.732548491],[604457.2866266882,4115460.396422435],[604456.7703746236,4115459.3877395303],[604456.7590128353,4115459.3659810405],[604455.0931634094,4115456.23842053],[604455.0878560811,4115456.2285453686],[604453.346215533,4115453.0167764407],[604452.6724538138,4115451.748993992],[604452.6689379079,4115451.742417792],[604452.2018383257,4115450.873947006],[604451.8397093965,4115450.1936641126],[604451.8688340938,4115450.1604136075]],[[604453.9437483484,4115436.2546823137],[604454.1375759216,4115436.221365046],[604454.5213368258,4115436.12914613],[604450.2271261776,4115447.26932115],[604449.1400813351,4115445.329296659],[604445.335836628,4115438.5361025995],[604444.3273328608,4115436.7336718994],[604444.9350600855,4115436.741214726],[604448.6610956892,4115436.798551442],[604448.8408249147,4115436.7905268655],[604453.9437483484,4115436.2546823137]],[[604457.9411960273,4115464.7938297675],[604458.0659194089,4115464.7175392522],[604458.1826230761,4115464.62946872],[604458.2901982837,4115464.5304548857],[604458.3876230114,4115464.4214384328],[604458.4728302895,4115464.305014615],[604465.3150438131,4115491.342054531],[604469.3578493202,4115507.9939849647],[604457.5930263773,4115509.931500582],[604451.1284127188,4115478.1090974235],[604451.1235573287,4115478.0861199847],[604448.8525799931,4115467.7401150307],[604450.1755309665,4115467.2700644047],[604457.6724948013,4115464.9082903503],[604457.809637868,4115464.8576154658],[604457.9411960273,4115464.7938297675]],[[604439.0222353584,4115457.177404785],[604439.1197675796,4115457.2821692196],[604439.2268414511,4115457.3771603084],[604439.3424819763,4115457.4615130783],[604439.465636152,4115457.5344594275],[604439.595182557,4115457.5953351194],[604439.7299415637,4115457.643585829],[604439.868686079,4115457.678772195],[604440.0101527191,4115457.7005738146],[604440.1530533124,4115457.7087921673],[604440.2960866302,4115457.7033524173],[604440.4379502352,4115457.684304098],[604440.5773523414,4115457.651820661],[604440.7130235767,4115457.6061978946],[604440.8437285415,4115457.547851232],[604440.9682770584,4115457.477311968],[604449.4638458977,4115452.1148889684],[604449.5551797525,4115452.286465592],[604449.5582168333,4115452.2921415507],[604450.0250748954,4115453.160163282],[604450.700042918,4115454.430215569],[604450.7060017097,4115454.441315189],[604452.4479728508,4115457.6536937654],[604454.105417146,4115460.7654740047],[604454.6199209505,4115461.770741059],[604454.6276924113,4115461.785717106],[604455.0502972517,4115462.5890175253],[604449.2482101761,4115464.416853302],[604449.1967203977,4115464.434104723],[604446.6022802767,4115465.355921349],[604443.9163526754,4115466.3074815497],[604439.4379266297,4115467.847373562],[604439.4358400839,4115467.8480927306],[604437.4209260201,4115468.5442310884],[604434.9691062036,4115469.3902916964],[604434.7770315736,4115469.471931123],[604430.7830756844,4115471.508413574],[604430.78163004,4115471.5091516813],[604427.5372060931,4115473.1678805505],[604422.7852427458,4115465.8362606964],[604418.6224488195,4115459.4087023754],[604417.5620965459,4115457.680834678],[604417.2250354419,4115457.129935262],[604417.4163673103,4115457.0323332297],[604417.4470151818,4115457.0162509014],[604422.854713834,4115454.098527938],[604422.8578217354,4115454.0968463407],[604425.4565245843,4115452.6868023854],[604426.4901091009,4115452.1665811287],[604426.496956428,4115452.163112763],[604434.0319016412,4115448.322192507],[604434.5148898617,4115449.1855054903],[604435.2611359028,4115450.5251016407],[604435.2631538755,4115450.528712411],[604438.859253343,4115456.9424520563],[604438.9351328994,4115457.0638209726],[604439.0222353584,4115457.177404785]],[[604427.2162712532,4115483.66353786],[604427.4162219338,4115484.684644985],[604427.85630859,4115486.9417559984],[604426.4921144143,4115484.8894821596],[604423.627429581,4115480.529795194],[604423.6043658981,4115480.495722771],[604423.0572440637,4115479.710857294],[604426.0000459409,4115477.657026817],[604427.0168078152,4115482.6566544063],[604427.2162712532,4115483.66353786]],[[604473.1144069148,4115540.4833944584],[604475.0265837983,4115540.224946227],[604475.0773172555,4115540.2172032064],[604476.8542863799,4115539.9148067036],[604478.6441128189,4115549.099658546],[604478.6792531873,4115549.2423517634],[604478.7281879217,4115549.380921571],[604478.7904473313,4115549.5140379327],[604478.8654338309,4115549.6404231563],[604478.9524276769,4115549.758864157],[604479.0505938751,4115549.8682241007],[604479.158990196,4115549.9674533177],[604479.2765762178,4115550.055599374],[604479.4022233135,4115550.131816217],[604479.5347254829,4115550.195372294],[604479.6728109294,4115550.2456575735],[604479.8151542655,4115550.282189402],[604479.9603892359,4115550.3046171353],[604480.1071218299,4115550.3127255053],[604480.2539436626,4115550.3064366854],[604480.3994454924,4115550.2858110373],[604483.7192578703,4115549.647957581],[604482.508183231,4115554.0068537653],[604482.4654239902,4115554.219148129],[604481.3275607161,4115563.1655910965],[604479.9130406155,4115571.766581371],[604477.4505820882,4115578.736023062],[604476.9393996424,4115579.6541122557],[604475.8524528767,4115580.70407025],[604475.7701746593,4115580.709196129],[604474.2718142321,4115556.529187298],[604474.2708186938,4115556.514318516],[604474.1118116204,4115554.304238171],[604474.111568005,4115554.300904012],[604473.9139664776,4115551.6373398327],[604473.4601325147,4115545.29781527],[604473.1144069148,4115540.4833944584]]],[[[604350.022527552,4115526.2690507676],[604329.6960601049,4115530.130083662],[604326.7523876558,4115530.681291803],[604327.3045463922,4115533.630040814],[604330.250140254,4115533.0784728853],[604330.2539821666,4115533.0777482963],[604350.5979622263,4115529.2133888635],[604350.629080312,4115529.2071361365],[604352.8545353216,4115528.735413742],[604352.2324565885,4115525.8006193624],[604350.022527552,4115526.2690507676]]],[[[604270.763902147,4115624.1797714736],[604270.8803561742,4115624.262686164],[604271.0041744537,4115624.3341383864],[604271.0807094532,4115624.369058565],[604272.2369246234,4115637.614508881],[604272.2456997528,4115637.6918261023],[604274.4525522711,4115653.471561166],[604273.2421157589,4115655.366029999],[604272.9156567991,4115655.4988740166],[604268.5453362578,4115640.726885228],[604268.5429220309,4115640.7188084684],[604268.3164699809,4115639.968902511],[604268.1575890935,4115639.309266717],[604268.1369692882,4115639.2326249788],[604260.9772645825,4115615.1765435454],[604260.9282931241,4115615.0374220232],[604260.8658956734,4115614.9037823593],[604260.790675489,4115614.7769165817],[604260.7033597998,4115614.6580512286],[604260.6047927737,4115614.548335491],[604260.4959273571,4115614.4488301007],[604260.3778160608,4115614.360497075],[604260.2516007848,4115614.284190419],[604260.1185017787,4115614.2206478645],[604259.9798058436,4115614.170483741],[604259.836853892,4115614.134183036],[604259.6910279833,4115614.112096704],[604259.5437379627,4115614.104438276],[604259.3964078302,4115614.1112817936],[604259.2504619736,4115614.132561094],[604259.1073113974,4115614.168070448],[604258.9683400819,4115614.2174665523],[604258.8348916013,4115614.280271845],[604258.7082561362,4115614.355879124],[604258.589657998,4115614.443557418],[604258.4802437936,4115614.542459054],[604258.3810713397,4115614.6516278503],[604258.2930994356,4115614.770008363],[604258.2171785939,4115614.896456089],[604258.1540428171,4115615.029748532],[604258.1043025021,4115615.1685970207],[604258.0684385384,4115615.311659167],[604252.6066921445,4115642.7562687546],[604252.4473603149,4115643.525218405],[604252.4453232209,4115643.5352207846],[604252.2396882088,4115644.562781075],[604250.0168690715,4115654.7402263843],[604248.9231508235,4115654.6957110637],[604248.830291796,4115656.97720902],[604247.0,4115659.4317483036],[604247.0,4115664.4503223067],[604252.4161993876,4115657.186849787],[604252.5046436044,4115657.0540434583],[604252.578480229,4115656.9125936325],[604252.6368737626,4115656.7641008864],[604252.6791634521,4115656.6102454914],[604255.1734020446,4115645.1900734957],[604255.178784137,4115645.164352165],[604255.3859960102,4115644.1289122845],[604255.5454902622,4115643.3591787685],[604255.5478406838,4115643.347606333],[604259.8290116322,4115621.8352443916],[604265.2502941093,4115640.050354945],[604265.409876223,4115640.712902064],[604265.4322146439,4115640.7952763727],[604265.6697896841,4115641.582016603],[604270.5087326254,4115657.9379818463],[604270.5573906967,4115658.076970041],[604270.6194427154,4115658.2105173096],[604270.694290629,4115658.337336535],[604270.7812130591,4115658.456205443],[604270.8793722539,4115658.5659783836],[604270.9878221627,4115658.6655973746],[604271.1055175539,4115658.7541022953],[604271.2313240881,4115658.8306401423],[604271.3640292517,4115658.89447325],[604271.5023540428,4115658.9449863993],[604271.6449652977,4115658.9816927486],[604271.79048854,4115659.004238525],[604271.937521228,4115659.012406434],[604272.084646272,4115659.006117754],[604272.2304456923,4115658.9854330947],[604272.3735142853,4115658.9505518135],[604272.5124731668,4115658.901810093],[604274.814678792,4115657.9649871504],[604274.9540451078,4115657.899754429],[604275.0859950114,4115657.8205868793],[604275.2091399042,4115657.728317636],[604275.3221838492,4115657.6239177105],[604275.4239372079,4115657.508485774],[604275.5133291606,4115657.3832365954],[604277.2788372267,4115654.620018556],[604277.3538758347,4115654.488356665],[604277.415246736,4115654.349795275],[604277.4623235204,4115654.205748676],[604277.4946256775,4115654.0576871447],[604277.5118235005,4115653.907121939],[604277.5137414521,4115653.7555898707],[604277.500359956,4115653.6046376205],[604275.222175317,4115637.31485399],[604274.0292812815,4115623.6492153713],[604275.4369588275,4115623.0406889627],[604275.5664244305,4115622.9771701624],[604275.6891921719,4115622.9015126317],[604275.8041273516,4115622.8144156467],[604275.9101676631,4115622.7166842152],[604276.0063330119,4115622.609221636],[604276.0917345748,4115622.493021148],[604276.165583014,4115622.369156753],[604276.2271957741,4115622.2387732873],[604276.2760033892,4115622.1030758405],[604276.311554747,4115621.963318618],[604276.3335212589,4115621.820793348],[604276.3416998957,4115621.676817342],[604276.3360150651,4115621.532721322],[604276.31651931,4115621.3898371174],[604276.283392823,4115621.2494853586],[604276.2369417809,4115621.112963269],[604275.0684531538,4115618.153533875],[604278.7101862582,4115616.7973501193],[604277.6632254941,4115613.9859673358],[604273.9901976457,4115615.353805278],[604271.9890988384,4115610.0213495023],[604271.9311189653,4115609.887128094],[604271.8603471572,4115609.7591890334],[604271.7774558108,4115609.638747858],[604271.6832324695,4115609.5269488688],[604271.5785723408,4115609.424854258],[604271.4644697916,4115609.3334340174],[604271.3420089001,4115609.2535567232],[604271.2123531565,4115609.1859812825],[604271.0767344086,4115609.1313497233],[604270.9364411581,4115609.090181095],[604270.792806319,4115609.062866538],[604270.647194553,4115609.049665564],[604270.500989305,4115609.050703596],[604270.355579658,4115609.065970771],[604270.2123471362,4115609.0953220367],[604270.0726525795,4115609.1384785296],[604267.236579879,4115610.1685514767],[604267.1022087953,4115610.2248842027],[604266.9739370031,4115610.293987831],[604266.8529747586,4115610.375210362],[604266.7404633524,4115610.467785454],[604266.6374643402,4115610.5708396514],[604266.5449495275,4115610.683400628],[604266.4637918003,4115610.8044063617],[604266.3947568896,4115610.93271515],[604266.3384961461,4115611.0671163886],[604266.2955403955,4115611.2063419884],[604266.2662949294,4115611.349078343],[604266.2510356816,4115611.4939787206],[604266.2499066243,4115611.639675973],[604266.2629184105,4115611.7847954324],[604266.2899482726,4115611.927967883],[604266.3307411814,4115612.06784248],[604270.2732288564,4115623.4900994557],[604270.326257453,4115623.6228562044],[604270.391683091,4115623.749961957],[604270.4689115197,4115623.8702622317],[604270.5572412862,4115623.982664361],[604270.6558701051,4115624.0861474155],[604270.763902147,4115624.1797714736]],[[604269.7018080167,4115612.4649186023],[604271.178761618,4115616.4006511774],[604271.0202855667,4115616.4596526152],[604269.6481912174,4115612.4843924385],[604269.7018080167,4115612.4649186023]]],[[[604359.7049316014,4115684.2823142554],[604387.2591397045,4115692.1683727563],[604388.0846024456,4115689.284172475],[604360.5266757094,4115681.3970496953],[604360.5192330091,4115681.394940331],[604328.252502363,4115672.3399242037],[604328.2219884682,4115672.3317068196],[604295.2912877516,4115663.8344832696],[604294.5417382007,4115666.7393370476],[604327.4571386877,4115675.232612626],[604359.7049316014,4115684.2823142554]]],[[[604442.3579969255,4115322.678187291],[604441.2732192625,4115319.881178635],[604416.239280696,4115329.5902145063],[604417.324058359,4115332.387223162],[604442.3579969255,4115322.678187291]]],[[[604438.5319463899,4115373.936282171],[604438.4226744787,4115373.8531054575],[604438.3062535482,4115373.780270829],[604438.1836593981,4115373.7183887586],[604438.0559195698,4115373.6679779217],[604437.924104734,4115373.629460844],[604437.7893197167,4115373.6031603618],[604436.3979370805,4115373.3972604736],[604436.2271190116,4115373.381894192],[604436.0556634361,4115373.3861275027],[604435.8858118451,4115373.4099050616],[604422.5972947325,4115376.052288691],[604423.1823810788,4115378.994681249],[604436.2159312632,4115376.402997064],[604436.8575340998,4115376.4979428747],[604437.3794789833,4115377.022610389],[604447.1065645507,4115409.781499388],[604449.982462263,4115408.9275600766],[604440.1476806768,4115375.805972312],[604440.0985341071,4115375.666171989],[604440.0358331262,4115375.531903219],[604439.9601896818,4115375.4044764363],[604439.872342038,4115375.2851352985],[604439.7731475687,4115375.17504455],[604438.6331534026,4115374.029103811],[604438.5319463899,4115373.936282171]]],[[[604462.6076120816,4115682.1279693297],[604462.5215726815,4115682.2481119973],[604462.4477723786,4115682.3761375975],[604462.3869274306,4115682.5108035966],[604462.3396283593,4115682.650803014],[604462.3063342186,4115682.794777106],[604462.2873681397,4115682.941328554],[604462.2829141952,4115683.0890350244],[604462.2930156123,4115683.236462974],[604462.317574353,4115683.3821815634],[604462.3563520662,4115683.524776542],[604462.4089724005,4115683.6628639763],[604462.4749246571,4115683.7951036785],[604462.5535687465,4115683.920212216],[604462.6441414,4115684.036975367],[604462.7457635782,4115684.1442599045],[604462.8574490023,4115684.2410245934],[604462.9781137261,4115684.326330299],[604463.1065866562,4115684.3993490995],[604463.2416209177,4115684.459372322],[604463.3819059556,4115684.5058174203],[604469.2480026835,4115686.1320886826],[604469.2631200076,4115686.1361948093],[604470.050684041,4115686.345701216],[604476.6797737525,4115688.1037850967],[604476.8296858164,4115688.135446991],[604476.9820457202,4115688.1516507613],[604477.1352637674,4115688.1522273407],[604477.2877413082,4115688.1371707134],[604477.4378874187,4115688.1066379775],[604477.584135501,4115688.0609477065],[604477.7249596283,4115688.0005766237],[604477.8588904667,4115687.926154631],[604477.9845306055,4115687.8384582344],[604479.8402306713,4115686.396826054],[604479.9497876838,4115686.3029267616],[604480.0498157386,4115686.1989353946],[604480.139389251,4115686.085814212],[604480.2176793747,4115685.9646099517],[604480.2839616718,4115685.8364441483],[604480.3376228149,4115685.7025027513],[604480.3781662645,4115685.5640251543],[604480.4052168616,4115685.422292726],[604480.4185243003,4115685.2786169513],[604480.4179654436,4115685.134327299],[604480.4035454625,4115684.9907589173],[604480.3753977888,4115684.84924028],[604479.8256752185,4115682.6454038434],[604479.8250055346,4115682.6427295497],[604479.1058721745,4115679.7821248686],[604479.064268408,4115679.6447859947],[604479.0097311279,4115679.5120512038],[604478.9427594796,4115679.3851353345],[604478.863966413,4115679.265199967],[604478.7740730712,4115679.153342796],[604478.6739021919,4115679.050587579],[604478.5643705764,4115678.9578747707],[604478.4464806987,4115678.8760529133],[604478.321311531,4115678.8058708706],[604478.1900086683,4115678.747970975],[604478.0537738436,4115678.702883148],[604477.9138539284,4115678.6710200505],[604477.7715295224,4115678.652673305],[604477.6281032313,4115678.648010828],[604477.4848877464,4115678.657075292],[604477.3431938291,4115678.679783736],[604467.8595945915,4115680.6690901313],[604466.7790730215,4115680.8875427623],[604466.7634082879,4115680.8907968043],[604463.4697289265,4115681.593338118],[604463.3269003007,4115681.6312461994],[604463.1884947851,4115681.6830241126],[604463.0558556538,4115681.7481693337],[604462.9302702161,4115681.8260496063],[604462.8129573227,4115681.9159090742],[604462.7050555362,4115682.016875621],[604462.6076120816,4115682.1279693297]],[[604476.5479334912,4115681.9118899615],[604476.9151974618,4115683.3728109696],[604477.228091608,4115684.627202835],[604476.7307275028,4115685.013588605],[604470.8213680828,4115683.4463829454],[604470.120893473,4115683.2600439154],[604476.5479334912,4115681.9118899615]]],[[[604444.1335745079,4115759.5238255113],[604444.2279946937,4115759.4147176477],[604444.3114947091,4115759.297042481],[604444.383301912,4115759.1718888837],[604444.4427518559,4115759.0404149257],[604444.4892944387,4115758.9038371625],[604444.5224989926,4115758.7634193753],[604444.5420582694,4115758.6204608777],[604444.547791283,4115758.4762844928],[604444.5396449849,4115758.3322243136],[604444.5176947542,4115758.1896133577],[604444.4821437009,4115758.0497712325],[604444.433320786,4115757.913991925],[604444.3716777776,4115757.783531828],[604442.7232285616,4115754.689474475],[604442.7011562263,4115754.6495226873],[604442.1190808122,4115753.632803046],[604441.5630845694,4115752.6607908825],[604441.4963663949,4115752.5546968076],[604436.8480555497,4115745.80610546],[604436.7555208566,4115745.6853593513],[604436.6512320578,4115745.57460675],[604436.536261812,4115745.4749867986],[604436.4117926412,4115745.3875241335],[604436.2791047688,4115745.3131183493],[604436.1395629507,4115745.252534744],[604435.9946024395,4115745.206396448],[604435.8457142208,4115745.1751780147],[604434.5431616451,4115744.9703787826],[604434.3903069581,4115744.954316489],[604434.2366110265,4115744.9539800794],[604434.0836874901,4115744.969373085],[604433.9331418799,4115745.0003338964],[604433.786554761,4115745.046537459],[604433.6454651387,4115745.107498685],[604431.8499318598,4115745.9950862527],[604431.7289285685,4115746.0620117397],[604431.6146024219,4115746.1397957327],[604431.5079249797,4115746.2277772115],[604431.4098028017,4115746.3252084977],[604431.3210697441,4115746.431261606],[604431.2424798729,4115746.5450352826],[604429.9562216089,4115748.604025316],[604429.8791052187,4115748.743439979],[604429.8172107751,4115748.8902475527],[604429.7712365405,4115749.042791827],[604429.7417011737,4115749.199351873],[604429.7289378778,4115749.3581614573],[604429.646962909,4115752.386355467],[604429.6523071484,4115752.559784396],[604429.6776432986,4115752.7314358857],[604430.4064145413,4115756.2468209625],[604430.4107614022,4115756.267083743],[604430.6380546156,4115757.2920271712],[604430.9155674196,4115758.5382249523],[604430.9253956957,4115758.5795879243],[604431.830875828,4115762.163742502],[604431.873010193,4115762.302067658],[604431.9282678257,4115762.4356930577],[604431.9961352195,4115762.5633769264],[604432.0759816854,4115762.683932703],[604432.1670652138,4115762.796240068],[604432.2685393693,4115762.8992553544],[604432.3794611571,4115762.992021245],[604432.4987997856,4115763.07367567],[604432.6254462461,4115763.1434598193],[604432.7582236184,4115763.2007251913],[604432.8958980083,4115763.244939621],[604433.0371900133,4115763.2756922264],[604433.1807866131,4115763.2926972243],[604433.3253533706,4115763.2957965876],[604433.4695468331,4115763.284961515],[604433.6120270169,4115763.2602926963],[604433.7514698599,4115763.2220193767],[604434.928166026,4115762.8371677445],[604434.9450662797,4115762.831529008],[604438.2174574351,4115761.7180616427],[604443.531310614,4115759.908793593],[604443.6655058223,4115759.8557714894],[604443.7939856816,4115759.790100924],[604443.9155613423,4115759.71238956],[604444.0291078405,4115759.6233564755],[604444.1335745079,4115759.5238255113]],[[604433.5611627507,4115748.4957025927],[604434.5478216858,4115748.007966601],[604434.74302636,4115748.0386584653],[604438.9901435393,4115754.20478186],[604439.5151383058,4115755.122596154],[604440.0862929247,4115756.1202404946],[604440.8946124085,4115757.637416042],[604437.2506645254,4115758.8781124367],[604434.3448564997,4115759.866845801],[604433.8392187024,4115757.8653838574],[604433.566470845,4115756.6405835245],[604433.3418517016,4115755.627695731],[604432.6505833303,4115752.2932138327],[604432.7167947538,4115749.8473326177],[604433.5611627507,4115748.4957025927]]],[[[604520.8993579956,4115282.6323538646],[604520.7741327909,4115282.5486626984],[604520.6411459169,4115282.477951634],[604520.50173821,4115282.4209336154],[604520.3573152449,4115282.3781835237],[604520.2093331618,4115282.3501323857],[604520.0592839862,4115282.3370630266],[604519.9086805849,4115282.339107218],[604519.7590414124,4115282.3562443494],[604515.0258373572,4115283.1407557796],[604514.8814365615,4115283.1720662843],[604514.7408168064,4115283.2174317115],[604514.6053425372,4115283.2764118765],[604514.4763282718,4115283.3484344897],[604514.3550258464,4115283.4328007097],[604514.2426122687,4115283.528691924],[604514.140178297,4115283.635177693],[604514.0487178564,4115283.7512247753],[604513.9691183954,4115283.8757071565],[604513.9021522742,4115284.0074169743],[604513.8484692706,4115284.145076237],[604513.8085902752,4115284.2873492255],[604513.7829022375,4115284.432855453],[604513.7716544103,4115284.5801830604],[604513.7749559324,4115284.7279025153],[604513.7927747688,4115284.8745804843],[604513.824938022,4115285.0187937384],[604515.7534199967,4115292.0221339175],[604515.7998888735,4115292.163192997],[604515.8600792149,4115292.2989653926],[604515.9334009677,4115292.42812011],[604516.01913535,4115292.5493910303],[604516.1164418973,4115292.6615893207],[604516.2243667018,4115292.7636150876],[604516.3418517637,4115292.85446816],[604516.4677453628,4115292.9332578937],[604516.600813349,4115292.9992119046],[604516.7397512409,4115293.051683637],[604516.8831970135,4115293.090158704],[604517.0297444508,4115293.1142599303],[604517.1779569306,4115293.123751049],[604517.3263815081,4115293.1185390167],[604517.4735631594,4115293.098674928],[604521.8964710853,4115292.277022714],[604522.0437158749,4115292.2418998643],[604522.1866708879,4115292.1921152594],[604522.3238802294,4115292.128175919],[604522.4539465203,4115292.05073302],[604522.5755451286,4115291.960575263],[604522.687437659,4115291.8586208406],[604522.7884845663,4115291.7459080857],[604522.8776567597,4115291.623584897],[604522.9540460842,4115291.492897048],[604523.0168745691,4115291.3551755026],[604523.0655023513,4115291.2118228553],[604523.0994341914,4115291.064299051],[604523.1183245179,4115290.914106514],[604523.1219809463,4115290.762774848],[604523.1103662385,4115290.6118452577],[604523.0835986821,4115290.4628548534],[604521.4654128366,4115283.496655458],[604521.424010403,4115283.351840398],[604521.3682939268,4115283.2119074226],[604521.2988251682,4115283.0782674034],[604521.2163045437,4115282.9522677613],[604521.1215640653,4115282.835178885],[604521.0155589514,4115282.7281813193],[604520.8993579956,4115282.6323538646]],[[604517.1594406025,4115285.8280473696],[604518.8615648083,4115285.545926447],[604519.8065297223,4115289.613947454],[604518.2800370404,4115289.8975269706],[604517.1594406025,4115285.8280473696]]],[[[604565.5089943568,4115289.5648475084],[604565.4504947874,4115289.701959906],[604565.4058935436,4115289.8442017366],[604565.3756311272,4115289.990168155],[604565.3600064234,4115290.1384175327],[604565.3591737489,4115290.287485691],[604565.3731413273,4115290.435900367],[604565.4017712089,4115290.58219575],[604567.1015032422,4115297.4397106157],[604568.5137053207,4115303.1162241],[604568.5545836469,4115303.252565931],[604568.6082011156,4115303.384419257],[604568.674074928,4115303.510596804],[604568.7516119233,4115303.629962405],[604568.8401139193,4115303.741441234],[604568.9387839995,4115303.844029478],[604569.0467336887,4115303.936803381],[604569.1629909537,4115304.01892756],[604572.1612268101,4115305.9303331156],[604591.1714222096,4115387.9087466137],[604590.0532109892,4115389.6926788776],[604589.9828951975,4115389.8177827448],[604589.9248566723,4115389.9490337176],[604589.8796266671,4115390.0852303943],[604589.847619193,4115390.225126105],[604589.829127229,4115390.3674403187],[604589.8243200409,4115390.510870368],[604589.8332416308,4115390.6541033722],[604589.8558103355,4115390.7958282526],[604590.6267331756,4115394.4892859324],[604592.928643639,4115405.5176605727],[604596.0368339662,4115428.405917727],[604596.0639449753,4115428.551347371],[604596.1052494511,4115428.6933992226],[604596.1603456427,4115428.8306916035],[604596.2286976528,4115428.96188913],[604596.3096406509,4115429.0857156995],[604596.4023873387,4115429.200966904],[604596.506035609,4115429.306521744],[604596.6195773195,4115429.4013535334],[604596.7419080982,4115429.4845398827],[604596.8718380862,4115429.5552716753],[604597.0081035099,4115429.6128609325],[604597.1493789738,4115429.656747508],[604597.2942903519,4115429.6865045363],[604597.4414281531,4115429.7018425833],[604597.5893612308,4115429.7026124625],[604597.7366507035,4115429.6888066856],[604597.8818639492,4115429.6605595355],[604608.390708791,4115427.07266554],[604608.5319462513,4115427.0304240505],[604608.6683551673,4115426.974522608],[604608.7986179884,4115426.9055011547],[604608.9214765285,4115426.8240263565],[604609.0357441182,4115426.730885165],[604609.1403170663,4115426.6269772146],[604609.2341853207,4115426.5133061344],[604609.3164422241,4115426.3909698543],[604609.3862932711,4115426.2611499988],[604609.4430637825,4115426.1251004757],[604609.4862054216,4115425.9841353646],[604609.5153014909,4115425.839616223],[604609.5300709562,4115425.692938936],[604609.530371162,4115425.5455202344],[604609.5161992086,4115425.3987840107],[604609.4876919803,4115425.2541475645],[604607.9405375944,4115419.033344638],[604606.334686475,4115412.5344125],[604606.3342677719,4115412.5327222086],[604598.1845042688,4115379.7140146974],[604597.1191785668,4115375.300958504],[604597.1902022087,4115375.283833442],[604598.8711546649,4115374.8836003616],[604599.0145454231,4115374.8418156826],[604599.1530700447,4115374.785978435],[604599.2853551739,4115374.7166421995],[604599.410089314,4115374.634494386],[604599.5260358305,4115374.540349422],[604599.6320452106,4115374.435140676],[604599.7270664597,4115374.319911204],[604599.8101575219,4115374.1958034104],[604599.8804946186,4115374.0640477207],[604599.9373804162,4115373.925950382],[604599.9802509397,4115373.782880514],[604600.0086811637,4115373.6362565346],[604600.0223892262,4115373.487532098],[604600.0212392234,4115373.338181683],[604600.0052425564,4115373.189685974],[604599.974557819,4115373.0435171816],[604597.5839793036,4115363.9372644485],[604597.5411446579,4115363.8009129083],[604597.4855274906,4115363.6692569926],[604597.4176327207,4115363.5434919354],[604597.3380767283,4115363.42475949],[604597.2475817599,4115363.314137566],[604597.1469693711,4115363.21263044],[604597.037152968,4115363.121159641],[604596.9191295152,4115363.040555584],[604596.7939704846,4115362.9715500297],[604596.6628121283,4115362.9147694437],[604596.526845163,4115362.8707293053],[604596.3873039602,4115362.839829433],[604596.2454553399,4115362.8223503483],[604596.1025870704,4115362.818450736],[604595.9599961762,4115362.828165998],[604595.818977164,4115362.851407935],[604594.1059352581,4115363.218328787],[604591.0681161697,4115349.857126311],[604577.6585080321,4115290.793071576],[604577.6578121395,4115290.790021181],[604573.834610131,4115274.1115242126],[604572.6479591486,4115268.8710934524],[604570.9504497831,4115261.407835749],[604571.698904934,4115261.1929764734],[604571.7973266379,4115261.16100876],[604573.5097724076,4115260.5387192247],[604573.647510618,4115260.4807456923],[604573.7787966615,4115260.409354378],[604573.9023274372,4115260.3252538876],[604574.0168768199,4115260.2292789742],[604574.1213078309,4115260.1223822534],[604574.2145839231,4115260.0056247455],[604574.2957792692,4115259.8801653464],[604574.3640879514,4115259.747249324],[604574.4188319608,4115259.6081959587],[604574.4594679266,4115259.4643854466],[604574.48559251,4115259.3172452035],[604574.4969464069,4115259.1682356936],[604574.4934169225,4115259.0188359353],[604574.4750390892,4115258.8705288204],[604573.0243460241,4115250.574878717],[604572.9910877347,4115250.4283702946],[604572.9433407868,4115250.285923601],[604572.8815841532,4115250.1489675874],[604572.806437344,4115250.0188761246],[604572.7186541934,4115249.896954223],[604572.6191152962,4115249.7844249406],[604572.5088191748,4115249.6824171115],[604572.3888722627,4115249.591954026],[604572.2604778052,4115249.5139431623],[604572.1249237885,4115249.4491670853],[604571.9835700203,4115249.398275595],[604571.8378344883,4115249.3617792083],[604571.6891791355,4115249.340044038],[604571.5390951951,4115249.3332881196],[604571.3890882316,4115249.341579226],[604569.2313941695,4115249.5696603926],[604568.7343928842,4115249.6203958187],[604567.27917649,4115239.1815514336],[604566.4198568839,4115233.0],[604563.3910084273,4115233.0],[604564.3077897353,4115239.594904595],[604565.9627475993,4115251.466574565],[604565.9893963187,4115251.6078419206],[604566.0294460573,4115251.7459094343],[604566.0825289517,4115251.879508934],[604566.1481574267,4115252.007413286],[604566.2257286742,4115252.128447667],[604566.3145301893,4115252.2415003576],[604566.4137463155,4115252.34553295],[604566.5224657366,4115252.439589887],[604566.6396898465,4115252.522807241],[604566.7643419228,4115252.5944206463],[604566.8952770154,4115252.6537723225],[604567.0312924642,4115252.700317114],[604567.1711389448,4115252.7336275005],[604567.3135319442,4115252.7533975192],[604567.4571635595,4115252.7594455797],[604567.6007145105,4115252.75171613],[604569.5387343443,4115252.553877081],[604569.5440818596,4115252.553321505],[604570.3106284267,4115252.4722929485],[604571.3032675656,4115258.148605307],[604570.8213645427,4115258.3237251346],[604568.7593390137,4115258.9156715074],[604568.6160875553,4115258.9647465646],[604568.4785138133,4115259.028014306],[604568.3480197771,4115259.104829982],[604568.2259352874,4115259.1944107777],[604568.1135044852,4115259.2958437917],[604568.0118731324,4115259.4080953384],[604567.9220769358,4115259.5300214826],[604567.845030992,4115259.660379697],[604567.7815204621,4115259.797841525],[604567.7321925707,4115259.9410061184],[604567.6975500091,4115260.088414512],[604567.6779458135,4115260.238564494],[604567.6735797666,4115260.389925913],[604567.6844963621,4115260.5409562727],[604567.7105843511,4115260.6901164497],[604569.7225125608,4115269.5357458256],[604570.9091257956,4115274.776013005],[604570.9100089656,4115274.7798893633],[604574.7333055892,4115291.458799084],[604588.1426188336,4115350.5215549306],[604591.5100880979,4115365.3326540617],[604591.5494572395,4115365.4736085213],[604591.6023750089,4115365.6100555756],[604591.6683376739,4115365.7406963645],[604591.7467173259,4115365.8642872996],[604591.8367678571,4115365.9796518986],[604591.937632063,4115366.08569199],[604592.0483498023,4115366.1813981608],[604592.1678671356,4115366.2658593706],[604592.2950463599,4115366.33827162],[604592.4286768368,4115366.3979456066],[604592.5674865176,4115366.4443132835],[604592.7101540521,4115366.4769332707],[604592.8553213666,4115366.495495053],[604593.0016065915,4115366.4998219386],[604593.1476172158,4115366.4898727387],[604593.2919633421,4115366.4657421615],[604594.6871681971,4115366.1618789867],[604595.0461476205,4115366.0849882606],[604596.6831495167,4115372.320697691],[604596.4932473485,4115372.365913205],[604596.489082907,4115372.366911038],[604594.9573741753,4115372.7362332386],[604594.8161137487,4115372.777726094],[604594.6796014701,4115372.8328673933],[604594.5491524785,4115372.9011259144],[604594.4260234999,4115372.981844065],[604594.3114007406,4115373.074244217],[604594.2063884594,4115373.177436203],[604594.1119983288,4115373.2904258855],[604594.0291396894,4115373.4121247395],[604593.9586107889,4115373.5413603354],[604593.9010910923,4115373.676887638],[604593.8571347357,4115373.817400996],[604593.8271651882,4115373.9615467256],[604593.8114711718,4115374.107936148],[604593.8102038804,4115374.255158969],[604593.8233755231,4115374.4017968667],[604593.8508592059,4115374.5464371527],[604595.2694231091,4115380.4227641826],[604595.2717534003,4115380.432280928],[604603.4224877518,4115413.2548979996],[604605.0284032115,4115419.7540905247],[604605.0289513147,4115419.756301506],[604606.2135134775,4115424.51919255],[604598.7849797723,4115426.348533268],[604595.8942103996,4115405.0613320963],[604595.876208268,4115404.9566929727],[604593.5634438776,4115393.876317538],[604592.9159454951,4115390.774181048],[604594.0444303906,4115388.973858732],[604594.116595663,4115388.845048225],[604594.1757476124,4115388.709766962],[604594.2213131229,4115388.569325667],[604594.2528507158,4115388.425085057],[604594.2700548273,4115388.278442663],[604594.2727587689,4115388.1308192844],[604594.2609363423,4115387.983645226],[604594.2347020936,4115387.8383464394],[604574.9453072356,4115304.655930132],[604574.9056583004,4115304.516115261],[604574.8526653432,4115304.380793486],[604574.7868257968,4115304.251235042],[604574.7087576821,4115304.128656064],[604574.6191938067,4115304.0142071736],[604574.5189748859,4115303.9089626763],[604574.4090416522,4115303.813910478],[604574.2904260238,4115303.7299428117],[604571.2804481873,4115301.8110516258],[604570.0129208324,4115296.716075325],[604568.4652483359,4115290.4720377154],[604570.0012493941,4115287.9802125227],[604570.0698924881,4115287.8560711965],[604570.1265016833,4115287.726000669],[604570.1705706937,4115287.591164229],[604570.2017053867,4115287.4527677908],[604570.2196273084,4115287.312049107],[604570.2241761734,4115287.1702667],[604570.2153112988,4115287.0286886045],[604570.193111968,4115286.888581028],[604565.3307526493,4115263.4372269083],[604562.1195010276,4115245.2636700836],[604560.291282028,4115233.0],[604557.2581297222,4115233.0],[604559.1552667412,4115245.725971291],[604559.1617542369,4115245.7658067513],[604562.3803739068,4115263.9810618474],[604562.3887296097,4115264.0245867632],[604567.1345118802,4115286.9136851025],[604565.5808144838,4115289.4342187266],[604565.5089943568,4115289.5648475084]]],[[[604504.4884218122,4115339.213887589],[604504.6105937401,4115339.195062696],[604504.7308007906,4115339.1662421897],[604506.5662672163,4115338.6453314875],[604506.5889750273,4115338.6386930053],[604522.5639881382,4115333.831433288],[604524.819115138,4115333.3747468945],[604524.2236713272,4115330.434432852],[604521.9005040829,4115330.904898094],[604521.7659871144,4115330.938681363],[604505.7358250093,4115335.762536719],[604504.0309599297,4115336.24638238],[604499.6997223708,4115336.732057541],[604500.0340265399,4115339.7133728084],[604504.4884218122,4115339.213887589]]],[[[604541.538497637,4115373.415964054],[604541.4090363579,4115373.4808957228],[604541.2864407016,4115373.5580102447],[604541.1718536051,4115373.6465886943],[604541.0663433434,4115373.745805271],[604540.9708935698,4115373.854734997],[604540.886394145,4115373.972362339],[604540.8136328422,4115374.0975906793],[604540.7532880018,4115374.229252537],[604540.7059222078,4115374.366120451],[604540.671977043,4115374.5069184275],[604540.6517689722,4115374.6503338325],[604540.6454863914,4115374.795029629],[604540.6531878721,4115374.9396568453],[604540.6748016147,4115375.082867147],[604540.7101261182,4115375.223325411],[604541.8187035939,4115378.87575455],[604542.9697373931,4115382.684054867],[604543.0190175575,4115382.822288978],[604543.0815700925,4115382.9550458402],[604543.1567962392,4115383.0810546926],[604543.2439759263,4115383.1991093676],[604543.3422746619,4115383.3080798346],[604543.4507515215,4115383.4069230184],[604543.5683681548,4115383.4946927833],[604543.6939987248,4115383.5705489893],[604543.8264406841,4115383.6337655336],[604543.9644262865,4115383.6837373017],[604544.1066347212,4115383.7199859596],[604544.251704756,4115383.7421645313],[604544.3982477677,4115383.750060722],[604544.544861033,4115383.743598949],[604544.6901411565,4115383.722841064],[604544.8326975039,4115383.6879857644],[604552.4341821019,4115381.430070472],[604552.5733415631,4115381.3811697043],[604552.707025412,4115381.318837776],[604552.8339409768,4115381.243677413],[604552.9528610323,4115381.1564153875],[604553.0626356672,4115381.0578954895],[604553.1622034026,4115380.9490703694],[604553.2506014565,4115380.8309923243],[604553.3269750535,4115380.704803123],[604553.39058569,4115380.5717229685],[604553.4408182757,4115380.4330386934],[604553.4771870804,4115380.2900913227],[604553.4993404318,4115380.1442631027],[604553.5070641153,4115379.9969641366],[604553.500283446,4115379.8496187488],[604553.4790639903,4115379.7036517137],[604553.4436109322,4115379.560474476],[604552.2755372492,4115375.6734541734],[604552.2745631635,4115375.6702258606],[604551.191401192,4115372.0949490326],[604551.1431760441,4115371.9595260066],[604551.0822089125,4115371.8293412547],[604551.009059748,4115371.7055904544],[604550.924400387,4115371.5894101914],[604550.8290083811,4115371.4818675206],[604550.7237598553,4115371.3839501645],[604550.6096214618,4115371.296557442],[604550.4876415014,4115371.2204920086],[604550.3589402955,4115371.1564524863],[604550.2246998968,4115371.1050270433],[604550.0861532323,4115371.066687995],[604549.9445727799,4115371.0417874665],[604549.8012588812,4115371.030554155],[604549.6575277987,4115371.033091232],[604549.5146996264,4115371.0493753976],[604549.3740861656,4115371.0792570887],[604547.360942025,4115371.609046744],[604547.3122668241,4115371.622737623],[604543.328711534,4115372.8160013673],[604543.287285954,4115372.829066832],[604541.6736175948,4115373.363820584],[604541.538497637,4115373.415964054]],[[604544.0055693863,4115375.751473805],[604544.2103692767,4115375.6836051443],[604548.1488949836,4115374.503829896],[604548.7394546224,4115374.348415099],[604549.4029442185,4115376.5384467295],[604550.1374663145,4115378.982729433],[604545.4095295578,4115380.387097299],[604544.6901498619,4115378.006963956],[604544.6896422904,4115378.0052881413],[604544.0055693863,4115375.751473805]]],[[[604548.6612631709,4115417.4678377267],[604548.6620844414,4115417.4700169517],[604551.3781581285,4115424.6601452846],[604552.91465007,4115428.7372475695],[604537.7238286322,4115434.5553282127],[604537.5914367964,4115434.613498466],[604537.4652615729,4115434.684146818],[604537.3464756272,4115434.766616665],[604537.2361829492,4115434.860141537],[604537.1354085932,4115434.96385222],[604537.0450891505,4115435.0767848324],[604536.9660640451,4115435.197889784],[604536.8990677318,4115435.326041532],[604536.8447228709,4115435.4600490415],[604536.8035345403,4115435.5986668547],[604536.7758855423,4115435.7406066637],[604536.762032845,4115435.884549289],[604536.7621051949,4115436.0291569354],[604536.7761019192,4115436.173085627],[604536.8038929334,4115436.3149976986],[604536.8452199494,4115436.4535742276],[604546.9413420717,4115465.173004131],[604547.622783233,4115468.3450730415],[604547.7854805107,4115470.3209445747],[604547.7106206866,4115473.0404874426],[604547.0896683312,4115475.9463172746],[604546.3852541439,4115477.6358693345],[604545.4603718834,4115479.3447910994],[604544.175768147,4115481.5483427662],[604542.339385175,4115484.6854496826],[604540.9766817318,4115486.355458629],[604538.481937206,4115488.3114564475],[604535.6729262854,4115489.8887591986],[604534.646398233,4115490.3324734936],[604534.5136925608,4115490.397779123],[604534.3880634865,4115490.475836514],[604534.2707324388,4115490.565886755],[604534.1628401682,4115490.667054332],[604534.0654356575,4115490.778355643],[604533.9794659215,4115490.8987085624],[604533.9057668011,4115491.026942958],[604533.8450548357,4115491.161812072],[604533.7979202972,4115491.302004639],[604533.7648214513,4115491.446157638],[604533.7460801011,4115491.5928695407],[604533.7418784597,4115491.7407139414],[604533.7522573774,4115491.8882534234],[604533.777115945,4115492.034053534],[604533.8162124755,4115492.176696732],[604533.8691668528,4115492.3147961693],[604535.8380156291,4115496.7776599023],[604535.9054903465,4115496.9119536197],[604535.9860649814,4115497.0388211417],[604536.0789306491,4115497.1569888517],[604536.1831550756,4115497.26527047],[604536.2976919571,4115497.362578963],[604536.4213914633,4115497.447937455],[604536.553011781,4115497.520489036],[604536.6912315802,4115497.5795053653],[604536.8346632791,4115497.6243939796],[604536.9818669739,4115497.6547042453],[604537.131364894,4115497.6701318785],[604537.281656237,4115497.670522002],[604537.4312322354,4115497.6558707],[604537.5785913032,4115497.6263250555],[604537.7222541099,4115497.582181676],[604537.8607784314,4115497.5238837143],[604543.8629859057,4115494.635815371],[604543.8671072971,4115494.6338245412],[604553.4965781023,4115489.964195146],[604558.5070450404,4115487.611623563],[604558.6376354779,4115487.542255201],[604558.7607612996,4115487.4603658607],[604558.8752259507,4115487.366751355],[604558.9799170468,4115487.2623214438],[604559.0738171843,4115487.1480909917],[604559.156013828,4115487.0251701074],[604559.2257081786,4115486.894753354],[604559.282222936,4115486.7581081414],[604559.3250088819,4115486.6165624075],[604559.3536502157,4115486.471491714],[604559.3678685969,4115486.3243058803],[604559.3675258491,4115486.1764352797],[604559.3526253034,4115486.0293169403],[604559.3233117652,4115485.8843805804],[604558.2313750676,4115481.587751739],[604558.230941034,4115481.5860480564],[604556.2836306894,4115473.961083432],[604556.2832557639,4115473.95961844],[604554.141330773,4115465.6077415394],[604569.3235705444,4115461.736142844],[604573.7250117895,4115460.6140522403],[604574.3256585872,4115462.9480486154],[604575.9168846034,4115469.1797797293],[604577.7450825032,4115476.3581405985],[604577.9229381708,4115477.0598795065],[604579.47202938,4115483.148651489],[604579.4725590721,4115483.1507272623],[604580.9882763358,4115489.072911943],[604582.3916382914,4115494.551894884],[604583.9352608512,4115500.898082476],[604583.9770720805,4115501.039361786],[604584.0325419254,4115501.1758576417],[604584.1011352122,4115501.3062531296],[604584.1821901524,4115501.429290193],[604584.2749247269,4115501.543781769],[604584.3784442317,4115501.648623242],[604584.4917499096,4115501.7428031],[604584.6137485863,4115501.825412695],[604584.7432632174,4115501.8956550085],[604584.8790442443,4115501.9528523427],[604585.0197816504,4115501.9964528563],[604585.1641176,4115502.026035892],[604585.310659538,4115502.0413160315],[604585.4579936267,4115502.0421458525],[604585.6046983852,4115502.0285173487],[604585.7493584047,4115502.0005620075],[604588.2518181889,4115501.3880957537],[604588.384449119,4115501.3490756853],[604588.5129241331,4115501.29801004],[604590.1379312447,4115500.5636783247],[604590.2578873378,4115500.502854069],[604590.3719129881,4115500.431529421],[604590.4790914772,4115500.3502778006],[604591.8337353473,4115499.2242254177],[604591.9573887675,4115499.109061577],[604592.0673049107,4115498.9807209363],[604592.1620889226,4115498.8408321603],[604593.3679771619,4115496.8252498074],[604593.4423432418,4115496.6844975906],[604593.5013740015,4115496.5366569],[604593.5444045841,4115496.3833928485],[604593.5709503408,4115496.226431633],[604593.9492351743,4115492.935616969],[604593.956738202,4115492.8475364908],[604594.1397270446,4115489.55429442],[604594.1406427947,4115489.406410418],[604594.1269917552,4115489.2591549736],[604594.0989066173,4115489.113959444],[604594.056660375,4115488.9722351637],[604594.0006636714,4115488.8353597242],[604593.9314608076,4115488.704663587],[604593.849724451,4115488.581417148],[604593.756249098,4115488.4668183913],[604593.6519433503,4115488.361981243],[604593.5378210839,4115488.2679247437],[604593.4149915933,4115488.1855631447],[604593.2846488095,4115488.11569702],[604593.1480596941,4115488.059005484],[604593.0065519247,4115488.0160395913],[604592.8615009895,4115487.9872169807],[604592.8395113212,4115487.9850657107],[604592.2496795373,4115474.7759553003],[604593.2790749525,4115474.707848065],[604594.7259481697,4115474.614985017],[604594.8722914978,4115474.5983464783],[604595.0162975658,4115474.5674359133],[604595.1565779499,4115474.5225513447],[604595.2917801469,4115474.464125524],[604595.4206006146,4115474.392721758],[604595.5417973401,4115474.3090284825],[604595.6542018139,4115474.2138526198],[604595.7567302964,4115474.1081118],[604595.8483942669,4115473.9928255165],[604595.9283099539,4115473.8691052934],[604595.995706856,4115473.73814397],[604596.0499351709,4115473.6012042],[604596.0904720605,4115473.459606279],[604596.116926691,4115473.314715413],[604596.1290440023,4115473.167928556],[604596.1267071661,4115473.020660943],[604595.5601577032,4115464.3143432457],[604595.5589336735,4115464.2970721475],[604594.7567331786,4115453.834655322],[604594.7542910782,4115453.806329469],[604593.7169554393,4115442.9748219275],[604593.6978349391,4115442.840002965],[604592.7566306951,4115437.846194128],[604592.7227807761,4115437.7046921467],[604592.6753810764,4115437.5671352632],[604592.6148775455,4115437.434817651],[604592.5418394174,4115437.308984191],[604592.4569538555,4115437.1908187596],[604592.3610194866,4115437.0814330904],[604592.254938888,4115436.9818563145],[604592.1397100956,4115436.893025277],[604592.0164172142,4115436.815775726],[604591.8862202173,4115436.7508344464],[604591.7503440349,4115436.698812424],[604591.6100670279,4115436.660199097],[604591.4667089614,4115436.635357749],[604591.3216185883,4115436.624522096],[604591.1761609592,4115436.6277940813],[604591.0317045801,4115436.6451429226],[604581.7073609768,4115438.226942842],[604574.653273314,4115439.423558864],[604572.3645847411,4115425.9575671866],[604572.3645601874,4115425.9574225484],[604572.3645355222,4115425.957277425],[604571.6946333807,4115422.011083128],[604570.6364039673,4115415.7296118187],[604570.636042701,4115415.727476811],[604569.9576062622,4115411.735577712],[604569.9498953762,4115411.6937980447],[604569.5487433822,4115409.68043491],[604569.5482199861,4115409.6778201405],[604569.198249741,4115407.9374861135],[604568.7992846327,4115405.864623921],[604568.3743018879,4115403.6410911293],[604568.3736031608,4115403.6374596343],[604566.4713815445,4115393.8163071554],[604564.3191052049,4115382.682719398],[604564.2828458468,4115382.5355164213],[604564.2319130851,4115382.3927252763],[604564.1668271914,4115382.255804555],[604564.0882530096,4115382.126152886],[604563.9969931648,4115382.0050946437],[604563.8939798643,4115381.893866422],[604563.7802653759,4115381.793604403],[604563.6570112779,4115381.70533275],[604563.5254765952,4115381.629953147],[604563.3870049373,4115381.568235586],[604563.2430107743,4115381.5208105044],[604563.0949649876,4115381.488162343],[604562.944379846,4115381.4706245987],[604562.7927935569,4115381.468376417],[604562.6417545546,4115381.481440764],[604562.4928056829,4115381.5096841874],[604560.1863015224,4115382.069113626],[604560.1848429966,4115382.069468156],[604539.0787309656,4115387.211003351],[604538.935751015,4115387.25346616],[604538.7976949621,4115387.3099186425],[604538.6659278048,4115387.3798026373],[604538.5417523601,4115387.462427182],[604538.4263963841,4115387.556975346],[604538.3210004327,4115387.6625123057],[604538.2266065839,4115387.777994589],[604538.1441481351,4115387.9022803917],[604538.0744403753,4115388.034140866],[604538.0181725238,4115388.172272272],[604537.9759009161,4115388.3153088675],[604537.9480435031,4115388.461836411],[604537.9348757183,4115388.610406145],[604537.9365277552,4115388.759549121],[604537.9529832798,4115388.907790722],[604537.9840795918,4115389.0536652426],[604538.0295092335,4115389.195730383],[604542.094479819,4115400.0201450484],[604544.2604511752,4115405.795621091],[604546.4692503002,4115411.670660762],[604546.4708850953,4115411.6749887723],[604547.811214202,4115415.206932758],[604548.6612631709,4115417.4678377267]],[[604572.0243702752,4115441.688170131],[604572.0835392394,4115441.8229255513],[604572.155629087,4115441.951233944],[604572.2399458336,4115442.0718601267],[604572.3356777901,4115442.183642872],[604572.4419033775,4115442.285506086],[604572.557599998,4115442.3764691646],[604572.6816538791,4115442.455656438],[604572.8128707962,4115442.522305597],[604572.9499875683,4115442.5757750324],[604573.0916842186,4115442.6155500123],[604573.2365966814,4115442.6412476357],[604573.3833299332,4115442.652620521],[604573.5304714227,4115442.649559185],[604573.6766046685,4115442.632093098],[604582.2090964862,4115441.184688855],[604590.0813320072,4115439.849227396],[604590.7371168339,4115443.328667787],[604591.766599775,4115454.0781801157],[604592.5670515914,4115464.5177904204],[604593.035554535,4115471.7174009336],[604591.8231922712,4115471.7976136883],[604590.6085593974,4115471.859468168],[604590.4626713835,4115471.8740722467],[604590.3189060463,4115471.9028493124],[604590.1786369255,4115471.945524428],[604590.0432041582,4115472.001689873],[604589.9139016744,4115472.070809041],[604589.7919648354,4115472.1522215647],[604589.6785586308,4115472.2451496255],[604589.5747665479,4115472.3487053844],[604589.4815802205,4115472.4618994663],[604589.3998899548,4115472.5836504092],[604589.3304762228,4115472.712795001],[604589.274002206,4115472.8480993877],[604589.2310074598,4115472.9882708667],[604589.2019027574,4115473.1319702337],[604589.1869661665,4115473.2778245783],[604589.1863403918,4115473.4244404035],[604589.9086481718,4115489.60031203],[604589.922500068,4115489.7474075994],[604589.9507557439,4115489.8924269034],[604589.9931410693,4115490.0339629967],[604590.0492448319,4115490.17064273],[604590.1185227257,4115490.3011400676],[604590.2003026324,4115490.424188954],[604590.2937911424,4115490.5385955977],[604590.3980812517,4115490.6432500514],[604590.5121611615,4115490.7371369824],[604590.6349240951,4115490.819345521],[604590.7651790346,4115490.8890780983],[604590.9016622765,4115490.945658186],[604591.0430496921,4115490.988536856],[604591.0552710315,4115490.9909623414],[604590.9638119406,4115492.636947536],[604590.6275097351,4115495.562542568],[604589.7191169892,4115497.0808759658],[604588.7175088857,4115497.913466152],[604587.4039128536,4115498.507072925],[604586.4952452636,4115498.729465404],[604585.3044934807,4115493.8340107854],[604585.3000815301,4115493.8163400865],[604583.8944941215,4115488.3286685683],[604582.3791456057,4115482.4079245506],[604580.8304867677,4115476.320852022],[604580.6529213594,4115475.6202558237],[604580.6524936183,4115475.618572237],[604578.8239664767,4115468.43891861],[604577.2320464313,4115462.2044682973],[604577.2313458831,4115462.2017354583],[604576.2573523892,4115458.416986596],[604576.2137874021,4115458.2765995455],[604576.1566909993,4115458.1411505407],[604576.0866114693,4115458.01194028],[604576.0042217759,4115457.8902095505],[604575.9103130957,4115457.7771273158],[604575.8057872206,4115457.673779488],[604575.6916478976,4115457.581158502],[604575.5689911906,4115457.5001537846],[604575.4389949548,4115457.431543212],[604575.3029075254,4115457.3759856415],[604575.1620357309,4115457.3340145852],[604575.0177323432,4115457.306033085],[604574.8713830872,4115457.292309844],[604574.7243933345,4115457.292976643],[604574.5781746065,4115457.3080270803],[604574.4341310214,4115457.337316628],[604568.5824157146,4115458.8291358748],[604551.944562211,4115463.0719282976],[604551.8037604687,4115463.1153009157],[604551.6678928377,4115463.172277239],[604551.538270067,4115463.242307604],[604551.4161426602,4115463.3247164087],[604551.3026888109,4115463.418708636],[604551.199003037,4115463.523377518],[604551.1060856209,4115463.637713289],[604551.0248329607,4115463.760612922],[604550.9560289207,4115463.890890774],[604550.900337271,4115464.0272900215],[604550.8582952829,4115464.1684947875],[604550.8303085461,4115464.3131428333],[604550.8166470554,4115464.4598387033],[604550.8174426069,4115464.6071671857],[604550.8326875257,4115464.7537069656],[604550.8622347399,4115464.898044337],[604553.3771113417,4115474.704148607],[604555.3240170807,4115482.327528941],[604556.1105924594,4115485.4226007205],[604552.2130216474,4115487.2526326217],[604552.1960416943,4115487.260735594],[604542.5601654524,4115491.9334711847],[604537.9570293587,4115494.148351575],[604537.2139713396,4115492.464033955],[604540.0512100118,4115490.870880888],[604540.1492049218,4115490.8108043754],[604540.2423118601,4115490.7434004606],[604542.9589499375,4115488.613427592],[604543.0837166748,4115488.5039326204],[604543.195620545,4115488.381321808],[604544.7373120757,4115486.491960875],[604544.8071669001,4115486.3992481777],[604544.8696429834,4115486.3014111714],[604546.7654809854,4115483.0627367776],[604546.766837691,4115483.060414334],[604548.0641068955,4115480.835136891],[604548.0874246928,4115480.793638962],[604549.0597428781,4115478.9970689765],[604549.1250406975,4115478.8603382376],[604549.9120425934,4115476.9726978433],[604549.9593258875,4115476.842716512],[604549.9944353899,4115476.7089324347],[604550.673147267,4115473.532809174],[604550.6956531797,4115473.397461054],[604550.7056974648,4115473.2606226746],[604550.7866102628,4115470.3211845215],[604550.782118782,4115470.1568137812],[604550.6046856196,4115468.0019827997],[604550.5762863166,4115467.810028845],[604549.854480565,4115464.450065117],[604549.803044567,4115464.2676447956],[604540.15930058,4115436.8350497773],[604555.2706247149,4115431.0474165804],[604566.5582329751,4115428.657944834],[604569.6686130574,4115427.999509038],[604571.9469435276,4115441.4045567596],[604571.9786917942,4115441.5482649268],[604572.0243702752,4115441.688170131]],[[604565.853170983,4115406.4306763075],[604566.2534962207,4115408.5106051853],[604566.2559004667,4115408.522823207],[604566.6068353243,4115410.2679540645],[604567.003575483,4115412.2591744037],[604567.678270936,4115416.2290616576],[604568.7364768345,4115422.5103933862],[604568.7367906737,4115422.512249175],[604569.1658084879,4115425.039465425],[604562.3353508705,4115426.48540376],[604555.7938490851,4115427.870173087],[604554.1852198922,4115423.6016536234],[604551.468937621,4115416.4109718227],[604550.6184876045,4115414.149000174],[604550.6168593031,4115414.1446894356],[604549.2765334641,4115410.612754061],[604547.0687645692,4115404.7404546314],[604544.9033233282,4115398.9663906875],[604541.432928514,4115389.7252428234],[604560.8941616004,4115384.984406865],[604561.6720394951,4115384.7957370155],[604563.5259643089,4115394.3859714246],[604565.4279877486,4115404.2061012285],[604565.8528054944,4115406.4287707363],[604565.853170983,4115406.4306763075]]],[[[604507.8649710491,4115544.436048834],[604507.9758710167,4115544.5328859505],[604508.0957301216,4115544.6183846346],[604508.2233936556,4115544.691721202],[604508.3576317235,4115544.7521891366],[604508.4971510918,4115544.7992058983],[604508.6406076478,4115544.8323185323],[604508.7866193482,4115544.8512080363],[604508.9337795337,4115544.855692431],[604509.0806704808,4115544.8457285133],[604509.2258770599,4115544.8214122755],[604513.0717829029,4115543.9814973744],[604513.2116585937,4115543.943789053],[604513.347244327,4115543.8927632226],[604513.4772754116,4115543.8288958333],[604513.6005389681,4115543.7527826144],[604513.715885242,4115543.6651335214],[604513.8222383278,4115543.5667661107],[604513.9186062055,4115543.458597915],[604514.0040899927,4115543.341637885],[604514.07789233,4115543.2169769797],[604514.1393248178,4115543.0857779863],[604514.1878144377,4115542.9492646786],[604514.2229088972,4115542.8087104],[604514.2442808491,4115542.6654261854],[604514.251730944,4115542.520748535],[604514.2451896903,4115542.376026946],[604514.2247181021,4115542.2326113246],[604514.1905071308,4115542.091839396],[604514.1428758827,4115541.9550242266],[604514.0822686438,4115541.823441975],[604514.0092507348,4115541.698319989],[604511.0123170663,4115537.0895408597],[604510.9759003951,4115537.036095618],[604509.563050987,4115535.0557267657],[604507.495855771,4115532.146264175],[604507.4034557992,4115532.029038472],[604507.2998627297,4115531.9215764035],[604507.1861023467,4115531.824942065],[604506.2011038562,4115531.0692762197],[604506.079316524,4115530.9850554653],[604505.9498188889,4115530.9132525944],[604505.8138728504,4115530.854567295],[604505.6728031444,4115530.80957143],[604505.5279844352,4115530.7787034656],[604505.3808279192,4115530.7622641968],[604504.4847965845,4115530.7067521284],[604504.3492403693,4115530.704492589],[604504.2140338277,4115530.714481788],[604504.0802814825,4115530.7366381227],[604503.9490759771,4115530.770780594],[604503.8214891492,4115530.816630287],[604503.6985632752,4115530.8738126485],[604502.7423805641,4115531.37235425],[604502.6211405596,4115531.4429673827],[604502.5070285886,4115531.524599554],[604502.401043022,4115531.616536559],[604502.3041111325,4115531.7179740374],[604502.2170809815,4115531.828024508],[604502.1407139999,4115531.945725134],[604502.0756783258,4115532.0700461473],[604502.0225429594,4115532.199899858],[604501.6729524649,4115533.183103343],[604501.6262564007,4115533.341597072],[604501.5972756932,4115533.5042651477],[604501.586361985,4115533.669133809],[604501.5936476993,4115533.834202591],[604501.8225615937,4115536.1339199697],[604501.824820695,4115536.155089985],[604502.16905731,4115539.177480375],[604502.1692690455,4115539.1793292067],[604502.3212169711,4115540.498867226],[604502.4087723807,4115541.284995683],[604502.4103698804,4115541.298760781],[604502.4417288696,4115541.558487715],[604502.5447797453,4115542.484857329],[604502.5681600098,4115542.6299308315],[604502.6056229515,4115542.772020542],[604502.6568090436,4115542.9097628444],[604502.7212270597,4115543.041835843],[604502.7982587884,4115543.1669720514],[604502.8871649663,4115543.283970553],[604502.9870923724,4115543.3917085286],[604503.0970820162,4115543.4891520306],[604503.2160783415,4115543.5753659066],[604503.342939356,4115543.649522773],[604503.4764475909,4115543.7109109564],[604503.6153217852,4115543.758941322],[604503.758229181,4115543.793152929],[604503.903798315,4115543.8132174523],[604504.0506321788,4115543.818942336],[604504.1973216269,4115543.8102726387],[604504.3424588998,4115543.7872915627],[604505.6954896699,4115543.504502869],[604505.7027990981,4115543.5029561617],[604506.5841065632,4115543.3141732407],[604506.5988115767,4115543.3109460473],[604507.3251513777,4115543.1477171704],[604507.4402860105,4115543.6755986875],[604507.4786816445,4115543.817732446],[604507.5308262786,4115543.9554174747],[604507.5962175576,4115544.0873273327],[604507.6742255097,4115544.212191216],[604507.7640986159,4115544.3288062015],[604507.8649710491,4115544.436048834]],[[604504.7156385501,4115533.726805339],[604504.7383284592,4115533.728211053],[604505.180998949,4115534.0678166193],[604507.1183298157,4115536.794502342],[604507.1200155239,4115536.796870021],[604508.5149244037,4115538.7520919163],[604509.4960500527,4115540.2608978874],[604509.3958765463,4115540.1738593024],[604509.2753145521,4115540.08837318],[604509.1469251036,4115540.015166479],[604509.0119546094,4115539.9549498926],[604508.8717133678,4115539.908308005],[604508.7275628446,4115539.8756936174],[604508.5809024583,4115539.857423351],[604508.4331559922,4115539.8536745748],[604508.2857577738,4115539.864483681],[604508.1401387497,4115539.8897457356],[604505.9483772926,4115540.3822958623],[604505.341267292,4115540.5123435515],[604505.3024719898,4115540.1640145183],[604505.3018424631,4115540.158456447],[604505.1496810417,4115538.8370644],[604504.8067543833,4115535.826175401],[604504.6121844881,4115533.8714851],[604504.6517907296,4115533.760094787],[604504.7156385501,4115533.726805339]],[[604510.0516461283,4115541.5703616836],[604509.9345746014,4115541.033599688],[604509.8960045573,4115540.8909272547],[604509.882374989,4115540.8550005606],[604510.3107535971,4115541.5137746967],[604510.0516461283,4115541.5703616836]]],[[[604513.3890490587,4115586.383243588],[604513.3066415,4115586.5063873804],[604513.2367855943,4115586.637060835],[604513.1801629923,4115586.773988846],[604513.1373262148,4115586.9158352767],[604513.1086932612,4115587.0612159953],[604513.0945435305,4115587.208712383],[604513.0950150952,4115587.3568851775],[604513.1101033537,4115587.5042885146],[604513.3153546603,4115588.849455493],[604513.3291655557,4115588.92644759],[604514.8700683876,4115596.391011862],[604514.9080875907,4115596.537447997],[604514.9606642755,4115596.6793095265],[604515.027263585,4115596.8151533096],[604515.107208012,4115596.943597422],[604515.1996842904,4115597.0633352157],[604515.3037516695,4115597.173148612],[604515.4183514832,4115597.2719204915],[604515.5423179202,4115597.3586460575],[604515.6743898838,4115597.432443062],[604515.8132238204,4115597.492560775],[604515.9574073878,4115597.5383876264],[604516.1054738223,4115597.5694574243],[604516.2559168607,4115597.5854540993],[604516.4072060623,4115597.5862149186],[604516.557802379,4115597.571732143],[604516.7061738111,4115597.542153104],[604524.792799709,4115595.5011421773],[604527.2684571388,4115594.8773030085],[604527.4058580273,4115594.835591655],[604527.5386409645,4115594.7809333284],[604527.6655891372,4115594.713828913],[604527.7855392011,4115594.634893349],[604527.8973919423,4115594.5448499955],[604528.0001223502,4115594.444524005],[604528.0927890106,4115594.334834757],[604528.1745427329,4115594.2167874356],[604528.2446343316,4115594.0914638187],[604528.3024214922,4115593.9600123633],[604528.3473746573,4115593.8236376806],[604528.3790818794,4115593.683589499],[604528.3972525955,4115593.5411512097],[604528.418314125,4115593.275108501],[604528.4223500094,4115593.112828771],[604528.4088260866,4115592.951063192],[604528.3779007428,4115592.79170629],[604526.6442939992,4115585.881910866],[604526.2813614648,4115584.4150948697],[604526.239120542,4115584.2743449807],[604526.1833099148,4115584.1384038143],[604526.1144652371,4115584.0085760932],[604526.0332472596,4115583.886107865],[604525.9404354879,4115583.7721745432],[604525.8369207017,4115583.667869625],[604525.7236964051,4115583.5741941994],[604525.6018492908,4115583.4920473336],[604525.4725488111,4115583.422217449],[604525.3370359532,4115583.3653747523],[604525.1966113291,4115583.3220648025],[604525.0526226922,4115583.2927032756],[604524.9064520025,4115583.277571975],[604524.7595021623,4115583.2768161255],[604524.6131835525,4115583.290442982],[604524.4689004952,4115583.318321759],[604514.2365704211,4115585.820979009],[604514.0945537891,4115585.863248094],[604513.9574003972,4115585.919322566],[604513.8264485819,4115585.988655253],[604513.7029761653,4115586.0705696084],[604513.5881879856,4115586.1642663167],[604513.4832041409,4115586.268831089],[604513.3890490587,4115586.383243588]],[[604516.2854542423,4115588.4082844444],[604523.7284940073,4115586.587841076],[604523.7327004547,4115586.604841713],[604523.7338826945,4115586.6095866286],[604525.1649640232,4115592.313578755],[604524.0589182744,4115592.5922904927],[604517.4913344134,4115594.24990525],[604516.2854542423,4115588.4082844444]]],[[[604630.3900271531,4115642.721794367],[604629.4620290163,4115639.8689327408],[604590.3636600173,4115652.5871148086],[604591.291658154,4115655.4399764347],[604630.3900271531,4115642.721794367]]],[[[604488.7934200697,4115726.6640267354],[604488.7809772248,4115726.6782714273],[604485.8607510149,4115730.0642256467],[604482.9518287926,4115732.888402134],[604482.8523726228,4115732.9948174367],[604482.7637065335,4115733.1103772516],[604482.6866665768,4115733.233991941],[604482.6219791793,4115733.3644959135],[604482.5702542929,4115733.500658619],[604482.531979643,4115733.6411961494],[604482.5075161295,4115733.7847833456],[604482.4970944246,4115733.9300662912],[604482.5008127965,4115734.0756750824],[604482.518636184,4115734.220236741],[604482.5503965266,4115734.3623881633],[604482.5957943486,4115734.5007889727],[604488.7958124265,4115750.7002903],[604488.8549843173,4115750.8347663614],[604488.9270279458,4115750.9628086956],[604489.0112521693,4115751.083188943],[604489.1068489922,4115751.194752249],[604489.2129013172,4115751.2964283433],[604489.3283917429,4115751.3872418078],[604489.4522123251,4115751.4663214334],[604489.5831752046,4115751.532908579],[604489.7200240039,4115751.5863644476],[604489.861445879,4115751.626176217],[604490.0060841152,4115751.6519619576],[604490.1525511417,4115751.6634742958],[604490.2994418433,4115751.66060279],[604490.4453470405,4115751.6433749874],[604490.5888670082,4115751.611956161],[604490.7286249035,4115751.566647724],[604496.8478868274,4115749.2459018985],[604496.9860868045,4115749.1853742446],[604497.1175073987,4115749.1112698726],[604497.2408190523,4115749.024338482],[604497.3547742442,4115748.925459542],[604497.4582201112,4115748.8156333924],[604497.5501101107,4115748.6959711234],[604497.6295146084,4115748.5676833363],[604497.6956302843,4115748.432067895],[604497.7477882579,4115748.290496795],[604497.7854608571,4115748.144402285],[604497.8082669551,4115747.995262376],[604497.8159758269,4115747.844585889],[604497.8085094832,4115747.693897189],[604497.7859434596,4115747.544720766],[604496.9160810295,4115743.2633377225],[604496.3143206197,4115740.2725676843],[604495.7038242529,4115737.2352739805],[604495.3613022369,4115735.5350548266],[604494.7228725628,4115732.3270485555],[604494.7645876922,4115725.584290934],[604496.3217011532,4115720.6841786667],[604496.3589647034,4115720.5436480907],[604496.382448333,4115720.4001700985],[604496.391931427,4115720.2550925817],[604496.3873248976,4115720.1097784564],[604496.3686720204,4115719.9655928635],[604496.336148028,4115719.823890341],[604496.290058464,4115719.6860020994],[604496.2308363128,4115719.5532235177],[604496.1590379309,4115719.426801971],[604496.0753378219,4115719.307925116],[604495.9805222984,4115719.197709729],[604495.8754820962,4115719.0971912183],[604495.7612040055,4115719.0073138964],[604495.6387616013,4115718.928922107],[604495.5093051572,4115718.862752294],[604495.3740508398,4115718.8094260846],[604495.234269283,4115718.769444446],[604495.0912736518,4115718.7431829823],[604494.9464073053,4115718.730888404],[604494.8010311767,4115718.732676212],[604494.6565109886,4115718.7485296107],[604494.5142044224,4115718.7782996665],[604494.3754483637,4115718.8217067076],[604494.2415463435,4115718.8783429507],[604494.113756292,4115718.9476763317],[604493.9932787206,4115719.0290555046],[604493.8812454448,4115719.121715961],[604493.7787089506,4115719.22478721],[604493.6866325076,4115719.337300959],[604493.6058811194,4115719.4582002074],[604491.3349581638,4115723.2433205983],[604484.4486645864,4115696.8238744745],[604481.5456588889,4115697.5805500457],[604488.4862742975,4115724.208403301],[604491.1766746216,4115723.507143843],[604490.313599216,4115724.945697409],[604488.7934200697,4115726.6640267354]],[[604491.7287398889,4115732.6127399853],[604491.7508077981,4115732.7630370357],[604492.4193464303,4115736.122335972],[604492.4200390818,4115736.125795179],[604492.7628443089,4115737.8274201425],[604493.3731748312,4115740.8638894856],[604493.9753026089,4115743.856485504],[604493.9758644818,4115743.859264448],[604494.5922117814,4115746.8928692876],[604491.0630758051,4115748.2313031848],[604485.7510684495,4115734.3520097495],[604487.9981397061,4115732.1704025],[604488.0891713982,4115732.0738410205],[604491.0465991388,4115728.6447522384],[604491.7505188134,4115727.849079029],[604491.721986553,4115732.4609816633],[604491.7287398889,4115732.6127399853]]]]}},{"type":"Feature","properties":{"class":"residential","widthMeters":5},"geometry":{"type":"MultiPolygon","coordinates":[[[[604352.887846351,4115254.652261828],[604356.5276953657,4115273.814481664],[604361.574776367,4115301.9375083405],[604361.5886253807,4115302.008718385],[604361.7776384442,4115302.9105714248],[604343.3898471284,4115306.6780598005],[604343.3780786934,4115306.60746616],[604335.53921527,4115270.2742698835],[604327.9642958372,4115233.0],[604322.8620932989,4115233.0],[604330.6423582276,4115271.284723328],[604330.648509733,4115271.314089295],[604338.389565128,4115307.193944557],[604338.3072882999,4115307.685193556],[604310.2309352044,4115312.871809221],[604293.4152496968,4115233.0],[604288.305640563,4115233.0],[604305.3190520348,4115313.810976998],[604283.3539080648,4115318.148048739],[604277.5912153792,4115291.292298626],[604277.5671551487,4115291.1905852826],[604269.5735993985,4115260.2961514755],[604263.740981091,4115233.0],[604258.6281081781,4115233.0],[604264.695128233,4115261.3931314712],[604264.7196390845,4115261.4969492494],[604272.7134644984,4115292.3924252847],[604278.4396516774,4115319.0780495866],[604257.7945703671,4115322.8241271996],[604255.3902292042,4115312.416589772],[604255.340637073,4115312.233796969],[604254.0425552747,4115308.078909062],[604253.9694854869,4115307.8761743973],[604252.4699173229,4115304.2181105865],[604252.3849576291,4115304.0327765075],[604249.0219297317,4115297.422285893],[604249.0007803706,4115297.3816399286],[604247.0,4115293.6210028892],[604247.0,4115304.474836544],[604247.8822502733,4115306.2090199436],[604249.3022124156,4115309.6728919107],[604250.5398716704,4115313.634379913],[604253.454199226,4115326.2494669813],[604257.6490068497,4115346.0965872337],[604265.2647492007,4115383.7325221957],[604266.6253916381,4115391.036634402],[604267.4650724458,4115396.865884239],[604268.0360343728,4115401.411005539],[604268.0390528719,4115401.434159342],[604270.0489285872,4115416.3089528647],[604272.3929674976,4115441.6511389627],[604272.4010065168,4115441.725805011],[604272.7858240957,4115444.857298522],[604257.5481509439,4115446.9444741663],[604257.4986690182,4115446.9517569095],[604247.0,4115448.604406229],[604247.0,4115453.665975952],[604258.251466002,4115451.8948249994],[604273.4794475816,4115449.8089768547],[604274.0366177236,4115453.347507713],[604274.0613210017,4115453.4807746247],[604275.2445317361,4115459.02124507],[604275.262019442,4115459.097300333],[604281.962659824,4115486.2883050865],[604252.6108131892,4115492.837974957],[604253.1552809397,4115495.277965709],[604251.8041440053,4115493.174533042],[604248.6180612376,4115495.2211087043],[604248.4190336235,4115495.363166886],[604248.2348361282,4115495.5239891503],[604248.0672309325,4115495.702036943],[604247.9178214826,4115495.8956069155],[604247.7880371492,4115496.1028472227],[604247.6791195534,4115496.3217752366],[604247.5921106882,4115496.550296517],[604247.5278429505,4115496.786224845],[604247.486931177,4115497.027303141],[604247.4697667626,4115497.2712250566],[604247.3850530686,4115501.2425435814],[604247.3892343666,4115501.4498952217],[604247.4105878506,4115501.6561867986],[604247.4489665668,4115501.859998624],[604264.8604031136,4115577.0292140935],[604264.8791716405,4115577.104858464],[604272.6565657506,4115606.483584588],[604272.6964875304,4115606.618843771],[604275.8098782715,4115616.166701009],[604277.4697028875,4115621.2482372145],[604277.5319641089,4115621.417826648],[604279.315229949,4115625.780991864],[604284.2768426219,4115640.155119482],[604289.7815850165,4115657.8189094085],[604289.7976036917,4115657.868485971],[604292.5034900829,4115665.9540315415],[604299.8690012274,4115699.438837604],[604303.9894491142,4115718.8483755006],[604304.927334587,4115724.712261633],[604299.5514801625,4115725.8037748667],[604299.5091789506,4115725.8127453057],[604247.0,4115737.423327161],[604247.0,4115742.544098508],[604300.5675689689,4115730.6994904466],[604305.8760898386,4115729.6216486143],[604306.9506435907,4115734.3689787416],[604311.3893720385,4115758.013112564],[604311.4332718519,4115758.204968734],[604311.4921279565,4115758.392776994],[604312.3759052068,4115760.867047291],[604312.483898806,4115761.1233877116],[604312.6197012403,4115761.3661442306],[604312.7816313185,4115761.592311599],[604313.5674113163,4115762.56994534],[604310.2814090863,4115769.244100957],[604291.2848936749,4115804.890718241],[604295.6974298359,4115807.242212368],[604314.7128309307,4115771.5601564413],[604314.7494543722,4115771.4886908727],[604317.4639841889,4115765.975245307],[604319.6668045925,4115767.529476106],[604319.9163319208,4115767.6844170736],[604353.798382139,4115786.0579101327],[604359.2025202953,4115788.98373131],[604350.7478836767,4115804.7372118533],[604337.7509991666,4115828.0],[604343.478441872,4115828.0],[604354.6221074242,4115808.054240636],[604359.3927718594,4115806.6744909505],[604362.016577975,4115806.4557596985],[604364.1048396914,4115806.7120401426],[604366.0056365514,4115807.384093849],[604370.2011849786,4115810.628745658],[604374.6300971314,4115826.120221716],[604375.1409470899,4115827.902847309],[604375.168737798,4115828.0],[604380.3692802393,4115828.0],[604379.9479726121,4115826.527163483],[604379.4372737422,4115824.745065853],[604374.7831130446,4115808.465714055],[604374.7697132096,4115808.420464432],[604371.4760835951,4115797.671958536],[604370.2295814373,4115793.615649207],[604370.1476818037,4115793.3887542854],[604369.2510565046,4115791.236102568],[604369.1641050874,4115791.0494087623],[604369.0620819815,4115790.8705054033],[604368.9456795582,4115790.7006066046],[604367.530897944,4115788.8078321675],[604367.3944290732,4115788.6407981603],[604367.2440702195,4115788.486149114],[604367.0809406331,4115788.345036215],[604365.7879666418,4115787.320659105],[604369.409853549,4115780.694944849],[604369.4165105275,4115780.6826857342],[604396.1253186333,4115731.168340694],[604401.0256311882,4115722.660534994],[604407.6917623385,4115711.0962030212],[604411.2022076522,4115713.279889094],[604413.1341362173,4115715.737856628],[604413.8598494433,4115716.9396925364],[604416.5735516964,4115722.108231388],[604422.8903471786,4115749.1559774657],[604423.5317086374,4115752.364565461],[604424.4757183591,4115758.533983838],[604424.5339560437,4115758.8096323004],[604439.0181694453,4115812.268326466],[604424.6076851061,4115816.4155393257],[604407.4108795918,4115756.198437378],[604402.6030894789,4115757.571446566],[604419.7918919818,4115817.7605228387],[604382.7218422085,4115827.8033875464],[604381.9972531664,4115828.0],[604401.1173221858,4115828.0],[604421.1634290783,4115822.569191553],[604422.710416069,4115828.0],[604427.9093143824,4115828.0],[604425.9790880822,4115821.2238025544],[604440.4279654106,4115817.0655405237],[604441.0143539467,4115818.9132132046],[604443.6243963205,4115828.0],[604448.8265686857,4115828.0],[604445.8105111612,4115817.499683238],[604445.7905442821,4115817.4336197227],[604445.2556730362,4115815.7482747203],[604464.5078766351,4115810.7582278033],[604470.6392841465,4115828.0],[604475.9460274611,4115828.0],[604469.4379166454,4115809.6989224893],[604473.9900683555,4115808.8737819977],[604474.158592111,4115808.837189965],[604502.5304694801,4115801.643689025],[604507.2126534405,4115814.0948618893],[604511.6436906955,4115828.0],[604516.8914173098,4115828.0],[604511.9571865309,4115812.515778925],[604511.9152217847,4115812.394877118],[604507.31205819,4115800.15384043],[604517.4563164997,4115796.4516884824],[604520.9401930617,4115808.937917195],[604524.107465923,4115821.0762622384],[604525.592455467,4115828.0],[604530.7061645408,4115828.0],[604528.9847591784,4115819.973977622],[604528.9593562554,4115819.8670554417],[604525.7728863412,4115807.655139076],[604525.7619029012,4115807.614452704],[604522.2414046917,4115794.996971848],[604547.6047577447,4115788.8505772837],[604555.5338675197,4115828.0],[604560.6353874751,4115828.0],[604552.4657515279,4115787.6629961985],[604593.1351572637,4115777.640081571],[604606.2958390046,4115828.0],[604611.4637560379,4115828.0],[604597.9878653879,4115776.4339210344],[604616.6720918118,4115771.751433839],[604616.8142694561,4115771.7113024574],[604620.005132948,4115770.7079503704],[604620.2188022392,4115770.629914668],[604620.4244939735,4115770.532780497],[604625.3714242051,4115767.9150938895],[604660.1182723334,4115758.1699619633],[604658.7680653054,4115753.355718411],[604623.7635665685,4115763.173111256],[604623.5112137052,4115763.25863344],[604623.2693961546,4115763.3705275133],[604618.2876324934,4115766.00664636],[604615.3849393417,4115766.9193846323],[604596.6307498368,4115771.6194054],[604595.8128934219,4115768.928264645],[604595.8111383262,4115768.922514398],[604568.1003171274,4115678.5225793],[604570.7927680927,4115678.264682728],[604571.1534598878,4115678.203236454],[604594.9937468969,4115672.3190659904],[604593.7956200292,4115667.464738847],[604570.1334246257,4115673.304953407],[604566.5980735174,4115673.6435872186],[604549.2743011847,4115617.752678206],[604549.2421498667,4115617.655966545],[604544.220048405,4115603.518768556],[604540.2583784714,4115590.188779],[604542.6525971714,4115589.9690463785],[604543.0090260442,4115589.910122223],[604552.7867084608,4115587.5571936923],[604553.042205631,4115587.4810902695],[604560.7027018112,4115584.7467920566],[604560.7692644546,4115584.7219617274],[604566.8180646583,4115582.367098704],[604565.0041260346,4115577.7077396633],[604558.9884307322,4115580.0497145923],[604551.4871091449,4115582.7271978427],[604542.0152871711,4115585.0065232706],[604537.141791855,4115585.4537948184],[604531.5321368497,4115584.263490166],[604530.2028245069,4115583.829956899],[604529.9391672334,4115583.584261128],[604529.7118740242,4115583.3686769214],[604527.5408635028,4115577.1418046295],[604520.4585591513,4115548.5493783806],[604520.428537528,4115548.439051066],[604518.8946095286,4115543.2714485456],[604518.7662129025,4115542.931639694],[604517.6334979516,4115540.487543918],[604517.4924252795,4115540.2253186842],[604517.3211761569,4115539.981726176],[604508.1857560846,4115528.505948016],[604508.014618611,4115528.31240203],[604507.8244201585,4115528.1375517156],[604507.6171919884,4115527.9832644216],[604507.395147234,4115527.851187888],[604502.8415437447,4115525.4520575544],[604502.888786082,4115522.136803368],[604502.8807953461,4115521.8983159144],[604502.8501036742,4115521.661676656],[604501.2904180246,4115512.928026764],[604502.1001172748,4115512.7538118865],[604502.3947587915,4115512.6712626875],[604502.6771087203,4115512.553336815],[604527.5750162441,4115500.314557999],[604532.836128829,4115497.8732230635],[604530.731511663,4115493.3377422085],[604525.4449896085,4115495.7908680006],[604525.3944412435,4115495.815016096],[604500.7475525778,4115507.930404451],[604500.1366519048,4115508.06184583],[604493.2804176764,4115485.1921176133],[604490.8857170087,4115485.9100373248],[604493.2155233477,4115485.003393832],[604489.2233816677,4115474.7447672975],[604486.7542444179,4115466.030281303],[604483.2333936547,4115450.903711407],[604478.0281129396,4115422.0290592317],[604478.0271069973,4115422.0235148785],[604476.1735298268,4115411.8724776707],[604475.2775174546,4115405.618111711],[604489.4890815181,4115403.281428547],[604489.5440186838,4115403.271765059],[604497.2062930876,4115401.835660392],[604497.2551357995,4115401.8260016153],[604500.7267476716,4115401.10348722],[604500.799671781,4115401.0871694307],[604505.6885450567,4115399.916224493],[604505.7944593575,4115399.88839037],[604510.21394487,4115398.622850694],[604510.3198899042,4115398.589952602],[604542.9323414474,4115387.6640767283],[604555.3305507564,4115384.5356777445],[604560.5684792021,4115383.4007513407],[604560.631255391,4115383.386300135],[604578.9054829297,4115378.930863156],[604585.7451862466,4115377.262640565],[604584.5604038174,4115372.405039244],[604577.7210191695,4115374.0731841205],[604559.4781939276,4115378.52096491],[604556.523591074,4115379.1611525],[604556.288552031,4115378.333718873],[604556.287791103,4115378.331045749],[604542.3175356672,4115329.3572305925],[604542.3150482192,4115329.348569849],[604542.2621057602,4115329.165480182],[604571.5901895437,4115320.372634382],[604570.1542860327,4115315.5832522605],[604538.4548615433,4115325.087049152],[604538.4503348367,4115325.088410968],[604526.1959429489,4115328.787665563],[604515.2913128772,4115292.461598788],[604513.4535218981,4115283.715948925],[604520.58982339,4115282.4374452475],[604554.0677368164,4115276.466698441],[604560.4671059403,4115275.451756215],[604559.6838934704,4115270.5134793674],[604553.2608163363,4115271.5321816923],[604553.2134768986,4115271.5401564287],[604519.7109710135,4115277.5152892713],[604510.0970625984,4115279.2376676975],[604502.1368013407,4115280.261981099],[604502.0756051888,4115280.2706259587],[604498.7397230223,4115280.7840022147],[604494.273680116,4115281.472045191],[604495.0350031485,4115286.4137440124],[604499.5004445115,4115285.7257936774],[604502.8055832528,4115285.2171486868],[604508.5056476911,4115284.483673716],[604510.4199165122,4115293.593265092],[604510.472040329,4115293.7979308106],[604522.1269511015,4115332.623371398],[604522.1486301707,4115332.691987773],[604539.0704990082,4115383.6847391417],[604508.7841566694,4115393.8313181754],[604504.470660975,4115395.066507187],[604499.6713898522,4115396.2159913136],[604496.2607352281,4115396.925819242],[604488.6503449645,4115398.352199504],[604475.1319507312,4115400.5749108167],[604475.9796563683,4115385.941179032],[604475.9838088305,4115385.8091716375],[604476.0200730534,4115378.597216643],[604476.01235797,4115378.387990318],[604475.4523329514,4115371.290688662],[604475.4480264616,4115371.2421492287],[604474.6279565935,4115362.9210585086],[604474.6231875583,4115362.8767227633],[604473.6698830466,4115354.7006508],[604471.6693496202,4115335.7484698463],[604471.6559581272,4115335.6430998943],[604469.4188058453,4115320.602430558],[604469.3984277843,4115320.4848006824],[604462.6478175244,4115286.3806476127],[604462.6331027438,4115286.3114617267],[604450.5038160994,4115233.0],[604445.3760383645,4115233.0],[604457.2275660067,4115285.090636558],[604433.9691981178,4115291.4988925485],[604421.7330983408,4115256.0831360077],[604421.7147332116,4115256.031801129],[604417.5396482615,4115244.7508427124],[604417.4937466659,4115244.635674742],[604412.5184196415,4115233.0],[604407.9370239411,4115233.0],[604407.0805079808,4115233.0],[604402.9289492747,4115233.0],[604403.4043754895,4115241.362104095],[604403.4145968702,4115241.4867630005],[604409.3961640635,4115297.265140187],[604398.332790919,4115298.4979277183],[604395.5755615102,4115298.225789937],[604383.3974496246,4115233.0],[604378.3110473949,4115233.0],[604390.5296969768,4115298.442909249],[604366.7021028935,4115302.0318358717],[604366.4897440635,4115301.0185913225],[604361.4468322113,4115272.918795716],[604361.4422284211,4115272.893870198],[604357.8051549464,4115253.746262372],[604354.3361945235,4115233.0],[604349.2667793015,4115233.0],[604352.8781627029,4115254.59802893],[604352.887846351,4115254.652261828]],[[604363.7208831764,4115792.062016122],[604364.7548577416,4115793.4453254654],[604365.4856295798,4115795.19978996],[604366.6957833406,4115799.1378133968],[604367.791016216,4115802.7120213066],[604365.5139333225,4115801.9069263325],[604365.2529066022,4115801.8303347146],[604364.9851033915,4115801.782557471],[604362.3700358195,4115801.4616251504],[604362.1141840637,4115801.4434824963],[604361.8578199488,4115801.4516505646],[604358.729483693,4115801.712441521],[604358.4838141911,4115801.745250139],[604358.2426006608,4115801.8022233117],[604357.9526004259,4115801.8860958493],[604363.3729596094,4115791.786368707],[604363.7208831764,4115792.062016122]],[[604356.1811330157,4115781.6621736786],[604322.429147577,4115763.359211898],[604318.2422909649,4115760.405116554],[604316.942808116,4115758.7883557775],[604316.2671291316,4115756.8966885726],[604311.8562583418,4115733.4009463903],[604311.8374985006,4115733.310304189],[604310.7851824972,4115728.6612194353],[604338.2012341801,4115723.488163654],[604338.2584756174,4115723.4766691616],[604367.3022492715,4115717.2908025836],[604395.5881754282,4115711.328747508],[604397.5312236358,4115710.9199721874],[604402.2576769752,4115710.511335635],[604396.6935801753,4115720.163870377],[604391.7752197516,4115728.703010057],[604391.7412680733,4115728.7639039373],[604365.0192201138,4115778.3027937897],[604361.5838828118,4115784.5872427304],[604356.1811330157,4115781.6621736786]],[[604362.5613617802,4115682.3291029087],[604362.5585023807,4115682.3155698706],[604356.5798360172,4115654.4015970128],[604358.4949026053,4115654.615503014],[604358.7231826986,4115654.6304688263],[604358.9518750728,4115654.624504388],[604359.1790647209,4115654.5976596433],[604374.7034264646,4115652.0384026566],[604374.7476459884,4115652.0307045165],[604376.518192863,4115651.706069421],[604378.6428263314,4115661.2362697073],[604385.2006569298,4115691.128491363],[604385.3372783602,4115692.4036657214],[604385.3741256731,4115692.6400929093],[604385.4334073233,4115692.8719144478],[604385.5145802383,4115693.097006646],[604387.2301538347,4115697.223813778],[604387.3188888605,4115697.414265092],[604387.4233025479,4115697.596592791],[604387.542657392,4115697.76950904],[604389.8573164786,4115700.838532179],[604390.0087500056,4115701.0206820252],[604390.176743229,4115701.1876818947],[604390.3597879547,4115701.338032511],[604390.5562408604,4115701.470384071],[604390.7643382491,4115701.58354836],[604399.360456693,4115705.7431691894],[604396.9495320314,4115705.951611307],[604396.6501924201,4115705.9958723756],[604394.5583478437,4115706.4359512343],[604368.7202590759,4115711.882055512],[604362.5613617802,4115682.3291029087]],[[604402.338676864,4115701.6542145186],[604402.0498948334,4115701.489949949],[604393.4857041242,4115697.345778798],[604391.7254361326,4115695.0118268016],[604390.2703102784,4115691.5115259313],[604390.1576448671,4115690.4599482743],[604390.1137982344,4115690.1905565076],[604383.5257729663,4115660.160700043],[604383.52394359,4115660.152428275],[604380.8779309151,4115648.283543064],[604373.645422096,4115613.9216800965],[604373.6262295088,4115613.8377013262],[604373.1846174552,4115612.047943269],[604405.4583358372,4115606.344107792],[604422.4451218008,4115603.3369136946],[604422.5669858685,4115603.3121995186],[604448.5717716987,4115597.361464595],[604448.6349863069,4115598.2075450164],[604448.0185378842,4115601.4276070106],[604435.8400635171,4115636.9373051743],[604420.5158437904,4115671.7579897107],[604420.4806769022,4115671.84201801],[604413.708078593,4115688.8902129075],[604413.7071456349,4115688.8925648467],[604411.629014808,4115694.1391701726],[604408.7967193301,4115700.1229294944],[604406.1163043887,4115704.1490686764],[604402.338676864,4115701.6542145186]],[[604355.5313567586,4115529.303749009],[604378.9058339339,4115525.400970699],[604417.9781941733,4115597.8133637332],[604418.4705227026,4115598.962796633],[604404.5877999924,4115601.420474227],[604372.0608406359,4115607.169065776],[604355.5313567586,4115529.303749009]],[[604422.5299458844,4115595.7411027546],[604422.4320253236,4115595.538259936],[604384.1301882188,4115524.553869298],[604435.3398502978,4115516.37535708],[604436.3448896266,4115523.1357815308],[604436.3689800048,4115523.271853809],[604437.8677823966,4115530.558342031],[604437.8948329274,4115530.6754980604],[604439.7155470462,4115537.777350059],[604439.7585661819,4115537.9258901863],[604442.1441026358,4115545.3010576135],[604442.1451983999,4115545.3044370953],[604450.7996215412,4115571.93132556],[604450.8268761317,4115572.0106294],[604454.3246217323,4115581.6586092515],[604456.9310903752,4115590.1912592547],[604450.2683742207,4115591.8439868917],[604423.4857930625,4115597.972706508],[604422.5299458844,4115595.7411027546]],[[604459.0877444701,4115580.136511784],[604459.0471210041,4115580.0147967488],[604455.5417937702,4115570.345904157],[604446.9008818882,4115543.7605855106],[604444.539699879,4115536.460712723],[604442.7531314802,4115529.4920490417],[604441.2803715491,4115522.332167291],[604439.9158962813,4115513.1539871953],[604435.398119702,4115480.300531389],[604435.3788835375,4115480.181862587],[604433.9244466391,4115472.399075195],[604433.8273332635,4115471.8455669465],[604431.3649457488,4115472.2775944085],[604433.7963028533,4115471.6957846195],[604432.800296151,4115467.5335171265],[604432.7365465614,4115467.3125600405],[604432.6527628285,4115467.0983957807],[604432.5496539108,4115466.8928365554],[604429.6745212281,4115461.764088892],[604429.5799941376,4115461.608965165],[604427.7847613677,4115458.8903571805],[604427.5826279146,4115458.6247003474],[604424.9214275868,4115455.573562574],[604424.7456059366,4115455.3914729427],[604424.5522728827,4115455.228095414],[604424.3434103172,4115455.085104801],[604424.1211593285,4115454.9639669266],[604423.8877982518,4115454.865923597],[604423.6457193139,4115454.7919798726],[604423.39740411,4115454.7428937634],[604423.1453981644,4115454.7191684605],[604422.8922848359,4115454.7210471756],[604418.6452990643,4115454.967938704],[604418.3816372737,4115454.997366724],[604418.1225785695,4115455.0545693114],[604417.8710403072,4115455.1389022875],[604416.2114964512,4115455.795166076],[604416.1895216124,4115455.8039765395],[604415.3508421377,4115456.144850149],[604413.2190443847,4115456.991941916],[604400.0177340402,4115459.9001795184],[604400.0127652108,4115459.9012794513],[604341.0946388129,4115473.006707156],[604315.1807864895,4115478.721130922],[604315.1629827397,4115478.7251251223],[604286.8410171515,4115485.1876906166],[604280.1261215901,4115457.938838758],[604278.9652196673,4115452.5028309477],[604278.4580204437,4115449.2816603063],[604308.4046367834,4115446.945016096],[604335.2216084211,4115444.853456212],[604368.5127943885,4115444.0370938303],[604368.5570340158,4115444.035617009],[604388.2510180213,4115443.2035853243],[604388.4733866118,4115443.1842172216],[604388.6931413369,4115443.1450921115],[604388.9085303853,4115443.0865218863],[604389.1178367476,4115443.0089734485],[604389.319391903,4115442.9130649883],[604397.6580639848,4115438.478244041],[604397.7505399472,4115438.4265185464],[604427.7734920752,4115420.787975719],[604449.5124204479,4115411.6595581397],[604449.6080337804,4115411.6170337466],[604458.843911143,4115407.2755856514],[604470.3169554508,4115406.249733399],[604471.2308562805,4115412.6289647766],[604471.2462538239,4115412.7235039445],[604473.1079293867,4115422.918891656],[604478.3238743627,4115451.8527004537],[604478.3493041414,4115451.9759191824],[604481.8978587044,4115467.221512432],[604481.9274561947,4115467.3362787184],[604484.4451550379,4115476.2221562895],[604484.520663134,4115476.447284949],[604488.5196941528,4115486.7236150517],[604495.9691931059,4115511.5722434297],[604497.885881988,4115522.3049764335],[604497.8202082982,4115526.9136598194],[604497.82448336,4115527.0996930934],[604497.8425839931,4115527.2848930457],[604498.8802975329,4115534.944934789],[604494.6293910895,4115538.0920655946],[604494.3902630007,4115538.2934213313],[604489.0801440028,4115543.3649341115],[604488.9050687308,4115543.550101964],[604488.749753011,4115543.7521304563],[604488.6158105985,4115543.9689204805],[604484.4918201179,4115551.474095203],[604484.396450105,4115551.666868057],[604484.3180018327,4115551.867124596],[604484.2570559038,4115552.073382702],[604484.2140633843,4115552.2841158416],[604483.4631073752,4115556.9905960616],[604483.4602676405,4115557.0088256355],[604482.7448204393,4115561.715746845],[604482.7206511389,4115561.9462435925],[604482.1824565671,4115571.1979542673],[604481.8172091584,4115574.568289246],[604480.6944811147,4115577.9179282538],[604478.9787735031,4115580.701440891],[604478.92471691,4115580.7934836247],[604478.3595368654,4115581.8046549857],[604476.445800022,4115582.9905358627],[604465.1456866798,4115586.056948771],[604464.9184142658,4115586.1304452643],[604464.6991933599,4115586.22529609],[604464.4900251677,4115586.3406353807],[604461.5379394208,4115588.157577378],[604459.0877444701,4115580.136511784]],[[604543.8694402829,4115382.2709057955],[604527.7033008647,4115333.555486956],[604537.4738210756,4115330.606043025],[604537.5105748951,4115330.7331478987],[604551.4792131939,4115379.701294056],[604551.6513596198,4115380.3073199308],[604543.8694402829,4115382.2709057955]],[[604308.8935857755,4115717.8719311855],[604304.7581007852,4115698.391560399],[604304.7542279208,4115698.3736408222],[604297.3581416798,4115664.749835421],[604297.2872779352,4115664.4935164927],[604295.4613389896,4115659.037369996],[604321.8837135971,4115654.418577249],[604322.3735638743,4115656.993018546],[604322.3744970469,4115656.9978965065],[604323.1116656631,4115660.830655512],[604325.3825006915,4115674.2026905403],[604325.4002526643,4115674.29636581],[604334.7682275716,4115719.0476991353],[604309.8372738999,4115723.751848935],[604308.916707871,4115717.996248142],[604308.8935857755,4115717.8719311855]],[[604289.015545783,4115638.5594615396],[604284.0188952555,4115624.083826886],[604283.9698939222,4115623.953715319],[604282.1945141047,4115619.6098450497],[604280.5633388422,4115614.6160195465],[604277.4720119167,4115605.135825567],[604270.3707676278,4115578.3112223456],[604304.6928252405,4115570.2542084143],[604307.927288262,4115586.0553730414],[604307.9356337229,4115586.09454309],[604309.7043250307,4115594.081580747],[604314.8087555553,4115619.497305721],[604314.8104928836,4115619.5058784266],[604315.0195220794,4115620.5281261215],[604320.9170224483,4115649.511742668],[604293.9016199963,4115654.2342003104],[604289.0391512704,4115638.6313582626],[604289.015545783,4115638.5594615396]],[[604328.036529546,4115659.9666773593],[604328.0268208331,4115659.9130542],[604327.7645357167,4115658.5493558277],[604327.9194323759,4115658.5222042305],[604330.3641266937,4115658.097969416],[604330.3671648139,4115658.0974402716],[604351.4680083103,4115654.408932035],[604357.6679378804,4115683.3559672455],[604363.8288192938,4115712.9184404723],[604339.6706316744,4115718.063754134],[604330.303943993,4115673.318569958],[604328.036529546,4115659.9666773593]],[[604401.0959212399,4115464.7825476774],[604414.4921925351,4115461.8313603406],[604413.9543414285,4115459.389902541],[604414.8775287743,4115461.713203022],[604417.2062984027,4115460.787842454],[604417.224433083,4115460.7805542448],[604418.0611990894,4115460.440458347],[604419.3363349013,4115459.936208064],[604421.9589205795,4115459.7837483617],[604423.7045647316,4115461.7851763475],[604425.3575352754,4115464.2883497486],[604428.0184033669,4115469.0348858265],[604428.9157812531,4115472.784987905],[604429.0020617757,4115473.276753129],[604429.0069926933,4115473.303971869],[604430.4529252386,4115481.041251909],[604434.6311101958,4115511.4251835695],[604379.8629087346,4115520.1720174025],[604379.8454590706,4115520.1748675415],[604354.496117455,4115524.4073840547],[604344.5907447075,4115477.351251933],[604401.0959212399,4115464.7825476774]],[[604275.0228317989,4115415.7960654455],[604275.0109441357,4115415.6915645264],[604273.3079384885,4115403.0878710863],[604298.3349504762,4115398.052418601],[604298.4138412108,4115398.0352156605],[604305.8580022593,4115396.2855463936],[604305.9127442817,4115396.2720266525],[604324.1754416642,4115391.5425120355],[604356.5418471164,4115383.5812706137],[604356.5717295636,4115383.573724714],[604372.8880794502,4115379.3463712703],[604377.9529542666,4115378.3550073225],[604382.6773354606,4115377.975915822],[604401.026396751,4115378.9292074842],[604407.2937759567,4115379.2730349367],[604415.8714723788,4115379.756644064],[604415.9167132599,4115379.758783823],[604420.6007210547,4115379.937815875],[604424.0169164258,4115417.195922733],[604395.2634782455,4115434.088623644],[604387.4727949296,4115438.232003456],[604368.3680954889,4115439.0391390384],[604335.0323909352,4115439.8565931],[604334.8992828436,4115439.863411078],[604308.0158026763,4115441.9601582205],[604277.7575460963,4115444.3211187785],[604277.3682564875,4115441.1532336553],[604275.0228317989,4115415.7960654455]],[[604409.5155133369,4115374.3903557183],[604409.1175816369,4115372.3431401923],[604398.0143694025,4115304.556245335],[604397.9665128544,4115304.330154478],[604397.8979832523,4115304.10944875],[604397.8093661935,4115303.8960141195],[604397.5994402628,4115303.4498412744],[604398.1030597311,4115303.499548377],[604398.3643542205,4115303.51158763],[604398.6254764198,4115303.4962595236],[604410.0251705438,4115302.2259958712],[604414.3054519352,4115331.333278582],[604420.025633072,4115374.9121839073],[604416.1303138471,4115374.763297094],[604409.5155133369,4115374.3903557183]],[[604401.2894307482,4115373.9361296515],[604382.7717634639,4115372.974078376],[604382.4420944292,4115372.9787209947],[604377.4118102549,4115373.3823586134],[604377.1315509472,4115373.4209047076],[604371.8537392784,4115374.453947458],[604371.7069449954,4115374.487298134],[604355.3326182232,4115378.7296726326],[604322.9663443231,4115386.690881696],[604322.9367241645,4115386.698359655],[604304.6865343024,4115391.4246351835],[604299.7378898866,4115392.5877603483],[604284.4166813643,4115323.0347382873],[604308.7562065618,4115318.2288391283],[604340.9377964191,4115312.2838527015],[604340.9854515063,4115312.2745698444],[604365.1769847036,4115307.3179484345],[604391.9932100535,4115303.278872364],[604393.1365374251,4115305.7088800548],[604404.1893212267,4115373.1879012263],[604404.2023754859,4115373.260811358],[604404.3664516095,4115374.1049240227],[604401.2966664818,4115373.936516086],[604401.2894307482,4115373.9361296515]],[[604436.1016654958,4115312.7118416936],[604436.106258686,4115312.7248176704],[604439.4612045251,4115322.1203873316],[604439.5276719244,4115322.2873277836],[604446.2351200067,4115337.517111894],[604449.178156963,4115344.9658934847],[604450.8134372135,4115349.916015393],[604451.9001992302,4115354.214971244],[604453.5089036805,4115360.561724192],[604454.444852861,4115366.1463059504],[604455.0747888729,4115372.604335767],[604455.3188210834,4115379.591059662],[604455.2098562829,4115386.9507706976],[604455.2104538557,4115387.053787502],[604455.6384262227,4115403.257514779],[604447.5283546116,4115407.069762773],[604428.8293644626,4115414.9216765133],[604425.3793948886,4115377.29521752],[604425.368575674,4115377.1981250527],[604419.2604072959,4115330.663358917],[604419.2550698289,4115330.6250006063],[604414.9519338482,4115301.362299377],[604430.7636447502,4115297.498670602],[604436.1016654958,4115312.7118416936]],[[604464.4819981789,4115321.397097225],[604466.7025509072,4115336.326165576],[604468.6989390332,4115355.2390757627],[604468.7019487433,4115355.2661723145],[604469.6542497594,4115363.4336377396],[604470.4697430282,4115371.7082905895],[604471.0196094186,4115378.676850053],[604470.9842042056,4115385.7179716527],[604470.0844284373,4115401.2505771737],[604460.6095386535,4115402.097766182],[604460.210071063,4115386.9732759325],[604460.3191933845,4115379.602925595],[604460.3179437844,4115379.478648942],[604460.0690215648,4115372.351922449],[604460.0587360179,4115372.196483443],[604459.4128802617,4115365.575246281],[604459.3903019129,4115365.4047271786],[604458.4231379493,4115359.6338943806],[604458.3808907291,4115359.4328713203],[604456.7475114699,4115352.9887719643],[604455.6390427294,4115348.6039498],[604455.5891130207,4115348.4324705503],[604453.9033639862,4115343.3295756644],[604453.8546378749,4115343.1951185972],[604450.8675920878,4115335.634951328],[604450.8304311833,4115335.54595965],[604444.1397795872,4115320.3543132716],[604440.8173802773,4115311.049890591],[604435.6177057489,4115296.231001345],[604458.2654417317,4115289.9909895575],[604464.4819981789,4115321.397097225]],[[604408.3927628393,4115241.015830825],[604408.0683758387,4115235.3103022226],[604412.872014502,4115246.544453624],[604417.0161144608,4115257.7416914934],[604429.1131250052,4115292.7548728273],[604414.3285720843,4115296.367513132],[604408.3927628393,4115241.015830825]],[[604289.255047661,4115513.105548842],[604296.3827603421,4115537.298048528],[604297.7444631673,4115542.5776668824],[604297.7452331281,4115542.5806446127],[604300.4040248095,4115552.8371641478],[604303.578434558,4115565.379890258],[604269.1656297254,4115573.4582068636],[604252.3905867619,4115501.0364502985],[604252.4402429542,4115498.7086028503],[604254.1329606462,4115497.6212880868],[604283.2213694218,4115491.1304026274],[604289.2423399683,4115513.0608914844],[604289.255047661,4115513.105548842]],[[604300.570347769,4115533.819365008],[604294.0577772724,4115511.714747897],[604288.1037457818,4115490.028074586],[604313.823055514,4115484.159388562],[604324.0123981163,4115530.102635581],[604300.570347769,4115533.819365008]],[[604352.5434959551,4115527.268016552],[604350.0979909897,4115527.7871557088],[604367.1298048873,4115608.018794767],[604347.0900582763,4115611.390383838],[604339.4246696121,4115577.8834381257],[604330.5292968989,4115536.906523419],[604329.4798153448,4115531.664859412],[604329.4691624683,4115531.614366255],[604318.7017915354,4115483.0648177876],[604339.7087601686,4115478.4324412765],[604350.0971091118,4115527.7829839424],[604352.5434959551,4115527.268016552]],[[604368.761500938,4115614.993673506],[604375.4596556494,4115646.8168043294],[604373.8679882255,4115647.1086413395],[604358.706619074,4115649.608057455],[604355.4641025543,4115649.2458801046],[604348.1870164144,4115616.276098224],[604368.2452449308,4115612.901399663],[604368.761500938,4115614.993673506]],[[604272.4232623965,4115396.220234105],[604272.417217869,4115396.1754007926],[604271.5669841438,4115390.272890269],[604271.5502438855,4115390.171491677],[604270.1766444822,4115382.7978247292],[604270.1692612442,4115382.759826855],[604262.5475397708,4115345.094343905],[604262.5431676956,4115345.073207498],[604258.8733552066,4115327.710025129],[604279.5021472322,4115323.9669032283],[604294.8526391407,4115393.6528618005],[604272.6616248436,4115398.1177095477],[604272.4232623965,4115396.220234105]],[[604334.5414273854,4115578.9577467702],[604334.5474837474,4115578.9849152016],[604342.1468518297,4115612.2032717573],[604320.7975133542,4115615.6424898584],[604321.5927237234,4115620.5788488877],[604343.2464475238,4115617.0905965962],[604350.4040622477,4115649.519097743],[604329.5077197597,4115653.17185842],[604327.0624460768,4115653.5961937737],[604327.0582500007,4115653.5969256135],[604326.8248645575,4115653.637835389],[604326.3352298036,4115651.0645267894],[604326.3290922646,4115651.033350795],[604319.9188819258,4115619.5299905883],[604319.7100066651,4115618.5084899208],[604314.6015815345,4115593.0728752045],[604314.5913940046,4115593.0246204934],[604312.8217005432,4115585.0330573213],[604309.0753240922,4115566.7310669557],[604309.0496952697,4115566.619035967],[604305.2494276777,4115551.603420678],[604305.2458522161,4115551.589462553],[604302.585638587,4115541.3274577316],[604301.9004748488,4115538.6709287288],[604325.0485033105,4115535.0008163764],[604325.6305659551,4115537.9079439975],[604325.638816885,4115537.9474908873],[604334.5414273854,4115578.9577467702]],[[604481.9436094502,4115585.405749941],[604482.1184807849,4115585.222812644],[604482.2739612607,4115585.0231332514],[604482.4084576117,4115584.80875795],[604483.2631797383,4115583.279562883],[604485.101713856,4115580.296780202],[604485.2376325328,4115580.045080782],[604485.3439088614,4115579.7795024947],[604486.6439193736,4115575.900944417],[604486.7156043408,4115575.641468979],[604486.7589744,4115575.375790084],[604487.1600658845,4115571.6747024716],[604487.1703989027,4115571.5505370554],[604487.7054755696,4115562.3524240125],[604488.4021041329,4115557.7693104665],[604489.0831320859,4115553.5010916214],[604492.8122316014,4115546.7145717316],[604497.7303689052,4115542.017427242],[604499.7260291444,4115540.5399532258],[604499.7856503135,4115540.920050985],[604499.7932173628,4115540.965547163],[604503.4336844074,4115561.671533871],[604503.4458382218,4115561.7357308357],[604509.0627959798,4115589.4203021997],[604515.315077334,4115623.8923277063],[604515.3218104567,4115623.927975882],[604527.2987523944,4115684.909712759],[604510.8888356397,4115688.442420168],[604510.8469717401,4115688.4518091604],[604509.0711472871,4115688.8661166155],[604503.5337538519,4115650.872739983],[604500.2139144121,4115626.641697037],[604500.1998147707,4115626.551156931],[604498.7575919372,4115618.2889085817],[604496.2948302169,4115618.718797764],[604498.3302673952,4115617.2672484214],[604497.204565317,4115615.6887310436],[604497.0461266531,4115615.4889546833],[604496.8681631791,4115615.3063556515],[604496.6725260967,4115615.1428333702],[604496.4612504513,4115615.000088822],[604496.2365339624,4115614.8796068565],[604494.6918825993,4115614.150280026],[604494.4467183667,4115614.0500387396],[604494.1923247923,4115613.976297803],[604493.9315573451,4115613.9298849297],[604493.667343038,4115613.9113210854],[604493.4026475739,4115613.920814642],[604493.1404420561,4115613.958259039],[604487.5333510746,4115615.0648080576],[604487.4188739767,4115615.090202921],[604470.7176973645,4115619.2082983335],[604463.0305985895,4115593.110021572],[604466.8034447527,4115590.787920105],[604478.1072945684,4115587.7204932626],[604478.3369318107,4115587.6461037607],[604478.5583243801,4115587.549914409],[604478.7694082933,4115587.4328219555],[604481.5430424279,4115585.714090516],[604481.751139227,4115585.570070516],[604481.9436094502,4115585.405749941]],[[604428.5417766846,4115752.0500408406],[604429.5453212669,4115748.0499748923],[604431.3618785341,4115745.6733081876],[604433.9939480921,4115744.6430215547],[604436.6926315114,4115744.797928312],[604437.5735409841,4115745.1894065],[604443.3979056292,4115754.199267811],[604446.252816302,4115760.8117795605],[604450.3921217475,4115770.6909798044],[604462.0628428181,4115803.99823988],[604462.0734170114,4115804.027820886],[604462.804947638,4115806.0343926484],[604443.8411673486,4115810.9496821053],[604429.3968525109,4115757.638246549],[604428.5417766846,4115752.0500408406]],[[604455.0861284698,4115768.9670652994],[604455.0325580852,4115768.827667988],[604450.8591687693,4115758.86712043],[604450.848602566,4115758.8422794207],[604447.9057531042,4115752.0260848445],[604447.8155197218,4115751.838878705],[604447.7100496476,4115751.65981373],[604441.3684929224,4115741.849894525],[604441.2280248734,4115741.654006223],[604441.0693444309,4115741.4725564593],[604440.893926777,4115741.3072320926],[604440.7034026925,4115741.1595700704],[604440.4995433958,4115741.030943142],[604440.2842440774,4115740.9225470945],[604438.864681894,4115740.291690408],[604436.4655998726,4115737.2839014176],[604436.3839676616,4115737.186723337],[604421.0084113714,4115719.7990514576],[604418.2520283718,4115714.5492225173],[604418.1786731525,4115714.4191083936],[604417.3348269707,4115713.0216353894],[604417.1602622728,4115712.76902359],[604414.8615798728,4115709.8444399317],[604414.7198331526,4115709.6794143],[604414.564276526,4115709.5273362673],[604414.3960878825,4115709.3893573848],[604414.2165407621,4115709.2665224406],[604410.32689777,4115706.8469549865],[604413.0595432896,4115702.7423624373],[604413.2381943609,4115702.4264912154],[604415.4229199353,4115697.8108456642],[604416.4581015614,4115697.92208334],[604416.8032226149,4115697.9351757397],[604424.432593008,4115697.6969749434],[604424.7654860263,4115697.6641921066],[604428.4220074874,4115697.054906857],[604428.6705565657,4115697.0003622803],[604428.9122734744,4115696.9208343527],[604455.9816386319,4115686.4598589297],[604457.0263894721,4115686.244465535],[604477.3229664484,4115733.7543792906],[604489.5504934074,4115764.4713310883],[604495.3047740842,4115780.1418884103],[604500.864888313,4115796.907778445],[604473.0133880118,4115803.9693412376],[604467.7235741877,4115804.9281931957],[604466.7763579283,4115802.3300006795],[604455.0861284698,4115768.9670652994]],[[604425.1106168397,4115673.730332399],[604438.7307851806,4115642.781703784],[604439.2688462464,4115643.6027287645],[604455.0510582046,4115681.5465575904],[604454.7690159386,4115681.6047054655],[604454.5684168374,4115681.6547919717],[604454.3726425244,4115681.7212831434],[604427.3482067627,4115692.1648955694],[604424.109015702,4115692.7046411596],[604417.4933408253,4115692.911192807],[604418.355303501,4115690.735017031],[604425.1106168397,4115673.730332399]],[[604500.0120003076,4115778.455593193],[604494.2324585757,4115762.71624277],[604494.208408657,4115762.653376642],[604482.770385493,4115733.9197490355],[604483.4486232261,4115733.5434200293],[604483.657958452,4115733.4133766457],[604483.8534730414,4115733.2633547685],[604487.8732822695,4115729.8513145433],[604488.1185397329,4115729.612382491],[604491.8008346529,4115725.497103825],[604491.9731296093,4115725.2817336423],[604492.1206519268,4115725.0486949473],[604494.2409543097,4115721.250694934],[604496.0664014951,4115719.305729506],[604498.8301857704,4115717.6963045835],[604507.2420548658,4115714.406801626],[604508.1951487773,4115723.8853771845],[604509.0881722646,4115739.3823772934],[604509.7338617718,4115764.4720102134],[604509.751892872,4115764.714185017],[604510.469857385,4115770.5263195573],[604510.488744119,4115770.6526115765],[604511.3096693868,4115775.323135447],[604511.3422356928,4115775.4790912597],[604512.3049936659,4115779.45232798],[604512.3452022354,4115779.598698012],[604516.0503275649,4115791.6422376446],[604505.6457087395,4115795.4394082874],[604500.0381330729,4115778.5304037025],[604500.0120003076,4115778.455593193]],[[604467.2298702463,4115688.6886287206],[604475.0668437551,4115691.804294521],[604475.3916095368,4115691.9083763254],[604479.0382799562,4115692.808048836],[604479.243462139,4115692.849640714],[604481.4320581267,4115693.198600925],[604481.7076955414,4115693.226999405],[604504.7743992518,4115694.3169836006],[604506.6740371499,4115709.26021291],[604496.8289157975,4115713.110196241],[604496.651890531,4115713.1874337364],[604496.481356206,4115713.278106884],[604493.2350825287,4115715.168498189],[604493.0326028166,4115715.2998916833],[604492.8437381524,4115715.4501994434],[604492.6702491263,4115715.618020306],[604490.3849411153,4115718.052955213],[604490.1898821756,4115718.2880584216],[604490.0249540887,4115718.5451969733],[604487.889962524,4115722.369509042],[604484.506853099,4115726.150422397],[604480.8409660963,4115729.262051135],[604462.7454634017,4115686.904378046],[604467.2298702463,4115688.6886287206]],[[604443.6967859352,4115641.257110522],[604443.5785879669,4115641.0570515404],[604441.9143514399,4115638.517600447],[604441.7658958202,4115638.314208485],[604440.9845103567,4115637.3497048416],[604452.8054859878,4115602.8823927627],[604452.8961075512,4115602.541423816],[604453.6081532139,4115598.8220028677],[604453.639941278,4115598.6046125973],[604453.6525206048,4115598.38527092],[604453.6457940432,4115598.165671821],[604453.4985012418,4115596.19426744],[604458.3706863119,4115594.985692029],[604466.5630517008,4115622.7993868324],[604478.7433981085,4115685.900942132],[604478.9464300642,4115687.635470634],[604476.7551940063,4115687.0948693133],[604469.0780063404,4115684.042728044],[604462.1696526288,4115681.294040158],[604461.9386476033,4115681.214960642],[604461.7010301341,4115681.1587927695],[604461.4590667834,4115681.126072309],[604460.2482294627,4115681.022218248],[604443.795898602,4115641.4672795855],[604443.6967859352,4115641.257110522]],[[604483.670350975,4115685.0443579033],[604471.8999448619,4115624.0665410673],[604488.5589569255,4115619.9588423856],[604493.3011886473,4115619.02297174],[604493.5122095256,4115619.1226079375],[604493.9297077209,4115619.7080453895],[604495.2664117381,4115627.3657944584],[604498.5814847874,4115651.5620481865],[604498.5844829542,4115651.5832554763],[604504.0784272639,4115689.278517299],[604484.0621773916,4115688.3326779497],[604483.6987104213,4115685.227532174],[604483.670350975,4115685.0443579033]],[[604428.2956604824,4115741.603220734],[604428.1207106973,4115741.7479275665],[604427.9596105526,4115741.907909559],[604427.813688738,4115742.0818472453],[604426.7100129289,4115743.525825696],[604423.6217690753,4115730.3023430277],[604432.1820455308,4115739.982856395],[604428.8886796399,4115741.2719981824],[604428.6812349857,4115741.36427066],[604428.4830169923,4115741.474982546],[604428.2956604824,4115741.603220734]],[[604513.2228819099,4115542.8615873163],[604514.153145383,4115544.8688469743],[604515.6189789607,4115549.807048307],[604522.7154028924,4115578.4564776206],[604522.7814309883,4115578.6784364386],[604525.1904245605,4115585.587889515],[604525.2794234562,4115585.8087182804],[604525.3890256132,4115586.02007938],[604525.5182369639,4115586.220055814],[604525.6658855892,4115586.406833839],[604525.8306323478,4115586.5787194194],[604526.5063057799,4115587.2195855565],[604526.5223643243,4115587.2346829306],[604527.19817547,4115587.8644548235],[604527.4066986034,4115588.0385952634],[604527.6328863237,4115588.1890808274],[604527.8740675607,4115588.3141344194],[604528.1273941841,4115588.41227927],[604530.1081238249,4115589.0582615305],[604530.3643571378,4115589.127021401],[604535.0202914098,4115590.1149574188],[604539.4459208879,4115605.0060502426],[604539.4865544939,4115605.130703964],[604544.5135461367,4115619.2816677955],[604561.6800097885,4115674.6650588727],[604532.1450276484,4115683.6406491445],[604520.231575001,4115622.9821740165],[604513.9779014519,4115588.5024726265],[604513.968113953,4115588.451525389],[604508.3524945112,4115560.773550249],[604504.7216782604,4115540.1224546316],[604504.0300082964,4115535.7129100454],[604503.4489290126,4115531.423584139],[604504.6005350404,4115532.030324045],[604513.2228819099,4115542.8615873163]],[[604514.7290793239,4115764.221850452],[604514.0854935563,4115739.2139627887],[604514.0821804544,4115739.1344544454],[604513.1837998248,4115723.5444896645],[604513.1753969452,4115723.438195162],[604511.8873499174,4115710.6284909677],[604511.8799344274,4115710.563338917],[604509.7541355649,4115693.8410467897],[604511.9620940258,4115693.3259206186],[604528.2736110003,4115689.8143965974],[604538.0475223861,4115738.4292466026],[604546.6421762338,4115783.939123551],[604520.8357110474,4115790.1928991065],[604517.146488967,4115778.201053113],[604516.2203815678,4115774.3790708203],[604515.4243101042,4115769.84994872],[604514.7290793239,4115764.221850452]],[[604563.1528950891,4115679.4432390053],[604591.0298110242,4115770.3850185066],[604591.7717875565,4115772.8264779714],[604551.5059756177,4115782.7499275072],[604542.9579501763,4115737.4869543994],[604542.9523301694,4115737.458125453],[604533.1233043035,4115688.5691393237],[604563.1528950891,4115679.4432390053]]],[[[604593.9376419561,4115498.479046471],[604588.4061036609,4115499.9875862068],[604562.9041409336,4115505.3312199824],[604557.7004333994,4115487.3575042207],[604552.8976684503,4115488.7479893314],[604558.0247636519,4115506.457084478],[604541.126144254,4115510.680012879],[604541.029618349,4115510.7061965815],[604538.2672502206,4115511.515175657],[604539.672513717,4115516.313637338],[604542.3868808236,4115515.518715702],[604559.6046717012,4115511.216027039],[604566.3285582983,4115528.7808247716],[604566.3494265103,4115528.8335405113],[604580.1213127992,4115562.5024120314],[604565.2934264798,4115568.432675155],[604565.2747128599,4115568.440247262],[604561.7230497499,4115569.8940746943],[604563.6171897736,4115574.5214101663],[604567.1595113757,4115573.0714065596],[604584.3039611038,4115566.214657337],[604602.8788415275,4115559.0357894064],[604608.6255335792,4115557.0827364833],[604607.0166271906,4115552.3486663285],[604601.2211801348,4115554.318288976],[604601.1243937731,4115554.353421984],[604584.7748173936,4115560.6722486396],[604570.9879782452,4115526.966821059],[604564.5308759214,4115510.0989434384],[604588.6898180338,4115505.036723701],[604592.9227779879,4115507.0105041238],[604594.5639561343,4115503.4908414036],[604595.2531789709,4115503.3028792166],[604595.0311775252,4115502.488840667],[604595.035797876,4115502.478931885],[604595.0274083976,4115502.475019968],[604593.9376419561,4115498.479046471]]],[[[604676.1277998373,4115817.9688701616],[604674.7235207792,4115813.17012029],[604639.6248221238,4115823.441205221],[604635.5598454893,4115824.6339342296],[604635.5428752452,4115824.638978903],[604624.3812768593,4115828.0],[604641.8490838369,4115828.0],[604676.1277998373,4115817.9688701616]]]]}},{"type":"Feature","properties":{"class":"service","widthMeters":3},"geometry":{"type":"MultiPolygon","coordinates":[[[[604515.3993349252,4115257.1555344285],[604518.6647695887,4115280.187019098],[604521.6350637835,4115279.7658868195],[604518.36962912,4115256.73440215],[604515.3993349252,4115257.1555344285]]],[[[604328.6438391848,4115432.963481499],[604305.508314448,4115424.9316738024],[604305.4706538699,4115424.919155177],[604272.9877405268,4115414.5967664546],[604272.0791753583,4115417.4558763397],[604304.5431756089,4115427.772254878],[604327.2826661014,4115435.6665739752],[604333.9622408871,4115443.3406523555],[604336.2251135232,4115441.371031216],[604329.2833323405,4115433.3957072464],[604329.1748894181,4115433.283483399],[604329.055373588,4115433.1831338806],[604328.926078493,4115433.095744878],[604328.7884036264,4115433.0222622915],[604328.6438391848,4115432.963481499]]],[[[604274.7268319079,4115439.928965851],[604270.2551670809,4115440.3950682185],[604270.566185973,4115443.378902538],[604275.0378508,4115442.912800171],[604274.7268319079,4115439.928965851]]],[[[604272.203348857,4115457.828116358],[604272.660970234,4115460.7930080383],[604277.918212475,4115459.9815698164],[604277.4605910981,4115457.016678136],[604272.203348857,4115457.828116358]]],[[[604325.5137099655,4115536.2815070474],[604325.9536858577,4115539.24906854],[604328.301902222,4115538.900917847],[604327.8619263298,4115535.9333563545],[604325.5137099655,4115536.2815070474]]],[[[604310.0678204796,4115584.086129479],[604305.7327601928,4115584.9977440652],[604306.3501238914,4115587.9335339186],[604310.6851841782,4115587.0219193324],[604310.0678204796,4115584.086129479]]],[[[604307.8218283155,4115699.2775470437],[604307.2004398562,4115696.3426064337],[604302.0019049875,4115697.443245255],[604302.6232934468,4115700.378185865],[604307.8218283155,4115699.2775470437]]],[[[604399.0021018425,4115733.208383278],[604395.0422137486,4115728.9316724925],[604392.8409242082,4115730.969888467],[604396.6504823213,4115735.084241672],[604398.2429111388,4115738.3470847146],[604403.5628513453,4115757.2905024844],[604406.4511177255,4115756.4793814593],[604401.0945249628,4115737.405450064],[604401.0521594731,4115737.277112352],[604400.9984144934,4115737.1531088026],[604399.249479793,4115733.569589491],[604399.1789261887,4115733.4413152947],[604399.0962042195,4115733.320529714],[604399.0021018425,4115733.208383278]]],[[[604369.4384197,4115799.8623702694],[604377.7733633196,4115797.846424431],[604377.0680986746,4115794.9305023164],[604368.7331550551,4115796.9464481547],[604369.4384197,4115799.8623702694]]],[[[604292.7783989286,4115807.386302095],[604294.2039245822,4115804.7466285145],[604277.0860526047,4115795.50231671],[604275.6605269511,4115798.1419902905],[604292.7783989286,4115807.386302095]]],[[[604377.7570113305,4115828.0],[604380.3833997332,4115828.0],[604383.9315243028,4115827.0392611776],[604383.1474387543,4115824.143538495],[604377.1523344168,4115825.766855086],[604377.7570113305,4115828.0]]],[[[604563.7567519766,4115407.2287610397],[604563.83030768,4115407.353452425],[604563.9155411732,4115407.47047223],[604564.0116585201,4115407.578730434],[604564.1177644032,4115407.67721863],[604564.2328704636,4115407.7650194154],[604564.3559045072,4115407.841314941],[604564.4857204917,4115407.9053945267],[604564.6211092026,4115407.956661281],[604564.760809516,4115407.994637663],[604564.9035201463,4115408.0189699284],[604565.0479117671,4115408.029431426],[604565.1926393943,4115408.025924709],[604565.3363549134,4115408.008482442],[604567.5785071168,4115407.6257909867],[604567.0737651333,4115404.6685565473],[604566.2723034162,4115404.805350361],[604562.0117980661,4115383.2380197756],[604561.5113729978,4115380.6704893955],[604558.566781328,4115381.244405677],[604559.0675710223,4115383.8138068435],[604559.0683050305,4115383.8175474987],[604563.6124220949,4115406.820564018],[604563.6472994176,4115406.9610700873],[604563.6955592223,4115407.0975595536],[604563.7567519766,4115407.2287610397]]],[[[604604.5757245413,4115490.937431358],[604604.692082861,4115490.8544884217],[604604.8000207886,4115490.7608497916],[604604.8985587853,4115490.65736524],[604604.9868026176,4115490.5449738917],[604605.0639514707,4115490.4246956985],[604605.1293052175,4115490.2976221885],[604605.1822707717,4115490.164906556],[604605.2223674702,4115490.027753196],[604605.2492314343,4115489.88740678],[604605.2626188733,4115489.745140952],[604605.262408296,4115489.6022467786],[604604.433272088,4115472.7370923785],[604601.436890983,4115472.884402507],[604602.2135060729,4115488.681244174],[604598.6927786908,4115490.0916870846],[604595.4695458573,4115489.0195167474],[604595.0842023186,4115482.0175228254],[604594.6799701519,4115473.142770701],[604591.6830773248,4115473.279274849],[604592.0876323553,4115482.161115317],[604592.0883451285,4115482.175288619],[604592.5301483426,4115490.2031990653],[604592.545757338,4115490.351655774],[604592.5760446604,4115490.4978259257],[604592.620710357,4115490.6402619136],[604592.6793120779,4115490.7775531127],[604592.7512694568,4115490.9083398506],[604592.8358698587,4115491.0313268704],[604592.9322754375,4115491.1452961625],[604593.0395314337,4115491.249119023],[604593.1565756298,4115491.341767235],[604593.2822488706,4115491.422323251],[604593.4153065417,4115491.4899892784],[604593.5544308975,4115491.5440951814],[604598.26717049,4115493.1117323516],[604598.7406215755,4115491.6884108596],[604599.2984412053,4115493.0808322257],[604604.3220373733,4115491.068323209],[604604.4520017834,4115491.0089258915],[604604.5757245413,4115490.937431358]]],[[[604604.5750922986,4115577.251779055],[604605.4815491723,4115580.1115580564],[604613.5660975077,4115577.5490193404],[604612.659640634,4115574.689240339],[604604.5750922986,4115577.251779055]]],[[[604605.7409212881,4115581.7112827315],[604606.6196555352,4115584.579701481],[604614.7298655486,4115582.095155147],[604613.8511313015,4115579.2267363975],[604605.7409212881,4115581.7112827315]]],[[[604622.9668770031,4115614.294277362],[604614.8085390298,4115616.3676630184],[604615.5474782503,4115619.275233968],[604623.7058162236,4115617.201848312],[604622.9668770031,4115614.294277362]]],[[[604728.2633111303,4115678.1446138183],[604728.3855222977,4115678.101073064],[604728.5035140194,4115678.047134948],[604728.6164036457,4115677.983202961],[604728.7233466934,4115677.909755352],[604730.4351299695,4115676.621730011],[604730.5614516223,4115676.5152976033],[604730.6753046617,4115676.395620944],[604730.7753084289,4115676.264151313],[604732.7198846242,4115673.392292287],[604732.7969641158,4115673.2653434644],[604732.861111847,4115673.131394518],[604732.9116989633,4115672.99175858],[604733.281827036,4115671.7868987853],[604733.3186319491,4115671.641581141],[604733.3407485489,4115671.4933155836],[604733.3479559461,4115671.3435829123],[604733.3401821572,4115671.1938785785],[604733.086914547,4115668.716312732],[604733.0652043648,4115668.57289742],[604733.029743717,4115668.4322495395],[604732.9808641888,4115668.2956842603],[604732.4551142927,4115667.024193614],[604732.383103176,4115666.87419145],[604732.2949212951,4115666.73308792],[604732.1916537283,4115666.6026193043],[604731.2373260674,4115665.5255228137],[604731.1166475526,4115665.404055899],[604730.9829125267,4115665.2971332255],[604730.8378635582,4115665.206147996],[604729.6827200709,4115664.5703931637],[604729.5669446681,4115664.5130261374],[604729.4466618247,4115664.46583549],[604729.3227640352,4115664.4291713745],[604727.357887617,4115663.938682938],[604727.2266569706,4115663.9120838],[604727.0935771401,4115663.8972934172],[604726.9597085647,4115663.894429647],[604726.8261179682,4115663.9035153077],[604688.8890910435,4115668.1916239527],[604688.6769253234,4115668.2312321058],[604685.6484227172,4115669.0257546892],[604685.5356607279,4115669.0601265975],[604685.4259461495,4115669.1032474237],[604682.9442240223,4115670.1930701565],[604682.8306489679,4115670.248771087],[604682.7221709974,4115670.3138434817],[604682.619561601,4115670.3878245493],[604673.7521060889,4115677.3678670847],[604673.684626115,4115677.4242651197],[604665.3806146157,4115684.788590004],[604665.2747387724,4115684.8922682446],[604665.1796094655,4115685.0058872863],[604665.1697902767,4115685.020294794],[604665.1691788164,4115685.019843303],[604662.6767897932,4115688.39531944],[604662.5950889539,4115688.5181851387],[604662.525854647,4115688.648483327],[604662.4697567843,4115688.7849532394],[604661.8624921073,4115690.4972830308],[604661.8176935863,4115690.648369593],[604661.7889933576,4115690.803322339],[604661.7767081955,4115690.9604310007],[604661.7571225426,4115691.728844184],[604656.6324551926,4115692.439830864],[604656.556495641,4115692.4523639157],[604643.7145860431,4115694.911307701],[604644.2787706997,4115697.857779434],[604657.0828613846,4115695.4060771405],[604663.3966286632,4115694.53011698],[604705.8560911699,4115690.591449171],[604711.8903518096,4115690.125881022],[604711.7265950243,4115705.858935592],[604711.456471859,4115708.437411274],[604710.4532498819,4115714.5140376105],[604709.4221052221,4115717.821766527],[604704.9067776193,4115728.7775198235],[604704.8693929033,4115728.8783431845],[604703.0796369078,4115734.293123699],[604703.039487136,4115734.438867216],[604702.1553642529,4115738.42243426],[604702.1278639435,4115738.5914552985],[604701.6945277248,4115742.735976197],[604701.6865114304,4115742.8732964704],[604701.6415059037,4115746.490040468],[604701.6440850295,4115746.598584837],[604701.8720522918,4115750.396262038],[604701.8772753453,4115750.4603044144],[604707.3899402239,4115803.8984668995],[604709.4384409937,4115828.0],[604712.449257623,4115828.0],[604710.3780187848,4115803.630943294],[604710.3754893704,4115803.6040545027],[604704.8647362714,4115750.1844242504],[604704.6419495894,4115746.4730496667],[604704.6854225179,4115742.979468665],[604705.1026808007,4115738.9887206075],[604705.9518235467,4115735.162762561],[604707.7009436593,4115729.8709230437],[604712.2211478977,4115718.903337335],[604712.2663454119,4115718.7781833056],[604713.3482904198,4115715.3074958953],[604713.3962264105,4115715.105413057],[604714.4236436859,4115708.8822331266],[604714.4355134116,4115708.794183691],[604714.7176157204,4115706.1013604305],[604714.7256984558,4115705.9606863377],[604714.892982432,4115689.8887542803],[604744.2340726431,4115687.507772721],[604744.1127488989,4115686.0126872556],[604744.2459116398,4115687.506764792],[604764.5641917138,4115685.6958561884],[604764.5817959873,4115685.6941825207],[604784.5297434169,4115683.6789823864],[604784.5362328697,4115683.6783125433],[604816.7784561866,4115680.2793834815],[604821.0440211889,4115680.094750454],[604825.4035510797,4115680.298714286],[604829.5337594649,4115681.040672544],[604833.1646832693,4115682.145971276],[604836.5438336699,4115683.848294926],[604839.8185642478,4115686.141935456],[604842.5603473063,4115688.8556885454],[604844.5101750914,4115691.650993988],[604846.4676982367,4115695.439006877],[604857.6299861884,4115719.9055113913],[604858.5583303265,4115723.2349522063],[604859.0333534332,4115731.2147139865],[604859.0471910621,4115731.3473741943],[604859.0727584622,4115731.478280721],[604859.9424156727,4115735.0731368815],[604859.9818233048,4115735.2080352227],[604860.0336828666,4115735.338653406],[604870.4623601998,4115758.3930290123],[604870.5142638247,4115758.4968708847],[604870.574042721,4115758.5963877393],[604873.422973194,4115762.948253268],[604873.5505609435,4115763.1160973236],[604877.8864773902,4115768.056705919],[604880.2539798269,4115771.9239634057],[604885.4614573745,4115782.5343514113],[604888.1545865426,4115781.212589222],[604882.9163284362,4115770.5394849265],[604882.8490711877,4115770.4171848535],[604880.3779785106,4115766.3807152356],[604880.3064385244,4115766.274347062],[604880.2260779942,4115766.174475429],[604875.8750809006,4115761.2166830213],[604873.1477602185,4115757.0505817514],[604862.8251500194,4115734.2306856937],[604862.0201025936,4115730.902903594],[604861.5435241861,4115722.8970148144],[604861.5256319693,4115722.7387498645],[604861.4910594159,4115722.583274258],[604860.4882472135,4115718.986758979],[604860.4524364368,4115718.8753280193],[604860.4080464233,4115718.7670284472],[604849.1818240394,4115694.1603867067],[604849.1497241756,4115694.0943562626],[604847.129792501,4115690.185576314],[604847.0274786183,4115690.0160544524],[604844.9428099799,4115687.027438927],[604844.8599932332,4115686.9194963174],[604844.7677366585,4115686.819501593],[604841.8385168441,4115683.920227963],[604841.7446231474,4115683.8348478028],[604841.6438483166,4115683.7577100587],[604838.1760684588,4115681.328856679],[604837.9904007936,4115681.217857122],[604834.3994786903,4115679.4088486736],[604834.2825038906,4115679.3560668966],[604834.1614456105,4115679.3134768433],[604830.3228288781,4115678.1449537803],[604830.1512187752,4115678.1035716445],[604825.8371493081,4115677.3285842426],[604825.642033928,4115677.3065903196],[604821.1167463502,4115677.0948713915],[604820.9817783452,4115677.0946355946],[604816.6024228276,4115677.284193992],[604816.5100324368,4115677.2910567746],[604784.2249639481,4115680.694502513],[604764.289059173,4115682.7084860634],[604743.9855036336,4115684.5180823123],[604713.2889539549,4115687.009057194],[604705.613726294,4115687.601232731],[604705.5905648712,4115687.6032003732],[604664.7667298539,4115691.390142443],[604664.7696579146,4115691.275264452],[604665.2226659716,4115689.9978985507],[604667.3149282414,4115687.164319483],[604673.7753671263,4115684.7976184553],[604678.506094399,4115683.916091524],[604725.6264813023,4115678.9280752246],[604725.7698592296,4115678.9058412877],[604725.9104182946,4115678.86985897],[604728.2633111303,4115678.1446138183]],[[604728.4070203609,4115667.2926348257],[604729.1640041773,4115667.7092550327],[604729.7790791468,4115668.4034559014],[604730.1247588404,4115669.2394589144],[604730.3248200588,4115671.1965383897],[604730.1098932549,4115671.896179092],[604728.4314698597,4115674.3749687574],[604727.1290886422,4115675.354940951],[604725.1658812135,4115675.9600712177],[604678.1315133758,4115680.9389818087],[604678.0146352937,4115680.95603052],[604673.2151898765,4115681.850362437],[604675.642233679,4115679.697964277],[604684.3251789006,4115672.8631595355],[604686.52399575,4115671.897571744],[604689.3335535611,4115671.160488961],[604726.8940101817,4115666.9149449156],[604728.4070203609,4115667.2926348257]]]]}},{"type":"Feature","properties":{"class":"tertiary","widthMeters":8},"geometry":{"type":"MultiPolygon","coordinates":[[[[604554.3947943065,4115264.12463092],[604556.1403520941,4115273.6999833025],[604556.1772534533,4115273.8790976615],[604559.0075761752,4115286.1864514677],[604559.0253464315,4115286.26049004],[604562.0995306097,4115298.552165695],[604566.9825556605,4115318.9108811254],[604566.9927391371,4115318.9523612075],[604581.2717444621,4115375.8020790583],[604583.7119604148,4115385.6500975857],[604585.9123108177,4115395.3996272846],[604587.325594412,4115403.368367774],[604589.258831032,4115417.6119534275],[604591.2151414561,4115436.0969913],[604591.4620795989,4115438.427570136],[604592.4968756383,4115453.0881941146],[604593.3078527233,4115467.5603694255],[604593.4943976317,4115471.734384361],[604593.498099168,4115471.803712709],[604594.6983697718,4115491.1320934063],[604592.7241241694,4115496.793170167],[604591.4464006432,4115498.4244395513],[604591.21335927,4115498.7551422226],[604591.0149147033,4115499.1076933434],[604590.8530969386,4115499.478486479],[604590.729561296,4115499.8637285894],[604590.6455714875,4115500.259478827],[604590.0294489559,4115504.1132339877],[604589.9823802375,4115504.587463808],[604589.9920449726,4115505.063925747],[604590.2072317185,4115507.7518362296],[604590.2707997696,4115508.210301435],[604590.7470070461,4115510.612959965],[604590.8990725526,4115511.1675642105],[604591.6195113509,4115513.207090038],[604591.7908956262,4115513.6179075176],[604592.006864993,4115514.0071385596],[604592.2647448926,4115514.3699629367],[604593.2717850986,4115515.6317652627],[604594.7379348683,4115521.4451819994],[604594.804469907,4115527.330438783],[604594.8210504208,4115527.6518336507],[604594.8634143464,4115527.9708553934],[604595.3025937154,4115530.4951102473],[604595.3603523726,4115530.769678245],[604596.425491167,4115535.077076766],[604596.5027334315,4115535.348089881],[604598.0417152911,4115540.1052194885],[604598.1377925724,4115540.3699859306],[604601.0697581625,4115547.6406421894],[604602.4616000028,4115551.2823444777],[604603.9732421035,4115555.8211609563],[604607.506368825,4115570.3832802405],[604607.519874627,4115570.4373018467],[604609.2391527472,4115577.11628672],[604609.2409066464,4115577.123075547],[604610.4178420114,4115581.662214941],[604619.4629999346,4115616.7466545985],[604626.0487850681,4115642.2788498597],[604633.3006739357,4115671.3584649535],[604633.3125729876,4115671.4049881375],[604640.1236987293,4115697.3846668624],[604645.3171342458,4115717.807290535],[604645.326727642,4115717.8442750815],[604653.785775595,4115749.82638623],[604655.5692979547,4115756.7593965195],[604655.5823362166,4115756.808771166],[604659.9684464928,4115772.9991679485],[604667.412683168,4115800.9889276423],[604671.5598000498,4115816.59668774],[604671.5679465905,4115816.6268716357],[604674.6852535029,4115828.0],[604682.9803221216,4115828.0],[604679.2875062735,4115814.527194836],[604675.1442816438,4115798.9340833095],[604667.6973077378,4115770.934031398],[604667.6925240821,4115770.916210794],[604663.3106781468,4115754.7415549224],[604661.5301385708,4115747.8201394803],[604661.523292081,4115747.79389452],[604653.0656614107,4115715.817141858],[604647.8732961426,4115695.3987268214],[604647.8659143954,4115695.370140989],[604641.0571341923,4115669.399408852],[604633.8071631606,4115640.3274841593],[604633.7992536479,4115640.2963021263],[604627.2096329904,4115614.7492371765],[604618.1638451038,4115579.6623540106],[604618.1624608495,4115579.657000065],[604616.9857114216,4115575.1185777835],[604615.2742481885,4115568.4699518797],[604611.7083025106,4115553.772566132],[604611.6161387225,4115553.451766196],[604610.0241771231,4115548.6717845206],[604609.9655224577,4115548.507683457],[604608.5295345591,4115544.750474653],[604608.5028526458,4115544.682528149],[604605.6099384972,4115537.508711228],[604604.1577289244,4115533.0198024656],[604603.1601321225,4115528.985542318],[604602.800311762,4115526.917416273],[604602.7411237293,4115521.682027845],[604605.0120118497,4115516.0612031906],[604605.3496527905,4115515.7468948383],[604605.7385519131,4115515.3292538384],[604607.2084089309,4115513.505586747],[604607.4445015423,4115513.1805118625],[604607.646793708,4115512.8333933214],[604607.8132446365,4115512.467732973],[604607.9421751148,4115512.087219723],[604608.0322844485,4115511.6956923166],[604608.5382133072,4115508.850305363],[604608.5846309201,4115508.500176167],[604608.5999819636,4115508.1473172805],[604608.5985888077,4115506.116729021],[604608.5795961665,4115505.7301304457],[604608.390542965,4115503.797073543],[604608.3486630692,4115503.4912314117],[604608.2833223919,4115503.1895296867],[604607.6989374771,4115500.918677994],[604607.5910578896,4115500.5672509787],[604607.4513707631,4115500.2272120705],[604607.2810559206,4115499.9014333007],[604607.0815518729,4115499.592666257],[604605.7638666852,4115497.745443769],[604605.5605286992,4115497.484002733],[604605.3362585839,4115497.240280213],[604604.3365441622,4115496.240307711],[604604.077030577,4115496.0071834936],[604603.9412411795,4115495.510430104],[604603.9394041918,4115495.5037327823],[604602.7072358803,4115491.0267110034],[604601.4848701671,4115471.342524972],[604601.298864698,4115467.1805802025],[604601.2965879309,4115467.1353729344],[604600.4827233488,4115452.611669209],[604600.4790619408,4115452.5538333044],[604599.437283201,4115437.7942808964],[604599.4249442165,4115437.654449941],[604599.1706869251,4115435.254793965],[604597.2082001196,4115416.7113959044],[604597.1940723633,4115416.594398635],[604595.2419807076,4115402.211893971],[604595.2168606017,4115402.0513554127],[604593.77316356,4115393.911129971],[604593.7364892638,4115393.729040043],[604591.5064730647,4115383.848064207],[604591.4871924552,4115383.7666118634],[604589.0353778317,4115373.8717843946],[604589.032293683,4115373.8594220183],[604574.7569389101,4115317.0242382926],[604569.8743826796,4115296.667477507],[604569.8651765477,4115296.629896869],[604566.7955359031,4115284.356387868],[604563.9942444054,4115272.1752732163],[604562.2691879261,4115262.7123818775],[604559.4659506,4115246.2725701076],[604557.4727520179,4115233.0],[604549.3830457187,4115233.0],[604551.5605523399,4115247.4998644637],[604551.5731093044,4115247.5781846642],[604554.3868546579,4115264.0796216098],[604554.3947943065,4115264.12463092]],[[604598.9381328287,4115509.9067119732],[604598.5383094572,4115508.7748322156],[604598.1632184382,4115506.882346147],[604598.0047651154,4115504.9030962386],[604598.3820119898,4115502.543472926],[604598.6224233841,4115502.236539745],[604598.6468763435,4115502.2297079414],[604599.0811159526,4115502.298691724],[604599.4439021251,4115502.661571551],[604600.1367583637,4115503.6328654815],[604600.4586445992,4115504.88367789],[604600.598723626,4115506.3159769867],[604600.5997408153,4115507.7985768844],[604600.3355261507,4115509.2845426425],[604599.6893576604,4115510.0862506977],[604599.6474382282,4115510.1252732985],[604599.2051700422,4115510.24130455],[604598.9381328287,4115509.9067119732]]],[[[604638.6278738459,4115820.5728471614],[604633.5719438535,4115806.4648542544],[604629.7168776549,4115793.239404101],[604623.1347910675,4115767.348874759],[604621.5228381013,4115760.8490010863],[604621.5183631292,4115760.831132868],[604598.2726008089,4115668.911210286],[604598.2576587466,4115668.8539130357],[604595.7169265179,4115659.39833867],[604594.7797714922,4115653.3964495794],[604594.6810114246,4115652.9403840536],[604590.0915551324,4115636.4612324843],[604590.0442935054,4115636.304079665],[604586.6159098152,4115625.6980594047],[604586.5789896032,4115625.5892122104],[604582.4546619591,4115613.980983374],[604573.4861882526,4115588.5202135597],[604573.443138102,4115588.403794264],[604569.6408280493,4115578.592049347],[604569.6069776444,4115578.5075649293],[604566.3708249707,4115570.6895395545],[604542.6844819176,4115512.4303792594],[604535.5498751289,4115494.252554254],[604534.7307460962,4115491.745157102],[604534.7053522927,4115491.669961],[604532.298878049,4115484.7704913015],[604531.553302738,4115481.894216457],[604529.2667533326,4115472.3162723286],[604529.2506039788,4115472.251055566],[604525.3477203944,4115457.0385744027],[604521.3956830807,4115441.492607571],[604521.373492903,4115441.4091062625],[604511.3410826009,4115405.2358193933],[604509.0254026104,4115396.6552096237],[604508.1660978929,4115391.108127263],[604507.4293072699,4115384.8506746986],[604503.8565257807,4115337.9347361918],[604502.2577035602,4115314.495861733],[604502.2410393732,4115314.3132943963],[604499.6939968712,4115292.056363408],[604499.6893554116,4115292.017489824],[604498.6304140126,4115283.502720542],[604493.7272597885,4115233.0],[604485.6896447295,4115233.0],[604490.6730611449,4115284.329424912],[604490.6849207967,4115284.436552611],[604491.7480978913,4115292.985380409],[604494.2824903029,4115315.131770568],[604495.8761479731,4115338.4949322636],[604495.878422758,4115338.5264470587],[604499.4586616827,4115385.5403127945],[604499.4745566368,4115385.704333966],[604500.2295178864,4115392.1161069446],[604500.2492226401,4115392.260694601],[604501.1533820471,4115398.097328097],[604501.244394885,4115398.5271957936],[604503.6210255796,4115407.3336546486],[604503.6283613045,4115407.36046604],[604513.65294003,4115443.505515042],[604517.5954164495,4115459.013872577],[604517.5975923408,4115459.0223925607],[604521.4932200097,4115474.206591949],[604523.7809267693,4115483.7893840256],[604523.7995651799,4115483.8642525463],[604524.5959771811,4115486.9366447935],[604524.6911510613,4115487.2502882304],[604527.1385728089,4115494.2671562606],[604527.9815716663,4115496.847620204],[604528.0603486721,4115497.066906407],[604535.2464103949,4115515.3758302685],[604535.2644274117,4115515.42092783],[604558.9646652046,4115573.714263763],[604558.9742374638,4115573.7375966846],[604562.1978072377,4115581.5252237935],[604565.9612443603,4115591.236658302],[604574.91089552,4115616.643992432],[604574.9145078735,4115616.6542034727],[604579.0214064977,4115628.213377028],[604582.4068690746,4115638.686616876],[604586.9116029857,4115654.8615596527],[604587.8459363434,4115660.8453777325],[604587.9350734665,4115661.2662710734],[604590.5240250941,4115670.901298476],[604613.7602703852,4115762.7835881943],[604615.3728277277,4115769.285898892],[604615.3785369328,4115769.3086347394],[604621.9806009176,4115795.2777448455],[604622.0171001378,4115795.411554402],[604625.9254389309,4115808.819765112],[604626.0001251282,4115809.0498501672],[604631.0452461477,4115823.1276818747],[604632.3812706828,4115828.0],[604640.6564865467,4115828.0],[604640.1310204568,4115826.0110753733],[604640.1213147353,4115825.975020805],[604638.7199786123,4115820.864519304],[604638.6278738459,4115820.5728471614]]]]}}]}
