{"type":"FeatureCollection","name":"garrucha-playazo-buildings","crs":{"type":"name","properties":{"name":"EPSG:25830"}},"source":"Direcci\u00f3n General del Catastro, INSPIRE BU","features":[{"type":"Feature","properties":{"id":"4764201XG0146S_part1","floors":1,"height":3.1,"heightSource":"Catastro:numberOfFloorsAboveGround"},"geometry":{"type":"Polygon","coordinates":[[[604635.616,4116259.3815],[604636.606,4116262.1815],[604639.356,4116261.2015],[604638.366,4116258.4115],[604635.616,4116259.3815]]]}},{"type":"Feature","properties":{"id":"4764201XG0146S_part3","floors":3,"height":9.3,"heightSource":"Catastro:numberOfFloorsAboveGround"},"geometry":{"type":"Polygon","coordinates":[[[604630.306,4116271.2615],[604630.896,4116271.0615],[604629.0,4116265.6299262294],[604629.0,4116267.5201311475],[604630.306,4116271.2615]]]}},{"type":"Feature","properties":{"id":"4764201XG0146S_part4","floors":4,"height":12.4,"heightSource":"Catastro:numberOfFloorsAboveGround"},"geometry":{"type":"Polygon","coordinates":[[[604629.0,4116254.209806892],[604629.0,4116265.6299262294],[604630.896,4116271.0615],[604641.606,4116267.5415],[604641.156,4116266.2615],[604639.616,4116261.9415],[604639.356,4116261.2015],[604636.606,4116262.1815],[604635.616,4116259.3815],[604638.366,4116258.4115],[604636.576,4116253.3515],[604636.006,4116251.7315],[604633.136,4116252.7415],[604629.0,4116254.209806892]]]}},{"type":"Feature","properties":{"id":"4764202XG0146S_part1","floors":1,"height":3.1,"heightSource":"Catastro:numberOfFloorsAboveGround"},"geometry":{"type":"Polygon","coordinates":[[[604641.156,4116266.2615],[604647.256,4116263.8915],[604645.786,4116259.7615],[604639.616,4116261.9415],[604641.156,4116266.2615]]]}},{"type":"Feature","properties":{"id":"4764202XG0146S_part2","floors":2,"height":6.2,"heightSource":"Catastro:numberOfFloorsAboveGround"},"geometry":{"type":"Polygon","coordinates":[[[604642.736,4116251.1515],[604645.346,4116258.5015],[604652.696,4116255.8915],[604651.926,4116253.7215],[604650.076,4116248.5415],[604642.736,4116251.1515]]]}},{"type":"Feature","properties":{"id":"4764202XG0146S_part3","floors":1,"height":3.1,"heightSource":"Catastro:numberOfFloorsAboveGround"},"geometry":{"type":"Polygon","coordinates":[[[604650.076,4116248.5415],[604651.926,4116253.7215],[604652.866,4116253.3815],[604651.016,4116248.2115],[604650.076,4116248.5415]]]}},{"type":"Feature","properties":{"id":"4764203XG0146S_part1","floors":2,"height":6.2,"heightSource":"Catastro:numberOfFloorsAboveGround"},"geometry":{"type":"Polygon","coordinates":[[[604647.566,4116241.4915],[604640.236,4116244.0815],[604642.736,4116251.1515],[604650.076,4116248.5415],[604648.236,4116243.3615],[604647.566,4116241.4915]]]}},{"type":"Feature","properties":{"id":"4764203XG0146S_part2","floors":1,"height":3.1,"heightSource":"Catastro:numberOfFloorsAboveGround"},"geometry":{"type":"Polygon","coordinates":[[[604649.176,4116243.0215],[604648.236,4116243.3615],[604650.076,4116248.5415],[604651.016,4116248.2115],[604649.176,4116243.0215]]]}},{"type":"Feature","properties":{"id":"4764203XG0146S_part3","floors":1,"height":3.1,"heightSource":"Catastro:numberOfFloorsAboveGround"},"geometry":{"type":"Polygon","coordinates":[[[604632.526,4116241.9115],[604633.016,4116243.2915],[604633.856,4116245.6815],[604636.686,4116244.6915],[604635.356,4116240.9215],[604632.526,4116241.9115]]]}},{"type":"Feature","properties":{"id":"4764204XG0146S_part1","floors":2,"height":6.2,"heightSource":"Catastro:numberOfFloorsAboveGround"},"geometry":{"type":"Polygon","coordinates":[[[604636.976,4116235.6115],[604635.816,4116232.342],[604629.876,4116234.452],[604630.256,4116235.5315],[604632.106,4116240.7415],[604632.526,4116241.9115],[604635.356,4116240.9215],[604647.146,4116236.7915],[604645.616,4116232.4915],[604644.486,4116232.8915],[604636.976,4116235.6115]]]}},{"type":"Feature","properties":{"id":"4764204XG0146S_part2","floors":2,"height":6.2,"heightSource":"Catastro:numberOfFloorsAboveGround"},"geometry":{"type":"Polygon","coordinates":[[[604629.0,4116230.4757132614],[604629.0,4116231.971085714],[604629.236,4116232.642],[604629.876,4116234.452],[604635.816,4116232.342],[604636.976,4116235.6115],[604644.486,4116232.8915],[604641.906,4116225.622],[604631.326,4116229.592],[604629.0,4116230.4757132614]]]}},{"type":"Feature","properties":{"id":"4764204XG0146S_part3","floors":1,"height":3.1,"heightSource":"Catastro:numberOfFloorsAboveGround"},"geometry":{"type":"Polygon","coordinates":[[[604641.906,4116225.622],[604644.486,4116232.8915],[604645.616,4116232.4915],[604646.746,4116232.0915],[604644.146,4116224.782],[604642.846,4116225.272],[604641.906,4116225.622]]]}},{"type":"Feature","properties":{"id":"4764205XG0146S_part1","floors":2,"height":6.2,"heightSource":"Catastro:numberOfFloorsAboveGround"},"geometry":{"type":"Polygon","coordinates":[[[604633.646,4116226.132],[604630.496,4116227.242],[604631.326,4116229.592],[604641.906,4116225.622],[604639.886,4116219.902],[604639.246,4116218.102],[604631.786,4116220.902],[604633.646,4116226.132]]]}},{"type":"Feature","properties":{"id":"4764205XG0146S_part2","floors":1,"height":3.1,"heightSource":"Catastro:numberOfFloorsAboveGround"},"geometry":{"type":"Polygon","coordinates":[[[604640.816,4116219.542],[604639.886,4116219.902],[604641.906,4116225.622],[604642.846,4116225.272],[604640.816,4116219.542]]]}},{"type":"Feature","properties":{"id":"4764205XG0146S_part3","floors":1,"height":3.1,"heightSource":"Catastro:numberOfFloorsAboveGround"},"geometry":{"type":"Polygon","coordinates":[[[604631.786,4116220.902],[604639.246,4116218.102],[604637.9255,4116214.362],[604637.8465,4116214.148],[604632.4055,4116216.502],[604630.5045,4116217.323],[604630.6455,4116217.662],[604631.786,4116220.902]]]}},{"type":"Feature","properties":{"id":"4764211XG0146S_part1","floors":2,"height":6.2,"heightSource":"Catastro:numberOfFloorsAboveGround"},"geometry":{"type":"Polygon","coordinates":[[[604633.136,4116252.7415],[604631.986,4116249.5315],[604634.856,4116248.5115],[604633.856,4116245.6815],[604633.016,4116243.2915],[604630.286,4116244.2515],[604629.386,4116241.7115],[604632.106,4116240.7415],[604630.256,4116235.5315],[604629.0,4116235.9819275863],[604629.0,4116254.209806892],[604633.136,4116252.7415]]]}},{"type":"Feature","properties":{"id":"4764213XG0146S_part1","floors":5,"height":15.5,"heightSource":"Catastro:numberOfFloorsAboveGround"},"geometry":{"type":"Polygon","coordinates":[[[604630.896,4116271.0615],[604631.15,4116271.8235],[604632.789,4116276.7505],[604641.4965,4116276.1015],[604641.2665,4116272.9615],[604643.7565,4116272.7715],[604643.5665,4116270.2715],[604641.8465,4116270.3915],[604641.606,4116267.5415],[604630.896,4116271.0615]]]}},{"type":"Feature","properties":{"id":"4764213XG0146S_part2","floors":5,"height":15.5,"heightSource":"Catastro:numberOfFloorsAboveGround"},"geometry":{"type":"Polygon","coordinates":[[[604632.789,4116276.7505],[604636.0465,4116286.5415],[604636.0865,4116286.5515],[604650.0865,4116285.5125],[604649.9865,4116284.1815],[604653.0565,4116283.9615],[604652.3965,4116275.2815],[604651.4365,4116275.3515],[604651.1965,4116272.2115],[604652.1565,4116272.1415],[604651.8365,4116267.8015],[604651.2365,4116267.8515],[604648.0665,4116268.0815],[604648.1865,4116269.9315],[604643.5665,4116270.2715],[604643.7565,4116272.7715],[604644.2565,4116272.7315],[604644.4965,4116275.8715],[604643.9965,4116275.9115],[604641.4965,4116276.1015],[604632.789,4116276.7505]]]}},{"type":"Feature","properties":{"id":"4764213XG0146S_part3","floors":6,"height":18.6,"heightSource":"Catastro:numberOfFloorsAboveGround"},"geometry":{"type":"Polygon","coordinates":[[[604641.156,4116266.2615],[604641.606,4116267.5415],[604641.8465,4116270.3915],[604643.5665,4116270.2715],[604643.195,4116265.469],[604641.156,4116266.2615]]]}},{"type":"Feature","properties":{"id":"4764213XG0146S_part4","floors":1,"height":3.1,"heightSource":"Catastro:numberOfFloorsAboveGround"},"geometry":{"type":"Polygon","coordinates":[[[604641.2665,4116272.9615],[604641.4965,4116276.1015],[604643.9965,4116275.9115],[604643.7565,4116272.7715],[604641.2665,4116272.9615]]]}},{"type":"Feature","properties":{"id":"4764213XG0146S_part5","floors":6,"height":18.6,"heightSource":"Catastro:numberOfFloorsAboveGround"},"geometry":{"type":"Polygon","coordinates":[[[604647.256,4116263.8915],[604643.195,4116265.469],[604643.5665,4116270.2715],[604648.1865,4116269.9315],[604648.0665,4116268.0815],[604647.776,4116263.6915],[604647.256,4116263.8915]]]}},{"type":"Feature","properties":{"id":"4764213XG0146S_part7","floors":4,"height":12.4,"heightSource":"Catastro:numberOfFloorsAboveGround"},"geometry":{"type":"Polygon","coordinates":[[[604653.0565,4116283.9615],[604649.9865,4116284.1815],[604650.0865,4116285.5125],[604673.7835,4116283.7545],[604673.9565,4116283.7415],[604668.3375,4116267.991],[604664.506,4116257.2515],[604650.795,4116262.529],[604651.2365,4116267.8515],[604651.8365,4116267.8015],[604652.1565,4116272.1415],[604654.1965,4116271.9815],[604654.4265,4116275.1315],[604652.3965,4116275.2815],[604653.0565,4116283.9615]],[[604660.0865,4116280.1815],[604660.1465,4116279.8815],[604660.2065,4116279.7015],[604660.3665,4116279.4315],[604660.5265,4116279.2515],[604660.8965,4116278.9915],[604661.0765,4116278.9115],[604661.4665,4116278.8315],[604661.4265,4116278.4115],[604668.4265,4116277.8615],[604668.4665,4116278.3115],[604668.7065,4116278.3015],[604669.1865,4116278.4215],[604669.5265,4116278.6315],[604669.7765,4116278.8915],[604670.0165,4116279.3415],[604670.0965,4116279.8815],[604669.9665,4116280.3915],[604669.7465,4116280.7715],[604669.5865,4116280.9315],[604669.1965,4116281.1915],[604668.8465,4116281.2915],[604668.7065,4116281.3015],[604668.7265,4116281.7615],[604661.7265,4116282.2915],[604661.6965,4116281.8315],[604661.5065,4116281.8415],[604661.0565,4116281.7515],[604660.7265,4116281.5815],[604660.4565,4116281.3415],[604660.2365,4116281.0115],[604660.1665,4116280.8315],[604660.1065,4116280.6215],[604660.0865,4116280.3715],[604660.0865,4116280.1815]],[[604661.1465,4116271.4815],[604664.1365,4116271.2515],[604664.3765,4116274.4015],[604661.3765,4116274.6215],[604661.1465,4116271.4815]],[[604659.1465,4116264.6015],[604662.1365,4116264.3615],[604662.3565,4116267.3515],[604659.3665,4116267.5915],[604659.1465,4116264.6015]]]}},{"type":"Feature","properties":{"id":"4764213XG0146S_part8","floors":1,"height":3.1,"heightSource":"Catastro:numberOfFloorsAboveGround"},"geometry":{"type":"Polygon","coordinates":[[[604651.1965,4116272.2115],[604651.4365,4116275.3515],[604652.3965,4116275.2815],[604654.4265,4116275.1315],[604654.1965,4116271.9815],[604652.1565,4116272.1415],[604651.1965,4116272.2115]]]}},{"type":"Feature","properties":{"id":"4764213XG0146S_part9","floors":1,"height":3.1,"heightSource":"Catastro:numberOfFloorsAboveGround"},"geometry":{"type":"Polygon","coordinates":[[[604662.3565,4116267.3515],[604662.1365,4116264.3615],[604659.1465,4116264.6015],[604659.3665,4116267.5915],[604662.3565,4116267.3515]]]}},{"type":"Feature","properties":{"id":"4764214XG0146S_part1","floors":4,"height":12.4,"heightSource":"Catastro:numberOfFloorsAboveGround"},"geometry":{"type":"Polygon","coordinates":[[[604647.011,4116208.1355],[604646.0955,4116205.752],[604644.4655,4116201.522],[604643.571,4116199.0775],[604642.8955,4116197.232],[604641.3855,4116192.952],[604640.1555,4116189.472],[604640.1075,4116189.45],[604639.4955,4116189.172],[604639.213,4116189.2775],[604629.0,4116193.0841947403],[604629.0,4116210.448837097],[604630.1855,4116210.032],[604631.1755,4116213.072],[604632.4055,4116216.502],[604647.644,4116209.91],[604647.6855,4116209.892],[604647.011,4116208.1355]],[[604634.8055,4116208.222],[604637.6455,4116207.202],[604638.6355,4116210.022],[604635.8055,4116211.042],[604634.8055,4116208.222]],[[604634.5655,4116198.642],[604635.5655,4116201.462],[604632.7555,4116202.462],[604631.7355,4116199.652],[604634.5655,4116198.642]]]}},{"type":"Feature","properties":{"id":"4764214XG0146S_part2","floors":5,"height":15.5,"heightSource":"Catastro:numberOfFloorsAboveGround"},"geometry":{"type":"Polygon","coordinates":[[[604632.4055,4116216.502],[604631.1755,4116213.072],[604629.0,4116213.8986899997],[604629.0,4116217.9729181146],[604632.4055,4116216.502]]]}},{"type":"Feature","properties":{"id":"4764403XG0146S_part1","floors":1,"height":3.1,"heightSource":"Catastro:numberOfFloorsAboveGround"},"geometry":{"type":"Polygon","coordinates":[[[604658.8655,4116168.932],[604650.1455,4116172.092],[604649.6155,4116170.452],[604642.8355,4116172.952],[604646.2755,4116182.652],[604661.6355,4116176.722],[604665.9655,4116175.052],[604663.2105,4116167.3575],[604658.8655,4116168.932]]]}},{"type":"Feature","properties":{"id":"4764404XG0146S_part3","floors":3,"height":9.3,"heightSource":"Catastro:numberOfFloorsAboveGround"},"geometry":{"type":"Polygon","coordinates":[[[604651.375,4116127.962],[604650.065,4116128.352],[604651.065,4116132.022],[604652.315,4116131.662],[604652.085,4116130.752],[604655.575,4116129.862],[604659.065,4116128.982],[604658.395,4116126.352],[604657.799680498,4116124.0],[604650.3521084338,4116124.0],[604651.375,4116127.962]]]}},{"type":"Feature","properties":{"id":"4764404XG0146S_part4","floors":4,"height":12.4,"heightSource":"Catastro:numberOfFloorsAboveGround"},"geometry":{"type":"Polygon","coordinates":[[[604638.775,4116124.772],[604640.135,4116124.412],[604640.765,4116126.932],[604639.435,4116127.272],[604642.205,4116137.762],[604643.835,4116137.352],[604644.495,4116137.172],[604643.755,4116134.332],[604646.595,4116133.612],[604646.485,4116133.212],[604651.065,4116132.022],[604650.065,4116128.352],[604651.375,4116127.962],[604650.3521084338,4116124.0],[604638.5722059702,4116124.0],[604638.775,4116124.772]]]}},{"type":"Feature","properties":{"id":"4764404XG0146S_part5","floors":4,"height":12.4,"heightSource":"Catastro:numberOfFloorsAboveGround"},"geometry":{"type":"Polygon","coordinates":[[[604647.185,4116139.892],[604646.835,4116139.252],[604646.375,4116138.682],[604645.835,4116138.192],[604645.265,4116137.862],[604644.035,4116138.172],[604644.265,4116139.082],[604644.815,4116141.242],[604647.425,4116140.582],[604647.185,4116139.892]]]}},{"type":"Feature","properties":{"id":"4764404XG0146S_part6","floors":4,"height":12.4,"heightSource":"Catastro:numberOfFloorsAboveGround"},"geometry":{"type":"Polygon","coordinates":[[[604644.815,4116141.242],[604645.375,4116143.462],[604645.595,4116144.312],[604646.815,4116144.002],[604647.165,4116143.432],[604647.425,4116142.752],[604647.555,4116142.032],[604647.555,4116141.302],[604647.425,4116140.582],[604644.815,4116141.242]]]}},{"type":"Feature","properties":{"id":"4764404XG0146S_part8","floors":4,"height":12.4,"heightSource":"Catastro:numberOfFloorsAboveGround"},"geometry":{"type":"Polygon","coordinates":[[[604643.755,4116139.622],[604643.425,4116140.292],[604643.305,4116141.032],[604643.395,4116141.772],[604643.725,4116142.362],[604644.185,4116142.852],[604644.745,4116143.222],[604645.375,4116143.462],[604644.815,4116141.242],[604644.265,4116139.082],[604643.755,4116139.622]]]}},{"type":"Feature","properties":{"id":"4764404XG0146S_part10","floors":1,"height":3.1,"heightSource":"Catastro:numberOfFloorsAboveGround"},"geometry":{"type":"Polygon","coordinates":[[[604652.085,4116130.752],[604652.315,4116131.662],[604655.805,4116130.752],[604655.575,4116129.862],[604652.085,4116130.752]]]}},{"type":"Feature","properties":{"id":"4764404XG0146S_part13","floors":3,"height":9.3,"heightSource":"Catastro:numberOfFloorsAboveGround"},"geometry":{"type":"Polygon","coordinates":[[[604658.395,4116126.352],[604659.455,4116126.092],[604658.927677686,4116124.0],[604657.799680498,4116124.0],[604658.395,4116126.352]]]}},{"type":"Feature","properties":{"id":"4764404XG0146S_part14","floors":3,"height":9.3,"heightSource":"Catastro:numberOfFloorsAboveGround"},"geometry":{"type":"Polygon","coordinates":[[[604659.065,4116128.982],[604655.575,4116129.862],[604655.805,4116130.752],[604660.335,4116129.562],[604659.455,4116126.092],[604658.395,4116126.352],[604659.065,4116128.982]]]}},{"type":"Feature","properties":{"id":"4764404XG0146S_part15","floors":2,"height":6.2,"heightSource":"Catastro:numberOfFloorsAboveGround"},"geometry":{"type":"Polygon","coordinates":[[[604659.455,4116126.092],[604660.915,4116125.722],[604660.450560166,4116124.0],[604658.927677686,4116124.0],[604659.455,4116126.092]]]}},{"type":"Feature","properties":{"id":"4764404XG0146S_part18","floors":2,"height":6.2,"heightSource":"Catastro:numberOfFloorsAboveGround"},"geometry":{"type":"Polygon","coordinates":[[[604659.455,4116126.092],[604660.335,4116129.562],[604661.845,4116129.172],[604660.915,4116125.722],[604659.455,4116126.092]]]}},{"type":"Feature","properties":{"id":"4764404XG0146S_part19","floors":5,"height":15.5,"heightSource":"Catastro:numberOfFloorsAboveGround"},"geometry":{"type":"Polygon","coordinates":[[[604630.145,4116129.222],[604634.715,4116128.062],[604635.655,4116131.782],[604632.885,4116132.452],[604632.455,4116130.862],[604630.785,4116131.292],[604632.435,4116136.672],[604638.175,4116135.222],[604639.015,4116138.572],[604642.205,4116137.762],[604639.435,4116127.272],[604640.765,4116126.932],[604640.135,4116124.412],[604638.775,4116124.772],[604638.5722059702,4116124.0],[604629.0,4116124.0],[604629.0,4116125.484944785],[604630.145,4116129.222]]]}},{"type":"Feature","properties":{"id":"4764404XG0146S_part20","floors":6,"height":18.6,"heightSource":"Catastro:numberOfFloorsAboveGround"},"geometry":{"type":"Polygon","coordinates":[[[604639.015,4116138.572],[604638.175,4116135.222],[604632.435,4116136.672],[604634.145,4116142.242],[604638.455,4116141.162],[604639.315,4116144.562],[604635.185,4116145.632],[604638.455,4116156.282],[604639.245,4116156.082],[604643.735,4116154.982],[604644.605,4116158.272],[604648.765,4116156.642],[604652.955,4116155.002],[604654.105,4116154.542],[604657.205,4116153.332],[604667.495,4116149.312],[604666.475,4116145.582],[604663.385,4116146.362],[604662.865,4116144.312],[604650.025,4116147.562],[604649.915,4116147.152],[604647.285,4116147.812],[604646.575,4116145.022],[604645.825,4116145.212],[604645.595,4116144.312],[604645.375,4116143.462],[604644.745,4116143.222],[604644.185,4116142.852],[604643.725,4116142.362],[604643.395,4116141.772],[604643.305,4116141.032],[604643.425,4116140.292],[604643.755,4116139.622],[604644.265,4116139.082],[604644.035,4116138.172],[604643.835,4116137.352],[604642.205,4116137.762],[604639.015,4116138.572]]]}},{"type":"Feature","properties":{"id":"4764404XG0146S_part21","floors":7,"height":21.7,"heightSource":"Catastro:numberOfFloorsAboveGround"},"geometry":{"type":"Polygon","coordinates":[[[604639.315,4116144.562],[604638.455,4116141.162],[604634.145,4116142.242],[604635.185,4116145.632],[604639.315,4116144.562]]]}},{"type":"Feature","properties":{"id":"4764404XG0146S_part22","floors":7,"height":21.7,"heightSource":"Catastro:numberOfFloorsAboveGround"},"geometry":{"type":"Polygon","coordinates":[[[604639.625,4116157.582],[604638.895,4116157.832],[604639.575,4116160.252],[604643.935,4116158.532],[604644.605,4116158.272],[604643.735,4116154.982],[604639.245,4116156.082],[604639.625,4116157.582]]]}},{"type":"Feature","properties":{"id":"4764404XG0146S_part24","floors":5,"height":15.5,"heightSource":"Catastro:numberOfFloorsAboveGround"},"geometry":{"type":"Polygon","coordinates":[[[604662.865,4116144.312],[604663.385,4116146.362],[604666.475,4116145.582],[604665.935,4116143.532],[604662.865,4116144.312]]]}},{"type":"Feature","properties":{"id":"4764404XG0146S_part25","floors":6,"height":18.6,"heightSource":"Catastro:numberOfFloorsAboveGround"},"geometry":{"type":"Polygon","coordinates":[[[604632.455,4116130.862],[604632.885,4116132.452],[604635.655,4116131.782],[604634.715,4116128.062],[604630.145,4116129.222],[604630.785,4116131.292],[604632.455,4116130.862]]]}},{"type":"Feature","properties":{"id":"4764404XG0146S_part26","floors":2,"height":6.2,"heightSource":"Catastro:numberOfFloorsAboveGround"},"geometry":{"type":"Polygon","coordinates":[[[604631.865,4116136.822],[604633.295,4116142.472],[604634.145,4116142.242],[604632.435,4116136.672],[604631.865,4116136.822]]]}},{"type":"Feature","properties":{"id":"4764404XG0146S_part27","floors":2,"height":6.2,"heightSource":"Catastro:numberOfFloorsAboveGround"},"geometry":{"type":"Polygon","coordinates":[[[604634.445,4116145.862],[604636.015,4116151.392],[604636.195,4116151.342],[604637.515,4116156.522],[604638.455,4116156.282],[604635.185,4116145.632],[604634.445,4116145.862]]]}},{"type":"Feature","properties":{"id":"4764405XG0146S_part1","floors":1,"height":3.1,"heightSource":"Catastro:numberOfFloorsAboveGround"},"geometry":{"type":"Polygon","coordinates":[[[604700.7155,4116161.992],[604697.8255,4116153.112],[604696.8655,4116150.152],[604681.5055,4116154.4015],[604685.5355,4116167.702],[604700.7155,4116161.992]]]}},{"type":"Feature","properties":{"id":"4764406XG0146S_part1","floors":1,"height":3.1,"heightSource":"Catastro:numberOfFloorsAboveGround"},"geometry":{"type":"Polygon","coordinates":[[[604697.8255,4116153.112],[604700.7155,4116161.992],[604716.9755,4116157.792],[604714.7555,4116149.122],[604697.8255,4116153.112]]]}},{"type":"Feature","properties":{"id":"4764407XG0146S_part1","floors":1,"height":3.1,"heightSource":"Catastro:numberOfFloorsAboveGround"},"geometry":{"type":"Polygon","coordinates":[[[604696.8655,4116150.152],[604697.8255,4116153.112],[604714.7555,4116149.122],[604713.6855,4116144.952],[604707.2755,4116146.732],[604703.3355,4116147.822],[604696.7255,4116149.652],[604696.8655,4116150.152]]]}},{"type":"Feature","properties":{"id":"4764408XG0146S_part1","floors":1,"height":3.1,"heightSource":"Catastro:numberOfFloorsAboveGround"},"geometry":{"type":"Polygon","coordinates":[[[604694.415,4116141.292],[604695.485,4116145.182],[604698.935,4116144.222],[604697.875,4116140.362],[604694.415,4116141.292]]]}},{"type":"Feature","properties":{"id":"4764408XG0146S_part2","floors":6,"height":18.6,"heightSource":"Catastro:numberOfFloorsAboveGround"},"geometry":{"type":"Polygon","coordinates":[[[604706.035,4116142.252],[604703.675,4116142.902],[604702.085,4116143.342],[604703.3355,4116147.822],[604707.2755,4116146.732],[604706.035,4116142.252]]]}},{"type":"Feature","properties":{"id":"4764408XG0146S_part3","floors":5,"height":15.5,"heightSource":"Catastro:numberOfFloorsAboveGround"},"geometry":{"type":"Polygon","coordinates":[[[604698.935,4116144.222],[604695.485,4116145.182],[604696.7255,4116149.652],[604703.3355,4116147.822],[604702.085,4116143.342],[604703.675,4116142.902],[604706.035,4116142.252],[604707.2755,4116146.732],[604713.6855,4116144.952],[604711.355,4116136.632],[604697.875,4116140.362],[604698.935,4116144.222]]]}},{"type":"Feature","properties":{"id":"4764409XG0146S_part1","floors":1,"height":3.1,"heightSource":"Catastro:numberOfFloorsAboveGround"},"geometry":{"type":"Polygon","coordinates":[[[604675.656,4116156.0395],[604681.5055,4116154.4015],[604696.8655,4116150.152],[604696.7255,4116149.652],[604695.485,4116145.182],[604694.415,4116141.292],[604697.875,4116140.362],[604711.355,4116136.632],[604707.8495240121,4116124.0],[604660.450560166,4116124.0],[604660.915,4116125.722],[604661.845,4116129.172],[604662.165,4116129.072],[604665.935,4116143.532],[604666.475,4116145.582],[604667.495,4116149.312],[604669.7755,4116157.562],[604673.8055,4116156.532],[604674.557,4116156.324],[604675.656,4116156.0395]]]}},{"type":"Feature","properties":{"id":"4764417XG0146S_part4","floors":4,"height":12.4,"heightSource":"Catastro:numberOfFloorsAboveGround"},"geometry":{"type":"Polygon","coordinates":[[[604630.995,4116163.272],[604630.745,4116162.362],[604629.0,4116156.727919283],[604629.0,4116163.972185185],[604630.995,4116163.272]]]}},{"type":"Feature","properties":{"id":"4764417XG0146S_part5","floors":3,"height":9.3,"heightSource":"Catastro:numberOfFloorsAboveGround"},"geometry":{"type":"Polygon","coordinates":[[[604631.535,4116162.142],[604629.0,4116153.956806338],[604629.0,4116156.727919283],[604630.745,4116162.362],[604631.535,4116162.142]]]}},{"type":"Feature","properties":{"id":"4764419XG0146S_part1","floors":1,"height":3.1,"heightSource":"Catastro:numberOfFloorsAboveGround"},"geometry":{"type":"Polygon","coordinates":[[[604652.955,4116155.002],[604654.465,4116158.912],[604655.545,4116158.532],[604654.105,4116154.542],[604652.955,4116155.002]]]}},{"type":"Feature","properties":{"id":"4764419XG0146S_part2","floors":2,"height":6.2,"heightSource":"Catastro:numberOfFloorsAboveGround"},"geometry":{"type":"Polygon","coordinates":[[[604642.225,4116165.432],[604640.945,4116165.792],[604641.6655,4116168.682],[604643.2355,4116168.042],[604642.225,4116165.432]]]}},{"type":"Feature","properties":{"id":"4764419XG0146S_part3","floors":2,"height":6.2,"heightSource":"Catastro:numberOfFloorsAboveGround"},"geometry":{"type":"Polygon","coordinates":[[[604639.575,4116160.252],[604640.945,4116165.792],[604642.225,4116165.432],[604643.2355,4116168.042],[604647.3155,4116166.362],[604650.1155,4116165.212],[604651.3455,4116168.412],[604657.2555,4116166.142],[604654.465,4116158.912],[604652.955,4116155.002],[604648.765,4116156.642],[604649.965,4116159.702],[604645.165,4116161.632],[604643.935,4116158.532],[604639.575,4116160.252]]]}},{"type":"Feature","properties":{"id":"4764419XG0146S_part4","floors":3,"height":9.3,"heightSource":"Catastro:numberOfFloorsAboveGround"},"geometry":{"type":"Polygon","coordinates":[[[604643.935,4116158.532],[604645.165,4116161.632],[604649.965,4116159.702],[604648.765,4116156.642],[604644.605,4116158.272],[604643.935,4116158.532]]]}},{"type":"Feature","properties":{"id":"4764419XG0146S_part5","floors":2,"height":6.2,"heightSource":"Catastro:numberOfFloorsAboveGround"},"geometry":{"type":"Polygon","coordinates":[[[604643.2355,4116168.042],[604644.4155,4116171.092],[604648.5555,4116169.492],[604647.3155,4116166.362],[604643.2355,4116168.042]]]}},{"type":"Feature","properties":{"id":"4764419XG0146S_part6","floors":1,"height":3.1,"heightSource":"Catastro:numberOfFloorsAboveGround"},"geometry":{"type":"Polygon","coordinates":[[[604654.105,4116154.542],[604655.545,4116158.532],[604654.465,4116158.912],[604657.2555,4116166.142],[604661.5055,4116164.502],[604657.205,4116153.332],[604654.105,4116154.542]]]}},{"type":"Feature","properties":{"id":"4764421XG0146S_part2","floors":4,"height":12.4,"heightSource":"Catastro:numberOfFloorsAboveGround"},"geometry":{"type":"Polygon","coordinates":[[[604629.0,4116163.972185185],[604629.0,4116176.842101059],[604634.9555,4116174.492],[604630.995,4116163.272],[604629.0,4116163.972185185]]]}},{"type":"Feature","properties":{"id":"4764421XG0146S_part3","floors":3,"height":9.3,"heightSource":"Catastro:numberOfFloorsAboveGround"},"geometry":{"type":"Polygon","coordinates":[[[604634.9555,4116174.492],[604635.4505,4116173.363],[604632.075,4116163.6785],[604630.995,4116163.272],[604634.9555,4116174.492]]]}},{"type":"Feature","properties":{"id":"4767105XG0146N_part1","floors":1,"height":3.1,"heightSource":"Catastro:numberOfFloorsAboveGround"},"geometry":{"type":"Polygon","coordinates":[[[604633.219,4116527.271],[604633.699,4116530.031],[604635.469,4116529.721],[604634.989,4116526.961],[604633.219,4116527.271]]]}},{"type":"Feature","properties":{"id":"4767105XG0146N_part2","floors":1,"height":3.1,"heightSource":"Catastro:numberOfFloorsAboveGround"},"geometry":{"type":"Polygon","coordinates":[[[604636.849,4116529.481],[604637.409,4116532.731],[604642.739,4116531.811],[604642.169,4116528.561],[604636.849,4116529.481]]]}},{"type":"Feature","properties":{"id":"4767105XG0146N_part3","floors":1,"height":3.1,"heightSource":"Catastro:numberOfFloorsAboveGround"},"geometry":{"type":"Polygon","coordinates":[[[604635.469,4116529.721],[604636.039,4116532.971],[604637.409,4116532.731],[604636.849,4116529.481],[604635.469,4116529.721]]]}},{"type":"Feature","properties":{"id":"4767105XG0146N_part4","floors":2,"height":6.2,"heightSource":"Catastro:numberOfFloorsAboveGround"},"geometry":{"type":"Polygon","coordinates":[[[604633.8285,4116520.261],[604633.8785,4116520.561],[604634.989,4116526.961],[604635.469,4116529.721],[604636.849,4116529.481],[604642.169,4116528.561],[604643.849,4116528.271],[604643.229,4116524.721],[604639.779,4116525.321],[604638.7585,4116519.411],[604633.8285,4116520.261]]]}},{"type":"Feature","properties":{"id":"4767105XG0146N_part5","floors":3,"height":9.3,"heightSource":"Catastro:numberOfFloorsAboveGround"},"geometry":{"type":"Polygon","coordinates":[[[604638.7585,4116519.411],[604639.779,4116525.321],[604643.229,4116524.721],[604642.989,4116523.291],[604641.4085,4116518.931],[604639.3485,4116519.301],[604638.7585,4116519.411]]]}},{"type":"Feature","properties":{"id":"4767105XG0146N_part6","floors":2,"height":6.2,"heightSource":"Catastro:numberOfFloorsAboveGround"},"geometry":{"type":"Polygon","coordinates":[[[604631.9085,4116516.231],[604632.6985,4116520.761],[604633.8785,4116520.561],[604633.8285,4116520.261],[604638.7585,4116519.411],[604639.3485,4116519.301],[604638.6085,4116515.061],[604631.9085,4116516.231]]]}},{"type":"Feature","properties":{"id":"4767105XG0146N_part7","floors":1,"height":3.1,"heightSource":"Catastro:numberOfFloorsAboveGround"},"geometry":{"type":"Polygon","coordinates":[[[604641.7085,4116518.871],[604640.1285,4116514.491],[604638.5585,4116514.771],[604638.6085,4116515.061],[604639.3485,4116519.301],[604641.4085,4116518.931],[604641.7085,4116518.871]]]}},{"type":"Feature","properties":{"id":"4768401XG0146N_part1","floors":1,"height":3.1,"heightSource":"Catastro:numberOfFloorsAboveGround"},"geometry":{"type":"Polygon","coordinates":[[[604634.36,4116649.161],[604634.76,4116652.261],[604634.38,4116652.581],[604634.1,4116652.991],[604633.92,4116653.461],[604633.87,4116653.951],[604633.96,4116654.541],[604634.22,4116655.081],[604634.63,4116655.521],[604635.14,4116655.831],[604635.48,4116658.521],[604637.38,4116658.271],[604638.95,4116658.061],[604637.74,4116648.721],[604634.36,4116649.161]]]}},{"type":"Feature","properties":{"id":"4768401XG0146N_part2","floors":2,"height":6.2,"heightSource":"Catastro:numberOfFloorsAboveGround"},"geometry":{"type":"Polygon","coordinates":[[[604649.99,4116647.221],[604649.92,4116646.741],[604643.34,4116647.591],[604643.39,4116648.001],[604637.74,4116648.721],[604638.95,4116658.061],[604637.38,4116658.271],[604637.69,4116660.721],[604644.94,4116659.781],[604644.69,4116657.901],[604652.66,4116656.861],[604652.22,4116653.441],[604651.82,4116650.411],[604655.97,4116649.871],[604655.53,4116646.511],[604649.99,4116647.221]]]}},{"type":"Feature","properties":{"id":"4768401XG0146N_part3","floors":1,"height":3.1,"heightSource":"Catastro:numberOfFloorsAboveGround"},"geometry":{"type":"Polygon","coordinates":[[[604655.97,4116649.871],[604651.82,4116650.411],[604652.22,4116653.441],[604659.73,4116652.461],[604658.93,4116646.061],[604655.53,4116646.511],[604655.97,4116649.871]]]}},{"type":"Feature","properties":{"id":"4768402XG0146N_part1","floors":2,"height":6.2,"heightSource":"Catastro:numberOfFloorsAboveGround"},"geometry":{"type":"Polygon","coordinates":[[[604635.54,4116635.921],[604636.01,4116639.731],[604636.53,4116643.761],[604639.09,4116643.421],[604638.08,4116635.591],[604635.54,4116635.921]]]}},{"type":"Feature","properties":{"id":"4768402XG0146N_part2","floors":2,"height":6.2,"heightSource":"Catastro:numberOfFloorsAboveGround"},"geometry":{"type":"Polygon","coordinates":[[[604638.08,4116635.591],[604639.09,4116643.421],[604653.39,4116641.571],[604653.02,4116638.641],[604656.02,4116638.241],[604655.38,4116633.351],[604638.08,4116635.591]]]}},{"type":"Feature","properties":{"id":"4768402XG0146N_part3","floors":2,"height":6.2,"heightSource":"Catastro:numberOfFloorsAboveGround"},"geometry":{"type":"Polygon","coordinates":[[[604658.06,4116637.981],[604657.42,4116633.101],[604655.38,4116633.351],[604656.02,4116638.241],[604658.06,4116637.981]]]}},{"type":"Feature","properties":{"id":"4768404XG0146N_part1","floors":2,"height":6.2,"heightSource":"Catastro:numberOfFloorsAboveGround"},"geometry":{"type":"Polygon","coordinates":[[[604629.0,4116609.1002027025],[604629.0,4116613.0459848484],[604629.67,4116617.0],[604635.58,4116616.0],[604634.27,4116608.21],[604629.0,4116609.1002027025]]]}},{"type":"Feature","properties":{"id":"4768404XG0146N_part2","floors":3,"height":9.3,"heightSource":"Catastro:numberOfFloorsAboveGround"},"geometry":{"type":"Polygon","coordinates":[[[604637.61,4116607.76],[604636.62,4116607.92],[604636.47,4116607.48],[604636.17,4116607.12],[604635.76,4116606.91],[604635.29,4116606.87],[604634.85,4116607.02],[604634.5,4116607.33],[604634.3,4116607.75],[604634.27,4116608.21],[604635.58,4116616.0],[604644.61,4116614.48],[604643.86,4116610.04],[604643.12,4116610.16],[604642.19,4116604.64],[604637.24,4116605.48],[604637.61,4116607.76]],[[604638.99,4116605.48],[604641.94,4116604.98],[604642.44,4116607.94],[604641.45,4116609.32],[604641.49,4116609.52],[604639.71,4116609.82],[604638.99,4116605.48]],[[604635.79,4116609.81],[604636.67,4116609.66],[604636.42,4116608.18],[604637.81,4116607.95],[604638.29,4116610.81],[604636.02,4116611.19],[604635.79,4116609.81]]]}},{"type":"Feature","properties":{"id":"4768404XG0146N_part3","floors":2,"height":6.2,"heightSource":"Catastro:numberOfFloorsAboveGround"},"geometry":{"type":"Polygon","coordinates":[[[604638.29,4116610.81],[604637.81,4116607.95],[604636.42,4116608.18],[604636.67,4116609.66],[604635.79,4116609.81],[604636.02,4116611.19],[604638.29,4116610.81]]]}},{"type":"Feature","properties":{"id":"4768404XG0146N_part4","floors":2,"height":6.2,"heightSource":"Catastro:numberOfFloorsAboveGround"},"geometry":{"type":"Polygon","coordinates":[[[604641.49,4116609.52],[604641.45,4116609.32],[604642.44,4116607.94],[604641.94,4116604.98],[604638.99,4116605.48],[604639.71,4116609.82],[604641.49,4116609.52]]]}},{"type":"Feature","properties":{"id":"4768404XG0146N_part5","floors":2,"height":6.2,"heightSource":"Catastro:numberOfFloorsAboveGround"},"geometry":{"type":"Polygon","coordinates":[[[604642.19,4116604.64],[604643.12,4116610.16],[604643.86,4116610.04],[604644.61,4116614.48],[604648.5,4116613.82],[604647.76,4116609.38],[604645.78,4116609.71],[604644.85,4116604.19],[604642.19,4116604.64]]]}},{"type":"Feature","properties":{"id":"4768405XG0146N_part1","floors":1,"height":3.1,"heightSource":"Catastro:numberOfFloorsAboveGround"},"geometry":{"type":"Polygon","coordinates":[[[604633.6595,4116593.191],[604633.3095,4116593.391],[604632.9995,4116593.661],[604632.7495,4116593.971],[604632.5595,4116594.331],[604632.4295,4116594.711],[604632.3695,4116595.111],[604632.3895,4116595.521],[604632.4795,4116595.911],[604632.6395,4116596.291],[604632.8595,4116596.631],[604633.1395,4116596.921],[604633.4595,4116597.161],[604633.8295,4116597.331],[604634.2195,4116597.441],[604634.6195,4116597.481],[604634.0395,4116593.051],[604633.6595,4116593.191]]]}},{"type":"Feature","properties":{"id":"4768405XG0146N_part2","floors":2,"height":6.2,"heightSource":"Catastro:numberOfFloorsAboveGround"},"geometry":{"type":"Polygon","coordinates":[[[604635.0495,4116600.841],[604648.9395,4116599.091],[604647.8895,4116591.001],[604639.1695,4116592.121],[604639.1995,4116592.401],[604634.0395,4116593.051],[604634.6195,4116597.481],[604635.0495,4116600.841]]]}},{"type":"Feature","properties":{"id":"4768406XG0146N_part2","floors":2,"height":6.2,"heightSource":"Catastro:numberOfFloorsAboveGround"},"geometry":{"type":"Polygon","coordinates":[[[604631.46,4116583.61],[604631.19,4116580.52],[604632.67,4116580.39],[604635.25,4116580.12],[604634.9,4116576.17],[604631.17,4116576.49],[604631.05,4116575.2],[604629.0,4116575.379519774],[604629.0,4116583.828510029],[604631.46,4116583.61]]]}},{"type":"Feature","properties":{"id":"4768406XG0146N_part4","floors":2,"height":6.2,"heightSource":"Catastro:numberOfFloorsAboveGround"},"geometry":{"type":"Polygon","coordinates":[[[604638.12,4116579.84],[604637.49,4116572.75],[604630.89,4116573.33],[604631.05,4116575.2],[604631.17,4116576.49],[604634.9,4116576.17],[604635.25,4116580.12],[604638.12,4116579.84]]]}},{"type":"Feature","properties":{"id":"4768406XG0146N_part5","floors":1,"height":3.1,"heightSource":"Catastro:numberOfFloorsAboveGround"},"geometry":{"type":"Polygon","coordinates":[[[604631.19,4116580.52],[604631.46,4116583.61],[604632.95,4116583.48],[604632.67,4116580.39],[604631.19,4116580.52]]]}},{"type":"Feature","properties":{"id":"4768406XG0146N_part6","floors":1,"height":3.1,"heightSource":"Catastro:numberOfFloorsAboveGround"},"geometry":{"type":"Polygon","coordinates":[[[604654.16,4116568.5],[604645.551,4116569.5995],[604646.128,4116574.121],[604654.7515,4116573.0195],[604654.16,4116568.5]]]}},{"type":"Feature","properties":{"id":"4768407XG0146N_part1","floors":1,"height":3.1,"heightSource":"Catastro:numberOfFloorsAboveGround"},"geometry":{"type":"Polygon","coordinates":[[[604629.0,4116556.432923676],[604629.0,4116556.9086666666],[604629.029,4116557.131],[604629.0,4116557.1347464113],[604629.0,4116569.8641838566],[604630.659,4116569.641],[604630.699,4116570.001],[604637.159,4116569.131],[604635.359,4116555.591],[604629.0,4116556.432923676]]]}},{"type":"Feature","properties":{"id":"4768407XG0146N_part2","floors":2,"height":6.2,"heightSource":"Catastro:numberOfFloorsAboveGround"},"geometry":{"type":"Polygon","coordinates":[[[604635.359,4116555.591],[604637.159,4116569.131],[604638.149,4116569.001],[604638.079,4116568.491],[604642.389,4116567.911],[604642.719,4116568.241],[604643.099,4116568.491],[604643.529,4116568.671],[604643.979,4116568.751],[604644.439,4116568.741],[604644.889,4116568.641],[604645.319,4116568.451],[604645.689,4116568.181],[604646.089,4116567.721],[604646.349,4116567.181],[604646.459,4116566.591],[604646.419,4116565.991],[604646.219,4116565.421],[604645.879,4116564.921],[604645.419,4116564.531],[604644.869,4116564.271],[604645.449,4116563.991],[604645.969,4116563.611],[604646.419,4116563.161],[604646.789,4116562.631],[604647.069,4116562.051],[604647.249,4116561.441],[604647.319,4116560.801],[604647.289,4116560.161],[604646.489,4116554.111],[604635.359,4116555.591]]]}},{"type":"Feature","properties":{"id":"4768407XG0146N_part3","floors":2,"height":6.2,"heightSource":"Catastro:numberOfFloorsAboveGround"},"geometry":{"type":"Polygon","coordinates":[[[604648.899,4116559.951],[604648.089,4116553.901],[604646.489,4116554.111],[604647.289,4116560.161],[604648.899,4116559.951]]]}},{"type":"Feature","properties":{"id":"4768408XG0146N_part1","floors":1,"height":3.1,"heightSource":"Catastro:numberOfFloorsAboveGround"},"geometry":{"type":"Polygon","coordinates":[[[604630.809,4116553.521],[604629.0,4116543.422304124],[604629.0,4116553.84698731],[604630.809,4116553.521]]]}},{"type":"Feature","properties":{"id":"4768408XG0146N_part3","floors":2,"height":6.2,"heightSource":"Catastro:numberOfFloorsAboveGround"},"geometry":{"type":"Polygon","coordinates":[[[604646.559,4116550.711],[604645.319,4116543.821],[604640.399,4116544.701],[604641.629,4116551.591],[604646.559,4116550.711]]]}},{"type":"Feature","properties":{"id":"4768408XG0146N_part4","floors":3,"height":9.3,"heightSource":"Catastro:numberOfFloorsAboveGround"},"geometry":{"type":"Polygon","coordinates":[[[604636.619,4116540.601],[604632.679,4116541.301],[604632.769,4116541.791],[604629.0,4116542.4719134863],[604629.0,4116543.422304124],[604630.809,4116553.521],[604641.629,4116551.591],[604640.399,4116544.701],[604639.369,4116544.881],[604638.429,4116545.051],[604636.639,4116543.881],[604636.699,4116542.271],[604636.739,4116541.241],[604636.619,4116540.601]]]}},{"type":"Feature","properties":{"id":"4768408XG0146N_part5","floors":2,"height":6.2,"heightSource":"Catastro:numberOfFloorsAboveGround"},"geometry":{"type":"Polygon","coordinates":[[[604636.699,4116542.271],[604637.409,4116542.541],[604638.039,4116542.971],[604638.789,4116543.871],[604639.369,4116544.881],[604640.399,4116544.701],[604640.069,4116544.021],[604639.669,4116543.381],[604639.209,4116542.781],[604638.699,4116542.221],[604638.259,4116541.891],[604637.779,4116541.611],[604637.269,4116541.391],[604636.739,4116541.241],[604636.699,4116542.271]]]}},{"type":"Feature","properties":{"id":"4768408XG0146N_part6","floors":3,"height":9.3,"heightSource":"Catastro:numberOfFloorsAboveGround"},"geometry":{"type":"Polygon","coordinates":[[[604636.639,4116543.881],[604638.429,4116545.051],[604639.369,4116544.881],[604638.789,4116543.871],[604638.039,4116542.971],[604637.409,4116542.541],[604636.699,4116542.271],[604636.639,4116543.881]]]}},{"type":"Feature","properties":{"id":"4863601XG0146S_part1","floors":1,"height":3.1,"heightSource":"Catastro:numberOfFloorsAboveGround"},"geometry":{"type":"Polygon","coordinates":[[[604825.506,4116191.1515],[604839.796,4116187.192],[604838.396,4116182.162],[604819.326,4116187.392],[604822.416,4116198.4515],[604827.166,4116197.1415],[604825.506,4116191.1515]]]}},{"type":"Feature","properties":{"id":"4863601XG0146S_part2","floors":1,"height":3.1,"heightSource":"Catastro:numberOfFloorsAboveGround"},"geometry":{"type":"Polygon","coordinates":[[[604822.956,4116200.3815],[604823.576,4116202.6115],[604824.3865,4116205.5015],[604824.5665,4116206.1615],[604825.1365,4116208.1915],[604825.7865,4116210.5015],[604826.4365,4116212.8215],[604826.5665,4116213.2815],[604831.2765,4116211.9815],[604829.5865,4116205.8915],[604829.2965,4116204.8515],[604827.696,4116199.0715],[604822.956,4116200.3815]]]}},{"type":"Feature","properties":{"id":"4863601XG0146S_part3","floors":3,"height":9.3,"heightSource":"Catastro:numberOfFloorsAboveGround"},"geometry":{"type":"Polygon","coordinates":[[[604840.924,4116209.3135],[604839.5965,4116204.5715],[604853.0965,4116200.8715],[604853.1365,4116200.9815],[604855.5965,4116200.3015],[604856.7165,4116204.3015],[604855.6365,4116204.6015],[604857.7065,4116212.0515],[604863.2765,4116210.5215],[604860.4765,4116200.5015],[604861.0565,4116200.3415],[604858.356,4116190.7115],[604853.236,4116192.1215],[604850.996,4116184.092],[604845.096,4116185.732],[604839.796,4116187.192],[604825.506,4116191.1515],[604827.166,4116197.1415],[604827.696,4116199.0715],[604829.2965,4116204.8515],[604829.5865,4116205.8915],[604831.2765,4116211.9815],[604840.924,4116209.3135]]]}},{"type":"Feature","properties":{"id":"4863601XG0146S_part4","floors":1,"height":3.1,"heightSource":"Catastro:numberOfFloorsAboveGround"},"geometry":{"type":"Polygon","coordinates":[[[604829.9065,4116225.2515],[604833.5165,4116238.1515],[604838.1765,4116236.8615],[604834.5965,4116223.9515],[604829.9065,4116225.2515]]]}},{"type":"Feature","properties":{"id":"4863601XG0146S_part5","floors":2,"height":6.2,"heightSource":"Catastro:numberOfFloorsAboveGround"},"geometry":{"type":"Polygon","coordinates":[[[604831.2765,4116211.9815],[604831.5965,4116213.1215],[604841.241,4116210.454],[604840.924,4116209.3135],[604831.2765,4116211.9815]]]}},{"type":"Feature","properties":{"id":"4863601XG0146S_part6","floors":1,"height":3.1,"heightSource":"Catastro:numberOfFloorsAboveGround"},"geometry":{"type":"Polygon","coordinates":[[[604834.0465,4116240.0815],[604837.387,4116252.0115],[604859.017,4116245.6115],[604857.5865,4116240.4515],[604840.4965,4116245.2015],[604838.7165,4116238.7915],[604834.0465,4116240.0815]]]}},{"type":"Feature","properties":{"id":"4863601XG0146S_part7","floors":3,"height":9.3,"heightSource":"Catastro:numberOfFloorsAboveGround"},"geometry":{"type":"Polygon","coordinates":[[[604870.8865,4116202.8315],[604867.206,4116190.1415],[604857.836,4116185.7615],[604853.336,4116184.6715],[604851.636,4116184.262],[604851.106,4116184.132],[604850.996,4116184.092],[604853.236,4116192.1215],[604858.356,4116190.7115],[604861.0565,4116200.3415],[604860.4765,4116200.5015],[604863.2765,4116210.5215],[604857.7065,4116212.0515],[604859.3765,4116218.0815],[604860.6565,4116217.7315],[604861.7165,4116221.7215],[604860.478,4116222.067],[604847.2865,4116225.7315],[604847.036,4116224.8245],[604845.3865,4116225.2815],[604844.259,4116221.265],[604834.5965,4116223.9515],[604838.1765,4116236.8615],[604838.7165,4116238.7915],[604840.4965,4116245.2015],[604857.5865,4116240.4515],[604859.1265,4116240.0215],[604866.2265,4116238.0515],[604868.1565,4116237.5115],[604877.9965,4116234.7815],[604875.5765,4116223.8915],[604875.0565,4116221.5515],[604874.0965,4116217.2015],[604874.0765,4116217.1215],[604873.3165,4116213.7115],[604871.4265,4116205.1715],[604870.8865,4116202.8315]]]}},{"type":"Feature","properties":{"id":"4863601XG0146S_part8","floors":3,"height":9.3,"heightSource":"Catastro:numberOfFloorsAboveGround"},"geometry":{"type":"Polygon","coordinates":[[[604853.0965,4116200.8715],[604839.5965,4116204.5715],[604840.924,4116209.3135],[604842.6665,4116208.8315],[604841.3965,4116204.2415],[604853.1365,4116200.9815],[604853.0965,4116200.8715]]]}},{"type":"Feature","properties":{"id":"4863601XG0146S_part9","floors":2,"height":6.2,"heightSource":"Catastro:numberOfFloorsAboveGround"},"geometry":{"type":"Polygon","coordinates":[[[604840.924,4116209.3135],[604841.241,4116210.454],[604842.9865,4116209.9715],[604842.6665,4116208.8315],[604840.924,4116209.3135]]]}},{"type":"Feature","properties":{"id":"4863601XG0146S_part10","floors":1,"height":3.1,"heightSource":"Catastro:numberOfFloorsAboveGround"},"geometry":{"type":"Polygon","coordinates":[[[604849.716,4116179.052],[604843.706,4116180.702],[604845.096,4116185.732],[604850.996,4116184.092],[604849.716,4116179.052]]]}},{"type":"Feature","properties":{"id":"4863601XG0146S_part11","floors":3,"height":9.3,"heightSource":"Catastro:numberOfFloorsAboveGround"},"geometry":{"type":"Polygon","coordinates":[[[604845.9265,4116220.8015],[604844.259,4116221.265],[604845.3865,4116225.2815],[604847.036,4116224.8245],[604845.9265,4116220.8015]]]}},{"type":"Feature","properties":{"id":"4863601XG0146S_part12","floors":1,"height":3.1,"heightSource":"Catastro:numberOfFloorsAboveGround"},"geometry":{"type":"Polygon","coordinates":[[[604846.5765,4116207.0415],[604847.3665,4116209.9415],[604853.0365,4116208.3915],[604852.2465,4116205.4915],[604846.5765,4116207.0415]]]}},{"type":"Feature","properties":{"id":"4863601XG0146S_part13","floors":1,"height":3.1,"heightSource":"Catastro:numberOfFloorsAboveGround"},"geometry":{"type":"Polygon","coordinates":[[[604848.1065,4116212.6415],[604848.8965,4116212.5415],[604851.1465,4116220.6715],[604856.0565,4116219.3015],[604853.2965,4116209.3515],[604847.6265,4116210.9015],[604848.1065,4116212.6415]]]}},{"type":"Feature","properties":{"id":"4863601XG0146S_part14","floors":3,"height":9.3,"heightSource":"Catastro:numberOfFloorsAboveGround"},"geometry":{"type":"Polygon","coordinates":[[[604851.036,4116184.222],[604853.236,4116192.1215],[604855.856,4116191.4015],[604858.356,4116190.7115],[604859.1365,4116193.5015],[604859.8365,4116196.0115],[604860.6465,4116198.9015],[604861.0565,4116200.3415],[604860.4765,4116200.5015],[604860.9565,4116202.2315],[604861.4465,4116203.9715],[604861.9265,4116205.7015],[604863.2765,4116210.5215],[604857.7065,4116212.0515],[604859.3765,4116218.0815],[604860.6565,4116217.7315],[604860.8865,4116218.5915],[604860.9165,4116218.7015],[604861.7165,4116221.7215],[604861.5465,4116221.7715],[604860.478,4116222.067],[604861.3665,4116225.2515],[604865.8365,4116224.0215],[604868.0965,4116232.1115],[604864.8165,4116233.0115],[604866.0265,4116237.3315],[604866.2265,4116238.0515],[604867.7865,4116237.6215],[604868.1565,4116237.5115],[604877.9965,4116234.7815],[604876.4865,4116227.9815],[604875.5765,4116223.8915],[604875.0565,4116221.5515],[604874.0965,4116217.2015],[604874.0765,4116217.1215],[604873.3165,4116213.7115],[604871.4265,4116205.1715],[604870.8865,4116202.8315],[604869.8065,4116199.1115],[604868.8765,4116195.9115],[604868.8465,4116195.7915],[604868.2465,4116193.7315],[604867.206,4116190.1415],[604857.836,4116185.7615],[604857.426,4116185.6615],[604853.336,4116184.6715],[604851.636,4116184.262],[604851.106,4116184.132],[604850.996,4116184.092],[604851.036,4116184.222]]]}},{"type":"Feature","properties":{"id":"4863601XG0146S_part16","floors":1,"height":3.1,"heightSource":"Catastro:numberOfFloorsAboveGround"},"geometry":{"type":"Polygon","coordinates":[[[604875.7065,4116201.4915],[604871.376,4116186.5715],[604859.496,4116181.022],[604854.626,4116179.842],[604853.336,4116184.6715],[604857.836,4116185.7615],[604867.206,4116190.1415],[604870.8865,4116202.8315],[604875.7065,4116201.4915]]]}},{"type":"Feature","properties":{"id":"4863601XG0146S_part17","floors":1,"height":3.1,"heightSource":"Catastro:numberOfFloorsAboveGround"},"geometry":{"type":"Polygon","coordinates":[[[604859.1265,4116240.0215],[604860.547,4116245.1615],[604867.627,4116243.0615],[604866.2265,4116238.0515],[604859.1265,4116240.0215]]]}},{"type":"Feature","properties":{"id":"4863601XG0146S_part18","floors":1,"height":3.1,"heightSource":"Catastro:numberOfFloorsAboveGround"},"geometry":{"type":"Polygon","coordinates":[[[604877.9965,4116234.7815],[604868.1565,4116237.5115],[604869.547,4116242.4915],[604883.887,4116238.2515],[604880.402,4116222.5525],[604875.5765,4116223.8915],[604877.9965,4116234.7815]]]}},{"type":"Feature","properties":{"id":"4863601XG0146S_part19","floors":1,"height":3.1,"heightSource":"Catastro:numberOfFloorsAboveGround"},"geometry":{"type":"Polygon","coordinates":[[[604880.4065,4116222.5515],[604878.9165,4116215.8715],[604876.2465,4116203.8315],[604871.4265,4116205.1715],[604873.3165,4116213.7115],[604874.0765,4116217.1215],[604874.0965,4116217.2015],[604875.0565,4116221.5515],[604875.5765,4116223.8915],[604880.4065,4116222.5515]]]}},{"type":"Feature","properties":{"id":"4863801XG0146S_part1","floors":4,"height":12.4,"heightSource":"Catastro:numberOfFloorsAboveGround"},"geometry":{"type":"Polygon","coordinates":[[[604783.54,4116163.92],[604778.82,4116165.25],[604785.01,4116187.09],[604789.7,4116185.76],[604789.956,4116184.722],[604785.806,4116185.902],[604780.2255,4116166.202],[604784.6255,4116164.942],[604783.54,4116163.92]]]}},{"type":"Feature","properties":{"id":"4863801XG0146S_part2","floors":5,"height":15.5,"heightSource":"Catastro:numberOfFloorsAboveGround"},"geometry":{"type":"Polygon","coordinates":[[[604780.2255,4116166.202],[604785.806,4116185.902],[604789.956,4116184.722],[604800.926,4116181.612],[604807.516,4116179.752],[604828.076,4116173.922],[604826.896,4116169.742],[604825.896,4116166.242],[604825.786,4116165.852],[604821.906,4116163.972],[604821.096,4116163.582],[604818.506,4116162.332],[604817.576,4116161.882],[604814.396,4116160.352],[604813.916,4116160.112],[604809.4055,4116157.942],[604802.0955,4116160.002],[604795.4755,4116161.882],[604795.3955,4116161.902],[604784.6255,4116164.942],[604780.2255,4116166.202]],[[604794.21,4116174.21],[604793.31,4116171.03],[604797.57,4116169.84],[604798.46,4116173.02],[604794.21,4116174.21]],[[604805.41,4116171.08],[604804.53,4116168.07],[604808.37,4116166.96],[604809.25,4116169.96],[604805.41,4116171.08]]]}},{"type":"Feature","properties":{"id":"4863801XG0146S_part3","floors":4,"height":12.4,"heightSource":"Catastro:numberOfFloorsAboveGround"},"geometry":{"type":"Polygon","coordinates":[[[604795.3955,4116161.902],[604794.46,4116160.82],[604789.08,4116162.33],[604784.91,4116163.51],[604784.6255,4116164.942],[604795.3955,4116161.902]]]}},{"type":"Feature","properties":{"id":"4863801XG0146S_part4","floors":4,"height":12.4,"heightSource":"Catastro:numberOfFloorsAboveGround"},"geometry":{"type":"Polygon","coordinates":[[[604789.956,4116184.722],[604790.92,4116185.41],[604800.57,4116182.67],[604800.926,4116181.612],[604789.956,4116184.722]]]}},{"type":"Feature","properties":{"id":"4863801XG0146S_part5","floors":1,"height":3.1,"heightSource":"Catastro:numberOfFloorsAboveGround"},"geometry":{"type":"Polygon","coordinates":[[[604797.57,4116169.84],[604793.31,4116171.03],[604794.21,4116174.21],[604798.46,4116173.02],[604797.57,4116169.84]]]}},{"type":"Feature","properties":{"id":"4863801XG0146S_part6","floors":4,"height":12.4,"heightSource":"Catastro:numberOfFloorsAboveGround"},"geometry":{"type":"Polygon","coordinates":[[[604802.0955,4116160.002],[604801.1,4116159.02],[604795.92,4116160.48],[604795.4755,4116161.882],[604802.0955,4116160.002]]]}},{"type":"Feature","properties":{"id":"4863801XG0146S_part7","floors":4,"height":12.4,"heightSource":"Catastro:numberOfFloorsAboveGround"},"geometry":{"type":"Polygon","coordinates":[[[604800.926,4116181.612],[604801.84,4116182.28],[604804.93,4116181.41],[604807.2,4116180.76],[604807.516,4116179.752],[604800.926,4116181.612]]]}},{"type":"Feature","properties":{"id":"4863801XG0146S_part8","floors":4,"height":12.4,"heightSource":"Catastro:numberOfFloorsAboveGround"},"geometry":{"type":"Polygon","coordinates":[[[604809.4055,4116157.942],[604809.06,4116156.73],[604802.6,4116158.55],[604802.0955,4116160.002],[604809.4055,4116157.942]]]}},{"type":"Feature","properties":{"id":"4863801XG0146S_part9","floors":1,"height":3.1,"heightSource":"Catastro:numberOfFloorsAboveGround"},"geometry":{"type":"Polygon","coordinates":[[[604808.37,4116166.96],[604804.53,4116168.07],[604805.41,4116171.08],[604809.25,4116169.96],[604808.37,4116166.96]]]}},{"type":"Feature","properties":{"id":"4863801XG0146S_part10","floors":4,"height":12.4,"heightSource":"Catastro:numberOfFloorsAboveGround"},"geometry":{"type":"Polygon","coordinates":[[[604825.896,4116166.242],[604826.896,4116169.742],[604828.076,4116173.922],[604807.516,4116179.752],[604808.46,4116180.44],[604829.47,4116174.48],[604826.92,4116165.49],[604825.786,4116165.852],[604825.896,4116166.242]]]}},{"type":"Feature","properties":{"id":"4863801XG0146S_part11","floors":4,"height":12.4,"heightSource":"Catastro:numberOfFloorsAboveGround"},"geometry":{"type":"Polygon","coordinates":[[[604813.86,4116159.04],[604810.83,4116157.49],[604809.4055,4116157.942],[604813.916,4116160.112],[604813.86,4116159.04]]]}},{"type":"Feature","properties":{"id":"4863801XG0146S_part12","floors":4,"height":12.4,"heightSource":"Catastro:numberOfFloorsAboveGround"},"geometry":{"type":"Polygon","coordinates":[[[604817.27,4116160.71],[604816.68,4116160.82],[604816.24,4116159.95],[604815.47,4116159.65],[604814.396,4116160.352],[604817.576,4116161.882],[604817.27,4116160.71]]]}},{"type":"Feature","properties":{"id":"4863801XG0146S_part14","floors":4,"height":12.4,"heightSource":"Catastro:numberOfFloorsAboveGround"},"geometry":{"type":"Polygon","coordinates":[[[604825.39,4116164.77],[604823.15,4116163.61],[604821.906,4116163.972],[604825.786,4116165.852],[604825.39,4116164.77]]]}},{"type":"Feature","properties":{"id":"4864001XG0146S_part1","floors":4,"height":12.4,"heightSource":"Catastro:numberOfFloorsAboveGround"},"geometry":{"type":"Polygon","coordinates":[[[604656.8155,4116211.592],[604662.036,4116226.142],[604710.856,4116207.542],[604708.696,4116199.402],[604706.5355,4116191.252],[604698.0855,4116194.402],[604699.606,4116198.492],[604685.966,4116203.592],[604686.466,4116204.982],[604682.936,4116206.272],[604682.436,4116204.912],[604663.826,4116211.862],[604662.8255,4116209.152],[604656.8155,4116211.592]]]}},{"type":"Feature","properties":{"id":"4864001XG0146S_part2","floors":4,"height":12.4,"heightSource":"Catastro:numberOfFloorsAboveGround"},"geometry":{"type":"Polygon","coordinates":[[[604667.236,4116240.3715],[604672.276,4116254.1315],[604674.036,4116253.7815],[604679.196,4116252.7815],[604678.146,4116249.9515],[604697.686,4116242.6115],[604696.886,4116240.4115],[604700.566,4116238.8515],[604701.426,4116241.2115],[604708.366,4116238.6015],[604710.6465,4116244.7415],[604713.2065,4116243.7815],[604712.976,4116243.1615],[604716.716,4116241.7615],[604714.866,4116236.0915],[604713.966,4116233.2215],[604712.076,4116227.1715],[604711.226,4116224.4415],[604667.236,4116240.3715]]]}},{"type":"Feature","properties":{"id":"4864002XG0146S_part1","floors":1,"height":3.1,"heightSource":"Catastro:numberOfFloorsAboveGround"},"geometry":{"type":"Polygon","coordinates":[[[604711.226,4116224.4415],[604712.076,4116227.1715],[604714.966,4116226.1915],[604714.016,4116223.3415],[604711.226,4116224.4415]]]}},{"type":"Feature","properties":{"id":"4864002XG0146S_part2","floors":1,"height":3.1,"heightSource":"Catastro:numberOfFloorsAboveGround"},"geometry":{"type":"Polygon","coordinates":[[[604717.776,4116235.1015],[604716.806,4116232.2615],[604713.966,4116233.2215],[604714.866,4116236.0915],[604717.776,4116235.1015]]]}},{"type":"Feature","properties":{"id":"4864002XG0146S_part3","floors":1,"height":3.1,"heightSource":"Catastro:numberOfFloorsAboveGround"},"geometry":{"type":"Polygon","coordinates":[[[604719.546,4116240.7315],[604716.716,4116241.7615],[604717.6165,4116244.4615],[604720.4765,4116243.5515],[604719.546,4116240.7315]]]}},{"type":"Feature","properties":{"id":"4864002XG0146S_part4","floors":1,"height":3.1,"heightSource":"Catastro:numberOfFloorsAboveGround"},"geometry":{"type":"Polygon","coordinates":[[[604725.906,4116232.5615],[604725.056,4116229.6815],[604722.136,4116230.5515],[604723.036,4116233.4215],[604725.906,4116232.5615]]]}},{"type":"Feature","properties":{"id":"4864002XG0146S_part5","floors":5,"height":15.5,"heightSource":"Catastro:numberOfFloorsAboveGround"},"geometry":{"type":"Polygon","coordinates":[[[604714.966,4116226.1915],[604712.076,4116227.1715],[604713.966,4116233.2215],[604716.806,4116232.2615],[604717.776,4116235.1015],[604714.866,4116236.0915],[604716.716,4116241.7615],[604719.546,4116240.7315],[604720.4765,4116243.5515],[604726.1265,4116241.7415],[604725.3965,4116239.4615],[604728.6365,4116238.4215],[604729.3665,4116240.7115],[604730.7365,4116240.2715],[604733.7465,4116239.3115],[604727.996,4116218.3715],[604727.836,4116218.4315],[604723.656,4116219.9015],[604724.386,4116222.1915],[604720.956,4116223.2815],[604720.256,4116221.1015],[604714.796,4116223.0315],[604714.016,4116223.3415],[604714.966,4116226.1915]],[[604723.616,4116235.2715],[604720.846,4116236.1415],[604718.386,4116228.2815],[604721.236,4116227.3915],[604722.136,4116230.5515],[604725.056,4116229.6815],[604725.906,4116232.5615],[604723.036,4116233.4215],[604723.616,4116235.2715]],[[604723.736,4116223.4415],[604727.166,4116222.3515],[604727.836,4116224.4415],[604724.406,4116225.5415],[604723.736,4116223.4415]],[[604726.706,4116235.6815],[604730.136,4116234.5815],[604730.806,4116236.6815],[604727.376,4116237.7715],[604726.706,4116235.6815]]]}},{"type":"Feature","properties":{"id":"4864002XG0146S_part6","floors":6,"height":18.6,"heightSource":"Catastro:numberOfFloorsAboveGround"},"geometry":{"type":"Polygon","coordinates":[[[604721.236,4116227.3915],[604718.386,4116228.2815],[604720.846,4116236.1415],[604723.616,4116235.2715],[604723.036,4116233.4215],[604722.136,4116230.5515],[604721.236,4116227.3915]]]}},{"type":"Feature","properties":{"id":"4864002XG0146S_part7","floors":6,"height":18.6,"heightSource":"Catastro:numberOfFloorsAboveGround"},"geometry":{"type":"Polygon","coordinates":[[[604720.256,4116221.1015],[604720.956,4116223.2815],[604724.386,4116222.1915],[604723.656,4116219.9015],[604720.256,4116221.1015]]]}},{"type":"Feature","properties":{"id":"4864002XG0146S_part8","floors":6,"height":18.6,"heightSource":"Catastro:numberOfFloorsAboveGround"},"geometry":{"type":"Polygon","coordinates":[[[604727.836,4116224.4415],[604727.166,4116222.3515],[604723.736,4116223.4415],[604724.406,4116225.5415],[604727.836,4116224.4415]]]}},{"type":"Feature","properties":{"id":"4864002XG0146S_part9","floors":6,"height":18.6,"heightSource":"Catastro:numberOfFloorsAboveGround"},"geometry":{"type":"Polygon","coordinates":[[[604728.6365,4116238.4215],[604725.3965,4116239.4615],[604726.1265,4116241.7415],[604729.3665,4116240.7115],[604728.6365,4116238.4215]]]}},{"type":"Feature","properties":{"id":"4864002XG0146S_part10","floors":6,"height":18.6,"heightSource":"Catastro:numberOfFloorsAboveGround"},"geometry":{"type":"Polygon","coordinates":[[[604730.806,4116236.6815],[604730.136,4116234.5815],[604726.706,4116235.6815],[604727.376,4116237.7715],[604730.806,4116236.6815]]]}},{"type":"Feature","properties":{"id":"4864002XG0146S_part11","floors":4,"height":12.4,"heightSource":"Catastro:numberOfFloorsAboveGround"},"geometry":{"type":"Polygon","coordinates":[[[604733.7465,4116239.3115],[604734.8065,4116237.1915],[604729.676,4116219.0715],[604727.996,4116218.3715],[604733.7465,4116239.3115]]]}},{"type":"Feature","properties":{"id":"4864004XG0146S_part1","floors":1,"height":3.1,"heightSource":"Catastro:numberOfFloorsAboveGround"},"geometry":{"type":"Polygon","coordinates":[[[604711.556,4116210.172],[604712.696,4116214.692],[604712.8648,4116215.36145],[604714.45,4116214.81],[604714.37,4116214.59],[604717.59,4116213.47],[604716.3195,4116209.8085],[604716.026,4116208.822],[604711.556,4116210.172]]]}},{"type":"Feature","properties":{"id":"4864004XG0146S_part2","floors":1,"height":3.1,"heightSource":"Catastro:numberOfFloorsAboveGround"},"geometry":{"type":"Polygon","coordinates":[[[604715.89,4116218.97],[604713.94315,4116219.63895],[604714.796,4116223.0315],[604720.256,4116221.1015],[604723.656,4116219.9015],[604727.836,4116218.4315],[604727.996,4116218.3715],[604728.20105,4116218.30365],[604725.56,4116210.71],[604725.171,4116210.8445],[604717.59,4116213.47],[604714.37,4116214.59],[604714.45,4116214.81],[604715.89,4116218.97]],[[604718.93,4116220.53],[604718.17,4116218.35],[604719.38,4116217.94],[604720.13,4116220.11],[604718.93,4116220.53]]]}},{"type":"Feature","properties":{"id":"4864007XG0146S_part1","floors":3,"height":9.3,"heightSource":"Catastro:numberOfFloorsAboveGround"},"geometry":{"type":"Polygon","coordinates":[[[604717.6755,4116181.212],[604713.0155,4116182.382],[604706.9055,4116183.912],[604708.3155,4116189.052],[604708.9355,4116188.912],[604708.9955,4116189.342],[604710.9575,4116188.881],[604710.0655,4116185.342],[604712.9355,4116184.702],[604713.7465,4116188.226],[604723.3855,4116185.962],[604722.0255,4116180.132],[604717.6755,4116181.212]]]}},{"type":"Feature","properties":{"id":"4864007XG0146S_part2","floors":3,"height":9.3,"heightSource":"Catastro:numberOfFloorsAboveGround"},"geometry":{"type":"Polygon","coordinates":[[[604724.5355,4116185.602],[604722.9655,4116179.892],[604722.0255,4116180.132],[604723.3855,4116185.962],[604724.5355,4116185.602]]]}},{"type":"Feature","properties":{"id":"4864008XG0146S_part1","floors":1,"height":3.1,"heightSource":"Catastro:numberOfFloorsAboveGround"},"geometry":{"type":"Polygon","coordinates":[[[604705.3355,4116178.132],[604706.1255,4116181.022],[604709.0355,4116180.282],[604708.2455,4116177.392],[604705.3355,4116178.132]]]}},{"type":"Feature","properties":{"id":"4864008XG0146S_part2","floors":5,"height":15.5,"heightSource":"Catastro:numberOfFloorsAboveGround"},"geometry":{"type":"Polygon","coordinates":[[[604709.0355,4116180.282],[604706.1255,4116181.022],[604706.9055,4116183.912],[604713.0155,4116182.382],[604711.4555,4116176.582],[604708.2455,4116177.392],[604709.0355,4116180.282]]]}},{"type":"Feature","properties":{"id":"4864008XG0146S_part3","floors":5,"height":15.5,"heightSource":"Catastro:numberOfFloorsAboveGround"},"geometry":{"type":"Polygon","coordinates":[[[604716.0855,4116175.412],[604717.6755,4116181.212],[604722.0255,4116180.132],[604722.9655,4116179.892],[604721.3755,4116174.082],[604716.0855,4116175.412]]]}},{"type":"Feature","properties":{"id":"4864008XG0146S_part4","floors":6,"height":18.6,"heightSource":"Catastro:numberOfFloorsAboveGround"},"geometry":{"type":"Polygon","coordinates":[[[604711.4555,4116176.582],[604713.0155,4116182.382],[604717.6755,4116181.212],[604716.0855,4116175.412],[604711.4555,4116176.582]]]}},{"type":"Feature","properties":{"id":"4864009XG0146S_part1","floors":1,"height":3.1,"heightSource":"Catastro:numberOfFloorsAboveGround"},"geometry":{"type":"Polygon","coordinates":[[[604707.9455,4116168.262],[604708.8155,4116171.482],[604711.8955,4116170.672],[604711.0455,4116167.442],[604707.9455,4116168.262]]]}},{"type":"Feature","properties":{"id":"4864009XG0146S_part2","floors":6,"height":18.6,"heightSource":"Catastro:numberOfFloorsAboveGround"},"geometry":{"type":"Polygon","coordinates":[[[604711.8955,4116170.672],[604712.6855,4116173.652],[604716.6755,4116172.602],[604715.0255,4116166.392],[604711.0455,4116167.442],[604711.8955,4116170.672]]]}},{"type":"Feature","properties":{"id":"4864009XG0146S_part3","floors":5,"height":15.5,"heightSource":"Catastro:numberOfFloorsAboveGround"},"geometry":{"type":"Polygon","coordinates":[[[604717.9355,4116161.512],[604706.2755,4116164.632],[604702.0355,4116166.042],[604705.3355,4116178.132],[604708.2455,4116177.392],[604711.4555,4116176.582],[604716.0855,4116175.412],[604721.3755,4116174.082],[604717.9355,4116161.512]],[[604708.8155,4116171.482],[604707.9455,4116168.262],[604711.0455,4116167.442],[604715.0255,4116166.392],[604716.6755,4116172.602],[604712.6855,4116173.652],[604711.8955,4116170.672],[604708.8155,4116171.482]]]}},{"type":"Feature","properties":{"id":"4864009XG0146S_part4","floors":4,"height":12.4,"heightSource":"Catastro:numberOfFloorsAboveGround"},"geometry":{"type":"Polygon","coordinates":[[[604706.2755,4116164.632],[604717.9355,4116161.512],[604721.3755,4116174.082],[604721.7555,4116173.152],[604718.5555,4116160.952],[604702.1155,4116165.552],[604702.0355,4116166.042],[604706.2755,4116164.632]]]}},{"type":"Feature","properties":{"id":"4864010XG0146S_part1","floors":1,"height":3.1,"heightSource":"Catastro:numberOfFloorsAboveGround"},"geometry":{"type":"Polygon","coordinates":[[[604673.9155,4116193.842],[604669.5455,4116183.412],[604664.0755,4116185.672],[604658.5455,4116187.762],[604660.2855,4116192.322],[604665.4755,4116190.332],[604667.6555,4116196.042],[604672.5355,4116194.422],[604673.9155,4116193.842]]]}},{"type":"Feature","properties":{"id":"4864010XG0146S_part2","floors":2,"height":6.2,"heightSource":"Catastro:numberOfFloorsAboveGround"},"geometry":{"type":"Polygon","coordinates":[[[604659.8355,4116199.012],[604661.6855,4116203.852],[604674.3055,4116199.042],[604672.5355,4116194.422],[604667.6555,4116196.042],[604659.8355,4116199.012]]]}},{"type":"Feature","properties":{"id":"4864601XG0146S_part1","floors":1,"height":3.1,"heightSource":"Catastro:numberOfFloorsAboveGround"},"geometry":{"type":"Polygon","coordinates":[[[604761.0765,4116267.0315],[604761.7965,4116269.9415],[604766.49,4116268.89],[604765.83,4116265.97],[604761.0765,4116267.0315]]]}},{"type":"Feature","properties":{"id":"4864601XG0146S_part2","floors":1,"height":3.1,"heightSource":"Catastro:numberOfFloorsAboveGround"},"geometry":{"type":"Polygon","coordinates":[[[604763.3065,4116238.0715],[604764.02,4116241.26],[604768.24,4116240.32],[604768.51,4116240.26],[604767.7665,4116236.9415],[604763.3065,4116238.0715]]]}},{"type":"Feature","properties":{"id":"4864601XG0146S_part4","floors":1,"height":3.1,"heightSource":"Catastro:numberOfFloorsAboveGround"},"geometry":{"type":"Polygon","coordinates":[[[604767.18,4116248.07],[604767.83,4116250.99],[604770.49,4116250.4],[604770.76,4116250.34],[604770.11,4116247.41],[604769.83,4116247.47],[604767.18,4116248.07]]]}},{"type":"Feature","properties":{"id":"4864601XG0146S_part5","floors":2,"height":6.2,"heightSource":"Catastro:numberOfFloorsAboveGround"},"geometry":{"type":"Polygon","coordinates":[[[604767.7665,4116236.9415],[604768.51,4116240.26],[604768.24,4116240.32],[604769.83,4116247.47],[604770.11,4116247.41],[604770.76,4116250.34],[604770.49,4116250.4],[604772.67,4116260.2],[604781.59,4116258.02],[604781.42,4116257.27],[604781.74,4116256.32],[604780.5,4116250.76],[604780.78,4116249.19],[604781.56,4116249.01],[604780.72,4116245.21],[604779.93,4116245.38],[604778.71,4116244.36],[604777.31,4116238.11],[604777.53,4116236.73],[604778.31,4116236.55],[604777.8265,4116234.4015],[604767.7665,4116236.9415]]]}},{"type":"Feature","properties":{"id":"4864601XG0146S_part6","floors":2,"height":6.2,"heightSource":"Catastro:numberOfFloorsAboveGround"},"geometry":{"type":"Polygon","coordinates":[[[604773.1,4116262.13],[604772.67,4116260.2],[604769.86,4116260.89],[604767.82,4116263.46],[604773.1,4116262.13]]]}},{"type":"Feature","properties":{"id":"4864601XG0146S_part7","floors":1,"height":3.1,"heightSource":"Catastro:numberOfFloorsAboveGround"},"geometry":{"type":"Polygon","coordinates":[[[604772.67,4116260.2],[604773.1,4116262.13],[604776.46,4116261.28],[604777.31,4116261.81],[604782.19,4116260.72],[604781.59,4116258.02],[604772.67,4116260.2]]]}},{"type":"Feature","properties":{"id":"4864601XG0146S_part8","floors":3,"height":9.3,"heightSource":"Catastro:numberOfFloorsAboveGround"},"geometry":{"type":"Polygon","coordinates":[[[604755.8735,4116245.9915],[604756.6945,4116249.3115],[604758.3735,4116256.1015],[604760.88,4116266.2],[604761.0765,4116267.0315],[604765.83,4116265.97],[604767.43,4116263.95],[604767.82,4116263.46],[604769.86,4116260.89],[604772.67,4116260.2],[604770.49,4116250.4],[604767.83,4116250.99],[604767.18,4116248.07],[604769.83,4116247.47],[604768.24,4116240.32],[604764.02,4116241.26],[604763.3065,4116238.0715],[604762.8365,4116238.1915],[604763.0165,4116238.9015],[604758.2365,4116240.1115],[604758.0565,4116239.3915],[604754.4665,4116240.3015],[604755.8735,4116245.9915]]]}},{"type":"Feature","properties":{"id":"4864601XG0146S_part9","floors":1,"height":3.1,"heightSource":"Catastro:numberOfFloorsAboveGround"},"geometry":{"type":"Polygon","coordinates":[[[604778.31,4116236.55],[604777.53,4116236.73],[604777.31,4116238.11],[604778.71,4116244.36],[604779.93,4116245.38],[604780.72,4116245.21],[604781.56,4116249.01],[604780.78,4116249.19],[604780.5,4116250.76],[604781.74,4116256.32],[604781.42,4116257.27],[604781.59,4116258.02],[604783.17,4116257.63],[604783.62,4116256.67],[604778.091,4116234.3335],[604777.8265,4116234.4015],[604778.31,4116236.55]]]}},{"type":"Feature","properties":{"id":"4864602XG0146S_part1","floors":4,"height":12.4,"heightSource":"Catastro:numberOfFloorsAboveGround"},"geometry":{"type":"Polygon","coordinates":[[[604749.576,4116205.972],[604746.036,4116207.052],[604746.526,4116208.9915],[604754.4665,4116240.3015],[604758.0565,4116239.3915],[604762.8365,4116238.1915],[604763.3065,4116238.0715],[604767.7665,4116236.9415],[604766.8965,4116233.4915],[604766.6965,4116233.5315],[604765.8365,4116230.1415],[604766.0265,4116230.0915],[604764.006,4116222.1015],[604763.806,4116222.1515],[604763.366,4116220.4215],[604762.946,4116218.7615],[604763.146,4116218.7115],[604761.016,4116210.3415],[604760.826,4116210.3915],[604759.966,4116207.0015],[604760.156,4116206.9515],[604759.166,4116203.042],[604758.596,4116203.212],[604754.807,4116204.375],[604754.296,4116204.532],[604750.0965,4116205.813],[604749.576,4116205.972]],[[604757.616,4116218.8715],[604754.216,4116219.7315],[604753.376,4116216.3915],[604756.756,4116215.4815],[604757.616,4116218.8715]],[[604755.576,4116225.0615],[604757.606,4116224.5515],[604756.826,4116221.4415],[604761.666,4116220.2115],[604762.156,4116222.1515],[604759.736,4116222.7715],[604760.746,4116226.7415],[604759.676,4116227.0115],[604760.5665,4116230.4015],[604757.1465,4116231.2715],[604756.306,4116227.9415],[604755.576,4116225.0615]]]}},{"type":"Feature","properties":{"id":"4864602XG0146S_part2","floors":3,"height":9.3,"heightSource":"Catastro:numberOfFloorsAboveGround"},"geometry":{"type":"Polygon","coordinates":[[[604746.526,4116208.9915],[604746.076,4116209.1115],[604747.246,4116213.7615],[604747.536,4116213.6915],[604747.736,4116214.4615],[604747.446,4116214.5415],[604748.256,4116217.7615],[604747.776,4116217.8915],[604751.8565,4116234.0515],[604752.3465,4116233.9315],[604753.9865,4116240.4215],[604754.4665,4116240.3015],[604746.526,4116208.9915]]]}},{"type":"Feature","properties":{"id":"4864602XG0146S_part3","floors":3,"height":9.3,"heightSource":"Catastro:numberOfFloorsAboveGround"},"geometry":{"type":"Polygon","coordinates":[[[604754.626,4116203.672],[604749.916,4116205.102],[604750.0965,4116205.813],[604754.296,4116204.532],[604754.807,4116204.375],[604754.626,4116203.672]]]}},{"type":"Feature","properties":{"id":"4864602XG0146S_part4","floors":1,"height":3.1,"heightSource":"Catastro:numberOfFloorsAboveGround"},"geometry":{"type":"Polygon","coordinates":[[[604753.376,4116216.3915],[604754.216,4116219.7315],[604757.616,4116218.8715],[604756.756,4116215.4815],[604753.376,4116216.3915]]]}},{"type":"Feature","properties":{"id":"4864602XG0146S_part5","floors":5,"height":15.5,"heightSource":"Catastro:numberOfFloorsAboveGround"},"geometry":{"type":"Polygon","coordinates":[[[604760.746,4116226.7415],[604759.736,4116222.7715],[604762.156,4116222.1515],[604761.666,4116220.2115],[604756.826,4116221.4415],[604757.606,4116224.5515],[604755.576,4116225.0615],[604756.306,4116227.9415],[604759.676,4116227.0115],[604760.746,4116226.7415]]]}},{"type":"Feature","properties":{"id":"4864602XG0146S_part6","floors":1,"height":3.1,"heightSource":"Catastro:numberOfFloorsAboveGround"},"geometry":{"type":"Polygon","coordinates":[[[604756.306,4116227.9415],[604757.1465,4116231.2715],[604760.5665,4116230.4015],[604759.676,4116227.0115],[604756.306,4116227.9415]]]}},{"type":"Feature","properties":{"id":"4864602XG0146S_part7","floors":2,"height":6.2,"heightSource":"Catastro:numberOfFloorsAboveGround"},"geometry":{"type":"Polygon","coordinates":[[[604758.0565,4116239.3915],[604758.2365,4116240.1115],[604763.0165,4116238.9015],[604762.8365,4116238.1915],[604758.0565,4116239.3915]]]}},{"type":"Feature","properties":{"id":"4864602XG0146S_part8","floors":2,"height":6.2,"heightSource":"Catastro:numberOfFloorsAboveGround"},"geometry":{"type":"Polygon","coordinates":[[[604782.9565,4116232.5815],[604773.556,4116198.312],[604772.656,4116198.152],[604758.416,4116202.512],[604758.596,4116203.212],[604759.166,4116203.042],[604764.936,4116201.282],[604772.876,4116198.852],[604782.3165,4116233.2615],[604782.9565,4116232.5815]]]}},{"type":"Feature","properties":{"id":"4864602XG0146S_part9","floors":3,"height":9.3,"heightSource":"Catastro:numberOfFloorsAboveGround"},"geometry":{"type":"Polygon","coordinates":[[[604772.876,4116198.852],[604764.936,4116201.282],[604759.166,4116203.042],[604760.156,4116206.9515],[604763.556,4116206.0915],[604764.416,4116209.4815],[604761.016,4116210.3415],[604763.146,4116218.7115],[604766.536,4116217.8515],[604766.966,4116219.5415],[604767.396,4116221.2415],[604764.006,4116222.1015],[604766.0265,4116230.0915],[604769.4265,4116229.2315],[604770.2865,4116232.6215],[604766.8965,4116233.4915],[604767.7665,4116236.9415],[604777.8265,4116234.4015],[604779.3865,4116234.0015],[604782.3165,4116233.2615],[604772.876,4116198.852]]]}},{"type":"Feature","properties":{"id":"4864602XG0146S_part10","floors":1,"height":3.1,"heightSource":"Catastro:numberOfFloorsAboveGround"},"geometry":{"type":"Polygon","coordinates":[[[604759.966,4116207.0015],[604760.826,4116210.3915],[604761.016,4116210.3415],[604764.416,4116209.4815],[604763.556,4116206.0915],[604760.156,4116206.9515],[604759.966,4116207.0015]]]}},{"type":"Feature","properties":{"id":"4864602XG0146S_part11","floors":1,"height":3.1,"heightSource":"Catastro:numberOfFloorsAboveGround"},"geometry":{"type":"Polygon","coordinates":[[[604762.946,4116218.7615],[604763.366,4116220.4215],[604763.806,4116222.1515],[604764.006,4116222.1015],[604767.396,4116221.2415],[604766.966,4116219.5415],[604766.536,4116217.8515],[604763.146,4116218.7115],[604762.946,4116218.7615]]]}},{"type":"Feature","properties":{"id":"4864602XG0146S_part12","floors":1,"height":3.1,"heightSource":"Catastro:numberOfFloorsAboveGround"},"geometry":{"type":"Polygon","coordinates":[[[604765.8365,4116230.1415],[604766.6965,4116233.5315],[604766.8965,4116233.4915],[604770.2865,4116232.6215],[604769.4265,4116229.2315],[604766.0265,4116230.0915],[604765.8365,4116230.1415]]]}},{"type":"Feature","properties":{"id":"4866010XG0146N_part2","floors":2,"height":6.2,"heightSource":"Catastro:numberOfFloorsAboveGround"},"geometry":{"type":"Polygon","coordinates":[[[604629.0235,4116363.513],[604629.0,4116363.5167336445],[604629.0,4116373.709515086],[604632.0795,4116373.222],[604631.6435,4116370.483],[604631.1535,4116370.563],[604630.1635,4116370.723],[604629.3035,4116365.293],[604629.0235,4116363.513]]]}},{"type":"Feature","properties":{"id":"4866010XG0146N_part5","floors":3,"height":9.3,"heightSource":"Catastro:numberOfFloorsAboveGround"},"geometry":{"type":"Polygon","coordinates":[[[604630.1235,4116381.5595],[604633.324,4116381.053],[604632.9895,4116378.946],[604633.9185,4116377.915],[604633.149,4116373.0525],[604632.0795,4116373.222],[604629.0,4116373.709515086],[604629.0,4116381.7373714144],[604629.947,4116381.5875],[604630.1235,4116381.5595]]]}},{"type":"Feature","properties":{"id":"4866010XG0146N_part6","floors":1,"height":3.1,"heightSource":"Catastro:numberOfFloorsAboveGround"},"geometry":{"type":"Polygon","coordinates":[[[604630.2935,4116365.133],[604629.3035,4116365.293],[604630.1635,4116370.723],[604631.1535,4116370.563],[604630.2935,4116365.133]]]}},{"type":"Feature","properties":{"id":"4866011XG0146N_part1","floors":2,"height":6.2,"heightSource":"Catastro:numberOfFloorsAboveGround"},"geometry":{"type":"Polygon","coordinates":[[[604636.1175,4116385.9115],[604629.0,4116387.0924589653],[604629.0,4116388.835475866],[604635.6075,4116387.7315],[604636.2675,4116391.7515],[604629.0,4116392.967252788],[604629.0,4116399.030765225],[604638.1675,4116397.5015],[604638.1375,4116397.3015],[604637.5075,4116393.7615],[604637.1475,4116391.7115],[604636.7775,4116389.6515],[604636.1475,4116386.1115],[604636.1175,4116385.9115]]]}},{"type":"Feature","properties":{"id":"4866011XG0146N_part2","floors":3,"height":9.3,"heightSource":"Catastro:numberOfFloorsAboveGround"},"geometry":{"type":"Polygon","coordinates":[[[604629.0,4116388.835475866],[604629.0,4116392.967252788],[604636.2675,4116391.7515],[604635.6075,4116387.7315],[604629.0,4116388.835475866]]]}},{"type":"Feature","properties":{"id":"4866011XG0146N_part4","floors":1,"height":3.1,"heightSource":"Catastro:numberOfFloorsAboveGround"},"geometry":{"type":"Polygon","coordinates":[[[604638.6975,4116397.2115],[604638.0975,4116393.6615],[604637.5075,4116393.7615],[604638.1375,4116397.3015],[604638.6975,4116397.2115]]]}},{"type":"Feature","properties":{"id":"4866012XG0146N_part1","floors":2,"height":6.2,"heightSource":"Catastro:numberOfFloorsAboveGround"},"geometry":{"type":"Polygon","coordinates":[[[604629.0,4116406.7518169014],[604629.0,4116411.395002304],[604630.4075,4116411.1615],[604629.6475,4116406.6515],[604629.0,4116406.7518169014]]]}},{"type":"Feature","properties":{"id":"4866012XG0146N_part2","floors":2,"height":6.2,"heightSource":"Catastro:numberOfFloorsAboveGround"},"geometry":{"type":"Polygon","coordinates":[[[604630.4075,4116411.1615],[604629.0,4116411.395002304],[604629.0,4116416.338087913],[604630.248,4116424.2215],[604639.238,4116422.8015],[604636.3575,4116405.6315],[604629.6475,4116406.6515],[604630.4075,4116411.1615]]]}},{"type":"Feature","properties":{"id":"4866012XG0146N_part3","floors":1,"height":3.1,"heightSource":"Catastro:numberOfFloorsAboveGround"},"geometry":{"type":"Polygon","coordinates":[[[604630.608,4116426.4915],[604639.238,4116422.8015],[604630.248,4116424.2215],[604630.608,4116426.4915]]]}},{"type":"Feature","properties":{"id":"4866015XG0146N_part1","floors":1,"height":3.1,"heightSource":"Catastro:numberOfFloorsAboveGround"},"geometry":{"type":"Polygon","coordinates":[[[604657.5775,4116390.3415],[604656.6775,4116387.4215],[604653.9875,4116388.2415],[604651.6675,4116380.6915],[604654.5675,4116379.8015],[604653.6275,4116376.7415],[604641.8575,4116380.3315],[604646.0875,4116393.8615],[604657.5775,4116390.3415]]]}},{"type":"Feature","properties":{"id":"4866016XG0146N_part1","floors":1,"height":3.1,"heightSource":"Catastro:numberOfFloorsAboveGround"},"geometry":{"type":"Polygon","coordinates":[[[604647.607,4116363.1115],[604648.487,4116362.8615],[604647.117,4116358.0015],[604640.517,4116359.8715],[604640.607,4116360.2215],[604637.777,4116361.0115],[604638.407,4116363.2415],[604636.617,4116363.7415],[604638.077,4116368.9515],[604646.577,4116366.8115],[604648.517,4116366.3215],[604647.607,4116363.1115]]]}},{"type":"Feature","properties":{"id":"4866017XG0146N_part1","floors":1,"height":3.1,"heightSource":"Catastro:numberOfFloorsAboveGround"},"geometry":{"type":"Polygon","coordinates":[[[604629.0,4116337.576937987],[604629.0,4116340.3715381064],[604630.807,4116340.0815],[604634.607,4116339.4715],[604634.727,4116340.1715],[604635.8735,4116339.985],[604635.346,4116337.1295],[604629.0,4116337.576937987]]]}},{"type":"Feature","properties":{"id":"4866017XG0146N_part2","floors":2,"height":6.2,"heightSource":"Catastro:numberOfFloorsAboveGround"},"geometry":{"type":"Polygon","coordinates":[[[604634.727,4116340.1715],[604634.607,4116339.4715],[604630.807,4116340.0815],[604632.647,4116347.9515],[604634.257,4116347.6715],[604633.887,4116345.3515],[604640.727,4116344.2415],[604640.847,4116344.9415],[604642.157,4116344.7215],[604641.427,4116339.0815],[604635.8735,4116339.985],[604634.727,4116340.1715]]]}},{"type":"Feature","properties":{"id":"4866017XG0146N_part3","floors":1,"height":3.1,"heightSource":"Catastro:numberOfFloorsAboveGround"},"geometry":{"type":"Polygon","coordinates":[[[604632.647,4116347.9515],[604634.702,4116355.748],[604644.8175,4116353.082],[604643.471,4116346.1565],[604642.367,4116346.3615],[604641.107,4116346.5615],[604634.257,4116347.6715],[604632.647,4116347.9515]]]}},{"type":"Feature","properties":{"id":"4866017XG0146N_part4","floors":3,"height":9.3,"heightSource":"Catastro:numberOfFloorsAboveGround"},"geometry":{"type":"Polygon","coordinates":[[[604640.727,4116344.2415],[604633.887,4116345.3515],[604634.257,4116347.6715],[604641.107,4116346.5615],[604640.847,4116344.9415],[604640.727,4116344.2415]]]}},{"type":"Feature","properties":{"id":"4866017XG0146N_part5","floors":1,"height":3.1,"heightSource":"Catastro:numberOfFloorsAboveGround"},"geometry":{"type":"Polygon","coordinates":[[[604640.847,4116344.9415],[604641.107,4116346.5615],[604642.367,4116346.3615],[604642.157,4116344.7215],[604640.847,4116344.9415]]]}},{"type":"Feature","properties":{"id":"4866018XG0146N_part1","floors":4,"height":12.4,"heightSource":"Catastro:numberOfFloorsAboveGround"},"geometry":{"type":"Polygon","coordinates":[[[604701.157,4116302.6415],[604698.917,4116302.8015],[604699.267,4116306.8715],[604701.507,4116306.7115],[604701.157,4116302.6415]]]}},{"type":"Feature","properties":{"id":"4866018XG0146N_part2","floors":2,"height":6.2,"heightSource":"Catastro:numberOfFloorsAboveGround"},"geometry":{"type":"Polygon","coordinates":[[[604708.9165,4116292.2315],[604708.9665,4116292.5715],[604710.187,4116300.4615],[604714.127,4116299.8615],[604713.0065,4116292.5715],[604712.9065,4116291.9515],[604708.9165,4116292.2315]]]}},{"type":"Feature","properties":{"id":"4866018XG0146N_part3","floors":3,"height":9.3,"heightSource":"Catastro:numberOfFloorsAboveGround"},"geometry":{"type":"Polygon","coordinates":[[[604688.8165,4116293.6515],[604701.037,4116332.7515],[604718.957,4116331.2415],[604718.317,4116327.0815],[604716.167,4116313.1215],[604712.687,4116313.4015],[604711.517,4116306.0015],[604712.747,4116305.9115],[604712.357,4116303.5115],[604714.657,4116303.3215],[604714.377,4116301.4915],[604714.127,4116299.8615],[604710.187,4116300.4615],[604708.9665,4116292.5715],[604708.9165,4116292.2315],[604704.1065,4116292.5715],[604688.8165,4116293.6515]],[[604706.337,4116312.1815],[604709.507,4116311.9215],[604709.797,4116315.4715],[604706.627,4116315.7515],[604706.337,4116312.1815]],[[604704.407,4116301.1415],[604707.577,4116300.8815],[604707.867,4116304.4415],[604704.697,4116304.6815],[604704.407,4116301.1415]],[[604710.047,4116323.9815],[604713.217,4116323.7115],[604713.507,4116327.2415],[604710.337,4116327.5115],[604710.047,4116323.9815]],[[604698.917,4116302.8015],[604701.157,4116302.6415],[604701.507,4116306.7115],[604699.267,4116306.8715],[604698.917,4116302.8015]]]}},{"type":"Feature","properties":{"id":"4866018XG0146N_part4","floors":4,"height":12.4,"heightSource":"Catastro:numberOfFloorsAboveGround"},"geometry":{"type":"Polygon","coordinates":[[[604712.357,4116303.5115],[604712.747,4116305.9115],[604711.517,4116306.0015],[604712.687,4116313.4015],[604716.167,4116313.1215],[604714.657,4116303.3215],[604712.357,4116303.5115]]]}},{"type":"Feature","properties":{"id":"4866018XG0146N_part5","floors":3,"height":9.3,"heightSource":"Catastro:numberOfFloorsAboveGround"},"geometry":{"type":"Polygon","coordinates":[[[604685.8265,4116293.8615],[604698.037,4116333.0015],[604701.037,4116332.7515],[604688.8165,4116293.6515],[604685.8265,4116293.8615]]]}},{"type":"Feature","properties":{"id":"4866019XG0146N_part1","floors":1,"height":3.1,"heightSource":"Catastro:numberOfFloorsAboveGround"},"geometry":{"type":"Polygon","coordinates":[[[604667.137,4116352.9715],[604667.207,4116353.2115],[604669.487,4116352.5515],[604669.417,4116352.3015],[604673.457,4116351.1615],[604672.587,4116348.1315],[604672.367,4116348.1815],[604671.807,4116346.2215],[604670.947,4116346.4615],[604670.127,4116343.5815],[604668.797,4116343.9515],[604667.467,4116339.3115],[604662.477,4116340.7315],[604661.607,4116338.0015],[604656.177,4116339.5415],[604657.157,4116343.0015],[604657.417,4116342.9215],[604659.877,4116351.5615],[604661.617,4116351.0615],[604662.147,4116352.9515],[604663.507,4116352.5715],[604663.887,4116353.9015],[604667.137,4116352.9715]]]}},{"type":"Feature","properties":{"id":"4866020XG0146N_part1","floors":1,"height":3.1,"heightSource":"Catastro:numberOfFloorsAboveGround"},"geometry":{"type":"Polygon","coordinates":[[[604661.64,4116361.55],[604662.59,4116364.71],[604664.15,4116369.88],[604665.25,4116373.51],[604666.74,4116373.06],[604666.07,4116370.86],[604663.12,4116361.1],[604661.64,4116361.55]]]}},{"type":"Feature","properties":{"id":"4866020XG0146N_part2","floors":2,"height":6.2,"heightSource":"Catastro:numberOfFloorsAboveGround"},"geometry":{"type":"Polygon","coordinates":[[[604667.87,4116372.7195],[604667.208,4116370.524],[604669.695,4116369.7725],[604668.274,4116365.072],[604672.097,4116363.9165],[604673.5165,4116368.6125],[604675.16,4116368.11],[604673.904,4116363.952],[604672.01,4116357.68],[604665.22,4116359.73],[604665.42,4116360.4],[604663.12,4116361.1],[604666.07,4116370.86],[604666.74,4116373.06],[604667.87,4116372.7195]]]}},{"type":"Feature","properties":{"id":"4866020XG0146N_part3","floors":3,"height":9.3,"heightSource":"Catastro:numberOfFloorsAboveGround"},"geometry":{"type":"Polygon","coordinates":[[[604672.097,4116363.9165],[604668.274,4116365.072],[604669.695,4116369.7725],[604667.208,4116370.524],[604667.87,4116372.7195],[604672.91,4116371.2],[604672.25,4116369.0],[604673.5165,4116368.6125],[604672.097,4116363.9165]]]}},{"type":"Feature","properties":{"id":"4866020XG0146N_part4","floors":1,"height":3.1,"heightSource":"Catastro:numberOfFloorsAboveGround"},"geometry":{"type":"Polygon","coordinates":[[[604673.93,4116357.1],[604672.01,4116357.68],[604673.904,4116363.952],[604675.82,4116363.37],[604673.93,4116357.1]]]}},{"type":"Feature","properties":{"id":"4866020XG0146N_part5","floors":2,"height":6.2,"heightSource":"Catastro:numberOfFloorsAboveGround"},"geometry":{"type":"Polygon","coordinates":[[[604673.904,4116363.952],[604675.16,4116368.11],[604677.08,4116367.54],[604675.82,4116363.37],[604673.904,4116363.952]]]}},{"type":"Feature","properties":{"id":"4866021XG0146N_part1","floors":2,"height":6.2,"heightSource":"Catastro:numberOfFloorsAboveGround"},"geometry":{"type":"Polygon","coordinates":[[[604679.9775,4116375.4815],[604679.2175,4116375.7215],[604680.2775,4116379.1615],[604681.0475,4116378.9215],[604679.9775,4116375.4815]]]}},{"type":"Feature","properties":{"id":"4866021XG0146N_part3","floors":2,"height":6.2,"heightSource":"Catastro:numberOfFloorsAboveGround"},"geometry":{"type":"Polygon","coordinates":[[[604681.6075,4116383.4515],[604682.6775,4116386.8915],[604683.4375,4116386.6515],[604682.3675,4116383.2115],[604681.6075,4116383.4515]]]}},{"type":"Feature","properties":{"id":"4866021XG0146N_part4","floors":2,"height":6.2,"heightSource":"Catastro:numberOfFloorsAboveGround"},"geometry":{"type":"Polygon","coordinates":[[[604669.0675,4116378.8415],[604672.5175,4116390.0215],[604682.6775,4116386.8915],[604681.6075,4116383.4515],[604682.3675,4116383.2115],[604682.0775,4116382.2615],[604681.5975,4116382.4015],[604680.8575,4116380.0215],[604681.3375,4116379.8715],[604681.0475,4116378.9215],[604680.2775,4116379.1615],[604679.2175,4116375.7215],[604669.0675,4116378.8415]]]}},{"type":"Feature","properties":{"id":"4866022XG0146N_part1","floors":1,"height":3.1,"heightSource":"Catastro:numberOfFloorsAboveGround"},"geometry":{"type":"Polygon","coordinates":[[[604674.0575,4116405.4515],[604676.408,4116413.0515],[604689.498,4116408.8115],[604688.338,4116405.0615],[604683.538,4116406.5515],[604683.178,4116405.3615],[604677.068,4116407.2615],[604676.2975,4116404.7615],[604674.0575,4116405.4515]]]}},{"type":"Feature","properties":{"id":"4866022XG0146N_part2","floors":2,"height":6.2,"heightSource":"Catastro:numberOfFloorsAboveGround"},"geometry":{"type":"Polygon","coordinates":[[[604684.5475,4116392.8015],[604673.6475,4116396.1615],[604676.2975,4116404.7615],[604677.068,4116407.2615],[604683.178,4116405.3615],[604683.538,4116406.5515],[604688.338,4116405.0615],[604684.5475,4116392.8015]]]}},{"type":"Feature","properties":{"id":"4866023XG0146N_part1","floors":2,"height":6.2,"heightSource":"Catastro:numberOfFloorsAboveGround"},"geometry":{"type":"Polygon","coordinates":[[[604705.648,4116399.9915],[604702.5275,4116388.7215],[604691.2575,4116391.8315],[604692.0475,4116394.7215],[604694.368,4116403.1115],[604705.648,4116399.9915]],[[604693.9275,4116397.0015],[604702.6075,4116394.6115],[604703.798,4116398.9515],[604695.128,4116401.3415],[604693.9275,4116397.0015]]]}},{"type":"Feature","properties":{"id":"4866023XG0146N_part2","floors":3,"height":9.3,"heightSource":"Catastro:numberOfFloorsAboveGround"},"geometry":{"type":"Polygon","coordinates":[[[604703.798,4116398.9515],[604702.6075,4116394.6115],[604693.9275,4116397.0015],[604695.128,4116401.3415],[604703.798,4116398.9515]]]}},{"type":"Feature","properties":{"id":"4866025XG0146N_part1","floors":2,"height":6.2,"heightSource":"Catastro:numberOfFloorsAboveGround"},"geometry":{"type":"Polygon","coordinates":[[[604687.2475,4116366.6615],[604687.4175,4116367.2515],[604690.1875,4116366.4215],[604689.9075,4116365.4715],[604696.4375,4116363.5215],[604693.0875,4116352.2615],[604686.4275,4116354.2415],[604686.077,4116353.0615],[604683.477,4116353.8315],[604683.6975,4116354.5815],[604680.8275,4116355.4315],[604684.4575,4116367.5015],[604687.2475,4116366.6615]]]}},{"type":"Feature","properties":{"id":"4866026XG0146N_part1","floors":2,"height":6.2,"heightSource":"Catastro:numberOfFloorsAboveGround"},"geometry":{"type":"Polygon","coordinates":[[[604680.977,4116338.8415],[604680.587,4116337.5915],[604674.287,4116339.5615],[604675.9515,4116344.905],[604677.617,4116350.2515],[604690.317,4116346.2915],[604689.037,4116342.1815],[604684.336,4116343.6565],[604683.9485,4116342.395],[604688.647,4116340.9515],[604687.367,4116336.8415],[604682.6365,4116338.323],[604680.977,4116338.8415]]]}},{"type":"Feature","properties":{"id":"4866027XG0146N_part1","floors":2,"height":6.2,"heightSource":"Catastro:numberOfFloorsAboveGround"},"geometry":{"type":"Polygon","coordinates":[[[604727.2575,4116352.7515],[604726.8975,4116348.1315],[604709.6175,4116349.4515],[604709.7275,4116351.1415],[604709.9575,4116354.0815],[604727.2575,4116352.7515]]]}},{"type":"Feature","properties":{"id":"4866027XG0146N_part2","floors":2,"height":6.2,"heightSource":"Catastro:numberOfFloorsAboveGround"},"geometry":{"type":"Polygon","coordinates":[[[604707.1175,4116351.3515],[604707.3475,4116354.2715],[604709.9575,4116354.0815],[604709.7275,4116351.1415],[604707.1175,4116351.3515]]]}},{"type":"Feature","properties":{"id":"4866028XG0146N_part1","floors":2,"height":6.2,"heightSource":"Catastro:numberOfFloorsAboveGround"},"geometry":{"type":"Polygon","coordinates":[[[604721.3675,4116369.3115],[604721.4075,4116369.8015],[604728.7875,4116369.2615],[604728.0475,4116359.2915],[604720.6675,4116359.8315],[604720.7075,4116360.3315],[604713.9275,4116360.8315],[604714.5275,4116369.8115],[604721.3675,4116369.3115]]]}},{"type":"Feature","properties":{"id":"4866028XG0146N_part2","floors":2,"height":6.2,"heightSource":"Catastro:numberOfFloorsAboveGround"},"geometry":{"type":"Polygon","coordinates":[[[604712.7275,4116360.9215],[604713.3875,4116369.9015],[604714.5275,4116369.8115],[604713.9275,4116360.8315],[604712.7275,4116360.9215]]]}},{"type":"Feature","properties":{"id":"4866029XG0146N_part5","floors":2,"height":6.2,"heightSource":"Catastro:numberOfFloorsAboveGround"},"geometry":{"type":"Polygon","coordinates":[[[604732.0775,4116385.6315],[604732.3475,4116387.6415],[604735.3175,4116387.2015],[604735.0675,4116385.2315],[604732.0775,4116385.6315]]]}},{"type":"Feature","properties":{"id":"4866029XG0146N_part6","floors":3,"height":9.3,"heightSource":"Catastro:numberOfFloorsAboveGround"},"geometry":{"type":"Polygon","coordinates":[[[604713.2575,4116373.4115],[604714.1675,4116376.6215],[604719.5775,4116375.9715],[604719.4475,4116374.9915],[604722.4175,4116374.5815],[604722.8175,4116377.5515],[604719.8575,4116377.9715],[604720.0975,4116379.6915],[604717.9675,4116379.9815],[604717.7675,4116378.5615],[604714.8275,4116378.9615],[604717.8775,4116389.7815],[604732.3475,4116387.6415],[604732.0775,4116385.6315],[604731.4175,4116380.8415],[604727.7475,4116381.3415],[604727.3375,4116378.3715],[604730.9975,4116377.8615],[604730.7675,4116376.2315],[604730.2075,4116372.1615],[604713.2575,4116373.4115]],[[604720.6575,4116383.7515],[604723.6275,4116383.3515],[604723.8675,4116385.0515],[604725.3875,4116384.8415],[604725.7775,4116387.5915],[604721.0775,4116388.2415],[604720.8675,4116386.7615],[604721.0775,4116386.7315],[604720.6575,4116383.7515]]]}},{"type":"Feature","properties":{"id":"4866029XG0146N_part7","floors":2,"height":6.2,"heightSource":"Catastro:numberOfFloorsAboveGround"},"geometry":{"type":"Polygon","coordinates":[[[604710.7475,4116373.6015],[604711.2775,4116377.4415],[604711.9275,4116377.3315],[604712.5775,4116382.0315],[604713.2375,4116381.9815],[604713.8975,4116386.7315],[604714.3975,4116386.6615],[604714.8875,4116390.2215],[604717.8775,4116389.7815],[604714.8275,4116378.9615],[604714.1675,4116376.6215],[604713.2575,4116373.4115],[604710.7475,4116373.6015]]]}},{"type":"Feature","properties":{"id":"4866029XG0146N_part8","floors":4,"height":12.4,"heightSource":"Catastro:numberOfFloorsAboveGround"},"geometry":{"type":"Polygon","coordinates":[[[604714.1675,4116376.6215],[604714.8275,4116378.9615],[604717.7675,4116378.5615],[604717.9675,4116379.9815],[604720.0975,4116379.6915],[604719.8575,4116377.9715],[604719.5775,4116375.9715],[604714.1675,4116376.6215]]]}},{"type":"Feature","properties":{"id":"4866029XG0146N_part9","floors":1,"height":3.1,"heightSource":"Catastro:numberOfFloorsAboveGround"},"geometry":{"type":"Polygon","coordinates":[[[604723.6275,4116383.3515],[604720.6575,4116383.7515],[604721.0775,4116386.7315],[604724.0375,4116386.3215],[604723.8675,4116385.0515],[604723.6275,4116383.3515]]]}},{"type":"Feature","properties":{"id":"4866029XG0146N_part10","floors":4,"height":12.4,"heightSource":"Catastro:numberOfFloorsAboveGround"},"geometry":{"type":"Polygon","coordinates":[[[604720.8675,4116386.7615],[604721.0775,4116388.2415],[604725.7775,4116387.5915],[604725.3875,4116384.8415],[604723.8675,4116385.0515],[604724.0375,4116386.3215],[604721.0775,4116386.7315],[604720.8675,4116386.7615]]]}},{"type":"Feature","properties":{"id":"4866029XG0146N_part11","floors":4,"height":12.4,"heightSource":"Catastro:numberOfFloorsAboveGround"},"geometry":{"type":"Polygon","coordinates":[[[604727.3375,4116378.3715],[604727.7475,4116381.3415],[604731.4175,4116380.8415],[604734.4675,4116380.3815],[604734.0975,4116377.4315],[604730.9975,4116377.8615],[604727.3375,4116378.3715]]]}},{"type":"Feature","properties":{"id":"4866029XG0146N_part12","floors":2,"height":6.2,"heightSource":"Catastro:numberOfFloorsAboveGround"},"geometry":{"type":"Polygon","coordinates":[[[604730.7675,4116376.2315],[604730.9975,4116377.8615],[604734.0975,4116377.4315],[604733.8975,4116375.7915],[604730.7675,4116376.2315]]]}},{"type":"Feature","properties":{"id":"4866033XG0146N_part1","floors":1,"height":3.1,"heightSource":"Catastro:numberOfFloorsAboveGround"},"geometry":{"type":"Polygon","coordinates":[[[604728.8675,4116340.4715],[604741.5775,4116339.5415],[604744.1075,4116339.3615],[604742.827,4116329.5315],[604731.9965,4116330.385],[604718.957,4116331.2415],[604701.037,4116332.7515],[604702.4575,4116342.415],[604728.8675,4116340.4715]]]}},{"type":"Feature","properties":{"id":"4866034XG0146N_part1","floors":3,"height":9.3,"heightSource":"Catastro:numberOfFloorsAboveGround"},"geometry":{"type":"Polygon","coordinates":[[[604718.957,4116331.2415],[604731.9965,4116330.385],[604738.1905,4116329.897],[604740.2365,4116329.7355],[604742.827,4116329.5315],[604738.027,4116292.5715],[604737.717,4116290.2015],[604712.9065,4116291.9515],[604713.0065,4116292.5715],[604714.127,4116299.8615],[604714.377,4116301.4915],[604717.767,4116301.2415],[604718.8695,4116309.0365],[604721.397,4116326.7815],[604718.317,4116327.0815],[604718.957,4116331.2415]],[[604724.357,4116303.9015],[604724.067,4116300.7915],[604727.997,4116300.5115],[604728.457,4116303.5315],[604724.357,4116303.9015]],[[604726.247,4116314.7615],[604725.817,4116311.6415],[604729.607,4116311.4515],[604729.897,4116314.6315],[604726.247,4116314.7615]],[[604727.727,4116326.3115],[604727.257,4116323.0015],[604730.897,4116322.6515],[604731.397,4116325.8915],[604727.727,4116326.3115]]]}},{"type":"Feature","properties":{"id":"4866034XG0146N_part2","floors":1,"height":3.1,"heightSource":"Catastro:numberOfFloorsAboveGround"},"geometry":{"type":"Polygon","coordinates":[[[604717.767,4116301.2415],[604714.377,4116301.4915],[604714.657,4116303.3215],[604715.5895,4116309.375],[604718.8695,4116309.0365],[604717.767,4116301.2415]]]}},{"type":"Feature","properties":{"id":"4866036XG0146N_part1","floors":1,"height":3.1,"heightSource":"Catastro:numberOfFloorsAboveGround"},"geometry":{"type":"Polygon","coordinates":[[[604692.5665,4116273.6015],[604692.5965,4116270.5415],[604689.5665,4116270.5115],[604689.5365,4116273.5715],[604692.5665,4116273.6015]]]}},{"type":"Feature","properties":{"id":"4866036XG0146N_part2","floors":1,"height":3.1,"heightSource":"Catastro:numberOfFloorsAboveGround"},"geometry":{"type":"Polygon","coordinates":[[[604690.4265,4116263.3115],[604690.4565,4116260.2715],[604687.4465,4116260.2415],[604687.4165,4116263.2715],[604690.4265,4116263.3115]]]}},{"type":"Feature","properties":{"id":"4866036XG0146N_part3","floors":4,"height":12.4,"heightSource":"Catastro:numberOfFloorsAboveGround"},"geometry":{"type":"Polygon","coordinates":[[[604673.546,4116254.8115],[604684.2565,4116284.2715],[604701.4965,4116284.5115],[604701.5065,4116283.7115],[604684.8165,4116283.4715],[604674.296,4116254.5415],[604673.546,4116254.8115]]]}},{"type":"Feature","properties":{"id":"4866036XG0146N_part4","floors":3,"height":9.3,"heightSource":"Catastro:numberOfFloorsAboveGround"},"geometry":{"type":"Polygon","coordinates":[[[604701.4965,4116284.5115],[604707.2865,4116284.5915],[604707.5945,4116284.558],[604710.7565,4116284.2115],[604710.6665,4116283.4215],[604707.2465,4116283.7915],[604701.5065,4116283.7115],[604701.4965,4116284.5115]]]}},{"type":"Feature","properties":{"id":"4866036XG0146N_part5","floors":1,"height":3.1,"heightSource":"Catastro:numberOfFloorsAboveGround"},"geometry":{"type":"Polygon","coordinates":[[[604686.2165,4116254.1415],[604689.1965,4116254.1815],[604689.246,4116250.8315],[604686.236,4116251.4115],[604686.2165,4116254.1415]]]}},{"type":"Feature","properties":{"id":"4866036XG0146N_part6","floors":1,"height":3.1,"heightSource":"Catastro:numberOfFloorsAboveGround"},"geometry":{"type":"Polygon","coordinates":[[[604697.4265,4116255.6715],[604700.5465,4116255.7115],[604700.6265,4116248.6115],[604697.4565,4116249.2315],[604697.4265,4116255.6715]]]}},{"type":"Feature","properties":{"id":"4866036XG0146N_part7","floors":1,"height":3.1,"heightSource":"Catastro:numberOfFloorsAboveGround"},"geometry":{"type":"Polygon","coordinates":[[[604699.6265,4116270.6215],[604699.5965,4116273.6715],[604701.6565,4116273.7015],[604702.6265,4116273.7115],[604702.6665,4116270.6515],[604700.6065,4116270.6315],[604699.6265,4116270.6215]]]}},{"type":"Feature","properties":{"id":"4866036XG0146N_part8","floors":1,"height":3.1,"heightSource":"Catastro:numberOfFloorsAboveGround"},"geometry":{"type":"Polygon","coordinates":[[[604695.8665,4116261.3015],[604696.8065,4116261.3115],[604699.8965,4116261.3415],[604707.5365,4116261.4315],[604706.9165,4116258.4115],[604695.8965,4116258.3015],[604695.8665,4116261.3015]]]}},{"type":"Feature","properties":{"id":"4866036XG0146N_part9","floors":1,"height":3.1,"heightSource":"Catastro:numberOfFloorsAboveGround"},"geometry":{"type":"Polygon","coordinates":[[[604706.5765,4116272.6515],[604706.5465,4116275.6115],[604709.9065,4116275.7115],[604709.8365,4116275.3015],[604709.5865,4116273.9815],[604709.3465,4116272.6815],[604706.5765,4116272.6515]]]}},{"type":"Feature","properties":{"id":"4866036XG0146N_part10","floors":3,"height":9.3,"heightSource":"Catastro:numberOfFloorsAboveGround"},"geometry":{"type":"Polygon","coordinates":[[[604697.4265,4116256.5115],[604695.9165,4116256.4915],[604695.8965,4116258.3015],[604706.9165,4116258.4115],[604704.7465,4116247.8115],[604700.6265,4116248.6115],[604700.5465,4116255.7115],[604697.4265,4116255.6715],[604697.4265,4116256.5115]]]}},{"type":"Feature","properties":{"id":"4866036XG0146N_part11","floors":4,"height":12.4,"heightSource":"Catastro:numberOfFloorsAboveGround"},"geometry":{"type":"Polygon","coordinates":[[[604699.8465,4116267.6315],[604700.6365,4116267.6415],[604700.6065,4116270.6315],[604702.6665,4116270.6515],[604702.6265,4116273.7115],[604701.6565,4116273.7015],[604701.5065,4116283.7115],[604707.2465,4116283.7915],[604710.6665,4116283.4215],[604711.3165,4116283.3515],[604709.9065,4116275.7115],[604706.5465,4116275.6115],[604706.5765,4116272.6515],[604709.3465,4116272.6815],[604708.8465,4116269.9515],[604707.6665,4116263.5515],[604707.9665,4116263.5115],[604707.5365,4116261.4315],[604699.8965,4116261.3415],[604699.8465,4116267.6315]]]}},{"type":"Feature","properties":{"id":"4866036XG0146N_part12","floors":5,"height":15.5,"heightSource":"Catastro:numberOfFloorsAboveGround"},"geometry":{"type":"Polygon","coordinates":[[[604674.036,4116253.7815],[604674.296,4116254.5415],[604684.8165,4116283.4715],[604701.5065,4116283.7115],[604701.6565,4116273.7015],[604699.5965,4116273.6715],[604699.6265,4116270.6215],[604700.6065,4116270.6315],[604700.6365,4116267.6415],[604699.8465,4116267.6315],[604699.8365,4116268.3415],[604695.3565,4116268.3415],[604695.3565,4116264.0415],[604697.2065,4116264.0415],[604697.2065,4116262.4915],[604696.8065,4116262.4915],[604696.8065,4116261.3115],[604695.8665,4116261.3015],[604695.8965,4116258.3015],[604695.9165,4116256.4915],[604697.4265,4116256.5115],[604697.4265,4116255.6715],[604697.4565,4116249.2315],[604689.246,4116250.8315],[604689.1965,4116254.1815],[604686.2165,4116254.1415],[604686.236,4116251.4115],[604679.196,4116252.7815],[604674.036,4116253.7815]],[[604689.5365,4116273.5715],[604689.5665,4116270.5115],[604692.5965,4116270.5415],[604692.5665,4116273.6015],[604689.5365,4116273.5715]],[[604687.4165,4116263.2715],[604687.4465,4116260.2415],[604690.4565,4116260.2715],[604690.4265,4116263.3115],[604687.4165,4116263.2715]]]}},{"type":"Feature","properties":{"id":"4866036XG0146N_part13","floors":6,"height":18.6,"heightSource":"Catastro:numberOfFloorsAboveGround"},"geometry":{"type":"Polygon","coordinates":[[[604696.8065,4116262.4915],[604697.2065,4116262.4915],[604697.2065,4116264.0415],[604695.3565,4116264.0415],[604695.3565,4116268.3415],[604699.8365,4116268.3415],[604699.8465,4116267.6315],[604699.8965,4116261.3415],[604696.8065,4116261.3115],[604696.8065,4116262.4915]]]}},{"type":"Feature","properties":{"id":"4866037XG0146N_part1","floors":3,"height":9.3,"heightSource":"Catastro:numberOfFloorsAboveGround"},"geometry":{"type":"Polygon","coordinates":[[[604719.2365,4116282.6415],[604719.2065,4116282.0915],[604711.3365,4116283.4715],[604719.2365,4116282.6415]]]}},{"type":"Feature","properties":{"id":"4866037XG0146N_part2","floors":3,"height":9.3,"heightSource":"Catastro:numberOfFloorsAboveGround"},"geometry":{"type":"Polygon","coordinates":[[[604727.8265,4116281.2915],[604727.7565,4116280.5915],[604719.2065,4116282.0915],[604727.8265,4116281.2915]]]}},{"type":"Feature","properties":{"id":"4866037XG0146N_part3","floors":3,"height":9.3,"heightSource":"Catastro:numberOfFloorsAboveGround"},"geometry":{"type":"Polygon","coordinates":[[[604738.9065,4116279.3815],[604738.8265,4116278.6515],[604727.7565,4116280.5915],[604738.9065,4116279.3815]]]}},{"type":"Feature","properties":{"id":"4866037XG0146N_part4","floors":4,"height":12.4,"heightSource":"Catastro:numberOfFloorsAboveGround"},"geometry":{"type":"Polygon","coordinates":[[[604713.1065,4116274.9915],[604709.8365,4116275.3015],[604709.9065,4116275.7115],[604711.3165,4116283.3515],[604711.3365,4116283.4715],[604719.2065,4116282.0915],[604727.7565,4116280.5915],[604738.8265,4116278.6515],[604739.4465,4116278.5415],[604738.0565,4116269.8015],[604737.6465,4116269.8615],[604736.1565,4116270.0815],[604728.8065,4116271.1615],[604729.0665,4116273.3115],[604725.4365,4116273.9515],[604725.1765,4116271.6915],[604721.8265,4116272.1815],[604716.1765,4116273.0115],[604713.2165,4116273.4515],[604712.9665,4116273.4815],[604713.1065,4116274.9915]]]}},{"type":"Feature","properties":{"id":"4866038XG0146N_part1","floors":6,"height":18.6,"heightSource":"Catastro:numberOfFloorsAboveGround"},"geometry":{"type":"Polygon","coordinates":[[[604725.6065,4116259.4015],[604725.3465,4116257.6215],[604723.5665,4116257.8815],[604723.8265,4116259.6615],[604725.6065,4116259.4015]]]}},{"type":"Feature","properties":{"id":"4866038XG0146N_part2","floors":6,"height":18.6,"heightSource":"Catastro:numberOfFloorsAboveGround"},"geometry":{"type":"Polygon","coordinates":[[[604729.9065,4116248.9915],[604729.6465,4116247.2015],[604727.8665,4116247.4715],[604728.1265,4116249.2515],[604729.9065,4116248.9915]]]}},{"type":"Feature","properties":{"id":"4866038XG0146N_part3","floors":6,"height":18.6,"heightSource":"Catastro:numberOfFloorsAboveGround"},"geometry":{"type":"Polygon","coordinates":[[[604730.6265,4116253.9315],[604730.3665,4116252.1515],[604728.5865,4116252.4115],[604728.8465,4116254.1915],[604730.6265,4116253.9315]]]}},{"type":"Feature","properties":{"id":"4866038XG0146N_part4","floors":4,"height":12.4,"heightSource":"Catastro:numberOfFloorsAboveGround"},"geometry":{"type":"Polygon","coordinates":[[[604734.5665,4116246.3315],[604735.3565,4116253.0315],[604735.4865,4116254.1815],[604736.0965,4116259.3715],[604737.1665,4116258.2715],[604736.6865,4116255.8615],[604737.1565,4116255.7615],[604736.5465,4116252.7815],[604736.7365,4116252.7415],[604735.3865,4116246.1515],[604735.9065,4116246.0215],[604735.3165,4116243.1615],[604735.5065,4116243.1015],[604734.9065,4116240.1815],[604733.7465,4116239.3115],[604734.5665,4116246.3315]]]}},{"type":"Feature","properties":{"id":"4866038XG0146N_part5","floors":1,"height":3.1,"heightSource":"Catastro:numberOfFloorsAboveGround"},"geometry":{"type":"Polygon","coordinates":[[[604709.9765,4116246.7915],[604713.0465,4116261.9315],[604716.0165,4116261.4515],[604714.5765,4116254.5615],[604716.1765,4116254.2215],[604715.8265,4116252.5515],[604714.2265,4116252.8815],[604712.8765,4116246.2315],[604709.9765,4116246.7915]]]}},{"type":"Feature","properties":{"id":"4866038XG0146N_part6","floors":1,"height":3.1,"heightSource":"Catastro:numberOfFloorsAboveGround"},"geometry":{"type":"Polygon","coordinates":[[[604723.2765,4116251.0415],[604722.6765,4116248.1015],[604719.7365,4116248.7015],[604720.3365,4116251.6415],[604723.2765,4116251.0415]]]}},{"type":"Feature","properties":{"id":"4866038XG0146N_part7","floors":1,"height":3.1,"heightSource":"Catastro:numberOfFloorsAboveGround"},"geometry":{"type":"Polygon","coordinates":[[[604724.4065,4116256.6315],[604723.7565,4116253.3915],[604720.8165,4116253.9915],[604721.4665,4116257.2215],[604724.4065,4116256.6315]]]}},{"type":"Feature","properties":{"id":"4866038XG0146N_part8","floors":5,"height":15.5,"heightSource":"Catastro:numberOfFloorsAboveGround"},"geometry":{"type":"Polygon","coordinates":[[[604730.7365,4116240.2715],[604731.5265,4116244.0315],[604731.8965,4116243.9515],[604732.4765,4116246.7915],[604734.5665,4116246.3315],[604733.7465,4116239.3115],[604730.7365,4116240.2715]]]}},{"type":"Feature","properties":{"id":"4866038XG0146N_part10","floors":2,"height":6.2,"heightSource":"Catastro:numberOfFloorsAboveGround"},"geometry":{"type":"Polygon","coordinates":[[[604704.7465,4116247.8115],[604706.9165,4116258.4115],[604707.5365,4116261.4315],[604707.9665,4116263.5115],[604711.1265,4116263.0415],[604713.3965,4116262.7115],[604716.1965,4116262.3015],[604716.0165,4116261.4515],[604713.0465,4116261.9315],[604709.9765,4116246.7915],[604704.7465,4116247.8115]]]}},{"type":"Feature","properties":{"id":"4866038XG0146N_part11","floors":5,"height":15.5,"heightSource":"Catastro:numberOfFloorsAboveGround"},"geometry":{"type":"Polygon","coordinates":[[[604734.4165,4116256.3315],[604733.2765,4116256.5815],[604733.9265,4116259.6915],[604736.0965,4116259.3715],[604735.4865,4116254.1815],[604734.0265,4116254.4115],[604734.4165,4116256.3315]]]}},{"type":"Feature","properties":{"id":"4866038XG0146N_part12","floors":5,"height":15.5,"heightSource":"Catastro:numberOfFloorsAboveGround"},"geometry":{"type":"Polygon","coordinates":[[[604717.8865,4116245.2615],[604712.8765,4116246.2315],[604714.2265,4116252.8815],[604715.8265,4116252.5515],[604716.1765,4116254.2215],[604714.5765,4116254.5615],[604716.0165,4116261.4515],[604716.1965,4116262.3015],[604724.7165,4116261.0515],[604732.0665,4116259.9615],[604733.9265,4116259.6915],[604733.2765,4116256.5815],[604734.4165,4116256.3315],[604734.0265,4116254.4115],[604733.8065,4116253.3515],[604735.3565,4116253.0315],[604734.5665,4116246.3315],[604732.4765,4116246.7915],[604731.8965,4116243.9515],[604731.5265,4116244.0315],[604730.7365,4116240.2715],[604729.3665,4116240.7115],[604726.1265,4116241.7415],[604720.4765,4116243.5515],[604717.6165,4116244.4615],[604717.8865,4116245.2615]],[[604720.8165,4116253.9915],[604723.7565,4116253.3915],[604724.4065,4116256.6315],[604721.4665,4116257.2215],[604720.8165,4116253.9915]],[[604719.7365,4116248.7015],[604722.6765,4116248.1015],[604723.2765,4116251.0415],[604720.3365,4116251.6415],[604719.7365,4116248.7015]],[[604727.8665,4116247.4715],[604729.6465,4116247.2015],[604729.9065,4116248.9915],[604728.1265,4116249.2515],[604727.8665,4116247.4715]],[[604723.5665,4116257.8815],[604725.3465,4116257.6215],[604725.6065,4116259.4015],[604723.8265,4116259.6615],[604723.5665,4116257.8815]],[[604728.5865,4116252.4115],[604730.3665,4116252.1515],[604730.6265,4116253.9315],[604728.8465,4116254.1915],[604728.5865,4116252.4115]],[[604721.7465,4116245.4915],[604723.5265,4116245.2315],[604723.7865,4116247.0115],[604722.0065,4116247.2715],[604721.7465,4116245.4915]]]}},{"type":"Feature","properties":{"id":"4866038XG0146N_part13","floors":6,"height":18.6,"heightSource":"Catastro:numberOfFloorsAboveGround"},"geometry":{"type":"Polygon","coordinates":[[[604723.7865,4116247.0115],[604723.5265,4116245.2315],[604721.7465,4116245.4915],[604722.0065,4116247.2715],[604723.7865,4116247.0115]]]}},{"type":"Feature","properties":{"id":"4866040XG0146N_part1","floors":5,"height":15.5,"heightSource":"Catastro:numberOfFloorsAboveGround"},"geometry":{"type":"Polygon","coordinates":[[[604715.5765,4116268.9615],[604712.6065,4116269.4015],[604713.2165,4116273.4515],[604716.1765,4116273.0115],[604715.5765,4116268.9615]]]}},{"type":"Feature","properties":{"id":"4866040XG0146N_part4","floors":2,"height":6.2,"heightSource":"Catastro:numberOfFloorsAboveGround"},"geometry":{"type":"Polygon","coordinates":[[[604707.6665,4116263.5515],[604708.8465,4116269.9515],[604712.1665,4116269.4715],[604711.5765,4116265.5115],[604711.1265,4116263.0415],[604707.9665,4116263.5115],[604707.6665,4116263.5515]]]}},{"type":"Feature","properties":{"id":"4866040XG0146N_part5","floors":4,"height":12.4,"heightSource":"Catastro:numberOfFloorsAboveGround"},"geometry":{"type":"Polygon","coordinates":[[[604737.6465,4116264.3915],[604736.9765,4116259.8415],[604736.1865,4116259.9615],[604736.5065,4116262.1315],[604736.8565,4116264.5115],[604737.6465,4116264.3915]]]}},{"type":"Feature","properties":{"id":"4866040XG0146N_part6","floors":4,"height":12.4,"heightSource":"Catastro:numberOfFloorsAboveGround"},"geometry":{"type":"Polygon","coordinates":[[[604738.2465,4116268.4515],[604739.0865,4116265.9115],[604737.1065,4116266.2015],[604737.4565,4116268.5715],[604738.2465,4116268.4515]]]}},{"type":"Feature","properties":{"id":"4866040XG0146N_part7","floors":5,"height":15.5,"heightSource":"Catastro:numberOfFloorsAboveGround"},"geometry":{"type":"Polygon","coordinates":[[[604713.7565,4116265.1915],[604711.5765,4116265.5115],[604712.1665,4116269.4715],[604712.6065,4116269.4015],[604715.5765,4116268.9615],[604716.1765,4116273.0115],[604721.8265,4116272.1815],[604721.0365,4116266.9515],[604725.4965,4116266.2915],[604724.7165,4116261.0515],[604716.1965,4116262.3015],[604713.3965,4116262.7115],[604713.7565,4116265.1915]]]}},{"type":"Feature","properties":{"id":"4866040XG0146N_part8","floors":5,"height":15.5,"heightSource":"Catastro:numberOfFloorsAboveGround"},"geometry":{"type":"Polygon","coordinates":[[[604732.0665,4116259.9615],[604732.6065,4116263.8315],[604735.1865,4116263.4515],[604736.1565,4116270.0815],[604737.6465,4116269.8615],[604737.4565,4116268.5715],[604736.6565,4116268.6915],[604736.3065,4116266.3115],[604737.1065,4116266.2015],[604736.8565,4116264.5115],[604736.0665,4116264.6315],[604735.7165,4116262.2615],[604736.5065,4116262.1315],[604736.1865,4116259.9615],[604736.0965,4116259.3715],[604733.9265,4116259.6915],[604732.0665,4116259.9615]]]}},{"type":"Feature","properties":{"id":"4866040XG0146N_part9","floors":6,"height":18.6,"heightSource":"Catastro:numberOfFloorsAboveGround"},"geometry":{"type":"Polygon","coordinates":[[[604725.4965,4116266.2915],[604721.0365,4116266.9515],[604721.8265,4116272.1815],[604725.1765,4116271.6915],[604724.9565,4116270.2115],[604727.9265,4116269.7715],[604728.1465,4116271.2515],[604728.8065,4116271.1615],[604736.1565,4116270.0815],[604735.1865,4116263.4515],[604732.6065,4116263.8315],[604732.0665,4116259.9615],[604724.7165,4116261.0515],[604725.4965,4116266.2915]]]}},{"type":"Feature","properties":{"id":"4866040XG0146N_part10","floors":5,"height":15.5,"heightSource":"Catastro:numberOfFloorsAboveGround"},"geometry":{"type":"Polygon","coordinates":[[[604711.1265,4116263.0415],[604711.5765,4116265.5115],[604713.7565,4116265.1915],[604713.3965,4116262.7115],[604711.1265,4116263.0415]]]}},{"type":"Feature","properties":{"id":"4866042XG0146N_part1","floors":2,"height":6.2,"heightSource":"Catastro:numberOfFloorsAboveGround"},"geometry":{"type":"Polygon","coordinates":[[[604629.0,4116327.6750815217],[604629.0,4116331.5236170734],[604629.207,4116331.5115],[604629.437,4116335.5415],[604635.867,4116335.1715],[604635.657,4116330.5815],[604635.697,4116330.0815],[604635.237,4116330.1015],[604635.087,4116327.3415],[604634.987,4116327.3515],[604632.447,4116327.4815],[604629.0,4116327.6750815217]]]}},{"type":"Feature","properties":{"id":"4866042XG0146N_part2","floors":1,"height":3.1,"heightSource":"Catastro:numberOfFloorsAboveGround"},"geometry":{"type":"Polygon","coordinates":[[[604635.087,4116327.3415],[604635.237,4116330.1015],[604635.697,4116330.0815],[604635.657,4116330.5815],[604637.657,4116330.5515],[604637.477,4116327.2015],[604635.087,4116327.3415]]]}},{"type":"Feature","properties":{"id":"4866043XG0146N_part1","floors":2,"height":6.2,"heightSource":"Catastro:numberOfFloorsAboveGround"},"geometry":{"type":"Polygon","coordinates":[[[604632.447,4116327.4815],[604632.287,4116324.9115],[604632.857,4116324.8715],[604632.767,4116324.5515],[604632.5065,4116320.3315],[604632.4965,4116320.0915],[604631.2765,4116320.1615],[604629.0,4116320.293010956],[604629.0,4116327.6750815217],[604632.447,4116327.4815]]]}},{"type":"Feature","properties":{"id":"4866043XG0146N_part2","floors":1,"height":3.1,"heightSource":"Catastro:numberOfFloorsAboveGround"},"geometry":{"type":"Polygon","coordinates":[[[604632.857,4116324.8715],[604632.287,4116324.9115],[604632.447,4116327.4815],[604634.987,4116327.3515],[604634.757,4116324.4015],[604632.767,4116324.5515],[604632.857,4116324.8715]]]}},{"type":"Feature","properties":{"id":"4866044XG0146N_part1","floors":2,"height":6.2,"heightSource":"Catastro:numberOfFloorsAboveGround"},"geometry":{"type":"Polygon","coordinates":[[[604631.2765,4116320.1615],[604631.0465,4116316.3015],[604630.3365,4116316.3415],[604630.1465,4116313.2015],[604629.0,4116313.266139466],[604629.0,4116320.293010956],[604631.2765,4116320.1615]]]}},{"type":"Feature","properties":{"id":"4866044XG0146N_part2","floors":1,"height":3.1,"heightSource":"Catastro:numberOfFloorsAboveGround"},"geometry":{"type":"Polygon","coordinates":[[[604630.1465,4116313.2015],[604630.3365,4116316.3415],[604631.0465,4116316.3015],[604631.0765,4116316.8015],[604633.0765,4116316.6715],[604632.8465,4116313.0415],[604630.1465,4116313.2015]]]}},{"type":"Feature","properties":{"id":"4866045XG0146N_part1","floors":2,"height":6.2,"heightSource":"Catastro:numberOfFloorsAboveGround"},"geometry":{"type":"Polygon","coordinates":[[[604630.7365,4116310.9815],[604630.3365,4116304.4815],[604629.0,4116304.5592034888],[604629.0,4116311.087643032],[604630.7365,4116310.9815]]]}},{"type":"Feature","properties":{"id":"4866051XG0146N_part1","floors":1,"height":3.1,"heightSource":"Catastro:numberOfFloorsAboveGround"},"geometry":{"type":"Polygon","coordinates":[[[604638.237,4116368.911],[604640.0975,4116376.2815],[604650.5675,4116373.6415],[604649.3975,4116368.9815],[604649.2075,4116369.0315],[604647.2675,4116369.5215],[604646.577,4116366.8115],[604638.237,4116368.911]]]}},{"type":"Feature","properties":{"id":"4866051XG0146N_part2","floors":1,"height":3.1,"heightSource":"Catastro:numberOfFloorsAboveGround"},"geometry":{"type":"Polygon","coordinates":[[[604646.577,4116366.8115],[604647.2675,4116369.5215],[604649.2075,4116369.0315],[604648.517,4116366.3215],[604646.577,4116366.8115]]]}},{"type":"Feature","properties":{"id":"4866052XG0146N_part1","floors":2,"height":6.2,"heightSource":"Catastro:numberOfFloorsAboveGround"},"geometry":{"type":"Polygon","coordinates":[[[604650.0565,4116302.9115],[604644.6965,4116304.6115],[604646.1865,4116309.3915],[604646.7565,4116309.2015],[604647.6665,4116312.0615],[604647.0765,4116312.2515],[604648.0365,4116315.3315],[604652.1265,4116314.0115],[604651.3965,4116311.7215],[604652.7265,4116311.3015],[604653.4565,4116313.5815],[604663.0065,4116310.5015],[604661.1265,4116304.0615],[604663.6365,4116303.1215],[604672.717,4116330.5015],[604681.797,4116327.6215],[604681.497,4116326.6715],[604679.007,4116318.8615],[604678.397,4116316.9515],[604675.917,4116309.1415],[604675.607,4116308.1815],[604674.2865,4116304.0215],[604673.9765,4116303.0715],[604671.6765,4116303.8015],[604669.9165,4116298.2615],[604666.0165,4116299.5215],[604666.3265,4116300.4915],[604663.4665,4116301.4015],[604663.1665,4116300.4515],[604662.8565,4116299.5115],[604659.9565,4116300.4015],[604660.2965,4116301.4415],[604656.3565,4116302.5915],[604654.4465,4116303.1915],[604650.5165,4116304.3415],[604650.2065,4116303.3815],[604650.0565,4116302.9115]]]}},{"type":"Feature","properties":{"id":"4866052XG0146N_part3","floors":1,"height":3.1,"heightSource":"Catastro:numberOfFloorsAboveGround"},"geometry":{"type":"Polygon","coordinates":[[[604650.2065,4116303.3815],[604650.5165,4116304.3415],[604654.4465,4116303.1915],[604654.1265,4116302.1815],[604650.2065,4116303.3815]]]}},{"type":"Feature","properties":{"id":"4866052XG0146N_part4","floors":1,"height":3.1,"heightSource":"Catastro:numberOfFloorsAboveGround"},"geometry":{"type":"Polygon","coordinates":[[[604652.747,4116319.3815],[604654.037,4116323.7115],[604654.997,4116323.4315],[604653.717,4116319.0915],[604652.747,4116319.3815]]]}},{"type":"Feature","properties":{"id":"4866052XG0146N_part5","floors":2,"height":6.2,"heightSource":"Catastro:numberOfFloorsAboveGround"},"geometry":{"type":"Polygon","coordinates":[[[604662.857,4116316.3115],[604653.717,4116319.0915],[604654.997,4116323.4315],[604655.567,4116325.3415],[604657.947,4116333.4015],[604658.237,4116334.3615],[604667.747,4116331.5415],[604662.857,4116316.3115]]]}},{"type":"Feature","properties":{"id":"4866052XG0146N_part6","floors":1,"height":3.1,"heightSource":"Catastro:numberOfFloorsAboveGround"},"geometry":{"type":"Polygon","coordinates":[[[604654.597,4116325.6315],[604656.997,4116333.6815],[604657.947,4116333.4015],[604655.567,4116325.3415],[604654.597,4116325.6315]]]}},{"type":"Feature","properties":{"id":"4866052XG0146N_part7","floors":1,"height":3.1,"heightSource":"Catastro:numberOfFloorsAboveGround"},"geometry":{"type":"Polygon","coordinates":[[[604656.0365,4116301.6015],[604656.3565,4116302.5915],[604660.2965,4116301.4415],[604659.9565,4116300.4015],[604656.0365,4116301.6015]]]}},{"type":"Feature","properties":{"id":"4866052XG0146N_part8","floors":1,"height":3.1,"heightSource":"Catastro:numberOfFloorsAboveGround"},"geometry":{"type":"Polygon","coordinates":[[[604674.2865,4116304.0215],[604675.607,4116308.1815],[604676.447,4116307.9215],[604675.0965,4116303.7615],[604674.2865,4116304.0215]]]}},{"type":"Feature","properties":{"id":"4866052XG0146N_part9","floors":1,"height":3.1,"heightSource":"Catastro:numberOfFloorsAboveGround"},"geometry":{"type":"Polygon","coordinates":[[[604675.917,4116309.1415],[604678.397,4116316.9515],[604679.287,4116316.6715],[604676.757,4116308.8715],[604675.917,4116309.1415]]]}},{"type":"Feature","properties":{"id":"4866052XG0146N_part10","floors":1,"height":3.1,"heightSource":"Catastro:numberOfFloorsAboveGround"},"geometry":{"type":"Polygon","coordinates":[[[604679.007,4116318.8615],[604681.497,4116326.6715],[604682.437,4116326.3715],[604679.907,4116318.5715],[604679.007,4116318.8615]]]}},{"type":"Feature","properties":{"id":"4867003XG0146N_part1","floors":2,"height":6.2,"heightSource":"Catastro:numberOfFloorsAboveGround"},"geometry":{"type":"Polygon","coordinates":[[[604704.989,4116503.891],[604705.569,4116507.821],[604706.559,4116507.681],[604705.979,4116503.751],[604704.989,4116503.891]]]}},{"type":"Feature","properties":{"id":"4867003XG0146N_part2","floors":2,"height":6.2,"heightSource":"Catastro:numberOfFloorsAboveGround"},"geometry":{"type":"Polygon","coordinates":[[[604696.689,4116508.121],[604696.099,4116508.211],[604696.509,4116510.991],[604704.979,4116509.761],[604704.709,4116507.951],[604705.569,4116507.821],[604704.989,4116503.891],[604702.199,4116504.291],[604702.719,4116507.851],[604700.739,4116508.141],[604700.219,4116504.581],[604699.819,4116504.641],[604696.259,4116505.151],[604696.689,4116508.121]]]}},{"type":"Feature","properties":{"id":"4867003XG0146N_part3","floors":3,"height":9.3,"heightSource":"Catastro:numberOfFloorsAboveGround"},"geometry":{"type":"Polygon","coordinates":[[[604700.219,4116504.581],[604700.739,4116508.141],[604702.719,4116507.851],[604702.199,4116504.291],[604701.799,4116504.351],[604700.219,4116504.581]]]}},{"type":"Feature","properties":{"id":"4867004XG0146N_part1","floors":3,"height":9.3,"heightSource":"Catastro:numberOfFloorsAboveGround"},"geometry":{"type":"Polygon","coordinates":[[[604715.249,4116502.4165],[604716.0595,4116508.0345],[604718.7925,4116507.644],[604717.98,4116502.0225],[604715.249,4116502.4165]]]}},{"type":"Feature","properties":{"id":"4867004XG0146N_part2","floors":2,"height":6.2,"heightSource":"Catastro:numberOfFloorsAboveGround"},"geometry":{"type":"Polygon","coordinates":[[[604717.98,4116502.0215],[604718.7925,4116507.644],[604720.22,4116507.44],[604720.0,4116505.91],[604721.7,4116505.66],[604721.11,4116501.57],[604717.98,4116502.0215]]]}},{"type":"Feature","properties":{"id":"4867004XG0146N_part3","floors":2,"height":6.2,"heightSource":"Catastro:numberOfFloorsAboveGround"},"geometry":{"type":"Polygon","coordinates":[[[604715.249,4116502.4165],[604711.199,4116503.001],[604712.1,4116508.6],[604716.0595,4116508.0345],[604715.249,4116502.4165]]]}},{"type":"Feature","properties":{"id":"4867005XG0146N_part1","floors":2,"height":6.2,"heightSource":"Catastro:numberOfFloorsAboveGround"},"geometry":{"type":"Polygon","coordinates":[[[604720.55,4116497.59],[604718.83,4116497.83],[604718.57,4116496.02],[604710.29,4116497.19],[604711.199,4116503.001],[604721.109,4116501.571],[604720.55,4116497.59]]]}},{"type":"Feature","properties":{"id":"4867006XG0146N_part1","floors":2,"height":6.2,"heightSource":"Catastro:numberOfFloorsAboveGround"},"geometry":{"type":"Polygon","coordinates":[[[604708.0985,4116480.721],[604708.86,4116486.52],[604717.12,4116485.57],[604716.94,4116484.02],[604718.66,4116483.81],[604718.1685,4116479.561],[604708.0985,4116480.721]]]}},{"type":"Feature","properties":{"id":"4867007XG0146N_part1","floors":2,"height":6.2,"heightSource":"Catastro:numberOfFloorsAboveGround"},"geometry":{"type":"Polygon","coordinates":[[[604717.73,4116475.61],[604715.98,4116475.8],[604715.77,4116473.96],[604707.35,4116474.92],[604708.0985,4116480.721],[604718.1685,4116479.561],[604717.73,4116475.61]]]}},{"type":"Feature","properties":{"id":"4867008XG0146N_part1","floors":1,"height":3.1,"heightSource":"Catastro:numberOfFloorsAboveGround"},"geometry":{"type":"Polygon","coordinates":[[[604692.1385,4116476.961],[604695.7015,4116476.449],[604699.9285,4116475.841],[604699.5285,4116473.1595],[604696.5285,4116473.591],[604689.3285,4116474.821],[604689.8135,4116478.2195],[604690.8045,4116478.078],[604692.2705,4116477.8685],[604692.1385,4116476.961]]]}},{"type":"Feature","properties":{"id":"4867008XG0146N_part2","floors":2,"height":6.2,"heightSource":"Catastro:numberOfFloorsAboveGround"},"geometry":{"type":"Polygon","coordinates":[[[604692.1385,4116476.961],[604692.2705,4116477.8685],[604693.0085,4116482.941],[604696.5685,4116482.421],[604695.7015,4116476.449],[604692.1385,4116476.961]]]}},{"type":"Feature","properties":{"id":"4867008XG0146N_part3","floors":3,"height":9.3,"heightSource":"Catastro:numberOfFloorsAboveGround"},"geometry":{"type":"Polygon","coordinates":[[[604695.7015,4116476.449],[604696.5685,4116482.421],[604698.5485,4116482.131],[604701.7785,4116481.661],[604701.1885,4116477.511],[604700.1985,4116477.651],[604699.9285,4116475.841],[604695.7015,4116476.449]]]}},{"type":"Feature","properties":{"id":"4867008XG0146N_part4","floors":2,"height":6.2,"heightSource":"Catastro:numberOfFloorsAboveGround"},"geometry":{"type":"Polygon","coordinates":[[[604702.1785,4116477.371],[604701.1885,4116477.511],[604701.7785,4116481.661],[604702.7685,4116481.521],[604702.1785,4116477.371]]]}},{"type":"Feature","properties":{"id":"4867009XG0146N_part1","floors":2,"height":6.2,"heightSource":"Catastro:numberOfFloorsAboveGround"},"geometry":{"type":"Polygon","coordinates":[[[604701.7785,4116481.661],[604702.3685,4116485.681],[604703.3585,4116485.541],[604702.7685,4116481.521],[604701.7785,4116481.661]]]}},{"type":"Feature","properties":{"id":"4867009XG0146N_part2","floors":2,"height":6.2,"heightSource":"Catastro:numberOfFloorsAboveGround"},"geometry":{"type":"Polygon","coordinates":[[[604693.0085,4116482.941],[604693.8185,4116488.501],[604697.7785,4116487.931],[604697.2685,4116484.371],[604699.2485,4116484.081],[604699.7585,4116487.641],[604701.7185,4116487.361],[604701.5085,4116485.811],[604702.3685,4116485.681],[604701.7785,4116481.661],[604698.5485,4116482.131],[604696.5685,4116482.421],[604693.0085,4116482.941]]]}},{"type":"Feature","properties":{"id":"4867009XG0146N_part3","floors":3,"height":9.3,"heightSource":"Catastro:numberOfFloorsAboveGround"},"geometry":{"type":"Polygon","coordinates":[[[604699.2485,4116484.081],[604697.2685,4116484.371],[604697.7785,4116487.931],[604699.7585,4116487.641],[604699.2485,4116484.081]]]}},{"type":"Feature","properties":{"id":"4867010XG0146N_part1","floors":2,"height":6.2,"heightSource":"Catastro:numberOfFloorsAboveGround"},"geometry":{"type":"Polygon","coordinates":[[[604703.6885,4116488.871],[604702.6985,4116489.011],[604703.2385,4116492.831],[604704.2285,4116492.691],[604703.6885,4116488.871]]]}},{"type":"Feature","properties":{"id":"4867010XG0146N_part2","floors":2,"height":6.2,"heightSource":"Catastro:numberOfFloorsAboveGround"},"geometry":{"type":"Polygon","coordinates":[[[604693.8185,4116488.501],[604694.6285,4116494.051],[604698.5885,4116493.491],[604698.0785,4116489.931],[604700.0585,4116489.641],[604700.5685,4116493.211],[604703.2385,4116492.831],[604702.6985,4116489.011],[604701.9885,4116489.111],[604701.7185,4116487.361],[604699.7585,4116487.641],[604697.7785,4116487.931],[604693.8185,4116488.501]]]}},{"type":"Feature","properties":{"id":"4867010XG0146N_part3","floors":3,"height":9.3,"heightSource":"Catastro:numberOfFloorsAboveGround"},"geometry":{"type":"Polygon","coordinates":[[[604700.0585,4116489.641],[604698.0785,4116489.931],[604698.5885,4116493.491],[604700.5685,4116493.211],[604700.0585,4116489.641]]]}},{"type":"Feature","properties":{"id":"4867011XG0146N_part1","floors":2,"height":6.2,"heightSource":"Catastro:numberOfFloorsAboveGround"},"geometry":{"type":"Polygon","coordinates":[[[604703.2385,4116492.831],[604703.8285,4116496.821],[604704.8185,4116496.681],[604704.2285,4116492.691],[604703.2385,4116492.831]]]}},{"type":"Feature","properties":{"id":"4867011XG0146N_part2","floors":2,"height":6.2,"heightSource":"Catastro:numberOfFloorsAboveGround"},"geometry":{"type":"Polygon","coordinates":[[[604694.6285,4116494.051],[604695.4485,4116499.651],[604703.3285,4116498.511],[604703.0985,4116496.931],[604703.8285,4116496.821],[604703.2385,4116492.831],[604700.5685,4116493.211],[604701.0885,4116496.761],[604699.1085,4116497.051],[604698.5885,4116493.491],[604694.6285,4116494.051]]]}},{"type":"Feature","properties":{"id":"4867011XG0146N_part3","floors":3,"height":9.3,"heightSource":"Catastro:numberOfFloorsAboveGround"},"geometry":{"type":"Polygon","coordinates":[[[604698.5885,4116493.491],[604699.1085,4116497.051],[604701.0885,4116496.761],[604700.5685,4116493.211],[604698.5885,4116493.491]]]}},{"type":"Feature","properties":{"id":"4867012XG0146N_part1","floors":2,"height":6.2,"heightSource":"Catastro:numberOfFloorsAboveGround"},"geometry":{"type":"Polygon","coordinates":[[[604705.429,4116499.891],[604704.439,4116500.031],[604704.989,4116503.891],[604705.979,4116503.751],[604705.429,4116499.891]]]}},{"type":"Feature","properties":{"id":"4867012XG0146N_part2","floors":2,"height":6.2,"heightSource":"Catastro:numberOfFloorsAboveGround"},"geometry":{"type":"Polygon","coordinates":[[[604695.4485,4116499.651],[604696.259,4116505.151],[604699.819,4116504.641],[604699.299,4116501.081],[604701.279,4116500.781],[604701.799,4116504.351],[604702.199,4116504.291],[604704.989,4116503.891],[604704.439,4116500.031],[604703.569,4116500.151],[604703.3285,4116498.511],[604695.4485,4116499.651]]]}},{"type":"Feature","properties":{"id":"4867012XG0146N_part3","floors":3,"height":9.3,"heightSource":"Catastro:numberOfFloorsAboveGround"},"geometry":{"type":"Polygon","coordinates":[[[604701.279,4116500.781],[604699.299,4116501.081],[604699.819,4116504.641],[604700.219,4116504.581],[604701.799,4116504.351],[604701.279,4116500.781]]]}},{"type":"Feature","properties":{"id":"4867013XG0146N_part1","floors":2,"height":6.2,"heightSource":"Catastro:numberOfFloorsAboveGround"},"geometry":{"type":"Polygon","coordinates":[[[604717.4385,4116457.5115],[604712.8985,4116458.1415],[604713.2085,4116460.5215],[604713.4985,4116462.7215],[604718.1085,4116462.1115],[604717.4385,4116457.5115]]]}},{"type":"Feature","properties":{"id":"4867013XG0146N_part2","floors":2,"height":6.2,"heightSource":"Catastro:numberOfFloorsAboveGround"},"geometry":{"type":"Polygon","coordinates":[[[604714.1585,4116467.681],[604714.2285,4116468.241],[604714.5885,4116470.891],[604719.2685,4116470.031],[604718.8385,4116467.061],[604714.1585,4116467.681]]]}},{"type":"Feature","properties":{"id":"4867013XG0146N_part3","floors":3,"height":9.3,"heightSource":"Catastro:numberOfFloorsAboveGround"},"geometry":{"type":"Polygon","coordinates":[[[604713.4985,4116462.7215],[604714.1585,4116467.681],[604718.8385,4116467.061],[604718.1085,4116462.1115],[604713.4985,4116462.7215]]]}},{"type":"Feature","properties":{"id":"4867015XG0146N_part1","floors":2,"height":6.2,"heightSource":"Catastro:numberOfFloorsAboveGround"},"geometry":{"type":"Polygon","coordinates":[[[604695.9685,4116460.5115],[604691.12945,4116461.04915],[604691.246,4116461.9915],[604699.9325,4116460.8115],[604699.818,4116459.9726],[604695.9685,4116460.5115]]]}},{"type":"Feature","properties":{"id":"4867015XG0146N_part2","floors":2,"height":6.2,"heightSource":"Catastro:numberOfFloorsAboveGround"},"geometry":{"type":"Polygon","coordinates":[[[604691.246,4116461.9915],[604691.2885,4116462.337],[604692.76005,4116474.2348],[604696.5285,4116473.591],[604701.579,4116472.8645],[604699.9785,4116461.15],[604699.9325,4116460.8115],[604691.246,4116461.9915]]]}},{"type":"Feature","properties":{"id":"4867015XG0146N_part3","floors":1,"height":3.1,"heightSource":"Catastro:numberOfFloorsAboveGround"},"geometry":{"type":"Polygon","coordinates":[[[604714.2285,4116468.241],[604714.1585,4116467.681],[604713.4985,4116462.7215],[604713.2085,4116460.5215],[604712.8985,4116458.1415],[604701.884,4116459.6834],[604703.6865,4116472.56135],[604703.7585,4116472.551],[604704.5085,4116472.431],[604708.5685,4116471.801],[604709.28,4116471.69345],[604708.935,4116469.4135],[604714.2886,4116468.6835],[604714.2285,4116468.241]]]}},{"type":"Feature","properties":{"id":"4867301XG0146N_part1","floors":2,"height":6.2,"heightSource":"Catastro:numberOfFloorsAboveGround"},"geometry":{"type":"Polygon","coordinates":[[[604738.1,4116483.98],[604738.69,4116487.93],[604743.39,4116487.23],[604742.7,4116483.29],[604738.1,4116483.98]]]}},{"type":"Feature","properties":{"id":"4867301XG0146N_part2","floors":2,"height":6.2,"heightSource":"Catastro:numberOfFloorsAboveGround"},"geometry":{"type":"Polygon","coordinates":[[[604743.39,4116487.23],[604738.69,4116487.93],[604739.28,4116491.89],[604757.71,4116489.14],[604756.56,4116481.22],[604742.7,4116483.29],[604743.39,4116487.23]]]}},{"type":"Feature","properties":{"id":"4867301XG0146N_part3","floors":2,"height":6.2,"heightSource":"Catastro:numberOfFloorsAboveGround"},"geometry":{"type":"Polygon","coordinates":[[[604760.8,4116488.68],[604759.61,4116480.76],[604756.56,4116481.22],[604757.71,4116489.14],[604760.8,4116488.68]]]}},{"type":"Feature","properties":{"id":"4867302XG0146N_part1","floors":1,"height":3.1,"heightSource":"Catastro:numberOfFloorsAboveGround"},"geometry":{"type":"Polygon","coordinates":[[[604746.5585,4116436.9815],[604736.1885,4116438.3915],[604731.452,4116439.074],[604732.693,4116447.687],[604737.4685,4116447.0515],[604752.4285,4116445.0115],[604751.7485,4116440.0615],[604751.2385,4116436.3415],[604746.5585,4116436.9815]]]}},{"type":"Feature","properties":{"id":"4867303XG0146N_part1","floors":2,"height":6.2,"heightSource":"Catastro:numberOfFloorsAboveGround"},"geometry":{"type":"Polygon","coordinates":[[[604751.9285,4116463.281],[604753.2285,4116461.691],[604752.1185,4116454.1215],[604750.3985,4116452.9315],[604727.3285,4116456.1115],[604728.8585,4116466.481],[604751.9285,4116463.281]]]}},{"type":"Feature","properties":{"id":"4867304XG0146N_part1","floors":1,"height":3.1,"heightSource":"Catastro:numberOfFloorsAboveGround"},"geometry":{"type":"Polygon","coordinates":[[[604746.088,4116433.2115],[604746.5585,4116436.9815],[604751.2385,4116436.3415],[604752.5985,4116436.1215],[604752.128,4116432.3815],[604746.088,4116433.2115]]]}},{"type":"Feature","properties":{"id":"4867306XG0146N_part1","floors":1,"height":3.1,"heightSource":"Catastro:numberOfFloorsAboveGround"},"geometry":{"type":"Polygon","coordinates":[[[604729.7685,4116470.741],[604731.1485,4116479.711],[604731.6385,4116479.631],[604730.2685,4116470.671],[604729.7685,4116470.741]]]}},{"type":"Feature","properties":{"id":"4867306XG0146N_part2","floors":2,"height":6.2,"heightSource":"Catastro:numberOfFloorsAboveGround"},"geometry":{"type":"Polygon","coordinates":[[[604764.3385,4116463.521],[604727.6485,4116468.791],[604729.3685,4116482.601],[604766.1385,4116477.081],[604765.2,4116470.0095],[604759.745,4116470.8495],[604760.6145,4116476.4735],[604749.0085,4116478.269],[604748.8115,4116476.995],[604748.5785,4116477.031],[604746.9075,4116477.2895],[604746.738,4116477.3155],[604746.6385,4116477.331],[604746.517,4116477.349],[604746.325,4116477.378],[604745.9685,4116477.431],[604745.8185,4116477.451],[604741.4185,4116478.131],[604740.2485,4116469.341],[604744.6585,4116468.751],[604744.8085,4116468.731],[604759.1785,4116466.811],[604764.6775,4116466.076],[604764.3385,4116463.521]],[[604731.6385,4116479.631],[604731.1485,4116479.711],[604729.7685,4116470.741],[604730.2685,4116470.671],[604731.6385,4116479.631]]]}},{"type":"Feature","properties":{"id":"4867306XG0146N_part3","floors":1,"height":3.1,"heightSource":"Catastro:numberOfFloorsAboveGround"},"geometry":{"type":"Polygon","coordinates":[[[604740.2485,4116469.341],[604741.4185,4116478.131],[604745.8185,4116477.451],[604744.6585,4116468.751],[604740.2485,4116469.341]]]}},{"type":"Feature","properties":{"id":"4867306XG0146N_part4","floors":1,"height":3.1,"heightSource":"Catastro:numberOfFloorsAboveGround"},"geometry":{"type":"Polygon","coordinates":[[[604759.1785,4116466.811],[604744.8085,4116468.731],[604744.6585,4116468.751],[604745.8185,4116477.451],[604745.9685,4116477.431],[604746.325,4116477.378],[604746.517,4116477.349],[604746.6385,4116477.331],[604746.738,4116477.3155],[604746.9075,4116477.2895],[604748.5785,4116477.031],[604748.8115,4116476.995],[604748.1375,4116472.637],[604755.6505,4116471.48],[604759.31,4116470.9165],[604759.465,4116470.8925],[604759.745,4116470.8495],[604765.2,4116470.0095],[604764.87,4116467.5255],[604764.6775,4116466.076],[604759.1785,4116466.811]]]}},{"type":"Feature","properties":{"id":"4867701XG0146N_part1","floors":1,"height":3.1,"heightSource":"Catastro:numberOfFloorsAboveGround"},"geometry":{"type":"Polygon","coordinates":[[[604661.7685,4116478.801],[604655.4385,4116479.811],[604654.9555,4116479.8845],[604655.351,4116483.2575],[604655.3965,4116483.645],[604662.2425,4116482.8425],[604661.7685,4116478.801]]]}},{"type":"Feature","properties":{"id":"4867702XG0146N_part1","floors":1,"height":3.1,"heightSource":"Catastro:numberOfFloorsAboveGround"},"geometry":{"type":"Polygon","coordinates":[[[604645.142,4116469.8995],[604639.0585,4116470.8615],[604639.3285,4116472.6415],[604653.9985,4116470.3215],[604653.7285,4116468.5415],[604653.288,4116465.1515],[604644.599,4116466.4675],[604645.142,4116469.8995]]]}},{"type":"Feature","properties":{"id":"4867702XG0146N_part2","floors":1,"height":3.1,"heightSource":"Catastro:numberOfFloorsAboveGround"},"geometry":{"type":"Polygon","coordinates":[[[604639.3285,4116472.6415],[604640.174,4116478.2705],[604646.8825,4116477.4625],[604646.9685,4116478.0215],[604650.0585,4116477.5515],[604650.5085,4116480.561],[604655.4385,4116479.811],[604653.9985,4116470.3215],[604639.3285,4116472.6415]]]}},{"type":"Feature","properties":{"id":"4867702XG0146N_part3","floors":2,"height":6.2,"heightSource":"Catastro:numberOfFloorsAboveGround"},"geometry":{"type":"Polygon","coordinates":[[[604646.8825,4116477.4625],[604640.174,4116478.2705],[604640.7285,4116481.961],[604647.4185,4116480.941],[604646.9685,4116478.0215],[604646.8825,4116477.4625]]]}},{"type":"Feature","properties":{"id":"4867703XG0146N_part1","floors":2,"height":6.2,"heightSource":"Catastro:numberOfFloorsAboveGround"},"geometry":{"type":"Polygon","coordinates":[[[604659.45,4116466.24],[604656.08,4116466.76],[604656.43,4116469.16],[604659.82,4116468.65],[604659.58,4116467.09],[604659.45,4116466.24]]]}},{"type":"Feature","properties":{"id":"4867703XG0146N_part2","floors":2,"height":6.2,"heightSource":"Catastro:numberOfFloorsAboveGround"},"geometry":{"type":"Polygon","coordinates":[[[604656.43,4116469.16],[604657.05,4116473.22],[604658.14,4116473.05],[604658.74,4116477.09],[604662.51,4116476.52],[604662.28,4116475.04],[604662.53,4116475.27],[604662.82,4116475.45],[604663.14,4116475.57],[604663.48,4116475.62],[604663.82,4116475.61],[604664.16,4116475.52],[604664.47,4116475.38],[604664.74,4116475.17],[604664.25,4116472.28],[604667.49,4116471.78],[604667.32,4116470.59],[604670.57,4116470.09],[604669.87,4116465.52],[604662.24,4116466.68],[604662.52,4116468.56],[604661.2,4116468.75],[604661.16,4116468.45],[604659.82,4116468.65],[604656.43,4116469.16]]]}},{"type":"Feature","properties":{"id":"4867703XG0146N_part3","floors":1,"height":3.1,"heightSource":"Catastro:numberOfFloorsAboveGround"},"geometry":{"type":"Polygon","coordinates":[[[604659.58,4116467.09],[604659.82,4116468.65],[604661.16,4116468.45],[604661.2,4116468.75],[604662.52,4116468.56],[604662.24,4116466.68],[604659.58,4116467.09]]]}},{"type":"Feature","properties":{"id":"4867703XG0146N_part4","floors":1,"height":3.1,"heightSource":"Catastro:numberOfFloorsAboveGround"},"geometry":{"type":"Polygon","coordinates":[[[604667.32,4116470.59],[604667.49,4116471.78],[604664.25,4116472.28],[604664.74,4116475.17],[604664.85,4116475.94],[604670.87,4116475.03],[604670.74,4116474.21],[604673.29,4116473.82],[604672.67,4116469.77],[604670.57,4116470.09],[604667.32,4116470.59]]]}},{"type":"Feature","properties":{"id":"4867703XG0146N_part5","floors":1,"height":3.1,"heightSource":"Catastro:numberOfFloorsAboveGround"},"geometry":{"type":"Polygon","coordinates":[[[604673.71,4116469.61],[604673.01,4116465.04],[604669.87,4116465.52],[604670.57,4116470.09],[604672.67,4116469.77],[604673.71,4116469.61]]]}},{"type":"Feature","properties":{"id":"4867705XG0146N_part1","floors":1,"height":3.1,"heightSource":"Catastro:numberOfFloorsAboveGround"},"geometry":{"type":"Polygon","coordinates":[[[604658.72,4116523.08],[604659.14,4116526.25],[604660.28,4116526.1],[604663.7,4116525.65],[604663.28,4116522.47],[604661.44,4116522.72],[604659.86,4116522.93],[604658.72,4116523.08]]]}},{"type":"Feature","properties":{"id":"4867705XG0146N_part2","floors":1,"height":3.1,"heightSource":"Catastro:numberOfFloorsAboveGround"},"geometry":{"type":"Polygon","coordinates":[[[604659.27,4116518.47],[604659.86,4116522.93],[604661.44,4116522.72],[604661.35,4116522.03],[604660.86,4116518.26],[604659.27,4116518.47]]]}},{"type":"Feature","properties":{"id":"4867705XG0146N_part3","floors":2,"height":6.2,"heightSource":"Catastro:numberOfFloorsAboveGround"},"geometry":{"type":"Polygon","coordinates":[[[604663.28,4116522.47],[604663.7,4116525.65],[604660.28,4116526.1],[604660.73,4116529.57],[604672.63,4116528.01],[604672.11,4116524.04],[604670.92,4116524.2],[604670.5,4116521.03],[604671.69,4116520.87],[604671.66,4116520.67],[604661.35,4116522.03],[604661.44,4116522.72],[604663.28,4116522.47]]]}},{"type":"Feature","properties":{"id":"4867705XG0146N_part4","floors":2,"height":6.2,"heightSource":"Catastro:numberOfFloorsAboveGround"},"geometry":{"type":"Polygon","coordinates":[[[604671.17,4116516.9],[604660.86,4116518.26],[604661.35,4116522.03],[604671.66,4116520.67],[604671.17,4116516.9]]]}},{"type":"Feature","properties":{"id":"4867705XG0146N_part5","floors":1,"height":3.1,"heightSource":"Catastro:numberOfFloorsAboveGround"},"geometry":{"type":"Polygon","coordinates":[[[604670.5,4116521.03],[604670.92,4116524.2],[604672.11,4116524.04],[604673.6,4116523.84],[604673.18,4116520.67],[604671.69,4116520.87],[604670.5,4116521.03]]]}},{"type":"Feature","properties":{"id":"4867705XG0146N_part6","floors":1,"height":3.1,"heightSource":"Catastro:numberOfFloorsAboveGround"},"geometry":{"type":"Polygon","coordinates":[[[604672.11,4116524.04],[604672.63,4116528.01],[604674.12,4116527.81],[604673.6,4116523.84],[604672.11,4116524.04]]]}},{"type":"Feature","properties":{"id":"4867707XG0146N_part1","floors":1,"height":3.1,"heightSource":"Catastro:numberOfFloorsAboveGround"},"geometry":{"type":"Polygon","coordinates":[[[604664.8685,4116483.851],[604665.1385,4116485.831],[604674.3585,4116484.591],[604674.0885,4116482.611],[604664.8685,4116483.851]]]}},{"type":"Feature","properties":{"id":"4867707XG0146N_part2","floors":2,"height":6.2,"heightSource":"Catastro:numberOfFloorsAboveGround"},"geometry":{"type":"Polygon","coordinates":[[[604665.1385,4116485.831],[604666.0585,4116492.671],[604669.0285,4116492.271],[604668.3585,4116487.311],[604670.3485,4116487.051],[604671.0085,4116492.001],[604671.2185,4116493.571],[604677.2085,4116492.761],[604676.8585,4116489.961],[604677.5085,4116489.101],[604680.0085,4116488.811],[604679.3585,4116483.921],[604674.3585,4116484.591],[604665.1385,4116485.831]]]}},{"type":"Feature","properties":{"id":"4867707XG0146N_part3","floors":1,"height":3.1,"heightSource":"Catastro:numberOfFloorsAboveGround"},"geometry":{"type":"Polygon","coordinates":[[[604666.0585,4116492.671],[604666.2685,4116494.231],[604671.2185,4116493.571],[604671.0085,4116492.001],[604669.0285,4116492.271],[604666.0585,4116492.671]]]}},{"type":"Feature","properties":{"id":"4867707XG0146N_part4","floors":3,"height":9.3,"heightSource":"Catastro:numberOfFloorsAboveGround"},"geometry":{"type":"Polygon","coordinates":[[[604670.3485,4116487.051],[604668.3585,4116487.311],[604669.0285,4116492.271],[604671.0085,4116492.001],[604670.3485,4116487.051]]]}},{"type":"Feature","properties":{"id":"4867707XG0146N_part5","floors":1,"height":3.1,"heightSource":"Catastro:numberOfFloorsAboveGround"},"geometry":{"type":"Polygon","coordinates":[[[604674.0885,4116482.611],[604674.3585,4116484.591],[604679.3585,4116483.921],[604679.0885,4116481.931],[604674.235,4116482.5865],[604674.0885,4116482.611]]]}},{"type":"Feature","properties":{"id":"4867707XG0146N_part6","floors":2,"height":6.2,"heightSource":"Catastro:numberOfFloorsAboveGround"},"geometry":{"type":"Polygon","coordinates":[[[604677.5085,4116489.101],[604676.8585,4116489.961],[604677.2085,4116492.761],[604678.5085,4116492.591],[604678.9985,4116492.431],[604679.4085,4116492.121],[604679.7685,4116491.511],[604680.1785,4116490.021],[604680.0085,4116488.811],[604677.5085,4116489.101]]]}},{"type":"Feature","properties":{"id":"4867708XG0146N_part1","floors":2,"height":6.2,"heightSource":"Catastro:numberOfFloorsAboveGround"},"geometry":{"type":"Polygon","coordinates":[[[604655.3485,4116501.951],[604654.2085,4116503.431],[604655.2585,4116511.571],[604656.7385,4116512.701],[604659.4885,4116512.351],[604661.4785,4116512.091],[604661.6285,4116513.311],[604674.329,4116511.671],[604674.169,4116510.451],[604676.149,4116510.191],[604678.909,4116509.841],[604680.049,4116508.361],[604678.9985,4116500.231],[604677.5185,4116499.091],[604674.7585,4116499.441],[604672.7785,4116499.701],[604672.6185,4116498.481],[604659.9285,4116500.121],[604660.0885,4116501.341],[604658.0985,4116501.601],[604655.3485,4116501.951]],[[604663.6885,4116503.291],[604669.2385,4116502.581],[604669.8085,4116506.941],[604664.2485,4116507.651],[604663.6885,4116503.291]]]}},{"type":"Feature","properties":{"id":"4867708XG0146N_part2","floors":1,"height":3.1,"heightSource":"Catastro:numberOfFloorsAboveGround"},"geometry":{"type":"Polygon","coordinates":[[[604657.9485,4116500.381],[604658.0985,4116501.601],[604660.0885,4116501.341],[604659.9285,4116500.121],[604657.9485,4116500.381]]]}},{"type":"Feature","properties":{"id":"4867708XG0146N_part3","floors":1,"height":3.1,"heightSource":"Catastro:numberOfFloorsAboveGround"},"geometry":{"type":"Polygon","coordinates":[[[604661.4785,4116512.091],[604659.4885,4116512.351],[604659.6485,4116513.571],[604661.6285,4116513.311],[604661.4785,4116512.091]]]}},{"type":"Feature","properties":{"id":"4867708XG0146N_part4","floors":1,"height":3.1,"heightSource":"Catastro:numberOfFloorsAboveGround"},"geometry":{"type":"Polygon","coordinates":[[[604674.6085,4116498.221],[604672.6185,4116498.481],[604672.7785,4116499.701],[604674.7585,4116499.441],[604674.6085,4116498.221]]]}},{"type":"Feature","properties":{"id":"4867708XG0146N_part5","floors":1,"height":3.1,"heightSource":"Catastro:numberOfFloorsAboveGround"},"geometry":{"type":"Polygon","coordinates":[[[604674.169,4116510.451],[604674.329,4116511.671],[604676.309,4116511.411],[604676.149,4116510.191],[604674.169,4116510.451]]]}},{"type":"Feature","properties":{"id":"4868002XG0146N_part1","floors":1,"height":3.1,"heightSource":"Catastro:numberOfFloorsAboveGround"},"geometry":{"type":"Polygon","coordinates":[[[604672.94,4116629.791],[604673.74,4116635.811],[604675.27,4116635.611],[604674.46,4116629.581],[604672.94,4116629.791]]]}},{"type":"Feature","properties":{"id":"4868002XG0146N_part2","floors":1,"height":3.1,"heightSource":"Catastro:numberOfFloorsAboveGround"},"geometry":{"type":"Polygon","coordinates":[[[604675.86,4116640.111],[604679.26,4116639.661],[604678.94,4116637.181],[604675.53,4116637.641],[604675.86,4116640.111]]]}},{"type":"Feature","properties":{"id":"4868002XG0146N_part3","floors":2,"height":6.2,"heightSource":"Catastro:numberOfFloorsAboveGround"},"geometry":{"type":"Polygon","coordinates":[[[604675.27,4116635.611],[604675.53,4116637.641],[604678.94,4116637.181],[604679.26,4116639.661],[604679.31,4116639.991],[604687.14,4116638.931],[604686.5,4116634.221],[604681.09,4116634.951],[604680.64,4116631.571],[604678.73,4116631.821],[604678.36,4116629.071],[604674.46,4116629.581],[604675.27,4116635.611]]]}},{"type":"Feature","properties":{"id":"4868002XG0146N_part4","floors":2,"height":6.2,"heightSource":"Catastro:numberOfFloorsAboveGround"},"geometry":{"type":"Polygon","coordinates":[[[604687.27,4116629.111],[604685.85,4116629.301],[604686.5,4116634.221],[604687.93,4116634.031],[604687.27,4116629.111]]]}},{"type":"Feature","properties":{"id":"4868002XG0146N_part5","floors":3,"height":9.3,"heightSource":"Catastro:numberOfFloorsAboveGround"},"geometry":{"type":"Polygon","coordinates":[[[604681.34,4116629.931],[604680.91,4116630.181],[604680.62,4116630.591],[604680.52,4116631.081],[604680.64,4116631.571],[604681.09,4116634.951],[604686.5,4116634.221],[604685.85,4116629.301],[604681.34,4116629.931]]]}},{"type":"Feature","properties":{"id":"4868002XG0146N_part6","floors":1,"height":3.1,"heightSource":"Catastro:numberOfFloorsAboveGround"},"geometry":{"type":"Polygon","coordinates":[[[604686.5,4116634.221],[604687.14,4116638.931],[604689.1,4116638.671],[604688.47,4116633.951],[604687.93,4116634.031],[604686.5,4116634.221]]]}},{"type":"Feature","properties":{"id":"4868003XG0146N_part1","floors":1,"height":3.1,"heightSource":"Catastro:numberOfFloorsAboveGround"},"geometry":{"type":"Polygon","coordinates":[[[604668.67,4116616.891],[604669.18,4116620.701],[604675.21,4116619.921],[604675.34,4116619.901],[604674.85,4116616.091],[604668.67,4116616.891]]]}},{"type":"Feature","properties":{"id":"4868003XG0146N_part2","floors":1,"height":3.1,"heightSource":"Catastro:numberOfFloorsAboveGround"},"geometry":{"type":"Polygon","coordinates":[[[604687.88,4116622.711],[604689.43,4116622.511],[604690.09,4116622.121],[604690.73,4116621.351],[604691.18,4116620.461],[604691.43,4116619.491],[604691.47,4116618.491],[604691.33,4116617.631],[604691.02,4116616.811],[604690.57,4116616.061],[604689.98,4116615.411],[604689.29,4116614.891],[604688.5,4116614.501],[604687.66,4116614.271],[604686.79,4116614.201],[604687.88,4116622.711]]]}},{"type":"Feature","properties":{"id":"4868003XG0146N_part3","floors":2,"height":6.2,"heightSource":"Catastro:numberOfFloorsAboveGround"},"geometry":{"type":"Polygon","coordinates":[[[604674.82,4116615.811],[604674.85,4116616.091],[604675.34,4116619.901],[604675.21,4116619.921],[604675.84,4116624.821],[604684.03,4116623.731],[604683.96,4116623.231],[604687.88,4116622.711],[604686.79,4116614.201],[604682.86,4116614.721],[604682.95,4116615.461],[604679.09,4116615.961],[604679.0,4116615.241],[604674.82,4116615.811]]]}},{"type":"Feature","properties":{"id":"4868003XG0146N_part4","floors":1,"height":3.1,"heightSource":"Catastro:numberOfFloorsAboveGround"},"geometry":{"type":"Polygon","coordinates":[[[604682.78,4116614.051],[604678.91,4116614.521],[604679.0,4116615.241],[604679.09,4116615.961],[604682.95,4116615.461],[604682.86,4116614.721],[604682.78,4116614.051]]]}},{"type":"Feature","properties":{"id":"4868005XG0146N_part1","floors":2,"height":6.2,"heightSource":"Catastro:numberOfFloorsAboveGround"},"geometry":{"type":"Polygon","coordinates":[[[604683.7095,4116594.141],[604682.1395,4116583.271],[604678.9195,4116583.731],[604680.4895,4116594.601],[604683.7095,4116594.141]]]}},{"type":"Feature","properties":{"id":"4868005XG0146N_part2","floors":2,"height":6.2,"heightSource":"Catastro:numberOfFloorsAboveGround"},"geometry":{"type":"Polygon","coordinates":[[[604667.2895,4116585.401],[604668.8595,4116596.281],[604680.4895,4116594.601],[604678.9195,4116583.731],[604667.2895,4116585.401]]]}},{"type":"Feature","properties":{"id":"4868006XG0146N_part1","floors":1,"height":3.1,"heightSource":"Catastro:numberOfFloorsAboveGround"},"geometry":{"type":"Polygon","coordinates":[[[604671.6695,4116577.861],[604666.8595,4116578.441],[604667.2295,4116581.411],[604672.0095,4116580.781],[604671.6695,4116577.861]]]}},{"type":"Feature","properties":{"id":"4868006XG0146N_part2","floors":2,"height":6.2,"heightSource":"Catastro:numberOfFloorsAboveGround"},"geometry":{"type":"Polygon","coordinates":[[[604678.8695,4116569.071],[604674.5095,4116569.591],[604674.6195,4116570.551],[604671.9195,4116570.871],[604671.8395,4116570.221],[604665.9695,4116570.921],[604666.8595,4116578.441],[604671.6695,4116577.861],[604672.0095,4116580.781],[604683.6695,4116579.301],[604683.0195,4116573.941],[604679.5095,4116574.361],[604679.0295,4116570.391],[604678.9095,4116569.401],[604678.8695,4116569.071]]]}},{"type":"Feature","properties":{"id":"4868006XG0146N_part3","floors":1,"height":3.1,"heightSource":"Catastro:numberOfFloorsAboveGround"},"geometry":{"type":"Polygon","coordinates":[[[604682.4195,4116568.981],[604678.9095,4116569.401],[604679.0295,4116570.391],[604682.5395,4116569.971],[604682.4195,4116568.981]]]}},{"type":"Feature","properties":{"id":"4868006XG0146N_part4","floors":2,"height":6.2,"heightSource":"Catastro:numberOfFloorsAboveGround"},"geometry":{"type":"Polygon","coordinates":[[[604679.0295,4116570.391],[604679.5095,4116574.361],[604683.0195,4116573.941],[604682.5395,4116569.971],[604679.0295,4116570.391]]]}},{"type":"Feature","properties":{"id":"4868007XG0146N_part1","floors":1,"height":3.1,"heightSource":"Catastro:numberOfFloorsAboveGround"},"geometry":{"type":"Polygon","coordinates":[[[604670.279,4116559.751],[604668.989,4116559.871],[604669.029,4116560.271],[604669.5795,4116565.501],[604678.3195,4116564.471],[604677.079,4116554.711],[604674.599,4116555.001],[604674.349,4116553.041],[604669.459,4116553.661],[604670.279,4116559.751]]]}},{"type":"Feature","properties":{"id":"4868007XG0146N_part2","floors":1,"height":3.1,"heightSource":"Catastro:numberOfFloorsAboveGround"},"geometry":{"type":"Polygon","coordinates":[[[604681.779,4116553.191],[604681.659,4116552.131],[604676.829,4116552.731],[604677.079,4116554.711],[604678.3195,4116564.471],[604678.8195,4116564.411],[604678.5595,4116562.421],[604681.0495,4116562.141],[604681.2995,4116564.121],[604686.4695,4116563.511],[604686.2395,4116560.111],[604686.1895,4116559.611],[604684.0795,4116559.851],[604683.7495,4116556.871],[604685.8595,4116556.631],[604685.439,4116552.751],[604681.779,4116553.191]]]}},{"type":"Feature","properties":{"id":"4868007XG0146N_part3","floors":1,"height":3.1,"heightSource":"Catastro:numberOfFloorsAboveGround"},"geometry":{"type":"Polygon","coordinates":[[[604683.7495,4116556.871],[604684.0795,4116559.851],[604686.1895,4116559.611],[604685.8595,4116556.631],[604683.7495,4116556.871]]]}},{"type":"Feature","properties":{"id":"4868007XG0146N_part4","floors":1,"height":3.1,"heightSource":"Catastro:numberOfFloorsAboveGround"},"geometry":{"type":"Polygon","coordinates":[[[604667.479,4116553.911],[604668.289,4116560.361],[604669.029,4116560.271],[604668.989,4116559.871],[604670.279,4116559.751],[604669.459,4116553.661],[604667.479,4116553.911]]]}},{"type":"Feature","properties":{"id":"4868007XG0146N_part5","floors":1,"height":3.1,"heightSource":"Catastro:numberOfFloorsAboveGround"},"geometry":{"type":"Polygon","coordinates":[[[604674.349,4116553.041],[604674.599,4116555.001],[604677.079,4116554.711],[604676.829,4116552.731],[604674.349,4116553.041]]]}},{"type":"Feature","properties":{"id":"4868007XG0146N_part6","floors":1,"height":3.1,"heightSource":"Catastro:numberOfFloorsAboveGround"},"geometry":{"type":"Polygon","coordinates":[[[604688.3495,4116559.871],[604687.639,4116552.481],[604685.439,4116552.751],[604685.8595,4116556.631],[604686.1895,4116559.611],[604686.2395,4116560.111],[604688.3495,4116559.871]]]}},{"type":"Feature","properties":{"id":"4868008XG0146N_part1","floors":1,"height":3.1,"heightSource":"Catastro:numberOfFloorsAboveGround"},"geometry":{"type":"Polygon","coordinates":[[[604677.36,4116539.28],[604676.55,4116532.87],[604663.87,4116534.63],[604665.87,4116551.06],[604675.09,4116549.93],[604673.84,4116539.71],[604676.32,4116539.41],[604677.36,4116539.28]]]}},{"type":"Feature","properties":{"id":"4868008XG0146N_part2","floors":1,"height":3.1,"heightSource":"Catastro:numberOfFloorsAboveGround"},"geometry":{"type":"Polygon","coordinates":[[[604673.84,4116539.71],[604675.09,4116549.93],[604677.57,4116549.63],[604676.32,4116539.41],[604673.84,4116539.71]]]}},{"type":"Feature","properties":{"id":"4868010XG0146N_part1","floors":1,"height":3.1,"heightSource":"Catastro:numberOfFloorsAboveGround"},"geometry":{"type":"Polygon","coordinates":[[[604683.379,4116520.421],[604683.559,4116521.721],[604682.569,4116521.841],[604682.969,4116524.831],[604685.499,4116524.471],[604684.899,4116520.201],[604683.379,4116520.421]]]}},{"type":"Feature","properties":{"id":"4868010XG0146N_part2","floors":2,"height":6.2,"heightSource":"Catastro:numberOfFloorsAboveGround"},"geometry":{"type":"Polygon","coordinates":[[[604677.159,4116525.661],[604681.369,4116525.051],[604682.969,4116524.831],[604682.569,4116521.841],[604683.559,4116521.721],[604683.379,4116520.421],[604684.899,4116520.201],[604685.249,4116520.161],[604684.699,4116516.211],[604678.839,4116517.041],[604679.249,4116519.981],[604676.429,4116520.371],[604677.159,4116525.661]]]}},{"type":"Feature","properties":{"id":"4868010XG0146N_part3","floors":1,"height":3.1,"heightSource":"Catastro:numberOfFloorsAboveGround"},"geometry":{"type":"Polygon","coordinates":[[[604681.779,4116528.031],[604677.009,4116528.711],[604677.179,4116529.931],[604687.469,4116528.741],[604686.429,4116521.231],[604687.149,4116521.121],[604686.429,4116515.971],[604685.699,4116516.071],[604684.699,4116516.211],[604685.249,4116520.161],[604684.899,4116520.201],[604685.499,4116524.471],[604682.969,4116524.831],[604681.369,4116525.051],[604681.779,4116528.031]]]}},{"type":"Feature","properties":{"id":"4868014XG0146N_part2","floors":2,"height":6.2,"heightSource":"Catastro:numberOfFloorsAboveGround"},"geometry":{"type":"Polygon","coordinates":[[[604669.34,4116602.18],[604669.87,4116606.31],[604669.36,4116606.37],[604669.87,4116610.29],[604674.76,4116609.65],[604674.71,4116609.25],[604678.28,4116608.78],[604678.36,4116609.43],[604681.97,4116608.96],[604681.32,4116603.98],[604681.2,4116603.07],[604677.39,4116603.57],[604677.5,4116604.41],[604675.4,4116604.69],[604674.97,4116601.46],[604669.34,4116602.18]]]}},{"type":"Feature","properties":{"id":"4868014XG0146N_part3","floors":1,"height":3.1,"heightSource":"Catastro:numberOfFloorsAboveGround"},"geometry":{"type":"Polygon","coordinates":[[[604669.87,4116610.29],[604669.94,4116610.82],[604674.83,4116610.17],[604674.76,4116609.65],[604669.87,4116610.29]]]}},{"type":"Feature","properties":{"id":"4868014XG0146N_part4","floors":1,"height":3.1,"heightSource":"Catastro:numberOfFloorsAboveGround"},"geometry":{"type":"Polygon","coordinates":[[[604679.12,4116600.48],[604679.17,4116600.9],[604674.97,4116601.46],[604675.4,4116604.69],[604677.5,4116604.41],[604677.39,4116603.57],[604681.2,4116603.07],[604681.32,4116603.98],[604682.7,4116603.8],[604683.35,4116608.78],[604681.97,4116608.96],[604678.36,4116609.43],[604678.48,4116610.35],[604683.91,4116609.65],[604682.66,4116600.03],[604679.12,4116600.48]]]}},{"type":"Feature","properties":{"id":"4868014XG0146N_part5","floors":2,"height":6.2,"heightSource":"Catastro:numberOfFloorsAboveGround"},"geometry":{"type":"Polygon","coordinates":[[[604683.35,4116608.78],[604682.7,4116603.8],[604681.32,4116603.98],[604681.97,4116608.96],[604683.35,4116608.78]]]}},{"type":"Feature","properties":{"id":"4868014XG0146N_part6","floors":1,"height":3.1,"heightSource":"Catastro:numberOfFloorsAboveGround"},"geometry":{"type":"Polygon","coordinates":[[[604686.56,4116609.3],[604685.3,4116599.68],[604682.66,4116600.03],[604683.91,4116609.65],[604686.56,4116609.3]]]}},{"type":"Feature","properties":{"id":"4868301XG0146N_part1","floors":1,"height":3.1,"heightSource":"Catastro:numberOfFloorsAboveGround"},"geometry":{"type":"Polygon","coordinates":[[[604710.77,4116640.531],[604711.37,4116645.251],[604712.91,4116645.051],[604713.4605,4116649.391],[604721.7505,4116648.331],[604720.58,4116639.271],[604710.77,4116640.531]]]}},{"type":"Feature","properties":{"id":"4868301XG0146N_part2","floors":2,"height":6.2,"heightSource":"Catastro:numberOfFloorsAboveGround"},"geometry":{"type":"Polygon","coordinates":[[[604720.58,4116639.271],[604721.7505,4116648.331],[604726.1205,4116647.761],[604725.48,4116642.681],[604723.43,4116642.941],[604722.92,4116638.971],[604720.58,4116639.271]]]}},{"type":"Feature","properties":{"id":"4868301XG0146N_part3","floors":2,"height":6.2,"heightSource":"Catastro:numberOfFloorsAboveGround"},"geometry":{"type":"Polygon","coordinates":[[[604726.39,4116638.531],[604722.92,4116638.971],[604723.43,4116642.941],[604725.48,4116642.681],[604726.9,4116642.501],[604726.39,4116638.531]]]}},{"type":"Feature","properties":{"id":"4868301XG0146N_part4","floors":1,"height":3.1,"heightSource":"Catastro:numberOfFloorsAboveGround"},"geometry":{"type":"Polygon","coordinates":[[[604725.48,4116642.681],[604726.1205,4116647.761],[604727.5505,4116647.581],[604726.9,4116642.501],[604725.48,4116642.681]]]}},{"type":"Feature","properties":{"id":"4868302XG0146N_part1","floors":2,"height":6.2,"heightSource":"Catastro:numberOfFloorsAboveGround"},"geometry":{"type":"Polygon","coordinates":[[[604711.66,4116627.661],[604712.85,4116636.301],[604714.84,4116636.021],[604714.308,4116632.194],[604713.64,4116627.391],[604712.65,4116627.521],[604711.66,4116627.661]]]}},{"type":"Feature","properties":{"id":"4868302XG0146N_part2","floors":2,"height":6.2,"heightSource":"Catastro:numberOfFloorsAboveGround"},"geometry":{"type":"Polygon","coordinates":[[[604712.22,4116624.561],[604712.65,4116627.521],[604713.64,4116627.391],[604713.545,4116626.707],[604721.529,4116625.5965],[604721.61,4116626.191],[604724.3,4116625.821],[604723.9,4116622.961],[604712.22,4116624.561]]]}},{"type":"Feature","properties":{"id":"4868302XG0146N_part3","floors":3,"height":9.3,"heightSource":"Catastro:numberOfFloorsAboveGround"},"geometry":{"type":"Polygon","coordinates":[[[604721.61,4116626.191],[604721.529,4116625.5965],[604713.545,4116626.707],[604713.64,4116627.391],[604714.308,4116632.194],[604722.277,4116631.115],[604722.39,4116631.951],[604725.09,4116631.581],[604724.58,4116627.911],[604724.3,4116625.821],[604721.61,4116626.191]]]}},{"type":"Feature","properties":{"id":"4868302XG0146N_part4","floors":2,"height":6.2,"heightSource":"Catastro:numberOfFloorsAboveGround"},"geometry":{"type":"Polygon","coordinates":[[[604722.39,4116631.951],[604722.277,4116631.115],[604714.308,4116632.194],[604714.84,4116636.021],[604722.79,4116634.921],[604725.5,4116634.551],[604725.09,4116631.581],[604722.39,4116631.951]]]}},{"type":"Feature","properties":{"id":"4868302XG0146N_part5","floors":2,"height":6.2,"heightSource":"Catastro:numberOfFloorsAboveGround"},"geometry":{"type":"Polygon","coordinates":[[[604726.96,4116627.581],[604726.28,4116622.631],[604723.9,4116622.961],[604724.3,4116625.821],[604724.58,4116627.911],[604726.96,4116627.581]]]}},{"type":"Feature","properties":{"id":"4868303XG0146N_part1","floors":2,"height":6.2,"heightSource":"Catastro:numberOfFloorsAboveGround"},"geometry":{"type":"Polygon","coordinates":[[[604709.017,4116611.109],[604709.238,4116612.795],[604708.346,4116612.912],[604709.2985,4116620.1705],[604711.5765,4116619.872],[604710.4035,4116610.927],[604709.017,4116611.109]]]}},{"type":"Feature","properties":{"id":"4868303XG0146N_part2","floors":2,"height":6.2,"heightSource":"Catastro:numberOfFloorsAboveGround"},"geometry":{"type":"Polygon","coordinates":[[[604711.5765,4116619.872],[604709.2985,4116620.1705],[604709.556,4116622.133],[604722.6285,4116620.4185],[604722.362,4116618.438],[604717.4085,4116619.088],[604716.7075,4116613.8715],[604714.945,4116614.1085],[604714.4465,4116610.397],[604710.4035,4116610.927],[604711.5765,4116619.872]]]}},{"type":"Feature","properties":{"id":"4868303XG0146N_part3","floors":3,"height":9.3,"heightSource":"Catastro:numberOfFloorsAboveGround"},"geometry":{"type":"Polygon","coordinates":[[[604714.4465,4116610.397],[604714.945,4116614.1085],[604716.7075,4116613.8715],[604717.4085,4116619.088],[604722.362,4116618.438],[604721.983,4116615.616],[604721.681,4116613.3695],[604719.96,4116611.845],[604716.4975,4116612.31],[604716.209,4116610.1655],[604714.4465,4116610.397]]]}},{"type":"Feature","properties":{"id":"4868303XG0146N_part4","floors":2,"height":6.2,"heightSource":"Catastro:numberOfFloorsAboveGround"},"geometry":{"type":"Polygon","coordinates":[[[604721.163,4116609.516],[604716.209,4116610.1655],[604716.4975,4116612.31],[604719.96,4116611.845],[604721.681,4116613.3695],[604721.449,4116611.6445],[604721.263,4116610.26],[604721.163,4116609.516]]]}},{"type":"Feature","properties":{"id":"4868303XG0146N_part5","floors":2,"height":6.2,"heightSource":"Catastro:numberOfFloorsAboveGround"},"geometry":{"type":"Polygon","coordinates":[[[604725.8355,4116615.5125],[604725.031,4116609.785],[604721.263,4116610.26],[604721.449,4116611.6445],[604722.7415,4116612.628],[604723.008,4116614.609],[604722.2635,4116615.5805],[604724.584,4116615.2865],[604724.632,4116615.665],[604725.8355,4116615.5125]]]}},{"type":"Feature","properties":{"id":"4868303XG0146N_part6","floors":2,"height":6.2,"heightSource":"Catastro:numberOfFloorsAboveGround"},"geometry":{"type":"Polygon","coordinates":[[[604721.681,4116613.3695],[604721.983,4116615.616],[604722.2635,4116615.5805],[604723.008,4116614.609],[604722.7415,4116612.628],[604721.449,4116611.6445],[604721.681,4116613.3695]]]}},{"type":"Feature","properties":{"id":"4868303XG0146N_part7","floors":2,"height":6.2,"heightSource":"Catastro:numberOfFloorsAboveGround"},"geometry":{"type":"Polygon","coordinates":[[[604721.983,4116615.616],[604722.362,4116618.438],[604722.6285,4116620.4185],[604723.953,4116620.2445],[604723.3735,4116615.8245],[604724.632,4116615.665],[604724.584,4116615.2865],[604722.2635,4116615.5805],[604721.983,4116615.616]]]}},{"type":"Feature","properties":{"id":"4868303XG0146N_part8","floors":1,"height":3.1,"heightSource":"Catastro:numberOfFloorsAboveGround"},"geometry":{"type":"Polygon","coordinates":[[[604723.3735,4116615.8245],[604723.953,4116620.2445],[604738.267,4116618.366],[604737.6895,4116613.7015],[604729.009,4116614.8415],[604729.2435,4116616.626],[604724.827,4116617.2045],[604724.632,4116615.665],[604723.3735,4116615.8245]]]}},{"type":"Feature","properties":{"id":"4868304XG0146N_part1","floors":2,"height":6.2,"heightSource":"Catastro:numberOfFloorsAboveGround"},"geometry":{"type":"Polygon","coordinates":[[[604726.42,4116593.171],[604706.5595,4116595.731],[604707.95,4116606.431],[604717.45,4116605.191],[604717.08,4116602.391],[604712.46,4116603.011],[604711.7295,4116597.441],[604720.33,4116596.321],[604721.44,4116604.681],[604725.32,4116604.181],[604724.69,4116599.221],[604727.17,4116598.901],[604726.42,4116593.171]]]}},{"type":"Feature","properties":{"id":"4868304XG0146N_part2","floors":3,"height":9.3,"heightSource":"Catastro:numberOfFloorsAboveGround"},"geometry":{"type":"Polygon","coordinates":[[[604720.33,4116596.321],[604711.7295,4116597.441],[604712.46,4116603.011],[604717.08,4116602.391],[604717.45,4116605.191],[604721.44,4116604.681],[604720.33,4116596.321]]]}},{"type":"Feature","properties":{"id":"4868304XG0146N_part3","floors":2,"height":6.2,"heightSource":"Catastro:numberOfFloorsAboveGround"},"geometry":{"type":"Polygon","coordinates":[[[604724.69,4116599.221],[604725.32,4116604.181],[604727.81,4116603.861],[604727.17,4116598.901],[604724.69,4116599.221]]]}},{"type":"Feature","properties":{"id":"4868305XG0146N_part1","floors":2,"height":6.2,"heightSource":"Catastro:numberOfFloorsAboveGround"},"geometry":{"type":"Polygon","coordinates":[[[604710.7995,4116566.781],[604711.0595,4116569.071],[604712.0595,4116568.961],[604711.7995,4116566.661],[604710.7995,4116566.781]]]}},{"type":"Feature","properties":{"id":"4868305XG0146N_part2","floors":2,"height":6.2,"heightSource":"Catastro:numberOfFloorsAboveGround"},"geometry":{"type":"Polygon","coordinates":[[[604712.0595,4116568.961],[604711.0595,4116569.071],[604711.6095,4116573.971],[604712.6195,4116573.861],[604712.8795,4116576.161],[604711.8695,4116576.271],[604712.9695,4116585.961],[604713.9795,4116585.911],[604714.2195,4116588.231],[604720.3995,4116587.491],[604720.1395,4116585.161],[604723.1195,4116584.821],[604722.5695,4116580.021],[604719.5395,4116580.361],[604719.1895,4116577.201],[604722.2095,4116576.861],[604721.1995,4116567.941],[604718.1695,4116568.281],[604717.9095,4116565.971],[604711.7995,4116566.661],[604712.0595,4116568.961]]]}},{"type":"Feature","properties":{"id":"4868305XG0146N_part3","floors":2,"height":6.2,"heightSource":"Catastro:numberOfFloorsAboveGround"},"geometry":{"type":"Polygon","coordinates":[[[604712.8795,4116576.161],[604712.6195,4116573.861],[604711.6095,4116573.971],[604711.8695,4116576.271],[604712.8795,4116576.161]]]}},{"type":"Feature","properties":{"id":"4868305XG0146N_part4","floors":2,"height":6.2,"heightSource":"Catastro:numberOfFloorsAboveGround"},"geometry":{"type":"Polygon","coordinates":[[[604713.9795,4116585.911],[604712.9695,4116585.961],[604713.2395,4116588.341],[604714.2195,4116588.231],[604713.9795,4116585.911]]]}},{"type":"Feature","properties":{"id":"4868305XG0146N_part5","floors":2,"height":6.2,"heightSource":"Catastro:numberOfFloorsAboveGround"},"geometry":{"type":"Polygon","coordinates":[[[604717.9095,4116565.971],[604718.1695,4116568.281],[604721.1995,4116567.941],[604720.9395,4116565.631],[604717.9095,4116565.971]]]}},{"type":"Feature","properties":{"id":"4868305XG0146N_part6","floors":2,"height":6.2,"heightSource":"Catastro:numberOfFloorsAboveGround"},"geometry":{"type":"Polygon","coordinates":[[[604720.1395,4116585.161],[604720.3995,4116587.491],[604723.3795,4116587.131],[604723.1195,4116584.821],[604720.1395,4116585.161]]]}},{"type":"Feature","properties":{"id":"4868305XG0146N_part7","floors":2,"height":6.2,"heightSource":"Catastro:numberOfFloorsAboveGround"},"geometry":{"type":"Polygon","coordinates":[[[604720.9395,4116565.631],[604721.1995,4116567.941],[604722.2095,4116576.861],[604722.5695,4116580.021],[604723.1195,4116584.821],[604723.3795,4116587.131],[604727.9995,4116586.611],[604727.8895,4116585.601],[604730.2095,4116585.341],[604729.4695,4116578.821],[604727.1595,4116579.081],[604726.4195,4116572.521],[604728.7295,4116572.261],[604727.9995,4116565.851],[604725.6995,4116566.111],[604725.5895,4116565.101],[604720.9395,4116565.631]]]}},{"type":"Feature","properties":{"id":"4868305XG0146N_part8","floors":2,"height":6.2,"heightSource":"Catastro:numberOfFloorsAboveGround"},"geometry":{"type":"Polygon","coordinates":[[[604727.8895,4116564.841],[604725.5895,4116565.101],[604725.6995,4116566.111],[604727.9995,4116565.851],[604727.8895,4116564.841]]]}},{"type":"Feature","properties":{"id":"4868305XG0146N_part9","floors":2,"height":6.2,"heightSource":"Catastro:numberOfFloorsAboveGround"},"geometry":{"type":"Polygon","coordinates":[[[604726.4195,4116572.521],[604727.1595,4116579.081],[604729.4695,4116578.821],[604728.7295,4116572.261],[604726.4195,4116572.521]]]}},{"type":"Feature","properties":{"id":"4868305XG0146N_part10","floors":2,"height":6.2,"heightSource":"Catastro:numberOfFloorsAboveGround"},"geometry":{"type":"Polygon","coordinates":[[[604727.8895,4116585.601],[604727.9995,4116586.611],[604730.3195,4116586.351],[604730.2095,4116585.341],[604727.8895,4116585.601]]]}},{"type":"Feature","properties":{"id":"4868307XG0146N_part1","floors":2,"height":6.2,"heightSource":"Catastro:numberOfFloorsAboveGround"},"geometry":{"type":"Polygon","coordinates":[[[604726.1595,4116546.361],[604717.7295,4116547.541],[604718.2595,4116551.841],[604726.7095,4116550.791],[604726.1595,4116546.361]]]}},{"type":"Feature","properties":{"id":"4868307XG0146N_part2","floors":3,"height":9.3,"heightSource":"Catastro:numberOfFloorsAboveGround"},"geometry":{"type":"Polygon","coordinates":[[[604722.4895,4116551.321],[604718.2595,4116551.841],[604718.4395,4116553.201],[604718.6195,4116554.561],[604722.8395,4116554.041],[604727.0495,4116553.511],[604726.8795,4116552.151],[604726.7095,4116550.791],[604722.4895,4116551.321]]]}},{"type":"Feature","properties":{"id":"4868307XG0146N_part3","floors":2,"height":6.2,"heightSource":"Catastro:numberOfFloorsAboveGround"},"geometry":{"type":"Polygon","coordinates":[[[604718.6195,4116554.561],[604719.1695,4116559.051],[604727.6095,4116558.001],[604727.0495,4116553.511],[604718.6195,4116554.561]]]}},{"type":"Feature","properties":{"id":"4868308XG0146N_part1","floors":1,"height":3.1,"heightSource":"Catastro:numberOfFloorsAboveGround"},"geometry":{"type":"Polygon","coordinates":[[[604699.579,4116543.601],[604703.269,4116543.141],[604703.339,4116543.701],[604706.679,4116543.281],[604706.839,4116544.591],[604712.749,4116543.861],[604712.199,4116539.461],[604711.199,4116539.571],[604710.479,4116533.741],[604705.799,4116534.301],[604705.189,4116529.431],[604699.029,4116530.181],[604699.409,4116533.331],[604698.199,4116533.471],[604699.579,4116543.601]],[[604706.369,4116540.171],[604702.949,4116540.591],[604702.229,4116534.741],[604705.799,4116534.301],[604706.369,4116540.171]]]}},{"type":"Feature","properties":{"id":"4868308XG0146N_part2","floors":2,"height":6.2,"heightSource":"Catastro:numberOfFloorsAboveGround"},"geometry":{"type":"Polygon","coordinates":[[[604702.229,4116534.741],[604702.949,4116540.591],[604706.369,4116540.171],[604705.799,4116534.301],[604702.229,4116534.741]]]}},{"type":"Feature","properties":{"id":"4868309XG0146N_part1","floors":1,"height":3.1,"heightSource":"Catastro:numberOfFloorsAboveGround"},"geometry":{"type":"Polygon","coordinates":[[[604717.309,4116533.981],[604717.589,4116536.651],[604720.209,4116536.241],[604720.749,4116536.151],[604720.359,4116533.541],[604717.309,4116533.981]]]}},{"type":"Feature","properties":{"id":"4868309XG0146N_part2","floors":2,"height":6.2,"heightSource":"Catastro:numberOfFloorsAboveGround"},"geometry":{"type":"Polygon","coordinates":[[[604720.359,4116533.541],[604720.749,4116536.151],[604723.109,4116535.811],[604723.589,4116539.091],[604726.359,4116538.691],[604725.499,4116532.801],[604720.359,4116533.541]]]}},{"type":"Feature","properties":{"id":"4868309XG0146N_part3","floors":1,"height":3.1,"heightSource":"Catastro:numberOfFloorsAboveGround"},"geometry":{"type":"Polygon","coordinates":[[[604718.719,4116544.671],[604727.0695,4116543.451],[604726.359,4116538.691],[604723.589,4116539.091],[604720.689,4116539.531],[604718.029,4116539.911],[604718.719,4116544.671]]]}},{"type":"Feature","properties":{"id":"4868309XG0146N_part4","floors":3,"height":9.3,"heightSource":"Catastro:numberOfFloorsAboveGround"},"geometry":{"type":"Polygon","coordinates":[[[604720.689,4116539.531],[604723.589,4116539.091],[604723.109,4116535.811],[604720.749,4116536.151],[604720.209,4116536.241],[604720.689,4116539.531]]]}},{"type":"Feature","properties":{"id":"4868310XG0146N_part1","floors":1,"height":3.1,"heightSource":"Catastro:numberOfFloorsAboveGround"},"geometry":{"type":"Polygon","coordinates":[[[604704.0,4116521.764],[604703.9195,4116521.217],[604695.9195,4116522.0855],[604696.022,4116522.941],[604696.039,4116523.081],[604696.329,4116525.901],[604704.479,4116525.011],[604704.159,4116522.841],[604704.0,4116521.764]]]}},{"type":"Feature","properties":{"id":"4868310XG0146N_part2","floors":2,"height":6.2,"heightSource":"Catastro:numberOfFloorsAboveGround"},"geometry":{"type":"Polygon","coordinates":[[[604706.149,4116522.551],[604704.159,4116522.841],[604704.479,4116525.011],[604706.967,4116524.722],[604707.579,4116524.651],[604710.659,4116524.151],[604710.369,4116522.161],[604712.739,4116521.811],[604713.029,4116523.791],[604715.599,4116523.341],[604715.579,4116523.231],[604716.549,4116523.171],[604716.111,4116519.484],[604712.782,4116519.9675],[604712.6425,4116519.0045],[604707.4085,4116519.765],[604706.9695,4116516.7435],[604705.3395,4116516.98],[604706.149,4116522.551]]]}},{"type":"Feature","properties":{"id":"4868310XG0146N_part3","floors":3,"height":9.3,"heightSource":"Catastro:numberOfFloorsAboveGround"},"geometry":{"type":"Polygon","coordinates":[[[604710.349,4116512.331],[604704.999,4116513.161],[604704.789,4116513.191],[604705.3395,4116516.98],[604706.9695,4116516.7435],[604707.4085,4116519.765],[604712.6425,4116519.0045],[604712.782,4116519.9675],[604716.111,4116519.484],[604716.549,4116523.171],[604720.6205,4116522.55],[604719.7165,4116516.708],[604711.804,4116517.9325],[604711.702,4116517.2745],[604711.4725,4116515.7895],[604710.9235,4116512.242],[604710.349,4116512.331]]]}},{"type":"Feature","properties":{"id":"4868310XG0146N_part4","floors":2,"height":6.2,"heightSource":"Catastro:numberOfFloorsAboveGround"},"geometry":{"type":"Polygon","coordinates":[[[604710.9235,4116512.242],[604711.4725,4116515.7895],[604711.702,4116517.2745],[604711.804,4116517.9325],[604719.7165,4116516.708],[604720.6205,4116522.55],[604723.999,4116522.031],[604726.029,4116521.731],[604725.419,4116517.571],[604723.289,4116517.891],[604722.209,4116510.491],[604710.9235,4116512.242]]]}},{"type":"Feature","properties":{"id":"4868310XG0146N_part5","floors":1,"height":3.1,"heightSource":"Catastro:numberOfFloorsAboveGround"},"geometry":{"type":"Polygon","coordinates":[[[604724.339,4116510.161],[604722.209,4116510.491],[604723.289,4116517.891],[604725.419,4116517.571],[604724.339,4116510.161]]]}},{"type":"Feature","properties":{"id":"4868311XG0146N_part1","floors":1,"height":3.1,"heightSource":"Catastro:numberOfFloorsAboveGround"},"geometry":{"type":"Polygon","coordinates":[[[604716.829,4116531.341],[604717.309,4116533.981],[604720.359,4116533.541],[604719.999,4116530.931],[604719.459,4116531.001],[604716.829,4116531.341]]]}},{"type":"Feature","properties":{"id":"4868311XG0146N_part2","floors":1,"height":3.1,"heightSource":"Catastro:numberOfFloorsAboveGround"},"geometry":{"type":"Polygon","coordinates":[[[604716.549,4116523.171],[604715.579,4116523.231],[604715.599,4116523.341],[604716.329,4116528.091],[604718.989,4116527.701],[604721.899,4116527.311],[604724.669,4116526.921],[604723.999,4116522.031],[604716.549,4116523.171]]]}},{"type":"Feature","properties":{"id":"4868311XG0146N_part3","floors":2,"height":6.2,"heightSource":"Catastro:numberOfFloorsAboveGround"},"geometry":{"type":"Polygon","coordinates":[[[604718.989,4116527.701],[604719.459,4116531.001],[604719.999,4116530.931],[604722.359,4116530.591],[604721.899,4116527.311],[604718.989,4116527.701]]]}},{"type":"Feature","properties":{"id":"4868311XG0146N_part4","floors":2,"height":6.2,"heightSource":"Catastro:numberOfFloorsAboveGround"},"geometry":{"type":"Polygon","coordinates":[[[604722.359,4116530.591],[604719.999,4116530.931],[604720.359,4116533.541],[604725.499,4116532.801],[604724.669,4116526.921],[604721.899,4116527.311],[604722.359,4116530.591]]]}},{"type":"Feature","properties":{"id":"4868312XG0146N_part1","floors":2,"height":6.2,"heightSource":"Catastro:numberOfFloorsAboveGround"},"geometry":{"type":"Polygon","coordinates":[[[604711.7595,4116548.291],[604703.319,4116549.331],[604703.8395,4116553.601],[604712.2895,4116552.571],[604711.7595,4116548.291]]]}},{"type":"Feature","properties":{"id":"4868312XG0146N_part2","floors":3,"height":9.3,"heightSource":"Catastro:numberOfFloorsAboveGround"},"geometry":{"type":"Polygon","coordinates":[[[604703.8395,4116553.601],[604704.1695,4116556.351],[604712.6095,4116555.311],[604712.2895,4116552.571],[604703.8395,4116553.601]]]}},{"type":"Feature","properties":{"id":"4868312XG0146N_part3","floors":2,"height":6.2,"heightSource":"Catastro:numberOfFloorsAboveGround"},"geometry":{"type":"Polygon","coordinates":[[[604704.1695,4116556.351],[604704.7395,4116560.881],[604713.1695,4116559.841],[604712.6095,4116555.311],[604704.1695,4116556.351]]]}},{"type":"Feature","properties":{"id":"4869004XG0146N_part1","floors":2,"height":6.2,"heightSource":"Catastro:numberOfFloorsAboveGround"},"geometry":{"type":"Polygon","coordinates":[[[604698.601,4116712.931],[604698.551,4116712.521],[604688.871,4116713.681],[604689.441,4116718.4605],[604686.491,4116718.8105],[604687.111,4116723.9405],[604690.991,4116723.4705],[604691.071,4116724.2605],[604696.621,4116723.5805],[604696.501,4116722.5905],[604700.401,4116722.1105],[604700.091,4116719.5305],[604703.071,4116719.1705],[604702.821,4116717.0505],[604706.001,4116716.6705],[604705.361,4116712.121],[604698.601,4116712.931]]]}},{"type":"Feature","properties":{"id":"4869004XG0146N_part2","floors":1,"height":3.1,"heightSource":"Catastro:numberOfFloorsAboveGround"},"geometry":{"type":"Polygon","coordinates":[[[604700.091,4116719.5305],[604700.401,4116722.1105],[604700.521,4116723.1005],[604703.501,4116722.7405],[604703.071,4116719.1705],[604700.091,4116719.5305]]]}},{"type":"Feature","properties":{"id":"4869004XG0146N_part3","floors":3,"height":9.3,"heightSource":"Catastro:numberOfFloorsAboveGround"},"geometry":{"type":"Polygon","coordinates":[[[604702.821,4116717.0505],[604703.071,4116719.1705],[604703.501,4116722.7405],[604709.401,4116722.0205],[604708.721,4116716.3405],[604706.001,4116716.6705],[604702.821,4116717.0505]]]}},{"type":"Feature","properties":{"id":"4869004XG0146N_part4","floors":2,"height":6.2,"heightSource":"Catastro:numberOfFloorsAboveGround"},"geometry":{"type":"Polygon","coordinates":[[[604709.481,4116716.2505],[604708.841,4116711.701],[604705.361,4116712.121],[604706.001,4116716.6705],[604708.721,4116716.3405],[604709.481,4116716.2505]]]}},{"type":"Feature","properties":{"id":"4869005XG0146N_part1","floors":2,"height":6.2,"heightSource":"Catastro:numberOfFloorsAboveGround"},"geometry":{"type":"Polygon","coordinates":[[[604683.4505,4116705.051],[604683.8305,4116708.151],[604687.061,4116707.751],[604687.251,4116709.341],[604690.311,4116708.981],[604690.051,4116706.921],[604695.231,4116706.291],[604694.8705,4116703.621],[604684.9405,4116704.861],[604683.4505,4116705.051]]]}},{"type":"Feature","properties":{"id":"4869006XG0146N_part1","floors":1,"height":3.1,"heightSource":"Catastro:numberOfFloorsAboveGround"},"geometry":{"type":"Polygon","coordinates":[[[604678.6305,4116694.911],[604681.3605,4116694.571],[604681.4005,4116694.911],[604691.9305,4116693.621],[604690.6905,4116683.521],[604680.0805,4116684.851],[604680.7205,4116690.101],[604678.0805,4116690.421],[604678.6305,4116694.911]]]}},{"type":"Feature","properties":{"id":"4869007XG0146N_part1","floors":2,"height":6.2,"heightSource":"Catastro:numberOfFloorsAboveGround"},"geometry":{"type":"Polygon","coordinates":[[[604680.4705,4116670.791],[604681.2505,4116676.561],[604685.5205,4116675.981],[604685.8305,4116678.361],[604696.8805,4116676.871],[604696.5305,4116674.331],[604700.8905,4116673.741],[604700.1405,4116668.191],[604695.5905,4116668.801],[604695.7905,4116670.221],[604685.2305,4116671.631],[604685.0305,4116670.181],[604680.4705,4116670.791]]]}},{"type":"Feature","properties":{"id":"4869007XG0146N_part2","floors":1,"height":3.1,"heightSource":"Catastro:numberOfFloorsAboveGround"},"geometry":{"type":"Polygon","coordinates":[[[604684.8505,4116668.791],[604680.3005,4116669.431],[604680.4705,4116670.791],[604685.0305,4116670.181],[604684.8505,4116668.791]]]}},{"type":"Feature","properties":{"id":"4869007XG0146N_part3","floors":1,"height":3.1,"heightSource":"Catastro:numberOfFloorsAboveGround"},"geometry":{"type":"Polygon","coordinates":[[[604699.9505,4116666.781],[604695.4105,4116667.381],[604695.5905,4116668.801],[604700.1405,4116668.191],[604699.9505,4116666.781]]]}},{"type":"Feature","properties":{"id":"4869008XG0146N_part1","floors":1,"height":3.1,"heightSource":"Catastro:numberOfFloorsAboveGround"},"geometry":{"type":"Polygon","coordinates":[[[604703.191,4116705.801],[604703.391,4116707.481],[604705.231,4116707.251],[604705.021,4116705.571],[604703.191,4116705.801]]]}},{"type":"Feature","properties":{"id":"4869008XG0146N_part2","floors":2,"height":6.2,"heightSource":"Catastro:numberOfFloorsAboveGround"},"geometry":{"type":"Polygon","coordinates":[[[604694.8705,4116703.621],[604695.231,4116706.291],[604698.391,4116705.891],[604698.601,4116707.651],[604700.461,4116707.421],[604700.511,4116707.841],[604703.391,4116707.481],[604703.191,4116705.801],[604705.021,4116705.571],[604704.631,4116702.461],[604704.561,4116702.471],[604694.8705,4116703.621]]]}},{"type":"Feature","properties":{"id":"4869008XG0146N_part3","floors":1,"height":3.1,"heightSource":"Catastro:numberOfFloorsAboveGround"},"geometry":{"type":"Polygon","coordinates":[[[604705.021,4116705.571],[604705.231,4116707.251],[604706.621,4116707.081],[604706.411,4116705.401],[604705.021,4116705.571]]]}},{"type":"Feature","properties":{"id":"4869008XG0146N_part4","floors":2,"height":6.2,"heightSource":"Catastro:numberOfFloorsAboveGround"},"geometry":{"type":"Polygon","coordinates":[[[604704.631,4116702.461],[604705.021,4116705.571],[604706.411,4116705.401],[604706.021,4116702.291],[604704.631,4116702.461]]]}},{"type":"Feature","properties":{"id":"4869009XG0146N_part1","floors":1,"height":3.1,"heightSource":"Catastro:numberOfFloorsAboveGround"},"geometry":{"type":"Polygon","coordinates":[[[604702.3205,4116699.201],[604702.5305,4116700.881],[604704.3505,4116700.661],[604704.1605,4116698.971],[604702.3205,4116699.201]]]}},{"type":"Feature","properties":{"id":"4869009XG0146N_part2","floors":2,"height":6.2,"heightSource":"Catastro:numberOfFloorsAboveGround"},"geometry":{"type":"Polygon","coordinates":[[[604702.1205,4116697.641],[604699.4405,4116697.961],[604699.4805,4116698.301],[604697.7405,4116698.511],[604697.9505,4116700.291],[604694.4805,4116700.711],[604694.8705,4116703.621],[604704.561,4116702.471],[604704.3505,4116700.661],[604702.5305,4116700.881],[604702.3205,4116699.201],[604702.1205,4116697.641]]]}},{"type":"Feature","properties":{"id":"4869009XG0146N_part3","floors":1,"height":3.1,"heightSource":"Catastro:numberOfFloorsAboveGround"},"geometry":{"type":"Polygon","coordinates":[[[604705.5905,4116698.801],[604704.1605,4116698.971],[604704.3505,4116700.661],[604705.8005,4116700.481],[604705.5905,4116698.801]]]}},{"type":"Feature","properties":{"id":"4869009XG0146N_part4","floors":2,"height":6.2,"heightSource":"Catastro:numberOfFloorsAboveGround"},"geometry":{"type":"Polygon","coordinates":[[[604704.3505,4116700.661],[604704.561,4116702.471],[604704.631,4116702.461],[604706.021,4116702.291],[604705.8005,4116700.481],[604704.3505,4116700.661]]]}},{"type":"Feature","properties":{"id":"4869010XG0146N_part1","floors":1,"height":3.1,"heightSource":"Catastro:numberOfFloorsAboveGround"},"geometry":{"type":"Polygon","coordinates":[[[604684.3005,4116699.681],[604684.4905,4116701.261],[604686.3705,4116701.061],[604686.1805,4116699.451],[604684.3005,4116699.681]]]}},{"type":"Feature","properties":{"id":"4869010XG0146N_part2","floors":2,"height":6.2,"heightSource":"Catastro:numberOfFloorsAboveGround"},"geometry":{"type":"Polygon","coordinates":[[[604686.3705,4116701.061],[604684.4905,4116701.261],[604684.9405,4116704.861],[604694.8705,4116703.621],[604694.4805,4116700.711],[604691.0405,4116701.141],[604690.8005,4116699.241],[604689.1405,4116699.441],[604689.0905,4116699.101],[604686.1805,4116699.451],[604686.3705,4116701.061]]]}},{"type":"Feature","properties":{"id":"4869010XG0146N_part3","floors":1,"height":3.1,"heightSource":"Catastro:numberOfFloorsAboveGround"},"geometry":{"type":"Polygon","coordinates":[[[604682.8105,4116699.861],[604683.0005,4116701.411],[604684.4905,4116701.261],[604684.3005,4116699.681],[604682.8105,4116699.861]]]}},{"type":"Feature","properties":{"id":"4869010XG0146N_part4","floors":2,"height":6.2,"heightSource":"Catastro:numberOfFloorsAboveGround"},"geometry":{"type":"Polygon","coordinates":[[[604683.0005,4116701.411],[604683.4505,4116705.051],[604684.9405,4116704.861],[604684.4905,4116701.261],[604683.0005,4116701.411]]]}},{"type":"Feature","properties":{"id":"4869203XG0146N_part1","floors":1,"height":3.1,"heightSource":"Catastro:numberOfFloorsAboveGround"},"geometry":{"type":"Polygon","coordinates":[[[604747.09,4116736.96],[604743.85,4116737.41],[604743.68,4116736.2],[604739.6,4116736.77],[604739.76,4116737.89],[604736.47,4116738.35],[604736.9849752475,4116742.0],[604747.8015294118,4116742.0],[604747.09,4116736.96]]]}},{"type":"Feature","properties":{"id":"4869205XG0146N_part1","floors":2,"height":6.2,"heightSource":"Catastro:numberOfFloorsAboveGround"},"geometry":{"type":"Polygon","coordinates":[[[604733.491,4116714.8605],[604733.811,4116717.3405],[604744.151,4116715.9805],[604743.831,4116713.5005],[604741.641,4116713.7905],[604733.491,4116714.8605]]]}},{"type":"Feature","properties":{"id":"4869205XG0146N_part2","floors":2,"height":6.2,"heightSource":"Catastro:numberOfFloorsAboveGround"},"geometry":{"type":"Polygon","coordinates":[[[604742.931,4116706.6605],[604730.601,4116708.2405],[604731.101,4116712.2205],[604727.641,4116712.6505],[604728.211,4116717.0005],[604728.881,4116716.9205],[604729.311,4116720.2705],[604734.111,4116719.6405],[604733.811,4116717.3405],[604733.491,4116714.8605],[604741.641,4116713.7905],[604741.171,4116710.1605],[604743.351,4116709.8805],[604742.931,4116706.6605]]]}},{"type":"Feature","properties":{"id":"4869205XG0146N_part3","floors":2,"height":6.2,"heightSource":"Catastro:numberOfFloorsAboveGround"},"geometry":{"type":"Polygon","coordinates":[[[604741.171,4116710.1605],[604741.641,4116713.7905],[604743.831,4116713.5005],[604743.351,4116709.8805],[604741.171,4116710.1605]]]}},{"type":"Feature","properties":{"id":"4869207XG0146N_part1","floors":1,"height":3.1,"heightSource":"Catastro:numberOfFloorsAboveGround"},"geometry":{"type":"Polygon","coordinates":[[[604719.05,4116679.73],[604719.52,4116683.66],[604727.76,4116682.63],[604728.11,4116685.52],[604720.9,4116686.41],[604721.5,4116690.54],[604736.11,4116688.72],[604735.57,4116684.43],[604734.05,4116684.62],[604731.57,4116684.92],[604730.74,4116678.29],[604719.05,4116679.73]]]}},{"type":"Feature","properties":{"id":"4869207XG0146N_part2","floors":1,"height":3.1,"heightSource":"Catastro:numberOfFloorsAboveGround"},"geometry":{"type":"Polygon","coordinates":[[[604733.22,4116677.98],[604730.74,4116678.29],[604731.57,4116684.92],[604734.05,4116684.62],[604733.22,4116677.98]]]}},{"type":"Feature","properties":{"id":"4869207XG0146N_part3","floors":1,"height":3.1,"heightSource":"Catastro:numberOfFloorsAboveGround"},"geometry":{"type":"Polygon","coordinates":[[[604742.487,4116685.064],[604737.181,4116685.725],[604737.8025,4116690.7125],[604743.1105,4116690.0675],[604742.487,4116685.064]]]}},{"type":"Feature","properties":{"id":"4869208XG0146N_part1","floors":2,"height":6.2,"heightSource":"Catastro:numberOfFloorsAboveGround"},"geometry":{"type":"Polygon","coordinates":[[[604734.1405,4116673.471],[604732.6405,4116661.821],[604716.8505,4116663.841],[604718.3505,4116675.501],[604734.1405,4116673.471]]]}},{"type":"Feature","properties":{"id":"4869209XG0146N_part1","floors":2,"height":6.2,"heightSource":"Catastro:numberOfFloorsAboveGround"},"geometry":{"type":"Polygon","coordinates":[[[604722.691,4116700.001],[604723.191,4116703.821],[604723.981,4116703.711],[604724.211,4116705.501],[604732.611,4116704.401],[604731.881,4116698.821],[604722.691,4116700.001]]]}},{"type":"Feature","properties":{"id":"4869209XG0146N_part2","floors":2,"height":6.2,"heightSource":"Catastro:numberOfFloorsAboveGround"},"geometry":{"type":"Polygon","coordinates":[[[604722.201,4116703.951],[604722.431,4116705.731],[604724.211,4116705.501],[604723.981,4116703.711],[604723.191,4116703.821],[604722.201,4116703.951]]]}},{"type":"Feature","properties":{"id":"4869209XG0146N_part3","floors":2,"height":6.2,"heightSource":"Catastro:numberOfFloorsAboveGround"},"geometry":{"type":"Polygon","coordinates":[[[604721.701,4116700.131],[604722.201,4116703.951],[604723.191,4116703.821],[604722.691,4116700.001],[604721.701,4116700.131]]]}},{"type":"Feature","properties":{"id":"4869210XG0146N_part1","floors":1,"height":3.1,"heightSource":"Catastro:numberOfFloorsAboveGround"},"geometry":{"type":"Polygon","coordinates":[[[604736.411,4116703.861],[604736.691,4116705.741],[604745.931,4116704.5505],[604745.641,4116702.531],[604744.851,4116702.651],[604736.411,4116703.861]]]}},{"type":"Feature","properties":{"id":"4869210XG0146N_part2","floors":2,"height":6.2,"heightSource":"Catastro:numberOfFloorsAboveGround"},"geometry":{"type":"Polygon","coordinates":[[[604735.591,4116698.351],[604736.411,4116703.861],[604744.851,4116702.651],[604744.591,4116700.861],[604745.381,4116700.751],[604744.881,4116697.211],[604735.591,4116698.351]]]}},{"type":"Feature","properties":{"id":"4869210XG0146N_part3","floors":2,"height":6.2,"heightSource":"Catastro:numberOfFloorsAboveGround"},"geometry":{"type":"Polygon","coordinates":[[[604744.591,4116700.861],[604744.851,4116702.651],[604745.641,4116702.531],[604746.631,4116702.391],[604746.371,4116700.611],[604745.381,4116700.751],[604744.591,4116700.861]]]}},{"type":"Feature","properties":{"id":"4869210XG0146N_part4","floors":2,"height":6.2,"heightSource":"Catastro:numberOfFloorsAboveGround"},"geometry":{"type":"Polygon","coordinates":[[[604744.881,4116697.211],[604745.381,4116700.751],[604746.371,4116700.611],[604745.871,4116697.091],[604744.881,4116697.211]]]}},{"type":"Feature","properties":{"id":"4869211XG0146N_part1","floors":1,"height":3.1,"heightSource":"Catastro:numberOfFloorsAboveGround"},"geometry":{"type":"Polygon","coordinates":[[[604732.961,4116693.061],[604733.761,4116698.571],[604735.591,4116698.351],[604734.831,4116692.791],[604732.961,4116693.061]]]}},{"type":"Feature","properties":{"id":"4869211XG0146N_part2","floors":2,"height":6.2,"heightSource":"Catastro:numberOfFloorsAboveGround"},"geometry":{"type":"Polygon","coordinates":[[[604734.831,4116692.791],[604735.591,4116698.351],[604744.881,4116697.211],[604744.311,4116693.251],[604743.521,4116693.371],[604743.271,4116691.581],[604734.831,4116692.791]]]}},{"type":"Feature","properties":{"id":"4869211XG0146N_part3","floors":2,"height":6.2,"heightSource":"Catastro:numberOfFloorsAboveGround"},"geometry":{"type":"Polygon","coordinates":[[[604745.051,4116691.331],[604743.271,4116691.581],[604743.521,4116693.371],[604744.311,4116693.251],[604745.301,4116693.111],[604745.051,4116691.331]]]}},{"type":"Feature","properties":{"id":"4869211XG0146N_part4","floors":2,"height":6.2,"heightSource":"Catastro:numberOfFloorsAboveGround"},"geometry":{"type":"Polygon","coordinates":[[[604744.311,4116693.251],[604744.881,4116697.211],[604745.871,4116697.091],[604745.301,4116693.111],[604744.311,4116693.251]]]}},{"type":"Feature","properties":{"id":"4869212XG0146N_part1","floors":2,"height":6.2,"heightSource":"Catastro:numberOfFloorsAboveGround"},"geometry":{"type":"Polygon","coordinates":[[[604723.001,4116696.151],[604722.201,4116696.261],[604722.691,4116700.001],[604731.881,4116698.821],[604731.161,4116693.271],[604722.7605,4116694.371],[604723.001,4116696.151]]]}},{"type":"Feature","properties":{"id":"4869212XG0146N_part2","floors":2,"height":6.2,"heightSource":"Catastro:numberOfFloorsAboveGround"},"geometry":{"type":"Polygon","coordinates":[[[604720.9805,4116694.601],[604721.211,4116696.381],[604722.201,4116696.261],[604723.001,4116696.151],[604722.7605,4116694.371],[604720.9805,4116694.601]]]}},{"type":"Feature","properties":{"id":"4869212XG0146N_part3","floors":2,"height":6.2,"heightSource":"Catastro:numberOfFloorsAboveGround"},"geometry":{"type":"Polygon","coordinates":[[[604721.211,4116696.381],[604721.701,4116700.131],[604722.691,4116700.001],[604722.201,4116696.261],[604721.211,4116696.381]]]}},{"type":"Feature","properties":{"id":"4869803XG0146N_part1","floors":2,"height":6.2,"heightSource":"Catastro:numberOfFloorsAboveGround"},"geometry":{"type":"Polygon","coordinates":[[[604646.455,4116709.001],[604646.757,4116711.363],[604649.32,4116711.0355],[604649.0185,4116708.674],[604646.455,4116709.001]]]}},{"type":"Feature","properties":{"id":"4869803XG0146N_part2","floors":2,"height":6.2,"heightSource":"Catastro:numberOfFloorsAboveGround"},"geometry":{"type":"Polygon","coordinates":[[[604649.32,4116711.0355],[604646.757,4116711.363],[604647.0605,4116713.7395],[604655.7555,4116712.629],[604655.1505,4116707.8905],[604651.084,4116708.41],[604649.0185,4116708.674],[604649.32,4116711.0355]]]}},{"type":"Feature","properties":{"id":"4869803XG0146N_part3","floors":2,"height":6.2,"heightSource":"Catastro:numberOfFloorsAboveGround"},"geometry":{"type":"Polygon","coordinates":[[[604650.477,4116703.655],[604651.084,4116708.41],[604655.1505,4116707.8905],[604654.543,4116703.136],[604650.477,4116703.655]]]}},{"type":"Feature","properties":{"id":"4869803XG0146N_part4","floors":2,"height":6.2,"heightSource":"Catastro:numberOfFloorsAboveGround"},"geometry":{"type":"Polygon","coordinates":[[[604654.543,4116703.136],[604655.1505,4116707.8905],[604655.7555,4116712.629],[604655.813,4116713.0805],[604663.135,4116712.145],[604661.865,4116702.2005],[604654.543,4116703.136]]]}},{"type":"Feature","properties":{"id":"4869803XG0146N_part5","floors":2,"height":6.2,"heightSource":"Catastro:numberOfFloorsAboveGround"},"geometry":{"type":"Polygon","coordinates":[[[604665.658,4116711.823],[604664.388,4116701.8785],[604661.865,4116702.2005],[604663.135,4116712.145],[604665.658,4116711.823]]]}},{"type":"Feature","properties":{"id":"4869805XG0146N_part1","floors":1,"height":3.1,"heightSource":"Catastro:numberOfFloorsAboveGround"},"geometry":{"type":"Polygon","coordinates":[[[604647.048,4116735.313],[604647.8320450957,4116742.0],[604649.7926209194,4116742.0],[604648.982,4116735.086],[604647.048,4116735.313]]]}},{"type":"Feature","properties":{"id":"4869805XG0146N_part2","floors":2,"height":6.2,"heightSource":"Catastro:numberOfFloorsAboveGround"},"geometry":{"type":"Polygon","coordinates":[[[604648.982,4116735.086],[604649.7926209194,4116742.0],[604666.2620202932,4116742.0],[604665.228,4116733.181],[604648.982,4116735.086]]]}},{"type":"Feature","properties":{"id":"4869805XG0146N_part3","floors":1,"height":3.1,"heightSource":"Catastro:numberOfFloorsAboveGround"},"geometry":{"type":"Polygon","coordinates":[[[604670.6435,4116732.546],[604665.228,4116733.181],[604666.2620202932,4116742.0],[604671.7518986748,4116742.0],[604671.596,4116740.6715],[604670.599,4116740.7885],[604670.247,4116737.791],[604669.8945,4116734.784],[604670.892,4116734.667],[604670.6435,4116732.546]]]}},{"type":"Feature","properties":{"id":"4869806XG0146N_part1","floors":1,"height":3.1,"heightSource":"Catastro:numberOfFloorsAboveGround"},"geometry":{"type":"Polygon","coordinates":[[[604641.3405,4116691.831],[604634.4105,4116692.431],[604634.8505,4116697.471],[604640.8805,4116696.941],[604641.7705,4116696.871],[604641.4205,4116692.821],[604641.3405,4116691.831]]]}},{"type":"Feature","properties":{"id":"4869806XG0146N_part2","floors":1,"height":3.1,"heightSource":"Catastro:numberOfFloorsAboveGround"},"geometry":{"type":"Polygon","coordinates":[[[604641.4505,4116693.181],[604641.7705,4116696.871],[604640.8805,4116696.941],[604641.1405,4116699.981],[604642.6205,4116699.851],[604642.3605,4116696.811],[604643.8505,4116696.681],[604643.5005,4116692.641],[604641.4205,4116692.821],[604641.4505,4116693.181]]]}},{"type":"Feature","properties":{"id":"4869806XG0146N_part3","floors":2,"height":6.2,"heightSource":"Catastro:numberOfFloorsAboveGround"},"geometry":{"type":"Polygon","coordinates":[[[604643.8505,4116696.681],[604642.3605,4116696.811],[604642.6205,4116699.851],[604651.6105,4116699.061],[604651.4805,4116697.531],[604652.2805,4116696.991],[604656.0605,4116696.661],[604655.6205,4116691.591],[604643.5005,4116692.641],[604643.8505,4116696.681]]]}},{"type":"Feature","properties":{"id":"4869806XG0146N_part4","floors":1,"height":3.1,"heightSource":"Catastro:numberOfFloorsAboveGround"},"geometry":{"type":"Polygon","coordinates":[[[604652.2805,4116696.991],[604651.4805,4116697.531],[604651.6105,4116699.061],[604654.9205,4116698.781],[604655.6805,4116698.711],[604656.1705,4116697.981],[604656.0605,4116696.661],[604652.2805,4116696.991]]]}},{"type":"Feature","properties":{"id":"4869806XG0146N_part5","floors":1,"height":3.1,"heightSource":"Catastro:numberOfFloorsAboveGround"},"geometry":{"type":"Polygon","coordinates":[[[604657.7505,4116696.521],[604658.9905,4116695.211],[604658.7505,4116692.441],[604657.4105,4116691.431],[604655.6205,4116691.591],[604656.0605,4116696.661],[604657.7505,4116696.521]]]}},{"type":"Feature","properties":{"id":"4869806XG0146N_part6","floors":1,"height":3.1,"heightSource":"Catastro:numberOfFloorsAboveGround"},"geometry":{"type":"Polygon","coordinates":[[[604669.3205,4116686.921],[604661.2305,4116688.001],[604661.9525,4116693.409],[604670.0315,4116692.3305],[604669.3205,4116686.921]]]}},{"type":"Feature","properties":{"id":"4869807XG0146N_part1","floors":2,"height":6.2,"heightSource":"Catastro:numberOfFloorsAboveGround"},"geometry":{"type":"Polygon","coordinates":[[[604660.1105,4116676.291],[604659.5605,4116676.371],[604659.6205,4116675.791],[604659.5005,4116675.231],[604659.2105,4116674.721],[604658.7905,4116674.331],[604658.3505,4116674.111],[604657.8605,4116674.021],[604656.5805,4116674.151],[604656.3805,4116672.581],[604650.4505,4116673.361],[604650.6405,4116674.901],[604650.6725,4116675.1475],[604651.3105,4116680.091],[604651.3335,4116680.2675],[604647.472,4116680.773],[604646.676,4116680.877],[604647.126,4116684.315],[604654.556,4116683.343],[604654.4745,4116682.72],[604654.6905,4116682.691],[604658.9005,4116682.131],[604658.7605,4116681.111],[604660.7105,4116680.831],[604661.0105,4116680.7935],[604660.389,4116676.2575],[604660.1105,4116676.291]],[[604657.1195,4116679.5105],[604654.106,4116679.905],[604653.1835,4116680.0255],[604653.1605,4116679.851],[604652.822,4116677.2635],[604656.758,4116676.7485],[604657.1195,4116679.5105]]]}},{"type":"Feature","properties":{"id":"4869807XG0146N_part2","floors":1,"height":3.1,"heightSource":"Catastro:numberOfFloorsAboveGround"},"geometry":{"type":"Polygon","coordinates":[[[604646.77,4116675.686],[604647.451,4116680.6235],[604647.472,4116680.773],[604651.3335,4116680.2675],[604651.3105,4116680.091],[604650.6725,4116675.1475],[604646.77,4116675.686]]]}},{"type":"Feature","properties":{"id":"4869807XG0146N_part3","floors":3,"height":9.3,"heightSource":"Catastro:numberOfFloorsAboveGround"},"geometry":{"type":"Polygon","coordinates":[[[604656.758,4116676.7485],[604652.822,4116677.2635],[604653.1835,4116680.0255],[604657.1195,4116679.5105],[604656.758,4116676.7485]]]}},{"type":"Feature","properties":{"id":"4869807XG0146N_part4","floors":1,"height":3.1,"heightSource":"Catastro:numberOfFloorsAboveGround"},"geometry":{"type":"Polygon","coordinates":[[[604656.0845,4116683.25],[604656.742,4116688.5985],[604659.7305,4116688.201],[604669.3205,4116686.921],[604668.602,4116681.408],[604656.0845,4116683.25]]]}},{"type":"Feature","properties":{"id":"4869807XG0146N_part5","floors":1,"height":3.1,"heightSource":"Catastro:numberOfFloorsAboveGround"},"geometry":{"type":"Polygon","coordinates":[[[604662.3805,4116680.621],[604661.7705,4116676.091],[604660.389,4116676.2575],[604661.0105,4116680.7935],[604662.3805,4116680.621]]]}},{"type":"Feature","properties":{"id":"4955201XG0145N_part1","floors":3,"height":9.3,"heightSource":"Catastro:numberOfFloorsAboveGround"},"geometry":{"type":"Polygon","coordinates":[[[604823.1765,4116251.1215],[604823.1065,4116250.6715],[604823.2065,4116250.2315],[604823.4665,4116249.8515],[604823.8365,4116249.5915],[604808.546,4116194.522],[604808.116,4116194.542],[604807.696,4116194.412],[604807.366,4116194.122],[604807.166,4116193.742],[604794.006,4116197.392],[604793.946,4116197.812],[604793.796,4116198.2015],[604793.556,4116198.5415],[604793.236,4116198.8215],[604808.5465,4116254.0115],[604808.9265,4116254.0815],[604809.2665,4116254.2615],[604809.5365,4116254.5315],[604809.7065,4116254.8715],[604823.1765,4116251.1215]]]}},{"type":"Feature","properties":{"id":"4963702XG0146S_part1","floors":1,"height":3.1,"heightSource":"Catastro:numberOfFloorsAboveGround"},"geometry":{"type":"Polygon","coordinates":[[[604788.27305,4116125.4015],[604787.9261585732,4116124.0],[604785.0102493268,4116124.0],[604788.27305,4116125.4015]]]}},{"type":"Feature","properties":{"id":"4964601XG0146S_part1","floors":3,"height":9.3,"heightSource":"Catastro:numberOfFloorsAboveGround"},"geometry":{"type":"Polygon","coordinates":[[[604754.536,4116188.052],[604756.076,4116193.632],[604769.596,4116189.932],[604768.046,4116184.342],[604765.686,4116184.992],[604761.396,4116186.162],[604761.846,4116187.832],[604759.726,4116188.412],[604759.456,4116187.432],[604757.886,4116187.852],[604757.696,4116187.172],[604754.536,4116188.052]]]}},{"type":"Feature","properties":{"id":"4964601XG0146S_part2","floors":2,"height":6.2,"heightSource":"Catastro:numberOfFloorsAboveGround"},"geometry":{"type":"Polygon","coordinates":[[[604756.466,4116195.032],[604769.986,4116191.332],[604769.596,4116189.932],[604756.076,4116193.632],[604756.466,4116195.032]]]}},{"type":"Feature","properties":{"id":"4964604XG0146S_part1","floors":5,"height":15.5,"heightSource":"Catastro:numberOfFloorsAboveGround"},"geometry":{"type":"Polygon","coordinates":[[[604751.2455,4116156.902],[604752.7055,4116162.272],[604755.3755,4116161.552],[604756.2455,4116164.702],[604753.5855,4116165.442],[604755.2655,4116171.572],[604761.5455,4116169.852],[604763.8655,4116169.212],[604763.7455,4116168.772],[604759.8455,4116154.642],[604759.8155,4116154.572],[604754.7055,4116155.962],[604751.2455,4116156.902]]]}},{"type":"Feature","properties":{"id":"4964604XG0146S_part2","floors":6,"height":18.6,"heightSource":"Catastro:numberOfFloorsAboveGround"},"geometry":{"type":"Polygon","coordinates":[[[604734.1555,4116161.602],[604734.3455,4116162.292],[604737.9855,4116175.562],[604738.1755,4116176.272],[604750.3955,4116172.912],[604751.7455,4116172.542],[604753.6755,4116172.012],[604755.2655,4116171.572],[604753.5855,4116165.442],[604752.7055,4116162.272],[604751.2455,4116156.902],[604738.1855,4116160.482],[604734.1555,4116161.602]],[[604743.3855,4116168.782],[604742.5055,4116165.562],[604745.3755,4116164.782],[604745.2055,4116164.142],[604749.8155,4116162.892],[604750.4155,4116163.762],[604750.8355,4116164.742],[604750.9655,4116165.372],[604751.0355,4116166.002],[604751.0455,4116166.642],[604750.9955,4116167.282],[604746.4255,4116168.602],[604746.2555,4116167.992],[604743.3855,4116168.782]]]}},{"type":"Feature","properties":{"id":"4964604XG0146S_part3","floors":7,"height":21.7,"heightSource":"Catastro:numberOfFloorsAboveGround"},"geometry":{"type":"Polygon","coordinates":[[[604746.4255,4116168.602],[604750.9955,4116167.282],[604751.0455,4116166.642],[604751.0355,4116166.002],[604750.9655,4116165.372],[604750.8355,4116164.742],[604750.4155,4116163.762],[604749.8155,4116162.892],[604745.2055,4116164.142],[604745.3755,4116164.782],[604746.2555,4116167.992],[604746.4255,4116168.602]]]}},{"type":"Feature","properties":{"id":"4964604XG0146S_part4","floors":1,"height":3.1,"heightSource":"Catastro:numberOfFloorsAboveGround"},"geometry":{"type":"Polygon","coordinates":[[[604742.5055,4116165.562],[604743.3855,4116168.782],[604746.2555,4116167.992],[604745.3755,4116164.782],[604742.5055,4116165.562]]]}},{"type":"Feature","properties":{"id":"4964604XG0146S_part5","floors":1,"height":3.1,"heightSource":"Catastro:numberOfFloorsAboveGround"},"geometry":{"type":"Polygon","coordinates":[[[604756.2455,4116164.702],[604755.3755,4116161.552],[604752.7055,4116162.272],[604753.5855,4116165.442],[604756.2455,4116164.702]]]}},{"type":"Feature","properties":{"id":"4964606XG0146S_part1","floors":5,"height":15.5,"heightSource":"Catastro:numberOfFloorsAboveGround"},"geometry":{"type":"Polygon","coordinates":[[[604730.0955,4116146.762],[604730.1955,4116147.142],[604734.0355,4116161.142],[604734.1555,4116161.602],[604738.1855,4116160.482],[604734.1255,4116145.652],[604730.0955,4116146.762]]]}},{"type":"Feature","properties":{"id":"4964606XG0146S_part2","floors":5,"height":15.5,"heightSource":"Catastro:numberOfFloorsAboveGround"},"geometry":{"type":"Polygon","coordinates":[[[604750.6455,4116141.122],[604754.7055,4116155.962],[604759.8155,4116154.572],[604759.7055,4116154.122],[604755.7255,4116139.742],[604750.6455,4116141.122]]]}},{"type":"Feature","properties":{"id":"4964606XG0146S_part3","floors":6,"height":18.6,"heightSource":"Catastro:numberOfFloorsAboveGround"},"geometry":{"type":"Polygon","coordinates":[[[604734.1255,4116145.652],[604738.1855,4116160.482],[604751.2455,4116156.902],[604754.7055,4116155.962],[604750.6455,4116141.122],[604741.2655,4116143.702],[604734.1255,4116145.652]],[[604738.2855,4116147.272],[604741.6255,4116146.362],[604742.6355,4116150.052],[604739.2055,4116151.002],[604738.2855,4116147.272]],[[604739.9255,4116153.512],[604743.2355,4116152.612],[604744.2155,4116156.162],[604740.8255,4116157.102],[604739.9255,4116153.512]]]}},{"type":"Feature","properties":{"id":"4964606XG0146S_part4","floors":1,"height":3.1,"heightSource":"Catastro:numberOfFloorsAboveGround"},"geometry":{"type":"Polygon","coordinates":[[[604742.6355,4116150.052],[604741.6255,4116146.362],[604738.2855,4116147.272],[604739.2055,4116151.002],[604742.6355,4116150.052]]]}},{"type":"Feature","properties":{"id":"4964606XG0146S_part5","floors":1,"height":3.1,"heightSource":"Catastro:numberOfFloorsAboveGround"},"geometry":{"type":"Polygon","coordinates":[[[604740.8255,4116157.102],[604744.2155,4116156.162],[604743.2355,4116152.612],[604739.9255,4116153.512],[604740.8255,4116157.102]]]}},{"type":"Feature","properties":{"id":"4964608XG0146S_part1","floors":1,"height":3.1,"heightSource":"Catastro:numberOfFloorsAboveGround"},"geometry":{"type":"Polygon","coordinates":[[[604738.9855,4116136.902],[604737.865,4116132.652],[604732.735,4116133.992],[604733.8555,4116138.252],[604738.9855,4116136.902]]]}},{"type":"Feature","properties":{"id":"4964608XG0146S_part3","floors":1,"height":3.1,"heightSource":"Catastro:numberOfFloorsAboveGround"},"geometry":{"type":"Polygon","coordinates":[[[604748.8655,4116135.772],[604747.9655,4116132.492],[604743.8355,4116133.612],[604744.7355,4116136.892],[604748.8655,4116135.772]]]}},{"type":"Feature","properties":{"id":"4964608XG0146S_part6","floors":4,"height":12.4,"heightSource":"Catastro:numberOfFloorsAboveGround"},"geometry":{"type":"Polygon","coordinates":[[[604729.0755,4116146.452],[604730.0955,4116146.762],[604723.847286912,4116124.0],[604722.9646264231,4116124.0],[604729.0755,4116146.452]]]}},{"type":"Feature","properties":{"id":"4964608XG0146S_part7","floors":4,"height":12.4,"heightSource":"Catastro:numberOfFloorsAboveGround"},"geometry":{"type":"Polygon","coordinates":[[[604755.7255,4116139.742],[604756.4355,4116139.212],[604752.2700939343,4116124.0],[604751.3801065615,4116124.0],[604755.7255,4116139.742]]]}},{"type":"Feature","properties":{"id":"4964608XG0146S_part8","floors":6,"height":18.6,"heightSource":"Catastro:numberOfFloorsAboveGround"},"geometry":{"type":"Polygon","coordinates":[[[604730.0955,4116146.762],[604734.1255,4116145.652],[604741.2655,4116143.702],[604739.8255,4116138.442],[604742.0155,4116137.832],[604738.705,4116125.762],[604736.195,4116126.472],[604735.5212406015,4116124.0],[604723.847286912,4116124.0],[604730.0955,4116146.762]],[[604733.8555,4116138.252],[604732.735,4116133.992],[604737.865,4116132.652],[604738.9855,4116136.902],[604733.8555,4116138.252]]]}},{"type":"Feature","properties":{"id":"4964608XG0146S_part9","floors":5,"height":15.5,"heightSource":"Catastro:numberOfFloorsAboveGround"},"geometry":{"type":"Polygon","coordinates":[[[604743.535,4116124.162],[604740.505,4116125.002],[604740.575,4116125.232],[604738.705,4116125.762],[604742.0155,4116137.832],[604739.8255,4116138.442],[604741.2655,4116143.702],[604750.6455,4116141.122],[604755.7255,4116139.742],[604751.3801065615,4116124.0],[604743.4906428572,4116124.0],[604743.535,4116124.162]],[[604744.7355,4116136.892],[604743.8355,4116133.612],[604747.9655,4116132.492],[604748.8655,4116135.772],[604744.7355,4116136.892]]]}},{"type":"Feature","properties":{"id":"4964608XG0146S_part10","floors":7,"height":21.7,"heightSource":"Catastro:numberOfFloorsAboveGround"},"geometry":{"type":"Polygon","coordinates":[[[604736.195,4116126.472],[604738.705,4116125.762],[604740.575,4116125.232],[604740.505,4116125.002],[604740.2241212724,4116124.0],[604735.5212406015,4116124.0],[604736.195,4116126.472]]]}},{"type":"Feature","properties":{"id":"4964611XG0146S_part1","floors":1,"height":3.1,"heightSource":"Catastro:numberOfFloorsAboveGround"},"geometry":{"type":"Polygon","coordinates":[[[604747.3655,4116180.542],[604748.206,4116183.642],[604751.096,4116182.852],[604752.976,4116182.342],[604752.456,4116180.462],[604752.116,4116179.232],[604750.2555,4116179.742],[604747.3655,4116180.542]]]}},{"type":"Feature","properties":{"id":"4964611XG0146S_part2","floors":5,"height":15.5,"heightSource":"Catastro:numberOfFloorsAboveGround"},"geometry":{"type":"Polygon","coordinates":[[[604752.936,4116193.872],[604749.556,4116194.802],[604749.336,4116194.042],[604747.806,4116194.462],[604748.206,4116195.792],[604753.106,4116194.452],[604752.936,4116193.872]]]}},{"type":"Feature","properties":{"id":"4964611XG0146S_part3","floors":2,"height":6.2,"heightSource":"Catastro:numberOfFloorsAboveGround"},"geometry":{"type":"Polygon","coordinates":[[[604749.8855,4116178.392],[604746.9955,4116179.192],[604747.3655,4116180.542],[604750.2555,4116179.742],[604749.8855,4116178.392]]]}},{"type":"Feature","properties":{"id":"4964611XG0146S_part4","floors":2,"height":6.2,"heightSource":"Catastro:numberOfFloorsAboveGround"},"geometry":{"type":"Polygon","coordinates":[[[604748.206,4116183.642],[604748.336,4116184.102],[604748.576,4116184.992],[604751.476,4116184.202],[604751.096,4116182.852],[604748.206,4116183.642]]]}},{"type":"Feature","properties":{"id":"4964611XG0146S_part5","floors":5,"height":15.5,"heightSource":"Catastro:numberOfFloorsAboveGround"},"geometry":{"type":"Polygon","coordinates":[[[604738.1755,4116176.272],[604738.2255,4116176.432],[604738.9755,4116179.162],[604743.066,4116194.102],[604743.856,4116196.992],[604748.206,4116195.792],[604747.806,4116194.462],[604749.336,4116194.042],[604749.556,4116194.802],[604752.936,4116193.872],[604753.106,4116194.452],[604756.026,4116193.642],[604756.076,4116193.632],[604754.536,4116188.052],[604752.976,4116182.342],[604751.096,4116182.852],[604751.476,4116184.202],[604748.576,4116184.992],[604748.336,4116184.102],[604744.476,4116185.232],[604743.4855,4116181.602],[604747.3655,4116180.542],[604746.9955,4116179.192],[604749.8855,4116178.392],[604750.2555,4116179.742],[604752.116,4116179.232],[604751.6655,4116177.572],[604750.3955,4116172.912],[604738.1755,4116176.272]]]}},{"type":"Feature","properties":{"id":"4964611XG0146S_part6","floors":6,"height":18.6,"heightSource":"Catastro:numberOfFloorsAboveGround"},"geometry":{"type":"Polygon","coordinates":[[[604743.4855,4116181.602],[604744.476,4116185.232],[604748.336,4116184.102],[604748.206,4116183.642],[604747.3655,4116180.542],[604743.4855,4116181.602]]]}},{"type":"Feature","properties":{"id":"4964611XG0146S_part7","floors":4,"height":12.4,"heightSource":"Catastro:numberOfFloorsAboveGround"},"geometry":{"type":"Polygon","coordinates":[[[604737.9055,4116179.462],[604739.246,4116184.362],[604739.696,4116184.232],[604740.376,4116186.742],[604739.886,4116186.872],[604741.946,4116194.402],[604743.066,4116194.102],[604738.9755,4116179.162],[604737.9055,4116179.462]]]}},{"type":"Feature","properties":{"id":"4964611XG0146S_part8","floors":4,"height":12.4,"heightSource":"Catastro:numberOfFloorsAboveGround"},"geometry":{"type":"Polygon","coordinates":[[[604743.856,4116196.992],[604744.166,4116198.042],[604748.516,4116196.842],[604748.406,4116196.472],[604748.206,4116195.792],[604743.856,4116196.992]]]}},{"type":"Feature","properties":{"id":"4964611XG0146S_part9","floors":4,"height":12.4,"heightSource":"Catastro:numberOfFloorsAboveGround"},"geometry":{"type":"Polygon","coordinates":[[[604753.106,4116194.452],[604753.406,4116195.472],[604755.546,4116194.882],[604756.026,4116193.642],[604753.106,4116194.452]]]}},{"type":"Feature","properties":{"id":"4964612XG0146S_part1","floors":5,"height":15.5,"heightSource":"Catastro:numberOfFloorsAboveGround"},"geometry":{"type":"Polygon","coordinates":[[[604761.5455,4116169.852],[604755.2655,4116171.572],[604753.6755,4116172.012],[604751.7455,4116172.542],[604750.3955,4116172.912],[604751.6655,4116177.572],[604752.116,4116179.232],[604752.456,4116180.462],[604752.976,4116182.342],[604754.536,4116188.052],[604757.696,4116187.172],[604757.826,4116187.132],[604761.396,4116186.162],[604765.686,4116184.992],[604766.9855,4116184.634],[604765.8435,4116180.4885],[604766.9005,4116180.1975],[604765.956,4116176.782],[604765.01,4116173.3565],[604763.9485,4116173.6495],[604762.805,4116169.5045],[604761.5455,4116169.852]],[[604757.7685,4116181.0285],[604754.965,4116181.797],[604753.9355,4116178.0395],[604756.746,4116177.278],[604757.518,4116177.7165],[604757.9595,4116176.949],[604757.3535,4116177.113],[604756.7425,4116174.8685],[604754.7725,4116175.402],[604754.511,4116174.437],[604758.3715,4116173.391],[604758.633,4116174.356],[604762.193,4116173.391],[604762.8015,4116175.637],[604762.2325,4116175.791],[604763.256,4116179.524],[604763.814,4116179.371],[604764.4225,4116181.618],[604760.8655,4116182.593],[604761.127,4116183.558],[604757.269,4116184.616],[604757.0075,4116183.6505],[604758.9865,4116183.108],[604758.375,4116180.862],[604758.981,4116180.696],[604758.2105,4116180.259],[604757.7685,4116181.0285]]]}},{"type":"Feature","properties":{"id":"4964612XG0146S_part2","floors":1,"height":3.1,"heightSource":"Catastro:numberOfFloorsAboveGround"},"geometry":{"type":"Polygon","coordinates":[[[604756.746,4116177.278],[604753.9355,4116178.0395],[604754.965,4116181.797],[604757.7685,4116181.0285],[604758.2105,4116180.259],[604757.518,4116177.7165],[604756.746,4116177.278]]]}},{"type":"Feature","properties":{"id":"4964612XG0146S_part3","floors":6,"height":18.6,"heightSource":"Catastro:numberOfFloorsAboveGround"},"geometry":{"type":"Polygon","coordinates":[[[604758.3715,4116173.391],[604754.511,4116174.437],[604754.7725,4116175.402],[604756.7425,4116174.8685],[604758.633,4116174.356],[604758.3715,4116173.391]]]}},{"type":"Feature","properties":{"id":"4964612XG0146S_part4","floors":5,"height":15.5,"heightSource":"Catastro:numberOfFloorsAboveGround"},"geometry":{"type":"Polygon","coordinates":[[[604756.7425,4116174.8685],[604757.3535,4116177.113],[604757.9595,4116176.949],[604762.2325,4116175.791],[604762.8015,4116175.637],[604762.193,4116173.391],[604758.633,4116174.356],[604756.7425,4116174.8685]]]}},{"type":"Feature","properties":{"id":"4964612XG0146S_part5","floors":6,"height":18.6,"heightSource":"Catastro:numberOfFloorsAboveGround"},"geometry":{"type":"Polygon","coordinates":[[[604757.0075,4116183.6505],[604757.269,4116184.616],[604761.127,4116183.558],[604760.8655,4116182.593],[604758.9865,4116183.108],[604757.0075,4116183.6505]]]}},{"type":"Feature","properties":{"id":"4964612XG0146S_part6","floors":6,"height":18.6,"heightSource":"Catastro:numberOfFloorsAboveGround"},"geometry":{"type":"Polygon","coordinates":[[[604757.518,4116177.7165],[604758.2105,4116180.259],[604758.981,4116180.696],[604763.256,4116179.524],[604762.2325,4116175.791],[604757.9595,4116176.949],[604757.518,4116177.7165]]]}},{"type":"Feature","properties":{"id":"4964612XG0146S_part7","floors":5,"height":15.5,"heightSource":"Catastro:numberOfFloorsAboveGround"},"geometry":{"type":"Polygon","coordinates":[[[604758.375,4116180.862],[604758.9865,4116183.108],[604760.8655,4116182.593],[604764.4225,4116181.618],[604763.814,4116179.371],[604763.256,4116179.524],[604758.981,4116180.696],[604758.375,4116180.862]]]}},{"type":"Feature","properties":{"id":"4964612XG0146S_part8","floors":5,"height":15.5,"heightSource":"Catastro:numberOfFloorsAboveGround"},"geometry":{"type":"Polygon","coordinates":[[[604763.8655,4116169.212],[604762.805,4116169.5045],[604763.9485,4116173.6495],[604765.01,4116173.3565],[604764.025,4116169.79],[604763.8655,4116169.212]]]}},{"type":"Feature","properties":{"id":"4964612XG0146S_part9","floors":4,"height":12.4,"heightSource":"Catastro:numberOfFloorsAboveGround"},"geometry":{"type":"Polygon","coordinates":[[[604764.987,4116169.5245],[604764.025,4116169.79],[604765.01,4116173.3565],[604765.973,4116173.091],[604764.987,4116169.5245]]]}},{"type":"Feature","properties":{"id":"4964612XG0146S_part10","floors":4,"height":12.4,"heightSource":"Catastro:numberOfFloorsAboveGround"},"geometry":{"type":"Polygon","coordinates":[[[604765.01,4116173.3565],[604765.956,4116176.782],[604766.9005,4116180.1975],[604767.864,4116179.932],[604765.973,4116173.091],[604765.01,4116173.3565]]]}},{"type":"Feature","properties":{"id":"4964612XG0146S_part11","floors":5,"height":15.5,"heightSource":"Catastro:numberOfFloorsAboveGround"},"geometry":{"type":"Polygon","coordinates":[[[604765.8435,4116180.4885],[604766.9855,4116184.634],[604768.046,4116184.342],[604767.8865,4116183.7645],[604766.9005,4116180.1975],[604765.8435,4116180.4885]]]}},{"type":"Feature","properties":{"id":"4964612XG0146S_part12","floors":4,"height":12.4,"heightSource":"Catastro:numberOfFloorsAboveGround"},"geometry":{"type":"Polygon","coordinates":[[[604766.9005,4116180.1975],[604767.8865,4116183.7645],[604768.85,4116183.498],[604767.864,4116179.932],[604766.9005,4116180.1975]]]}},{"type":"Feature","properties":{"id":"4965202XG0146N_part1","floors":1,"height":3.1,"heightSource":"Catastro:numberOfFloorsAboveGround"},"geometry":{"type":"Polygon","coordinates":[[[604778.097,4116279.7015],[604766.137,4116283.6715],[604761.727,4116285.3115],[604762.527,4116292.5715],[604762.657,4116293.7715],[604764.007,4116293.7015],[604764.637,4116298.4915],[604768.417,4116298.1915],[604768.357,4116297.7915],[604772.097,4116296.8415],[604770.947,4116292.5715],[604770.907,4116292.4315],[604789.357,4116287.7515],[604785.457,4116277.8615],[604778.097,4116279.7015]]]}},{"type":"Feature","properties":{"id":"4965301XG0146N_part1","floors":1,"height":3.1,"heightSource":"Catastro:numberOfFloorsAboveGround"},"geometry":{"type":"Polygon","coordinates":[[[604800.3775,4116315.6815],[604771.677,4116323.8315],[604770.047,4116324.4015],[604780.088,4116390.9115],[604811.978,4116385.9315],[604811.1935,4116380.822],[604826.533,4116378.4665],[604825.0245,4116368.6455],[604820.5195,4116357.458],[604817.8075,4116350.742],[604805.27,4116320.067],[604801.943,4116320.578],[604801.1575,4116315.4615],[604800.3775,4116315.6815]]]}},{"type":"Feature","properties":{"id":"4965301XG0146N_part2","floors":1,"height":3.1,"heightSource":"Catastro:numberOfFloorsAboveGround"},"geometry":{"type":"Polygon","coordinates":[[[604808.1545,4116314.3425],[604802.282,4116315.734],[604802.8405,4116318.0905],[604808.713,4116316.699],[604808.1545,4116314.3425]]]}},{"type":"Feature","properties":{"id":"4965301XG0146N_part3","floors":1,"height":3.1,"heightSource":"Catastro:numberOfFloorsAboveGround"},"geometry":{"type":"Polygon","coordinates":[[[604825.746,4116355.3585],[604823.046,4116348.638],[604817.8075,4116350.742],[604820.5195,4116357.458],[604825.746,4116355.3585]]]}},{"type":"Feature","properties":{"id":"4965601XG0146N_part1","floors":3,"height":9.3,"heightSource":"Catastro:numberOfFloorsAboveGround"},"geometry":{"type":"Polygon","coordinates":[[[604878.918,4116375.9415],[604874.968,4116377.0215],[604875.498,4116378.9515],[604873.958,4116379.3815],[604873.428,4116377.4515],[604869.478,4116378.5415],[604870.008,4116380.4715],[604868.468,4116380.8915],[604867.928,4116378.9615],[604863.978,4116380.0515],[604864.508,4116381.9815],[604862.968,4116382.4115],[604862.438,4116380.4815],[604858.488,4116381.5715],[604859.018,4116383.5015],[604857.478,4116383.9215],[604857.778,4116385.0415],[604859.758,4116391.8615],[604862.238,4116391.1415],[604861.678,4116389.2215],[604864.618,4116388.4015],[604865.138,4116390.3015],[604868.118,4116389.4315],[604867.558,4116387.5115],[604870.498,4116386.6915],[604871.018,4116388.5915],[604873.598,4116387.8415],[604873.038,4116385.9215],[604875.978,4116385.1015],[604876.498,4116387.0015],[604878.658,4116386.3815],[604878.098,4116384.4515],[604881.038,4116383.6315],[604881.558,4116385.5315],[604882.208,4116387.7815],[604885.538,4116386.9615],[604888.458,4116385.1415],[604888.468,4116385.1315],[604891.318,4116383.2215],[604893.258,4116381.0515],[604895.158,4116382.9615],[604897.638,4116380.0815],[604901.268,4116372.8915],[604902.418,4116365.3915],[604902.098,4116360.5715],[604903.378,4116360.1915],[604902.368,4116356.8615],[604900.868,4116357.3115],[604900.128,4116354.8615],[604901.628,4116354.4115],[604900.628,4116351.0815],[604899.088,4116351.5515],[604898.368,4116349.1715],[604899.908,4116348.7015],[604898.908,4116345.3715],[604897.358,4116345.8415],[604896.638,4116343.4615],[604898.188,4116342.9915],[604897.178,4116339.6615],[604895.628,4116340.1315],[604894.978,4116337.9915],[604896.538,4116337.5215],[604895.528,4116334.1915],[604893.968,4116334.6615],[604893.3075,4116332.4915],[604889.9875,4116333.4015],[604888.4675,4116333.8215],[604884.8475,4116334.8215],[604886.098,4116338.9515],[604888.118,4116338.3415],[604888.468,4116339.5215],[604888.588,4116339.9215],[604888.468,4116339.9615],[604886.588,4116340.5215],[604887.758,4116344.4115],[604888.468,4116344.2015],[604889.778,4116343.8015],[604890.258,4116345.3815],[604888.468,4116345.9215],[604888.238,4116345.9915],[604888.468,4116346.7515],[604889.488,4116350.1215],[604891.508,4116349.5115],[604891.988,4116351.0915],[604889.968,4116351.7015],[604891.218,4116355.8315],[604893.238,4116355.2215],[604893.708,4116356.8015],[604891.728,4116357.4015],[604892.998,4116361.6015],[604895.018,4116360.9915],[604895.488,4116362.5715],[604891.158,4116363.9415],[604891.728,4116366.1915],[604891.718,4116368.5515],[604891.428,4116370.6715],[604890.448,4116372.9815],[604889.928,4116375.0715],[604888.468,4116376.8815],[604888.298,4116377.0915],[604886.968,4116375.9515],[604885.568,4116377.5515],[604882.168,4116379.6415],[604880.088,4116380.1715],[604879.718,4116378.8115],[604878.918,4116375.9415]]]}},{"type":"Feature","properties":{"id":"4965601XG0146N_part2","floors":3,"height":9.3,"heightSource":"Catastro:numberOfFloorsAboveGround"},"geometry":{"type":"Polygon","coordinates":[[[604875.0575,4116292.5115],[604875.0775,4116292.5715],[604876.4975,4116297.4515],[604875.9875,4116297.6015],[604884.5875,4116327.2315],[604885.1075,4116327.0815],[604885.5275,4116328.5215],[604888.4075,4116327.6815],[604887.8375,4116325.7415],[604888.1175,4116325.6615],[604886.9075,4116321.6015],[604886.6275,4116321.6815],[604886.0275,4116319.6715],[604886.3075,4116319.5815],[604885.1675,4116315.7515],[604884.8775,4116315.8415],[604884.2775,4116313.8215],[604884.5675,4116313.7415],[604883.4275,4116309.9015],[604883.1375,4116309.9915],[604882.5375,4116307.9815],[604882.8275,4116307.8915],[604881.6875,4116304.0615],[604881.3975,4116304.1415],[604880.7975,4116302.1315],[604881.0875,4116302.0415],[604879.9475,4116298.2115],[604879.6575,4116298.3015],[604879.0575,4116296.2815],[604879.3475,4116296.2015],[604878.2675,4116292.5715],[604877.9975,4116291.6615],[604875.5575,4116292.3615],[604875.0575,4116292.5115]]]}},{"type":"Feature","properties":{"id":"4965601XG0146N_part3","floors":3,"height":9.3,"heightSource":"Catastro:numberOfFloorsAboveGround"},"geometry":{"type":"Polygon","coordinates":[[[604887.5075,4116293.2515],[604888.2875,4116295.7315],[604888.4675,4116295.6815],[604890.1975,4116295.1615],[604891.1975,4116298.5115],[604889.2475,4116299.0915],[604890.0275,4116301.5715],[604891.9375,4116301.0015],[604892.9375,4116304.3615],[604890.9875,4116304.9415],[604891.6675,4116307.0715],[604893.5475,4116306.4515],[604893.4775,4116306.2215],[604896.8375,4116305.2415],[604893.1675,4116292.5715],[604891.7475,4116287.6715],[604888.4675,4116288.6215],[604888.2675,4116288.6815],[604888.4675,4116289.3515],[604889.4275,4116292.5715],[604889.4575,4116292.6615],[604888.4675,4116292.9615],[604887.5075,4116293.2515]]]}},{"type":"Feature","properties":{"id":"4965601XG0146N_part4","floors":3,"height":9.3,"heightSource":"Catastro:numberOfFloorsAboveGround"},"geometry":{"type":"Polygon","coordinates":[[[604892.7275,4116310.7915],[604893.5675,4116313.5015],[604895.4875,4116312.9315],[604894.6675,4116310.2115],[604892.7275,4116310.7915]]]}},{"type":"Feature","properties":{"id":"4965601XG0146N_part5","floors":3,"height":9.3,"heightSource":"Catastro:numberOfFloorsAboveGround"},"geometry":{"type":"Polygon","coordinates":[[[604894.4775,4116316.6315],[604895.3175,4116319.3415],[604897.2275,4116318.7715],[604896.4175,4116316.0515],[604894.4775,4116316.6315]]]}},{"type":"Feature","properties":{"id":"4965601XG0146N_part6","floors":3,"height":9.3,"heightSource":"Catastro:numberOfFloorsAboveGround"},"geometry":{"type":"Polygon","coordinates":[[[604896.2175,4116322.4615],[604897.0575,4116325.1715],[604898.9775,4116324.6215],[604898.1575,4116321.8815],[604896.2175,4116322.4615]]]}},{"type":"Feature","properties":{"id":"4965601XG0146N_part7","floors":2,"height":6.2,"heightSource":"Catastro:numberOfFloorsAboveGround"},"geometry":{"type":"Polygon","coordinates":[[[604859.618,4116346.3715],[604862.808,4116357.5415],[604880.888,4116352.3815],[604877.698,4116341.2015],[604874.438,4116342.1315],[604874.848,4116343.5715],[604873.588,4116343.9415],[604872.148,4116344.3515],[604871.738,4116342.9115],[604865.578,4116344.6615],[604865.988,4116346.1015],[604864.548,4116346.5215],[604863.108,4116346.9315],[604862.698,4116345.4915],[604859.618,4116346.3715]]]}},{"type":"Feature","properties":{"id":"4965601XG0146N_part8","floors":2,"height":6.2,"heightSource":"Catastro:numberOfFloorsAboveGround"},"geometry":{"type":"Polygon","coordinates":[[[604862.698,4116345.4915],[604863.108,4116346.9315],[604864.548,4116346.5215],[604865.988,4116346.1015],[604865.578,4116344.6615],[604862.698,4116345.4915]]]}},{"type":"Feature","properties":{"id":"4965601XG0146N_part9","floors":2,"height":6.2,"heightSource":"Catastro:numberOfFloorsAboveGround"},"geometry":{"type":"Polygon","coordinates":[[[604862.808,4116357.5415],[604863.248,4116359.0615],[604865.748,4116358.3415],[604881.318,4116353.9015],[604880.888,4116352.3815],[604862.808,4116357.5415]]]}},{"type":"Feature","properties":{"id":"4965601XG0146N_part10","floors":2,"height":6.2,"heightSource":"Catastro:numberOfFloorsAboveGround"},"geometry":{"type":"Polygon","coordinates":[[[604871.738,4116342.9115],[604872.148,4116344.3515],[604873.588,4116343.9415],[604874.848,4116343.5715],[604874.438,4116342.1315],[604871.738,4116342.9115]]]}},{"type":"Feature","properties":{"id":"4965601XG0146N_part11","floors":1,"height":3.1,"heightSource":"Catastro:numberOfFloorsAboveGround"},"geometry":{"type":"Polygon","coordinates":[[[604892.3875,4116329.0715],[604889.0275,4116330.0415],[604889.9875,4116333.4015],[604893.3075,4116332.4915],[604894.8875,4116332.0515],[604900.6475,4116330.3815],[604898.9775,4116324.6215],[604897.0575,4116325.1715],[604891.7075,4116326.7315],[604892.3875,4116329.0715]]]}},{"type":"Feature","properties":{"id":"4965601XG0146N_part12","floors":3,"height":9.3,"heightSource":"Catastro:numberOfFloorsAboveGround"},"geometry":{"type":"Polygon","coordinates":[[[604843.1875,4116342.0815],[604844.2875,4116345.9315],[604843.9975,4116346.0115],[604844.5775,4116348.0315],[604844.8575,4116347.9515],[604845.958,4116351.7915],[604845.668,4116351.8715],[604846.248,4116353.8915],[604846.538,4116353.8115],[604847.638,4116357.6615],[604847.348,4116357.7415],[604847.928,4116359.7615],[604848.208,4116359.6815],[604849.308,4116363.5215],[604849.018,4116363.6015],[604849.598,4116365.6215],[604849.888,4116365.5415],[604850.988,4116369.3915],[604850.698,4116369.4715],[604851.278,4116371.4915],[604851.558,4116371.4115],[604852.658,4116375.2515],[604852.368,4116375.3415],[604852.948,4116377.3515],[604861.598,4116374.8815],[604860.798,4116372.0615],[604862.718,4116371.5115],[604861.848,4116368.4715],[604859.928,4116369.0215],[604859.118,4116366.1915],[604861.048,4116365.6415],[604860.178,4116362.6015],[604858.248,4116363.1515],[604857.448,4116360.3315],[604859.368,4116359.7815],[604858.498,4116356.7415],[604856.578,4116357.2915],[604855.768,4116354.4615],[604857.698,4116353.9115],[604856.828,4116350.8715],[604854.898,4116351.4215],[604854.098,4116348.5915],[604856.018,4116348.0515],[604855.1475,4116345.0115],[604853.2275,4116345.5615],[604852.4175,4116342.7315],[604854.3375,4116342.1815],[604853.5375,4116339.3615],[604852.6175,4116339.6315],[604852.5775,4116339.4915],[604843.1875,4116342.0815]]]}},{"type":"Feature","properties":{"id":"4965601XG0146N_part13","floors":3,"height":9.3,"heightSource":"Catastro:numberOfFloorsAboveGround"},"geometry":{"type":"Polygon","coordinates":[[[604854.498,4116382.7015],[604855.378,4116385.7415],[604857.778,4116385.0415],[604857.478,4116383.9215],[604856.938,4116381.9915],[604854.498,4116382.7015]]]}},{"type":"Feature","properties":{"id":"4965601XG0146N_part14","floors":3,"height":9.3,"heightSource":"Catastro:numberOfFloorsAboveGround"},"geometry":{"type":"Polygon","coordinates":[[[604863.248,4116359.0615],[604863.938,4116361.5115],[604866.438,4116360.7815],[604865.748,4116358.3415],[604863.248,4116359.0615]]]}},{"type":"Feature","properties":{"id":"4965601XG0146N_part15","floors":3,"height":9.3,"heightSource":"Catastro:numberOfFloorsAboveGround"},"geometry":{"type":"Polygon","coordinates":[[[604860.4775,4116296.7415],[604861.2075,4116299.2315],[604862.1575,4116302.5015],[604862.8775,4116304.9915],[604863.8275,4116308.2615],[604864.5475,4116310.7615],[604865.4975,4116314.0215],[604866.2175,4116316.5215],[604867.1675,4116319.7915],[604867.8875,4116322.2815],[604868.8375,4116325.5515],[604869.5675,4116328.0415],[604870.5175,4116331.3115],[604879.8275,4116328.6115],[604869.7975,4116294.0415],[604860.4775,4116296.7415]]]}},{"type":"Feature","properties":{"id":"4965601XG0146N_part16","floors":3,"height":9.3,"heightSource":"Catastro:numberOfFloorsAboveGround"},"geometry":{"type":"Polygon","coordinates":[[[604839.0475,4116302.7615],[604828.7375,4116305.6115],[604829.8775,4116309.4415],[604829.5875,4116309.5315],[604830.1875,4116311.5415],[604830.4775,4116311.4515],[604831.6175,4116315.2915],[604831.3275,4116315.3715],[604831.9275,4116317.3915],[604832.2175,4116317.3015],[604833.3575,4116321.1315],[604833.0675,4116321.2215],[604833.6675,4116323.2315],[604833.9575,4116323.1515],[604835.0975,4116326.9815],[604834.8175,4116327.0715],[604835.4075,4116329.0815],[604835.6975,4116328.9915],[604836.8375,4116332.8315],[604836.5575,4116332.9115],[604837.1575,4116334.9215],[604837.4375,4116334.8415],[604838.6475,4116338.9015],[604838.3675,4116338.9915],[604838.9675,4116341.0015],[604847.5875,4116338.4315],[604846.7575,4116335.6915],[604848.6675,4116335.0315],[604847.8375,4116332.2415],[604845.9275,4116332.8115],[604845.0075,4116329.8715],[604846.9575,4116329.2915],[604846.0975,4116326.4015],[604844.1775,4116326.9715],[604843.2575,4116324.0315],[604845.2075,4116323.4515],[604844.3575,4116320.5515],[604842.4375,4116321.1215],[604841.5175,4116318.1815],[604843.4675,4116317.6015],[604842.6075,4116314.7015],[604840.6975,4116315.2715],[604839.7775,4116312.3315],[604841.7275,4116311.7515],[604840.8675,4116308.8615],[604838.9575,4116309.4315],[604838.0375,4116306.4915],[604839.9875,4116305.9115],[604839.0475,4116302.7615]]]}},{"type":"Feature","properties":{"id":"4965601XG0146N_part17","floors":3,"height":9.3,"heightSource":"Catastro:numberOfFloorsAboveGround"},"geometry":{"type":"Polygon","coordinates":[[[604838.5975,4116343.3415],[604839.5875,4116346.7415],[604842.9475,4116345.7715],[604842.0175,4116342.4015],[604838.5975,4116343.3415]]]}},{"type":"Feature","properties":{"id":"4965601XG0146N_part18","floors":3,"height":9.3,"heightSource":"Catastro:numberOfFloorsAboveGround"},"geometry":{"type":"Polygon","coordinates":[[[604893.3075,4116332.4915],[604893.968,4116334.6615],[604895.528,4116334.1915],[604894.8875,4116332.0515],[604893.3075,4116332.4915]]]}},{"type":"Feature","properties":{"id":"4965601XG0146N_part19","floors":3,"height":9.3,"heightSource":"Catastro:numberOfFloorsAboveGround"},"geometry":{"type":"Polygon","coordinates":[[[604894.978,4116337.9915],[604895.628,4116340.1315],[604897.178,4116339.6615],[604896.538,4116337.5215],[604894.978,4116337.9915]]]}},{"type":"Feature","properties":{"id":"4965601XG0146N_part20","floors":3,"height":9.3,"heightSource":"Catastro:numberOfFloorsAboveGround"},"geometry":{"type":"Polygon","coordinates":[[[604896.638,4116343.4615],[604897.358,4116345.8415],[604898.908,4116345.3715],[604898.188,4116342.9915],[604896.638,4116343.4615]]]}},{"type":"Feature","properties":{"id":"4965601XG0146N_part21","floors":3,"height":9.3,"heightSource":"Catastro:numberOfFloorsAboveGround"},"geometry":{"type":"Polygon","coordinates":[[[604898.368,4116349.1715],[604899.088,4116351.5515],[604900.628,4116351.0815],[604899.908,4116348.7015],[604898.368,4116349.1715]]]}},{"type":"Feature","properties":{"id":"4965601XG0146N_part22","floors":3,"height":9.3,"heightSource":"Catastro:numberOfFloorsAboveGround"},"geometry":{"type":"Polygon","coordinates":[[[604900.128,4116354.8615],[604900.868,4116357.3115],[604902.368,4116356.8615],[604901.628,4116354.4115],[604900.128,4116354.8615]]]}},{"type":"Feature","properties":{"id":"4965601XG0146N_part23","floors":3,"height":9.3,"heightSource":"Catastro:numberOfFloorsAboveGround"},"geometry":{"type":"Polygon","coordinates":[[[604823.8875,4116306.9915],[604824.5875,4116309.3915],[604827.9475,4116308.4215],[604827.2475,4116306.0215],[604823.8875,4116306.9915]]]}},{"type":"Feature","properties":{"id":"4965601XG0146N_part24","floors":3,"height":9.3,"heightSource":"Catastro:numberOfFloorsAboveGround"},"geometry":{"type":"Polygon","coordinates":[[[604852.3175,4116299.1115],[604848.1075,4116300.2715],[604848.7875,4116302.7415],[604853.0175,4116301.5115],[604852.3175,4116299.1115]]]}},{"type":"Feature","properties":{"id":"4965601XG0146N_part25","floors":3,"height":9.3,"heightSource":"Catastro:numberOfFloorsAboveGround"},"geometry":{"type":"Polygon","coordinates":[[[604845.4075,4116305.4215],[604847.6775,4116313.2615],[604849.7775,4116312.6615],[604850.3375,4116314.5815],[604858.2075,4116312.2915],[604857.6475,4116310.3715],[604859.5875,4116309.8115],[604857.3175,4116301.9615],[604845.4075,4116305.4215]]]}},{"type":"Feature","properties":{"id":"4965601XG0146N_part26","floors":3,"height":9.3,"heightSource":"Catastro:numberOfFloorsAboveGround"},"geometry":{"type":"Polygon","coordinates":[[[604877.9975,4116291.6615],[604878.2675,4116292.5715],[604879.3475,4116296.2015],[604879.0575,4116296.2815],[604879.6575,4116298.3015],[604879.9475,4116298.2115],[604881.0875,4116302.0415],[604880.7975,4116302.1315],[604881.3975,4116304.1415],[604881.6875,4116304.0615],[604882.8275,4116307.8915],[604882.5375,4116307.9815],[604883.1375,4116309.9915],[604883.4275,4116309.9015],[604884.5675,4116313.7415],[604884.2775,4116313.8215],[604884.8775,4116315.8415],[604885.1675,4116315.7515],[604886.3075,4116319.5815],[604886.0275,4116319.6715],[604886.6275,4116321.6815],[604886.9075,4116321.6015],[604888.1175,4116325.6615],[604887.8375,4116325.7415],[604888.4075,4116327.6815],[604888.4675,4116327.6615],[604891.7075,4116326.7315],[604897.0575,4116325.1715],[604896.2175,4116322.4615],[604898.1575,4116321.8815],[604897.2275,4116318.7715],[604895.3175,4116319.3415],[604894.4775,4116316.6315],[604896.4175,4116316.0515],[604895.4875,4116312.9315],[604893.5675,4116313.5015],[604892.7275,4116310.7915],[604894.6675,4116310.2115],[604893.5475,4116306.4515],[604891.6675,4116307.0715],[604890.9875,4116304.9415],[604892.9375,4116304.3615],[604891.9375,4116301.0015],[604890.0275,4116301.5715],[604889.2475,4116299.0915],[604891.1975,4116298.5115],[604890.1975,4116295.1615],[604888.4675,4116295.6815],[604888.2875,4116295.7315],[604887.5075,4116293.2515],[604888.4675,4116292.9615],[604889.4575,4116292.6615],[604889.4275,4116292.5715],[604888.4675,4116289.3515],[604888.2675,4116288.6815],[604877.9975,4116291.6615]]]}},{"type":"Feature","properties":{"id":"4965601XG0146N_part27","floors":3,"height":9.3,"heightSource":"Catastro:numberOfFloorsAboveGround"},"geometry":{"type":"Polygon","coordinates":[[[604864.618,4116388.4015],[604861.678,4116389.2215],[604862.238,4116391.1415],[604865.138,4116390.3015],[604864.618,4116388.4015]]]}},{"type":"Feature","properties":{"id":"4965601XG0146N_part28","floors":3,"height":9.3,"heightSource":"Catastro:numberOfFloorsAboveGround"},"geometry":{"type":"Polygon","coordinates":[[[604870.498,4116386.6915],[604867.558,4116387.5115],[604868.118,4116389.4315],[604871.018,4116388.5915],[604870.498,4116386.6915]]]}},{"type":"Feature","properties":{"id":"4965601XG0146N_part29","floors":3,"height":9.3,"heightSource":"Catastro:numberOfFloorsAboveGround"},"geometry":{"type":"Polygon","coordinates":[[[604875.978,4116385.1015],[604873.038,4116385.9215],[604873.598,4116387.8415],[604876.498,4116387.0015],[604875.978,4116385.1015]]]}},{"type":"Feature","properties":{"id":"4965601XG0146N_part30","floors":3,"height":9.3,"heightSource":"Catastro:numberOfFloorsAboveGround"},"geometry":{"type":"Polygon","coordinates":[[[604881.038,4116383.6315],[604878.098,4116384.4515],[604878.658,4116386.3815],[604881.558,4116385.5315],[604881.038,4116383.6315]]]}},{"type":"Feature","properties":{"id":"4965601XG0146N_part31","floors":3,"height":9.3,"heightSource":"Catastro:numberOfFloorsAboveGround"},"geometry":{"type":"Polygon","coordinates":[[[604879.8275,4116328.6115],[604880.6675,4116331.4915],[604883.6975,4116330.6515],[604884.8475,4116334.8215],[604888.4675,4116333.8215],[604889.9875,4116333.4015],[604889.0275,4116330.0415],[604888.4675,4116327.9115],[604888.4075,4116327.6815],[604885.5275,4116328.5215],[604885.1075,4116327.0815],[604884.5875,4116327.2315],[604881.3075,4116328.1815],[604879.8275,4116328.6115]]]}},{"type":"Feature","properties":{"id":"4965601XG0146N_part32","floors":3,"height":9.3,"heightSource":"Catastro:numberOfFloorsAboveGround"},"geometry":{"type":"Polygon","coordinates":[[[604879.558,4116374.4715],[604856.608,4116380.7915],[604856.938,4116381.9915],[604857.478,4116383.9215],[604859.018,4116383.5015],[604858.488,4116381.5715],[604862.438,4116380.4815],[604862.968,4116382.4115],[604864.508,4116381.9815],[604863.978,4116380.0515],[604867.928,4116378.9615],[604868.468,4116380.8915],[604870.008,4116380.4715],[604869.478,4116378.5415],[604873.428,4116377.4515],[604873.958,4116379.3815],[604875.498,4116378.9515],[604874.968,4116377.0215],[604878.918,4116375.9415],[604879.718,4116378.8115],[604880.868,4116378.3315],[604879.558,4116374.4715]]]}},{"type":"Feature","properties":{"id":"4965601XG0146N_part33","floors":3,"height":9.3,"heightSource":"Catastro:numberOfFloorsAboveGround"},"geometry":{"type":"Polygon","coordinates":[[[604879.718,4116378.8115],[604880.088,4116380.1715],[604882.168,4116379.6415],[604885.568,4116377.5515],[604886.968,4116375.9515],[604888.298,4116377.0915],[604888.468,4116376.8815],[604889.928,4116375.0715],[604890.448,4116372.9815],[604891.428,4116370.6715],[604891.718,4116368.5515],[604891.728,4116366.1915],[604891.158,4116363.9415],[604889.998,4116364.3715],[604890.598,4116366.3415],[604890.368,4116370.1615],[604889.588,4116372.2415],[604888.718,4116373.5915],[604888.468,4116373.4515],[604887.578,4116372.9715],[604886.258,4116374.6415],[604883.358,4116376.8715],[604880.868,4116378.3315],[604879.718,4116378.8115]]]}},{"type":"Feature","properties":{"id":"4965601XG0146N_part34","floors":3,"height":9.3,"heightSource":"Catastro:numberOfFloorsAboveGround"},"geometry":{"type":"Polygon","coordinates":[[[604870.9675,4116333.8715],[604869.7775,4116334.6515],[604870.6375,4116337.5215],[604876.1875,4116335.9115],[604881.4975,4116334.3715],[604880.6675,4116331.4915],[604879.8275,4116328.6115],[604870.5175,4116331.3115],[604870.9675,4116333.8715]]]}},{"type":"Feature","properties":{"id":"4965601XG0146N_part35","floors":3,"height":9.3,"heightSource":"Catastro:numberOfFloorsAboveGround"},"geometry":{"type":"Polygon","coordinates":[[[604883.5175,4116335.1815],[604888.468,4116351.4915],[604891.658,4116362.0015],[604888.878,4116362.8415],[604889.398,4116364.5915],[604889.998,4116364.3715],[604891.158,4116363.9415],[604895.488,4116362.5715],[604895.018,4116360.9915],[604892.998,4116361.6015],[604891.728,4116357.4015],[604893.708,4116356.8015],[604893.238,4116355.2215],[604891.218,4116355.8315],[604889.968,4116351.7015],[604891.988,4116351.0915],[604891.508,4116349.5115],[604889.488,4116350.1215],[604888.468,4116346.7515],[604888.238,4116345.9915],[604888.468,4116345.9215],[604890.258,4116345.3815],[604889.778,4116343.8015],[604888.468,4116344.2015],[604887.758,4116344.4115],[604886.588,4116340.5215],[604888.468,4116339.9615],[604888.588,4116339.9215],[604888.468,4116339.5215],[604888.118,4116338.3415],[604886.098,4116338.9515],[604884.8475,4116334.8215],[604883.5175,4116335.1815]]]}},{"type":"Feature","properties":{"id":"4965601XG0146N_part36","floors":3,"height":9.3,"heightSource":"Catastro:numberOfFloorsAboveGround"},"geometry":{"type":"Polygon","coordinates":[[[604888.458,4116385.1415],[604885.538,4116386.9615],[604882.208,4116387.7815],[604882.8185,4116389.8515],[604885.6885,4116388.9315],[604888.4685,4116387.4915],[604892.4085,4116385.4515],[604895.158,4116382.9615],[604893.258,4116381.0515],[604891.318,4116383.2215],[604888.468,4116385.1315],[604888.458,4116385.1415]]]}},{"type":"Feature","properties":{"id":"4965601XG0146N_part37","floors":3,"height":9.3,"heightSource":"Catastro:numberOfFloorsAboveGround"},"geometry":{"type":"Polygon","coordinates":[[[604888.4075,4116327.6815],[604888.4675,4116327.9115],[604889.0275,4116330.0415],[604892.3875,4116329.0715],[604891.7075,4116326.7315],[604888.4675,4116327.6615],[604888.4075,4116327.6815]]]}},{"type":"Feature","properties":{"id":"4965601XG0146N_part38","floors":3,"height":9.3,"heightSource":"Catastro:numberOfFloorsAboveGround"},"geometry":{"type":"Polygon","coordinates":[[[604868.9075,4116331.7815],[604869.7775,4116334.6515],[604870.9675,4116333.8715],[604870.5175,4116331.3115],[604868.9075,4116331.7815]]]}},{"type":"Feature","properties":{"id":"4965601XG0146N_part39","floors":3,"height":9.3,"heightSource":"Catastro:numberOfFloorsAboveGround"},"geometry":{"type":"Polygon","coordinates":[[[604849.7775,4116312.6615],[604847.6775,4116313.2615],[604848.2375,4116315.1815],[604850.3375,4116314.5815],[604849.7775,4116312.6615]]]}},{"type":"Feature","properties":{"id":"4965601XG0146N_part40","floors":3,"height":9.3,"heightSource":"Catastro:numberOfFloorsAboveGround"},"geometry":{"type":"Polygon","coordinates":[[[604902.098,4116360.5715],[604902.418,4116365.3915],[604901.268,4116372.8915],[604897.638,4116380.0815],[604895.158,4116382.9615],[604896.2185,4116383.7915],[604898.728,4116380.7915],[604902.518,4116373.2915],[604903.728,4116365.4515],[604903.378,4116360.1915],[604902.098,4116360.5715]]]}},{"type":"Feature","properties":{"id":"4965601XG0146N_part41","floors":3,"height":9.3,"heightSource":"Catastro:numberOfFloorsAboveGround"},"geometry":{"type":"Polygon","coordinates":[[[604827.2475,4116306.0215],[604827.9475,4116308.4215],[604837.5175,4116341.4115],[604837.9975,4116341.2715],[604838.9675,4116341.0015],[604838.3675,4116338.9915],[604838.6475,4116338.9015],[604837.4375,4116334.8415],[604837.1575,4116334.9215],[604836.5575,4116332.9115],[604836.8375,4116332.8315],[604835.6975,4116328.9915],[604835.4075,4116329.0815],[604834.8175,4116327.0715],[604835.0975,4116326.9815],[604833.9575,4116323.1515],[604833.6675,4116323.2315],[604833.0675,4116321.2215],[604833.3575,4116321.1315],[604832.2175,4116317.3015],[604831.9275,4116317.3915],[604831.3275,4116315.3715],[604831.6175,4116315.2915],[604830.4775,4116311.4515],[604830.1875,4116311.5415],[604829.5875,4116309.5315],[604829.8775,4116309.4415],[604828.7375,4116305.6115],[604827.2475,4116306.0215]]]}},{"type":"Feature","properties":{"id":"4965601XG0146N_part42","floors":3,"height":9.3,"heightSource":"Catastro:numberOfFloorsAboveGround"},"geometry":{"type":"Polygon","coordinates":[[[604838.0375,4116306.4915],[604838.9575,4116309.4315],[604840.8675,4116308.8615],[604839.9875,4116305.9115],[604838.0375,4116306.4915]]]}},{"type":"Feature","properties":{"id":"4965601XG0146N_part43","floors":3,"height":9.3,"heightSource":"Catastro:numberOfFloorsAboveGround"},"geometry":{"type":"Polygon","coordinates":[[[604839.7775,4116312.3315],[604840.6975,4116315.2715],[604842.6075,4116314.7015],[604841.7275,4116311.7515],[604839.7775,4116312.3315]]]}},{"type":"Feature","properties":{"id":"4965601XG0146N_part44","floors":3,"height":9.3,"heightSource":"Catastro:numberOfFloorsAboveGround"},"geometry":{"type":"Polygon","coordinates":[[[604841.5175,4116318.1815],[604842.4375,4116321.1215],[604844.3575,4116320.5515],[604843.4675,4116317.6015],[604841.5175,4116318.1815]]]}},{"type":"Feature","properties":{"id":"4965601XG0146N_part45","floors":3,"height":9.3,"heightSource":"Catastro:numberOfFloorsAboveGround"},"geometry":{"type":"Polygon","coordinates":[[[604845.0075,4116329.8715],[604845.9275,4116332.8115],[604847.8375,4116332.2415],[604846.9575,4116329.2915],[604845.0075,4116329.8715]]]}},{"type":"Feature","properties":{"id":"4965601XG0146N_part46","floors":3,"height":9.3,"heightSource":"Catastro:numberOfFloorsAboveGround"},"geometry":{"type":"Polygon","coordinates":[[[604846.7575,4116335.6915],[604847.5875,4116338.4315],[604849.5075,4116337.8615],[604848.6675,4116335.0315],[604846.7575,4116335.6915]]]}},{"type":"Feature","properties":{"id":"4965601XG0146N_part47","floors":3,"height":9.3,"heightSource":"Catastro:numberOfFloorsAboveGround"},"geometry":{"type":"Polygon","coordinates":[[[604842.0175,4116342.4015],[604842.9475,4116345.7715],[604852.318,4116378.0415],[604853.078,4116377.8115],[604852.948,4116377.3515],[604852.368,4116375.3415],[604852.658,4116375.2515],[604851.558,4116371.4115],[604851.278,4116371.4915],[604850.698,4116369.4715],[604850.988,4116369.3915],[604849.888,4116365.5415],[604849.598,4116365.6215],[604849.018,4116363.6015],[604849.308,4116363.5215],[604848.208,4116359.6815],[604847.928,4116359.7615],[604847.348,4116357.7415],[604847.638,4116357.6615],[604846.538,4116353.8115],[604846.248,4116353.8915],[604845.668,4116351.8715],[604845.958,4116351.7915],[604844.8575,4116347.9515],[604844.5775,4116348.0315],[604843.9975,4116346.0115],[604844.2875,4116345.9315],[604843.1875,4116342.0815],[604842.0175,4116342.4015]]]}},{"type":"Feature","properties":{"id":"4965601XG0146N_part48","floors":3,"height":9.3,"heightSource":"Catastro:numberOfFloorsAboveGround"},"geometry":{"type":"Polygon","coordinates":[[[604852.4175,4116342.7315],[604853.2275,4116345.5615],[604855.1475,4116345.0115],[604854.3375,4116342.1815],[604852.4175,4116342.7315]]]}},{"type":"Feature","properties":{"id":"4965601XG0146N_part49","floors":3,"height":9.3,"heightSource":"Catastro:numberOfFloorsAboveGround"},"geometry":{"type":"Polygon","coordinates":[[[604854.098,4116348.5915],[604854.898,4116351.4215],[604856.828,4116350.8715],[604856.018,4116348.0515],[604854.098,4116348.5915]]]}},{"type":"Feature","properties":{"id":"4965601XG0146N_part50","floors":3,"height":9.3,"heightSource":"Catastro:numberOfFloorsAboveGround"},"geometry":{"type":"Polygon","coordinates":[[[604855.768,4116354.4615],[604856.578,4116357.2915],[604858.498,4116356.7415],[604857.698,4116353.9115],[604855.768,4116354.4615]]]}},{"type":"Feature","properties":{"id":"4965601XG0146N_part51","floors":3,"height":9.3,"heightSource":"Catastro:numberOfFloorsAboveGround"},"geometry":{"type":"Polygon","coordinates":[[[604857.448,4116360.3315],[604858.248,4116363.1515],[604860.178,4116362.6015],[604859.368,4116359.7815],[604857.448,4116360.3315]]]}},{"type":"Feature","properties":{"id":"4965601XG0146N_part52","floors":3,"height":9.3,"heightSource":"Catastro:numberOfFloorsAboveGround"},"geometry":{"type":"Polygon","coordinates":[[[604859.118,4116366.1915],[604859.928,4116369.0215],[604861.848,4116368.4715],[604861.048,4116365.6415],[604859.118,4116366.1915]]]}},{"type":"Feature","properties":{"id":"4965601XG0146N_part53","floors":3,"height":9.3,"heightSource":"Catastro:numberOfFloorsAboveGround"},"geometry":{"type":"Polygon","coordinates":[[[604860.798,4116372.0615],[604861.598,4116374.8815],[604863.528,4116374.3315],[604862.718,4116371.5115],[604860.798,4116372.0615]]]}},{"type":"Feature","properties":{"id":"4965601XG0146N_part54","floors":3,"height":9.3,"heightSource":"Catastro:numberOfFloorsAboveGround"},"geometry":{"type":"Polygon","coordinates":[[[604843.2575,4116324.0315],[604844.1775,4116326.9715],[604846.0975,4116326.4015],[604845.2075,4116323.4515],[604843.2575,4116324.0315]]]}},{"type":"Feature","properties":{"id":"4965601XG0146N_part55","floors":3,"height":9.3,"heightSource":"Catastro:numberOfFloorsAboveGround"},"geometry":{"type":"Polygon","coordinates":[[[604844.9475,4116303.8515],[604845.4075,4116305.4215],[604857.3175,4116301.9615],[604856.8575,4116300.3915],[604853.0175,4116301.5115],[604848.7875,4116302.7415],[604844.9475,4116303.8515]]]}},{"type":"Feature","properties":{"id":"4965601XG0146N_part56","floors":3,"height":9.3,"heightSource":"Catastro:numberOfFloorsAboveGround"},"geometry":{"type":"Polygon","coordinates":[[[604857.6475,4116310.3715],[604858.2075,4116312.2915],[604860.1475,4116311.7315],[604859.5875,4116309.8115],[604857.6475,4116310.3715]]]}},{"type":"Feature","properties":{"id":"4965601XG0146N_part57","floors":3,"height":9.3,"heightSource":"Catastro:numberOfFloorsAboveGround"},"geometry":{"type":"Polygon","coordinates":[[[604858.9575,4116297.1815],[604859.6375,4116299.6615],[604861.2075,4116299.2315],[604860.4775,4116296.7415],[604858.9575,4116297.1815]]]}},{"type":"Feature","properties":{"id":"4965601XG0146N_part58","floors":3,"height":9.3,"heightSource":"Catastro:numberOfFloorsAboveGround"},"geometry":{"type":"Polygon","coordinates":[[[604860.5475,4116302.9715],[604861.2275,4116305.4515],[604862.8775,4116304.9915],[604862.1575,4116302.5015],[604860.5475,4116302.9715]]]}},{"type":"Feature","properties":{"id":"4965601XG0146N_part59","floors":3,"height":9.3,"heightSource":"Catastro:numberOfFloorsAboveGround"},"geometry":{"type":"Polygon","coordinates":[[[604862.2175,4116308.7315],[604862.9075,4116311.2115],[604864.5475,4116310.7615],[604863.8275,4116308.2615],[604862.2175,4116308.7315]]]}},{"type":"Feature","properties":{"id":"4965601XG0146N_part60","floors":3,"height":9.3,"heightSource":"Catastro:numberOfFloorsAboveGround"},"geometry":{"type":"Polygon","coordinates":[[[604863.8975,4116314.4915],[604864.5775,4116316.9715],[604866.2175,4116316.5215],[604865.4975,4116314.0215],[604863.8975,4116314.4915]]]}},{"type":"Feature","properties":{"id":"4965601XG0146N_part61","floors":3,"height":9.3,"heightSource":"Catastro:numberOfFloorsAboveGround"},"geometry":{"type":"Polygon","coordinates":[[[604865.5675,4116320.2515],[604866.2475,4116322.7315],[604867.8875,4116322.2815],[604867.1675,4116319.7915],[604865.5675,4116320.2515]]]}},{"type":"Feature","properties":{"id":"4965601XG0146N_part62","floors":3,"height":9.3,"heightSource":"Catastro:numberOfFloorsAboveGround"},"geometry":{"type":"Polygon","coordinates":[[[604867.2375,4116326.0115],[604867.9175,4116328.4915],[604869.5675,4116328.0415],[604868.8375,4116325.5515],[604867.2375,4116326.0115]]]}},{"type":"Feature","properties":{"id":"4965601XG0146N_part63","floors":3,"height":9.3,"heightSource":"Catastro:numberOfFloorsAboveGround"},"geometry":{"type":"Polygon","coordinates":[[[604869.7975,4116294.0415],[604879.8275,4116328.6115],[604881.3075,4116328.1815],[604873.0975,4116298.4015],[604875.9875,4116297.6015],[604876.4975,4116297.4515],[604875.0775,4116292.5715],[604875.0575,4116292.5115],[604874.8475,4116292.5715],[604869.7975,4116294.0415]]]}},{"type":"Feature","properties":{"id":"4965801XG0146N_part1","floors":1,"height":3.1,"heightSource":"Catastro:numberOfFloorsAboveGround"},"geometry":{"type":"Polygon","coordinates":[[[604863.827,4116273.0415],[604862.517,4116268.2115],[604858.557,4116269.4115],[604860.007,4116274.2015],[604863.827,4116273.0415]]]}},{"type":"Feature","properties":{"id":"4965801XG0146N_part2","floors":1,"height":3.1,"heightSource":"Catastro:numberOfFloorsAboveGround"},"geometry":{"type":"Polygon","coordinates":[[[604875.887,4116269.4015],[604874.467,4116264.6415],[604870.637,4116265.8115],[604872.067,4116270.5115],[604875.887,4116269.4015]]]}},{"type":"Feature","properties":{"id":"4965801XG0146N_part3","floors":3,"height":9.3,"heightSource":"Catastro:numberOfFloorsAboveGround"},"geometry":{"type":"Polygon","coordinates":[[[604849.857,4116289.6815],[604850.727,4116292.5715],[604851.227,4116294.2315],[604856.937,4116292.5715],[604874.167,4116287.5615],[604880.677,4116285.3915],[604879.827,4116282.5515],[604888.467,4116279.9515],[604888.737,4116279.8715],[604888.467,4116278.9715],[604886.517,4116272.5015],[604887.767,4116272.1315],[604883.087,4116256.5115],[604881.837,4116256.8915],[604880.687,4116253.0515],[604880.167,4116253.2115],[604887.767,4116278.3615],[604852.207,4116288.9815],[604849.857,4116289.6815]]]}},{"type":"Feature","properties":{"id":"4965801XG0146N_part4","floors":4,"height":12.4,"heightSource":"Catastro:numberOfFloorsAboveGround"},"geometry":{"type":"Polygon","coordinates":[[[604844.107,4116263.3415],[604846.967,4116272.8815],[604848.647,4116272.3715],[604850.197,4116277.2315],[604848.057,4116277.9115],[604848.577,4116279.6515],[604849.347,4116279.4215],[604851.497,4116286.5915],[604884.297,4116276.5115],[604877.287,4116254.0715],[604876.967,4116253.0515],[604875.977,4116253.3615],[604844.107,4116263.3415]],[[604858.557,4116269.4115],[604862.517,4116268.2115],[604863.827,4116273.0415],[604860.007,4116274.2015],[604858.557,4116269.4115]],[[604870.637,4116265.8115],[604874.467,4116264.6415],[604875.887,4116269.4015],[604872.067,4116270.5115],[604870.637,4116265.8115]]]}},{"type":"Feature","properties":{"id":"4965801XG0146N_part5","floors":4,"height":12.4,"heightSource":"Catastro:numberOfFloorsAboveGround"},"geometry":{"type":"Polygon","coordinates":[[[604884.297,4116276.5115],[604851.497,4116286.5915],[604852.207,4116288.9815],[604887.767,4116278.3615],[604880.167,4116253.2115],[604877.287,4116254.0715],[604884.297,4116276.5115]]]}},{"type":"Feature","properties":{"id":"4965801XG0146N_part6","floors":1,"height":3.1,"heightSource":"Catastro:numberOfFloorsAboveGround"},"geometry":{"type":"Polygon","coordinates":[[[604838.487,4116280.4115],[604837.047,4116275.6215],[604833.217,4116276.7815],[604834.667,4116281.5715],[604838.487,4116280.4115]]]}},{"type":"Feature","properties":{"id":"4965801XG0146N_part7","floors":1,"height":3.1,"heightSource":"Catastro:numberOfFloorsAboveGround"},"geometry":{"type":"Polygon","coordinates":[[[604844.887,4116273.5015],[604846.387,4116278.4415],[604848.057,4116277.9115],[604846.627,4116273.1415],[604847.007,4116273.0215],[604846.967,4116272.8815],[604844.887,4116273.5015]]]}},{"type":"Feature","properties":{"id":"4965801XG0146N_part8","floors":3,"height":9.3,"heightSource":"Catastro:numberOfFloorsAboveGround"},"geometry":{"type":"Polygon","coordinates":[[[604815.997,4116268.6515],[604817.757,4116274.0115],[604822.837,4116272.4915],[604822.137,4116270.2115],[604844.107,4116263.3415],[604843.247,4116260.4715],[604815.997,4116268.6515]]]}},{"type":"Feature","properties":{"id":"4965801XG0146N_part9","floors":3,"height":9.3,"heightSource":"Catastro:numberOfFloorsAboveGround"},"geometry":{"type":"Polygon","coordinates":[[[604824.507,4116286.0815],[604821.897,4116286.8715],[604823.737,4116292.5715],[604825.187,4116297.0515],[604840.187,4116292.5715],[604849.857,4116289.6815],[604852.207,4116288.9815],[604851.497,4116286.5915],[604832.047,4116292.5715],[604828.727,4116293.5915],[604828.467,4116292.7315],[604826.667,4116293.2715],[604826.457,4116292.5715],[604824.507,4116286.0815]]]}},{"type":"Feature","properties":{"id":"4965801XG0146N_part10","floors":4,"height":12.4,"heightSource":"Catastro:numberOfFloorsAboveGround"},"geometry":{"type":"Polygon","coordinates":[[[604822.137,4116270.2115],[604822.837,4116272.4915],[604824.467,4116272.0015],[604830.497,4116292.1215],[604828.997,4116292.5715],[604828.467,4116292.7315],[604828.727,4116293.5915],[604832.047,4116292.5715],[604851.497,4116286.5915],[604849.347,4116279.4215],[604848.577,4116279.6515],[604848.057,4116277.9115],[604846.387,4116278.4415],[604844.887,4116273.5015],[604846.967,4116272.8815],[604844.107,4116263.3415],[604822.137,4116270.2115]],[[604833.217,4116276.7815],[604837.047,4116275.6215],[604838.487,4116280.4115],[604834.667,4116281.5715],[604833.217,4116276.7815]]]}},{"type":"Feature","properties":{"id":"4965801XG0146N_part11","floors":3,"height":9.3,"heightSource":"Catastro:numberOfFloorsAboveGround"},"geometry":{"type":"Polygon","coordinates":[[[604843.247,4116260.4715],[604844.107,4116263.3415],[604875.977,4116253.3615],[604875.237,4116250.8815],[604843.247,4116260.4715]]]}},{"type":"Feature","properties":{"id":"4965801XG0146N_part12","floors":3,"height":9.3,"heightSource":"Catastro:numberOfFloorsAboveGround"},"geometry":{"type":"Polygon","coordinates":[[[604875.237,4116250.8815],[604875.977,4116253.3615],[604876.967,4116253.0515],[604877.287,4116254.0715],[604880.167,4116253.2115],[604879.117,4116249.7215],[604875.237,4116250.8815]]]}},{"type":"Feature","properties":{"id":"4965801XG0146N_part13","floors":2,"height":6.2,"heightSource":"Catastro:numberOfFloorsAboveGround"},"geometry":{"type":"Polygon","coordinates":[[[604820.067,4116281.1815],[604821.577,4116285.8715],[604825.407,4116284.6515],[604823.997,4116279.9915],[604820.067,4116281.1815]]]}},{"type":"Feature","properties":{"id":"4965801XG0146N_part14","floors":3,"height":9.3,"heightSource":"Catastro:numberOfFloorsAboveGround"},"geometry":{"type":"Polygon","coordinates":[[[604817.757,4116274.0115],[604820.067,4116281.1815],[604823.997,4116279.9915],[604825.027,4116279.6815],[604822.837,4116272.4915],[604817.757,4116274.0115]]]}},{"type":"Feature","properties":{"id":"4965801XG0146N_part15","floors":3,"height":9.3,"heightSource":"Catastro:numberOfFloorsAboveGround"},"geometry":{"type":"Polygon","coordinates":[[[604821.577,4116285.8715],[604821.897,4116286.8715],[604824.507,4116286.0815],[604826.457,4116292.5715],[604826.667,4116293.2715],[604828.467,4116292.7315],[604828.417,4116292.5715],[604825.987,4116284.4615],[604825.407,4116284.6515],[604821.577,4116285.8715]]]}},{"type":"Feature","properties":{"id":"4965801XG0146N_part16","floors":4,"height":12.4,"heightSource":"Catastro:numberOfFloorsAboveGround"},"geometry":{"type":"Polygon","coordinates":[[[604830.497,4116292.1215],[604824.467,4116272.0015],[604822.837,4116272.4915],[604825.027,4116279.6815],[604823.997,4116279.9915],[604825.407,4116284.6515],[604825.987,4116284.4615],[604828.417,4116292.5715],[604828.467,4116292.7315],[604828.997,4116292.5715],[604830.497,4116292.1215]]]}},{"type":"Feature","properties":{"id":"4968701XG0146N_part1","floors":2,"height":6.2,"heightSource":"Catastro:numberOfFloorsAboveGround"},"geometry":{"type":"Polygon","coordinates":[[[604781.1005,4116642.971],[604779.2305,4116628.311],[604764.72,4116630.301],[604765.2305,4116634.301],[604766.6505,4116645.021],[604781.1005,4116642.971]]]}},{"type":"Feature","properties":{"id":"4968701XG0146N_part2","floors":1,"height":3.1,"heightSource":"Catastro:numberOfFloorsAboveGround"},"geometry":{"type":"Polygon","coordinates":[[[604762.9905,4116634.581],[604763.7705,4116640.601],[604762.7505,4116640.731],[604763.3705,4116645.561],[604766.6705,4116645.141],[604766.6505,4116645.021],[604765.2305,4116634.301],[604762.9905,4116634.581]]]}},{"type":"Feature","properties":{"id":"4968702XG0146N_part1","floors":3,"height":9.3,"heightSource":"Catastro:numberOfFloorsAboveGround"},"geometry":{"type":"Polygon","coordinates":[[[604762.88,4116619.141],[604753.06,4116620.541],[604754.06,4116627.571],[604761.58,4116626.501],[604761.77,4116627.791],[604764.07,4116627.461],[604764.88,4116627.341],[604767.11,4116627.021],[604766.48,4116622.571],[604765.05,4116621.761],[604764.11,4116621.901],[604763.7,4116619.021],[604762.88,4116619.141]]]}},{"type":"Feature","properties":{"id":"4968702XG0146N_part2","floors":2,"height":6.2,"heightSource":"Catastro:numberOfFloorsAboveGround"},"geometry":{"type":"Polygon","coordinates":[[[604780.08,4116625.171],[604778.89,4116616.851],[604763.7,4116619.021],[604764.11,4116621.901],[604765.05,4116621.761],[604766.48,4116622.571],[604767.11,4116627.021],[604780.08,4116625.171]]]}},{"type":"Feature","properties":{"id":"4968702XG0146N_part3","floors":1,"height":3.1,"heightSource":"Catastro:numberOfFloorsAboveGround"},"geometry":{"type":"Polygon","coordinates":[[[604778.89,4116616.851],[604780.08,4116625.171],[604780.504,4116628.1365],[604786.1705,4116627.361],[604787.6605,4116627.161],[604786.1445,4116615.8145],[604778.89,4116616.851]]]}},{"type":"Feature","properties":{"id":"4968703XG0146N_part1","floors":1,"height":3.1,"heightSource":"Catastro:numberOfFloorsAboveGround"},"geometry":{"type":"Polygon","coordinates":[[[604774.99,4116610.6],[604774.44,4116606.43],[604767.29,4116607.3],[604767.85,4116611.46],[604774.99,4116610.6]]]}},{"type":"Feature","properties":{"id":"4968704XG0146N_part1","floors":3,"height":9.3,"heightSource":"Catastro:numberOfFloorsAboveGround"},"geometry":{"type":"Polygon","coordinates":[[[604752.4395,4116559.131],[604743.2895,4116560.311],[604745.4495,4116577.021],[604749.9395,4116576.431],[604750.1295,4116577.911],[604759.0195,4116576.751],[604757.8095,4116567.381],[604753.5795,4116567.931],[604751.0995,4116568.241],[604750.7895,4116565.761],[604753.2595,4116565.451],[604752.4395,4116559.131]]]}},{"type":"Feature","properties":{"id":"4968704XG0146N_part2","floors":1,"height":3.1,"heightSource":"Catastro:numberOfFloorsAboveGround"},"geometry":{"type":"Polygon","coordinates":[[[604750.7895,4116565.761],[604751.0995,4116568.241],[604753.5795,4116567.931],[604753.2595,4116565.451],[604750.7895,4116565.761]]]}},{"type":"Feature","properties":{"id":"4968704XG0146N_part3","floors":2,"height":6.2,"heightSource":"Catastro:numberOfFloorsAboveGround"},"geometry":{"type":"Polygon","coordinates":[[[604766.2695,4116575.821],[604766.0795,4116574.391],[604772.4195,4116573.561],[604770.0295,4116555.241],[604763.1895,4116556.121],[604764.5295,4116566.521],[604757.8095,4116567.381],[604759.0195,4116576.751],[604766.2695,4116575.821]]]}},{"type":"Feature","properties":{"id":"4968705XG0146N_part1","floors":1,"height":3.1,"heightSource":"Catastro:numberOfFloorsAboveGround"},"geometry":{"type":"Polygon","coordinates":[[[604763.47,4116592.681],[604763.74,4116594.741],[604766.77,4116594.341],[604766.51,4116592.281],[604763.47,4116592.681]]]}},{"type":"Feature","properties":{"id":"4968705XG0146N_part2","floors":1,"height":3.1,"heightSource":"Catastro:numberOfFloorsAboveGround"},"geometry":{"type":"Polygon","coordinates":[[[604765.48,4116584.261],[604766.51,4116592.281],[604775.59,4116591.081],[604774.85,4116585.491],[604773.86,4116585.621],[604773.54,4116583.211],[604765.48,4116584.261]]]}},{"type":"Feature","properties":{"id":"4968705XG0146N_part3","floors":2,"height":6.2,"heightSource":"Catastro:numberOfFloorsAboveGround"},"geometry":{"type":"Polygon","coordinates":[[[604765.17,4116581.931],[604762.1,4116582.311],[604763.47,4116592.681],[604766.51,4116592.281],[604765.48,4116584.261],[604765.17,4116581.931]]]}},{"type":"Feature","properties":{"id":"4968705XG0146N_part4","floors":1,"height":3.1,"heightSource":"Catastro:numberOfFloorsAboveGround"},"geometry":{"type":"Polygon","coordinates":[[[604775.84,4116585.361],[604775.52,4116582.951],[604773.54,4116583.211],[604773.86,4116585.621],[604774.85,4116585.491],[604775.84,4116585.361]]]}},{"type":"Feature","properties":{"id":"4968706XG0146N_part1","floors":2,"height":6.2,"heightSource":"Catastro:numberOfFloorsAboveGround"},"geometry":{"type":"Polygon","coordinates":[[[604752.713,4116595.3675],[604752.8,4116596.041],[604752.98,4116597.431],[604755.96,4116597.051],[604755.78,4116595.661],[604755.7265,4116594.9865],[604752.713,4116595.3675]]]}},{"type":"Feature","properties":{"id":"4968706XG0146N_part2","floors":1,"height":3.1,"heightSource":"Catastro:numberOfFloorsAboveGround"},"geometry":{"type":"Polygon","coordinates":[[[604755.7265,4116594.9865],[604755.78,4116595.661],[604755.96,4116597.051],[604752.98,4116597.431],[604752.8,4116596.041],[604752.713,4116595.3675],[604749.93,4116595.719],[604750.01,4116596.401],[604750.46,4116599.911],[604758.794,4116598.859],[604758.2645,4116594.666],[604755.7265,4116594.9865]]]}},{"type":"Feature","properties":{"id":"4968706XG0146N_part3","floors":1,"height":3.1,"heightSource":"Catastro:numberOfFloorsAboveGround"},"geometry":{"type":"Polygon","coordinates":[[[604756.042,4116589.5725],[604756.84,4116589.471],[604757.5965,4116589.3745],[604757.0405,4116584.9735],[604756.3295,4116585.066],[604756.2625,4116585.0745],[604755.4625,4116585.1785],[604755.79,4116587.595],[604756.042,4116589.5725]]]}},{"type":"Feature","properties":{"id":"4968706XG0146N_part4","floors":2,"height":6.2,"heightSource":"Catastro:numberOfFloorsAboveGround"},"geometry":{"type":"Polygon","coordinates":[[[604749.49,4116585.951],[604746.2395,4116586.371],[604746.847,4116591.0315],[604749.3435,4116590.706],[604749.93,4116595.719],[604758.2645,4116594.666],[604757.5965,4116589.3745],[604756.84,4116589.471],[604756.042,4116589.5725],[604755.79,4116587.595],[604753.61,4116587.881],[604752.5655,4116588.018],[604752.2475,4116585.5955],[604749.49,4116585.951]]]}},{"type":"Feature","properties":{"id":"4968706XG0146N_part5","floors":1,"height":3.1,"heightSource":"Catastro:numberOfFloorsAboveGround"},"geometry":{"type":"Polygon","coordinates":[[[604755.79,4116587.595],[604755.4625,4116585.1785],[604753.29,4116585.461],[604752.2475,4116585.5955],[604752.5655,4116588.018],[604753.61,4116587.881],[604755.79,4116587.595]]]}},{"type":"Feature","properties":{"id":"4968706XG0146N_part6","floors":1,"height":3.1,"heightSource":"Catastro:numberOfFloorsAboveGround"},"geometry":{"type":"Polygon","coordinates":[[[604750.01,4116596.401],[604749.93,4116595.719],[604749.032,4116595.8325],[604749.5635,4116600.003],[604750.46,4116599.911],[604750.01,4116596.401]]]}},{"type":"Feature","properties":{"id":"4968706XG0146N_part7","floors":2,"height":6.2,"heightSource":"Catastro:numberOfFloorsAboveGround"},"geometry":{"type":"Polygon","coordinates":[[[604749.3435,4116590.706],[604748.391,4116590.8305],[604748.56,4116592.151],[604749.032,4116595.8325],[604749.93,4116595.719],[604749.3435,4116590.706]]]}},{"type":"Feature","properties":{"id":"4968707XG0146N_part1","floors":2,"height":6.2,"heightSource":"Catastro:numberOfFloorsAboveGround"},"geometry":{"type":"Polygon","coordinates":[[[604747.9495,4116547.051],[604748.3195,4116549.701],[604752.5595,4116549.071],[604753.1295,4116553.141],[604763.4495,4116551.661],[604762.9895,4116548.391],[604766.2495,4116547.921],[604765.7595,4116544.481],[604747.9495,4116547.051]]]}},{"type":"Feature","properties":{"id":"4968707XG0146N_part2","floors":1,"height":3.1,"heightSource":"Catastro:numberOfFloorsAboveGround"},"geometry":{"type":"Polygon","coordinates":[[[604762.9895,4116548.391],[604763.4495,4116551.661],[604763.5195,4116552.151],[604767.2895,4116551.611],[604766.7495,4116547.851],[604766.2495,4116547.921],[604762.9895,4116548.391]]]}},{"type":"Feature","properties":{"id":"4968708XG0146N_part1","floors":2,"height":6.2,"heightSource":"Catastro:numberOfFloorsAboveGround"},"geometry":{"type":"Polygon","coordinates":[[[604751.1995,4116539.741],[604751.7995,4116543.811],[604747.5595,4116544.401],[604747.9495,4116547.051],[604765.7595,4116544.481],[604765.2595,4116541.041],[604761.9895,4116541.511],[604761.5195,4116538.251],[604751.1995,4116539.741]]]}},{"type":"Feature","properties":{"id":"4968708XG0146N_part2","floors":1,"height":3.1,"heightSource":"Catastro:numberOfFloorsAboveGround"},"geometry":{"type":"Polygon","coordinates":[[[604765.7495,4116540.971],[604765.2095,4116537.211],[604761.4495,4116537.751],[604761.5195,4116538.251],[604761.9895,4116541.511],[604765.2595,4116541.041],[604765.7495,4116540.971]]]}},{"type":"Feature","properties":{"id":"4968709XG0146N_part1","floors":1,"height":3.1,"heightSource":"Catastro:numberOfFloorsAboveGround"},"geometry":{"type":"Polygon","coordinates":[[[604734.619,4116521.821],[604736.586,4116535.431],[604744.678,4116534.148],[604744.32,4116531.6735],[604748.2715,4116531.047],[604748.629,4116533.522],[604749.316,4116533.413],[604747.3575,4116520.023],[604734.619,4116521.821]]]}},{"type":"Feature","properties":{"id":"4968709XG0146N_part2","floors":1,"height":3.1,"heightSource":"Catastro:numberOfFloorsAboveGround"},"geometry":{"type":"Polygon","coordinates":[[[604757.6955,4116523.8345],[604752.956,4116524.5035],[604753.416,4116527.605],[604758.1505,4116526.9365],[604757.6955,4116523.8345]]]}},{"type":"Feature","properties":{"id":"4968709XG0146N_part3","floors":1,"height":3.1,"heightSource":"Catastro:numberOfFloorsAboveGround"},"geometry":{"type":"Polygon","coordinates":[[[604753.649,4116519.135],[604754.0645,4116522.1075],[604759.0245,4116521.407],[604758.5895,4116518.4375],[604753.649,4116519.135]]]}},{"type":"Feature","properties":{"id":"4968709XG0146N_part4","floors":2,"height":6.2,"heightSource":"Catastro:numberOfFloorsAboveGround"},"geometry":{"type":"Polygon","coordinates":[[[604747.3575,4116520.023],[604749.316,4116533.413],[604769.6795,4116530.184],[604767.794,4116517.138],[604758.5895,4116518.4375],[604759.0245,4116521.407],[604754.0645,4116522.1075],[604753.649,4116519.135],[604747.3575,4116520.023]],[[604753.416,4116527.605],[604752.956,4116524.5035],[604757.6955,4116523.8345],[604758.1505,4116526.9365],[604753.416,4116527.605]]]}},{"type":"Feature","properties":{"id":"4968710XG0146N_part1","floors":1,"height":3.1,"heightSource":"Catastro:numberOfFloorsAboveGround"},"geometry":{"type":"Polygon","coordinates":[[[604757.629,4116506.061],[604759.049,4116515.561],[604761.419,4116515.151],[604759.929,4116505.721],[604757.629,4116506.061]]]}},{"type":"Feature","properties":{"id":"4968710XG0146N_part2","floors":2,"height":6.2,"heightSource":"Catastro:numberOfFloorsAboveGround"},"geometry":{"type":"Polygon","coordinates":[[[604742.709,4116508.291],[604744.299,4116518.981],[604748.449,4116518.371],[604748.279,4116517.191],[604759.049,4116515.561],[604757.629,4116506.061],[604742.709,4116508.291]]]}},{"type":"Feature","properties":{"id":"4969004XG0146N_part1","floors":2,"height":6.2,"heightSource":"Catastro:numberOfFloorsAboveGround"},"geometry":{"type":"Polygon","coordinates":[[[604773.39,4116718.47],[604774.69,4116728.0],[604781.61,4116727.02],[604781.37,4116725.32],[604780.86,4116721.71],[604776.14,4116722.36],[604775.57,4116718.15],[604773.39,4116718.47]]]}},{"type":"Feature","properties":{"id":"4969004XG0146N_part2","floors":2,"height":6.2,"heightSource":"Catastro:numberOfFloorsAboveGround"},"geometry":{"type":"Polygon","coordinates":[[[604781.79,4116716.84],[604781.93,4116717.84],[604779.21,4116718.22],[604779.13,4116717.66],[604775.57,4116718.15],[604776.14,4116722.36],[604780.86,4116721.71],[604781.37,4116725.32],[604783.49,4116725.02],[604783.55,4116725.46],[604787.47,4116724.9],[604786.92,4116721.0],[604786.25,4116716.21],[604781.79,4116716.84]]]}},{"type":"Feature","properties":{"id":"4969004XG0146N_part3","floors":2,"height":6.2,"heightSource":"Catastro:numberOfFloorsAboveGround"},"geometry":{"type":"Polygon","coordinates":[[[604789.47,4116715.77],[604786.25,4116716.21],[604786.92,4116721.0],[604790.14,4116720.55],[604789.47,4116715.77]]]}},{"type":"Feature","properties":{"id":"4969004XG0146N_part4","floors":2,"height":6.2,"heightSource":"Catastro:numberOfFloorsAboveGround"},"geometry":{"type":"Polygon","coordinates":[[[604786.92,4116721.0],[604787.47,4116724.9],[604790.76,4116724.43],[604790.14,4116720.55],[604786.92,4116721.0]]]}},{"type":"Feature","properties":{"id":"4969005XG0146N_part1","floors":1,"height":3.1,"heightSource":"Catastro:numberOfFloorsAboveGround"},"geometry":{"type":"Polygon","coordinates":[[[604768.981,4116705.2205],[604770.091,4116713.1505],[604771.571,4116712.9405],[604771.021,4116708.9805],[604774.241,4116708.5205],[604775.231,4116708.3905],[604774.681,4116704.4205],[604768.981,4116705.2205]]]}},{"type":"Feature","properties":{"id":"4969005XG0146N_part2","floors":2,"height":6.2,"heightSource":"Catastro:numberOfFloorsAboveGround"},"geometry":{"type":"Polygon","coordinates":[[[604771.021,4116708.9805],[604771.571,4116712.9405],[604774.801,4116712.4905],[604774.241,4116708.5205],[604771.021,4116708.9805]]]}},{"type":"Feature","properties":{"id":"4969005XG0146N_part3","floors":2,"height":6.2,"heightSource":"Catastro:numberOfFloorsAboveGround"},"geometry":{"type":"Polygon","coordinates":[[[604775.231,4116708.3905],[604774.241,4116708.5205],[604774.801,4116712.4905],[604782.561,4116711.4005],[604782.301,4116709.4905],[604782.281,4116709.8405],[604782.151,4116710.1705],[604781.951,4116710.4605],[604781.671,4116710.6705],[604781.341,4116710.8005],[604780.991,4116710.8305],[604780.641,4116710.7705],[604780.331,4116710.6105],[604780.041,4116710.3405],[604779.861,4116709.9905],[604779.531,4116707.7805],[604778.981,4116703.8205],[604774.681,4116704.4205],[604775.231,4116708.3905]]]}},{"type":"Feature","properties":{"id":"4969005XG0146N_part4","floors":2,"height":6.2,"heightSource":"Catastro:numberOfFloorsAboveGround"},"geometry":{"type":"Polygon","coordinates":[[[604786.861,4116701.7105],[604780.821,4116702.5505],[604780.961,4116703.5405],[604778.981,4116703.8205],[604779.531,4116707.7805],[604782.011,4116707.4405],[604782.301,4116709.4905],[604782.561,4116711.4005],[604786.421,4116710.8605],[604785.761,4116706.1005],[604787.441,4116705.8705],[604787.291,4116704.7805],[604786.861,4116701.7105]]]}},{"type":"Feature","properties":{"id":"4969005XG0146N_part5","floors":3,"height":9.3,"heightSource":"Catastro:numberOfFloorsAboveGround"},"geometry":{"type":"Polygon","coordinates":[[[604782.011,4116707.4405],[604779.531,4116707.7805],[604779.861,4116709.9905],[604780.041,4116710.3405],[604780.331,4116710.6105],[604780.641,4116710.7705],[604780.991,4116710.8305],[604781.341,4116710.8005],[604781.671,4116710.6705],[604781.951,4116710.4605],[604782.151,4116710.1705],[604782.281,4116709.8405],[604782.301,4116709.4905],[604782.011,4116707.4405]]]}},{"type":"Feature","properties":{"id":"4969005XG0146N_part6","floors":1,"height":3.1,"heightSource":"Catastro:numberOfFloorsAboveGround"},"geometry":{"type":"Polygon","coordinates":[[[604787.441,4116705.8705],[604785.761,4116706.1005],[604786.421,4116710.8605],[604789.891,4116710.3705],[604789.071,4116704.5305],[604787.291,4116704.7805],[604787.441,4116705.8705]]]}},{"type":"Feature","properties":{"id":"4969006XG0146N_part1","floors":1,"height":3.1,"heightSource":"Catastro:numberOfFloorsAboveGround"},"geometry":{"type":"Polygon","coordinates":[[[604771.09,4116688.86],[604771.71,4116693.27],[604773.01,4116693.07],[604772.4,4116688.68],[604771.09,4116688.86]]]}},{"type":"Feature","properties":{"id":"4969006XG0146N_part2","floors":2,"height":6.2,"heightSource":"Catastro:numberOfFloorsAboveGround"},"geometry":{"type":"Polygon","coordinates":[[[604784.63,4116687.76],[604780.26,4116688.37],[604780.15,4116687.6],[604772.4,4116688.68],[604773.01,4116693.07],[604773.06,4116693.37],[604773.8,4116693.26],[604774.37,4116697.38],[604783.31,4116696.22],[604782.74,4116691.36],[604785.1,4116691.09],[604784.63,4116687.76]]]}},{"type":"Feature","properties":{"id":"4969006XG0146N_part3","floors":2,"height":6.2,"heightSource":"Catastro:numberOfFloorsAboveGround"},"geometry":{"type":"Polygon","coordinates":[[[604782.74,4116691.36],[604783.31,4116696.22],[604786.78,4116695.78],[604786.1,4116690.96],[604785.1,4116691.09],[604782.74,4116691.36]]]}},{"type":"Feature","properties":{"id":"4969007XG0146N_part1","floors":2,"height":6.2,"heightSource":"Catastro:numberOfFloorsAboveGround"},"geometry":{"type":"Polygon","coordinates":[[[604760.524,4116679.475],[604761.202,4116684.832],[604763.958,4116684.483],[604763.2795,4116679.126],[604760.524,4116679.475]]]}},{"type":"Feature","properties":{"id":"4969007XG0146N_part2","floors":2,"height":6.2,"heightSource":"Catastro:numberOfFloorsAboveGround"},"geometry":{"type":"Polygon","coordinates":[[[604763.2795,4116679.126],[604763.958,4116684.483],[604764.8765,4116684.367],[604764.1985,4116679.0095],[604763.2795,4116679.126]]]}},{"type":"Feature","properties":{"id":"4969007XG0146N_part3","floors":2,"height":6.2,"heightSource":"Catastro:numberOfFloorsAboveGround"},"geometry":{"type":"Polygon","coordinates":[[[604764.1985,4116679.0095],[604764.8765,4116684.367],[604774.7975,4116683.111],[604774.552,4116681.173],[604773.724,4116681.2775],[604773.291,4116677.8585],[604764.1985,4116679.0095]]]}},{"type":"Feature","properties":{"id":"4969007XG0146N_part4","floors":1,"height":3.1,"heightSource":"Catastro:numberOfFloorsAboveGround"},"geometry":{"type":"Polygon","coordinates":[[[604773.291,4116677.8585],[604773.724,4116681.2775],[604774.552,4116681.173],[604774.119,4116677.754],[604773.291,4116677.8585]]]}},{"type":"Feature","properties":{"id":"4969007XG0146N_part5","floors":1,"height":3.1,"heightSource":"Catastro:numberOfFloorsAboveGround"},"geometry":{"type":"Polygon","coordinates":[[[604781.044,4116682.32],[604780.3655,4116676.963],[604774.119,4116677.754],[604774.552,4116681.173],[604776.9125,4116680.874],[604777.158,4116682.812],[604781.044,4116682.32]]]}},{"type":"Feature","properties":{"id":"4969007XG0146N_part6","floors":2,"height":6.2,"heightSource":"Catastro:numberOfFloorsAboveGround"},"geometry":{"type":"Polygon","coordinates":[[[604774.552,4116681.173],[604774.7975,4116683.111],[604777.158,4116682.812],[604776.9125,4116680.874],[604774.552,4116681.173]]]}},{"type":"Feature","properties":{"id":"4969008XG0146N_part1","floors":2,"height":6.2,"heightSource":"Catastro:numberOfFloorsAboveGround"},"geometry":{"type":"Polygon","coordinates":[[[604784.2905,4116667.961],[604784.7305,4116671.411],[604786.3205,4116671.211],[604785.8805,4116667.761],[604785.5105,4116667.801],[604784.2905,4116667.961]]]}},{"type":"Feature","properties":{"id":"4969008XG0146N_part2","floors":2,"height":6.2,"heightSource":"Catastro:numberOfFloorsAboveGround"},"geometry":{"type":"Polygon","coordinates":[[[604769.0005,4116665.441],[604767.7405,4116665.601],[604768.1605,4116669.241],[604767.8405,4116669.281],[604768.3205,4116673.081],[604773.1905,4116672.451],[604773.2405,4116672.891],[604781.5605,4116671.821],[604784.7305,4116671.411],[604784.2905,4116667.961],[604785.5105,4116667.801],[604784.9405,4116663.411],[604769.0005,4116665.441]]]}},{"type":"Feature","properties":{"id":"4969009XG0146N_part1","floors":2,"height":6.2,"heightSource":"Catastro:numberOfFloorsAboveGround"},"geometry":{"type":"Polygon","coordinates":[[[604764.3505,4116659.121],[604763.5705,4116659.211],[604764.0005,4116662.681],[604763.7405,4116662.711],[604764.1705,4116666.061],[604767.7405,4116665.601],[604769.0005,4116665.441],[604768.8705,4116664.421],[604781.7205,4116662.781],[604780.5705,4116653.791],[604763.9505,4116655.971],[604764.3505,4116659.121]]]}},{"type":"Feature","properties":{"id":"4969009XG0146N_part2","floors":2,"height":6.2,"heightSource":"Catastro:numberOfFloorsAboveGround"},"geometry":{"type":"Polygon","coordinates":[[[604780.5705,4116653.791],[604781.7205,4116662.781],[604784.5005,4116662.421],[604783.3505,4116653.431],[604780.5705,4116653.791]]]}},{"type":"Feature","properties":{"id":"5060401XG0156S_part2","floors":1,"height":3.1,"heightSource":"Catastro:numberOfFloorsAboveGround"},"geometry":{"type":"Polygon","coordinates":[[[604788.27305,4116125.4015],[604795.0955,4116128.332],[604796.864551046,4116124.0],[604787.9261585732,4116124.0],[604788.27305,4116125.4015]]]}},{"type":"Feature","properties":{"id":"5060401XG0156S_part4","floors":1,"height":3.1,"heightSource":"Catastro:numberOfFloorsAboveGround"},"geometry":{"type":"Polygon","coordinates":[[[604956.9705,4116389.0275],[604957.7457,4116391.3529],[604961.50105,4116387.51715],[604956.9705,4116389.0275]]]}},{"type":"Feature","properties":{"id":"5060401XG0156S_part5","floors":1,"height":3.1,"heightSource":"Catastro:numberOfFloorsAboveGround"},"geometry":{"type":"Polygon","coordinates":[[[604965.0525,4116377.4045],[604959.3465,4116379.3065],[604961.93535,4116387.07355],[604966.6652,4116382.24245],[604965.0525,4116377.4045]]]}},{"type":"Feature","properties":{"id":"5060401XG0156S_part21","floors":1,"height":3.1,"heightSource":"Catastro:numberOfFloorsAboveGround"},"geometry":{"type":"Polygon","coordinates":[[[604826.0225,4116130.099],[604821.027,4116128.4695],[604820.427,4116130.3085],[604825.4225,4116131.9385],[604826.0225,4116130.099]]]}},{"type":"Feature","properties":{"id":"5060401XG0156S_part22","floors":1,"height":3.1,"heightSource":"Catastro:numberOfFloorsAboveGround"},"geometry":{"type":"Polygon","coordinates":[[[604827.157,4116126.9705],[604826.1255,4116130.1325],[604828.2425,4116130.8235],[604827.451,4116133.249],[604829.697,4116133.982],[604828.596,4116137.358],[604831.251,4116138.2245],[604832.2965,4116135.0215],[604835.7685,4116136.1545],[604836.5395,4116133.7915],[604833.0675,4116132.6585],[604833.1295,4116132.4685],[604834.1765,4116129.2605],[604827.157,4116126.9705]]]}},{"type":"Feature","properties":{"id":"5060401XG0156S_part24","floors":1,"height":3.1,"heightSource":"Catastro:numberOfFloorsAboveGround"},"geometry":{"type":"Polygon","coordinates":[[[604853.328,4116127.831],[604847.5055,4116134.045],[604858.452,4116144.301],[604864.274,4116138.087],[604853.328,4116127.831]]]}},{"type":"Feature","properties":{"id":"5060401XG0156S_part25","floors":1,"height":3.1,"heightSource":"Catastro:numberOfFloorsAboveGround"},"geometry":{"type":"Polygon","coordinates":[[[604869.189,4116132.6455],[604875.733,4116125.759],[604873.8819899835,4116124.0],[604860.0908297362,4116124.0],[604869.189,4116132.6455]]]}},{"type":"Feature","properties":{"id":"5060401XG0156S_part27","floors":2,"height":6.2,"heightSource":"Catastro:numberOfFloorsAboveGround"},"geometry":{"type":"Polygon","coordinates":[[[604903.4865,4116151.6065],[604893.7195,4116153.974],[604895.074,4116159.562],[604900.468,4116158.2545],[604901.693,4116163.3085],[604896.2995,4116164.616],[604898.4315,4116173.411],[604908.1985,4116171.0435],[604906.0665,4116162.249],[604904.8415,4116157.195],[604903.4865,4116151.6065]]]}},{"type":"Feature","properties":{"id":"5060401XG0156S_part28","floors":3,"height":9.3,"heightSource":"Catastro:numberOfFloorsAboveGround"},"geometry":{"type":"Polygon","coordinates":[[[604901.693,4116163.3085],[604900.468,4116158.2545],[604895.074,4116159.562],[604896.2995,4116164.616],[604901.693,4116163.3085]]]}},{"type":"Feature","properties":{"id":"5060401XG0156S_part29","floors":1,"height":3.1,"heightSource":"Catastro:numberOfFloorsAboveGround"},"geometry":{"type":"Polygon","coordinates":[[[604907.0385,4116162.0135],[604905.813,4116156.9595],[604904.8415,4116157.195],[604906.0665,4116162.249],[604907.0385,4116162.0135]]]}},{"type":"Feature","properties":{"id":"5065801XG0156N_part1","floors":1,"height":3.1,"heightSource":"Catastro:numberOfFloorsAboveGround"},"geometry":{"type":"Polygon","coordinates":[[[604957.7457,4116391.3529],[604959.0965,4116395.405],[604961.8605,4116394.4835],[604962.479,4116396.3395],[604967.198,4116394.7665],[604965.7965,4116390.561],[604969.074,4116389.4685],[604966.6652,4116382.24245],[604961.93535,4116387.07355],[604962.025,4116387.3425],[604961.50105,4116387.51715],[604957.7457,4116391.3529]]]}},{"type":"Feature","properties":{"id":"5065801XG0156N_part2","floors":1,"height":3.1,"heightSource":"Catastro:numberOfFloorsAboveGround"},"geometry":{"type":"Polygon","coordinates":[[[604978.4695,4116482.8395],[604980.4865,4116491.298],[604982.79,4116492.154],[604996.0845,4116478.0035],[604994.176,4116470.632],[604991.609,4116469.0525],[604978.4695,4116482.8395]]]}}]}
