{"type":"FeatureCollection","name":"garrucha-posito-buildings","crs":{"type":"name","properties":{"name":"EPSG:25830"}},"source":"Direcci\u00f3n General del Catastro, INSPIRE BU","features":[{"type":"Feature","properties":{"id":"4356002XG0145N_part1","floors":1,"height":3.1,"heightSource":"Catastro:numberOfFloorsAboveGround"},"geometry":{"type":"Polygon","coordinates":[[[604251.227,4115484.9735],[604251.907,4115487.1535],[604252.677,4115489.6135],[604253.507,4115492.2835],[604265.297,4115489.9635],[604262.907,4115482.4035],[604262.547,4115482.4835],[604259.847,4115483.0735],[604260.587,4115485.9535],[604257.357,4115486.6335],[604256.567,4115483.7935],[604256.037,4115483.9135],[604251.227,4115484.9735]]]}},{"type":"Feature","properties":{"id":"4356003XG0145N_part1","floors":2,"height":6.2,"heightSource":"Catastro:numberOfFloorsAboveGround"},"geometry":{"type":"Polygon","coordinates":[[[604279.127,4115487.0235],[604265.297,4115489.9635],[604265.857,4115490.2635],[604279.6475,4115487.2435],[604277.777,4115479.6535],[604277.167,4115479.2835],[604279.127,4115487.0235]]]}},{"type":"Feature","properties":{"id":"4356003XG0145N_part3","floors":4,"height":12.4,"heightSource":"Catastro:numberOfFloorsAboveGround"},"geometry":{"type":"Polygon","coordinates":[[[604262.907,4115482.4035],[604265.297,4115489.9635],[604279.127,4115487.0235],[604277.167,4115479.2835],[604274.717,4115479.8235],[604271.587,4115480.5035],[604272.487,4115484.6235],[604268.677,4115485.4535],[604267.987,4115482.2835],[604266.637,4115482.5735],[604266.427,4115481.6335],[604262.907,4115482.4035]]]}},{"type":"Feature","properties":{"id":"4356003XG0145N_part4","floors":5,"height":15.5,"heightSource":"Catastro:numberOfFloorsAboveGround"},"geometry":{"type":"Polygon","coordinates":[[[604267.777,4115481.3335],[604267.987,4115482.2835],[604268.677,4115485.4535],[604272.487,4115484.6235],[604271.587,4115480.5035],[604267.837,4115481.3235],[604267.777,4115481.3335]]]}},{"type":"Feature","properties":{"id":"4356006XG0145N_part4","floors":3,"height":9.3,"heightSource":"Catastro:numberOfFloorsAboveGround"},"geometry":{"type":"Polygon","coordinates":[[[604257.867,4115460.8735],[604257.397,4115457.7135],[604251.047,4115458.6735],[604251.527,4115461.8235],[604257.867,4115460.8735]]]}},{"type":"Feature","properties":{"id":"4356006XG0145N_part5","floors":3,"height":9.3,"heightSource":"Catastro:numberOfFloorsAboveGround"},"geometry":{"type":"Polygon","coordinates":[[[604269.707,4115459.1035],[604269.267,4115455.9135],[604263.037,4115456.8535],[604263.537,4115460.0235],[604269.707,4115459.1035]]]}},{"type":"Feature","properties":{"id":"4356006XG0145N_part6","floors":3,"height":9.3,"heightSource":"Catastro:numberOfFloorsAboveGround"},"geometry":{"type":"Polygon","coordinates":[[[604250.077,4115480.6735],[604249.577,4115477.5135],[604247.0,4115477.936225552],[604247.0,4115481.179841772],[604250.077,4115480.6735]]]}},{"type":"Feature","properties":{"id":"4356006XG0145N_part7","floors":3,"height":9.3,"heightSource":"Catastro:numberOfFloorsAboveGround"},"geometry":{"type":"Polygon","coordinates":[[[604261.977,4115478.7035],[604261.497,4115475.5535],[604255.287,4115476.5735],[604255.767,4115479.7335],[604261.977,4115478.7035]]]}},{"type":"Feature","properties":{"id":"4356006XG0145N_part8","floors":3,"height":9.3,"heightSource":"Catastro:numberOfFloorsAboveGround"},"geometry":{"type":"Polygon","coordinates":[[[604270.477,4115477.3035],[604270.427,4115477.0035],[604273.707,4115476.4635],[604273.097,4115473.3635],[604269.937,4115473.8135],[604269.987,4115474.1535],[604266.847,4115474.6735],[604267.437,4115477.8035],[604270.477,4115477.3035]]]}},{"type":"Feature","properties":{"id":"4356006XG0145N_part9","floors":1,"height":3.1,"heightSource":"Catastro:numberOfFloorsAboveGround"},"geometry":{"type":"Polygon","coordinates":[[[604253.507,4115492.2835],[604252.677,4115489.6135],[604248.297,4115490.4635],[604247.947,4115487.8135],[604251.907,4115487.1535],[604251.227,4115484.9735],[604251.147,4115484.7035],[604247.557,4115485.3135],[604247.167,4115482.7635],[604247.0,4115482.7908984376],[604247.0,4115493.7326885336],[604253.507,4115492.2835]]]}},{"type":"Feature","properties":{"id":"4356006XG0145N_part10","floors":2,"height":6.2,"heightSource":"Catastro:numberOfFloorsAboveGround"},"geometry":{"type":"Polygon","coordinates":[[[604254.007,4115465.4735],[604253.847,4115464.5035],[604256.807,4115464.0035],[604256.977,4115465.0135],[604265.957,4115463.6335],[604265.787,4115462.6635],[604268.747,4115462.1635],[604268.917,4115463.1735],[604273.187,4115462.5135],[604271.337,4115454.7035],[604269.147,4115455.0335],[604268.727,4115451.9635],[604262.417,4115452.9035],[604262.997,4115456.5835],[604261.517,4115456.8035],[604261.687,4115457.9135],[604259.077,4115458.3035],[604258.907,4115457.2035],[604257.357,4115457.4335],[604256.807,4115453.7435],[604250.427,4115454.6935],[604251.007,4115458.4035],[604249.517,4115458.6235],[604249.687,4115459.7335],[604247.137,4115460.1135],[604247.0,4115459.227029412],[604247.0,4115466.552703125],[604254.007,4115465.4735]],[[604251.047,4115458.6735],[604257.397,4115457.7135],[604257.867,4115460.8735],[604251.527,4115461.8235],[604251.047,4115458.6735]],[[604263.037,4115456.8535],[604269.267,4115455.9135],[604269.707,4115459.1035],[604263.537,4115460.0235],[604263.037,4115456.8535]]]}},{"type":"Feature","properties":{"id":"4356006XG0145N_part11","floors":2,"height":6.2,"heightSource":"Catastro:numberOfFloorsAboveGround"},"geometry":{"type":"Polygon","coordinates":[[[604275.487,4115472.2035],[604274.847,4115469.5035],[604270.907,4115470.1435],[604271.067,4115471.1235],[604268.117,4115471.6235],[604267.947,4115470.6335],[604258.797,4115472.1235],[604258.967,4115473.1035],[604256.007,4115473.6035],[604255.837,4115472.6135],[604247.257,4115474.0135],[604247.427,4115474.9935],[604247.0,4115475.065628378],[604247.0,4115476.5091093485],[604275.487,4115472.2035]]]}},{"type":"Feature","properties":{"id":"4356006XG0145N_part19","floors":2,"height":6.2,"heightSource":"Catastro:numberOfFloorsAboveGround"},"geometry":{"type":"Polygon","coordinates":[[[604256.807,4115464.0035],[604253.847,4115464.5035],[604254.007,4115465.4735],[604256.977,4115465.0135],[604256.807,4115464.0035]]]}},{"type":"Feature","properties":{"id":"4356006XG0145N_part20","floors":2,"height":6.2,"heightSource":"Catastro:numberOfFloorsAboveGround"},"geometry":{"type":"Polygon","coordinates":[[[604255.837,4115472.6135],[604256.007,4115473.6035],[604258.967,4115473.1035],[604258.797,4115472.1235],[604255.837,4115472.6135]]]}},{"type":"Feature","properties":{"id":"4356006XG0145N_part21","floors":2,"height":6.2,"heightSource":"Catastro:numberOfFloorsAboveGround"},"geometry":{"type":"Polygon","coordinates":[[[604268.747,4115462.1635],[604265.787,4115462.6635],[604265.957,4115463.6335],[604268.917,4115463.1735],[604268.747,4115462.1635]]]}},{"type":"Feature","properties":{"id":"4356006XG0145N_part22","floors":2,"height":6.2,"heightSource":"Catastro:numberOfFloorsAboveGround"},"geometry":{"type":"Polygon","coordinates":[[[604267.947,4115470.6335],[604268.117,4115471.6235],[604271.067,4115471.1235],[604270.907,4115470.1435],[604267.947,4115470.6335]]]}},{"type":"Feature","properties":{"id":"4356006XG0145N_part27","floors":2,"height":6.2,"heightSource":"Catastro:numberOfFloorsAboveGround"},"geometry":{"type":"Polygon","coordinates":[[[604247.0,4115476.5091093485],[604247.0,4115477.936225552],[604249.577,4115477.5135],[604250.077,4115480.6735],[604247.0,4115481.179841772],[604247.0,4115481.7147399997],[604247.167,4115482.7635],[604247.557,4115485.3135],[604251.147,4115484.7035],[604250.977,4115484.1735],[604250.427,4115480.8535],[604251.587,4115480.6535],[604251.417,4115479.4335],[604253.767,4115479.0335],[604253.967,4115480.2535],[604255.377,4115480.0135],[604256.037,4115483.9135],[604256.567,4115483.7935],[604259.847,4115483.0735],[604262.547,4115482.4835],[604261.957,4115478.8835],[604263.387,4115478.6435],[604263.217,4115477.4535],[604265.597,4115477.0535],[604265.797,4115478.2235],[604267.237,4115477.9835],[604267.837,4115481.3235],[604271.587,4115480.5035],[604274.717,4115479.8235],[604274.027,4115476.6835],[604274.457,4115476.6135],[604274.267,4115475.3735],[604276.147,4115475.0035],[604275.487,4115472.2035],[604247.0,4115476.5091093485]],[[604266.847,4115474.6735],[604269.987,4115474.1535],[604269.937,4115473.8135],[604273.097,4115473.3635],[604273.707,4115476.4635],[604270.427,4115477.0035],[604270.477,4115477.3035],[604267.437,4115477.8035],[604266.847,4115474.6735]],[[604255.287,4115476.5735],[604261.497,4115475.5535],[604261.977,4115478.7035],[604255.767,4115479.7335],[604255.287,4115476.5735]]]}},{"type":"Feature","properties":{"id":"4356006XG0145N_part29","floors":2,"height":6.2,"heightSource":"Catastro:numberOfFloorsAboveGround"},"geometry":{"type":"Polygon","coordinates":[[[604247.257,4115474.0135],[604255.837,4115472.6135],[604258.797,4115472.1235],[604267.947,4115470.6335],[604270.907,4115470.1435],[604274.847,4115469.5035],[604273.187,4115462.5135],[604268.917,4115463.1735],[604265.957,4115463.6335],[604256.977,4115465.0135],[604254.007,4115465.4735],[604247.0,4115466.552703125],[604247.0,4115474.0554591836],[604247.257,4115474.0135]]]}},{"type":"Feature","properties":{"id":"4356007XG0145N_part1","floors":4,"height":12.4,"heightSource":"Catastro:numberOfFloorsAboveGround"},"geometry":{"type":"Polygon","coordinates":[[[604263.0365,4115421.2235],[604262.5865,4115417.6535],[604259.9065,4115417.9935],[604260.3565,4115421.5635],[604263.0365,4115421.2235]]]}},{"type":"Feature","properties":{"id":"4356007XG0145N_part2","floors":4,"height":12.4,"heightSource":"Catastro:numberOfFloorsAboveGround"},"geometry":{"type":"Polygon","coordinates":[[[604264.5065,4115433.0335],[604264.0665,4115429.4635],[604261.3865,4115429.7935],[604261.8265,4115433.3735],[604264.5065,4115433.0335]]]}},{"type":"Feature","properties":{"id":"4356007XG0145N_part3","floors":4,"height":12.4,"heightSource":"Catastro:numberOfFloorsAboveGround"},"geometry":{"type":"Polygon","coordinates":[[[604267.657,4115442.0635],[604267.3165,4115439.3835],[604265.5365,4115439.6035],[604265.867,4115442.2835],[604267.657,4115442.0635]]]}},{"type":"Feature","properties":{"id":"4356007XG0145N_part4","floors":3,"height":9.3,"heightSource":"Catastro:numberOfFloorsAboveGround"},"geometry":{"type":"Polygon","coordinates":[[[604260.6665,4115402.9735],[604258.9965,4115403.5435],[604259.3665,4115406.3835],[604257.5865,4115406.6035],[604257.2565,4115404.1235],[604256.3465,4115404.4335],[604256.4365,4115405.1435],[604254.5965,4115405.3835],[604259.607,4115445.3935],[604262.567,4115444.9035],[604265.427,4115444.4335],[604270.617,4115443.5735],[604270.0665,4115439.1735],[604269.3565,4115433.5335],[604268.6365,4115427.7835],[604267.8765,4115421.7235],[604267.1565,4115415.9735],[604266.4065,4115409.9135],[604265.6865,4115404.1635],[604265.3365,4115401.3835],[604260.4065,4115401.0035],[604260.6665,4115402.9735]],[[604261.3865,4115429.7935],[604264.0665,4115429.4635],[604264.5065,4115433.0335],[604261.8265,4115433.3735],[604261.3865,4115429.7935]],[[604259.9065,4115417.9935],[604262.5865,4115417.6535],[604263.0365,4115421.2235],[604260.3565,4115421.5635],[604259.9065,4115417.9935]],[[604265.5365,4115439.6035],[604267.3165,4115439.3835],[604267.657,4115442.0635],[604265.867,4115442.2835],[604265.5365,4115439.6035]],[[604258.6565,4115407.9635],[604261.3265,4115407.6335],[604261.5565,4115409.4135],[604258.8765,4115409.7535],[604258.6565,4115407.9635]]]}},{"type":"Feature","properties":{"id":"4356007XG0145N_part24","floors":4,"height":12.4,"heightSource":"Catastro:numberOfFloorsAboveGround"},"geometry":{"type":"Polygon","coordinates":[[[604254.3665,4115403.5535],[604254.5965,4115405.3835],[604256.4365,4115405.1435],[604256.3465,4115404.4335],[604257.2565,4115404.1235],[604257.5865,4115406.6035],[604259.3665,4115406.3835],[604258.9965,4115403.5435],[604260.6665,4115402.9735],[604260.4065,4115401.0035],[604253.9865,4115400.5035],[604254.3665,4115403.5535]]]}},{"type":"Feature","properties":{"id":"4356007XG0145N_part25","floors":4,"height":12.4,"heightSource":"Catastro:numberOfFloorsAboveGround"},"geometry":{"type":"Polygon","coordinates":[[[604261.5565,4115409.4135],[604261.3265,4115407.6335],[604258.6565,4115407.9635],[604258.8765,4115409.7535],[604261.5565,4115409.4135]]]}},{"type":"Feature","properties":{"id":"4356007XG0145N_part27","floors":4,"height":12.4,"heightSource":"Catastro:numberOfFloorsAboveGround"},"geometry":{"type":"Polygon","coordinates":[[[604248.0365,4115431.8835],[604247.5865,4115428.3035],[604247.0,4115428.3779067164],[604247.0,4115432.0106542753],[604248.0365,4115431.8835]]]}},{"type":"Feature","properties":{"id":"4356007XG0145N_part28","floors":4,"height":12.4,"heightSource":"Catastro:numberOfFloorsAboveGround"},"geometry":{"type":"Polygon","coordinates":[[[604249.2865,4115441.9035],[604249.0565,4115440.1135],[604247.0,4115440.3743992536],[604247.0,4115442.185046642],[604249.2865,4115441.9035]]]}},{"type":"Feature","properties":{"id":"4356007XG0145N_part31","floors":1,"height":3.1,"heightSource":"Catastro:numberOfFloorsAboveGround"},"geometry":{"type":"Polygon","coordinates":[[[604247.0,4115400.060925],[604247.0,4115402.6786340782],[604248.5965,4115402.8035],[604248.8065,4115400.1035],[604247.0065,4115399.9735],[604247.0,4115400.060925]]]}},{"type":"Feature","properties":{"id":"4356007XG0145N_part34","floors":3,"height":9.3,"heightSource":"Catastro:numberOfFloorsAboveGround"},"geometry":{"type":"MultiPolygon","coordinates":[[[[604250.5165,4115446.9035],[604254.617,4115446.2235],[604254.3665,4115444.1835],[604253.6465,4115438.4335],[604252.8865,4115432.3735],[604252.1665,4115426.6235],[604251.4065,4115420.5735],[604250.6865,4115414.8135],[604249.9365,4115408.7635],[604249.3565,4115404.1435],[604251.3065,4115403.9135],[604254.3665,4115403.5535],[604253.9865,4115400.5035],[604248.8065,4115400.1035],[604248.5965,4115402.8035],[604247.0,4115402.6786340782],[604247.0,4115428.3779067164],[604247.5865,4115428.3035],[604248.0365,4115431.8835],[604247.0,4115432.0106542753],[604247.0,4115440.3743992536],[604249.0565,4115440.1135],[604249.2865,4115441.9035],[604247.0,4115442.185046642],[604247.0,4115447.4895833335],[604250.5165,4115446.9035]]],[[[604247.0065,4115399.9735],[604247.0,4115399.9729953413],[604247.0,4115400.060925],[604247.0065,4115399.9735]]]]}},{"type":"Feature","properties":{"id":"4454201XG0145S_part1","floors":2,"height":6.2,"heightSource":"Catastro:numberOfFloorsAboveGround"},"geometry":{"type":"Polygon","coordinates":[[[604343.6255,4115307.0435],[604352.4355,4115305.3635],[604351.2155,4115299.3435],[604350.7555,4115297.074],[604341.8455,4115298.734],[604343.6255,4115307.0435]]]}},{"type":"Feature","properties":{"id":"4454201XG0145S_part2","floors":2,"height":6.2,"heightSource":"Catastro:numberOfFloorsAboveGround"},"geometry":{"type":"Polygon","coordinates":[[[604341.0155,4115294.864],[604341.8455,4115298.734],[604350.7555,4115297.074],[604349.9555,4115293.104],[604341.0155,4115294.864]]]}},{"type":"Feature","properties":{"id":"4454201XG0145S_part3","floors":2,"height":6.2,"heightSource":"Catastro:numberOfFloorsAboveGround"},"geometry":{"type":"Polygon","coordinates":[[[604352.4055,4115292.754],[604349.9555,4115293.104],[604350.7555,4115297.074],[604353.1855,4115296.624],[604352.4055,4115292.754]]]}},{"type":"Feature","properties":{"id":"4454203XG0145S_part1","floors":1,"height":3.1,"heightSource":"Catastro:numberOfFloorsAboveGround"},"geometry":{"type":"Polygon","coordinates":[[[604341.215,4115237.144],[604341.635,4115239.674],[604343.865,4115239.294],[604343.435,4115236.754],[604341.215,4115237.144]]]}},{"type":"Feature","properties":{"id":"4454203XG0145S_part2","floors":2,"height":6.2,"heightSource":"Catastro:numberOfFloorsAboveGround"},"geometry":{"type":"Polygon","coordinates":[[[604335.725,4115238.074],[604337.365,4115247.754],[604342.285,4115246.924],[604341.375,4115241.524],[604345.665,4115240.804],[604346.585,4115246.194],[604351.095,4115245.434],[604349.415,4115235.754],[604345.655,4115236.384],[604343.435,4115236.754],[604343.865,4115239.294],[604341.635,4115239.674],[604341.215,4115237.144],[604340.225,4115237.314],[604337.275,4115237.814],[604335.725,4115238.074]]]}},{"type":"Feature","properties":{"id":"4454203XG0145S_part3","floors":3,"height":9.3,"heightSource":"Catastro:numberOfFloorsAboveGround"},"geometry":{"type":"Polygon","coordinates":[[[604345.665,4115240.804],[604341.375,4115241.524],[604342.285,4115246.924],[604346.585,4115246.194],[604345.665,4115240.804]]]}},{"type":"Feature","properties":{"id":"4454208XG0145S_part2","floors":3,"height":9.3,"heightSource":"Catastro:numberOfFloorsAboveGround"},"geometry":{"type":"Polygon","coordinates":[[[604345.655,4115236.384],[604349.415,4115235.754],[604349.165,4115234.274],[604348.9444649499,4115233.0],[604345.0923301887,4115233.0],[604345.655,4115236.384]]]}},{"type":"Feature","properties":{"id":"4454208XG0145S_part3","floors":4,"height":12.4,"heightSource":"Catastro:numberOfFloorsAboveGround"},"geometry":{"type":"Polygon","coordinates":[[[604329.035,4115238.704],[604329.135,4115239.194],[604335.725,4115238.074],[604337.275,4115237.814],[604336.775,4115234.844],[604339.735,4115234.354],[604340.225,4115237.314],[604341.215,4115237.144],[604343.435,4115236.754],[604345.655,4115236.384],[604345.0923301887,4115233.0],[604327.8489130435,4115233.0],[604329.035,4115238.704]]]}},{"type":"Feature","properties":{"id":"4454209XG0145S_part2","floors":2,"height":6.2,"heightSource":"Catastro:numberOfFloorsAboveGround"},"geometry":{"type":"Polygon","coordinates":[[[604334.055,4115247.564],[604332.235,4115247.884],[604331.755,4115245.124],[604330.425,4115245.374],[604331.145,4115248.824],[604334.185,4115248.304],[604334.055,4115247.564]]]}},{"type":"Feature","properties":{"id":"4454209XG0145S_part3","floors":3,"height":9.3,"heightSource":"Catastro:numberOfFloorsAboveGround"},"geometry":{"type":"Polygon","coordinates":[[[604329.135,4115239.194],[604329.645,4115241.654],[604330.425,4115245.374],[604331.755,4115245.124],[604332.235,4115247.884],[604334.055,4115247.564],[604334.185,4115248.304],[604337.365,4115247.754],[604335.725,4115238.074],[604329.135,4115239.194]],[[604332.545,4115240.444],[604333.625,4115240.254],[604333.815,4115241.344],[604332.725,4115241.524],[604332.545,4115240.444]]]}},{"type":"Feature","properties":{"id":"4455001XG0145N_part1","floors":1,"height":3.1,"heightSource":"Catastro:numberOfFloorsAboveGround"},"geometry":{"type":"Polygon","coordinates":[[[604284.0355,4115310.534],[604285.4955,4115317.7835],[604293.0255,4115316.4535],[604292.3255,4115312.7335],[604296.4455,4115312.0035],[604295.8355,4115308.464],[604284.0355,4115310.534]]]}},{"type":"Feature","properties":{"id":"4455002XG0145N_part1","floors":1,"height":3.1,"heightSource":"Catastro:numberOfFloorsAboveGround"},"geometry":{"type":"Polygon","coordinates":[[[604295.6555,4115307.434],[604295.8355,4115308.464],[604296.4455,4115312.0035],[604297.0855,4115315.7435],[604305.0355,4115314.3535],[604303.2255,4115305.774],[604295.6555,4115307.434]]]}},{"type":"Feature","properties":{"id":"4455003XG0145N_part1","floors":1,"height":3.1,"heightSource":"Catastro:numberOfFloorsAboveGround"},"geometry":{"type":"Polygon","coordinates":[[[604295.6555,4115307.434],[604303.2255,4115305.774],[604301.9455,4115299.654],[604294.5655,4115301.024],[604295.6555,4115307.434]]]}},{"type":"Feature","properties":{"id":"4455005XG0145N_part1","floors":1,"height":3.1,"heightSource":"Catastro:numberOfFloorsAboveGround"},"geometry":{"type":"Polygon","coordinates":[[[604292.7555,4115291.894],[604289.5655,4115292.414],[604289.5955,4115292.574],[604289.9755,4115294.944],[604300.5555,4115293.054],[604300.4555,4115292.574],[604299.0155,4115285.714],[604294.5555,4115286.534],[604291.7655,4115287.044],[604292.7555,4115291.894]]]}},{"type":"Feature","properties":{"id":"4455006XG0145N_part1","floors":2,"height":6.2,"heightSource":"Catastro:numberOfFloorsAboveGround"},"geometry":{"type":"Polygon","coordinates":[[[604286.765,4115279.824],[604287.245,4115282.064],[604289.205,4115281.644],[604288.715,4115279.394],[604286.765,4115279.824]]]}},{"type":"Feature","properties":{"id":"4455006XG0145N_part2","floors":2,"height":6.2,"heightSource":"Catastro:numberOfFloorsAboveGround"},"geometry":{"type":"Polygon","coordinates":[[[604285.855,4115275.614],[604286.765,4115279.824],[604288.715,4115279.394],[604287.805,4115275.184],[604287.225,4115275.314],[604285.855,4115275.614]]]}},{"type":"Feature","properties":{"id":"4455006XG0145N_part3","floors":2,"height":6.2,"heightSource":"Catastro:numberOfFloorsAboveGround"},"geometry":{"type":"Polygon","coordinates":[[[604287.245,4115282.064],[604288.4955,4115287.834],[604290.4355,4115287.364],[604289.205,4115281.644],[604287.245,4115282.064]]]}},{"type":"Feature","properties":{"id":"4455006XG0145N_part4","floors":2,"height":6.2,"heightSource":"Catastro:numberOfFloorsAboveGround"},"geometry":{"type":"Polygon","coordinates":[[[604291.915,4115274.294],[604294.5555,4115286.534],[604299.0155,4115285.714],[604296.405,4115273.324],[604291.915,4115274.294]]]}},{"type":"Feature","properties":{"id":"4455006XG0145N_part5","floors":3,"height":9.3,"heightSource":"Catastro:numberOfFloorsAboveGround"},"geometry":{"type":"Polygon","coordinates":[[[604287.805,4115275.184],[604288.715,4115279.394],[604289.205,4115281.644],[604290.4355,4115287.364],[604291.7655,4115287.044],[604294.5555,4115286.534],[604291.915,4115274.294],[604287.805,4115275.184]]]}},{"type":"Feature","properties":{"id":"4455006XG0145N_part6","floors":1,"height":3.1,"heightSource":"Catastro:numberOfFloorsAboveGround"},"geometry":{"type":"Polygon","coordinates":[[[604285.495,4115280.094],[604285.975,4115282.344],[604287.245,4115282.064],[604286.765,4115279.824],[604285.495,4115280.094]]]}},{"type":"Feature","properties":{"id":"4455006XG0145N_part7","floors":2,"height":6.2,"heightSource":"Catastro:numberOfFloorsAboveGround"},"geometry":{"type":"Polygon","coordinates":[[[604283.905,4115276.034],[604284.805,4115280.244],[604285.495,4115280.094],[604286.765,4115279.824],[604285.855,4115275.614],[604284.295,4115275.954],[604283.905,4115276.034]]]}},{"type":"Feature","properties":{"id":"4455006XG0145N_part8","floors":2,"height":6.2,"heightSource":"Catastro:numberOfFloorsAboveGround"},"geometry":{"type":"Polygon","coordinates":[[[604285.295,4115282.494],[604286.5455,4115288.294],[604288.4955,4115287.834],[604287.245,4115282.064],[604285.975,4115282.344],[604285.295,4115282.494]]]}},{"type":"Feature","properties":{"id":"4455009XG0145N_part1","floors":1,"height":3.1,"heightSource":"Catastro:numberOfFloorsAboveGround"},"geometry":{"type":"Polygon","coordinates":[[[604282.5615,4115242.598],[604282.525,4115242.384],[604282.115,4115240.364],[604278.575,4115241.084],[604278.065,4115238.074],[604281.515,4115237.384],[604281.255,4115236.074],[604276.7045,4115236.924],[604272.1945,4115237.934],[604266.9245,4115239.124],[604267.635,4115242.394],[604270.895,4115241.744],[604270.765,4115241.124],[604274.995,4115240.264],[604275.7595,4115244.037],[604276.485,4115243.884],[604279.415,4115243.264],[604282.0305,4115242.71],[604282.5615,4115242.598]]]}},{"type":"Feature","properties":{"id":"4455009XG0145N_part2","floors":2,"height":6.2,"heightSource":"Catastro:numberOfFloorsAboveGround"},"geometry":{"type":"Polygon","coordinates":[[[604282.5615,4115242.598],[604286.1335,4115241.8415],[604286.115,4115241.714],[604284.806,4115235.388],[604281.255,4115236.074],[604281.515,4115237.384],[604282.115,4115240.364],[604282.525,4115242.384],[604282.5615,4115242.598]]]}},{"type":"Feature","properties":{"id":"4455009XG0145N_part3","floors":1,"height":3.1,"heightSource":"Catastro:numberOfFloorsAboveGround"},"geometry":{"type":"Polygon","coordinates":[[[604286.1335,4115241.8415],[604289.6655,4115241.094],[604289.655,4115241.044],[604288.345,4115234.704],[604284.806,4115235.388],[604286.115,4115241.714],[604286.1335,4115241.8415]]]}},{"type":"Feature","properties":{"id":"4455014XG0145N_part1","floors":3,"height":9.3,"heightSource":"Catastro:numberOfFloorsAboveGround"},"geometry":{"type":"Polygon","coordinates":[[[604271.385,4115259.644],[604276.375,4115277.664],[604283.905,4115276.034],[604284.295,4115275.954],[604283.655,4115273.024],[604286.585,4115272.384],[604287.225,4115275.314],[604287.805,4115275.184],[604291.915,4115274.294],[604296.405,4115273.324],[604292.635,4115255.404],[604283.415,4115257.244],[604284.005,4115260.184],[604281.065,4115260.774],[604280.475,4115257.834],[604271.385,4115259.644]]]}},{"type":"Feature","properties":{"id":"4455015XG0145N_part1","floors":3,"height":9.3,"heightSource":"Catastro:numberOfFloorsAboveGround"},"geometry":{"type":"Polygon","coordinates":[[[604275.7595,4115244.037],[604268.334,4115245.604],[604268.345,4115245.654],[604271.385,4115259.644],[604279.6055,4115258.007],[604278.855,4115254.744],[604281.755,4115254.084],[604282.396,4115257.4485],[604283.415,4115257.244],[604292.635,4115255.404],[604291.135,4115248.194],[604289.6655,4115241.094],[604282.0305,4115242.71],[604279.415,4115243.264],[604280.125,4115246.614],[604278.445,4115247.004],[604277.235,4115247.254],[604276.485,4115243.884],[604275.7595,4115244.037]]]}},{"type":"Feature","properties":{"id":"4455301XG0145N_part1","floors":3,"height":9.3,"heightSource":"Catastro:numberOfFloorsAboveGround"},"geometry":{"type":"Polygon","coordinates":[[[604308.9955,4115306.7435],[604310.4155,4115313.6035],[604320.4555,4115311.5835],[604319.0655,4115304.8735],[604308.9955,4115306.7435]]]}},{"type":"Feature","properties":{"id":"4455301XG0145N_part2","floors":2,"height":6.2,"heightSource":"Catastro:numberOfFloorsAboveGround"},"geometry":{"type":"Polygon","coordinates":[[[604308.7155,4115307.2535],[604310.0855,4115313.8735],[604320.3555,4115311.8135],[604320.4555,4115311.5835],[604310.4155,4115313.6035],[604308.9955,4115306.7435],[604308.7155,4115307.2535]]]}},{"type":"Feature","properties":{"id":"4455302XG0145N_part1","floors":2,"height":6.2,"heightSource":"Catastro:numberOfFloorsAboveGround"},"geometry":{"type":"Polygon","coordinates":[[[604322.0055,4115300.974],[604322.6655,4115304.2135],[604322.8155,4115304.9635],[604326.07,4115304.41],[604327.2555,4115310.2135],[604332.9355,4115309.0635],[604330.8775,4115299.3835],[604322.0055,4115300.974]]]}},{"type":"Feature","properties":{"id":"4455302XG0145N_part2","floors":1,"height":3.1,"heightSource":"Catastro:numberOfFloorsAboveGround"},"geometry":{"type":"Polygon","coordinates":[[[604337.0155,4115308.2535],[604334.9455,4115298.654],[604330.8775,4115299.3835],[604332.9355,4115309.0635],[604337.0155,4115308.2535]]]}},{"type":"Feature","properties":{"id":"4455303XG0145N_part1","floors":3,"height":9.3,"heightSource":"Catastro:numberOfFloorsAboveGround"},"geometry":{"type":"Polygon","coordinates":[[[604304.505,4115277.234],[604303.095,4115277.504],[604304.0255,4115282.054],[604306.1355,4115292.574],[604306.1855,4115292.824],[604307.0355,4115297.034],[604308.5555,4115296.734],[604309.0455,4115299.224],[604319.0455,4115297.334],[604318.4255,4115294.144],[604316.4655,4115294.524],[604316.0955,4115292.574],[604315.8255,4115291.154],[604315.2355,4115291.274],[604314.9455,4115289.794],[604312.6855,4115290.244],[604312.1555,4115287.514],[604309.9855,4115287.934],[604309.4155,4115284.984],[604311.5755,4115284.574],[604311.0855,4115282.014],[604313.3455,4115281.584],[604313.0555,4115280.104],[604313.6455,4115279.994],[604312.8855,4115276.064],[604314.8555,4115275.684],[604314.305,4115272.844],[604311.245,4115273.444],[604304.035,4115274.834],[604304.505,4115277.234]]]}},{"type":"Feature","properties":{"id":"4455303XG0145N_part2","floors":3,"height":9.3,"heightSource":"Catastro:numberOfFloorsAboveGround"},"geometry":{"type":"Polygon","coordinates":[[[604324.6355,4115277.154],[604327.0155,4115289.454],[604332.6855,4115288.354],[604332.0355,4115285.414],[604330.8755,4115280.244],[604329.9655,4115276.124],[604324.6355,4115277.154]]]}},{"type":"Feature","properties":{"id":"4455303XG0145N_part3","floors":4,"height":12.4,"heightSource":"Catastro:numberOfFloorsAboveGround"},"geometry":{"type":"Polygon","coordinates":[[[604312.8855,4115276.064],[604313.6455,4115279.994],[604313.0555,4115280.104],[604313.3455,4115281.584],[604311.0855,4115282.014],[604311.5755,4115284.574],[604312.3655,4115284.414],[604312.9355,4115287.364],[604312.1555,4115287.514],[604312.6855,4115290.244],[604314.9455,4115289.794],[604315.2355,4115291.274],[604315.8255,4115291.154],[604316.0955,4115292.574],[604316.4655,4115294.524],[604318.4255,4115294.144],[604321.9655,4115293.454],[604322.5855,4115296.664],[604334.0555,4115294.504],[604333.6255,4115292.574],[604333.5955,4115292.444],[604332.6855,4115288.354],[604327.0155,4115289.454],[604324.6355,4115277.154],[604329.9655,4115276.124],[604329.2655,4115273.004],[604324.2755,4115273.974],[604323.7055,4115271.024],[604317.935,4115272.144],[604318.4855,4115274.984],[604314.8555,4115275.684],[604312.8855,4115276.064]],[[604316.6755,4115283.514],[604320.6055,4115282.754],[604321.1355,4115285.494],[604317.2055,4115286.254],[604316.6755,4115283.514]]]}},{"type":"Feature","properties":{"id":"4455303XG0145N_part4","floors":3,"height":9.3,"heightSource":"Catastro:numberOfFloorsAboveGround"},"geometry":{"type":"Polygon","coordinates":[[[604323.7055,4115271.024],[604324.2755,4115273.974],[604329.2655,4115273.004],[604328.6155,4115270.074],[604323.7055,4115271.024]]]}},{"type":"Feature","properties":{"id":"4455303XG0145N_part5","floors":2,"height":6.2,"heightSource":"Catastro:numberOfFloorsAboveGround"},"geometry":{"type":"Polygon","coordinates":[[[604303.5255,4115282.154],[604305.5455,4115292.574],[604305.6155,4115292.934],[604306.1855,4115292.824],[604306.1355,4115292.574],[604304.0255,4115282.054],[604303.5255,4115282.154]]]}},{"type":"Feature","properties":{"id":"4455303XG0145N_part6","floors":2,"height":6.2,"heightSource":"Catastro:numberOfFloorsAboveGround"},"geometry":{"type":"Polygon","coordinates":[[[604331.3655,4115280.134],[604330.2855,4115275.274],[604329.7555,4115272.904],[604329.2655,4115273.004],[604329.9655,4115276.124],[604330.8755,4115280.244],[604331.3655,4115280.134]]]}},{"type":"Feature","properties":{"id":"4455303XG0145N_part7","floors":2,"height":6.2,"heightSource":"Catastro:numberOfFloorsAboveGround"},"geometry":{"type":"Polygon","coordinates":[[[604334.0855,4115292.334],[604332.5155,4115285.304],[604332.0355,4115285.414],[604332.6855,4115288.354],[604333.5955,4115292.444],[604334.0855,4115292.334]]]}},{"type":"Feature","properties":{"id":"4455303XG0145N_part8","floors":3,"height":9.3,"heightSource":"Catastro:numberOfFloorsAboveGround"},"geometry":{"type":"Polygon","coordinates":[[[604302.615,4115275.104],[604303.095,4115277.504],[604304.505,4115277.234],[604304.035,4115274.834],[604302.615,4115275.104]]]}},{"type":"Feature","properties":{"id":"4455303XG0145N_part9","floors":3,"height":9.3,"heightSource":"Catastro:numberOfFloorsAboveGround"},"geometry":{"type":"Polygon","coordinates":[[[604308.5555,4115296.734],[604307.0355,4115297.034],[604307.5355,4115299.514],[604309.0455,4115299.224],[604308.5555,4115296.734]]]}},{"type":"Feature","properties":{"id":"4455304XG0145N_part1","floors":2,"height":6.2,"heightSource":"Catastro:numberOfFloorsAboveGround"},"geometry":{"type":"Polygon","coordinates":[[[604311.195,4115243.434],[604308.875,4115243.944],[604309.705,4115247.754],[604321.505,4115245.364],[604320.265,4115239.664],[604319.385,4115235.654],[604309.945,4115237.694],[604311.195,4115243.434]]]}},{"type":"Feature","properties":{"id":"4455304XG0145N_part2","floors":1,"height":3.1,"heightSource":"Catastro:numberOfFloorsAboveGround"},"geometry":{"type":"Polygon","coordinates":[[[604320.265,4115239.664],[604321.505,4115245.364],[604323.205,4115245.014],[604322.035,4115239.284],[604320.265,4115239.664]]]}},{"type":"Feature","properties":{"id":"4455305XG0145N_part1","floors":2,"height":6.2,"heightSource":"Catastro:numberOfFloorsAboveGround"},"geometry":{"type":"Polygon","coordinates":[[[604309.835,4115234.594],[604306.995,4115235.214],[604307.205,4115236.194],[604307.645,4115238.204],[604309.945,4115237.694],[604319.385,4115235.654],[604321.215,4115235.264],[604320.7533398558,4115233.0],[604309.4875897436,4115233.0],[604309.835,4115234.594]]]}},{"type":"Feature","properties":{"id":"4455309XG0145N_part1","floors":1,"height":3.1,"heightSource":"Catastro:numberOfFloorsAboveGround"},"geometry":{"type":"Polygon","coordinates":[[[604295.125,4115238.824],[604307.205,4115236.194],[604306.995,4115235.214],[604306.5140031949,4115233.0],[604293.9058280701,4115233.0],[604295.125,4115238.824]]]}},{"type":"Feature","properties":{"id":"4455310XG0145N_part1","floors":2,"height":6.2,"heightSource":"Catastro:numberOfFloorsAboveGround"},"geometry":{"type":"Polygon","coordinates":[[[604295.125,4115238.824],[604296.215,4115244.014],[604298.015,4115252.634],[604310.225,4115250.034],[604309.705,4115247.754],[604308.875,4115243.944],[604307.645,4115238.204],[604307.205,4115236.194],[604295.125,4115238.824]]]}},{"type":"Feature","properties":{"id":"4455310XG0145N_part2","floors":1,"height":3.1,"heightSource":"Catastro:numberOfFloorsAboveGround"},"geometry":{"type":"Polygon","coordinates":[[[604294.765,4115239.524],[604295.725,4115244.114],[604296.215,4115244.014],[604295.125,4115238.824],[604294.765,4115239.524]]]}},{"type":"Feature","properties":{"id":"4455312XG0145N_part3","floors":3,"height":9.3,"heightSource":"Catastro:numberOfFloorsAboveGround"},"geometry":{"type":"Polygon","coordinates":[[[604299.625,4115260.314],[604300.275,4115263.544],[604301.965,4115271.874],[604302.615,4115275.104],[604304.035,4115274.834],[604311.245,4115273.444],[604310.555,4115270.244],[604311.395,4115270.094],[604312.085,4115270.604],[604313.205,4115270.404],[604313.815,4115269.654],[604314.515,4115269.524],[604313.865,4115266.494],[604311.105,4115267.114],[604310.555,4115264.634],[604313.325,4115264.014],[604313.015,4115262.594],[604312.625,4115260.824],[604312.215,4115260.894],[604311.495,4115260.144],[604310.195,4115260.374],[604309.715,4115261.344],[604308.725,4115261.524],[604308.065,4115258.484],[604299.625,4115260.314]]]}},{"type":"Feature","properties":{"id":"4455312XG0145N_part4","floors":4,"height":12.4,"heightSource":"Catastro:numberOfFloorsAboveGround"},"geometry":{"type":"Polygon","coordinates":[[[604311.935,4115257.644],[604312.625,4115260.824],[604313.015,4115262.594],[604317.385,4115261.614],[604318.255,4115265.524],[604313.865,4115266.494],[604314.515,4115269.524],[604315.195,4115272.674],[604317.935,4115272.144],[604323.7055,4115271.024],[604328.6155,4115270.074],[604327.845,4115266.624],[604326.875,4115266.844],[604326.435,4115264.894],[604327.415,4115264.674],[604327.345,4115264.364],[604322.465,4115265.444],[604321.785,4115262.424],[604326.665,4115261.334],[604326.195,4115259.224],[604325.225,4115259.444],[604324.785,4115257.484],[604325.765,4115257.274],[604325.205,4115254.764],[604311.935,4115257.644]]]}},{"type":"Feature","properties":{"id":"4455312XG0145N_part5","floors":3,"height":9.3,"heightSource":"Catastro:numberOfFloorsAboveGround"},"geometry":{"type":"Polygon","coordinates":[[[604321.785,4115262.424],[604322.465,4115265.444],[604327.345,4115264.364],[604326.665,4115261.334],[604321.785,4115262.424]]]}},{"type":"Feature","properties":{"id":"4455312XG0145N_part6","floors":5,"height":15.5,"heightSource":"Catastro:numberOfFloorsAboveGround"},"geometry":{"type":"Polygon","coordinates":[[[604313.325,4115264.014],[604310.555,4115264.634],[604311.105,4115267.114],[604313.865,4115266.494],[604318.255,4115265.524],[604317.385,4115261.614],[604313.015,4115262.594],[604313.325,4115264.014]]]}},{"type":"Feature","properties":{"id":"4455312XG0145N_part7","floors":3,"height":9.3,"heightSource":"Catastro:numberOfFloorsAboveGround"},"geometry":{"type":"Polygon","coordinates":[[[604326.665,4115261.334],[604327.345,4115264.364],[604327.415,4115264.674],[604327.855,4115264.344],[604326.745,4115259.364],[604326.195,4115259.224],[604326.665,4115261.334]]]}},{"type":"Feature","properties":{"id":"4455312XG0145N_part8","floors":2,"height":6.2,"heightSource":"Catastro:numberOfFloorsAboveGround"},"geometry":{"type":"Polygon","coordinates":[[[604299.785,4115263.644],[604301.475,4115271.964],[604301.965,4115271.874],[604300.275,4115263.544],[604299.785,4115263.644]]]}},{"type":"Feature","properties":{"id":"4455314XG0145N_part1","floors":1,"height":3.1,"heightSource":"Catastro:numberOfFloorsAboveGround"},"geometry":{"type":"Polygon","coordinates":[[[604319.0655,4115304.8735],[604320.4555,4115311.5835],[604323.9755,4115310.8735],[604322.8155,4115304.9635],[604322.6655,4115304.2135],[604319.0655,4115304.8735]]]}},{"type":"Feature","properties":{"id":"4455701XG0145N_part1","floors":2,"height":6.2,"heightSource":"Catastro:numberOfFloorsAboveGround"},"geometry":{"type":"Polygon","coordinates":[[[604261.3755,4115322.1235],[604265.5655,4115321.3635],[604264.9255,4115318.4635],[604263.9155,4115313.704],[604259.4255,4115314.564],[604261.3755,4115322.1235]]]}},{"type":"Feature","properties":{"id":"4455702XG0145N_part1","floors":1,"height":3.1,"heightSource":"Catastro:numberOfFloorsAboveGround"},"geometry":{"type":"Polygon","coordinates":[[[604263.9155,4115313.704],[604264.9255,4115318.4635],[604266.8355,4115318.0535],[604267.4855,4115321.0235],[604278.2455,4115319.1135],[604276.5355,4115311.324],[604270.9155,4115312.384],[604269.3655,4115312.664],[604269.7755,4115314.544],[604267.6555,4115315.004],[604267.2455,4115313.074],[604266.0255,4115313.304],[604265.1955,4115313.454],[604263.9155,4115313.704]]]}},{"type":"Feature","properties":{"id":"4455703XG0145N_part1","floors":1,"height":3.1,"heightSource":"Catastro:numberOfFloorsAboveGround"},"geometry":{"type":"Polygon","coordinates":[[[604261.6655,4115303.334],[604263.9155,4115313.704],[604265.1955,4115313.454],[604262.9355,4115303.054],[604261.6655,4115303.334]]]}},{"type":"Feature","properties":{"id":"4455703XG0145N_part2","floors":2,"height":6.2,"heightSource":"Catastro:numberOfFloorsAboveGround"},"geometry":{"type":"Polygon","coordinates":[[[604262.9355,4115303.054],[604265.1955,4115313.454],[604266.0255,4115313.304],[604265.4655,4115310.684],[604270.3155,4115309.644],[604270.9155,4115312.384],[604276.5355,4115311.324],[604274.1855,4115300.604],[604262.9355,4115303.054]]]}},{"type":"Feature","properties":{"id":"4455703XG0145N_part3","floors":3,"height":9.3,"heightSource":"Catastro:numberOfFloorsAboveGround"},"geometry":{"type":"Polygon","coordinates":[[[604270.3155,4115309.644],[604265.4655,4115310.684],[604266.0255,4115313.304],[604267.2455,4115313.074],[604269.3655,4115312.664],[604270.9155,4115312.384],[604270.3155,4115309.644]]]}},{"type":"Feature","properties":{"id":"4455704XG0145N_part1","floors":1,"height":3.1,"heightSource":"Catastro:numberOfFloorsAboveGround"},"geometry":{"type":"Polygon","coordinates":[[[604255.92,4115299.67],[604256.9505,4115304.3615],[604259.4255,4115303.824],[604259.8475,4115303.7315],[604259.504,4115302.166],[604258.8165,4115299.035],[604255.92,4115299.67]]]}},{"type":"Feature","properties":{"id":"4455704XG0145N_part2","floors":2,"height":6.2,"heightSource":"Catastro:numberOfFloorsAboveGround"},"geometry":{"type":"Polygon","coordinates":[[[604259.884,4115297.089],[604260.1755,4115297.023],[604260.545,4115298.6565],[604258.8165,4115299.035],[604259.504,4115302.166],[604264.782,4115301.0145],[604265.123,4115302.5775],[604274.1855,4115300.604],[604272.4255,4115292.574],[604272.0955,4115291.054],[604265.0355,4115292.574],[604260.3855,4115293.574],[604259.151,4115293.845],[604259.884,4115297.089]]]}},{"type":"Feature","properties":{"id":"4455704XG0145N_part3","floors":3,"height":9.3,"heightSource":"Catastro:numberOfFloorsAboveGround"},"geometry":{"type":"Polygon","coordinates":[[[604264.782,4115301.0145],[604259.504,4115302.166],[604259.8475,4115303.7315],[604261.6655,4115303.334],[604262.9355,4115303.054],[604265.123,4115302.5775],[604264.782,4115301.0145]]]}},{"type":"Feature","properties":{"id":"4455705XG0145N_part1","floors":1,"height":3.1,"heightSource":"Catastro:numberOfFloorsAboveGround"},"geometry":{"type":"Polygon","coordinates":[[[604252.815,4115285.944],[604252.225,4115286.074],[604249.785,4115286.604],[604247.0,4115287.216508591],[604247.0,4115287.461728758],[604249.935,4115292.574],[604250.066,4115292.798],[604251.615,4115295.494],[604254.735,4115294.814],[604260.3855,4115293.574],[604265.0355,4115292.574],[604272.0955,4115291.054],[604270.165,4115282.214],[604269.245,4115282.404],[604267.675,4115282.744],[604261.945,4115283.984],[604263.145,4115289.534],[604254.015,4115291.504],[604253.405,4115288.684],[604257.205,4115287.854],[604256.615,4115285.124],[604252.815,4115285.944]]]}},{"type":"Feature","properties":{"id":"4455706XG0145N_part1","floors":2,"height":6.2,"heightSource":"Catastro:numberOfFloorsAboveGround"},"geometry":{"type":"Polygon","coordinates":[[[604251.455,4115282.504],[604252.225,4115286.074],[604252.815,4115285.944],[604256.615,4115285.124],[604261.945,4115283.984],[604267.675,4115282.744],[604266.855,4115278.964],[604266.235,4115276.104],[604257.835,4115277.924],[604258.495,4115280.974],[604252.045,4115282.374],[604251.455,4115282.504]]]}},{"type":"Feature","properties":{"id":"4455706XG0145N_part2","floors":1,"height":3.1,"heightSource":"Catastro:numberOfFloorsAboveGround"},"geometry":{"type":"Polygon","coordinates":[[[604247.0,4115280.270626734],[604247.0,4115287.216508591],[604249.785,4115286.604],[604249.015,4115283.034],[604251.455,4115282.504],[604252.045,4115282.374],[604251.385,4115279.314],[604247.0,4115280.270626734]]]}},{"type":"Feature","properties":{"id":"4455706XG0145N_part3","floors":2,"height":6.2,"heightSource":"Catastro:numberOfFloorsAboveGround"},"geometry":{"type":"Polygon","coordinates":[[[604268.435,4115278.624],[604266.855,4115278.964],[604267.675,4115282.744],[604269.245,4115282.404],[604268.435,4115278.624]]]}},{"type":"Feature","properties":{"id":"4455707XG0145N_part1","floors":1,"height":3.1,"heightSource":"Catastro:numberOfFloorsAboveGround"},"geometry":{"type":"Polygon","coordinates":[[[604255.345,4115271.474],[604256.905,4115271.144],[604257.665,4115274.644],[604247.0,4115276.9472394367],[604247.0,4115280.270626734],[604251.385,4115279.314],[604257.835,4115277.924],[604266.235,4115276.104],[604268.705,4115275.574],[604266.535,4115265.654],[604254.635,4115268.214],[604255.345,4115271.474]]]}},{"type":"Feature","properties":{"id":"4455707XG0145N_part2","floors":1,"height":3.1,"heightSource":"Catastro:numberOfFloorsAboveGround"},"geometry":{"type":"Polygon","coordinates":[[[604251.765,4115271.224],[604251.305,4115268.934],[604249.045,4115269.424],[604248.165,4115269.614],[604247.0,4115269.8660983606],[604247.0,4115272.2685795794],[604251.765,4115271.224]]]}},{"type":"Feature","properties":{"id":"4455708XG0145N_part1","floors":1,"height":3.1,"heightSource":"Catastro:numberOfFloorsAboveGround"},"geometry":{"type":"Polygon","coordinates":[[[604247.0,4115245.3507964793],[604247.0,4115254.0678407704],[604249.395,4115253.544],[604252.805,4115252.804],[604252.335,4115250.624],[604256.525,4115249.724],[604256.995,4115251.884],[604263.225,4115250.524],[604261.4045,4115242.234],[604247.0,4115245.3507964793]]]}},{"type":"Feature","properties":{"id":"4455709XG0145N_part1","floors":1,"height":3.1,"heightSource":"Catastro:numberOfFloorsAboveGround"},"geometry":{"type":"Polygon","coordinates":[[[604249.395,4115253.544],[604250.205,4115257.194],[604250.935,4115260.584],[604252.675,4115268.644],[604254.635,4115268.214],[604266.535,4115265.654],[604263.225,4115250.524],[604256.995,4115251.884],[604252.805,4115252.804],[604249.395,4115253.544]]]}},{"type":"Feature","properties":{"id":"4455710XG0145N_part2","floors":2,"height":6.2,"heightSource":"Catastro:numberOfFloorsAboveGround"},"geometry":{"type":"Polygon","coordinates":[[[604261.4045,4115242.234],[604259.3795822335,4115233.0],[604256.4571134967,4115233.0],[604249.0445,4115234.624],[604248.6685,4115234.706],[604250.8215,4115244.524],[604261.4045,4115242.234]]]}},{"type":"Feature","properties":{"id":"4455711XG0145N_part1","floors":1,"height":3.1,"heightSource":"Catastro:numberOfFloorsAboveGround"},"geometry":{"type":"Polygon","coordinates":[[[604249.0445,4115234.624],[604256.4571134967,4115233.0],[604247.0,4115233.0],[604247.0,4115235.068734742],[604249.0445,4115234.624]]]}},{"type":"Feature","properties":{"id":"4455715XG0145N_part1","floors":3,"height":9.3,"heightSource":"Catastro:numberOfFloorsAboveGround"},"geometry":{"type":"Polygon","coordinates":[[[604247.0,4115254.0678407704],[604247.0,4115265.7801811025],[604248.205,4115265.524],[604249.045,4115269.424],[604251.305,4115268.934],[604252.675,4115268.644],[604250.935,4115260.584],[604247.965,4115261.274],[604247.275,4115257.824],[604250.205,4115257.194],[604249.395,4115253.544],[604247.0,4115254.0678407704]]]}},{"type":"Feature","properties":{"id":"4455715XG0145N_part3","floors":4,"height":12.4,"heightSource":"Catastro:numberOfFloorsAboveGround"},"geometry":{"type":"Polygon","coordinates":[[[604248.205,4115265.524],[604247.0,4115265.7801811025],[604247.0,4115269.866302799],[604249.045,4115269.424],[604248.205,4115265.524]]]}},{"type":"Feature","properties":{"id":"4456001XG0145N_part1","floors":3,"height":9.3,"heightSource":"Catastro:numberOfFloorsAboveGround"},"geometry":{"type":"Polygon","coordinates":[[[604274.1265,4115404.6435],[604276.6565,4115411.6235],[604274.9065,4115404.4535],[604274.1265,4115404.6435]]]}},{"type":"Feature","properties":{"id":"4456001XG0145N_part2","floors":4,"height":12.4,"heightSource":"Catastro:numberOfFloorsAboveGround"},"geometry":{"type":"Polygon","coordinates":[[[604274.7165,4115403.6735],[604274.9065,4115404.4535],[604276.6565,4115411.6235],[604276.7465,4115411.9935],[604277.3865,4115414.6135],[604280.1165,4115415.4935],[604285.8265,4115417.3335],[604290.8765,4115418.9535],[604296.5865,4115420.7935],[604300.9665,4115422.2035],[604300.8465,4115421.6635],[604295.8265,4115399.1035],[604295.6965,4115398.5135],[604290.4465,4115399.7835],[604284.8065,4115401.1735],[604282.6765,4115401.7235],[604277.7265,4115402.9935],[604277.0565,4115403.1435],[604274.7165,4115403.6735]],[[604291.3265,4115409.1335],[604292.1165,4115412.3135],[604288.6265,4115413.1835],[604287.7965,4115409.9835],[604291.3265,4115409.1335]]]}},{"type":"Feature","properties":{"id":"4456001XG0145N_part3","floors":3,"height":9.3,"heightSource":"Catastro:numberOfFloorsAboveGround"},"geometry":{"type":"Polygon","coordinates":[[[604275.9665,4115412.1835],[604276.5565,4115414.5935],[604277.3865,4115414.6135],[604276.7465,4115411.9935],[604275.9665,4115412.1835]]]}},{"type":"Feature","properties":{"id":"4456001XG0145N_part4","floors":2,"height":6.2,"heightSource":"Catastro:numberOfFloorsAboveGround"},"geometry":{"type":"Polygon","coordinates":[[[604282.5965,4115401.3835],[604276.9665,4115402.7535],[604277.0565,4115403.1435],[604282.6765,4115401.7235],[604282.5965,4115401.3835]]]}},{"type":"Feature","properties":{"id":"4456001XG0145N_part5","floors":3,"height":9.3,"heightSource":"Catastro:numberOfFloorsAboveGround"},"geometry":{"type":"Polygon","coordinates":[[[604279.9965,4115415.8735],[604285.7065,4115417.7135],[604285.8265,4115417.3335],[604280.1165,4115415.4935],[604279.9965,4115415.8735]]]}},{"type":"Feature","properties":{"id":"4456001XG0145N_part6","floors":2,"height":6.2,"heightSource":"Catastro:numberOfFloorsAboveGround"},"geometry":{"type":"Polygon","coordinates":[[[604290.3465,4115399.4035],[604284.7165,4115400.7835],[604284.8065,4115401.1735],[604290.4465,4115399.7835],[604290.3465,4115399.4035]]]}},{"type":"Feature","properties":{"id":"4456001XG0145N_part7","floors":3,"height":9.3,"heightSource":"Catastro:numberOfFloorsAboveGround"},"geometry":{"type":"Polygon","coordinates":[[[604290.7565,4115419.3335],[604296.4665,4115421.1735],[604296.5865,4115420.7935],[604290.8765,4115418.9535],[604290.7565,4115419.3335]]]}},{"type":"Feature","properties":{"id":"4456001XG0145N_part8","floors":2,"height":6.2,"heightSource":"Catastro:numberOfFloorsAboveGround"},"geometry":{"type":"Polygon","coordinates":[[[604301.6265,4115421.4835],[604299.7765,4115412.6435],[604299.4565,4115412.7235],[604298.2765,4115407.8735],[604298.7665,4115407.7535],[604296.6065,4115398.9135],[604295.8265,4115399.1035],[604300.8465,4115421.6635],[604301.6265,4115421.4835]]]}},{"type":"Feature","properties":{"id":"4456101XG0145N_part1","floors":1,"height":3.1,"heightSource":"Catastro:numberOfFloorsAboveGround"},"geometry":{"type":"Polygon","coordinates":[[[604285.3165,4115431.6435],[604282.3265,4115431.9235],[604282.707,4115435.9035],[604285.697,4115435.6235],[604285.3365,4115431.8335],[604285.3165,4115431.6435]]]}},{"type":"Feature","properties":{"id":"4456101XG0145N_part2","floors":4,"height":12.4,"heightSource":"Catastro:numberOfFloorsAboveGround"},"geometry":{"type":"Polygon","coordinates":[[[604278.0765,4115424.9535],[604278.1765,4115425.9435],[604278.6165,4115429.9235],[604278.7265,4115430.9235],[604279.3065,4115436.3335],[604279.417,4115437.3335],[604279.857,4115441.3035],[604279.957,4115442.3035],[604280.107,4115443.6435],[604292.137,4115442.5035],[604290.857,4115435.7335],[604285.747,4115436.2235],[604285.697,4115435.6235],[604282.707,4115435.9035],[604282.3265,4115431.9235],[604285.3165,4115431.6435],[604285.3365,4115431.8335],[604290.0165,4115431.3935],[604288.7065,4115424.7235],[604283.4265,4115423.1335],[604282.4765,4115422.8435],[604278.6465,4115421.6935],[604277.6865,4115421.4035],[604278.0765,4115424.9535]]]}},{"type":"Feature","properties":{"id":"4456101XG0145N_part7","floors":5,"height":15.5,"heightSource":"Catastro:numberOfFloorsAboveGround"},"geometry":{"type":"Polygon","coordinates":[[[604290.477,4115433.7035],[604290.2665,4115432.6235],[604290.0165,4115431.3935],[604285.3365,4115431.8335],[604285.697,4115435.6235],[604285.747,4115436.2235],[604290.857,4115435.7335],[604290.8145,4115435.514],[604290.477,4115433.7035]]]}},{"type":"Feature","properties":{"id":"4456102XG0145N_part1","floors":3,"height":9.3,"heightSource":"Catastro:numberOfFloorsAboveGround"},"geometry":{"type":"Polygon","coordinates":[[[604288.7065,4115424.7235],[604289.184,4115427.164],[604298.1965,4115430.1035],[604300.627,4115441.4535],[604305.387,4115440.8635],[604302.882,4115430.5385],[604302.516,4115429.029],[604302.4365,4115428.7035],[604297.6265,4115427.3035],[604288.7065,4115424.7235]]]}},{"type":"Feature","properties":{"id":"4456102XG0145N_part2","floors":4,"height":12.4,"heightSource":"Catastro:numberOfFloorsAboveGround"},"geometry":{"type":"Polygon","coordinates":[[[604289.8965,4115430.8035],[604290.0165,4115431.3935],[604291.5365,4115431.1135],[604291.8165,4115432.2735],[604293.4965,4115431.9135],[604293.3865,4115431.4235],[604294.5665,4115431.1735],[604295.587,4115435.9235],[604291.0705,4115436.863],[604292.137,4115442.5035],[604299.2615,4115441.6225],[604300.627,4115441.4535],[604298.1965,4115430.1035],[604289.184,4115427.164],[604289.8965,4115430.8035]]]}},{"type":"Feature","properties":{"id":"4456102XG0145N_part4","floors":5,"height":15.5,"heightSource":"Catastro:numberOfFloorsAboveGround"},"geometry":{"type":"Polygon","coordinates":[[[604290.2665,4115432.6235],[604290.477,4115433.7035],[604290.8145,4115435.514],[604290.857,4115435.7335],[604291.0705,4115436.863],[604295.587,4115435.9235],[604294.5665,4115431.1735],[604293.3865,4115431.4235],[604293.4965,4115431.9135],[604291.8165,4115432.2735],[604290.2665,4115432.6235]]]}},{"type":"Feature","properties":{"id":"4456202XG0145N_part1","floors":1,"height":3.1,"heightSource":"Catastro:numberOfFloorsAboveGround"},"geometry":{"type":"Polygon","coordinates":[[[604327.4835,4115421.009],[604326.9265,4115418.6035],[604321.56,4115419.5805],[604321.48575,4115419.594],[604321.88955,4115422.0078],[604327.5016,4115421.08705],[604327.4835,4115421.009]]]}},{"type":"Feature","properties":{"id":"4456203XG0145N_part1","floors":1,"height":3.1,"heightSource":"Catastro:numberOfFloorsAboveGround"},"geometry":{"type":"Polygon","coordinates":[[[604314.3565,4115418.0035],[604309.0065,4115419.1035],[604308.8465,4115418.1735],[604307.5865,4115418.3335],[604308.1965,4115422.0135],[604326.9265,4115418.6035],[604325.4965,4115412.0635],[604318.6565,4115413.5235],[604316.7065,4115413.8935],[604313.5965,4115414.3035],[604314.3565,4115418.0035]]]}},{"type":"Feature","properties":{"id":"4456204XG0145N_part1","floors":1,"height":3.1,"heightSource":"Catastro:numberOfFloorsAboveGround"},"geometry":{"type":"Polygon","coordinates":[[[604312.8065,4115410.4235],[604313.5965,4115414.3035],[604316.7065,4115413.8935],[604316.4065,4115412.0335],[604318.2365,4115411.7135],[604318.6565,4115413.5235],[604325.4965,4115412.0635],[604324.7065,4115408.3735],[604315.6565,4115409.9635],[604312.8065,4115410.4235]]]}},{"type":"Feature","properties":{"id":"4456205XG0145N_part1","floors":1,"height":3.1,"heightSource":"Catastro:numberOfFloorsAboveGround"},"geometry":{"type":"Polygon","coordinates":[[[604310.7265,4115402.8635],[604311.5365,4115406.9635],[604314.5465,4115406.2435],[604314.2365,4115404.2635],[604315.3065,4115403.9935],[604315.7065,4115405.9735],[604314.9865,4115406.1435],[604315.6565,4115409.9635],[604324.7065,4115408.3735],[604322.8165,4115399.6535],[604314.8565,4115401.3235],[604314.8665,4115401.8135],[604312.6665,4115402.3735],[604310.7265,4115402.8635]]]}},{"type":"Feature","properties":{"id":"4456206XG0145N_part1","floors":1,"height":3.1,"heightSource":"Catastro:numberOfFloorsAboveGround"},"geometry":{"type":"Polygon","coordinates":[[[604321.2265,4115392.2935],[604305.1465,4115396.4135],[604305.6065,4115399.0535],[604308.1365,4115398.4935],[604308.3665,4115399.4235],[604311.8465,4115398.6835],[604312.6665,4115402.3735],[604314.8665,4115401.8135],[604314.8565,4115401.3235],[604322.8165,4115399.6535],[604321.2265,4115392.2935]]]}},{"type":"Feature","properties":{"id":"4456206XG0145N_part2","floors":1,"height":3.1,"heightSource":"Catastro:numberOfFloorsAboveGround"},"geometry":{"type":"Polygon","coordinates":[[[604306.4665,4115403.9535],[604308.8365,4115403.3435],[604308.3365,4115401.1135],[604306.0665,4115401.6735],[604306.4665,4115403.9535]]]}},{"type":"Feature","properties":{"id":"4456401XG0145N_part1","floors":1,"height":3.1,"heightSource":"Catastro:numberOfFloorsAboveGround"},"geometry":{"type":"Polygon","coordinates":[[[604322.8665,4115372.5835],[604323.5265,4115375.7535],[604326.9665,4115374.9435],[604326.2165,4115371.7335],[604322.8665,4115372.5835]]]}},{"type":"Feature","properties":{"id":"4456401XG0145N_part2","floors":3,"height":9.3,"heightSource":"Catastro:numberOfFloorsAboveGround"},"geometry":{"type":"Polygon","coordinates":[[[604324.6265,4115381.0535],[604324.722,4115381.5145],[604330.46,4115380.0245],[604329.4165,4115375.1935],[604328.5465,4115371.1535],[604326.2165,4115371.7335],[604326.9665,4115374.9435],[604323.5265,4115375.7535],[604323.8965,4115377.5135],[604324.8765,4115377.3135],[604325.2765,4115379.2735],[604324.2965,4115379.4735],[604324.6265,4115381.0535]]]}},{"type":"Feature","properties":{"id":"4456401XG0145N_part3","floors":2,"height":6.2,"heightSource":"Catastro:numberOfFloorsAboveGround"},"geometry":{"type":"Polygon","coordinates":[[[604325.2765,4115379.2735],[604324.8765,4115377.3135],[604323.8965,4115377.5135],[604324.2965,4115379.4735],[604325.2765,4115379.2735]]]}},{"type":"Feature","properties":{"id":"4456401XG0145N_part4","floors":2,"height":6.2,"heightSource":"Catastro:numberOfFloorsAboveGround"},"geometry":{"type":"Polygon","coordinates":[[[604331.4665,4115384.6835],[604330.46,4115380.0245],[604324.722,4115381.5145],[604325.4565,4115385.0635],[604327.9065,4115384.5535],[604328.1065,4115385.5335],[604331.4665,4115384.6835]]]}},{"type":"Feature","properties":{"id":"4456401XG0145N_part5","floors":2,"height":6.2,"heightSource":"Catastro:numberOfFloorsAboveGround"},"geometry":{"type":"Polygon","coordinates":[[[604327.9065,4115384.5535],[604325.4565,4115385.0635],[604325.6865,4115386.1435],[604328.1065,4115385.5335],[604327.9065,4115384.5535]]]}},{"type":"Feature","properties":{"id":"4456403XG0145N_part1","floors":1,"height":3.1,"heightSource":"Catastro:numberOfFloorsAboveGround"},"geometry":{"type":"Polygon","coordinates":[[[604342.9465,4115376.3235],[604344.0265,4115381.5135],[604348.4665,4115380.3935],[604348.1765,4115379.0535],[604347.3365,4115375.2535],[604342.9465,4115376.3235]]]}},{"type":"Feature","properties":{"id":"4456405XG0145N_part1","floors":2,"height":6.2,"heightSource":"Catastro:numberOfFloorsAboveGround"},"geometry":{"type":"Polygon","coordinates":[[[604348.1765,4115379.0535],[604348.4665,4115380.3935],[604350.4965,4115379.8935],[604350.2065,4115378.6135],[604348.1765,4115379.0535]]]}},{"type":"Feature","properties":{"id":"4456405XG0145N_part2","floors":2,"height":6.2,"heightSource":"Catastro:numberOfFloorsAboveGround"},"geometry":{"type":"Polygon","coordinates":[[[604336.4665,4115368.2735],[604337.8165,4115373.6235],[604342.1465,4115372.4735],[604342.4265,4115373.8135],[604345.4465,4115373.0635],[604343.9165,4115366.5235],[604342.7965,4115366.7835],[604343.5365,4115369.6235],[604340.6165,4115370.3435],[604339.8965,4115367.4635],[604339.0965,4115367.6535],[604336.4665,4115368.2735]]]}},{"type":"Feature","properties":{"id":"4456405XG0145N_part3","floors":2,"height":6.2,"heightSource":"Catastro:numberOfFloorsAboveGround"},"geometry":{"type":"Polygon","coordinates":[[[604347.3365,4115375.2535],[604348.1765,4115379.0535],[604350.2065,4115378.6135],[604349.3765,4115374.8035],[604347.3365,4115375.2535]]]}},{"type":"Feature","properties":{"id":"4456405XG0145N_part4","floors":3,"height":9.3,"heightSource":"Catastro:numberOfFloorsAboveGround"},"geometry":{"type":"Polygon","coordinates":[[[604345.4465,4115373.0635],[604342.4265,4115373.8135],[604342.9465,4115376.3235],[604347.3365,4115375.2535],[604349.3765,4115374.8035],[604351.4165,4115374.3535],[604349.4165,4115365.2435],[604346.0665,4115366.0235],[604343.9165,4115366.5235],[604345.4465,4115373.0635]]]}},{"type":"Feature","properties":{"id":"4456405XG0145N_part5","floors":2,"height":6.2,"heightSource":"Catastro:numberOfFloorsAboveGround"},"geometry":{"type":"Polygon","coordinates":[[[604349.3765,4115374.8035],[604350.2065,4115378.6135],[604352.2465,4115378.1635],[604351.4165,4115374.3535],[604349.3765,4115374.8035]]]}},{"type":"Feature","properties":{"id":"4456405XG0145N_part6","floors":2,"height":6.2,"heightSource":"Catastro:numberOfFloorsAboveGround"},"geometry":{"type":"Polygon","coordinates":[[[604350.2065,4115378.6135],[604350.4965,4115379.8935],[604352.5165,4115379.3835],[604352.2465,4115378.1635],[604350.2065,4115378.6135]]]}},{"type":"Feature","properties":{"id":"4456405XG0145N_part7","floors":1,"height":3.1,"heightSource":"Catastro:numberOfFloorsAboveGround"},"geometry":{"type":"Polygon","coordinates":[[[604340.6165,4115370.3435],[604343.5365,4115369.6235],[604342.7965,4115366.7835],[604339.8965,4115367.4635],[604340.6165,4115370.3435]]]}},{"type":"Feature","properties":{"id":"4456406XG0145N_part1","floors":1,"height":3.1,"heightSource":"Catastro:numberOfFloorsAboveGround"},"geometry":{"type":"Polygon","coordinates":[[[604345.186,4115362.2835],[604346.0665,4115366.0235],[604349.4165,4115365.2435],[604348.586,4115361.4335],[604345.186,4115362.2835]]]}},{"type":"Feature","properties":{"id":"4456406XG0145N_part2","floors":2,"height":6.2,"heightSource":"Catastro:numberOfFloorsAboveGround"},"geometry":{"type":"Polygon","coordinates":[[[604332.156,4115365.5235],[604332.9765,4115369.1035],[604336.3265,4115368.3035],[604335.9865,4115366.8335],[604338.7565,4115366.1935],[604339.0965,4115367.6535],[604339.8965,4115367.4635],[604342.7965,4115366.7835],[604343.9165,4115366.5235],[604346.0665,4115366.0235],[604345.186,4115362.2835],[604332.156,4115365.5235]]]}},{"type":"Feature","properties":{"id":"4456407XG0145N_part1","floors":1,"height":3.1,"heightSource":"Catastro:numberOfFloorsAboveGround"},"geometry":{"type":"Polygon","coordinates":[[[604330.476,4115360.4935],[604330.576,4115360.9435],[604330.986,4115362.6435],[604331.096,4115363.1135],[604331.596,4115363.0335],[604332.156,4115365.5235],[604345.186,4115362.2835],[604348.586,4115361.4335],[604347.556,4115356.7435],[604330.476,4115360.4935]]]}},{"type":"Feature","properties":{"id":"4456407XG0145N_part2","floors":2,"height":6.2,"heightSource":"Catastro:numberOfFloorsAboveGround"},"geometry":{"type":"Polygon","coordinates":[[[604329.376,4115355.7935],[604329.926,4115358.1235],[604330.476,4115360.4935],[604347.556,4115356.7435],[604346.616,4115352.4535],[604332.886,4115355.1135],[604329.376,4115355.7935]]]}},{"type":"Feature","properties":{"id":"4456408XG0145N_part1","floors":2,"height":6.2,"heightSource":"Catastro:numberOfFloorsAboveGround"},"geometry":{"type":"Polygon","coordinates":[[[604335.176,4115350.9535],[604332.286,4115351.5935],[604332.886,4115355.1135],[604346.616,4115352.4535],[604344.946,4115344.7935],[604334.196,4115346.7435],[604335.176,4115350.9535]]]}},{"type":"Feature","properties":{"id":"4456409XG0145N_part1","floors":2,"height":6.2,"heightSource":"Catastro:numberOfFloorsAboveGround"},"geometry":{"type":"Polygon","coordinates":[[[604329.746,4115339.9535],[604331.086,4115346.1035],[604331.336,4115347.2635],[604334.196,4115346.7435],[604344.946,4115344.7935],[604343.296,4115337.2535],[604335.976,4115338.7035],[604335.296,4115338.8435],[604335.956,4115341.6635],[604332.456,4115342.4635],[604331.786,4115339.5435],[604329.746,4115339.9535]]]}},{"type":"Feature","properties":{"id":"4456410XG0145N_part1","floors":1,"height":3.1,"heightSource":"Catastro:numberOfFloorsAboveGround"},"geometry":{"type":"Polygon","coordinates":[[[604331.536,4115337.5735],[604329.306,4115338.0235],[604329.366,4115338.2835],[604329.746,4115339.9535],[604331.786,4115339.5435],[604331.926,4115339.5135],[604331.536,4115337.5735]]]}},{"type":"Feature","properties":{"id":"4456410XG0145N_part2","floors":1,"height":3.1,"heightSource":"Catastro:numberOfFloorsAboveGround"},"geometry":{"type":"Polygon","coordinates":[[[604328.166,4115332.8835],[604328.456,4115334.2335],[604329.076,4115336.9835],[604335.286,4115335.7535],[604335.976,4115338.7035],[604343.296,4115337.2535],[604341.766,4115330.2935],[604331.626,4115332.2135],[604328.166,4115332.8835]]]}},{"type":"Feature","properties":{"id":"4456411XG0145N_part1","floors":1,"height":3.1,"heightSource":"Catastro:numberOfFloorsAboveGround"},"geometry":{"type":"Polygon","coordinates":[[[604322.666,4115329.2735],[604323.056,4115331.3335],[604325.856,4115330.7035],[604326.106,4115331.7135],[604328.586,4115331.1835],[604327.886,4115328.2035],[604326.566,4115328.4735],[604322.666,4115329.2735]]]}},{"type":"Feature","properties":{"id":"4456411XG0145N_part2","floors":1,"height":3.1,"heightSource":"Catastro:numberOfFloorsAboveGround"},"geometry":{"type":"Polygon","coordinates":[[[604333.056,4115329.6035],[604331.136,4115330.0435],[604331.626,4115332.2135],[604341.766,4115330.2935],[604340.746,4115325.5835],[604332.506,4115327.2535],[604333.056,4115329.6035]]]}},{"type":"Feature","properties":{"id":"4456412XG0145N_part1","floors":1,"height":3.1,"heightSource":"Catastro:numberOfFloorsAboveGround"},"geometry":{"type":"Polygon","coordinates":[[[604329.516,4115325.3035],[604326.016,4115326.1235],[604326.566,4115328.4735],[604327.886,4115328.2035],[604332.506,4115327.2535],[604340.746,4115325.5835],[604339.836,4115321.4635],[604338.476,4115321.7235],[604329.126,4115323.6335],[604329.516,4115325.3035]]]}},{"type":"Feature","properties":{"id":"4456413XG0145N_part1","floors":1,"height":3.1,"heightSource":"Catastro:numberOfFloorsAboveGround"},"geometry":{"type":"Polygon","coordinates":[[[604322.9355,4115315.6335],[604323.8255,4115319.4435],[604328.7855,4115318.2835],[604329.136,4115319.8135],[604326.586,4115320.3935],[604327.436,4115323.9735],[604329.126,4115323.6335],[604338.476,4115321.7235],[604336.4355,4115313.0235],[604322.9355,4115315.6335]]]}},{"type":"Feature","properties":{"id":"4456414XG0145N_part1","floors":1,"height":3.1,"heightSource":"Catastro:numberOfFloorsAboveGround"},"geometry":{"type":"Polygon","coordinates":[[[604311.4955,4115317.8535],[604314.216,4115330.9735],[604318.156,4115330.0635],[604317.046,4115325.2735],[604318.386,4115324.9635],[604318.786,4115326.6735],[604319.816,4115326.4435],[604320.236,4115328.2335],[604322.386,4115327.7435],[604321.906,4115325.1035],[604323.016,4115324.8735],[604321.1355,4115315.9835],[604311.4955,4115317.8535]]]}},{"type":"Feature","properties":{"id":"4456415XG0145N_part1","floors":1,"height":3.1,"heightSource":"Catastro:numberOfFloorsAboveGround"},"geometry":{"type":"Polygon","coordinates":[[[604314.686,4115333.2335],[604316.286,4115340.9235],[604324.036,4115339.3435],[604323.536,4115337.2435],[604323.4115,4115336.7205],[604322.1175,4115337.015],[604321.432,4115334.0015],[604322.6955,4115333.714],[604322.5985,4115333.307],[604322.1765,4115331.533],[604314.686,4115333.2335]]]}},{"type":"Feature","properties":{"id":"4456415XG0145N_part2","floors":2,"height":6.2,"heightSource":"Catastro:numberOfFloorsAboveGround"},"geometry":{"type":"Polygon","coordinates":[[[604322.5985,4115333.307],[604322.6955,4115333.714],[604321.432,4115334.0015],[604322.1175,4115337.015],[604323.4115,4115336.7205],[604323.536,4115337.2435],[604327.196,4115336.3935],[604326.786,4115334.6335],[604328.456,4115334.2335],[604328.166,4115332.8835],[604326.456,4115333.2135],[604326.106,4115331.7135],[604325.856,4115330.7035],[604323.674,4115331.1945],[604323.056,4115331.3335],[604322.1765,4115331.533],[604322.5985,4115333.307]]]}},{"type":"Feature","properties":{"id":"4456416XG0145N_part1","floors":1,"height":3.1,"heightSource":"Catastro:numberOfFloorsAboveGround"},"geometry":{"type":"Polygon","coordinates":[[[604316.286,4115340.9235],[604317.996,4115349.1635],[604322.966,4115347.9935],[604322.046,4115344.0935],[604325.426,4115343.3235],[604326.336,4115347.2135],[604331.086,4115346.1035],[604329.746,4115339.9535],[604329.366,4115338.2835],[604324.036,4115339.3435],[604316.286,4115340.9235]]]}},{"type":"Feature","properties":{"id":"4456417XG0145N_part1","floors":1,"height":3.1,"heightSource":"Catastro:numberOfFloorsAboveGround"},"geometry":{"type":"Polygon","coordinates":[[[604319.706,4115357.3935],[604329.376,4115355.7935],[604332.886,4115355.1135],[604332.286,4115351.5935],[604331.866,4115349.6935],[604331.336,4115347.2635],[604331.086,4115346.1035],[604326.336,4115347.2135],[604323.456,4115347.8735],[604322.966,4115347.9935],[604317.996,4115349.1635],[604319.706,4115357.3935]]]}},{"type":"Feature","properties":{"id":"4456418XG0145N_part1","floors":1,"height":3.1,"heightSource":"Catastro:numberOfFloorsAboveGround"},"geometry":{"type":"Polygon","coordinates":[[[604319.706,4115357.3935],[604321.196,4115364.5735],[604330.156,4115362.8035],[604330.986,4115362.6435],[604330.576,4115360.9435],[604327.746,4115361.6135],[604327.096,4115358.7835],[604329.926,4115358.1235],[604329.376,4115355.7935],[604319.706,4115357.3935]]]}},{"type":"Feature","properties":{"id":"4456419XG0145N_part1","floors":3,"height":9.3,"heightSource":"Catastro:numberOfFloorsAboveGround"},"geometry":{"type":"Polygon","coordinates":[[[604321.196,4115364.5735],[604322.8665,4115372.5835],[604326.2165,4115371.7335],[604328.5465,4115371.1535],[604331.6465,4115370.3835],[604330.156,4115362.8035],[604321.196,4115364.5735]]]}},{"type":"Feature","properties":{"id":"4456421XG0145N_part1","floors":3,"height":9.3,"heightSource":"Catastro:numberOfFloorsAboveGround"},"geometry":{"type":"Polygon","coordinates":[[[604336.4665,4115368.2735],[604336.3265,4115368.3035],[604332.9765,4115369.1035],[604333.1765,4115370.0035],[604331.6465,4115370.3835],[604328.5465,4115371.1535],[604329.4165,4115375.1935],[604331.4665,4115384.6835],[604335.309,4115383.7155],[604334.13,4115379.05],[604337.31,4115378.25],[604338.479,4115382.916],[604344.0265,4115381.5135],[604342.9465,4115376.3235],[604342.4265,4115373.8135],[604342.1465,4115372.4735],[604337.8165,4115373.6235],[604334.87,4115374.37],[604334.14,4115371.46],[604337.0835,4115370.719],[604336.4665,4115368.2735]]]}},{"type":"Feature","properties":{"id":"4456421XG0145N_part3","floors":4,"height":12.4,"heightSource":"Catastro:numberOfFloorsAboveGround"},"geometry":{"type":"Polygon","coordinates":[[[604337.31,4115378.25],[604334.13,4115379.05],[604335.309,4115383.7155],[604337.8965,4115383.0635],[604338.479,4115382.916],[604337.31,4115378.25]]]}},{"type":"Feature","properties":{"id":"4456421XG0145N_part4","floors":1,"height":3.1,"heightSource":"Catastro:numberOfFloorsAboveGround"},"geometry":{"type":"Polygon","coordinates":[[[604334.14,4115371.46],[604334.87,4115374.37],[604337.8165,4115373.6235],[604337.0835,4115370.719],[604334.14,4115371.46]]]}},{"type":"Feature","properties":{"id":"4456421XG0145N_part5","floors":2,"height":6.2,"heightSource":"Catastro:numberOfFloorsAboveGround"},"geometry":{"type":"Polygon","coordinates":[[[604338.479,4115382.916],[604339.09,4115383.28],[604343.66,4115382.12],[604344.0265,4115381.5135],[604338.479,4115382.916]]]}},{"type":"Feature","properties":{"id":"4456501XG0145N_part1","floors":1,"height":3.1,"heightSource":"Catastro:numberOfFloorsAboveGround"},"geometry":{"type":"Polygon","coordinates":[[[604305.7465,4115388.0635],[604300.9765,4115389.2235],[604301.6065,4115392.1135],[604320.2965,4115387.3435],[604319.0265,4115381.3635],[604311.5765,4115383.0635],[604312.0665,4115385.0435],[604310.9165,4115385.3135],[604310.4465,4115383.3235],[604307.7865,4115383.9335],[604304.9965,4115384.5735],[604305.7465,4115388.0635]]]}},{"type":"Feature","properties":{"id":"4456502XG0145N_part1","floors":1,"height":3.1,"heightSource":"Catastro:numberOfFloorsAboveGround"},"geometry":{"type":"Polygon","coordinates":[[[604303.2365,4115384.9735],[604304.9965,4115384.5735],[604307.7865,4115383.9335],[604310.4465,4115383.3235],[604311.5765,4115383.0635],[604319.0265,4115381.3635],[604317.236,4115372.8835],[604305.916,4115375.5835],[604301.446,4115376.6635],[604303.2365,4115384.9735]]]}},{"type":"Feature","properties":{"id":"4456504XG0145N_part1","floors":1,"height":3.1,"heightSource":"Catastro:numberOfFloorsAboveGround"},"geometry":{"type":"Polygon","coordinates":[[[604302.896,4115359.9635],[604304.446,4115367.4135],[604307.446,4115366.7135],[604315.536,4115364.8435],[604313.946,4115357.3335],[604302.896,4115359.9635]]]}},{"type":"Feature","properties":{"id":"4456505XG0145N_part1","floors":1,"height":3.1,"heightSource":"Catastro:numberOfFloorsAboveGround"},"geometry":{"type":"Polygon","coordinates":[[[604299.086,4115353.1435],[604301.386,4115352.7035],[604302.396,4115357.5935],[604299.346,4115358.1235],[604299.236,4115357.4335],[604296.706,4115358.0735],[604297.486,4115361.2535],[604301.566,4115360.2835],[604302.896,4115359.9635],[604313.946,4115357.3335],[604311.866,4115347.4835],[604306.756,4115348.7035],[604303.976,4115349.3735],[604298.646,4115350.6535],[604299.086,4115353.1435]]]}},{"type":"Feature","properties":{"id":"4456506XG0145N_part1","floors":2,"height":6.2,"heightSource":"Catastro:numberOfFloorsAboveGround"},"geometry":{"type":"Polygon","coordinates":[[[604305.296,4115341.0435],[604305.516,4115342.2135],[604306.756,4115348.7035],[604311.866,4115347.4835],[604311.256,4115344.5935],[604310.326,4115344.7835],[604309.336,4115340.0535],[604305.296,4115341.0435]]]}},{"type":"Feature","properties":{"id":"4456506XG0145N_part2","floors":3,"height":9.3,"heightSource":"Catastro:numberOfFloorsAboveGround"},"geometry":{"type":"Polygon","coordinates":[[[604302.666,4115342.9335],[604303.196,4115345.5435],[604303.976,4115349.3735],[604306.756,4115348.7035],[604305.516,4115342.2135],[604302.666,4115342.9335]]]}},{"type":"Feature","properties":{"id":"4456506XG0145N_part3","floors":1,"height":3.1,"heightSource":"Catastro:numberOfFloorsAboveGround"},"geometry":{"type":"Polygon","coordinates":[[[604310.326,4115344.7835],[604311.256,4115344.5935],[604310.246,4115339.8335],[604309.336,4115340.0535],[604310.326,4115344.7835]]]}},{"type":"Feature","properties":{"id":"4456507XG0145N_part1","floors":3,"height":9.3,"heightSource":"Catastro:numberOfFloorsAboveGround"},"geometry":{"type":"Polygon","coordinates":[[[604300.976,4115334.5735],[604301.056,4115334.9635],[604302.026,4115339.7935],[604302.426,4115341.7535],[604305.296,4115341.0435],[604309.336,4115340.0535],[604310.246,4115339.8335],[604308.716,4115332.6635],[604300.976,4115334.5735]]]}},{"type":"Feature","properties":{"id":"4456507XG0145N_part2","floors":2,"height":6.2,"heightSource":"Catastro:numberOfFloorsAboveGround"},"geometry":{"type":"Polygon","coordinates":[[[604310.246,4115339.8335],[604310.496,4115339.5535],[604309.046,4115332.7635],[604308.716,4115332.6635],[604310.246,4115339.8335]]]}},{"type":"Feature","properties":{"id":"4456508XG0145N_part1","floors":1,"height":3.1,"heightSource":"Catastro:numberOfFloorsAboveGround"},"geometry":{"type":"Polygon","coordinates":[[[604305.8555,4115319.0535],[604298.1455,4115320.5935],[604298.6455,4115323.0635],[604298.7855,4115323.7335],[604301.8755,4115323.1035],[604303.336,4115330.3135],[604307.366,4115329.5035],[604307.856,4115331.8835],[604308.526,4115331.7235],[604305.8555,4115319.0535]]]}},{"type":"Feature","properties":{"id":"4456508XG0145N_part2","floors":2,"height":6.2,"heightSource":"Catastro:numberOfFloorsAboveGround"},"geometry":{"type":"Polygon","coordinates":[[[604307.366,4115329.5035],[604303.336,4115330.3135],[604301.8755,4115323.1035],[604298.7855,4115323.7335],[604299.5055,4115327.3035],[604300.306,4115331.2835],[604303.396,4115330.5935],[604303.946,4115332.8435],[604307.856,4115331.8835],[604307.366,4115329.5035]]]}},{"type":"Feature","properties":{"id":"4456509XG0145N_part1","floors":1,"height":3.1,"heightSource":"Catastro:numberOfFloorsAboveGround"},"geometry":{"type":"Polygon","coordinates":[[[604286.6455,4115322.9035],[604289.076,4115334.1735],[604294.886,4115332.8935],[604300.386,4115331.6735],[604300.306,4115331.2835],[604299.5055,4115327.3035],[604296.5255,4115327.8735],[604295.7855,4115323.5935],[604298.6455,4115323.0635],[604298.1455,4115320.5935],[604286.6455,4115322.9035]]]}},{"type":"Feature","properties":{"id":"4456509XG0145N_part2","floors":2,"height":6.2,"heightSource":"Catastro:numberOfFloorsAboveGround"},"geometry":{"type":"Polygon","coordinates":[[[604294.886,4115332.8935],[604295.636,4115336.2835],[604301.056,4115334.9635],[604300.976,4115334.5735],[604300.386,4115331.6735],[604294.886,4115332.8935]]]}},{"type":"Feature","properties":{"id":"4456510XG0145N_part1","floors":1,"height":3.1,"heightSource":"Catastro:numberOfFloorsAboveGround"},"geometry":{"type":"Polygon","coordinates":[[[604289.846,4115337.7135],[604290.886,4115342.5335],[604298.586,4115340.6335],[604302.026,4115339.7935],[604301.056,4115334.9635],[604295.636,4115336.2835],[604289.846,4115337.7135]]]}},{"type":"Feature","properties":{"id":"4456511XG0145N_part1","floors":1,"height":3.1,"heightSource":"Catastro:numberOfFloorsAboveGround"},"geometry":{"type":"Polygon","coordinates":[[[604290.886,4115342.5335],[604292.936,4115352.0335],[604298.646,4115350.6535],[604303.976,4115349.3735],[604303.196,4115345.5435],[604299.846,4115346.3635],[604298.586,4115340.6335],[604290.886,4115342.5335]]]}},{"type":"Feature","properties":{"id":"4456513XG0145N_part1","floors":1,"height":3.1,"heightSource":"Catastro:numberOfFloorsAboveGround"},"geometry":{"type":"Polygon","coordinates":[[[604298.416,4115377.3935],[604300.2065,4115385.6735],[604303.2365,4115384.9735],[604301.446,4115376.6635],[604298.416,4115377.3935]]]}},{"type":"Feature","properties":{"id":"4456514XG0145N_part1","floors":2,"height":6.2,"heightSource":"Catastro:numberOfFloorsAboveGround"},"geometry":{"type":"Polygon","coordinates":[[[604295.056,4115361.8435],[604296.656,4115369.2235],[604299.686,4115368.5135],[604303.096,4115367.7135],[604301.566,4115360.2835],[604297.486,4115361.2535],[604295.056,4115361.8435]]]}},{"type":"Feature","properties":{"id":"4456601XG0145N_part1","floors":1,"height":3.1,"heightSource":"Catastro:numberOfFloorsAboveGround"},"geometry":{"type":"Polygon","coordinates":[[[604286.5165,4115389.7335],[604287.2765,4115393.9935],[604289.7965,4115393.6335],[604290.0565,4115394.7935],[604294.5865,4115393.8435],[604293.3965,4115388.4535],[604286.5165,4115389.7335]]]}},{"type":"Feature","properties":{"id":"4456602XG0145N_part1","floors":1,"height":3.1,"heightSource":"Catastro:numberOfFloorsAboveGround"},"geometry":{"type":"Polygon","coordinates":[[[604281.496,4115383.4435],[604282.1165,4115386.2935],[604285.2265,4115385.6135],[604285.8365,4115388.3335],[604282.7265,4115389.0235],[604283.0265,4115390.3835],[604286.5165,4115389.7335],[604293.3965,4115388.4535],[604291.806,4115381.2435],[604281.496,4115383.4435]]]}},{"type":"Feature","properties":{"id":"4456602XG0145N_part2","floors":1,"height":3.1,"heightSource":"Catastro:numberOfFloorsAboveGround"},"geometry":{"type":"Polygon","coordinates":[[[604274.556,4115384.9335],[604275.2365,4115388.6135],[604278.5665,4115387.9035],[604279.2465,4115391.0935],[604283.0265,4115390.3835],[604282.7265,4115389.0235],[604282.1165,4115386.2935],[604281.496,4115383.4435],[604278.686,4115384.0435],[604274.556,4115384.9335]]]}},{"type":"Feature","properties":{"id":"4456602XG0145N_part3","floors":2,"height":6.2,"heightSource":"Catastro:numberOfFloorsAboveGround"},"geometry":{"type":"Polygon","coordinates":[[[604278.5665,4115387.9035],[604275.2365,4115388.6135],[604275.8165,4115391.7335],[604279.2465,4115391.0935],[604278.5665,4115387.9035]]]}},{"type":"Feature","properties":{"id":"4456603XG0145N_part1","floors":2,"height":6.2,"heightSource":"Catastro:numberOfFloorsAboveGround"},"geometry":{"type":"Polygon","coordinates":[[[604273.426,4115378.7535],[604274.126,4115382.6035],[604278.196,4115381.7435],[604277.376,4115377.9035],[604273.426,4115378.7535]]]}},{"type":"Feature","properties":{"id":"4456603XG0145N_part2","floors":1,"height":3.1,"heightSource":"Catastro:numberOfFloorsAboveGround"},"geometry":{"type":"Polygon","coordinates":[[[604277.376,4115377.9035],[604278.196,4115381.7435],[604278.686,4115384.0435],[604281.496,4115383.4435],[604291.806,4115381.2435],[604290.456,4115375.1135],[604282.926,4115376.7135],[604282.696,4115376.7535],[604283.146,4115378.8435],[604280.246,4115379.4635],[604279.806,4115377.3835],[604278.926,4115377.5735],[604277.376,4115377.9035]]]}},{"type":"Feature","properties":{"id":"4456604XG0145N_part1","floors":2,"height":6.2,"heightSource":"Catastro:numberOfFloorsAboveGround"},"geometry":{"type":"Polygon","coordinates":[[[604271.506,4115369.1535],[604272.686,4115375.0535],[604278.196,4115373.8735],[604277.066,4115367.9435],[604271.506,4115369.1535]]]}},{"type":"Feature","properties":{"id":"4456604XG0145N_part2","floors":2,"height":6.2,"heightSource":"Catastro:numberOfFloorsAboveGround"},"geometry":{"type":"Polygon","coordinates":[[[604272.686,4115375.0535],[604273.426,4115378.7535],[604277.376,4115377.9035],[604278.926,4115377.5735],[604278.196,4115373.8735],[604272.686,4115375.0535]]]}},{"type":"Feature","properties":{"id":"4456604XG0145N_part3","floors":2,"height":6.2,"heightSource":"Catastro:numberOfFloorsAboveGround"},"geometry":{"type":"Polygon","coordinates":[[[604277.066,4115367.9435],[604278.196,4115373.8735],[604282.146,4115373.0335],[604282.926,4115376.7135],[604290.456,4115375.1135],[604288.336,4115365.4835],[604277.066,4115367.9435]]]}},{"type":"Feature","properties":{"id":"4456605XG0145N_part1","floors":3,"height":9.3,"heightSource":"Catastro:numberOfFloorsAboveGround"},"geometry":{"type":"Polygon","coordinates":[[[604269.946,4115361.2935],[604271.506,4115369.1535],[604277.066,4115367.9435],[604288.336,4115365.4835],[604288.106,4115364.4235],[604287.236,4115360.5135],[604286.626,4115357.7335],[604279.906,4115359.1535],[604280.576,4115362.2735],[604277.816,4115362.8635],[604277.156,4115359.7435],[604272.186,4115360.8135],[604269.946,4115361.2935]]]}},{"type":"Feature","properties":{"id":"4456605XG0145N_part2","floors":1,"height":3.1,"heightSource":"Catastro:numberOfFloorsAboveGround"},"geometry":{"type":"Polygon","coordinates":[[[604277.816,4115362.8635],[604280.576,4115362.2735],[604279.906,4115359.1535],[604277.156,4115359.7435],[604277.816,4115362.8635]]]}},{"type":"Feature","properties":{"id":"4456606XG0145N_part1","floors":1,"height":3.1,"heightSource":"Catastro:numberOfFloorsAboveGround"},"geometry":{"type":"Polygon","coordinates":[[[604270.346,4115352.1935],[604272.186,4115360.8135],[604277.156,4115359.7435],[604279.906,4115359.1535],[604286.626,4115357.7335],[604284.786,4115349.3335],[604270.346,4115352.1935]],[[604273.916,4115354.1035],[604277.736,4115353.3335],[604278.356,4115356.3635],[604274.536,4115357.1435],[604273.916,4115354.1035]]]}},{"type":"Feature","properties":{"id":"4456608XG0145N_part1","floors":2,"height":6.2,"heightSource":"Catastro:numberOfFloorsAboveGround"},"geometry":{"type":"Polygon","coordinates":[[[604268.0455,4115326.5335],[604262.0155,4115327.7235],[604262.4355,4115329.5435],[604263.1455,4115332.5435],[604263.9355,4115335.9135],[604267.7255,4115335.1635],[604269.6355,4115334.7835],[604270.9555,4115334.5235],[604270.37,4115331.94],[604271.55,4115331.71],[604277.05,4115330.65],[604277.55,4115333.2495],[604278.8755,4115332.9935],[604277.0805,4115324.772],[604268.0455,4115326.5335]]]}},{"type":"Feature","properties":{"id":"4456608XG0145N_part2","floors":1,"height":3.1,"heightSource":"Catastro:numberOfFloorsAboveGround"},"geometry":{"type":"Polygon","coordinates":[[[604270.37,4115331.94],[604270.9555,4115334.5235],[604272.0505,4115334.312],[604271.55,4115331.71],[604270.37,4115331.94]]]}},{"type":"Feature","properties":{"id":"4456608XG0145N_part3","floors":3,"height":9.3,"heightSource":"Catastro:numberOfFloorsAboveGround"},"geometry":{"type":"Polygon","coordinates":[[[604277.05,4115330.65],[604271.55,4115331.71],[604272.0505,4115334.312],[604277.55,4115333.2495],[604277.05,4115330.65]]]}},{"type":"Feature","properties":{"id":"4456608XG0145N_part4","floors":1,"height":3.1,"heightSource":"Catastro:numberOfFloorsAboveGround"},"geometry":{"type":"Polygon","coordinates":[[[604281.2355,4115332.5335],[604279.5355,4115324.2935],[604277.0805,4115324.772],[604278.8755,4115332.9935],[604281.2355,4115332.5335]]]}},{"type":"Feature","properties":{"id":"4456609XG0145N_part1","floors":3,"height":9.3,"heightSource":"Catastro:numberOfFloorsAboveGround"},"geometry":{"type":"Polygon","coordinates":[[[604278.8755,4115332.9935],[604279.696,4115336.9335],[604282.046,4115336.4535],[604281.2355,4115332.5335],[604278.8755,4115332.9935]]]}},{"type":"Feature","properties":{"id":"4456609XG0145N_part2","floors":2,"height":6.2,"heightSource":"Catastro:numberOfFloorsAboveGround"},"geometry":{"type":"Polygon","coordinates":[[[604267.7255,4115335.1635],[604268.3055,4115338.1835],[604271.5455,4115337.5435],[604270.9555,4115334.5235],[604269.6355,4115334.7835],[604267.7255,4115335.1635]]]}},{"type":"Feature","properties":{"id":"4456609XG0145N_part3","floors":3,"height":9.3,"heightSource":"Catastro:numberOfFloorsAboveGround"},"geometry":{"type":"Polygon","coordinates":[[[604263.9355,4115335.9135],[604265.976,4115344.5635],[604283.016,4115341.1635],[604282.046,4115336.4535],[604279.696,4115336.9335],[604278.8755,4115332.9935],[604270.9555,4115334.5235],[604271.5455,4115337.5435],[604268.3055,4115338.1835],[604267.7255,4115335.1635],[604263.9355,4115335.9135]]]}},{"type":"Feature","properties":{"id":"4456901XG0145N_part1","floors":3,"height":9.3,"heightSource":"Catastro:numberOfFloorsAboveGround"},"geometry":{"type":"Polygon","coordinates":[[[604319.797,4115436.3335],[604314.807,4115436.6735],[604315.047,4115440.0835],[604326.247,4115439.3035],[604325.957,4115436.7235],[604319.677,4115434.6235],[604319.797,4115436.3335]]]}},{"type":"Feature","properties":{"id":"4456901XG0145N_part2","floors":2,"height":6.2,"heightSource":"Catastro:numberOfFloorsAboveGround"},"geometry":{"type":"Polygon","coordinates":[[[604316.387,4115433.1035],[604309.257,4115430.7235],[604308.867,4115431.0135],[604313.977,4115432.7235],[604314.547,4115432.9135],[604316.257,4115433.4835],[604316.387,4115433.1035]]]}},{"type":"Feature","properties":{"id":"4456901XG0145N_part3","floors":2,"height":6.2,"heightSource":"Catastro:numberOfFloorsAboveGround"},"geometry":{"type":"Polygon","coordinates":[[[604308.287,4115431.7735],[604310.347,4115440.8035],[604326.687,4115439.6735],[604326.327,4115436.4635],[604320.017,4115434.3535],[604319.677,4115434.6235],[604325.957,4115436.7235],[604326.247,4115439.3035],[604315.047,4115440.0835],[604310.657,4115440.3835],[604308.677,4115431.6835],[604308.287,4115431.7735]]]}},{"type":"Feature","properties":{"id":"4456901XG0145N_part4","floors":4,"height":12.4,"heightSource":"Catastro:numberOfFloorsAboveGround"},"geometry":{"type":"Polygon","coordinates":[[[604308.677,4115431.6835],[604310.657,4115440.3835],[604315.047,4115440.0835],[604314.807,4115436.6735],[604314.257,4115436.7135],[604313.977,4115432.7235],[604308.867,4115431.0135],[604308.677,4115431.6835]]]}},{"type":"Feature","properties":{"id":"4456901XG0145N_part5","floors":4,"height":12.4,"heightSource":"Catastro:numberOfFloorsAboveGround"},"geometry":{"type":"Polygon","coordinates":[[[604314.807,4115436.6735],[604319.797,4115436.3335],[604319.677,4115434.6235],[604316.257,4115433.4835],[604314.547,4115432.9135],[604314.807,4115436.6735]]]}},{"type":"Feature","properties":{"id":"4456901XG0145N_part6","floors":5,"height":15.5,"heightSource":"Catastro:numberOfFloorsAboveGround"},"geometry":{"type":"Polygon","coordinates":[[[604314.257,4115436.7135],[604314.807,4115436.6735],[604314.547,4115432.9135],[604313.977,4115432.7235],[604314.257,4115436.7135]]]}},{"type":"Feature","properties":{"id":"4457201XG0145N_part1","floors":4,"height":12.4,"heightSource":"Catastro:numberOfFloorsAboveGround"},"geometry":{"type":"Polygon","coordinates":[[[604307.7675,4115507.1935],[604303.9075,4115508.1135],[604300.9875,4115508.8035],[604295.787,4115510.032],[604295.9775,4115510.6735],[604302.668,4115533.1235],[604308.768,4115531.9835],[604313.648,4115531.0635],[604312.798,4115527.6635],[604313.288,4115527.5435],[604313.038,4115526.6035],[604316.398,4115525.7735],[604314.8875,4115519.1135],[604311.0075,4115519.9635],[604309.1875,4115512.2735],[604308.0275,4115507.133],[604307.7675,4115507.1935]],[[604307.0575,4115524.6535],[604309.9675,4115523.9735],[604310.668,4115526.9835],[604307.758,4115527.6735],[604307.0575,4115524.6535]],[[604304.3075,4115512.8435],[604307.1875,4115512.1735],[604307.8875,4115515.1735],[604304.9975,4115515.8435],[604304.3075,4115512.8435]]]}},{"type":"Feature","properties":{"id":"4457201XG0145N_part2","floors":3,"height":9.3,"heightSource":"Catastro:numberOfFloorsAboveGround"},"geometry":{"type":"Polygon","coordinates":[[[604318.8275,4115504.6035],[604315.3575,4115505.4135],[604311.6275,4115506.2935],[604308.0275,4115507.133],[604309.1875,4115512.2735],[604311.0075,4115519.9635],[604314.8875,4115519.1135],[604316.398,4115525.7735],[604313.038,4115526.6035],[604313.288,4115527.5435],[604312.798,4115527.6635],[604313.648,4115531.0635],[604318.328,4115530.1935],[604323.9105,4115529.1415],[604324.538,4115529.0235],[604323.568,4115524.8535],[604322.5175,4115520.3735],[604318.9775,4115505.2435],[604318.8275,4115504.6035]],[[604314.0475,4115511.1135],[604314.7475,4115514.1035],[604311.8275,4115514.7735],[604311.1075,4115511.7935],[604314.0475,4115511.1135]]]}},{"type":"Feature","properties":{"id":"4457203XG0145N_part1","floors":1,"height":3.1,"heightSource":"Catastro:numberOfFloorsAboveGround"},"geometry":{"type":"Polygon","coordinates":[[[604303.912,4115491.7975],[604306.1675,4115500.7935],[604307.8575,4115500.3935],[604310.2875,4115499.8435],[604308.203,4115490.808],[604303.912,4115491.7975]]]}},{"type":"Feature","properties":{"id":"4457203XG0145N_part2","floors":1,"height":3.1,"heightSource":"Catastro:numberOfFloorsAboveGround"},"geometry":{"type":"Polygon","coordinates":[[[604306.1675,4115500.7935],[604306.9675,4115504.0335],[604307.7675,4115507.1935],[604311.6275,4115506.2935],[604311.0675,4115503.4035],[604308.6875,4115503.9735],[604307.8575,4115500.3935],[604306.1675,4115500.7935]]]}},{"type":"Feature","properties":{"id":"4457203XG0145N_part3","floors":1,"height":3.1,"heightSource":"Catastro:numberOfFloorsAboveGround"},"geometry":{"type":"Polygon","coordinates":[[[604317.2775,4115497.8635],[604314.2075,4115484.4035],[604307.1075,4115486.0435],[604308.203,4115490.808],[604310.2875,4115499.8435],[604310.8375,4115502.2035],[604314.4475,4115501.2935],[604317.8975,4115500.5435],[604317.2775,4115497.8635]]]}},{"type":"Feature","properties":{"id":"4457203XG0145N_part4","floors":2,"height":6.2,"heightSource":"Catastro:numberOfFloorsAboveGround"},"geometry":{"type":"Polygon","coordinates":[[[604310.8375,4115502.2035],[604311.0675,4115503.4035],[604311.6275,4115506.2935],[604315.3575,4115505.4135],[604314.4475,4115501.2935],[604310.8375,4115502.2035]]]}},{"type":"Feature","properties":{"id":"4457203XG0145N_part5","floors":1,"height":3.1,"heightSource":"Catastro:numberOfFloorsAboveGround"},"geometry":{"type":"Polygon","coordinates":[[[604314.4475,4115501.2935],[604315.3575,4115505.4135],[604318.8275,4115504.6035],[604317.8975,4115500.5435],[604314.4475,4115501.2935]]]}},{"type":"Feature","properties":{"id":"4457204XG0145N_part1","floors":2,"height":6.2,"heightSource":"Catastro:numberOfFloorsAboveGround"},"geometry":{"type":"Polygon","coordinates":[[[604298.8675,4115487.9535],[604301.1075,4115496.9335],[604301.9975,4115500.4735],[604303.1275,4115505.0135],[604303.1375,4115505.0635],[604306.9675,4115504.0335],[604306.1675,4115500.7935],[604302.7275,4115487.0535],[604298.8675,4115487.9535]]]}},{"type":"Feature","properties":{"id":"4457205XG0145N_part1","floors":4,"height":12.4,"heightSource":"Catastro:numberOfFloorsAboveGround"},"geometry":{"type":"Polygon","coordinates":[[[604290.0375,4115490.0035],[604294.4675,4115510.3435],[604300.9875,4115508.8035],[604300.2475,4115505.6935],[604303.1275,4115505.0135],[604301.9975,4115500.4735],[604298.9075,4115501.2335],[604298.1775,4115497.5735],[604301.1075,4115496.9335],[604298.8675,4115487.9535],[604290.0375,4115490.0035]]]}},{"type":"Feature","properties":{"id":"4457205XG0145N_part2","floors":3,"height":9.3,"heightSource":"Catastro:numberOfFloorsAboveGround"},"geometry":{"type":"Polygon","coordinates":[[[604298.8675,4115487.9535],[604298.5975,4115487.5035],[604290.2475,4115489.4435],[604290.0375,4115490.0035],[604298.8675,4115487.9535]]]}},{"type":"Feature","properties":{"id":"4457205XG0145N_part3","floors":3,"height":9.3,"heightSource":"Catastro:numberOfFloorsAboveGround"},"geometry":{"type":"Polygon","coordinates":[[[604289.7075,4115490.8635],[604293.9075,4115510.1335],[604294.4675,4115510.3435],[604290.0375,4115490.0035],[604289.7075,4115490.8635]]]}},{"type":"Feature","properties":{"id":"4457302XG0145N_part1","floors":2,"height":6.2,"heightSource":"Catastro:numberOfFloorsAboveGround"},"geometry":{"type":"Polygon","coordinates":[[[604336.2275,4115503.8935],[604334.2675,4115504.3235],[604335.9275,4115512.2435],[604339.8575,4115511.3235],[604340.6875,4115515.2335],[604336.7575,4115516.1535],[604337.378,4115519.0935],[604339.138,4115518.7235],[604340.038,4115523.0235],[604337.688,4115523.5235],[604338.478,4115527.2535],[604349.348,4115525.3535],[604344.4475,4115501.9735],[604338.2275,4115503.4235],[604337.5275,4115500.4435],[604335.5875,4115500.8935],[604336.2275,4115503.8935]]]}},{"type":"Feature","properties":{"id":"4457302XG0145N_part2","floors":3,"height":9.3,"heightSource":"Catastro:numberOfFloorsAboveGround"},"geometry":{"type":"Polygon","coordinates":[[[604323.4675,4115503.7435],[604328.938,4115528.9335],[604338.478,4115527.2535],[604337.688,4115523.5235],[604340.038,4115523.0235],[604339.138,4115518.7235],[604337.378,4115519.0935],[604336.7575,4115516.1535],[604332.8975,4115517.0535],[604332.0675,4115513.1435],[604335.9275,4115512.2435],[604334.2675,4115504.3235],[604332.2875,4115504.7535],[604331.5875,4115501.8335],[604323.4675,4115503.7435]]]}},{"type":"Feature","properties":{"id":"4457302XG0145N_part3","floors":2,"height":6.2,"heightSource":"Catastro:numberOfFloorsAboveGround"},"geometry":{"type":"Polygon","coordinates":[[[604323.2075,4115503.9735],[604323.6175,4115505.9335],[604323.4175,4115505.9735],[604324.8375,4115512.8335],[604325.0375,4115512.7835],[604326.0475,4115517.6835],[604325.8475,4115517.7235],[604326.788,4115522.2335],[604326.978,4115522.1935],[604328.498,4115529.5135],[604338.578,4115527.7435],[604338.478,4115527.2535],[604328.938,4115528.9335],[604323.4675,4115503.7435],[604323.2075,4115503.9735]]]}},{"type":"Feature","properties":{"id":"4457302XG0145N_part4","floors":1,"height":3.1,"heightSource":"Catastro:numberOfFloorsAboveGround"},"geometry":{"type":"Polygon","coordinates":[[[604349.348,4115525.3535],[604338.478,4115527.2535],[604338.578,4115527.7435],[604349.948,4115525.7535],[604348.778,4115520.1935],[604348.578,4115520.2335],[604347.968,4115517.2935],[604348.158,4115517.2535],[604347.2175,4115512.7535],[604347.0175,4115512.7935],[604345.9975,4115507.9035],[604346.1875,4115507.8635],[604344.7575,4115501.0135],[604344.5575,4115501.0535],[604344.1475,4115499.0935],[604343.8175,4115498.9835],[604344.4475,4115501.9735],[604349.348,4115525.3535]]]}},{"type":"Feature","properties":{"id":"4457302XG0145N_part5","floors":3,"height":9.3,"heightSource":"Catastro:numberOfFloorsAboveGround"},"geometry":{"type":"Polygon","coordinates":[[[604337.5275,4115500.4435],[604338.2275,4115503.4235],[604344.4475,4115501.9735],[604343.8175,4115498.9835],[604342.8475,4115499.2135],[604337.5275,4115500.4435]]]}},{"type":"Feature","properties":{"id":"4457305XG0145N_part2","floors":2,"height":6.2,"heightSource":"Catastro:numberOfFloorsAboveGround"},"geometry":{"type":"Polygon","coordinates":[[[604341.9575,4115495.1035],[604342.5875,4115498.0235],[604343.5675,4115497.8135],[604342.9275,4115494.8935],[604341.9575,4115495.1035]]]}},{"type":"Feature","properties":{"id":"4457305XG0145N_part3","floors":2,"height":6.2,"heightSource":"Catastro:numberOfFloorsAboveGround"},"geometry":{"type":"Polygon","coordinates":[[[604334.3475,4115492.9135],[604335.7675,4115499.5035],[604342.5875,4115498.0235],[604341.9575,4115495.1035],[604342.9275,4115494.8935],[604342.3075,4115492.0035],[604342.1375,4115491.2235],[604337.8475,4115492.1435],[604334.3475,4115492.9135]]]}},{"type":"Feature","properties":{"id":"4457305XG0145N_part4","floors":2,"height":6.2,"heightSource":"Catastro:numberOfFloorsAboveGround"},"geometry":{"type":"Polygon","coordinates":[[[604322.4975,4115499.2235],[604323.4675,4115503.7435],[604331.5875,4115501.8335],[604335.5875,4115500.8935],[604337.5275,4115500.4435],[604342.8475,4115499.2135],[604342.5875,4115498.0235],[604335.7675,4115499.5035],[604334.3475,4115492.9135],[604334.2775,4115492.5635],[604330.7075,4115493.3335],[604329.7175,4115493.5535],[604330.0475,4115495.1235],[604333.2275,4115494.4435],[604333.8875,4115497.5035],[604330.7175,4115498.1935],[604330.5675,4115497.4735],[604322.4975,4115499.2235]]]}},{"type":"Feature","properties":{"id":"4457306XG0145N_part1","floors":1,"height":3.1,"heightSource":"Catastro:numberOfFloorsAboveGround"},"geometry":{"type":"Polygon","coordinates":[[[604339.3875,4115478.6135],[604331.6475,4115480.3935],[604332.7675,4115485.6035],[604335.8875,4115484.9335],[604336.5275,4115487.8935],[604333.4075,4115488.5735],[604333.7675,4115490.2235],[604337.2775,4115489.4635],[604337.1775,4115488.9835],[604341.4375,4115488.0535],[604339.3875,4115478.6135]]]}},{"type":"Feature","properties":{"id":"4457306XG0145N_part2","floors":2,"height":6.2,"heightSource":"Catastro:numberOfFloorsAboveGround"},"geometry":{"type":"Polygon","coordinates":[[[604336.5275,4115487.8935],[604335.8875,4115484.9335],[604332.7675,4115485.6035],[604333.4075,4115488.5735],[604336.5275,4115487.8935]]]}},{"type":"Feature","properties":{"id":"4457306XG0145N_part3","floors":2,"height":6.2,"heightSource":"Catastro:numberOfFloorsAboveGround"},"geometry":{"type":"Polygon","coordinates":[[[604333.7675,4115490.2235],[604334.2775,4115492.5635],[604334.3475,4115492.9135],[604337.8475,4115492.1435],[604337.2775,4115489.4635],[604333.7675,4115490.2235]]]}},{"type":"Feature","properties":{"id":"4457307XG0145N_part1","floors":1,"height":3.1,"heightSource":"Catastro:numberOfFloorsAboveGround"},"geometry":{"type":"Polygon","coordinates":[[[604322.8775,4115482.4235],[604324.6075,4115490.4535],[604329.8475,4115489.3035],[604330.1475,4115490.7035],[604330.7075,4115493.3335],[604334.2775,4115492.5635],[604333.7675,4115490.2235],[604333.4075,4115488.5735],[604332.7675,4115485.6035],[604331.6475,4115480.3935],[604322.8775,4115482.4235]]]}},{"type":"Feature","properties":{"id":"4457308XG0145N_part1","floors":1,"height":3.1,"heightSource":"Catastro:numberOfFloorsAboveGround"},"geometry":{"type":"Polygon","coordinates":[[[604319.1175,4115483.3035],[604322.4975,4115499.2235],[604330.5675,4115497.4735],[604330.0475,4115495.1235],[604329.7175,4115493.5535],[604330.7075,4115493.3335],[604330.1475,4115490.7035],[604326.4575,4115491.5035],[604327.5075,4115496.3635],[604324.9775,4115496.9135],[604323.8875,4115491.8435],[604324.2775,4115491.7635],[604324.0275,4115490.5735],[604324.6075,4115490.4535],[604322.8775,4115482.4235],[604319.1175,4115483.3035]]]}},{"type":"Feature","properties":{"id":"4457401XG0145N_part1","floors":1,"height":3.1,"heightSource":"Catastro:numberOfFloorsAboveGround"},"geometry":{"type":"Polygon","coordinates":[[[604320.247,4115467.9135],[604319.557,4115464.9835],[604315.417,4115465.8135],[604317.9975,4115477.7035],[604327.3775,4115475.5835],[604325.297,4115466.6835],[604320.247,4115467.9135]]]}},{"type":"Feature","properties":{"id":"4457402XG0145N_part1","floors":1,"height":3.1,"heightSource":"Catastro:numberOfFloorsAboveGround"},"geometry":{"type":"Polygon","coordinates":[[[604331.797,4115461.5235],[604332.567,4115464.9135],[604325.297,4115466.6835],[604327.3775,4115475.5835],[604338.1075,4115473.1735],[604335.317,4115460.7135],[604331.797,4115461.5235]]]}},{"type":"Feature","properties":{"id":"4457403XG0145N_part1","floors":3,"height":9.3,"heightSource":"Catastro:numberOfFloorsAboveGround"},"geometry":{"type":"Polygon","coordinates":[[[604332.187,4115446.7035],[604311.387,4115447.2735],[604313.057,4115454.9835],[604314.107,4115459.8635],[604322.317,4115458.2435],[604321.717,4115455.5335],[604320.967,4115455.6935],[604320.377,4115452.7935],[604324.747,4115451.8535],[604325.397,4115454.7435],[604324.687,4115454.9035],[604325.237,4115457.6635],[604334.247,4115455.9135],[604333.517,4115452.6435],[604332.187,4115446.7035]]]}},{"type":"Feature","properties":{"id":"4457403XG0145N_part2","floors":4,"height":12.4,"heightSource":"Catastro:numberOfFloorsAboveGround"},"geometry":{"type":"Polygon","coordinates":[[[604325.397,4115454.7435],[604324.747,4115451.8535],[604320.377,4115452.7935],[604320.967,4115455.6935],[604321.717,4115455.5335],[604324.687,4115454.9035],[604325.397,4115454.7435]]]}},{"type":"Feature","properties":{"id":"4457403XG0145N_part3","floors":2,"height":6.2,"heightSource":"Catastro:numberOfFloorsAboveGround"},"geometry":{"type":"Polygon","coordinates":[[[604332.677,4115446.5935],[604332.457,4115446.3535],[604332.177,4115446.2035],[604311.377,4115446.7735],[604311.187,4115446.8535],[604311.027,4115446.9935],[604310.927,4115447.1735],[604310.897,4115447.3835],[604312.567,4115455.0935],[604313.057,4115454.9835],[604311.387,4115447.2735],[604332.187,4115446.7035],[604333.517,4115452.6435],[604334.007,4115452.5335],[604332.677,4115446.5935]]]}},{"type":"Feature","properties":{"id":"4457503XG0145N_part1","floors":1,"height":3.1,"heightSource":"Catastro:numberOfFloorsAboveGround"},"geometry":{"type":"Polygon","coordinates":[[[604301.4875,4115481.7035],[604313.1175,4115479.0935],[604311.167,4115469.7835],[604303.177,4115471.4235],[604303.497,4115473.0335],[604299.837,4115473.8335],[604301.4875,4115481.7035]]]}},{"type":"Feature","properties":{"id":"4457504XG0145N_part1","floors":2,"height":6.2,"heightSource":"Catastro:numberOfFloorsAboveGround"},"geometry":{"type":"Polygon","coordinates":[[[604306.377,4115464.5035],[604304.257,4115464.9135],[604305.047,4115468.3835],[604307.057,4115467.9235],[604306.377,4115464.5035]]]}},{"type":"Feature","properties":{"id":"4457504XG0145N_part2","floors":1,"height":3.1,"heightSource":"Catastro:numberOfFloorsAboveGround"},"geometry":{"type":"Polygon","coordinates":[[[604299.607,4115462.8335],[604300.997,4115469.3235],[604305.047,4115468.3835],[604304.257,4115464.9135],[604306.377,4115464.5035],[604307.057,4115467.9235],[604310.617,4115467.1035],[604309.247,4115460.5335],[604299.607,4115462.8335]]]}},{"type":"Feature","properties":{"id":"4457505XG0145N_part1","floors":1,"height":3.1,"heightSource":"Catastro:numberOfFloorsAboveGround"},"geometry":{"type":"Polygon","coordinates":[[[604295.697,4115456.9135],[604297.377,4115463.3735],[604299.607,4115462.8335],[604309.247,4115460.5335],[604307.847,4115453.8335],[604295.697,4115456.9135]]]}},{"type":"Feature","properties":{"id":"4457506XG0145N_part1","floors":1,"height":3.1,"heightSource":"Catastro:numberOfFloorsAboveGround"},"geometry":{"type":"Polygon","coordinates":[[[604306.567,4115447.6835],[604294.117,4115449.5635],[604295.697,4115456.9135],[604307.847,4115453.8335],[604306.567,4115447.6835]]]}},{"type":"Feature","properties":{"id":"4457801XG0145N_part1","floors":1,"height":3.1,"heightSource":"Catastro:numberOfFloorsAboveGround"},"geometry":{"type":"Polygon","coordinates":[[[604270.0375,4115527.7835],[604269.3575,4115524.8635],[604266.4375,4115525.5435],[604267.1175,4115528.4635],[604270.0375,4115527.7835]]]}},{"type":"Feature","properties":{"id":"4457801XG0145N_part2","floors":1,"height":3.1,"heightSource":"Catastro:numberOfFloorsAboveGround"},"geometry":{"type":"Polygon","coordinates":[[[604273.828,4115544.1335],[604273.148,4115541.2135],[604270.228,4115541.8935],[604270.908,4115544.8135],[604273.828,4115544.1335]]]}},{"type":"Feature","properties":{"id":"4457801XG0145N_part3","floors":1,"height":3.1,"heightSource":"Catastro:numberOfFloorsAboveGround"},"geometry":{"type":"Polygon","coordinates":[[[604283.2275,4115528.2035],[604282.5475,4115525.2735],[604279.6275,4115525.9535],[604280.2975,4115528.8735],[604283.2275,4115528.2035]]]}},{"type":"Feature","properties":{"id":"4457801XG0145N_part4","floors":4,"height":12.4,"heightSource":"Catastro:numberOfFloorsAboveGround"},"geometry":{"type":"Polygon","coordinates":[[[604260.4775,4115525.5835],[604267.368,4115551.7835],[604292.478,4115545.9735],[604293.258,4115545.7935],[604295.398,4115545.2935],[604288.3275,4115519.3335],[604275.8775,4115522.1235],[604272.8075,4115522.8135],[604260.4775,4115525.5835]],[[604271.6675,4115530.1635],[604276.7375,4115528.9835],[604278.6575,4115537.2635],[604273.5875,4115538.4435],[604271.6675,4115530.1635]],[[604279.6275,4115525.9535],[604282.5475,4115525.2735],[604283.2275,4115528.2035],[604280.2975,4115528.8735],[604279.6275,4115525.9535]],[[604266.4375,4115525.5435],[604269.3575,4115524.8635],[604270.0375,4115527.7835],[604267.1175,4115528.4635],[604266.4375,4115525.5435]],[[604282.648,4115539.0135],[604285.568,4115538.3335],[604286.248,4115541.2535],[604283.328,4115541.9335],[604282.648,4115539.0135]],[[604270.228,4115541.8935],[604273.148,4115541.2135],[604273.828,4115544.1335],[604270.908,4115544.8135],[604270.228,4115541.8935]]]}},{"type":"Feature","properties":{"id":"4457801XG0145N_part5","floors":5,"height":15.5,"heightSource":"Catastro:numberOfFloorsAboveGround"},"geometry":{"type":"Polygon","coordinates":[[[604278.6575,4115537.2635],[604276.7375,4115528.9835],[604271.6675,4115530.1635],[604273.5875,4115538.4435],[604278.6575,4115537.2635]]]}},{"type":"Feature","properties":{"id":"4457802XG0145N_part1","floors":3,"height":9.3,"heightSource":"Catastro:numberOfFloorsAboveGround"},"geometry":{"type":"Polygon","coordinates":[[[604256.8975,4115507.9735],[604260.4775,4115525.5835],[604272.8075,4115522.8135],[604272.3275,4115520.3535],[604275.4175,4115519.7635],[604275.8775,4115522.1235],[604288.3275,4115519.3335],[604283.6875,4115502.3835],[604270.3175,4115505.0135],[604266.2775,4115505.9435],[604265.3075,4115506.1735],[604261.8775,4115506.9735],[604258.9175,4115507.6635],[604256.8975,4115507.9735]],[[604276.9175,4115512.8435],[604279.7675,4115512.2935],[604280.8175,4115517.7135],[604277.9575,4115518.1835],[604276.9175,4115512.8435]],[[604263.9375,4115515.3535],[604266.7875,4115514.8035],[604267.8375,4115520.2235],[604264.9775,4115520.6935],[604263.9375,4115515.3535]],[[604269.4075,4115508.8435],[604272.4275,4115508.2535],[604272.9475,4115510.9435],[604269.8975,4115511.5335],[604269.4075,4115508.8435]]]}},{"type":"Feature","properties":{"id":"4457802XG0145N_part2","floors":4,"height":12.4,"heightSource":"Catastro:numberOfFloorsAboveGround"},"geometry":{"type":"Polygon","coordinates":[[[604267.8375,4115520.2235],[604266.7875,4115514.8035],[604263.9375,4115515.3535],[604264.9775,4115520.6935],[604267.8375,4115520.2235]]]}},{"type":"Feature","properties":{"id":"4457802XG0145N_part3","floors":4,"height":12.4,"heightSource":"Catastro:numberOfFloorsAboveGround"},"geometry":{"type":"Polygon","coordinates":[[[604280.8175,4115517.7135],[604279.7675,4115512.2935],[604276.9175,4115512.8435],[604277.9575,4115518.1835],[604280.8175,4115517.7135]]]}},{"type":"Feature","properties":{"id":"4457804XG0145N_part1","floors":1,"height":3.1,"heightSource":"Catastro:numberOfFloorsAboveGround"},"geometry":{"type":"Polygon","coordinates":[[[604256.7475,4115497.6635],[604258.2375,4115504.5335],[604261.2675,4115503.8835],[604264.6475,4115503.1535],[604265.3075,4115506.1735],[604266.2775,4115505.9435],[604263.9775,4115495.9835],[604256.7475,4115497.6635]]]}},{"type":"Feature","properties":{"id":"4457804XG0145N_part2","floors":1,"height":3.1,"heightSource":"Catastro:numberOfFloorsAboveGround"},"geometry":{"type":"Polygon","coordinates":[[[604263.9775,4115495.9835],[604266.2775,4115505.9435],[604270.3175,4115505.0135],[604268.0675,4115495.0335],[604263.9775,4115495.9835]]]}},{"type":"Feature","properties":{"id":"4457804XG0145N_part3","floors":2,"height":6.2,"heightSource":"Catastro:numberOfFloorsAboveGround"},"geometry":{"type":"Polygon","coordinates":[[[604258.2375,4115504.5335],[604258.9175,4115507.6635],[604261.8775,4115506.9735],[604261.2675,4115503.8835],[604258.2375,4115504.5335]]]}},{"type":"Feature","properties":{"id":"4457805XG0145N_part1","floors":3,"height":9.3,"heightSource":"Catastro:numberOfFloorsAboveGround"},"geometry":{"type":"Polygon","coordinates":[[[604269.728,4115561.4835],[604272.098,4115571.593],[604279.008,4115569.953],[604300.368,4115564.883],[604299.298,4115560.333],[604297.998,4115554.8235],[604295.858,4115555.3235],[604269.728,4115561.4835]],[[604279.578,4115563.5135],[604284.288,4115562.4035],[604284.988,4115565.033],[604280.198,4115566.153],[604279.578,4115563.5135]]]}},{"type":"Feature","properties":{"id":"4457805XG0145N_part2","floors":2,"height":6.2,"heightSource":"Catastro:numberOfFloorsAboveGround"},"geometry":{"type":"Polygon","coordinates":[[[604279.008,4115569.953],[604279.118,4115570.393],[604300.478,4115565.343],[604300.368,4115564.883],[604279.008,4115569.953]]]}},{"type":"Feature","properties":{"id":"4457805XG0145N_part3","floors":2,"height":6.2,"heightSource":"Catastro:numberOfFloorsAboveGround"},"geometry":{"type":"Polygon","coordinates":[[[604299.298,4115560.333],[604300.038,4115560.163],[604298.888,4115555.2935],[604297.998,4115554.8235],[604299.298,4115560.333]]]}},{"type":"Feature","properties":{"id":"4457805XG0145N_part4","floors":4,"height":12.4,"heightSource":"Catastro:numberOfFloorsAboveGround"},"geometry":{"type":"Polygon","coordinates":[[[604284.988,4115565.033],[604284.288,4115562.4035],[604279.578,4115563.5135],[604280.198,4115566.153],[604284.988,4115565.033]]]}},{"type":"Feature","properties":{"id":"4457805XG0145N_part5","floors":1,"height":3.1,"heightSource":"Catastro:numberOfFloorsAboveGround"},"geometry":{"type":"Polygon","coordinates":[[[604268.788,4115561.7035],[604271.098,4115571.513],[604272.198,4115572.023],[604279.118,4115570.393],[604279.008,4115569.953],[604272.098,4115571.593],[604269.728,4115561.4835],[604268.788,4115561.7035]]]}},{"type":"Feature","properties":{"id":"4457807XG0145N_part1","floors":4,"height":12.4,"heightSource":"Catastro:numberOfFloorsAboveGround"},"geometry":{"type":"Polygon","coordinates":[[[604293.768,4115550.7135],[604294.108,4115551.9535],[604294.878,4115551.7435],[604295.858,4115555.3235],[604297.998,4115554.8235],[604296.658,4115549.9235],[604293.768,4115550.7135]]]}},{"type":"Feature","properties":{"id":"4457807XG0145N_part2","floors":4,"height":12.4,"heightSource":"Catastro:numberOfFloorsAboveGround"},"geometry":{"type":"Polygon","coordinates":[[[604267.368,4115551.7835],[604269.728,4115561.4835],[604295.858,4115555.3235],[604294.878,4115551.7435],[604294.108,4115551.9535],[604293.768,4115550.7135],[604293.398,4115549.3635],[604292.478,4115545.9735],[604267.368,4115551.7835]],[[604273.928,4115557.0235],[604272.908,4115552.6435],[604277.278,4115551.6335],[604278.298,4115556.0135],[604276.848,4115556.3535],[604277.138,4115557.6135],[604274.608,4115558.2035],[604274.318,4115556.9335],[604273.928,4115557.0235]],[[604282.308,4115551.8335],[604285.308,4115551.1235],[604286.058,4115554.2835],[604283.058,4115554.9935],[604282.308,4115551.8335]]]}},{"type":"Feature","properties":{"id":"4457807XG0145N_part3","floors":4,"height":12.4,"heightSource":"Catastro:numberOfFloorsAboveGround"},"geometry":{"type":"Polygon","coordinates":[[[604293.398,4115549.3635],[604293.768,4115550.7135],[604296.658,4115549.9235],[604296.288,4115548.5735],[604294.168,4115549.1535],[604293.398,4115549.3635]]]}},{"type":"Feature","properties":{"id":"4457807XG0145N_part4","floors":4,"height":12.4,"heightSource":"Catastro:numberOfFloorsAboveGround"},"geometry":{"type":"Polygon","coordinates":[[[604292.478,4115545.9735],[604293.398,4115549.3635],[604294.168,4115549.1535],[604293.258,4115545.7935],[604292.478,4115545.9735]]]}},{"type":"Feature","properties":{"id":"4457807XG0145N_part5","floors":5,"height":15.5,"heightSource":"Catastro:numberOfFloorsAboveGround"},"geometry":{"type":"Polygon","coordinates":[[[604278.298,4115556.0135],[604277.278,4115551.6335],[604272.908,4115552.6435],[604273.928,4115557.0235],[604274.318,4115556.9335],[604276.848,4115556.3535],[604278.298,4115556.0135]]]}},{"type":"Feature","properties":{"id":"4458003XG0145N_part1","floors":2,"height":6.2,"heightSource":"Catastro:numberOfFloorsAboveGround"},"geometry":{"type":"Polygon","coordinates":[[[604282.3785,4115595.133],[604283.3585,4115594.953],[604282.6085,4115590.843],[604282.591,4115590.7245],[604282.4585,4115590.753],[604281.616,4115590.935],[604281.6285,4115591.033],[604282.3785,4115595.133]]]}},{"type":"Feature","properties":{"id":"4458003XG0145N_part2","floors":1,"height":3.1,"heightSource":"Catastro:numberOfFloorsAboveGround"},"geometry":{"type":"Polygon","coordinates":[[[604278.7885,4115595.783],[604282.3785,4115595.133],[604281.6285,4115591.033],[604281.616,4115590.935],[604281.0685,4115591.053],[604280.0785,4115591.273],[604278.1385,4115591.703],[604278.7885,4115595.783]]]}},{"type":"Feature","properties":{"id":"4458003XG0145N_part3","floors":4,"height":12.4,"heightSource":"Catastro:numberOfFloorsAboveGround"},"geometry":{"type":"Polygon","coordinates":[[[604294.772,4115588.079],[604294.6585,4115588.103],[604294.1785,4115588.213],[604288.3985,4115589.483],[604288.1985,4115589.523],[604287.9085,4115589.583],[604285.4685,4115590.103],[604284.6685,4115590.273],[604282.591,4115590.7245],[604282.6085,4115590.843],[604283.3585,4115594.953],[604282.3785,4115595.133],[604278.7885,4115595.783],[604279.6285,4115601.013],[604283.3685,4115600.363],[604284.3585,4115600.193],[604288.3085,4115620.933],[604300.4185,4115618.863],[604299.3385,4115613.003],[604296.5285,4115613.383],[604295.6785,4115608.823],[604298.4785,4115608.323],[604297.7085,4115604.123],[604294.8985,4115604.633],[604293.3985,4115596.613],[604293.0985,4115596.673],[604290.1585,4115597.213],[604289.5885,4115594.263],[604292.5385,4115593.673],[604295.6785,4115593.043],[604294.8485,4115588.503],[604294.772,4115588.079]],[[604291.8485,4115606.363],[604295.0485,4115605.763],[604295.5985,4115608.743],[604292.4185,4115609.313],[604291.8485,4115606.363]]]}},{"type":"Feature","properties":{"id":"4458003XG0145N_part4","floors":1,"height":3.1,"heightSource":"Catastro:numberOfFloorsAboveGround"},"geometry":{"type":"Polygon","coordinates":[[[604310.3885,4115617.163],[604311.5685,4115616.963],[604306.0085,4115586.373],[604305.9035,4115585.6845],[604304.7325,4115585.9365],[604304.8485,4115586.593],[604310.3885,4115617.163]]]}},{"type":"Feature","properties":{"id":"4458003XG0145N_part5","floors":2,"height":6.2,"heightSource":"Catastro:numberOfFloorsAboveGround"},"geometry":{"type":"Polygon","coordinates":[[[604307.9585,4115617.573],[604310.3885,4115617.163],[604304.8485,4115586.593],[604304.7325,4115585.9365],[604302.4285,4115586.433],[604302.282,4115586.464],[604302.3985,4115587.063],[604307.9585,4115617.573]]]}},{"type":"Feature","properties":{"id":"4458003XG0145N_part6","floors":3,"height":9.3,"heightSource":"Catastro:numberOfFloorsAboveGround"},"geometry":{"type":"Polygon","coordinates":[[[604304.0485,4115618.243],[604307.9585,4115617.573],[604302.3985,4115587.063],[604302.282,4115586.464],[604300.1185,4115586.923],[604298.302,4115587.322],[604298.3985,4115587.823],[604304.0485,4115618.243]]]}},{"type":"Feature","properties":{"id":"4458003XG0145N_part7","floors":4,"height":12.4,"heightSource":"Catastro:numberOfFloorsAboveGround"},"geometry":{"type":"Polygon","coordinates":[[[604298.302,4115587.322],[604297.1585,4115587.573],[604297.1185,4115587.581],[604297.1085,4115587.583],[604294.772,4115588.079],[604294.8485,4115588.503],[604295.6785,4115593.043],[604292.5385,4115593.673],[604293.0985,4115596.673],[604293.3985,4115596.613],[604294.8985,4115604.633],[604297.7085,4115604.123],[604298.4785,4115608.323],[604295.6785,4115608.823],[604296.5285,4115613.383],[604299.3385,4115613.003],[604300.4185,4115618.863],[604304.0485,4115618.243],[604298.3985,4115587.823],[604298.302,4115587.322]]]}},{"type":"Feature","properties":{"id":"4458003XG0145N_part8","floors":2,"height":6.2,"heightSource":"Catastro:numberOfFloorsAboveGround"},"geometry":{"type":"Polygon","coordinates":[[[604284.3585,4115600.193],[604283.3685,4115600.363],[604287.3185,4115621.103],[604288.3085,4115620.933],[604284.3585,4115600.193]]]}},{"type":"Feature","properties":{"id":"4458003XG0145N_part9","floors":1,"height":3.1,"heightSource":"Catastro:numberOfFloorsAboveGround"},"geometry":{"type":"Polygon","coordinates":[[[604279.6285,4115601.013],[604286.8685,4115621.183],[604287.3185,4115621.103],[604283.3685,4115600.363],[604279.6285,4115601.013]]]}},{"type":"Feature","properties":{"id":"4458004XG0145N_part1","floors":2,"height":6.2,"heightSource":"Catastro:numberOfFloorsAboveGround"},"geometry":{"type":"Polygon","coordinates":[[[604294.568,4115575.493],[604294.7925,4115576.5435],[604295.9285,4115581.853],[604296.796,4115585.886],[604297.1585,4115587.573],[604300.1185,4115586.923],[604302.4285,4115586.433],[604306.6795,4115585.517],[604306.5785,4115584.9615],[604305.9685,4115582.163],[604305.7585,4115581.203],[604305.5985,4115580.453],[604305.5385,4115580.153],[604304.3605,4115574.7255],[604304.078,4115573.423],[604296.728,4115575.023],[604294.568,4115575.493]]]}},{"type":"Feature","properties":{"id":"4458008XG0145N_part1","floors":4,"height":12.4,"heightSource":"Catastro:numberOfFloorsAboveGround"},"geometry":{"type":"Polygon","coordinates":[[[604301.0885,4115624.143],[604302.839,4115633.183],[604305.389,4115632.693],[604308.249,4115632.143],[604308.869,4115635.343],[604307.049,4115635.693],[604305.809,4115634.853],[604306.439,4115638.113],[604307.279,4115636.873],[604309.089,4115636.523],[604309.709,4115639.723],[604306.859,4115640.273],[604306.069,4115640.423],[604307.779,4115649.283],[604312.419,4115648.443],[604317.849,4115647.473],[604315.329,4115634.803],[604312.9285,4115622.103],[604307.5085,4115623.033],[604301.0885,4115624.143]]]}},{"type":"Feature","properties":{"id":"4458008XG0145N_part2","floors":5,"height":15.5,"heightSource":"Catastro:numberOfFloorsAboveGround"},"geometry":{"type":"Polygon","coordinates":[[[604288.5385,4115626.293],[604294.879,4115651.593],[604307.779,4115649.283],[604306.069,4115640.423],[604306.859,4115640.273],[604306.439,4115638.113],[604305.809,4115634.853],[604305.389,4115632.693],[604302.839,4115633.183],[604301.0885,4115624.143],[604288.5385,4115626.293]],[[604298.269,4115638.613],[604300.089,4115638.263],[604301.329,4115639.103],[604301.749,4115641.263],[604298.889,4115641.813],[604298.269,4115638.613]],[[604297.429,4115634.233],[604300.279,4115633.683],[604300.699,4115635.843],[604299.859,4115637.083],[604298.049,4115637.433],[604297.429,4115634.233]]]}},{"type":"Feature","properties":{"id":"4458009XG0145N_part1","floors":2,"height":6.2,"heightSource":"Catastro:numberOfFloorsAboveGround"},"geometry":{"type":"Polygon","coordinates":[[[604275.508,4115579.643],[604277.4985,4115588.773],[604280.4285,4115588.123],[604281.0685,4115591.053],[604282.4585,4115590.753],[604284.6685,4115590.273],[604285.4685,4115590.103],[604284.8285,4115587.173],[604287.7585,4115586.533],[604288.3985,4115589.483],[604294.1785,4115588.213],[604292.938,4115582.493],[604295.9285,4115581.853],[604294.7925,4115576.5435],[604294.568,4115575.493],[604294.078,4115575.603],[604286.208,4115577.313],[604287.538,4115583.423],[604281.408,4115584.753],[604280.078,4115578.653],[604275.998,4115579.533],[604275.508,4115579.643]]]}},{"type":"Feature","properties":{"id":"4458009XG0145N_part2","floors":3,"height":9.3,"heightSource":"Catastro:numberOfFloorsAboveGround"},"geometry":{"type":"Polygon","coordinates":[[[604280.078,4115578.653],[604281.408,4115584.753],[604287.538,4115583.423],[604286.208,4115577.313],[604280.078,4115578.653]]]}},{"type":"Feature","properties":{"id":"4458201XG0145N_part1","floors":1,"height":3.1,"heightSource":"Catastro:numberOfFloorsAboveGround"},"geometry":{"type":"Polygon","coordinates":[[[604334.689,4115645.423],[604337.799,4115644.913],[604337.299,4115641.883],[604336.899,4115641.943],[604334.199,4115642.393],[604334.689,4115645.423]]]}},{"type":"Feature","properties":{"id":"4458201XG0145N_part2","floors":1,"height":3.1,"heightSource":"Catastro:numberOfFloorsAboveGround"},"geometry":{"type":"Polygon","coordinates":[[[604344.089,4115640.773],[604345.049,4115645.353],[604345.989,4115645.183],[604346.939,4115650.063],[604349.419,4115649.733],[604347.429,4115640.233],[604346.749,4115640.343],[604344.089,4115640.773]]]}},{"type":"Feature","properties":{"id":"4458201XG0145N_part3","floors":2,"height":6.2,"heightSource":"Catastro:numberOfFloorsAboveGround"},"geometry":{"type":"Polygon","coordinates":[[[604326.529,4115643.653],[604328.459,4115652.633],[604346.939,4115650.063],[604345.989,4115645.183],[604345.049,4115645.353],[604344.089,4115640.773],[604337.299,4115641.883],[604337.799,4115644.913],[604334.689,4115645.423],[604334.199,4115642.393],[604333.579,4115642.493],[604326.529,4115643.653]]]}},{"type":"Feature","properties":{"id":"4458202XG0145N_part1","floors":2,"height":6.2,"heightSource":"Catastro:numberOfFloorsAboveGround"},"geometry":{"type":"Polygon","coordinates":[[[604325.059,4115636.803],[604326.529,4115643.653],[604333.579,4115642.493],[604333.049,4115639.193],[604336.359,4115638.653],[604336.899,4115641.943],[604337.299,4115641.883],[604344.089,4115640.773],[604346.749,4115640.343],[604346.109,4115636.413],[604345.319,4115636.533],[604344.839,4115633.573],[604331.939,4115635.673],[604329.999,4115635.993],[604325.059,4115636.803]]]}},{"type":"Feature","properties":{"id":"4458203XG0145N_part1","floors":1,"height":3.1,"heightSource":"Catastro:numberOfFloorsAboveGround"},"geometry":{"type":"Polygon","coordinates":[[[604325.059,4115636.803],[604329.999,4115635.993],[604328.209,4115627.563],[604323.249,4115628.383],[604325.059,4115636.803]]]}},{"type":"Feature","properties":{"id":"4458203XG0145N_part2","floors":2,"height":6.2,"heightSource":"Catastro:numberOfFloorsAboveGround"},"geometry":{"type":"Polygon","coordinates":[[[604329.989,4115627.273],[604331.939,4115635.673],[604344.839,4115633.573],[604346.019,4115633.383],[604344.259,4115624.953],[604335.959,4115626.303],[604336.789,4115630.153],[604334.919,4115630.463],[604334.189,4115626.593],[604329.989,4115627.273]]]}},{"type":"Feature","properties":{"id":"4458204XG0145N_part1","floors":1,"height":3.1,"heightSource":"Catastro:numberOfFloorsAboveGround"},"geometry":{"type":"Polygon","coordinates":[[[604325.629,4115623.163],[604327.959,4115622.743],[604327.3385,4115619.323],[604324.9785,4115619.693],[604325.629,4115623.163]]]}},{"type":"Feature","properties":{"id":"4458204XG0145N_part2","floors":2,"height":6.2,"heightSource":"Catastro:numberOfFloorsAboveGround"},"geometry":{"type":"Polygon","coordinates":[[[604321.5085,4115620.243],[604323.249,4115628.383],[604328.209,4115627.563],[604329.989,4115627.273],[604334.189,4115626.593],[604335.959,4115626.303],[604344.259,4115624.953],[604344.239,4115624.853],[604342.599,4115616.933],[604334.8285,4115618.143],[604330.7785,4115618.783],[604332.069,4115625.223],[604328.519,4115625.863],[604327.959,4115622.743],[604325.629,4115623.163],[604324.9785,4115619.693],[604321.5085,4115620.243]]]}},{"type":"Feature","properties":{"id":"4458401XG0145N_part1","floors":5,"height":15.5,"heightSource":"Catastro:numberOfFloorsAboveGround"},"geometry":{"type":"Polygon","coordinates":[[[604318.6785,4115605.833],[604318.7995,4115606.463],[604320.5585,4115615.603],[604330.279,4115613.8955],[604329.6585,4115610.653],[604333.4485,4115609.933],[604333.5585,4115609.843],[604332.8985,4115606.193],[604330.6785,4115606.613],[604327.7985,4115607.153],[604327.228,4115604.1615],[604318.6785,4115605.833]]]}},{"type":"Feature","properties":{"id":"4458401XG0145N_part2","floors":1,"height":3.1,"heightSource":"Catastro:numberOfFloorsAboveGround"},"geometry":{"type":"Polygon","coordinates":[[[604329.3185,4115603.753],[604327.228,4115604.1615],[604327.7985,4115607.153],[604330.6785,4115606.613],[604330.119,4115603.5955],[604329.3185,4115603.753]]]}},{"type":"Feature","properties":{"id":"4458401XG0145N_part3","floors":3,"height":9.3,"heightSource":"Catastro:numberOfFloorsAboveGround"},"geometry":{"type":"Polygon","coordinates":[[[604329.6585,4115610.653],[604330.279,4115613.8955],[604341.6785,4115611.893],[604341.6495,4115611.753],[604339.693,4115602.342],[604339.5685,4115601.743],[604336.1285,4115602.413],[604337.4185,4115609.453],[604333.4985,4115610.223],[604333.4485,4115609.933],[604329.6585,4115610.653]]]}},{"type":"Feature","properties":{"id":"4458401XG0145N_part4","floors":4,"height":12.4,"heightSource":"Catastro:numberOfFloorsAboveGround"},"geometry":{"type":"Polygon","coordinates":[[[604330.119,4115603.5955],[604330.6785,4115606.613],[604332.8985,4115606.193],[604333.5585,4115609.843],[604333.4485,4115609.933],[604333.4985,4115610.223],[604337.4185,4115609.453],[604336.1285,4115602.413],[604330.119,4115603.5955]]]}},{"type":"Feature","properties":{"id":"4458402XG0145N_part1","floors":3,"height":9.3,"heightSource":"Catastro:numberOfFloorsAboveGround"},"geometry":{"type":"Polygon","coordinates":[[[604327.7185,4115595.423],[604328.1885,4115597.843],[604329.6585,4115597.553],[604330.2285,4115600.503],[604328.7585,4115600.783],[604329.3185,4115603.753],[604336.1285,4115602.413],[604334.3985,4115594.143],[604327.7185,4115595.423]]]}},{"type":"Feature","properties":{"id":"4458402XG0145N_part2","floors":4,"height":12.4,"heightSource":"Catastro:numberOfFloorsAboveGround"},"geometry":{"type":"Polygon","coordinates":[[[604317.0685,4115597.473],[604318.6785,4115605.833],[604329.3185,4115603.753],[604328.7585,4115600.783],[604327.2785,4115601.073],[604326.8285,4115598.713],[604327.1085,4115598.413],[604327.4385,4115598.163],[604327.7985,4115597.973],[604328.1885,4115597.843],[604327.7185,4115595.423],[604317.0685,4115597.473]]]}},{"type":"Feature","properties":{"id":"4458402XG0145N_part3","floors":2,"height":6.2,"heightSource":"Catastro:numberOfFloorsAboveGround"},"geometry":{"type":"Polygon","coordinates":[[[604334.3985,4115594.143],[604336.1285,4115602.413],[604339.5685,4115601.743],[604337.9985,4115594.263],[604337.8385,4115593.483],[604334.3985,4115594.143]]]}},{"type":"Feature","properties":{"id":"4458403XG0145N_part1","floors":2,"height":6.2,"heightSource":"Catastro:numberOfFloorsAboveGround"},"geometry":{"type":"Polygon","coordinates":[[[604315.5485,4115589.483],[604317.0685,4115597.473],[604327.7185,4115595.423],[604334.3985,4115594.143],[604337.8385,4115593.483],[604336.9485,4115589.163],[604336.1985,4115585.543],[604333.0085,4115586.153],[604333.6085,4115589.093],[604328.9485,4115589.983],[604328.5985,4115588.153],[604326.2185,4115588.603],[604325.9985,4115587.493],[604325.6885,4115587.553],[604315.5485,4115589.483]]]}},{"type":"Feature","properties":{"id":"4458403XG0145N_part2","floors":3,"height":9.3,"heightSource":"Catastro:numberOfFloorsAboveGround"},"geometry":{"type":"Polygon","coordinates":[[[604328.3885,4115587.033],[604328.5985,4115588.153],[604328.9485,4115589.983],[604333.6085,4115589.093],[604333.0085,4115586.153],[604328.3885,4115587.033]]]}},{"type":"Feature","properties":{"id":"4458406XG0145N_part1","floors":5,"height":15.5,"heightSource":"Catastro:numberOfFloorsAboveGround"},"geometry":{"type":"Polygon","coordinates":[[[604303.808,4115538.6435],[604311.058,4115564.753],[604311.268,4115565.523],[604318.408,4115563.253],[604317.438,4115559.933],[604320.768,4115558.853],[604318.308,4115550.3935],[604317.328,4115547.0435],[604314.328,4115536.7535],[604303.808,4115538.6435]],[[604308.778,4115546.6535],[604312.108,4115545.5735],[604313.088,4115548.9335],[604309.758,4115550.0135],[604308.778,4115546.6535]]]}},{"type":"Feature","properties":{"id":"4458406XG0145N_part2","floors":1,"height":3.1,"heightSource":"Catastro:numberOfFloorsAboveGround"},"geometry":{"type":"Polygon","coordinates":[[[604313.088,4115548.9335],[604312.108,4115545.5735],[604308.778,4115546.6535],[604309.758,4115550.0135],[604313.088,4115548.9335]]]}},{"type":"Feature","properties":{"id":"4458406XG0145N_part3","floors":4,"height":12.4,"heightSource":"Catastro:numberOfFloorsAboveGround"},"geometry":{"type":"Polygon","coordinates":[[[604328.478,4115549.7035],[604328.378,4115549.2335],[604326.658,4115541.9635],[604326.208,4115539.8835],[604325.088,4115534.8035],[604314.328,4115536.7535],[604317.328,4115547.0435],[604320.658,4115545.9635],[604321.638,4115549.3135],[604318.308,4115550.3935],[604320.768,4115558.853],[604321.738,4115562.193],[604330.448,4115559.423],[604330.288,4115558.633],[604328.478,4115549.7035]]]}},{"type":"Feature","properties":{"id":"4458406XG0145N_part4","floors":1,"height":3.1,"heightSource":"Catastro:numberOfFloorsAboveGround"},"geometry":{"type":"Polygon","coordinates":[[[604321.638,4115549.3135],[604320.658,4115545.9635],[604317.328,4115547.0435],[604318.308,4115550.3935],[604321.638,4115549.3135]]]}},{"type":"Feature","properties":{"id":"4459401XG0145N_part1","floors":1,"height":3.1,"heightSource":"Catastro:numberOfFloorsAboveGround"},"geometry":{"type":"Polygon","coordinates":[[[604317.479,4115669.453],[604321.529,4115670.523],[604319.949,4115662.163],[604319.8485,4115661.623],[604316.1845,4115662.3025],[604316.269,4115662.833],[604317.479,4115669.453]]]}},{"type":"Feature","properties":{"id":"4459401XG0145N_part2","floors":2,"height":6.2,"heightSource":"Catastro:numberOfFloorsAboveGround"},"geometry":{"type":"Polygon","coordinates":[[[604311.219,4115661.753],[604311.1795,4115661.7605],[604308.139,4115662.325],[604308.119,4115662.323],[604306.339,4115662.133],[604305.799,4115666.373],[604317.479,4115669.453],[604316.269,4115662.833],[604316.1845,4115662.3025],[604311.489,4115663.173],[604311.392,4115662.663],[604311.219,4115661.753]]]}},{"type":"Feature","properties":{"id":"4459401XG0145N_part3","floors":1,"height":3.1,"heightSource":"Catastro:numberOfFloorsAboveGround"},"geometry":{"type":"Polygon","coordinates":[[[604304.979,4115661.963],[604303.4615,4115661.8435],[604299.519,4115661.533],[604300.119,4115664.883],[604305.799,4115666.373],[604306.339,4115662.133],[604306.069,4115662.103],[604304.979,4115661.963]]]}},{"type":"Feature","properties":{"id":"4459402XG0145N_part1","floors":2,"height":6.2,"heightSource":"Catastro:numberOfFloorsAboveGround"},"geometry":{"type":"Polygon","coordinates":[[[604310.959,4115656.743],[604311.709,4115661.653],[604311.219,4115661.753],[604311.489,4115663.173],[604319.8485,4115661.623],[604318.749,4115655.733],[604310.959,4115656.743]]]}},{"type":"Feature","properties":{"id":"4459402XG0145N_part2","floors":1,"height":3.1,"heightSource":"Catastro:numberOfFloorsAboveGround"},"geometry":{"type":"Polygon","coordinates":[[[604301.219,4115658.001],[604300.349,4115658.113],[604298.519,4115658.353],[604299.519,4115661.533],[604303.4615,4115661.8435],[604304.979,4115661.963],[604305.019,4115661.733],[604304.239,4115657.613],[604301.219,4115658.001]]]}},{"type":"Feature","properties":{"id":"4459402XG0145N_part4","floors":3,"height":9.3,"heightSource":"Catastro:numberOfFloorsAboveGround"},"geometry":{"type":"Polygon","coordinates":[[[604307.789,4115658.573],[604306.569,4115658.743],[604306.989,4115661.373],[604307.1495,4115662.2195],[604308.119,4115662.323],[604308.139,4115662.325],[604311.1795,4115661.7605],[604311.219,4115661.753],[604311.709,4115661.653],[604310.959,4115656.743],[604310.5765,4115656.793],[604307.589,4115657.183],[604307.789,4115658.573]]]}},{"type":"Feature","properties":{"id":"4459404XG0145N_part1","floors":4,"height":12.4,"heightSource":"Catastro:numberOfFloorsAboveGround"},"geometry":{"type":"Polygon","coordinates":[[[604307.9795,4115699.903],[604315.7895,4115698.373],[604315.2195,4115695.423],[604318.1895,4115694.833],[604318.7795,4115697.793],[604327.4295,4115696.103],[604322.3995,4115674.293],[604300.979,4115668.743],[604307.9795,4115699.903]],[[604312.6695,4115682.403],[604315.6395,4115681.813],[604316.4495,4115685.923],[604313.4795,4115686.513],[604312.6695,4115682.403]],[[604308.6395,4115678.833],[604310.2395,4115678.513],[604310.4695,4115679.833],[604308.8995,4115680.103],[604308.6395,4115678.833]]]}},{"type":"Feature","properties":{"id":"4554101XG0145S_part1","floors":2,"height":6.2,"heightSource":"Catastro:numberOfFloorsAboveGround"},"geometry":{"type":"Polygon","coordinates":[[[604408.736,4115293.4235],[604409.136,4115296.3935],[604409.976,4115296.2835],[604409.616,4115293.3035],[604408.736,4115293.4235]]]}},{"type":"Feature","properties":{"id":"4554101XG0145S_part2","floors":2,"height":6.2,"heightSource":"Catastro:numberOfFloorsAboveGround"},"geometry":{"type":"Polygon","coordinates":[[[604394.6355,4115291.6635],[604394.8455,4115292.5735],[604396.116,4115298.1235],[604409.136,4115296.3935],[604408.736,4115293.4235],[604409.616,4115293.3035],[604409.526,4115292.5735],[604409.1155,4115289.2235],[604397.4655,4115291.1835],[604394.6355,4115291.6635]]]}},{"type":"Feature","properties":{"id":"4554102XG0145S_part1","floors":2,"height":6.2,"heightSource":"Catastro:numberOfFloorsAboveGround"},"geometry":{"type":"Polygon","coordinates":[[[604396.8255,4115286.354],[604396.8655,4115286.614],[604397.4655,4115291.1835],[604409.1155,4115289.2235],[604408.5855,4115284.904],[604404.3455,4115285.424],[604396.8255,4115286.354]]]}},{"type":"Feature","properties":{"id":"4554103XG0145S_part1","floors":1,"height":3.1,"heightSource":"Catastro:numberOfFloorsAboveGround"},"geometry":{"type":"Polygon","coordinates":[[[604396.3355,4115283.824],[604393.0955,4115284.224],[604393.7155,4115287.234],[604396.8655,4115286.614],[604396.8255,4115286.354],[604404.3455,4115285.424],[604404.2055,4115283.684],[604400.5355,4115284.224],[604400.2155,4115281.714],[604397.6755,4115281.954],[604397.4655,4115279.834],[604399.9455,4115279.634],[604399.7855,4115277.584],[604395.6755,4115278.104],[604395.7155,4115278.414],[604396.3355,4115283.824]]]}},{"type":"Feature","properties":{"id":"4554103XG0145S_part2","floors":2,"height":6.2,"heightSource":"Catastro:numberOfFloorsAboveGround"},"geometry":{"type":"Polygon","coordinates":[[[604399.9455,4115279.634],[604397.4655,4115279.834],[604397.6755,4115281.954],[604400.2155,4115281.714],[604400.5355,4115284.224],[604404.2055,4115283.684],[604404.3455,4115285.424],[604408.5855,4115284.904],[604407.5755,4115276.614],[604399.7855,4115277.584],[604399.9455,4115279.634]]]}},{"type":"Feature","properties":{"id":"4554104XG0145S_part1","floors":1,"height":3.1,"heightSource":"Catastro:numberOfFloorsAboveGround"},"geometry":{"type":"Polygon","coordinates":[[[604395.7455,4115274.374],[604391.3055,4115274.894],[604392.0155,4115278.964],[604395.7155,4115278.414],[604395.6755,4115278.104],[604399.7855,4115277.584],[604407.5755,4115276.614],[604406.6455,4115268.954],[604400.9555,4115269.684],[604396.9755,4115270.064],[604395.1255,4115270.244],[604395.7455,4115274.374]]]}},{"type":"Feature","properties":{"id":"4554104XG0145S_part2","floors":2,"height":6.2,"heightSource":"Catastro:numberOfFloorsAboveGround"},"geometry":{"type":"Polygon","coordinates":[[[604390.5755,4115270.694],[604391.3055,4115274.894],[604395.7455,4115274.374],[604395.1255,4115270.244],[604390.5755,4115270.694]]]}},{"type":"Feature","properties":{"id":"4554105XG0145S_part1","floors":1,"height":3.1,"heightSource":"Catastro:numberOfFloorsAboveGround"},"geometry":{"type":"Polygon","coordinates":[[[604396.0555,4115262.334],[604396.4155,4115265.314],[604399.3855,4115264.894],[604398.9755,4115261.924],[604396.0555,4115262.334]]]}},{"type":"Feature","properties":{"id":"4554105XG0145S_part2","floors":2,"height":6.2,"heightSource":"Catastro:numberOfFloorsAboveGround"},"geometry":{"type":"Polygon","coordinates":[[[604388.9955,4115263.334],[604390.5755,4115270.694],[604395.1255,4115270.244],[604396.9755,4115270.064],[604396.6355,4115267.084],[604400.6055,4115266.634],[604400.9555,4115269.684],[604406.6455,4115268.954],[604405.6755,4115260.984],[604398.9755,4115261.924],[604399.3855,4115264.894],[604396.4155,4115265.314],[604396.0555,4115262.334],[604391.4755,4115262.984],[604388.9955,4115263.334]]]}},{"type":"Feature","properties":{"id":"4554105XG0145S_part3","floors":3,"height":9.3,"heightSource":"Catastro:numberOfFloorsAboveGround"},"geometry":{"type":"Polygon","coordinates":[[[604400.6055,4115266.634],[604396.6355,4115267.084],[604396.9755,4115270.064],[604400.9555,4115269.684],[604400.6055,4115266.634]]]}},{"type":"Feature","properties":{"id":"4554106XG0145S_part1","floors":2,"height":6.2,"heightSource":"Catastro:numberOfFloorsAboveGround"},"geometry":{"type":"Polygon","coordinates":[[[604391.1255,4115258.984],[604391.4755,4115262.984],[604396.0555,4115262.334],[604398.9755,4115261.924],[604405.6755,4115260.984],[604405.1955,4115257.044],[604401.1855,4115257.594],[604393.2155,4115258.694],[604391.1255,4115258.984]]]}},{"type":"Feature","properties":{"id":"4554107XG0145S_part1","floors":1,"height":3.1,"heightSource":"Catastro:numberOfFloorsAboveGround"},"geometry":{"type":"Polygon","coordinates":[[[604389.9655,4115254.534],[604390.8555,4115259.024],[604391.1255,4115258.984],[604393.2155,4115258.694],[604392.4455,4115254.224],[604389.9655,4115254.534]]]}},{"type":"Feature","properties":{"id":"4554107XG0145S_part2","floors":2,"height":6.2,"heightSource":"Catastro:numberOfFloorsAboveGround"},"geometry":{"type":"Polygon","coordinates":[[[604396.5255,4115253.724],[604392.4455,4115254.224],[604393.2155,4115258.694],[604401.1855,4115257.594],[604400.5755,4115253.034],[604396.5255,4115253.724]]]}},{"type":"Feature","properties":{"id":"4554107XG0145S_part3","floors":1,"height":3.1,"heightSource":"Catastro:numberOfFloorsAboveGround"},"geometry":{"type":"Polygon","coordinates":[[[604401.1855,4115257.594],[604405.1955,4115257.044],[604404.6255,4115252.364],[604400.5755,4115253.034],[604401.1855,4115257.594]]]}},{"type":"Feature","properties":{"id":"4554108XG0145S_part1","floors":1,"height":3.1,"heightSource":"Catastro:numberOfFloorsAboveGround"},"geometry":{"type":"Polygon","coordinates":[[[604386.4655,4115251.524],[604387.1855,4115254.884],[604389.9655,4115254.534],[604392.4455,4115254.224],[604396.5255,4115253.724],[604400.5755,4115253.034],[604404.6255,4115252.364],[604404.1555,4115248.504],[604386.4655,4115251.524]]]}},{"type":"Feature","properties":{"id":"4554109XG0145S_part1","floors":1,"height":3.1,"heightSource":"Catastro:numberOfFloorsAboveGround"},"geometry":{"type":"Polygon","coordinates":[[[604390.2855,4115246.864],[604385.595,4115247.444],[604386.4655,4115251.524],[604404.1555,4115248.504],[604403.6755,4115244.584],[604390.2855,4115246.864]]]}},{"type":"Feature","properties":{"id":"4554110XG0145S_part1","floors":1,"height":3.1,"heightSource":"Catastro:numberOfFloorsAboveGround"},"geometry":{"type":"Polygon","coordinates":[[[604384.385,4115239.484],[604384.765,4115241.954],[604386.085,4115241.734],[604385.665,4115239.264],[604384.385,4115239.484]]]}},{"type":"Feature","properties":{"id":"4554110XG0145S_part2","floors":1,"height":3.1,"heightSource":"Catastro:numberOfFloorsAboveGround"},"geometry":{"type":"Polygon","coordinates":[[[604388.325,4115243.684],[604385.115,4115244.284],[604385.595,4115247.444],[604390.2855,4115246.864],[604403.6755,4115244.584],[604402.685,4115236.414],[604393.265,4115237.994],[604387.685,4115238.924],[604388.325,4115243.684]]]}},{"type":"Feature","properties":{"id":"4554111XG0145S_part1","floors":1,"height":3.1,"heightSource":"Catastro:numberOfFloorsAboveGround"},"geometry":{"type":"Polygon","coordinates":[[[604392.595,4115234.454],[604393.265,4115237.994],[604402.685,4115236.414],[604402.2695396825,4115233.0],[604400.2884175826,4115233.0],[604392.595,4115234.454]]]}},{"type":"Feature","properties":{"id":"4554111XG0145S_part2","floors":2,"height":6.2,"heightSource":"Catastro:numberOfFloorsAboveGround"},"geometry":{"type":"Polygon","coordinates":[[[604384.385,4115239.484],[604385.665,4115239.264],[604387.685,4115238.924],[604393.265,4115237.994],[604392.595,4115234.454],[604392.3636033254,4115233.0],[604383.4064435696,4115233.0],[604384.385,4115239.484]]]}},{"type":"Feature","properties":{"id":"4554112XG0145S_part1","floors":2,"height":6.2,"heightSource":"Catastro:numberOfFloorsAboveGround"},"geometry":{"type":"Polygon","coordinates":[[[604392.595,4115234.454],[604395.8215,4115233.844],[604395.7184856338,4115233.0],[604392.3636033254,4115233.0],[604392.595,4115234.454]]]}},{"type":"Feature","properties":{"id":"4554202XG0145S_part1","floors":2,"height":6.2,"heightSource":"Catastro:numberOfFloorsAboveGround"},"geometry":{"type":"Polygon","coordinates":[[[604438.666,4115280.0835],[604438.746,4115280.3635],[604439.626,4115283.5935],[604439.816,4115284.2635],[604442.056,4115283.4835],[604443.776,4115289.2935],[604447.446,4115288.4935],[604455.476,4115285.6835],[604453.256,4115275.404],[604438.666,4115280.0835]]]}},{"type":"Feature","properties":{"id":"4554203XG0145S_part1","floors":3,"height":9.3,"heightSource":"Catastro:numberOfFloorsAboveGround"},"geometry":{"type":"Polygon","coordinates":[[[604437.2555,4115268.594],[604435.5655,4115269.124],[604437.643,4115276.4675],[604439.534,4115275.8535],[604438.9125,4115273.9395],[604438.8065,4115273.6145],[604439.2245,4115273.479],[604443.562,4115272.07],[604442.4655,4115268.694],[604441.9555,4115267.124],[604437.2555,4115268.594]]]}},{"type":"Feature","properties":{"id":"4554203XG0145S_part2","floors":2,"height":6.2,"heightSource":"Catastro:numberOfFloorsAboveGround"},"geometry":{"type":"Polygon","coordinates":[[[604443.562,4115272.07],[604439.2245,4115273.479],[604438.8065,4115273.6145],[604438.9125,4115273.9395],[604439.534,4115275.8535],[604437.643,4115276.4675],[604438.666,4115280.0835],[604453.256,4115275.404],[604450.8755,4115264.344],[604444.3955,4115266.364],[604444.8555,4115267.984],[604442.4655,4115268.694],[604443.562,4115272.07]]]}},{"type":"Feature","properties":{"id":"4554205XG0145S_part1","floors":1,"height":3.1,"heightSource":"Catastro:numberOfFloorsAboveGround"},"geometry":{"type":"Polygon","coordinates":[[[604433.4755,4115257.204],[604434.3455,4115259.574],[604437.9355,4115257.904],[604438.8755,4115260.894],[604449.4755,4115257.874],[604448.2855,4115252.364],[604438.1055,4115255.694],[604433.4755,4115257.204]]]}},{"type":"Feature","properties":{"id":"4554206XG0145S_part1","floors":1,"height":3.1,"heightSource":"Catastro:numberOfFloorsAboveGround"},"geometry":{"type":"Polygon","coordinates":[[[604426.3555,4115254.444],[604429.3755,4115262.714],[604430.6955,4115262.254],[604430.1255,4115260.364],[604429.3555,4115258.554],[604433.4755,4115257.204],[604438.1055,4115255.694],[604437.4455,4115253.254],[604434.7755,4115254.084],[604434.2255,4115251.754],[604431.4155,4115252.844],[604426.3555,4115254.444]]]}},{"type":"Feature","properties":{"id":"4554206XG0145S_part2","floors":2,"height":6.2,"heightSource":"Catastro:numberOfFloorsAboveGround"},"geometry":{"type":"Polygon","coordinates":[[[604436.7855,4115250.764],[604437.4455,4115253.254],[604438.1055,4115255.694],[604448.2855,4115252.364],[604447.2755,4115247.684],[604436.7855,4115250.764]]]}},{"type":"Feature","properties":{"id":"4554207XG0145S_part1","floors":1,"height":3.1,"heightSource":"Catastro:numberOfFloorsAboveGround"},"geometry":{"type":"Polygon","coordinates":[[[604435.9055,4115247.444],[604430.3655,4115249.444],[604431.4155,4115252.844],[604434.2255,4115251.754],[604436.7855,4115250.764],[604447.2755,4115247.684],[604445.7955,4115240.804],[604434.9155,4115243.694],[604435.9055,4115247.444]]]}},{"type":"Feature","properties":{"id":"4554207XG0145S_part2","floors":1,"height":3.1,"heightSource":"Catastro:numberOfFloorsAboveGround"},"geometry":{"type":"Polygon","coordinates":[[[604429.8055,4115247.644],[604432.6155,4115246.654],[604431.9355,4115244.574],[604430.1955,4115245.114],[604429.1355,4115245.444],[604429.8055,4115247.644]]]}},{"type":"Feature","properties":{"id":"4554208XG0145S_part1","floors":1,"height":3.1,"heightSource":"Catastro:numberOfFloorsAboveGround"},"geometry":{"type":"Polygon","coordinates":[[[604441.4955,4115237.694],[604441.3855,4115237.334],[604432.6655,4115240.094],[604429.1455,4115241.414],[604426.4955,4115241.984],[604426.9955,4115243.854],[604429.6055,4115243.044],[604430.1955,4115245.114],[604431.9355,4115244.574],[604434.9155,4115243.694],[604445.7955,4115240.804],[604444.9355,4115236.804],[604441.4955,4115237.694]]]}},{"type":"Feature","properties":{"id":"4554210XG0145S_part1","floors":1,"height":3.1,"heightSource":"Catastro:numberOfFloorsAboveGround"},"geometry":{"type":"Polygon","coordinates":[[[604426.8555,4115235.544],[604424.3255,4115236.234],[604424.4055,4115236.504],[604424.9255,4115238.144],[604427.9855,4115237.144],[604442.6081607923,4115233.0],[604426.1961647482,4115233.0],[604426.8555,4115235.544]]]}},{"type":"Feature","properties":{"id":"4554216XG0145S_part1","floors":2,"height":6.2,"heightSource":"Catastro:numberOfFloorsAboveGround"},"geometry":{"type":"Polygon","coordinates":[[[604417.5955,4115238.664],[604418.2455,4115240.674],[604421.9355,4115239.494],[604425.0455,4115238.514],[604424.9255,4115238.144],[604424.4055,4115236.504],[604417.5955,4115238.664]]]}},{"type":"Feature","properties":{"id":"4554216XG0145S_part2","floors":2,"height":6.2,"heightSource":"Catastro:numberOfFloorsAboveGround"},"geometry":{"type":"Polygon","coordinates":[[[604417.5955,4115238.664],[604424.4055,4115236.504],[604424.3255,4115236.234],[604423.475,4115233.554],[604421.265,4115234.264],[604420.863290411,4115233.0],[604415.7587949771,4115233.0],[604417.5955,4115238.664]]]}},{"type":"Feature","properties":{"id":"4554216XG0145S_part3","floors":3,"height":9.3,"heightSource":"Catastro:numberOfFloorsAboveGround"},"geometry":{"type":"Polygon","coordinates":[[[604421.265,4115234.264],[604423.475,4115233.554],[604424.645,4115233.204],[604424.5867142858,4115233.0],[604420.863290411,4115233.0],[604421.265,4115234.264]]]}},{"type":"Feature","properties":{"id":"4554217XG0145S_part1","floors":1,"height":3.1,"heightSource":"Catastro:numberOfFloorsAboveGround"},"geometry":{"type":"Polygon","coordinates":[[[604418.2455,4115240.674],[604420.6755,4115248.134],[604424.3055,4115246.964],[604421.9355,4115239.494],[604418.2455,4115240.674]]]}},{"type":"Feature","properties":{"id":"4554217XG0145S_part2","floors":2,"height":6.2,"heightSource":"Catastro:numberOfFloorsAboveGround"},"geometry":{"type":"Polygon","coordinates":[[[604421.9355,4115239.494],[604424.3055,4115246.964],[604427.5555,4115245.954],[604426.9955,4115243.854],[604426.4955,4115241.984],[604426.2655,4115241.104],[604425.5355,4115238.354],[604425.0455,4115238.514],[604421.9355,4115239.494]]]}},{"type":"Feature","properties":{"id":"4554218XG0145S_part1","floors":2,"height":6.2,"heightSource":"Catastro:numberOfFloorsAboveGround"},"geometry":{"type":"Polygon","coordinates":[[[604420.6755,4115248.134],[604423.0655,4115255.494],[604426.3555,4115254.444],[604431.4155,4115252.844],[604430.3655,4115249.444],[604429.8055,4115247.644],[604429.1355,4115245.444],[604427.5555,4115245.954],[604424.3055,4115246.964],[604420.6755,4115248.134]]]}},{"type":"Feature","properties":{"id":"4554221XG0145S_part1","floors":2,"height":6.2,"heightSource":"Catastro:numberOfFloorsAboveGround"},"geometry":{"type":"Polygon","coordinates":[[[604428.2355,4115271.404],[604430.985,4115279.6355],[604433.855,4115278.758],[604432.6525,4115275.159],[604434.5495,4115274.5255],[604432.95,4115269.736],[604428.2355,4115271.404]]]}},{"type":"Feature","properties":{"id":"4554221XG0145S_part2","floors":3,"height":9.3,"heightSource":"Catastro:numberOfFloorsAboveGround"},"geometry":{"type":"Polygon","coordinates":[[[604435.727,4115278.0515],[604434.5495,4115274.5255],[604432.6525,4115275.159],[604433.855,4115278.758],[604435.768,4115278.1735],[604435.727,4115278.0515]]]}},{"type":"Feature","properties":{"id":"4554221XG0145S_part3","floors":1,"height":3.1,"heightSource":"Catastro:numberOfFloorsAboveGround"},"geometry":{"type":"Polygon","coordinates":[[[604435.727,4115278.0515],[604435.768,4115278.1735],[604437.938,4115277.51],[604435.5655,4115269.124],[604434.7655,4115269.094],[604432.95,4115269.736],[604434.5495,4115274.5255],[604435.727,4115278.0515]]]}},{"type":"Feature","properties":{"id":"4554222XG0145S_part1","floors":2,"height":6.2,"heightSource":"Catastro:numberOfFloorsAboveGround"},"geometry":{"type":"Polygon","coordinates":[[[604438.746,4115280.3635],[604438.666,4115280.0835],[604437.93795,4115277.5101],[604430.9848,4115279.6353],[604431.896,4115282.3635],[604432.08695,4115282.9346],[604438.88075,4115280.8581],[604438.746,4115280.3635]]]}},{"type":"Feature","properties":{"id":"4555101XG0145N_part1","floors":1,"height":3.1,"heightSource":"Catastro:numberOfFloorsAboveGround"},"geometry":{"type":"Polygon","coordinates":[[[604409.8265,4115372.2435],[604418.2365,4115372.2735],[604416.8465,4115359.4035],[604407.6765,4115360.4435],[604409.8265,4115372.2435]]]}},{"type":"Feature","properties":{"id":"4555102XG0145N_part1","floors":1,"height":3.1,"heightSource":"Catastro:numberOfFloorsAboveGround"},"geometry":{"type":"Polygon","coordinates":[[[604407.6765,4115360.4435],[604416.8465,4115359.4035],[604416.4065,4115355.3935],[604406.9465,4115356.4635],[604407.6765,4115360.4435]]]}},{"type":"Feature","properties":{"id":"4555103XG0145N_part1","floors":3,"height":9.3,"heightSource":"Catastro:numberOfFloorsAboveGround"},"geometry":{"type":"Polygon","coordinates":[[[604405.5265,4115348.6935],[604406.9465,4115356.4635],[604416.4065,4115355.3935],[604415.5165,4115347.1235],[604405.5265,4115348.6935]]]}},{"type":"Feature","properties":{"id":"4555104XG0145N_part1","floors":1,"height":3.1,"heightSource":"Catastro:numberOfFloorsAboveGround"},"geometry":{"type":"Polygon","coordinates":[[[604403.956,4115339.5235],[604404.286,4115341.5335],[604407.016,4115341.2135],[604407.4065,4115343.8835],[604407.7165,4115343.8535],[604407.9265,4115345.7335],[604405.0465,4115346.0635],[604405.5265,4115348.6935],[604415.5165,4115347.1235],[604414.566,4115338.3035],[604407.216,4115339.1435],[604403.956,4115339.5235]]]}},{"type":"Feature","properties":{"id":"4555105XG0145N_part1","floors":1,"height":3.1,"heightSource":"Catastro:numberOfFloorsAboveGround"},"geometry":{"type":"Polygon","coordinates":[[[604403.286,4115335.4435],[604406.756,4115335.0435],[604407.216,4115339.1435],[604414.566,4115338.3035],[604413.346,4115327.0235],[604406.576,4115327.7935],[604406.866,4115330.3335],[604402.516,4115330.8335],[604403.286,4115335.4435]]]}},{"type":"Feature","properties":{"id":"4555107XG0145N_part1","floors":1,"height":3.1,"heightSource":"Catastro:numberOfFloorsAboveGround"},"geometry":{"type":"Polygon","coordinates":[[[604401.166,4115320.4735],[604401.596,4115324.1835],[604412.886,4115322.8835],[604412.486,4115319.1735],[604401.166,4115320.4735]]]}},{"type":"Feature","properties":{"id":"4555108XG0145N_part1","floors":1,"height":3.1,"heightSource":"Catastro:numberOfFloorsAboveGround"},"geometry":{"type":"Polygon","coordinates":[[[604401.166,4115320.4735],[604412.486,4115319.1735],[604411.996,4115314.6335],[604400.646,4115315.9335],[604401.166,4115320.4735]]]}},{"type":"Feature","properties":{"id":"4555109XG0145N_part1","floors":1,"height":3.1,"heightSource":"Catastro:numberOfFloorsAboveGround"},"geometry":{"type":"Polygon","coordinates":[[[604400.216,4115312.1135],[604400.646,4115315.9335],[604411.996,4115314.6335],[604411.596,4115310.8135],[604400.216,4115312.1135]]]}},{"type":"Feature","properties":{"id":"4555110XG0145N_part1","floors":1,"height":3.1,"heightSource":"Catastro:numberOfFloorsAboveGround"},"geometry":{"type":"Polygon","coordinates":[[[604398.826,4115303.6435],[604400.216,4115312.1135],[604411.596,4115310.8135],[604410.696,4115302.4635],[604401.696,4115303.3535],[604402.216,4115307.9735],[604400.816,4115308.1235],[604400.296,4115303.4935],[604398.826,4115303.6435]]]}},{"type":"Feature","properties":{"id":"4555201XG0145N_part1","floors":1,"height":3.1,"heightSource":"Catastro:numberOfFloorsAboveGround"},"geometry":{"type":"Polygon","coordinates":[[[604418.916,4115327.1735],[604427.046,4115324.0635],[604425.626,4115320.1035],[604424.506,4115317.5735],[604424.346,4115317.1335],[604421.976,4115318.0635],[604420.406,4115314.5335],[604417.506,4115315.8035],[604418.916,4115327.1735]]]}},{"type":"Feature","properties":{"id":"4555202XG0145N_part1","floors":1,"height":3.1,"heightSource":"Catastro:numberOfFloorsAboveGround"},"geometry":{"type":"Polygon","coordinates":[[[604434.126,4115317.3035],[604432.866,4115317.8135],[604434.266,4115321.3035],[604438.906,4115319.5335],[604436.196,4115312.3835],[604432.626,4115313.9635],[604434.126,4115317.3035]]]}},{"type":"Feature","properties":{"id":"4555202XG0145N_part2","floors":1,"height":3.1,"heightSource":"Catastro:numberOfFloorsAboveGround"},"geometry":{"type":"Polygon","coordinates":[[[604429.726,4115318.3335],[604425.626,4115320.1035],[604427.046,4115324.0635],[604427.846,4115323.7635],[604427.116,4115322.0735],[604428.216,4115321.5935],[604427.986,4115321.0435],[604430.366,4115320.0135],[604429.726,4115318.3335]]]}},{"type":"Feature","properties":{"id":"4555202XG0145N_part3","floors":2,"height":6.2,"heightSource":"Catastro:numberOfFloorsAboveGround"},"geometry":{"type":"Polygon","coordinates":[[[604424.506,4115317.5735],[604425.626,4115320.1035],[604429.726,4115318.3335],[604430.366,4115320.0135],[604431.296,4115322.4435],[604434.266,4115321.3035],[604432.866,4115317.8135],[604434.126,4115317.3035],[604432.626,4115313.9635],[604424.506,4115317.5735]]]}},{"type":"Feature","properties":{"id":"4555203XG0145N_part1","floors":1,"height":3.1,"heightSource":"Catastro:numberOfFloorsAboveGround"},"geometry":{"type":"Polygon","coordinates":[[[604419.756,4115307.8835],[604420.396,4115311.2135],[604419.656,4115311.5435],[604420.886,4115314.3235],[604420.406,4115314.5335],[604421.976,4115318.0635],[604424.346,4115317.1335],[604424.506,4115317.5735],[604432.626,4115313.9635],[604436.196,4115312.3835],[604434.646,4115308.2935],[604424.496,4115312.7335],[604423.106,4115309.5735],[604421.996,4115307.3835],[604419.756,4115307.8835]]]}},{"type":"Feature","properties":{"id":"4555204XG0145N_part1","floors":2,"height":6.2,"heightSource":"Catastro:numberOfFloorsAboveGround"},"geometry":{"type":"Polygon","coordinates":[[[604423.106,4115309.5735],[604424.496,4115312.7335],[604434.646,4115308.2935],[604433.406,4115305.0435],[604425.806,4115308.3635],[604423.106,4115309.5735]]]}},{"type":"Feature","properties":{"id":"4555205XG0145N_part1","floors":3,"height":9.3,"heightSource":"Catastro:numberOfFloorsAboveGround"},"geometry":{"type":"Polygon","coordinates":[[[604429.966,4115297.4535],[604431.466,4115301.3635],[604431.936,4115301.1835],[604430.456,4115297.3235],[604429.966,4115297.4535]]]}},{"type":"Feature","properties":{"id":"4555205XG0145N_part2","floors":3,"height":9.3,"heightSource":"Catastro:numberOfFloorsAboveGround"},"geometry":{"type":"Polygon","coordinates":[[[604418.846,4115300.4635],[604421.746,4115306.8535],[604424.596,4115305.6135],[604425.806,4115308.3635],[604433.406,4115305.0435],[604431.936,4115301.1835],[604431.466,4115301.3635],[604429.966,4115297.4535],[604418.846,4115300.4635]]]}},{"type":"Feature","properties":{"id":"4555205XG0145N_part3","floors":2,"height":6.2,"heightSource":"Catastro:numberOfFloorsAboveGround"},"geometry":{"type":"Polygon","coordinates":[[[604431.936,4115301.1835],[604433.406,4115305.0435],[604434.046,4115304.7635],[604432.586,4115300.9335],[604431.936,4115301.1835]]]}},{"type":"Feature","properties":{"id":"4555206XG0145N_part1","floors":2,"height":6.2,"heightSource":"Catastro:numberOfFloorsAboveGround"},"geometry":{"type":"Polygon","coordinates":[[[604415.706,4115301.2135],[604417.126,4115312.6435],[604419.656,4115311.5435],[604420.396,4115311.2135],[604419.756,4115307.8835],[604421.996,4115307.3835],[604421.746,4115306.8535],[604418.846,4115300.4635],[604415.706,4115301.2135]]]}},{"type":"Feature","properties":{"id":"4555206XG0145N_part2","floors":3,"height":9.3,"heightSource":"Catastro:numberOfFloorsAboveGround"},"geometry":{"type":"Polygon","coordinates":[[[604417.126,4115312.6435],[604417.506,4115315.8035],[604420.406,4115314.5335],[604420.886,4115314.3235],[604419.656,4115311.5435],[604417.126,4115312.6435]]]}},{"type":"Feature","properties":{"id":"4555301XG0145N_part1","floors":1,"height":3.1,"heightSource":"Catastro:numberOfFloorsAboveGround"},"geometry":{"type":"Polygon","coordinates":[[[604417.736,4115290.8635],[604417.426,4115290.1235],[604413.606,4115290.8035],[604413.816,4115292.5735],[604414.236,4115296.0635],[604427.816,4115293.0035],[604427.656,4115292.5735],[604426.156,4115288.6535],[604417.736,4115290.8635]]]}},{"type":"Feature","properties":{"id":"4555304XG0145N_part1","floors":3,"height":9.3,"heightSource":"Catastro:numberOfFloorsAboveGround"},"geometry":{"type":"Polygon","coordinates":[[[604412.2855,4115278.704],[604412.7955,4115283.444],[604423.2055,4115280.834],[604421.6055,4115276.594],[604419.4355,4115277.084],[604419.9855,4115279.524],[604417.6655,4115280.044],[604417.1155,4115277.604],[604412.2855,4115278.704]]]}},{"type":"Feature","properties":{"id":"4555304XG0145N_part2","floors":4,"height":12.4,"heightSource":"Catastro:numberOfFloorsAboveGround"},"geometry":{"type":"Polygon","coordinates":[[[604417.1155,4115277.604],[604417.6655,4115280.044],[604419.9855,4115279.524],[604419.4355,4115277.084],[604417.1155,4115277.604]]]}},{"type":"Feature","properties":{"id":"4555305XG0145N_part1","floors":3,"height":9.3,"heightSource":"Catastro:numberOfFloorsAboveGround"},"geometry":{"type":"Polygon","coordinates":[[[604411.8255,4115274.494],[604412.2855,4115278.704],[604417.1155,4115277.604],[604419.4355,4115277.084],[604421.6055,4115276.594],[604420.1555,4115272.764],[604416.0055,4115273.624],[604411.8255,4115274.494]]]}},{"type":"Feature","properties":{"id":"4555306XG0145N_part1","floors":1,"height":3.1,"heightSource":"Catastro:numberOfFloorsAboveGround"},"geometry":{"type":"Polygon","coordinates":[[[604410.5755,4115264.934],[604411.2155,4115269.134],[604411.6955,4115273.364],[604415.7555,4115272.714],[604414.7655,4115269.124],[604418.4255,4115268.184],[604416.6655,4115263.534],[604410.5755,4115264.934]]]}},{"type":"Feature","properties":{"id":"4555306XG0145N_part2","floors":2,"height":6.2,"heightSource":"Catastro:numberOfFloorsAboveGround"},"geometry":{"type":"Polygon","coordinates":[[[604414.7655,4115269.124],[604415.7555,4115272.714],[604416.0055,4115273.624],[604420.1555,4115272.764],[604418.4255,4115268.184],[604414.7655,4115269.124]]]}},{"type":"Feature","properties":{"id":"4555307XG0145N_part1","floors":1,"height":3.1,"heightSource":"Catastro:numberOfFloorsAboveGround"},"geometry":{"type":"Polygon","coordinates":[[[604409.3355,4115256.264],[604409.7555,4115259.234],[604413.6055,4115258.444],[604414.0955,4115260.354],[604410.0355,4115261.174],[604410.5755,4115264.934],[604416.6655,4115263.534],[604415.1055,4115259.444],[604413.6655,4115255.314],[604409.3355,4115256.264]]]}},{"type":"Feature","properties":{"id":"4555307XG0145N_part2","floors":2,"height":6.2,"heightSource":"Catastro:numberOfFloorsAboveGround"},"geometry":{"type":"Polygon","coordinates":[[[604414.0955,4115260.354],[604413.6055,4115258.444],[604409.7555,4115259.234],[604410.0355,4115261.174],[604414.0955,4115260.354]]]}},{"type":"Feature","properties":{"id":"4555308XG0145N_part1","floors":2,"height":6.2,"heightSource":"Catastro:numberOfFloorsAboveGround"},"geometry":{"type":"Polygon","coordinates":[[[604408.0955,4115246.064],[604408.6255,4115251.174],[604409.3355,4115256.264],[604413.6655,4115255.314],[604410.3755,4115245.684],[604408.0955,4115246.064]]]}},{"type":"Feature","properties":{"id":"4555308XG0145N_part2","floors":1,"height":3.1,"heightSource":"Catastro:numberOfFloorsAboveGround"},"geometry":{"type":"Polygon","coordinates":[[[604414.5355,4115255.124],[604413.1555,4115251.084],[604411.2555,4115245.534],[604410.3755,4115245.684],[604413.6655,4115255.314],[604414.5355,4115255.124]]]}},{"type":"Feature","properties":{"id":"4555701XG0145N_part1","floors":1,"height":3.1,"heightSource":"Catastro:numberOfFloorsAboveGround"},"geometry":{"type":"Polygon","coordinates":[[[604375.6455,4115279.904],[604374.3955,4115280.134],[604375.1755,4115284.144],[604376.8455,4115283.814],[604378.4855,4115283.494],[604377.8155,4115280.074],[604377.7355,4115279.664],[604376.6155,4115279.874],[604376.3255,4115278.424],[604375.4055,4115278.614],[604375.6455,4115279.904]]]}},{"type":"Feature","properties":{"id":"4555701XG0145N_part2","floors":5,"height":15.5,"heightSource":"Catastro:numberOfFloorsAboveGround"},"geometry":{"type":"Polygon","coordinates":[[[604368.765,4115253.494],[604369.5955,4115257.784],[604371.4955,4115257.414],[604372.5155,4115257.214],[604374.0555,4115256.914],[604373.215,4115252.634],[604371.755,4115252.914],[604370.575,4115253.144],[604368.765,4115253.494]]]}},{"type":"Feature","properties":{"id":"4555701XG0145N_part3","floors":5,"height":15.5,"heightSource":"Catastro:numberOfFloorsAboveGround"},"geometry":{"type":"Polygon","coordinates":[[[604372.8455,4115274.524],[604373.7055,4115278.954],[604375.4055,4115278.614],[604376.3255,4115278.424],[604377.7555,4115278.164],[604376.9155,4115273.784],[604375.5955,4115274.014],[604374.2455,4115274.254],[604372.8455,4115274.524]]]}},{"type":"Feature","properties":{"id":"4555701XG0145N_part4","floors":1,"height":3.1,"heightSource":"Catastro:numberOfFloorsAboveGround"},"geometry":{"type":"Polygon","coordinates":[[[604368.595,4115248.064],[604369.395,4115252.164],[604370.355,4115251.984],[604370.575,4115253.144],[604371.755,4115252.914],[604371.505,4115251.624],[604372.455,4115251.444],[604371.685,4115247.454],[604370.305,4115247.724],[604368.595,4115248.064]]]}},{"type":"Feature","properties":{"id":"4555701XG0145N_part5","floors":1,"height":3.1,"heightSource":"Catastro:numberOfFloorsAboveGround"},"geometry":{"type":"Polygon","coordinates":[[[604371.6755,4115258.354],[604370.6255,4115258.554],[604371.4355,4115262.894],[604373.2755,4115262.544],[604374.5655,4115262.284],[604373.7855,4115258.294],[604372.7755,4115258.484],[604372.5155,4115257.214],[604371.4955,4115257.414],[604371.6755,4115258.354]]]}},{"type":"Feature","properties":{"id":"4555701XG0145N_part6","floors":1,"height":3.1,"heightSource":"Catastro:numberOfFloorsAboveGround"},"geometry":{"type":"Polygon","coordinates":[[[604372.2655,4115269.314],[604373.0455,4115273.324],[604374.0255,4115273.124],[604374.2455,4115274.254],[604375.5955,4115274.014],[604375.3755,4115272.784],[604376.3855,4115272.594],[604375.6255,4115268.664],[604373.9555,4115268.994],[604372.2655,4115269.314]]]}},{"type":"Feature","properties":{"id":"4555701XG0145N_part7","floors":3,"height":9.3,"heightSource":"Catastro:numberOfFloorsAboveGround"},"geometry":{"type":"Polygon","coordinates":[[[604369.645,4115244.364],[604370.305,4115247.724],[604371.685,4115247.454],[604372.455,4115251.444],[604371.505,4115251.624],[604371.755,4115252.914],[604373.215,4115252.634],[604374.0555,4115256.914],[604372.5155,4115257.214],[604372.7755,4115258.484],[604373.7855,4115258.294],[604374.5655,4115262.284],[604373.2755,4115262.544],[604373.8855,4115265.664],[604373.3355,4115265.764],[604373.9555,4115268.994],[604375.6255,4115268.664],[604376.3855,4115272.594],[604375.3755,4115272.784],[604375.5955,4115274.014],[604376.9155,4115273.784],[604377.7555,4115278.164],[604376.3255,4115278.424],[604376.6155,4115279.874],[604377.7355,4115279.664],[604378.4855,4115283.494],[604376.8455,4115283.814],[604377.4955,4115287.204],[604382.3755,4115286.264],[604387.9755,4115285.174],[604379.965,4115242.354],[604369.645,4115244.364]]]}},{"type":"Feature","properties":{"id":"4555701XG0145N_part8","floors":4,"height":12.4,"heightSource":"Catastro:numberOfFloorsAboveGround"},"geometry":{"type":"Polygon","coordinates":[[[604358.965,4115246.444],[604362.9755,4115267.854],[604366.8455,4115289.284],[604374.8655,4115287.714],[604377.1955,4115287.264],[604377.4955,4115287.204],[604376.8455,4115283.814],[604375.1755,4115284.144],[604374.3955,4115280.134],[604375.6455,4115279.904],[604375.4055,4115278.614],[604373.7055,4115278.954],[604372.8455,4115274.524],[604374.2455,4115274.254],[604374.0255,4115273.124],[604373.0455,4115273.324],[604372.2655,4115269.314],[604373.9555,4115268.994],[604373.3355,4115265.764],[604373.8855,4115265.664],[604373.2755,4115262.544],[604371.4355,4115262.894],[604370.6255,4115258.554],[604371.6755,4115258.354],[604371.4955,4115257.414],[604369.5955,4115257.784],[604368.765,4115253.494],[604370.575,4115253.144],[604370.355,4115251.984],[604369.395,4115252.164],[604368.595,4115248.064],[604370.305,4115247.724],[604369.645,4115244.364],[604358.965,4115246.444]]]}},{"type":"Feature","properties":{"id":"4555702XG0145N_part1","floors":2,"height":6.2,"heightSource":"Catastro:numberOfFloorsAboveGround"},"geometry":{"type":"Polygon","coordinates":[[[604373.0355,4115296.1535],[604374.0155,4115301.6735],[604382.646,4115300.2335],[604381.4455,4115294.9635],[604380.3695,4115295.116],[604380.74,4115297.96],[604377.4,4115298.35],[604377.1,4115295.5785],[604373.0355,4115296.1535]]]}},{"type":"Feature","properties":{"id":"4555702XG0145N_part2","floors":3,"height":9.3,"heightSource":"Catastro:numberOfFloorsAboveGround"},"geometry":{"type":"Polygon","coordinates":[[[604377.1,4115295.5785],[604377.4,4115298.35],[604380.74,4115297.96],[604380.3695,4115295.116],[604377.1,4115295.5785]]]}},{"type":"Feature","properties":{"id":"4555703XG0145N_part1","floors":1,"height":3.1,"heightSource":"Catastro:numberOfFloorsAboveGround"},"geometry":{"type":"Polygon","coordinates":[[[604374.8655,4115287.714],[604375.4155,4115290.614],[604377.6655,4115290.144],[604377.1955,4115287.264],[604374.8655,4115287.714]]]}},{"type":"Feature","properties":{"id":"4555703XG0145N_part2","floors":3,"height":9.3,"heightSource":"Catastro:numberOfFloorsAboveGround"},"geometry":{"type":"Polygon","coordinates":[[[604384.7155,4115293.8635],[604381.3455,4115294.5335],[604381.4455,4115294.9635],[604382.646,4115300.2335],[604390.556,4115298.9135],[604389.3655,4115292.5735],[604387.9755,4115285.174],[604382.3755,4115286.264],[604383.5155,4115291.9435],[604384.3055,4115291.7935],[604384.4555,4115292.5735],[604384.7155,4115293.8635]]]}},{"type":"Feature","properties":{"id":"4555703XG0145N_part3","floors":4,"height":12.4,"heightSource":"Catastro:numberOfFloorsAboveGround"},"geometry":{"type":"Polygon","coordinates":[[[604366.8455,4115289.284],[604367.1855,4115292.574],[604367.6255,4115296.9335],[604373.0355,4115296.1535],[604381.4455,4115294.9635],[604381.3455,4115294.5335],[604384.7155,4115293.8635],[604384.4555,4115292.5735],[604384.3055,4115291.7935],[604383.5155,4115291.9435],[604382.3755,4115286.264],[604377.4955,4115287.204],[604377.1955,4115287.264],[604377.6655,4115290.144],[604375.4155,4115290.614],[604374.8655,4115287.714],[604366.8455,4115289.284]]]}},{"type":"Feature","properties":{"id":"4555706XG0145N_part1","floors":1,"height":3.1,"heightSource":"Catastro:numberOfFloorsAboveGround"},"geometry":{"type":"Polygon","coordinates":[[[604372.765,4115236.834],[604378.725,4115235.674],[604378.223625,4115233.0],[604374.5278,4115233.0],[604372.115,4115233.464],[604372.765,4115236.834]]]}},{"type":"Feature","properties":{"id":"4555707XG0145N_part1","floors":2,"height":6.2,"heightSource":"Catastro:numberOfFloorsAboveGround"},"geometry":{"type":"Polygon","coordinates":[[[604364.545,4115234.924],[604372.115,4115233.464],[604374.5278,4115233.0],[604364.1717239583,4115233.0],[604364.545,4115234.924]]]}},{"type":"Feature","properties":{"id":"4555711XG0145N_part1","floors":1,"height":3.1,"heightSource":"Catastro:numberOfFloorsAboveGround"},"geometry":{"type":"Polygon","coordinates":[[[604368.5855,4115302.5835],[604374.0155,4115301.6735],[604373.0355,4115296.1535],[604367.6255,4115296.9335],[604368.5855,4115302.5835]]]}},{"type":"Feature","properties":{"id":"4556001XG0145N_part1","floors":2,"height":6.2,"heightSource":"Catastro:numberOfFloorsAboveGround"},"geometry":{"type":"Polygon","coordinates":[[[604401.737,4115413.7835],[604403.497,4115428.1735],[604423.577,4115415.6535],[604421.927,4115401.7935],[604411.767,4115407.8235],[604412.367,4115413.0635],[604405.257,4115414.3235],[604405.147,4115411.7535],[604401.737,4115413.7835]]]}},{"type":"Feature","properties":{"id":"4556003XG0145N_part1","floors":2,"height":6.2,"heightSource":"Catastro:numberOfFloorsAboveGround"},"geometry":{"type":"Polygon","coordinates":[[[604404.058,4115379.6615],[604403.56,4115379.65],[604403.15,4115386.77],[604403.62,4115387.243],[604404.058,4115379.6615]]]}},{"type":"Feature","properties":{"id":"4556003XG0145N_part3","floors":3,"height":9.3,"heightSource":"Catastro:numberOfFloorsAboveGround"},"geometry":{"type":"Polygon","coordinates":[[[604403.62,4115387.243],[604420.722,4115387.319],[604420.72,4115387.243],[604420.303,4115382.614],[604419.23,4115382.58],[604419.3825,4115379.807],[604414.769,4115379.4505],[604410.64,4115379.329],[604409.44,4115379.294],[604406.1605,4115379.1975],[604406.14,4115379.71],[604404.058,4115379.6615],[604403.62,4115387.243]]]}},{"type":"Feature","properties":{"id":"4556003XG0145N_part6","floors":2,"height":6.2,"heightSource":"Catastro:numberOfFloorsAboveGround"},"geometry":{"type":"Polygon","coordinates":[[[604414.8,4115378.95],[604410.65,4115378.83],[604410.64,4115379.329],[604414.769,4115379.4505],[604419.3825,4115379.807],[604419.41,4115379.31],[604414.8,4115378.95]]]}},{"type":"Feature","properties":{"id":"4556003XG0145N_part7","floors":3,"height":9.3,"heightSource":"Catastro:numberOfFloorsAboveGround"},"geometry":{"type":"Polygon","coordinates":[[[604419.23,4115382.58],[604420.303,4115382.614],[604420.055,4115379.859],[604419.3825,4115379.807],[604419.23,4115382.58]]]}},{"type":"Feature","properties":{"id":"4556003XG0145N_part9","floors":2,"height":6.2,"heightSource":"Catastro:numberOfFloorsAboveGround"},"geometry":{"type":"Polygon","coordinates":[[[604421.19,4115386.86],[604420.8,4115382.63],[604420.303,4115382.614],[604420.72,4115387.243],[604420.722,4115387.319],[604421.19,4115386.86]]]}},{"type":"Feature","properties":{"id":"4556004XG0145N_part1","floors":1,"height":3.1,"heightSource":"Catastro:numberOfFloorsAboveGround"},"geometry":{"type":"Polygon","coordinates":[[[604389.3465,4115383.5435],[604389.5765,4115383.5435],[604389.5365,4115385.1635],[604393.2265,4115385.2335],[604393.3965,4115379.3035],[604391.6765,4115379.2335],[604391.5565,4115383.2035],[604389.3465,4115383.1335],[604389.3465,4115383.5435]]]}},{"type":"Feature","properties":{"id":"4556004XG0145N_part2","floors":2,"height":6.2,"heightSource":"Catastro:numberOfFloorsAboveGround"},"geometry":{"type":"Polygon","coordinates":[[[604389.3465,4115383.1335],[604391.5565,4115383.2035],[604391.6765,4115379.2335],[604389.4765,4115379.1435],[604389.3465,4115383.1335]]]}},{"type":"Feature","properties":{"id":"4556004XG0145N_part3","floors":2,"height":6.2,"heightSource":"Catastro:numberOfFloorsAboveGround"},"geometry":{"type":"Polygon","coordinates":[[[604389.4765,4115387.9035],[604390.0865,4115387.9235],[604390.1065,4115387.3835],[604397.4765,4115387.5935],[604397.6565,4115379.5035],[604393.3965,4115379.3035],[604393.2265,4115385.2335],[604389.5365,4115385.1635],[604389.4765,4115387.9035]]]}},{"type":"Feature","properties":{"id":"4556005XG0145N_part1","floors":1,"height":3.1,"heightSource":"Catastro:numberOfFloorsAboveGround"},"geometry":{"type":"Polygon","coordinates":[[[604386.0865,4115385.3735],[604384.7565,4115385.4635],[604384.8065,4115387.7735],[604386.1965,4115387.8135],[604386.0865,4115385.3735]]]}},{"type":"Feature","properties":{"id":"4556005XG0145N_part2","floors":2,"height":6.2,"heightSource":"Catastro:numberOfFloorsAboveGround"},"geometry":{"type":"Polygon","coordinates":[[[604383.3465,4115387.7335],[604384.8065,4115387.7735],[604384.7565,4115385.4635],[604386.0865,4115385.3735],[604386.1965,4115387.8135],[604389.0665,4115387.8835],[604389.4765,4115387.9035],[604389.5365,4115385.1635],[604389.5765,4115383.5435],[604389.3465,4115383.5435],[604389.3465,4115383.1335],[604389.4765,4115379.1435],[604381.7665,4115379.0235],[604383.3465,4115387.7335]]]}},{"type":"Feature","properties":{"id":"4556006XG0145N_part1","floors":2,"height":6.2,"heightSource":"Catastro:numberOfFloorsAboveGround"},"geometry":{"type":"Polygon","coordinates":[[[604384.8265,4115395.9035],[604387.1865,4115395.9535],[604388.9565,4115396.0035],[604388.9665,4115393.2235],[604387.8965,4115393.1935],[604387.8465,4115390.4835],[604388.9965,4115390.5335],[604389.0665,4115387.8835],[604386.1965,4115387.8135],[604384.8065,4115387.7735],[604383.3465,4115387.7335],[604384.8265,4115395.9035]]]}},{"type":"Feature","properties":{"id":"4556008XG0145N_part1","floors":1,"height":3.1,"heightSource":"Catastro:numberOfFloorsAboveGround"},"geometry":{"type":"Polygon","coordinates":[[[604386.877,4115407.1335],[604393.277,4115407.1835],[604397.087,4115407.2235],[604397.297,4115396.2935],[604388.9565,4115396.0035],[604387.1865,4115395.9535],[604387.0865,4115398.4135],[604385.2665,4115398.2935],[604386.877,4115407.1335]]]}},{"type":"Feature","properties":{"id":"4556009XG0145N_part1","floors":1,"height":3.1,"heightSource":"Catastro:numberOfFloorsAboveGround"},"geometry":{"type":"Polygon","coordinates":[[[604396.987,4115413.0335],[604397.087,4115407.2235],[604393.277,4115407.1835],[604393.097,4115413.1035],[604396.987,4115413.0335]]]}},{"type":"Feature","properties":{"id":"4556009XG0145N_part2","floors":1,"height":3.1,"heightSource":"Catastro:numberOfFloorsAboveGround"},"geometry":{"type":"Polygon","coordinates":[[[604393.097,4115413.1035],[604395.067,4115417.7435],[604396.917,4115416.6435],[604396.987,4115413.0335],[604393.097,4115413.1035]]]}},{"type":"Feature","properties":{"id":"4556009XG0145N_part3","floors":2,"height":6.2,"heightSource":"Catastro:numberOfFloorsAboveGround"},"geometry":{"type":"Polygon","coordinates":[[[604387.977,4115413.1935],[604391.507,4115419.8635],[604395.067,4115417.7435],[604393.097,4115413.1035],[604387.977,4115413.1935]]]}},{"type":"Feature","properties":{"id":"4556009XG0145N_part4","floors":2,"height":6.2,"heightSource":"Catastro:numberOfFloorsAboveGround"},"geometry":{"type":"Polygon","coordinates":[[[604387.977,4115413.1935],[604393.097,4115413.1035],[604393.277,4115407.1835],[604386.877,4115407.1335],[604387.977,4115413.1935]]]}},{"type":"Feature","properties":{"id":"4556010XG0145N_part1","floors":3,"height":9.3,"heightSource":"Catastro:numberOfFloorsAboveGround"},"geometry":{"type":"Polygon","coordinates":[[[604401.737,4115413.7835],[604398.187,4115415.8935],[604396.917,4115416.6435],[604395.067,4115417.7435],[604391.507,4115419.8635],[604396.927,4115431.9635],[604397.7855,4115431.4925],[604397.797,4115431.5135],[604401.977,4115429.1935],[604403.497,4115428.1735],[604403.2265,4115425.9635],[604397.617,4115429.1135],[604394.617,4115423.5035],[604396.937,4115422.0635],[604399.237,4115420.5735],[604399.407,4115420.4735],[604402.3485,4115418.7835],[604401.737,4115413.7835]]]}},{"type":"Feature","properties":{"id":"4556010XG0145N_part2","floors":4,"height":12.4,"heightSource":"Catastro:numberOfFloorsAboveGround"},"geometry":{"type":"Polygon","coordinates":[[[604399.237,4115420.5735],[604396.937,4115422.0635],[604394.617,4115423.5035],[604397.617,4115429.1135],[604403.2265,4115425.9635],[604402.636,4115421.1335],[604400.657,4115422.7135],[604399.407,4115420.4735],[604399.237,4115420.5735]]]}},{"type":"Feature","properties":{"id":"4556101XG0145N_part1","floors":1,"height":3.1,"heightSource":"Catastro:numberOfFloorsAboveGround"},"geometry":{"type":"Polygon","coordinates":[[[604367.897,4115425.7535],[604370.197,4115437.6235],[604386.377,4115437.0735],[604381.977,4115427.0135],[604380.077,4115422.6535],[604367.897,4115425.7535]]]}},{"type":"Feature","properties":{"id":"4556102XG0145N_part1","floors":4,"height":12.4,"heightSource":"Catastro:numberOfFloorsAboveGround"},"geometry":{"type":"Polygon","coordinates":[[[604381.977,4115427.0135],[604386.377,4115437.0735],[604392.917,4115433.9035],[604388.687,4115423.9735],[604381.977,4115427.0135]]]}},{"type":"Feature","properties":{"id":"4556103XG0145N_part1","floors":4,"height":12.4,"heightSource":"Catastro:numberOfFloorsAboveGround"},"geometry":{"type":"Polygon","coordinates":[[[604367.897,4115425.7535],[604380.077,4115422.6535],[604383.527,4115421.7735],[604382.067,4115413.8435],[604378.027,4115414.8435],[604371.147,4115416.5735],[604366.357,4115417.7735],[604367.897,4115425.7535]]]}},{"type":"Feature","properties":{"id":"4556104XG0145N_part1","floors":1,"height":3.1,"heightSource":"Catastro:numberOfFloorsAboveGround"},"geometry":{"type":"Polygon","coordinates":[[[604364.727,4115409.3635],[604366.357,4115417.7735],[604371.147,4115416.5735],[604369.607,4115408.0535],[604364.727,4115409.3635]]]}},{"type":"Feature","properties":{"id":"4556104XG0145N_part2","floors":1,"height":3.1,"heightSource":"Catastro:numberOfFloorsAboveGround"},"geometry":{"type":"Polygon","coordinates":[[[604376.357,4115406.2535],[604378.027,4115414.8435],[604382.067,4115413.8435],[604380.467,4115405.1635],[604376.357,4115406.2535]]]}},{"type":"Feature","properties":{"id":"4556104XG0145N_part3","floors":2,"height":6.2,"heightSource":"Catastro:numberOfFloorsAboveGround"},"geometry":{"type":"Polygon","coordinates":[[[604369.607,4115408.0535],[604371.147,4115416.5735],[604378.027,4115414.8435],[604376.357,4115406.2535],[604371.257,4115407.6135],[604369.607,4115408.0535]]]}},{"type":"Feature","properties":{"id":"4556105XG0145N_part1","floors":1,"height":3.1,"heightSource":"Catastro:numberOfFloorsAboveGround"},"geometry":{"type":"Polygon","coordinates":[[[604370.9765,4115397.8135],[604370.3065,4115394.6935],[604368.4065,4115395.1535],[604369.3965,4115399.4935],[604371.2465,4115399.0735],[604371.7165,4115401.2235],[604369.8765,4115401.6035],[604370.607,4115404.7735],[604371.257,4115407.6135],[604376.357,4115406.2535],[604380.467,4115405.1635],[604378.8465,4115396.3435],[604374.6965,4115397.6135],[604374.5265,4115396.8535],[604370.9765,4115397.8135]]]}},{"type":"Feature","properties":{"id":"4556106XG0145N_part1","floors":1,"height":3.1,"heightSource":"Catastro:numberOfFloorsAboveGround"},"geometry":{"type":"Polygon","coordinates":[[[604370.6865,4115388.9435],[604368.6865,4115389.2135],[604369.4365,4115393.2535],[604369.4865,4115393.6035],[604373.9765,4115392.6635],[604374.1565,4115393.6735],[604373.9865,4115393.7635],[604374.5265,4115396.8535],[604374.6965,4115397.6135],[604378.8465,4115396.3435],[604377.0665,4115386.6835],[604370.6865,4115388.9435]]]}},{"type":"Feature","properties":{"id":"4556107XG0145N_part1","floors":1,"height":3.1,"heightSource":"Catastro:numberOfFloorsAboveGround"},"geometry":{"type":"Polygon","coordinates":[[[604370.6765,4115384.6935],[604368.2765,4115385.1335],[604367.8665,4115383.2435],[604366.2865,4115383.5935],[604367.3865,4115389.4235],[604368.6865,4115389.2135],[604370.6865,4115388.9435],[604377.0665,4115386.6835],[604375.6565,4115379.0135],[604369.9065,4115380.3935],[604370.6765,4115384.6935]]]}},{"type":"Feature","properties":{"id":"4556108XG0145N_part1","floors":2,"height":6.2,"heightSource":"Catastro:numberOfFloorsAboveGround"},"geometry":{"type":"Polygon","coordinates":[[[604365.2875,4115380.9895],[604359.006,4115382.515],[604360.323,4115389.1705],[604360.8965,4115389.5435],[604359.6065,4115382.8835],[604365.8665,4115381.3635],[604365.2875,4115380.9895]]]}},{"type":"Feature","properties":{"id":"4556108XG0145N_part2","floors":3,"height":9.3,"heightSource":"Catastro:numberOfFloorsAboveGround"},"geometry":{"type":"Polygon","coordinates":[[[604359.6065,4115382.8835],[604360.8965,4115389.5435],[604363.0115,4115389.159],[604362.4965,4115386.4985],[604366.6815,4115385.688],[604366.2865,4115383.5935],[604365.8665,4115381.3635],[604359.6065,4115382.8835]]]}},{"type":"Feature","properties":{"id":"4556108XG0145N_part3","floors":1,"height":3.1,"heightSource":"Catastro:numberOfFloorsAboveGround"},"geometry":{"type":"Polygon","coordinates":[[[604360.8965,4115389.5435],[604360.4465,4115389.8535],[604361.5865,4115395.7435],[604362.1765,4115396.1735],[604360.8965,4115389.5435]]]}},{"type":"Feature","properties":{"id":"4556108XG0145N_part4","floors":2,"height":6.2,"heightSource":"Catastro:numberOfFloorsAboveGround"},"geometry":{"type":"Polygon","coordinates":[[[604360.8965,4115389.5435],[604362.1765,4115396.1735],[604366.1365,4115395.2835],[604365.6465,4115392.7535],[604367.8065,4115392.3335],[604368.0365,4115393.5135],[604369.4365,4115393.2535],[604368.6865,4115389.2135],[604367.3865,4115389.4235],[604364.2465,4115390.0335],[604364.0395,4115388.96],[604363.0115,4115389.159],[604360.8965,4115389.5435]]]}},{"type":"Feature","properties":{"id":"4556108XG0145N_part5","floors":4,"height":12.4,"heightSource":"Catastro:numberOfFloorsAboveGround"},"geometry":{"type":"Polygon","coordinates":[[[604362.4965,4115386.4985],[604363.0115,4115389.159],[604364.0395,4115388.96],[604367.184,4115388.351],[604366.6815,4115385.688],[604362.4965,4115386.4985]]]}},{"type":"Feature","properties":{"id":"4556108XG0145N_part6","floors":1,"height":3.1,"heightSource":"Catastro:numberOfFloorsAboveGround"},"geometry":{"type":"Polygon","coordinates":[[[604364.0395,4115388.96],[604364.2465,4115390.0335],[604367.3865,4115389.4235],[604367.184,4115388.351],[604364.0395,4115388.96]]]}},{"type":"Feature","properties":{"id":"4556108XG0145N_part7","floors":1,"height":3.1,"heightSource":"Catastro:numberOfFloorsAboveGround"},"geometry":{"type":"Polygon","coordinates":[[[604367.8065,4115392.3335],[604365.6465,4115392.7535],[604366.1365,4115395.2835],[604368.3265,4115394.7935],[604368.0365,4115393.5135],[604367.8065,4115392.3335]]]}},{"type":"Feature","properties":{"id":"4556109XG0145N_part1","floors":2,"height":6.2,"heightSource":"Catastro:numberOfFloorsAboveGround"},"geometry":{"type":"Polygon","coordinates":[[[604362.1765,4115396.1735],[604363.3665,4115402.3435],[604364.1265,4115406.2735],[604370.607,4115404.7735],[604369.8765,4115401.6035],[604369.3965,4115399.4935],[604368.4065,4115395.1535],[604368.3265,4115394.7935],[604366.1365,4115395.2835],[604362.1765,4115396.1735]]]}},{"type":"Feature","properties":{"id":"4556301XG0145N_part1","floors":2,"height":6.2,"heightSource":"Catastro:numberOfFloorsAboveGround"},"geometry":{"type":"Polygon","coordinates":[[[604431.507,4115404.2835],[604429.567,4115404.7635],[604430.507,4115412.2335],[604439.137,4115408.2835],[604438.057,4115405.7735],[604434.377,4115407.5635],[604432.767,4115403.1535],[604434.717,4115402.6435],[604433.867,4115399.6135],[604430.557,4115400.4235],[604431.507,4115404.2835]]]}},{"type":"Feature","properties":{"id":"4556301XG0145N_part2","floors":3,"height":9.3,"heightSource":"Catastro:numberOfFloorsAboveGround"},"geometry":{"type":"Polygon","coordinates":[[[604432.767,4115403.1535],[604434.377,4115407.5635],[604438.057,4115405.7735],[604437.137,4115403.6335],[604435.227,4115404.4135],[604434.717,4115402.6435],[604432.767,4115403.1535]]]}},{"type":"Feature","properties":{"id":"4556302XG0145N_part1","floors":1,"height":3.1,"heightSource":"Catastro:numberOfFloorsAboveGround"},"geometry":{"type":"Polygon","coordinates":[[[604437.707,4115401.4135],[604434.717,4115402.6435],[604435.227,4115404.4135],[604437.137,4115403.6335],[604438.057,4115405.7735],[604439.137,4115408.2835],[604445.657,4115405.3135],[604443.257,4115397.3135],[604438.877,4115398.3835],[604436.607,4115398.9335],[604437.707,4115401.4135]]]}},{"type":"Feature","properties":{"id":"4556303XG0145N_part1","floors":2,"height":6.2,"heightSource":"Catastro:numberOfFloorsAboveGround"},"geometry":{"type":"Polygon","coordinates":[[[604428.157,4115393.4935],[604429.067,4115400.7935],[604430.557,4115400.4235],[604433.867,4115399.6135],[604436.607,4115398.9335],[604438.877,4115398.3835],[604437.967,4115394.7235],[604437.097,4115391.2335],[604428.157,4115393.4935]]]}},{"type":"Feature","properties":{"id":"4556306XG0145N_part1","floors":3,"height":9.3,"heightSource":"Catastro:numberOfFloorsAboveGround"},"geometry":{"type":"Polygon","coordinates":[[[604426.5765,4115380.9035],[604427.047,4115384.7035],[604428.157,4115393.4935],[604433.839,4115392.057],[604430.7435,4115379.85],[604426.5765,4115380.9035]]]}},{"type":"Feature","properties":{"id":"4556306XG0145N_part2","floors":2,"height":6.2,"heightSource":"Catastro:numberOfFloorsAboveGround"},"geometry":{"type":"Polygon","coordinates":[[[604437.097,4115391.2335],[604437.877,4115391.0335],[604435.627,4115382.6935],[604434.6065,4115378.8735],[604430.7435,4115379.85],[604433.839,4115392.057],[604437.097,4115391.2335]]]}},{"type":"Feature","properties":{"id":"4556401XG0145N_part1","floors":3,"height":9.3,"heightSource":"Catastro:numberOfFloorsAboveGround"},"geometry":{"type":"Polygon","coordinates":[[[604447.857,4115398.0535],[604451.837,4115397.4435],[604450.737,4115388.4835],[604446.427,4115390.7235],[604447.857,4115398.0535]]]}},{"type":"Feature","properties":{"id":"4556401XG0145N_part2","floors":2,"height":6.2,"heightSource":"Catastro:numberOfFloorsAboveGround"},"geometry":{"type":"Polygon","coordinates":[[[604452.687,4115401.1735],[604452.977,4115402.6135],[604456.097,4115401.9835],[604456.077,4115400.6735],[604452.687,4115401.1735]]]}},{"type":"Feature","properties":{"id":"4556401XG0145N_part3","floors":2,"height":6.2,"heightSource":"Catastro:numberOfFloorsAboveGround"},"geometry":{"type":"Polygon","coordinates":[[[604451.837,4115397.4435],[604447.857,4115398.0535],[604448.917,4115403.4435],[604452.977,4115402.6135],[604452.687,4115401.1735],[604456.077,4115400.6735],[604455.987,4115394.8135],[604455.847,4115385.8435],[604452.647,4115387.4935],[604450.737,4115388.4835],[604451.837,4115397.4435]]]}},{"type":"Feature","properties":{"id":"4556402XG0145N_part1","floors":3,"height":9.3,"heightSource":"Catastro:numberOfFloorsAboveGround"},"geometry":{"type":"Polygon","coordinates":[[[604449.2965,4115372.2935],[604447.7065,4115373.1335],[604449.2165,4115375.9035],[604454.8865,4115372.9335],[604454.6865,4115370.2235],[604454.2765,4115364.7535],[604454.2465,4115364.3535],[604448.2065,4115367.4135],[604449.5265,4115369.9435],[604448.3865,4115370.5635],[604449.2965,4115372.2935]]]}},{"type":"Feature","properties":{"id":"4556402XG0145N_part2","floors":3,"height":9.3,"heightSource":"Catastro:numberOfFloorsAboveGround"},"geometry":{"type":"Polygon","coordinates":[[[604454.737,4115378.8835],[604449.637,4115381.5535],[604452.647,4115387.4935],[604455.847,4115385.8435],[604455.817,4115385.4435],[604455.127,4115376.1935],[604453.717,4115376.9335],[604454.737,4115378.8835]]]}},{"type":"Feature","properties":{"id":"4556402XG0145N_part3","floors":4,"height":12.4,"heightSource":"Catastro:numberOfFloorsAboveGround"},"geometry":{"type":"Polygon","coordinates":[[[604440.5865,4115371.2835],[604440.7065,4115371.6635],[604444.157,4115383.1635],[604445.737,4115388.4235],[604446.427,4115390.7235],[604450.737,4115388.4835],[604452.647,4115387.4935],[604449.637,4115381.5535],[604454.737,4115378.8835],[604453.717,4115376.9335],[604450.617,4115378.5635],[604449.2165,4115375.9035],[604447.7065,4115373.1335],[604449.2965,4115372.2935],[604448.3865,4115370.5635],[604446.8565,4115371.3735],[604445.5165,4115368.7735],[604444.3565,4115369.3635],[604440.5865,4115371.2835]]]}},{"type":"Feature","properties":{"id":"4556402XG0145N_part4","floors":3,"height":9.3,"heightSource":"Catastro:numberOfFloorsAboveGround"},"geometry":{"type":"Polygon","coordinates":[[[604449.2165,4115375.9035],[604450.617,4115378.5635],[604453.717,4115376.9335],[604455.127,4115376.1935],[604454.8865,4115372.9335],[604449.2165,4115375.9035]]]}},{"type":"Feature","properties":{"id":"4556402XG0145N_part5","floors":3,"height":9.3,"heightSource":"Catastro:numberOfFloorsAboveGround"},"geometry":{"type":"Polygon","coordinates":[[[604443.797,4115383.3535],[604445.357,4115388.5435],[604445.737,4115388.4235],[604444.157,4115383.1635],[604443.797,4115383.3535]]]}},{"type":"Feature","properties":{"id":"4556402XG0145N_part6","floors":2,"height":6.2,"heightSource":"Catastro:numberOfFloorsAboveGround"},"geometry":{"type":"Polygon","coordinates":[[[604440.3165,4115371.7835],[604443.797,4115383.3535],[604444.157,4115383.1635],[604440.7065,4115371.6635],[604440.3165,4115371.7835]]]}},{"type":"Feature","properties":{"id":"4556402XG0145N_part7","floors":2,"height":6.2,"heightSource":"Catastro:numberOfFloorsAboveGround"},"geometry":{"type":"Polygon","coordinates":[[[604454.8865,4115372.9335],[604455.127,4115376.1935],[604455.817,4115385.4435],[604456.217,4115385.4135],[604455.1065,4115370.4635],[604454.6865,4115370.2235],[604454.8865,4115372.9335]]]}},{"type":"Feature","properties":{"id":"4556411XG0145N_part1","floors":4,"height":12.4,"heightSource":"Catastro:numberOfFloorsAboveGround"},"geometry":{"type":"Polygon","coordinates":[[[604443.4165,4115360.8735],[604444.5465,4115363.1035],[604448.1145,4115361.293],[604446.9845,4115359.063],[604443.4165,4115360.8735]]]}},{"type":"Feature","properties":{"id":"4556411XG0145N_part2","floors":3,"height":9.3,"heightSource":"Catastro:numberOfFloorsAboveGround"},"geometry":{"type":"Polygon","coordinates":[[[604448.1145,4115361.293],[604444.5465,4115363.1035],[604447.0365,4115368.0035],[604448.2065,4115367.4135],[604454.2465,4115364.3535],[604451.8965,4115356.5735],[604447.4365,4115358.8335],[604446.9845,4115359.063],[604448.1145,4115361.293]]]}},{"type":"Feature","properties":{"id":"4556412XG0145N_part1","floors":4,"height":12.4,"heightSource":"Catastro:numberOfFloorsAboveGround"},"geometry":{"type":"Polygon","coordinates":[[[604419.728,4115332.436],[604419.53,4115332.51],[604425.08,4115374.82],[604425.6175,4115374.6975],[604440.5865,4115371.2835],[604444.3565,4115369.3635],[604440.7465,4115362.2235],[604443.4165,4115360.8735],[604447.4365,4115358.8335],[604448.09,4115358.5],[604443.03,4115342.01],[604441.77,4115342.49],[604438.97,4115343.57],[604437.89,4115340.77],[604438.02,4115340.72],[604436.53,4115336.67],[604432.28,4115338.3],[604428.8,4115329.04],[604419.728,4115332.436]],[[604430.04,4115342.91],[604430.4,4115345.89],[604427.43,4115346.25],[604427.06,4115343.27],[604430.04,4115342.91]],[[604432.38,4115351.97],[604432.74,4115354.95],[604429.77,4115355.31],[604429.4,4115352.34],[604432.38,4115351.97]],[[604436.47,4115362.21],[604436.84,4115365.19],[604433.71,4115365.57],[604433.35,4115362.59],[604436.47,4115362.21]],[[604440.6,4115352.91],[604443.47,4115351.83],[604444.43,4115354.36],[604441.04,4115355.93],[604440.6,4115352.91]]]}},{"type":"Feature","properties":{"id":"4556412XG0145N_part2","floors":3,"height":9.3,"heightSource":"Catastro:numberOfFloorsAboveGround"},"geometry":{"type":"Polygon","coordinates":[[[604441.13,4115324.43],[604440.8995,4115324.516],[604433.837,4115327.1565],[604428.8,4115329.04],[604432.28,4115338.3],[604436.53,4115336.67],[604438.02,4115340.72],[604440.69,4115339.69],[604441.77,4115342.49],[604443.03,4115342.01],[604448.09,4115358.5],[604451.8965,4115356.5735],[604447.72,4115341.11],[604443.88,4115342.2],[604440.84,4115333.91],[604444.43,4115332.73],[604441.13,4115324.43]]]}},{"type":"Feature","properties":{"id":"4556412XG0145N_part3","floors":1,"height":3.1,"heightSource":"Catastro:numberOfFloorsAboveGround"},"geometry":{"type":"Polygon","coordinates":[[[604429.77,4115355.31],[604432.74,4115354.95],[604432.38,4115351.97],[604429.4,4115352.34],[604429.77,4115355.31]]]}},{"type":"Feature","properties":{"id":"4556412XG0145N_part4","floors":2,"height":6.2,"heightSource":"Catastro:numberOfFloorsAboveGround"},"geometry":{"type":"Polygon","coordinates":[[[604440.84,4115333.91],[604443.88,4115342.2],[604447.72,4115341.11],[604447.63,4115340.77],[604444.43,4115332.73],[604440.84,4115333.91]]]}},{"type":"Feature","properties":{"id":"4556502XG0145N_part1","floors":1,"height":3.1,"heightSource":"Catastro:numberOfFloorsAboveGround"},"geometry":{"type":"Polygon","coordinates":[[[604391.8165,4115369.4935],[604392.0265,4115371.8035],[604396.0265,4115371.7535],[604404.2965,4115370.4835],[604402.9865,4115363.1035],[604391.4665,4115365.5835],[604391.8165,4115369.4935]],[[604395.4165,4115366.6435],[604398.4865,4115365.8835],[604398.7265,4115367.3535],[604395.7365,4115367.8735],[604395.4165,4115366.6435]]]}},{"type":"Feature","properties":{"id":"4556502XG0145N_part2","floors":2,"height":6.2,"heightSource":"Catastro:numberOfFloorsAboveGround"},"geometry":{"type":"Polygon","coordinates":[[[604388.9165,4115366.1335],[604389.2465,4115369.7735],[604391.8165,4115369.4935],[604391.4665,4115365.5835],[604391.2565,4115365.6235],[604388.9165,4115366.1335]]]}},{"type":"Feature","properties":{"id":"4556503XG0145N_part1","floors":1,"height":3.1,"heightSource":"Catastro:numberOfFloorsAboveGround"},"geometry":{"type":"Polygon","coordinates":[[[604389.9865,4115360.2835],[604391.2565,4115365.6235],[604391.4665,4115365.5835],[604402.9865,4115363.1035],[604402.0865,4115358.0035],[604389.9865,4115360.2835]]]}},{"type":"Feature","properties":{"id":"4556504XG0145N_part1","floors":1,"height":3.1,"heightSource":"Catastro:numberOfFloorsAboveGround"},"geometry":{"type":"Polygon","coordinates":[[[604387.5565,4115350.2235],[604387.9165,4115352.0335],[604390.2965,4115351.5335],[604389.9465,4115349.7235],[604387.5565,4115350.2235]]]}},{"type":"Feature","properties":{"id":"4556504XG0145N_part2","floors":1,"height":3.1,"heightSource":"Catastro:numberOfFloorsAboveGround"},"geometry":{"type":"Polygon","coordinates":[[[604390.9465,4115354.8535],[604393.5865,4115354.3635],[604393.9365,4115356.2035],[604389.1065,4115357.0635],[604389.9865,4115360.2835],[604402.0865,4115358.0035],[604400.5565,4115349.3835],[604390.2965,4115351.5335],[604390.9465,4115354.8535]]]}},{"type":"Feature","properties":{"id":"4556505XG0145N_part1","floors":1,"height":3.1,"heightSource":"Catastro:numberOfFloorsAboveGround"},"geometry":{"type":"Polygon","coordinates":[[[604396.356,4115340.1735],[604389.4055,4115341.7265],[604389.416,4115341.8035],[604390.8665,4115349.5335],[604400.2465,4115347.6135],[604398.746,4115339.6435],[604396.356,4115340.1735]]]}},{"type":"Feature","properties":{"id":"4556509XG0145N_part1","floors":1,"height":3.1,"heightSource":"Catastro:numberOfFloorsAboveGround"},"geometry":{"type":"Polygon","coordinates":[[[604378.706,4115317.3935],[604379.076,4115320.4235],[604379.656,4115320.3335],[604380.006,4115322.8935],[604382.966,4115322.2535],[604384.696,4115321.8735],[604386.156,4115321.5635],[604385.826,4115319.7435],[604383.136,4115320.4235],[604382.296,4115317.1135],[604381.566,4115317.1035],[604378.706,4115317.3935]]]}},{"type":"Feature","properties":{"id":"4556509XG0145N_part2","floors":2,"height":6.2,"heightSource":"Catastro:numberOfFloorsAboveGround"},"geometry":{"type":"Polygon","coordinates":[[[604371.196,4115318.9235],[604372.086,4115324.6135],[604376.106,4115323.7435],[604380.006,4115322.8935],[604379.656,4115320.3335],[604379.076,4115320.4235],[604378.706,4115317.3935],[604371.196,4115318.9235]]]}},{"type":"Feature","properties":{"id":"4556510XG0145N_part1","floors":2,"height":6.2,"heightSource":"Catastro:numberOfFloorsAboveGround"},"geometry":{"type":"Polygon","coordinates":[[[604378.816,4115309.2535],[604378.126,4115305.1935],[604369.326,4115306.8935],[604370.11,4115311.9365],[604375.1115,4115310.97],[604375.2645,4115311.959],[604370.2635,4115312.925],[604371.196,4115318.9235],[604378.706,4115317.3935],[604381.566,4115317.1035],[604382.296,4115317.1135],[604385.256,4115316.5435],[604393.836,4115314.8335],[604392.896,4115310.1735],[604386.006,4115311.6935],[604386.336,4115313.2735],[604385.946,4115313.9135],[604384.046,4115314.3235],[604383.416,4115313.9035],[604383.076,4115312.3335],[604381.416,4115312.7035],[604381.686,4115314.2335],[604378.876,4115314.6935],[604378.236,4115310.5635],[604379.406,4115310.3135],[604379.256,4115309.1835],[604378.816,4115309.2535]]]}},{"type":"Feature","properties":{"id":"4556510XG0145N_part2","floors":3,"height":9.3,"heightSource":"Catastro:numberOfFloorsAboveGround"},"geometry":{"type":"Polygon","coordinates":[[[604375.2645,4115311.959],[604375.1115,4115310.97],[604370.11,4115311.9365],[604370.2635,4115312.925],[604375.2645,4115311.959]]]}},{"type":"Feature","properties":{"id":"4556511XG0145N_part1","floors":1,"height":3.1,"heightSource":"Catastro:numberOfFloorsAboveGround"},"geometry":{"type":"Polygon","coordinates":[[[604386.006,4115311.6935],[604392.896,4115310.1735],[604392.216,4115306.7835],[604383.7405,4115308.3725],[604384.3965,4115312.045],[604386.006,4115311.6935]]]}},{"type":"Feature","properties":{"id":"4556514XG0145N_part1","floors":1,"height":3.1,"heightSource":"Catastro:numberOfFloorsAboveGround"},"geometry":{"type":"Polygon","coordinates":[[[604372.086,4115324.6135],[604373.166,4115330.8935],[604377.106,4115330.1735],[604376.106,4115323.7435],[604372.086,4115324.6135]]]}},{"type":"Feature","properties":{"id":"4556514XG0145N_part2","floors":2,"height":6.2,"heightSource":"Catastro:numberOfFloorsAboveGround"},"geometry":{"type":"Polygon","coordinates":[[[604383.3935,4115324.366],[604382.966,4115322.2535],[604380.006,4115322.8935],[604376.106,4115323.7435],[604377.106,4115330.1735],[604383.9365,4115328.9175],[604383.826,4115328.2435],[604383.962,4115328.2195],[604384.166,4115328.1835],[604383.6545,4115325.6555],[604383.6135,4115325.4535],[604383.496,4115325.4535],[604380.476,4115325.9335],[604380.296,4115324.8335],[604383.316,4115324.3735],[604383.3935,4115324.366]]]}},{"type":"Feature","properties":{"id":"4556515XG0145N_part1","floors":1,"height":3.1,"heightSource":"Catastro:numberOfFloorsAboveGround"},"geometry":{"type":"Polygon","coordinates":[[[604386.357,4115342.4075],[604386.0825,4115340.8715],[604386.016,4115340.8835],[604383.376,4115341.3835],[604382.016,4115333.6135],[604373.916,4115335.2135],[604376.486,4115350.0735],[604383.926,4115348.8435],[604384.097,4115348.808],[604383.156,4115343.6835],[604386.376,4115343.0435],[604386.276,4115342.4235],[604386.357,4115342.4075]]]}},{"type":"Feature","properties":{"id":"4556516XG0145N_part1","floors":2,"height":6.2,"heightSource":"Catastro:numberOfFloorsAboveGround"},"geometry":{"type":"Polygon","coordinates":[[[604376.486,4115350.0735],[604377.2165,4115354.2935],[604380.1865,4115353.8335],[604380.9665,4115353.6435],[604387.9865,4115352.4035],[604387.9165,4115352.0335],[604387.5565,4115350.2235],[604387.4665,4115349.7335],[604384.2065,4115350.3135],[604383.926,4115348.8435],[604376.486,4115350.0735]]]}},{"type":"Feature","properties":{"id":"4556517XG0145N_part1","floors":1,"height":3.1,"heightSource":"Catastro:numberOfFloorsAboveGround"},"geometry":{"type":"Polygon","coordinates":[[[604378.5565,4115362.0635],[604383.8065,4115361.2435],[604386.5565,4115360.8135],[604385.6865,4115356.1835],[604381.4965,4115357.0435],[604380.9665,4115353.6435],[604380.1865,4115353.8335],[604377.2165,4115354.2935],[604378.5565,4115362.0635]]]}},{"type":"Feature","properties":{"id":"4556517XG0145N_part2","floors":2,"height":6.2,"heightSource":"Catastro:numberOfFloorsAboveGround"},"geometry":{"type":"Polygon","coordinates":[[[604380.9665,4115353.6435],[604381.4965,4115357.0435],[604385.6865,4115356.1835],[604385.5265,4115355.3035],[604388.4565,4115354.6935],[604387.9865,4115352.4035],[604380.9665,4115353.6435]]]}},{"type":"Feature","properties":{"id":"4556518XG0145N_part1","floors":1,"height":3.1,"heightSource":"Catastro:numberOfFloorsAboveGround"},"geometry":{"type":"Polygon","coordinates":[[[604378.5565,4115362.0635],[604379.4965,4115367.4835],[604387.5765,4115366.3235],[604386.5565,4115360.8135],[604378.5565,4115362.0635]]]}},{"type":"Feature","properties":{"id":"4556519XG0145N_part1","floors":1,"height":3.1,"heightSource":"Catastro:numberOfFloorsAboveGround"},"geometry":{"type":"Polygon","coordinates":[[[604390.646,4115319.5435],[604387.216,4115320.1435],[604386.986,4115319.0435],[604385.736,4115319.2335],[604385.826,4115319.7435],[604386.156,4115321.5635],[604390.856,4115320.5635],[604390.646,4115319.5435]]]}},{"type":"Feature","properties":{"id":"4556519XG0145N_part2","floors":2,"height":6.2,"heightSource":"Catastro:numberOfFloorsAboveGround"},"geometry":{"type":"Polygon","coordinates":[[[604385.256,4115316.5435],[604385.736,4115319.2335],[604386.986,4115319.0435],[604387.216,4115320.1435],[604390.646,4115319.5435],[604390.856,4115320.5635],[604394.816,4115319.7235],[604393.836,4115314.8335],[604385.256,4115316.5435]]]}},{"type":"Feature","properties":{"id":"4556520XG0145N_part1","floors":4,"height":12.4,"heightSource":"Catastro:numberOfFloorsAboveGround"},"geometry":{"type":"Polygon","coordinates":[[[604390.856,4115320.5635],[604386.156,4115321.5635],[604384.696,4115321.8735],[604382.966,4115322.2535],[604383.6545,4115325.6555],[604384.166,4115328.1835],[604383.962,4115328.2195],[604383.826,4115328.2435],[604383.9365,4115328.9175],[604384.266,4115330.7435],[604387.756,4115330.0935],[604388.376,4115332.9635],[604384.786,4115333.6635],[604385.386,4115336.9735],[604386.357,4115342.4075],[604396.356,4115340.1735],[604392.416,4115320.2325],[604390.856,4115320.5635]]]}},{"type":"Feature","properties":{"id":"4556520XG0145N_part2","floors":3,"height":9.3,"heightSource":"Catastro:numberOfFloorsAboveGround"},"geometry":{"type":"Polygon","coordinates":[[[604392.416,4115320.2325],[604396.356,4115340.1735],[604398.746,4115339.6435],[604397.806,4115334.6035],[604396.006,4115325.6535],[604394.816,4115319.7235],[604392.416,4115320.2325]]]}},{"type":"Feature","properties":{"id":"4556601XG0145N_part1","floors":1,"height":3.1,"heightSource":"Catastro:numberOfFloorsAboveGround"},"geometry":{"type":"Polygon","coordinates":[[[604356.6765,4115369.2635],[604360.4465,4115368.3235],[604359.9165,4115365.3835],[604356.0965,4115366.3335],[604356.6765,4115369.2635]]]}},{"type":"Feature","properties":{"id":"4556601XG0145N_part2","floors":2,"height":6.2,"heightSource":"Catastro:numberOfFloorsAboveGround"},"geometry":{"type":"Polygon","coordinates":[[[604360.4465,4115368.3235],[604356.6765,4115369.2635],[604358.4265,4115377.9335],[604365.5265,4115376.1035],[604364.7565,4115372.8435],[604364.7365,4115372.7535],[604361.0965,4115373.7035],[604360.2665,4115369.8435],[604363.8665,4115369.0235],[604363.4265,4115367.1635],[604362.8465,4115364.6635],[604359.9165,4115365.3835],[604360.4465,4115368.3235]]]}},{"type":"Feature","properties":{"id":"4556601XG0145N_part3","floors":3,"height":9.3,"heightSource":"Catastro:numberOfFloorsAboveGround"},"geometry":{"type":"Polygon","coordinates":[[[604360.2665,4115369.8435],[604361.0965,4115373.7035],[604364.7365,4115372.7535],[604363.8665,4115369.0235],[604360.2665,4115369.8435]]]}},{"type":"Feature","properties":{"id":"4556602XG0145N_part1","floors":1,"height":3.1,"heightSource":"Catastro:numberOfFloorsAboveGround"},"geometry":{"type":"Polygon","coordinates":[[[604362.2465,4115361.6335],[604362.7965,4115364.3935],[604364.7965,4115363.9135],[604365.3165,4115366.8235],[604363.4265,4115367.1635],[604363.8665,4115369.0235],[604364.7365,4115372.7535],[604364.7565,4115372.8435],[604374.0365,4115371.0935],[604371.8865,4115359.6735],[604365.0265,4115361.0635],[604362.2465,4115361.6335]]]}},{"type":"Feature","properties":{"id":"4556603XG0145N_part1","floors":1,"height":3.1,"heightSource":"Catastro:numberOfFloorsAboveGround"},"geometry":{"type":"Polygon","coordinates":[[[604360.496,4115352.7535],[604361.326,4115356.9835],[604364.166,4115356.3635],[604365.0265,4115361.0635],[604371.8865,4115359.6735],[604370.226,4115350.8935],[604363.246,4115352.2235],[604360.496,4115352.7535]]]}},{"type":"Feature","properties":{"id":"4556604XG0145N_part2","floors":2,"height":6.2,"heightSource":"Catastro:numberOfFloorsAboveGround"},"geometry":{"type":"Polygon","coordinates":[[[604362.836,4115342.5235],[604363.446,4115345.7335],[604362.496,4115345.9235],[604362.436,4115345.5635],[604361.222,4115345.8],[604361.5885,4115347.667],[604362.346,4115347.5235],[604363.246,4115352.2235],[604368.458,4115351.2305],[604367.9775,4115348.675],[604366.897,4115348.881],[604365.6055,4115342.006],[604362.836,4115342.5235]]]}},{"type":"Feature","properties":{"id":"4556604XG0145N_part3","floors":1,"height":3.1,"heightSource":"Catastro:numberOfFloorsAboveGround"},"geometry":{"type":"Polygon","coordinates":[[[604370.226,4115350.8935],[604368.456,4115341.4735],[604365.6055,4115342.006],[604366.897,4115348.881],[604367.9775,4115348.675],[604368.458,4115351.2305],[604370.226,4115350.8935]]]}},{"type":"Feature","properties":{"id":"4556605XG0145N_part1","floors":1,"height":3.1,"heightSource":"Catastro:numberOfFloorsAboveGround"},"geometry":{"type":"Polygon","coordinates":[[[604357.886,4115338.3435],[604360.826,4115337.7935],[604361.436,4115340.9835],[604358.426,4115341.5635],[604358.546,4115342.2635],[604358.746,4115343.3135],[604360.006,4115343.0735],[604362.836,4115342.5235],[604368.456,4115341.4735],[604366.976,4115333.6135],[604359.716,4115334.9935],[604357.396,4115335.4435],[604357.886,4115338.3435]]]}},{"type":"Feature","properties":{"id":"4556606XG0145N_part1","floors":2,"height":6.2,"heightSource":"Catastro:numberOfFloorsAboveGround"},"geometry":{"type":"Polygon","coordinates":[[[604361.196,4115325.9935],[604359.056,4115326.2835],[604356.296,4115326.6735],[604355.536,4115326.7835],[604352.256,4115327.3135],[604352.856,4115330.1135],[604356.027,4115329.518],[604355.696,4115327.6935],[604358.656,4115327.1635],[604358.926,4115328.9735],[604359.716,4115334.9935],[604366.976,4115333.6135],[604365.426,4115325.4135],[604361.196,4115325.9935]]]}},{"type":"Feature","properties":{"id":"4556607XG0145N_part1","floors":1,"height":3.1,"heightSource":"Catastro:numberOfFloorsAboveGround"},"geometry":{"type":"Polygon","coordinates":[[[604354.586,4115318.8235],[604355.036,4115320.9035],[604355.566,4115323.3535],[604358.406,4115322.8035],[604359.056,4115326.2835],[604361.196,4115325.9935],[604359.596,4115317.8335],[604354.586,4115318.8235]]]}},{"type":"Feature","properties":{"id":"4556607XG0145N_part2","floors":2,"height":6.2,"heightSource":"Catastro:numberOfFloorsAboveGround"},"geometry":{"type":"Polygon","coordinates":[[[604359.596,4115317.8335],[604361.196,4115325.9935],[604365.426,4115325.4135],[604363.846,4115317.0135],[604359.596,4115317.8335]]]}},{"type":"Feature","properties":{"id":"4556608XG0145N_part1","floors":1,"height":3.1,"heightSource":"Catastro:numberOfFloorsAboveGround"},"geometry":{"type":"Polygon","coordinates":[[[604362.156,4115308.0135],[604352.4155,4115309.8635],[604353.396,4115313.9235],[604358.666,4115312.9335],[604359.596,4115317.8335],[604363.846,4115317.0135],[604362.156,4115308.0135]]]}},{"type":"Feature","properties":{"id":"4556610XG0145N_part1","floors":1,"height":3.1,"heightSource":"Catastro:numberOfFloorsAboveGround"},"geometry":{"type":"Polygon","coordinates":[[[604346.276,4115319.9135],[604347.976,4115328.0035],[604352.256,4115327.3135],[604356.296,4115326.6735],[604355.566,4115323.3535],[604355.036,4115320.9035],[604352.836,4115321.3835],[604352.276,4115318.7835],[604346.276,4115319.9135]]]}},{"type":"Feature","properties":{"id":"4556611XG0145N_part1","floors":1,"height":3.1,"heightSource":"Catastro:numberOfFloorsAboveGround"},"geometry":{"type":"Polygon","coordinates":[[[604347.976,4115328.0035],[604349.726,4115336.3435],[604357.306,4115334.8935],[604357.396,4115335.4435],[604359.716,4115334.9935],[604358.926,4115328.9735],[604352.856,4115330.1135],[604352.256,4115327.3135],[604347.976,4115328.0035]]]}},{"type":"Feature","properties":{"id":"4556612XG0145N_part1","floors":1,"height":3.1,"heightSource":"Catastro:numberOfFloorsAboveGround"},"geometry":{"type":"Polygon","coordinates":[[[604351.246,4115343.6435],[604355.236,4115342.8835],[604354.856,4115340.9035],[604358.206,4115340.2635],[604357.886,4115338.3435],[604357.396,4115335.4435],[604357.306,4115334.8935],[604349.726,4115336.3435],[604351.246,4115343.6435]]]}},{"type":"Feature","properties":{"id":"4556613XG0145N_part1","floors":2,"height":6.2,"heightSource":"Catastro:numberOfFloorsAboveGround"},"geometry":{"type":"Polygon","coordinates":[[[604351.246,4115343.6435],[604352.236,4115348.2535],[604360.386,4115346.7335],[604360.676,4115346.6635],[604360.536,4115345.9335],[604360.136,4115343.7735],[604358.016,4115344.1835],[604357.676,4115342.4135],[604355.236,4115342.8835],[604351.246,4115343.6435]]]}},{"type":"Feature","properties":{"id":"4556614XG0145N_part1","floors":2,"height":6.2,"heightSource":"Catastro:numberOfFloorsAboveGround"},"geometry":{"type":"Polygon","coordinates":[[[604352.236,4115348.2535],[604353.296,4115353.3135],[604360.376,4115352.1235],[604360.496,4115352.7535],[604363.246,4115352.2235],[604362.346,4115347.5235],[604360.606,4115347.8535],[604360.386,4115346.7335],[604352.236,4115348.2535]]]}},{"type":"Feature","properties":{"id":"4556719XG0145N_part1","floors":3,"height":9.3,"heightSource":"Catastro:numberOfFloorsAboveGround"},"geometry":{"type":"Polygon","coordinates":[[[604398.0275,4115453.6135],[604402.5675,4115461.9535],[604417.3975,4115454.9935],[604412.6975,4115446.1535],[604412.1475,4115446.4935],[604406.5975,4115449.5535],[604408.7075,4115453.5335],[604404.7175,4115455.4935],[604402.7375,4115451.4535],[604402.3375,4115451.6335],[604398.0275,4115453.6135]]]}},{"type":"Feature","properties":{"id":"4556719XG0145N_part2","floors":4,"height":12.4,"heightSource":"Catastro:numberOfFloorsAboveGround"},"geometry":{"type":"Polygon","coordinates":[[[604402.7375,4115451.4535],[604404.7175,4115455.4935],[604408.7075,4115453.5335],[604406.5975,4115449.5535],[604405.2675,4115450.2935],[604402.7375,4115451.4535]]]}},{"type":"Feature","properties":{"id":"4556803XG0145N_part1","floors":1,"height":3.1,"heightSource":"Catastro:numberOfFloorsAboveGround"},"geometry":{"type":"Polygon","coordinates":[[[604358.637,4115427.9835],[604360.757,4115437.7535],[604365.137,4115437.6835],[604362.817,4115427.0735],[604358.637,4115427.9835]]]}},{"type":"Feature","properties":{"id":"4556803XG0145N_part2","floors":2,"height":6.2,"heightSource":"Catastro:numberOfFloorsAboveGround"},"geometry":{"type":"Polygon","coordinates":[[[604354.607,4115427.1935],[604356.857,4115437.8335],[604360.757,4115437.7535],[604358.637,4115427.9835],[604362.817,4115427.0735],[604362.517,4115425.7135],[604354.607,4115427.1935]]]}},{"type":"Feature","properties":{"id":"4556806XG0145N_part1","floors":1,"height":3.1,"heightSource":"Catastro:numberOfFloorsAboveGround"},"geometry":{"type":"Polygon","coordinates":[[[604358.2265,4115405.7635],[604356.4065,4115397.3035],[604344.3065,4115400.1335],[604344.6065,4115401.4235],[604345.1565,4115403.8035],[604345.4865,4115405.2035],[604349.9265,4115404.1635],[604350.6965,4115407.5135],[604350.7965,4115407.9035],[604350.8115,4115407.9715],[604358.2665,4115406.3335],[604358.345,4115406.317],[604358.2265,4115405.7635]]]}},{"type":"Feature","properties":{"id":"4556807XG0145N_part1","floors":1,"height":3.1,"heightSource":"Catastro:numberOfFloorsAboveGround"},"geometry":{"type":"Polygon","coordinates":[[[604347.5865,4115395.0835],[604348.0765,4115397.1135],[604348.2765,4115397.9435],[604352.3565,4115396.9535],[604351.6765,4115394.1235],[604347.5865,4115395.0835]]]}},{"type":"Feature","properties":{"id":"4556808XG0145N_part1","floors":1,"height":3.1,"heightSource":"Catastro:numberOfFloorsAboveGround"},"geometry":{"type":"Polygon","coordinates":[[[604353.6365,4115384.3135],[604342.6765,4115387.0735],[604344.1765,4115393.5135],[604347.0665,4115392.8335],[604347.5865,4115395.0835],[604351.6765,4115394.1235],[604355.5365,4115393.2235],[604353.6365,4115384.3135]]]}},{"type":"Feature","properties":{"id":"4556809XG0145N_part1","floors":1,"height":3.1,"heightSource":"Catastro:numberOfFloorsAboveGround"},"geometry":{"type":"Polygon","coordinates":[[[604337.7765,4115388.3135],[604339.8565,4115397.7635],[604339.5065,4115397.8735],[604339.8165,4115399.3935],[604340.4265,4115402.3935],[604344.6065,4115401.4235],[604344.3065,4115400.1335],[604343.9465,4115398.6035],[604345.2965,4115398.2935],[604345.1765,4115397.7935],[604344.1765,4115393.5135],[604342.6765,4115387.0735],[604337.7765,4115388.3135]]]}},{"type":"Feature","properties":{"id":"4556810XG0145N_part1","floors":1,"height":3.1,"heightSource":"Catastro:numberOfFloorsAboveGround"},"geometry":{"type":"Polygon","coordinates":[[[604330.8865,4115390.0535],[604332.6365,4115398.9135],[604332.8765,4115400.1335],[604335.2065,4115399.6335],[604334.6565,4115397.0435],[604336.0265,4115396.7635],[604336.2365,4115397.4535],[604336.7365,4115397.3335],[604337.3765,4115399.9135],[604337.9265,4115399.7935],[604339.8165,4115399.3935],[604339.5065,4115397.8735],[604339.8565,4115397.7635],[604337.7765,4115388.3135],[604330.8865,4115390.0535]]]}},{"type":"Feature","properties":{"id":"4556811XG0145N_part1","floors":3,"height":9.3,"heightSource":"Catastro:numberOfFloorsAboveGround"},"geometry":{"type":"Polygon","coordinates":[[[604328.6365,4115399.7635],[604332.6365,4115398.9135],[604330.8865,4115390.0535],[604326.5365,4115391.0135],[604328.0965,4115397.5135],[604328.6365,4115399.7635]]]}},{"type":"Feature","properties":{"id":"4556812XG0145N_part1","floors":1,"height":3.1,"heightSource":"Catastro:numberOfFloorsAboveGround"},"geometry":{"type":"Polygon","coordinates":[[[604328.6365,4115399.7635],[604330.2165,4115407.1935],[604340.9265,4115404.7835],[604340.4265,4115402.3935],[604339.8165,4115399.3935],[604337.9265,4115399.7935],[604338.5565,4115402.5935],[604336.9565,4115402.9535],[604336.5665,4115401.1735],[604336.9265,4115401.1035],[604336.7365,4115400.0535],[604333.0265,4115400.8635],[604332.8765,4115400.1335],[604332.6365,4115398.9135],[604328.6365,4115399.7635]]]}},{"type":"Feature","properties":{"id":"4556813XG0145N_part1","floors":1,"height":3.1,"heightSource":"Catastro:numberOfFloorsAboveGround"},"geometry":{"type":"Polygon","coordinates":[[[604343.727,4115414.2435],[604342.1765,4115407.5435],[604341.9035,4115406.367],[604341.6365,4115406.4435],[604330.6165,4115409.0735],[604332.3165,4115417.0635],[604343.517,4115414.2935],[604343.727,4115414.2435]]]}},{"type":"Feature","properties":{"id":"4556814XG0145N_part1","floors":4,"height":12.4,"heightSource":"Catastro:numberOfFloorsAboveGround"},"geometry":{"type":"Polygon","coordinates":[[[604343.727,4115414.2435],[604343.517,4115414.2935],[604332.3165,4115417.0635],[604334.058,4115425.6335],[604335.3955,4115432.214],[604352.077,4115431.5835],[604351.617,4115429.3735],[604354.9245,4115428.694],[604354.607,4115427.1935],[604360.2575,4115426.1365],[604358.847,4115419.573],[604349.536,4115421.5985],[604350.227,4115424.8135],[604350.727,4115424.6935],[604351.517,4115428.2635],[604345.317,4115429.6335],[604344.527,4115426.0735],[604347.297,4115425.4535],[604346.638,4115422.229],[604345.697,4115422.4335],[604345.2205,4115420.4525],[604341.927,4115421.1335],[604342.157,4115422.2635],[604340.317,4115422.6335],[604339.407,4115418.0435],[604341.237,4115417.6735],[604341.347,4115418.2335],[604344.5255,4115417.564],[604343.727,4115414.2435]]]}},{"type":"Feature","properties":{"id":"4556814XG0145N_part2","floors":3,"height":9.3,"heightSource":"Catastro:numberOfFloorsAboveGround"},"geometry":{"type":"Polygon","coordinates":[[[604335.3955,4115432.214],[604336.147,4115435.9135],[604336.187,4115436.1035],[604336.587,4115438.0035],[604338.317,4115438.6835],[604348.077,4115438.2335],[604347.457,4115435.2235],[604351.947,4115434.3035],[604352.687,4115438.0235],[604356.857,4115437.8335],[604355.609,4115431.933],[604352.277,4115432.5635],[604352.077,4115431.5835],[604335.3955,4115432.214]]]}},{"type":"Feature","properties":{"id":"4556814XG0145N_part3","floors":5,"height":15.5,"heightSource":"Catastro:numberOfFloorsAboveGround"},"geometry":{"type":"Polygon","coordinates":[[[604341.237,4115417.6735],[604339.407,4115418.0435],[604340.317,4115422.6335],[604342.157,4115422.2635],[604341.927,4115421.1335],[604341.347,4115418.2335],[604341.237,4115417.6735]]]}},{"type":"Feature","properties":{"id":"4556814XG0145N_part4","floors":5,"height":15.5,"heightSource":"Catastro:numberOfFloorsAboveGround"},"geometry":{"type":"Polygon","coordinates":[[[604344.527,4115426.0735],[604345.317,4115429.6335],[604351.517,4115428.2635],[604350.727,4115424.6935],[604350.227,4115424.8135],[604347.297,4115425.4535],[604344.527,4115426.0735]]]}},{"type":"Feature","properties":{"id":"4556814XG0145N_part5","floors":3,"height":9.3,"heightSource":"Catastro:numberOfFloorsAboveGround"},"geometry":{"type":"Polygon","coordinates":[[[604351.947,4115434.3035],[604347.457,4115435.2235],[604348.077,4115438.2335],[604352.687,4115438.0235],[604351.947,4115434.3035]]]}},{"type":"Feature","properties":{"id":"4556814XG0145N_part6","floors":3,"height":9.3,"heightSource":"Catastro:numberOfFloorsAboveGround"},"geometry":{"type":"Polygon","coordinates":[[[604358.847,4115419.573],[604360.2575,4115426.1365],[604362.517,4115425.7135],[604361.097,4115419.0835],[604358.847,4115419.573]]]}},{"type":"Feature","properties":{"id":"4556815XG0145N_part1","floors":3,"height":9.3,"heightSource":"Catastro:numberOfFloorsAboveGround"},"geometry":{"type":"Polygon","coordinates":[[[604342.1765,4115407.5435],[604343.727,4115414.2435],[604345.697,4115422.4335],[604361.097,4115419.0835],[604360.9695,4115418.493],[604359.177,4115410.446],[604358.4165,4115407.0335],[604358.2665,4115406.3335],[604346.2965,4115408.9635],[604346.2935,4115408.949],[604345.8065,4115406.7335],[604342.1765,4115407.5435]],[[604349.827,4115416.0835],[604349.957,4115416.6735],[604347.027,4115417.3235],[604346.377,4115414.3935],[604349.307,4115413.7435],[604349.597,4115415.0435],[604350.617,4115414.8135],[604350.247,4115413.1235],[604354.537,4115412.1735],[604355.497,4115416.4835],[604351.207,4115417.4435],[604350.857,4115415.8635],[604349.827,4115416.0835]]]}},{"type":"Feature","properties":{"id":"4556815XG0145N_part2","floors":4,"height":12.4,"heightSource":"Catastro:numberOfFloorsAboveGround"},"geometry":{"type":"Polygon","coordinates":[[[604351.207,4115417.4435],[604355.497,4115416.4835],[604354.537,4115412.1735],[604350.247,4115413.1235],[604350.617,4115414.8135],[604350.857,4115415.8635],[604351.207,4115417.4435]]]}},{"type":"Feature","properties":{"id":"4557001XG0145N_part1","floors":1,"height":3.1,"heightSource":"Catastro:numberOfFloorsAboveGround"},"geometry":{"type":"Polygon","coordinates":[[[604392.4275,4115484.9535],[604385.7975,4115486.3035],[604382.8275,4115486.9135],[604379.7575,4115487.5435],[604375.1475,4115488.5035],[604369.4575,4115489.6735],[604365.3175,4115490.5335],[604365.2075,4115490.0535],[604359.4975,4115491.3435],[604356.8975,4115491.9335],[604354.0675,4115492.5635],[604348.7275,4115493.7835],[604349.4485,4115497.1425],[604353.8485,4115496.2665],[604358.0555,4115517.395],[604353.9685,4115518.2085],[604355.298,4115524.4035],[604406.218,4115515.9835],[604402.408,4115504.7235],[604402.138,4115504.8735],[604399.828,4115500.7135],[604398.9875,4115493.2835],[604397.0975,4115493.4835],[604396.5675,4115490.8135],[604393.7075,4115491.3735],[604396.861,4115504.598],[604389.419,4115506.0795],[604385.881,4115488.428],[604392.8375,4115487.0335],[604392.4275,4115484.9535]],[[604362.645,4115511.411],[604359.3925,4115495.0765],[604368.0425,4115493.354],[604371.295,4115509.6885],[604372.8495,4115517.8305],[604366.202,4115519.154],[604364.5835,4115511.025],[604362.645,4115511.411]],[[604374.83,4115492.0885],[604380.6565,4115490.928],[604384.642,4115511.808],[604378.918,4115512.901],[604374.83,4115492.0885]]]}},{"type":"Feature","properties":{"id":"4557001XG0145N_part2","floors":2,"height":6.2,"heightSource":"Catastro:numberOfFloorsAboveGround"},"geometry":{"type":"Polygon","coordinates":[[[604358.0555,4115517.395],[604353.8485,4115496.2665],[604349.4485,4115497.1425],[604353.9685,4115518.2085],[604358.0555,4115517.395]]]}},{"type":"Feature","properties":{"id":"4557001XG0145N_part3","floors":2,"height":6.2,"heightSource":"Catastro:numberOfFloorsAboveGround"},"geometry":{"type":"Polygon","coordinates":[[[604364.5835,4115511.025],[604366.202,4115519.154],[604372.8495,4115517.8305],[604371.295,4115509.6885],[604364.5835,4115511.025]]]}},{"type":"Feature","properties":{"id":"4557001XG0145N_part4","floors":2,"height":6.2,"heightSource":"Catastro:numberOfFloorsAboveGround"},"geometry":{"type":"Polygon","coordinates":[[[604384.642,4115511.808],[604380.6565,4115490.928],[604374.83,4115492.0885],[604378.918,4115512.901],[604384.642,4115511.808]]]}},{"type":"Feature","properties":{"id":"4557002XG0145N_part1","floors":1,"height":3.1,"heightSource":"Catastro:numberOfFloorsAboveGround"},"geometry":{"type":"Polygon","coordinates":[[[604402.408,4115504.7235],[604406.218,4115515.9835],[604413.858,4115514.7135],[604412.888,4115507.8135],[604412.668,4115506.1435],[604411.898,4115506.2535],[604409.128,4115506.6435],[604409.428,4115508.8335],[604406.578,4115509.2235],[604405.108,4115503.8735],[604402.408,4115504.7235]]]}},{"type":"Feature","properties":{"id":"4557003XG0145N_part1","floors":1,"height":3.1,"heightSource":"Catastro:numberOfFloorsAboveGround"},"geometry":{"type":"Polygon","coordinates":[[[604412.888,4115507.8135],[604413.858,4115514.7135],[604419.688,4115513.7635],[604419.028,4115509.1135],[604418.728,4115506.9935],[604412.888,4115507.8135]]]}},{"type":"Feature","properties":{"id":"4557004XG0145N_part1","floors":3,"height":9.3,"heightSource":"Catastro:numberOfFloorsAboveGround"},"geometry":{"type":"Polygon","coordinates":[[[604408.548,4115502.5735],[604409.128,4115506.6435],[604411.898,4115506.2535],[604411.498,4115503.3835],[604414.558,4115502.2435],[604414.398,4115500.3435],[604408.548,4115502.5735]]]}},{"type":"Feature","properties":{"id":"4557004XG0145N_part2","floors":3,"height":9.3,"heightSource":"Catastro:numberOfFloorsAboveGround"},"geometry":{"type":"Polygon","coordinates":[[[604417.838,4115502.6935],[604414.688,4115503.2235],[604415.018,4115505.8135],[604418.498,4115505.3235],[604418.988,4115505.2435],[604418.668,4115503.3335],[604417.838,4115502.6935]]]}},{"type":"Feature","properties":{"id":"4557004XG0145N_part3","floors":3,"height":9.3,"heightSource":"Catastro:numberOfFloorsAboveGround"},"geometry":{"type":"Polygon","coordinates":[[[604422.088,4115508.5935],[604419.028,4115509.1135],[604419.688,4115513.7635],[604422.858,4115513.2335],[604422.088,4115508.5935]]]}},{"type":"Feature","properties":{"id":"4557004XG0145N_part4","floors":4,"height":12.4,"heightSource":"Catastro:numberOfFloorsAboveGround"},"geometry":{"type":"Polygon","coordinates":[[[604414.398,4115500.3435],[604414.558,4115502.2435],[604414.688,4115503.2235],[604417.838,4115502.6935],[604418.668,4115503.3335],[604422.248,4115502.8435],[604422.918,4115507.7435],[604420.938,4115508.0135],[604420.668,4115506.0835],[604418.638,4115506.3635],[604418.728,4115506.9935],[604419.028,4115509.1135],[604422.088,4115508.5935],[604422.858,4115513.2335],[604433.458,4115511.4935],[604430.768,4115494.0235],[604427.888,4115494.7135],[604427.578,4115494.3335],[604423.888,4115496.5235],[604423.228,4115497.7435],[604417.608,4115499.1135],[604414.398,4115500.3435]],[[604422.298,4115499.8235],[604425.428,4115499.3535],[604425.898,4115502.4835],[604422.768,4115502.9535],[604422.298,4115499.8235]]]}},{"type":"Feature","properties":{"id":"4557004XG0145N_part5","floors":5,"height":15.5,"heightSource":"Catastro:numberOfFloorsAboveGround"},"geometry":{"type":"Polygon","coordinates":[[[604418.988,4115505.2435],[604418.498,4115505.3235],[604418.638,4115506.3635],[604420.668,4115506.0835],[604420.938,4115508.0135],[604422.918,4115507.7435],[604422.248,4115502.8435],[604418.668,4115503.3335],[604418.988,4115505.2435]]]}},{"type":"Feature","properties":{"id":"4557006XG0145N_part1","floors":2,"height":6.2,"heightSource":"Catastro:numberOfFloorsAboveGround"},"geometry":{"type":"Polygon","coordinates":[[[604422.3775,4115481.3535],[604402.848,4115494.2935],[604406.188,4115499.3435],[604414.228,4115494.0035],[604417.608,4115499.1135],[604423.228,4115497.7435],[604423.888,4115496.5235],[604427.578,4115494.3335],[604427.888,4115494.7135],[604430.768,4115494.0235],[604422.3775,4115481.3535]]]}},{"type":"Feature","properties":{"id":"4557007XG0145N_part1","floors":1,"height":3.1,"heightSource":"Catastro:numberOfFloorsAboveGround"},"geometry":{"type":"Polygon","coordinates":[[[604400.2675,4115489.4335],[604402.7675,4115488.0535],[604404.1875,4115490.2835],[604405.3175,4115490.2435],[604427.0175,4115475.1235],[604417.3575,4115460.2135],[604400.9575,4115470.8635],[604401.5175,4115471.6535],[604399.7975,4115473.0135],[604392.2375,4115477.9435],[604392.4775,4115478.4935],[604400.2675,4115489.4335]]]}},{"type":"Feature","properties":{"id":"4557008XG0145N_part1","floors":2,"height":6.2,"heightSource":"Catastro:numberOfFloorsAboveGround"},"geometry":{"type":"Polygon","coordinates":[[[604379.5175,4115469.4435],[604381.6175,4115478.2735],[604380.8275,4115478.4535],[604382.8275,4115486.9135],[604385.7975,4115486.3035],[604386.9465,4115486.0695],[604385.643,4115480.145],[604385.4775,4115479.3935],[604386.4875,4115479.1735],[604383.919,4115468.4905],[604379.5175,4115469.4435]]]}},{"type":"Feature","properties":{"id":"4557008XG0145N_part2","floors":1,"height":3.1,"heightSource":"Catastro:numberOfFloorsAboveGround"},"geometry":{"type":"Polygon","coordinates":[[[604392.2375,4115477.9435],[604399.7975,4115473.0135],[604397.9875,4115465.4435],[604383.919,4115468.4905],[604386.4875,4115479.1735],[604392.2375,4115477.9435]]]}},{"type":"Feature","properties":{"id":"4557009XG0145N_part1","floors":1,"height":3.1,"heightSource":"Catastro:numberOfFloorsAboveGround"},"geometry":{"type":"Polygon","coordinates":[[[604367.3575,4115472.0935],[604370.1175,4115483.9035],[604373.8275,4115483.0035],[604372.7975,4115478.7235],[604373.7775,4115478.4935],[604374.9875,4115483.5435],[604378.6275,4115482.6735],[604377.8175,4115479.1435],[604375.7675,4115470.2635],[604367.3575,4115472.0935]]]}},{"type":"Feature","properties":{"id":"4557010XG0145N_part1","floors":1,"height":3.1,"heightSource":"Catastro:numberOfFloorsAboveGround"},"geometry":{"type":"Polygon","coordinates":[[[604361.5775,4115473.4535],[604364.0975,4115484.9635],[604364.4575,4115486.6435],[604368.5175,4115485.6735],[604369.4575,4115489.6735],[604375.1475,4115488.5035],[604373.8275,4115483.0035],[604370.1175,4115483.9035],[604367.3575,4115472.0935],[604361.5775,4115473.4535]]]}},{"type":"Feature","properties":{"id":"4557011XG0145N_part1","floors":1,"height":3.1,"heightSource":"Catastro:numberOfFloorsAboveGround"},"geometry":{"type":"Polygon","coordinates":[[[604353.2775,4115475.4235],[604354.5275,4115481.1435],[604355.4175,4115485.1935],[604356.8975,4115491.9335],[604359.4975,4115491.3435],[604358.2575,4115486.2935],[604364.0975,4115484.9635],[604361.5775,4115473.4535],[604353.2775,4115475.4235]]]}},{"type":"Feature","properties":{"id":"4557012XG0145N_part1","floors":2,"height":6.2,"heightSource":"Catastro:numberOfFloorsAboveGround"},"geometry":{"type":"Polygon","coordinates":[[[604345.2075,4115477.3335],[604345.6475,4115479.3835],[604350.7475,4115478.1835],[604350.2575,4115476.1335],[604345.2075,4115477.3335]]]}},{"type":"Feature","properties":{"id":"4557012XG0145N_part2","floors":2,"height":6.2,"heightSource":"Catastro:numberOfFloorsAboveGround"},"geometry":{"type":"Polygon","coordinates":[[[604350.7475,4115478.1835],[604345.6475,4115479.3835],[604348.1075,4115490.8835],[604353.3775,4115489.6335],[604354.0675,4115492.5635],[604356.8975,4115491.9335],[604355.4175,4115485.1935],[604352.4775,4115485.8335],[604351.5975,4115481.7835],[604354.5275,4115481.1435],[604353.2775,4115475.4235],[604350.2575,4115476.1335],[604350.7475,4115478.1835]]]}},{"type":"Feature","properties":{"id":"4557012XG0145N_part3","floors":3,"height":9.3,"heightSource":"Catastro:numberOfFloorsAboveGround"},"geometry":{"type":"Polygon","coordinates":[[[604351.5975,4115481.7835],[604352.4775,4115485.8335],[604355.4175,4115485.1935],[604354.5275,4115481.1435],[604351.5975,4115481.7835]]]}},{"type":"Feature","properties":{"id":"4557013XG0145N_part1","floors":1,"height":3.1,"heightSource":"Catastro:numberOfFloorsAboveGround"},"geometry":{"type":"Polygon","coordinates":[[[604375.7675,4115470.2635],[604377.8175,4115479.1435],[604380.8275,4115478.4535],[604381.6175,4115478.2735],[604379.5175,4115469.4435],[604375.7675,4115470.2635]]]}},{"type":"Feature","properties":{"id":"4557601XG0145N_part1","floors":1,"height":3.1,"heightSource":"Catastro:numberOfFloorsAboveGround"},"geometry":{"type":"Polygon","coordinates":[[[604354.7478,4115445.5263],[604354.54015,4115445.53775],[604354.1644,4115445.5585],[604353.8315,4115445.57685],[604350.087,4115445.7835],[604355.3375,4115469.3435],[604367.0475,4115466.8435],[604364.597,4115456.8535],[604363.517,4115457.0135],[604360.227,4115457.5135],[604357.4957,4115457.926],[604356.9769,4115457.9983],[604354.7478,4115445.5263]]]}},{"type":"Feature","properties":{"id":"4557602XG0145N_part1","floors":2,"height":6.2,"heightSource":"Catastro:numberOfFloorsAboveGround"},"geometry":{"type":"Polygon","coordinates":[[[604364.597,4115456.8535],[604367.0475,4115466.8435],[604371.8775,4115465.7035],[604369.4775,4115456.3835],[604364.597,4115456.8535]]]}},{"type":"Feature","properties":{"id":"4557603XG0145N_part1","floors":1,"height":3.1,"heightSource":"Catastro:numberOfFloorsAboveGround"},"geometry":{"type":"Polygon","coordinates":[[[604369.4775,4115456.3835],[604371.8775,4115465.7035],[604378.3375,4115464.1835],[604376.1375,4115455.7535],[604370.5275,4115456.2835],[604369.4775,4115456.3835]]]}},{"type":"Feature","properties":{"id":"4557604XG0145N_part1","floors":1,"height":3.1,"heightSource":"Catastro:numberOfFloorsAboveGround"},"geometry":{"type":"Polygon","coordinates":[[[604449.4775,4115427.5635],[604447.3475,4115427.9135],[604448.6875,4115435.2935],[604449.3175,4115435.3035],[604453.7875,4115434.7635],[604456.9475,4115434.0035],[604456.7375,4115425.6235],[604453.4075,4115426.5835],[604449.4775,4115427.5635]]]}},{"type":"Feature","properties":{"id":"4557605XG0145N_part1","floors":2,"height":6.2,"heightSource":"Catastro:numberOfFloorsAboveGround"},"geometry":{"type":"Polygon","coordinates":[[[604456.287,4115408.5935],[604456.047,4115408.5935],[604449.217,4115411.9035],[604452.317,4115417.4535],[604456.517,4115416.8935],[604456.337,4115410.2635],[604456.287,4115408.5935]]]}},{"type":"Feature","properties":{"id":"4557605XG0145N_part2","floors":3,"height":9.3,"heightSource":"Catastro:numberOfFloorsAboveGround"},"geometry":{"type":"Polygon","coordinates":[[[604452.317,4115417.4535],[604453.267,4115419.1435],[604453.4075,4115426.5835],[604456.7375,4115425.6235],[604456.517,4115416.8935],[604452.317,4115417.4535]]]}},{"type":"Feature","properties":{"id":"4557606XG0145N_part1","floors":2,"height":6.2,"heightSource":"Catastro:numberOfFloorsAboveGround"},"geometry":{"type":"Polygon","coordinates":[[[604438.837,4115417.0435],[604441.487,4115421.3835],[604443.017,4115424.0735],[604444.727,4115423.0635],[604445.627,4115424.6935],[604443.597,4115425.7435],[604444.6775,4115428.7835],[604446.1275,4115428.1135],[604447.3475,4115427.9135],[604449.4775,4115427.5635],[604453.4075,4115426.5835],[604453.267,4115419.1435],[604452.317,4115417.4535],[604449.217,4115411.9035],[604438.837,4115417.0435]]]}},{"type":"Feature","properties":{"id":"4557606XG0145N_part2","floors":3,"height":9.3,"heightSource":"Catastro:numberOfFloorsAboveGround"},"geometry":{"type":"Polygon","coordinates":[[[604443.597,4115425.7435],[604445.627,4115424.6935],[604444.727,4115423.0635],[604443.017,4115424.0735],[604443.597,4115425.7435]]]}},{"type":"Feature","properties":{"id":"4557607XG0145N_part1","floors":3,"height":9.3,"heightSource":"Catastro:numberOfFloorsAboveGround"},"geometry":{"type":"Polygon","coordinates":[[[604438.837,4115417.0435],[604438.267,4115416.8635],[604431.297,4115420.5535],[604431.127,4115421.1235],[604438.837,4115417.0435]]]}},{"type":"Feature","properties":{"id":"4557607XG0145N_part2","floors":1,"height":3.1,"heightSource":"Catastro:numberOfFloorsAboveGround"},"geometry":{"type":"Polygon","coordinates":[[[604439.5875,4115430.6135],[604438.177,4115427.9735],[604435.527,4115429.3835],[604436.9375,4115432.0235],[604439.5875,4115430.6135]]]}},{"type":"Feature","properties":{"id":"4557607XG0145N_part3","floors":4,"height":12.4,"heightSource":"Catastro:numberOfFloorsAboveGround"},"geometry":{"type":"Polygon","coordinates":[[[604431.127,4115421.1235],[604435.527,4115429.3835],[604438.177,4115427.9735],[604439.5875,4115430.6135],[604436.9375,4115432.0235],[604438.6775,4115435.2935],[604441.7475,4115435.2035],[604444.9575,4115435.2435],[604443.1875,4115429.2235],[604442.4275,4115429.4735],[604438.897,4115422.7435],[604441.487,4115421.3835],[604438.837,4115417.0435],[604431.127,4115421.1235]]]}},{"type":"Feature","properties":{"id":"4557607XG0145N_part4","floors":5,"height":15.5,"heightSource":"Catastro:numberOfFloorsAboveGround"},"geometry":{"type":"Polygon","coordinates":[[[604438.897,4115422.7435],[604442.4275,4115429.4735],[604443.1875,4115429.2235],[604444.6775,4115428.7835],[604443.597,4115425.7435],[604443.017,4115424.0735],[604441.487,4115421.3835],[604438.897,4115422.7435]]]}},{"type":"Feature","properties":{"id":"4557608XG0145N_part1","floors":4,"height":12.4,"heightSource":"Catastro:numberOfFloorsAboveGround"},"geometry":{"type":"Polygon","coordinates":[[[604424.377,4115424.7035],[604425.3715,4115426.531],[604428.157,4115425.0235],[604431.657,4115431.4835],[604428.884,4115432.985],[604431.4575,4115437.7135],[604431.8875,4115438.4935],[604432.9575,4115440.4535],[604434.1075,4115439.3135],[604435.3395,4115438.1055],[604433.5875,4115434.8835],[604436.3075,4115433.6035],[604437.5665,4115435.9225],[604438.1875,4115435.3135],[604438.6775,4115435.2935],[604436.9375,4115432.0235],[604435.527,4115429.3835],[604431.127,4115421.1235],[604424.377,4115424.7035]]]}},{"type":"Feature","properties":{"id":"4557608XG0145N_part2","floors":5,"height":15.5,"heightSource":"Catastro:numberOfFloorsAboveGround"},"geometry":{"type":"Polygon","coordinates":[[[604431.657,4115431.4835],[604428.157,4115425.0235],[604425.3715,4115426.531],[604428.884,4115432.985],[604431.657,4115431.4835]]]}},{"type":"Feature","properties":{"id":"4557608XG0145N_part3","floors":1,"height":3.1,"heightSource":"Catastro:numberOfFloorsAboveGround"},"geometry":{"type":"Polygon","coordinates":[[[604436.3075,4115433.6035],[604433.5875,4115434.8835],[604435.3395,4115438.1055],[604437.5665,4115435.9225],[604436.3075,4115433.6035]]]}},{"type":"Feature","properties":{"id":"4557609XG0145N_part1","floors":1,"height":3.1,"heightSource":"Catastro:numberOfFloorsAboveGround"},"geometry":{"type":"Polygon","coordinates":[[[604422.507,4115425.7335],[604424.947,4115430.1735],[604427.4375,4115434.7235],[604429.4675,4115438.4235],[604431.4575,4115437.7135],[604424.377,4115424.7035],[604422.507,4115425.7335]]]}},{"type":"Feature","properties":{"id":"4557610XG0145N_part1","floors":2,"height":6.2,"heightSource":"Catastro:numberOfFloorsAboveGround"},"geometry":{"type":"Polygon","coordinates":[[[604414.957,4115429.9235],[604415.737,4115431.3135],[604420.877,4115428.4635],[604420.107,4115427.0635],[604414.957,4115429.9235]]]}},{"type":"Feature","properties":{"id":"4557610XG0145N_part2","floors":1,"height":3.1,"heightSource":"Catastro:numberOfFloorsAboveGround"},"geometry":{"type":"Polygon","coordinates":[[[604412.337,4115431.3735],[604414.707,4115435.2135],[604424.947,4115430.1735],[604422.507,4115425.7335],[604420.107,4115427.0635],[604420.877,4115428.4635],[604415.737,4115431.3135],[604414.957,4115429.9235],[604412.337,4115431.3735]]]}},{"type":"Feature","properties":{"id":"4557610XG0145N_part3","floors":2,"height":6.2,"heightSource":"Catastro:numberOfFloorsAboveGround"},"geometry":{"type":"Polygon","coordinates":[[[604414.707,4115435.2135],[604417.3375,4115439.4635],[604421.0875,4115437.6235],[604420.217,4115436.0935],[604421.117,4115435.6535],[604420.147,4115433.9035],[604422.067,4115432.8335],[604423.7975,4115435.9535],[604425.467,4115435.1335],[604425.6875,4115435.5835],[604427.4375,4115434.7235],[604424.947,4115430.1735],[604414.707,4115435.2135]]]}},{"type":"Feature","properties":{"id":"4557610XG0145N_part4","floors":3,"height":9.3,"heightSource":"Catastro:numberOfFloorsAboveGround"},"geometry":{"type":"Polygon","coordinates":[[[604417.3375,4115439.4635],[604418.9175,4115442.0135],[604421.8875,4115440.5535],[604422.8175,4115442.4435],[604423.5775,4115442.0135],[604421.0875,4115437.6235],[604417.3375,4115439.4635]]]}},{"type":"Feature","properties":{"id":"4557610XG0145N_part5","floors":3,"height":9.3,"heightSource":"Catastro:numberOfFloorsAboveGround"},"geometry":{"type":"Polygon","coordinates":[[[604425.8875,4115435.9335],[604424.7575,4115436.5735],[604426.1375,4115439.0035],[604425.6175,4115439.3035],[604426.7975,4115441.3935],[604431.8875,4115438.4935],[604431.4575,4115437.7135],[604429.4675,4115438.4235],[604427.4375,4115434.7235],[604425.6875,4115435.5835],[604425.8875,4115435.9335]]]}},{"type":"Feature","properties":{"id":"4557610XG0145N_part6","floors":4,"height":12.4,"heightSource":"Catastro:numberOfFloorsAboveGround"},"geometry":{"type":"Polygon","coordinates":[[[604425.467,4115435.1335],[604423.7975,4115435.9535],[604422.067,4115432.8335],[604420.147,4115433.9035],[604421.117,4115435.6535],[604420.217,4115436.0935],[604421.0875,4115437.6235],[604423.5775,4115442.0135],[604422.8175,4115442.4435],[604423.2075,4115443.2435],[604420.5175,4115444.5735],[604423.1675,4115448.8135],[604430.5575,4115445.1735],[604428.7875,4115441.5835],[604430.1275,4115440.9335],[604431.8975,4115441.4335],[604432.9575,4115440.4535],[604431.8875,4115438.4935],[604426.7975,4115441.3935],[604425.6175,4115439.3035],[604426.1375,4115439.0035],[604424.7575,4115436.5735],[604425.8875,4115435.9335],[604425.6875,4115435.5835],[604425.467,4115435.1335]]]}},{"type":"Feature","properties":{"id":"4557610XG0145N_part7","floors":3,"height":9.3,"heightSource":"Catastro:numberOfFloorsAboveGround"},"geometry":{"type":"Polygon","coordinates":[[[604424.7575,4115451.3535],[604425.4075,4115451.5835],[604434.4875,4115446.9635],[604434.6375,4115446.3335],[604424.7575,4115451.3535]]]}},{"type":"Feature","properties":{"id":"4557610XG0145N_part10","floors":4,"height":12.4,"heightSource":"Catastro:numberOfFloorsAboveGround"},"geometry":{"type":"Polygon","coordinates":[[[604423.1675,4115448.8135],[604424.7575,4115451.3535],[604434.6375,4115446.3335],[604433.2475,4115443.8535],[604430.5575,4115445.1735],[604423.1675,4115448.8135]]]}},{"type":"Feature","properties":{"id":"4557611XG0145N_part1","floors":1,"height":3.1,"heightSource":"Catastro:numberOfFloorsAboveGround"},"geometry":{"type":"Polygon","coordinates":[[[604405.317,4115435.4435],[604410.6975,4115444.1535],[604412.1475,4115446.4935],[604412.6975,4115446.1435],[604414.8565,4115444.802],[604412.5745,4115441.1105],[604408.081,4115433.841],[604405.317,4115435.4435]]]}},{"type":"Feature","properties":{"id":"4557612XG0145N_part1","floors":3,"height":9.3,"heightSource":"Catastro:numberOfFloorsAboveGround"},"geometry":{"type":"Polygon","coordinates":[[[604398.417,4115439.4435],[604398.467,4115439.5235],[604403.6675,4115447.7735],[604405.2675,4115450.2935],[604406.5975,4115449.5535],[604412.1475,4115446.4935],[604405.317,4115435.4435],[604401.877,4115437.4335],[604398.417,4115439.4435]]]}},{"type":"Feature","properties":{"id":"4557613XG0145N_part1","floors":3,"height":9.3,"heightSource":"Catastro:numberOfFloorsAboveGround"},"geometry":{"type":"Polygon","coordinates":[[[604391.627,4115443.3835],[604398.0275,4115453.6135],[604402.3375,4115451.6335],[604400.8875,4115449.0335],[604401.5775,4115448.8035],[604403.6675,4115447.7735],[604398.467,4115439.5235],[604395.227,4115441.7635],[604395.027,4115441.4135],[604391.627,4115443.3835]]]}},{"type":"Feature","properties":{"id":"4557614XG0145N_part1","floors":3,"height":9.3,"heightSource":"Catastro:numberOfFloorsAboveGround"},"geometry":{"type":"Polygon","coordinates":[[[604377.477,4115444.5735],[604377.997,4115446.8235],[604379.9375,4115454.6735],[604380.7575,4115458.0035],[604383.5475,4115457.3035],[604384.5075,4115460.7635],[604395.7375,4115457.7635],[604387.727,4115444.2135],[604377.477,4115444.5735]]]}},{"type":"Feature","properties":{"id":"4557614XG0145N_part2","floors":1,"height":3.1,"heightSource":"Catastro:numberOfFloorsAboveGround"},"geometry":{"type":"Polygon","coordinates":[[[604381.6075,4115461.4535],[604384.5075,4115460.7635],[604383.5475,4115457.3035],[604380.7575,4115458.0035],[604381.6075,4115461.4535]]]}},{"type":"Feature","properties":{"id":"4557616XG0145N_part1","floors":1,"height":3.1,"heightSource":"Catastro:numberOfFloorsAboveGround"},"geometry":{"type":"Polygon","coordinates":[[[604362.277,4115445.1135],[604363.907,4115453.3635],[604369.957,4115452.6335],[604370.5275,4115456.2835],[604376.1375,4115455.7535],[604374.147,4115448.0935],[604373.337,4115444.5135],[604362.277,4115445.1135]]]}},{"type":"Feature","properties":{"id":"4557618XG0145N_part1","floors":4,"height":12.4,"heightSource":"Catastro:numberOfFloorsAboveGround"},"geometry":{"type":"Polygon","coordinates":[[[604338.147,4115445.9635],[604338.397,4115447.1235],[604350.3055,4115446.764],[604350.087,4115445.7835],[604338.147,4115445.9635]]]}},{"type":"Feature","properties":{"id":"4557618XG0145N_part2","floors":5,"height":15.5,"heightSource":"Catastro:numberOfFloorsAboveGround"},"geometry":{"type":"Polygon","coordinates":[[[604338.397,4115447.1235],[604341.997,4115463.3635],[604345.477,4115462.6435],[604345.067,4115460.6135],[604345.367,4115460.5035],[604344.717,4115457.5935],[604348.597,4115456.7935],[604349.217,4115459.6635],[604349.637,4115461.7435],[604353.466,4115460.944],[604350.3055,4115446.764],[604338.397,4115447.1235]]]}},{"type":"Feature","properties":{"id":"4557618XG0145N_part3","floors":6,"height":18.6,"heightSource":"Catastro:numberOfFloorsAboveGround"},"geometry":{"type":"Polygon","coordinates":[[[604345.067,4115460.6135],[604345.477,4115462.6435],[604341.997,4115463.3635],[604343.9075,4115472.0035],[604355.3375,4115469.3435],[604353.466,4115460.944],[604349.637,4115461.7435],[604349.217,4115459.6635],[604345.367,4115460.5035],[604345.067,4115460.6135]]]}},{"type":"Feature","properties":{"id":"4557620XG0145N_part1","floors":3,"height":9.3,"heightSource":"Catastro:numberOfFloorsAboveGround"},"geometry":{"type":"Polygon","coordinates":[[[604435.8575,4115442.3535],[604433.2475,4115443.8535],[604434.6375,4115446.3335],[604434.9975,4115446.9835],[604438.9975,4115444.8635],[604440.5375,4115447.5635],[604436.5675,4115449.7935],[604437.1375,4115450.8035],[604440.1675,4115456.2135],[604446.4675,4115452.2335],[604450.0275,4115449.9835],[604442.8175,4115437.1235],[604441.7475,4115435.2035],[604438.6775,4115435.2935],[604438.1875,4115435.3135],[604434.1075,4115439.3135],[604435.8575,4115442.3535]]]}},{"type":"Feature","properties":{"id":"4557620XG0145N_part2","floors":2,"height":6.2,"heightSource":"Catastro:numberOfFloorsAboveGround"},"geometry":{"type":"Polygon","coordinates":[[[604436.4375,4115451.1935],[604439.4675,4115456.6035],[604440.1675,4115456.2135],[604437.1375,4115450.8035],[604436.4375,4115451.1935]]]}},{"type":"Feature","properties":{"id":"4557620XG0145N_part3","floors":2,"height":6.2,"heightSource":"Catastro:numberOfFloorsAboveGround"},"geometry":{"type":"Polygon","coordinates":[[[604440.1675,4115456.2135],[604440.5575,4115456.9135],[604446.8975,4115452.9035],[604446.4675,4115452.2335],[604440.1675,4115456.2135]]]}},{"type":"Feature","properties":{"id":"4557620XG0145N_part4","floors":2,"height":6.2,"heightSource":"Catastro:numberOfFloorsAboveGround"},"geometry":{"type":"Polygon","coordinates":[[[604450.7075,4115449.5535],[604443.5175,4115436.7335],[604442.8175,4115437.1235],[604450.0275,4115449.9835],[604450.7075,4115449.5535]]]}},{"type":"Feature","properties":{"id":"4557620XG0145N_part5","floors":4,"height":12.4,"heightSource":"Catastro:numberOfFloorsAboveGround"},"geometry":{"type":"Polygon","coordinates":[[[604436.5675,4115449.7935],[604440.5375,4115447.5635],[604438.9975,4115444.8635],[604434.9975,4115446.9835],[604436.5675,4115449.7935]]]}},{"type":"Feature","properties":{"id":"4558001XG0145N_part1","floors":1,"height":3.1,"heightSource":"Catastro:numberOfFloorsAboveGround"},"geometry":{"type":"Polygon","coordinates":[[[604368.6585,4115587.543],[604369.2185,4115590.183],[604371.1785,4115589.863],[604370.7285,4115587.193],[604368.6585,4115587.543]]]}},{"type":"Feature","properties":{"id":"4558001XG0145N_part2","floors":1,"height":3.1,"heightSource":"Catastro:numberOfFloorsAboveGround"},"geometry":{"type":"Polygon","coordinates":[[[604371.7185,4115587.033],[604372.1285,4115589.493],[604377.3485,4115588.623],[604376.8485,4115586.173],[604371.7185,4115587.033]]]}},{"type":"Feature","properties":{"id":"4558001XG0145N_part3","floors":1,"height":3.1,"heightSource":"Catastro:numberOfFloorsAboveGround"},"geometry":{"type":"Polygon","coordinates":[[[604372.659,4115606.363],[604380.739,4115604.993],[604379.2985,4115598.033],[604374.0885,4115599.103],[604373.3285,4115595.143],[604370.3985,4115595.743],[604372.659,4115606.363]]]}},{"type":"Feature","properties":{"id":"4558001XG0145N_part4","floors":1,"height":3.1,"heightSource":"Catastro:numberOfFloorsAboveGround"},"geometry":{"type":"Polygon","coordinates":[[[604376.0385,4115592.943],[604376.4285,4115595.053],[604378.5985,4115594.653],[604378.1485,4115592.503],[604376.0385,4115592.943]]]}},{"type":"Feature","properties":{"id":"4558004XG0145N_part1","floors":2,"height":6.2,"heightSource":"Catastro:numberOfFloorsAboveGround"},"geometry":{"type":"Polygon","coordinates":[[[604392.0085,4115591.623],[604390.8785,4115591.913],[604391.6885,4115594.923],[604392.1085,4115594.873],[604393.639,4115602.823],[604400.509,4115601.673],[604399.059,4115597.443],[604397.0585,4115591.643],[604396.7485,4115590.743],[604392.0085,4115591.623]]]}},{"type":"Feature","properties":{"id":"4558005XG0145N_part1","floors":1,"height":3.1,"heightSource":"Catastro:numberOfFloorsAboveGround"},"geometry":{"type":"Polygon","coordinates":[[[604394.7185,4115583.173],[604396.7485,4115590.743],[604397.0585,4115591.643],[604399.2085,4115591.123],[604398.9385,4115590.013],[604399.8885,4115589.783],[604398.7385,4115584.793],[604397.5985,4115585.073],[604397.2985,4115582.743],[604394.7185,4115583.173]]]}},{"type":"Feature","properties":{"id":"4558005XG0145N_part2","floors":1,"height":3.1,"heightSource":"Catastro:numberOfFloorsAboveGround"},"geometry":{"type":"Polygon","coordinates":[[[604402.039,4115596.703],[604399.059,4115597.443],[604400.509,4115601.673],[604403.239,4115601.203],[604402.039,4115596.703]]]}},{"type":"Feature","properties":{"id":"4558005XG0145N_part3","floors":2,"height":6.2,"heightSource":"Catastro:numberOfFloorsAboveGround"},"geometry":{"type":"Polygon","coordinates":[[[604398.9385,4115590.013],[604399.2085,4115591.123],[604397.0585,4115591.643],[604399.059,4115597.443],[604402.039,4115596.703],[604403.239,4115601.203],[604406.639,4115600.623],[604405.919,4115596.463],[604406.859,4115596.323],[604405.479,4115593.343],[604405.0885,4115593.413],[604403.2785,4115588.963],[604399.8885,4115589.783],[604398.9385,4115590.013]]]}},{"type":"Feature","properties":{"id":"4558006XG0145N_part1","floors":1,"height":3.1,"heightSource":"Catastro:numberOfFloorsAboveGround"},"geometry":{"type":"Polygon","coordinates":[[[604408.2085,4115586.853],[604403.0585,4115588.403],[604403.2785,4115588.963],[604405.0885,4115593.413],[604405.479,4115593.343],[604406.859,4115596.323],[604405.919,4115596.463],[604406.639,4115600.623],[604409.499,4115600.133],[604408.559,4115596.043],[604411.789,4115595.103],[604413.109,4115599.513],[604417.579,4115598.753],[604411.1985,4115586.173],[604408.2085,4115586.853]]]}},{"type":"Feature","properties":{"id":"4558006XG0145N_part2","floors":2,"height":6.2,"heightSource":"Catastro:numberOfFloorsAboveGround"},"geometry":{"type":"Polygon","coordinates":[[[604411.789,4115595.103],[604408.559,4115596.043],[604409.499,4115600.133],[604413.109,4115599.513],[604411.789,4115595.103]]]}},{"type":"Feature","properties":{"id":"4558007XG0145N_part1","floors":1,"height":3.1,"heightSource":"Catastro:numberOfFloorsAboveGround"},"geometry":{"type":"Polygon","coordinates":[[[604403.0585,4115588.403],[604408.2085,4115586.853],[604411.1985,4115586.173],[604408.7585,4115581.363],[604401.0985,4115583.573],[604403.0585,4115588.403]]]}},{"type":"Feature","properties":{"id":"4558008XG0145N_part1","floors":1,"height":3.1,"heightSource":"Catastro:numberOfFloorsAboveGround"},"geometry":{"type":"Polygon","coordinates":[[[604403.7285,4115577.923],[604405.5085,4115581.533],[604408.3485,4115580.593],[604406.4885,4115577.053],[604403.7285,4115577.923]]]}},{"type":"Feature","properties":{"id":"4558009XG0145N_part1","floors":3,"height":9.3,"heightSource":"Catastro:numberOfFloorsAboveGround"},"geometry":{"type":"Polygon","coordinates":[[[604384.2585,4115568.443],[604384.9685,4115571.503],[604385.6785,4115574.603],[604385.8785,4115575.393],[604387.3085,4115575.003],[604388.2685,4115578.903],[604386.8785,4115579.313],[604388.1185,4115584.283],[604388.9885,4115584.133],[604394.7185,4115583.173],[604397.2985,4115582.743],[604400.4985,4115582.213],[604399.2385,4115579.343],[604403.7285,4115577.923],[604406.4885,4115577.053],[604399.4985,4115564.553],[604385.7385,4115568.103],[604384.2585,4115568.443]],[[604393.2785,4115573.843],[604396.6785,4115573.033],[604397.1385,4115574.983],[604393.7385,4115575.793],[604393.2785,4115573.843]],[[604390.0185,4115578.313],[604391.7285,4115577.913],[604392.1285,4115579.613],[604390.4285,4115580.013],[604390.0185,4115578.313]],[[604388.6685,4115571.623],[604390.3685,4115571.223],[604390.7685,4115572.923],[604389.0685,4115573.323],[604388.6685,4115571.623]]]}},{"type":"Feature","properties":{"id":"4558009XG0145N_part2","floors":4,"height":12.4,"heightSource":"Catastro:numberOfFloorsAboveGround"},"geometry":{"type":"Polygon","coordinates":[[[604365.5185,4115572.743],[604368.6585,4115587.543],[604370.7285,4115587.193],[604371.7185,4115587.033],[604376.8485,4115586.173],[604384.8085,4115584.833],[604383.6985,4115580.063],[604386.8785,4115579.313],[604388.2685,4115578.903],[604387.3085,4115575.003],[604385.8785,4115575.393],[604385.6785,4115574.603],[604382.8085,4115575.303],[604382.0985,4115572.203],[604384.9685,4115571.503],[604384.2585,4115568.443],[604382.3085,4115568.883],[604365.5185,4115572.743]],[[604378.2885,4115583.743],[604379.9985,4115583.343],[604380.4185,4115585.163],[604378.6785,4115585.433],[604378.2885,4115583.743]],[[604377.1485,4115574.323],[604378.8585,4115573.933],[604379.2585,4115575.633],[604377.5485,4115576.033],[604377.1485,4115574.323]],[[604373.6585,4115578.623],[604375.3685,4115578.223],[604375.7385,4115579.913],[604374.0485,4115580.303],[604373.6585,4115578.623]]]}},{"type":"Feature","properties":{"id":"4558009XG0145N_part3","floors":5,"height":15.5,"heightSource":"Catastro:numberOfFloorsAboveGround"},"geometry":{"type":"Polygon","coordinates":[[[604375.7385,4115579.913],[604375.3685,4115578.223],[604373.6585,4115578.623],[604374.0485,4115580.303],[604375.7385,4115579.913]]]}},{"type":"Feature","properties":{"id":"4558009XG0145N_part4","floors":5,"height":15.5,"heightSource":"Catastro:numberOfFloorsAboveGround"},"geometry":{"type":"Polygon","coordinates":[[[604377.5485,4115576.033],[604379.2585,4115575.633],[604378.8585,4115573.933],[604377.1485,4115574.323],[604377.5485,4115576.033]]]}},{"type":"Feature","properties":{"id":"4558009XG0145N_part5","floors":5,"height":15.5,"heightSource":"Catastro:numberOfFloorsAboveGround"},"geometry":{"type":"Polygon","coordinates":[[[604378.6785,4115585.433],[604380.4185,4115585.163],[604379.9985,4115583.343],[604378.2885,4115583.743],[604378.6785,4115585.433]]]}},{"type":"Feature","properties":{"id":"4558009XG0145N_part6","floors":4,"height":12.4,"heightSource":"Catastro:numberOfFloorsAboveGround"},"geometry":{"type":"Polygon","coordinates":[[[604389.0685,4115573.323],[604390.7685,4115572.923],[604390.3685,4115571.223],[604388.6685,4115571.623],[604389.0685,4115573.323]]]}},{"type":"Feature","properties":{"id":"4558009XG0145N_part7","floors":4,"height":12.4,"heightSource":"Catastro:numberOfFloorsAboveGround"},"geometry":{"type":"Polygon","coordinates":[[[604390.4285,4115580.013],[604392.1285,4115579.613],[604391.7285,4115577.913],[604390.0185,4115578.313],[604390.4285,4115580.013]]]}},{"type":"Feature","properties":{"id":"4558009XG0145N_part8","floors":1,"height":3.1,"heightSource":"Catastro:numberOfFloorsAboveGround"},"geometry":{"type":"Polygon","coordinates":[[[604397.1385,4115574.983],[604396.6785,4115573.033],[604393.2785,4115573.843],[604393.7385,4115575.793],[604397.1385,4115574.983]]]}},{"type":"Feature","properties":{"id":"4558010XG0145N_part1","floors":2,"height":6.2,"heightSource":"Catastro:numberOfFloorsAboveGround"},"geometry":{"type":"Polygon","coordinates":[[[604383.4185,4115554.383],[604380.348,4115555.1505],[604381.5885,4115560.043],[604384.6485,4115559.263],[604384.8185,4115559.083],[604388.4385,4115558.163],[604388.2285,4115557.303],[604389.1685,4115557.073],[604388.178,4115553.192],[604383.4185,4115554.383]]]}},{"type":"Feature","properties":{"id":"4558010XG0145N_part2","floors":1,"height":3.1,"heightSource":"Catastro:numberOfFloorsAboveGround"},"geometry":{"type":"Polygon","coordinates":[[[604384.136,4115565.1345],[604385.7385,4115568.103],[604386.4785,4115567.912],[604385.6485,4115564.723],[604384.136,4115565.1345]]]}},{"type":"Feature","properties":{"id":"4558010XG0145N_part3","floors":3,"height":9.3,"heightSource":"Catastro:numberOfFloorsAboveGround"},"geometry":{"type":"Polygon","coordinates":[[[604384.5385,4115559.573],[604384.5185,4115559.843],[604384.5585,4115560.173],[604384.6985,4115560.483],[604384.8985,4115560.743],[604385.1685,4115560.953],[604385.2885,4115561.013],[604385.6385,4115561.103],[604388.9785,4115560.263],[604388.4385,4115558.163],[604384.8185,4115559.083],[604384.6485,4115559.263],[604384.5385,4115559.573]]]}},{"type":"Feature","properties":{"id":"4558010XG0145N_part4","floors":2,"height":6.2,"heightSource":"Catastro:numberOfFloorsAboveGround"},"geometry":{"type":"Polygon","coordinates":[[[604385.6385,4115561.103],[604386.5085,4115564.493],[604385.6485,4115564.723],[604386.4785,4115567.912],[604396.147,4115565.4175],[604395.0985,4115561.193],[604391.7185,4115562.053],[604389.0285,4115560.473],[604388.9785,4115560.263],[604385.6385,4115561.103]]]}},{"type":"Feature","properties":{"id":"4558010XG0145N_part5","floors":1,"height":3.1,"heightSource":"Catastro:numberOfFloorsAboveGround"},"geometry":{"type":"Polygon","coordinates":[[[604388.178,4115553.192],[604389.1685,4115557.073],[604388.2285,4115557.303],[604388.4385,4115558.163],[604388.9785,4115560.263],[604389.0285,4115560.473],[604391.7185,4115562.053],[604395.0985,4115561.193],[604396.147,4115565.4175],[604399.4985,4115564.553],[604399.7785,4115564.373],[604397.0265,4115559.564],[604394.4785,4115560.213],[604393.5485,4115556.643],[604391.0185,4115557.283],[604389.8675,4115552.769],[604388.178,4115553.192]]]}},{"type":"Feature","properties":{"id":"4558011XG0145N_part1","floors":1,"height":3.1,"heightSource":"Catastro:numberOfFloorsAboveGround"},"geometry":{"type":"Polygon","coordinates":[[[604373.108,4115550.623],[604374.048,4115553.803],[604374.8585,4115556.533],[604377.3185,4115555.913],[604376.518,4115552.903],[604380.558,4115551.413],[604380.358,4115550.743],[604381.268,4115550.513],[604383.4185,4115554.383],[604392.7285,4115552.053],[604388.838,4115544.663],[604382.158,4115547.183],[604380.298,4115547.893],[604376.668,4115549.263],[604373.108,4115550.623]]]}},{"type":"Feature","properties":{"id":"4558012XG0145N_part1","floors":1,"height":3.1,"heightSource":"Catastro:numberOfFloorsAboveGround"},"geometry":{"type":"Polygon","coordinates":[[[604376.668,4115549.263],[604380.298,4115547.893],[604379.208,4115545.973],[604380.838,4115545.143],[604382.158,4115547.183],[604388.838,4115544.663],[604384.908,4115537.1935],[604373.258,4115542.9735],[604376.668,4115549.263]]]}},{"type":"Feature","properties":{"id":"4558013XG0145N_part1","floors":2,"height":6.2,"heightSource":"Catastro:numberOfFloorsAboveGround"},"geometry":{"type":"Polygon","coordinates":[[[604367.498,4115537.8135],[604368.208,4115540.1435],[604368.558,4115541.2735],[604370.478,4115540.4035],[604371.078,4115541.5835],[604368.978,4115542.6535],[604369.318,4115543.7435],[604369.678,4115544.913],[604371.168,4115544.0235],[604373.258,4115542.9735],[604384.908,4115537.1935],[604381.648,4115530.9935],[604374.268,4115534.9535],[604375.648,4115537.5035],[604374.168,4115538.2035],[604372.848,4115535.5435],[604371.108,4115536.2835],[604367.498,4115537.8135]]]}},{"type":"Feature","properties":{"id":"4558014XG0145N_part1","floors":1,"height":3.1,"heightSource":"Catastro:numberOfFloorsAboveGround"},"geometry":{"type":"Polygon","coordinates":[[[604378.448,4115524.9035],[604371.951,4115526.1245],[604375.8215,4115533.4905],[604381.4155,4115530.551],[604378.448,4115524.9035]]]}},{"type":"Feature","properties":{"id":"4558016XG0145N_part1","floors":1,"height":3.1,"heightSource":"Catastro:numberOfFloorsAboveGround"},"geometry":{"type":"Polygon","coordinates":[[[604365.068,4115534.8735],[604364.378,4115535.0535],[604363.968,4115533.5135],[604366.358,4115532.8635],[604365.108,4115527.4135],[604362.288,4115528.0435],[604356.238,4115529.0435],[604357.9608,4115537.1713],[604365.2608,4115535.5918],[604365.068,4115534.8735]]]}},{"type":"Feature","properties":{"id":"4558017XG0145N_part1","floors":1,"height":3.1,"heightSource":"Catastro:numberOfFloorsAboveGround"},"geometry":{"type":"Polygon","coordinates":[[[604359.108,4115542.5835],[604360.128,4115547.393],[604363.088,4115546.633],[604362.868,4115545.4035],[604365.988,4115544.5935],[604365.368,4115542.0235],[604368.558,4115541.2735],[604368.208,4115540.1435],[604366.598,4115540.5735],[604359.108,4115542.5835]]]}},{"type":"Feature","properties":{"id":"4558018XG0145N_part1","floors":1,"height":3.1,"heightSource":"Catastro:numberOfFloorsAboveGround"},"geometry":{"type":"Polygon","coordinates":[[[604362.868,4115545.4035],[604363.088,4115546.633],[604360.128,4115547.393],[604362.7185,4115559.583],[604371.4685,4115557.383],[604374.8585,4115556.533],[604374.048,4115553.803],[604369.828,4115554.863],[604367.748,4115546.473],[604369.678,4115544.913],[604369.318,4115543.7435],[604365.988,4115544.5935],[604362.868,4115545.4035]]]}},{"type":"Feature","properties":{"id":"4558020XG0145N_part1","floors":1,"height":3.1,"heightSource":"Catastro:numberOfFloorsAboveGround"},"geometry":{"type":"Polygon","coordinates":[[[604365.5185,4115572.743],[604379.5685,4115569.513],[604382.3085,4115568.883],[604381.5485,4115566.163],[604382.6285,4115565.893],[604381.4185,4115562.463],[604376.2985,4115563.633],[604373.6585,4115564.233],[604374.3385,4115567.193],[604372.6485,4115567.483],[604372.0885,4115564.583],[604364.1685,4115566.393],[604365.5185,4115572.743]]]}},{"type":"Feature","properties":{"id":"4558022XG0145N_part1","floors":1,"height":3.1,"heightSource":"Catastro:numberOfFloorsAboveGround"},"geometry":{"type":"Polygon","coordinates":[[[604381.2885,4115588.003],[604384.639,4115604.343],[604393.639,4115602.823],[604392.1085,4115594.873],[604391.6885,4115594.923],[604385.8185,4115595.983],[604384.3285,4115587.513],[604381.2885,4115588.003]]]}},{"type":"Feature","properties":{"id":"4558022XG0145N_part2","floors":1,"height":3.1,"heightSource":"Catastro:numberOfFloorsAboveGround"},"geometry":{"type":"Polygon","coordinates":[[[604377.3485,4115588.623],[604378.1485,4115592.503],[604378.5985,4115594.653],[604379.2985,4115598.033],[604380.739,4115604.993],[604384.639,4115604.343],[604381.2885,4115588.003],[604377.3485,4115588.623]]]}},{"type":"Feature","properties":{"id":"4558401XG0145N_part1","floors":3,"height":9.3,"heightSource":"Catastro:numberOfFloorsAboveGround"},"geometry":{"type":"Polygon","coordinates":[[[604416.9685,4115582.783],[604419.3885,4115587.213],[604421.5795,4115591.22],[604425.0135,4115589.9875],[604425.953,4115592.6065],[604428.068,4115591.8475],[604426.779,4115587.333],[604425.8585,4115584.123],[604425.612,4115583.257],[604424.915,4115583.507],[604422.942,4115584.215],[604421.8055,4115581.0475],[604416.9685,4115582.783]]]}},{"type":"Feature","properties":{"id":"4558401XG0145N_part2","floors":2,"height":6.2,"heightSource":"Catastro:numberOfFloorsAboveGround"},"geometry":{"type":"Polygon","coordinates":[[[604425.953,4115592.6065],[604425.0135,4115589.9875],[604421.5795,4115591.22],[604425.119,4115597.693],[604429.509,4115596.893],[604428.068,4115591.8475],[604425.953,4115592.6065]]]}},{"type":"Feature","properties":{"id":"4558401XG0145N_part3","floors":1,"height":3.1,"heightSource":"Catastro:numberOfFloorsAboveGround"},"geometry":{"type":"Polygon","coordinates":[[[604423.7785,4115580.3395],[604421.8055,4115581.0475],[604422.942,4115584.215],[604424.915,4115583.507],[604423.7785,4115580.3395]]]}},{"type":"Feature","properties":{"id":"4558401XG0145N_part4","floors":2,"height":6.2,"heightSource":"Catastro:numberOfFloorsAboveGround"},"geometry":{"type":"Polygon","coordinates":[[[604424.6885,4115580.013],[604423.7785,4115580.3395],[604424.915,4115583.507],[604425.612,4115583.257],[604424.6885,4115580.013]]]}},{"type":"Feature","properties":{"id":"4558402XG0145N_part1","floors":1,"height":3.1,"heightSource":"Catastro:numberOfFloorsAboveGround"},"geometry":{"type":"Polygon","coordinates":[[[604431.2485,4115582.593],[604431.949,4115584.373],[604431.369,4115584.533],[604432.449,4115587.723],[604430.959,4115588.143],[604429.3485,4115582.943],[604425.8585,4115584.123],[604426.779,4115587.333],[604429.509,4115596.893],[604437.749,4115594.533],[604433.6585,4115581.933],[604431.2485,4115582.593]]]}},{"type":"Feature","properties":{"id":"4558403XG0145N_part1","floors":1,"height":3.1,"heightSource":"Catastro:numberOfFloorsAboveGround"},"geometry":{"type":"Polygon","coordinates":[[[604433.2185,4115577.323],[604434.1885,4115580.013],[604436.5685,4115579.243],[604436.2485,4115578.333],[604435.6085,4115576.463],[604433.2185,4115577.323]]]}},{"type":"Feature","properties":{"id":"4558403XG0145N_part2","floors":2,"height":6.2,"heightSource":"Catastro:numberOfFloorsAboveGround"},"geometry":{"type":"Polygon","coordinates":[[[604432.2785,4115577.663],[604433.1485,4115580.353],[604434.1885,4115580.013],[604433.2185,4115577.323],[604432.2785,4115577.663]]]}},{"type":"Feature","properties":{"id":"4558403XG0145N_part3","floors":3,"height":9.3,"heightSource":"Catastro:numberOfFloorsAboveGround"},"geometry":{"type":"Polygon","coordinates":[[[604433.1485,4115580.353],[604433.6585,4115581.933],[604437.749,4115594.533],[604442.549,4115593.173],[604439.779,4115584.923],[604439.439,4115584.623],[604438.349,4115583.683],[604438.169,4115583.153],[604437.6685,4115581.593],[604437.3585,4115580.633],[604437.0885,4115580.713],[604436.9585,4115580.353],[604436.5685,4115579.243],[604434.1885,4115580.013],[604433.1485,4115580.353]]]}},{"type":"Feature","properties":{"id":"4558404XG0145N_part1","floors":1,"height":3.1,"heightSource":"Catastro:numberOfFloorsAboveGround"},"geometry":{"type":"Polygon","coordinates":[[[604443.729,4115584.183],[604442.949,4115584.453],[604442.689,4115583.673],[604439.439,4115584.623],[604439.779,4115584.923],[604442.549,4115593.173],[604446.439,4115592.073],[604443.729,4115584.183]]]}},{"type":"Feature","properties":{"id":"4558406XG0145N_part1","floors":1,"height":3.1,"heightSource":"Catastro:numberOfFloorsAboveGround"},"geometry":{"type":"Polygon","coordinates":[[[604446.4785,4115571.583],[604446.8185,4115572.453],[604435.6085,4115576.463],[604436.2485,4115578.333],[604438.9185,4115577.433],[604439.6585,4115579.483],[604441.1585,4115579.003],[604444.5585,4115577.973],[604444.1985,4115576.853],[604447.7585,4115575.823],[604448.799,4115578.443],[604452.489,4115577.283],[604450.1885,4115570.383],[604446.4785,4115571.583]]]}},{"type":"Feature","properties":{"id":"4558407XG0145N_part1","floors":1,"height":3.1,"heightSource":"Catastro:numberOfFloorsAboveGround"},"geometry":{"type":"Polygon","coordinates":[[[604435.9785,4115566.443],[604437.9085,4115571.963],[604431.1585,4115574.163],[604432.1785,4115577.343],[604432.2785,4115577.663],[604433.2185,4115577.323],[604435.6085,4115576.463],[604446.8185,4115572.453],[604446.4785,4115571.583],[604450.1885,4115570.383],[604447.6585,4115562.823],[604446.2285,4115563.253],[604436.3785,4115566.243],[604435.9785,4115566.443]]]}},{"type":"Feature","properties":{"id":"4558408XG0145N_part1","floors":1,"height":3.1,"heightSource":"Catastro:numberOfFloorsAboveGround"},"geometry":{"type":"Polygon","coordinates":[[[604434.3085,4115560.673],[604433.8485,4115559.023],[604430.5385,4115559.943],[604431.0085,4115561.603],[604434.3085,4115560.673]]]}},{"type":"Feature","properties":{"id":"4558408XG0145N_part2","floors":3,"height":9.3,"heightSource":"Catastro:numberOfFloorsAboveGround"},"geometry":{"type":"Polygon","coordinates":[[[604405.8985,4115562.573],[604406.1385,4115563.013],[604407.3385,4115565.203],[604409.2085,4115564.493],[604407.7985,4115561.853],[604406.0885,4115562.503],[604405.8985,4115562.573]]]}},{"type":"Feature","properties":{"id":"4558408XG0145N_part3","floors":3,"height":9.3,"heightSource":"Catastro:numberOfFloorsAboveGround"},"geometry":{"type":"Polygon","coordinates":[[[604412.2085,4115570.383],[604410.5085,4115570.993],[604411.8785,4115573.483],[604412.1985,4115574.063],[604413.8885,4115573.453],[604412.2085,4115570.383]]]}},{"type":"Feature","properties":{"id":"4558408XG0145N_part4","floors":3,"height":9.3,"heightSource":"Catastro:numberOfFloorsAboveGround"},"geometry":{"type":"Polygon","coordinates":[[[604443.8485,4115552.503],[604444.6685,4115557.033],[604445.6085,4115556.683],[604444.1785,4115552.413],[604443.8485,4115552.503]]]}},{"type":"Feature","properties":{"id":"4558408XG0145N_part5","floors":3,"height":9.3,"heightSource":"Catastro:numberOfFloorsAboveGround"},"geometry":{"type":"Polygon","coordinates":[[[604444.8285,4115559.083],[604446.2285,4115563.253],[604447.6585,4115562.823],[604446.2285,4115558.553],[604444.8285,4115559.083]]]}},{"type":"Feature","properties":{"id":"4558408XG0145N_part6","floors":4,"height":12.4,"heightSource":"Catastro:numberOfFloorsAboveGround"},"geometry":{"type":"Polygon","coordinates":[[[604423.6785,4115555.873],[604425.0485,4115559.543],[604430.0385,4115558.143],[604430.5385,4115559.943],[604433.8485,4115559.023],[604434.3085,4115560.673],[604431.0085,4115561.603],[604431.2085,4115562.303],[604426.5685,4115563.593],[604428.1685,4115567.843],[604429.0585,4115567.593],[604436.1685,4115565.693],[604436.3785,4115566.243],[604446.2285,4115563.253],[604444.8285,4115559.083],[604446.2285,4115558.553],[604445.6085,4115556.683],[604444.6685,4115557.033],[604443.8485,4115552.503],[604436.4285,4115554.573],[604436.0285,4115553.533],[604432.7085,4115554.353],[604432.6285,4115553.783],[604428.7985,4115554.543],[604425.3985,4115555.223],[604423.6785,4115555.873]]]}},{"type":"Feature","properties":{"id":"4558408XG0145N_part7","floors":5,"height":15.5,"heightSource":"Catastro:numberOfFloorsAboveGround"},"geometry":{"type":"Polygon","coordinates":[[[604430.0385,4115558.143],[604425.0485,4115559.543],[604426.5685,4115563.593],[604431.2085,4115562.303],[604431.0085,4115561.603],[604430.5385,4115559.943],[604430.0385,4115558.143]]]}},{"type":"Feature","properties":{"id":"4558408XG0145N_part8","floors":3,"height":9.3,"heightSource":"Catastro:numberOfFloorsAboveGround"},"geometry":{"type":"Polygon","coordinates":[[[604409.2085,4115564.493],[604407.3385,4115565.203],[604410.5085,4115570.993],[604412.2085,4115570.383],[604413.8885,4115573.453],[604428.2685,4115568.263],[604428.1685,4115567.843],[604426.5685,4115563.593],[604425.0485,4115559.543],[604423.6785,4115555.873],[604407.7985,4115561.853],[604409.2085,4115564.493]],[[604421.3985,4115561.853],[604424.7885,4115560.623],[604425.8385,4115563.543],[604422.4585,4115564.763],[604421.3985,4115561.853]]]}},{"type":"Feature","properties":{"id":"4558409XG0145N_part1","floors":1,"height":3.1,"heightSource":"Catastro:numberOfFloorsAboveGround"},"geometry":{"type":"Polygon","coordinates":[[[604435.9985,4115547.173],[604434.1985,4115547.703],[604436.0285,4115553.533],[604436.4285,4115554.573],[604443.8485,4115552.503],[604444.1785,4115552.413],[604442.0285,4115545.833],[604440.4585,4115546.183],[604435.9985,4115547.173]]]}},{"type":"Feature","properties":{"id":"4558410XG0145N_part1","floors":1,"height":3.1,"heightSource":"Catastro:numberOfFloorsAboveGround"},"geometry":{"type":"Polygon","coordinates":[[[604425.3985,4115555.223],[604428.7985,4115554.543],[604428.2685,4115551.713],[604424.7185,4115552.343],[604425.3985,4115555.223]]]}},{"type":"Feature","properties":{"id":"4558410XG0145N_part2","floors":1,"height":3.1,"heightSource":"Catastro:numberOfFloorsAboveGround"},"geometry":{"type":"Polygon","coordinates":[[[604424.9885,4115541.063],[604425.9085,4115544.363],[604428.8885,4115543.843],[604428.1585,4115540.533],[604424.9885,4115541.063]]]}},{"type":"Feature","properties":{"id":"4558410XG0145N_part3","floors":3,"height":9.3,"heightSource":"Catastro:numberOfFloorsAboveGround"},"geometry":{"type":"Polygon","coordinates":[[[604439.6085,4115543.593],[604440.4585,4115546.183],[604442.0285,4115545.833],[604441.1285,4115543.093],[604439.6085,4115543.593]]]}},{"type":"Feature","properties":{"id":"4558410XG0145N_part4","floors":3,"height":9.3,"heightSource":"Catastro:numberOfFloorsAboveGround"},"geometry":{"type":"Polygon","coordinates":[[[604422.1885,4115541.533],[604423.1985,4115545.833],[604424.1785,4115550.053],[604424.7185,4115552.343],[604428.2685,4115551.713],[604427.7685,4115549.083],[604432.1985,4115548.303],[604434.1985,4115547.703],[604435.9985,4115547.173],[604440.4585,4115546.183],[604439.6085,4115543.593],[604441.1285,4115543.093],[604439.6685,4115538.623],[604428.1585,4115540.533],[604428.8885,4115543.843],[604425.9085,4115544.363],[604424.9885,4115541.063],[604422.5285,4115541.473],[604422.1885,4115541.533]]]}},{"type":"Feature","properties":{"id":"4558410XG0145N_part5","floors":2,"height":6.2,"heightSource":"Catastro:numberOfFloorsAboveGround"},"geometry":{"type":"Polygon","coordinates":[[[604441.1285,4115543.093],[604441.5085,4115542.973],[604440.2085,4115538.733],[604439.6685,4115538.623],[604441.1285,4115543.093]]]}},{"type":"Feature","properties":{"id":"4558411XG0145N_part1","floors":1,"height":3.1,"heightSource":"Catastro:numberOfFloorsAboveGround"},"geometry":{"type":"Polygon","coordinates":[[[604408.968,4115541.753],[604405.988,4115542.313],[604405.868,4115541.793],[604402.068,4115542.583],[604401.828,4115542.103],[604395.408,4115543.263],[604396.798,4115545.753],[604397.788,4115545.593],[604409.3585,4115543.663],[604408.968,4115541.753]]]}},{"type":"Feature","properties":{"id":"4558411XG0145N_part2","floors":1,"height":3.1,"heightSource":"Catastro:numberOfFloorsAboveGround"},"geometry":{"type":"Polygon","coordinates":[[[604415.4485,4115540.103],[604412.6685,4115540.613],[604413.0685,4115543.043],[604416.0285,4115542.553],[604415.4485,4115540.103]]]}},{"type":"Feature","properties":{"id":"4558411XG0145N_part3","floors":1,"height":3.1,"heightSource":"Catastro:numberOfFloorsAboveGround"},"geometry":{"type":"Polygon","coordinates":[[[604393.208,4115539.3435],[604394.718,4115542.033],[604421.7185,4115537.793],[604422.5285,4115541.473],[604424.9885,4115541.063],[604428.1585,4115540.533],[604439.6685,4115538.623],[604437.338,4115531.463],[604426.208,4115533.083],[604421.178,4115534.063],[604420.788,4115534.043],[604414.588,4115535.223],[604403.248,4115537.4035],[604393.208,4115539.3435]]]}},{"type":"Feature","properties":{"id":"4558412XG0145N_part1","floors":1,"height":3.1,"heightSource":"Catastro:numberOfFloorsAboveGround"},"geometry":{"type":"Polygon","coordinates":[[[604418.808,4115526.8135],[604420.028,4115530.7535],[604422.028,4115530.4635],[604421.868,4115529.3835],[604422.928,4115529.2435],[604423.268,4115531.1135],[604420.318,4115531.6535],[604420.788,4115534.043],[604421.178,4115534.063],[604426.208,4115533.083],[604437.338,4115531.463],[604436.198,4115525.3635],[604429.058,4115526.6235],[604428.838,4115525.3935],[604421.078,4115526.4835],[604418.808,4115526.8135]]]}},{"type":"Feature","properties":{"id":"4558413XG0145N_part1","floors":1,"height":3.1,"heightSource":"Catastro:numberOfFloorsAboveGround"},"geometry":{"type":"Polygon","coordinates":[[[604434.618,4115516.8735],[604417.868,4115519.3935],[604418.408,4115523.6535],[604421.508,4115523.3635],[604424.158,4115522.1135],[604424.578,4115524.4935],[604420.878,4115524.9335],[604421.078,4115526.4835],[604428.838,4115525.3935],[604429.058,4115526.6235],[604436.198,4115525.3635],[604434.618,4115516.8735]]]}},{"type":"Feature","properties":{"id":"4558417XG0145N_part1","floors":3,"height":9.3,"heightSource":"Catastro:numberOfFloorsAboveGround"},"geometry":{"type":"Polygon","coordinates":[[[604422.1885,4115541.533],[604416.0285,4115542.553],[604413.0685,4115543.043],[604409.3585,4115543.663],[604397.788,4115545.593],[604399.4185,4115549.543],[604398.9585,4115549.723],[604399.2885,4115550.343],[604399.6285,4115550.523],[604399.9885,4115550.643],[604400.3585,4115550.703],[604400.7385,4115550.703],[604402.7385,4115549.903],[604405.5385,4115555.733],[604405.1085,4115555.523],[604404.6385,4115555.443],[604404.1685,4115555.513],[604403.7385,4115555.733],[604403.3885,4115556.063],[604403.1585,4115556.483],[604403.0685,4115556.943],[604403.1185,4115557.423],[604403.9885,4115559.023],[604404.6185,4115558.793],[604406.0885,4115562.503],[604407.7985,4115561.853],[604423.6785,4115555.873],[604425.3985,4115555.223],[604424.7185,4115552.343],[604424.1785,4115550.053],[604420.8085,4115551.323],[604419.2885,4115547.303],[604423.1985,4115545.833],[604422.1885,4115541.533]],[[604409.2885,4115551.923],[604407.9485,4115548.363],[604410.7585,4115547.313],[604411.5585,4115549.463],[604414.3685,4115548.403],[604414.5785,4115548.973],[604415.6985,4115548.543],[604417.1085,4115552.293],[604414.6785,4115553.203],[604414.8185,4115553.583],[604413.3285,4115554.143],[604413.7885,4115555.363],[604410.9785,4115556.413],[604409.9185,4115553.603],[604412.7285,4115552.553],[604412.0885,4115550.873],[604409.2885,4115551.923]]]}},{"type":"Feature","properties":{"id":"4558417XG0145N_part2","floors":3,"height":9.3,"heightSource":"Catastro:numberOfFloorsAboveGround"},"geometry":{"type":"Polygon","coordinates":[[[604403.1185,4115557.423],[604403.0685,4115556.943],[604403.1585,4115556.483],[604403.3885,4115556.063],[604403.7385,4115555.733],[604404.1685,4115555.513],[604404.6385,4115555.443],[604405.1085,4115555.523],[604405.5385,4115555.733],[604402.7385,4115549.903],[604400.7385,4115550.703],[604400.3585,4115550.703],[604399.9885,4115550.643],[604399.6285,4115550.523],[604399.2885,4115550.343],[604403.1185,4115557.423]]]}},{"type":"Feature","properties":{"id":"4558417XG0145N_part3","floors":3,"height":9.3,"heightSource":"Catastro:numberOfFloorsAboveGround"},"geometry":{"type":"Polygon","coordinates":[[[604396.798,4115545.753],[604397.1885,4115546.453],[604398.9585,4115549.723],[604399.4185,4115549.543],[604397.788,4115545.593],[604396.798,4115545.753]]]}},{"type":"Feature","properties":{"id":"4558417XG0145N_part5","floors":4,"height":12.4,"heightSource":"Catastro:numberOfFloorsAboveGround"},"geometry":{"type":"Polygon","coordinates":[[[604414.8185,4115553.583],[604414.6785,4115553.203],[604417.1085,4115552.293],[604415.6985,4115548.543],[604414.5785,4115548.973],[604414.3685,4115548.403],[604411.5585,4115549.463],[604412.0885,4115550.873],[604412.7285,4115552.553],[604413.3285,4115554.143],[604414.8185,4115553.583]]]}},{"type":"Feature","properties":{"id":"4558417XG0145N_part6","floors":2,"height":6.2,"heightSource":"Catastro:numberOfFloorsAboveGround"},"geometry":{"type":"Polygon","coordinates":[[[604398.5685,4115549.863],[604403.5985,4115559.173],[604403.9885,4115559.023],[604403.1185,4115557.423],[604399.2885,4115550.343],[604398.9585,4115549.723],[604398.5685,4115549.863]]]}},{"type":"Feature","properties":{"id":"4558420XG0145N_part1","floors":1,"height":3.1,"heightSource":"Catastro:numberOfFloorsAboveGround"},"geometry":{"type":"Polygon","coordinates":[[[604396.658,4115522.8135],[604398.628,4115534.7535],[604399.658,4115538.0935],[604403.248,4115537.4035],[604407.308,4115536.6235],[604404.608,4115521.5335],[604398.648,4115522.4935],[604396.658,4115522.8135]]]}},{"type":"Feature","properties":{"id":"4558601XG0145N_part1","floors":2,"height":6.2,"heightSource":"Catastro:numberOfFloorsAboveGround"},"geometry":{"type":"Polygon","coordinates":[[[604348.5485,4115610.653],[604351.5585,4115610.113],[604350.6285,4115605.223],[604351.7285,4115605.003],[604351.0585,4115601.573],[604346.2185,4115602.423],[604348.5485,4115610.653]]]}},{"type":"Feature","properties":{"id":"4558601XG0145N_part2","floors":1,"height":3.1,"heightSource":"Catastro:numberOfFloorsAboveGround"},"geometry":{"type":"Polygon","coordinates":[[[604350.6285,4115605.223],[604351.5585,4115610.113],[604367.089,4115607.343],[604365.3585,4115599.103],[604359.3685,4115600.133],[604360.0585,4115603.943],[604358.1585,4115604.343],[604357.3885,4115600.483],[604353.3185,4115601.183],[604354.0285,4115605.323],[604351.8585,4115605.683],[604351.7285,4115605.003],[604350.6285,4115605.223]]]}},{"type":"Feature","properties":{"id":"4558602XG0145N_part1","floors":3,"height":9.3,"heightSource":"Catastro:numberOfFloorsAboveGround"},"geometry":{"type":"Polygon","coordinates":[[[604359.3685,4115600.133],[604365.3585,4115599.103],[604363.4685,4115590.143],[604344.0485,4115593.513],[604346.2185,4115602.423],[604351.0585,4115601.573],[604353.3185,4115601.183],[604354.1405,4115601.0415],[604353.49,4115597.79],[604356.8,4115597.21],[604357.4505,4115600.472],[604359.3685,4115600.133]]]}},{"type":"Feature","properties":{"id":"4558603XG0145N_part1","floors":1,"height":3.1,"heightSource":"Catastro:numberOfFloorsAboveGround"},"geometry":{"type":"Polygon","coordinates":[[[604350.6885,4115590.423],[604343.5185,4115591.613],[604344.0485,4115593.513],[604363.4685,4115590.143],[604362.5485,4115585.753],[604350.3885,4115588.133],[604350.6885,4115590.423]]]}},{"type":"Feature","properties":{"id":"4558604XG0145N_part1","floors":1,"height":3.1,"heightSource":"Catastro:numberOfFloorsAboveGround"},"geometry":{"type":"Polygon","coordinates":[[[604341.8385,4115585.483],[604342.9685,4115589.593],[604347.6485,4115588.673],[604347.3785,4115587.603],[604346.6185,4115584.643],[604344.5785,4115585.003],[604341.8385,4115585.483]]]}},{"type":"Feature","properties":{"id":"4558604XG0145N_part2","floors":2,"height":6.2,"heightSource":"Catastro:numberOfFloorsAboveGround"},"geometry":{"type":"Polygon","coordinates":[[[604346.6185,4115584.643],[604347.3785,4115587.603],[604350.0285,4115587.083],[604350.2385,4115588.163],[604350.3885,4115588.133],[604362.5485,4115585.753],[604361.7685,4115582.013],[604348.8885,4115584.253],[604346.6185,4115584.643]]]}},{"type":"Feature","properties":{"id":"4558605XG0145N_part1","floors":1,"height":3.1,"heightSource":"Catastro:numberOfFloorsAboveGround"},"geometry":{"type":"Polygon","coordinates":[[[604340.8485,4115581.863],[604341.8385,4115585.483],[604344.5785,4115585.003],[604343.5685,4115581.323],[604340.8485,4115581.863]]]}},{"type":"Feature","properties":{"id":"4558605XG0145N_part2","floors":1,"height":3.1,"heightSource":"Catastro:numberOfFloorsAboveGround"},"geometry":{"type":"Polygon","coordinates":[[[604348.1185,4115580.443],[604348.8885,4115584.253],[604361.7685,4115582.013],[604360.9985,4115578.343],[604348.1185,4115580.443]]]}},{"type":"Feature","properties":{"id":"4558607XG0145N_part1","floors":1,"height":3.1,"heightSource":"Catastro:numberOfFloorsAboveGround"},"geometry":{"type":"Polygon","coordinates":[[[604345.9885,4115564.563],[604346.6885,4115567.893],[604349.2885,4115567.343],[604348.6085,4115564.083],[604345.9885,4115564.563]]]}},{"type":"Feature","properties":{"id":"4558607XG0145N_part2","floors":3,"height":9.3,"heightSource":"Catastro:numberOfFloorsAboveGround"},"geometry":{"type":"Polygon","coordinates":[[[604354.7185,4115562.973],[604356.2785,4115570.403],[604359.2185,4115569.853],[604357.6585,4115562.443],[604354.7185,4115562.973]]]}},{"type":"Feature","properties":{"id":"4558607XG0145N_part3","floors":2,"height":6.2,"heightSource":"Catastro:numberOfFloorsAboveGround"},"geometry":{"type":"Polygon","coordinates":[[[604336.468,4115566.763],[604337.8985,4115573.563],[604338.3585,4115573.743],[604336.798,4115566.333],[604336.468,4115566.763]]]}},{"type":"Feature","properties":{"id":"4558607XG0145N_part4","floors":2,"height":6.2,"heightSource":"Catastro:numberOfFloorsAboveGround"},"geometry":{"type":"Polygon","coordinates":[[[604359.2185,4115569.853],[604359.5885,4115569.253],[604358.2385,4115562.843],[604357.6585,4115562.443],[604359.2185,4115569.853]]]}},{"type":"Feature","properties":{"id":"4558607XG0145N_part5","floors":4,"height":12.4,"heightSource":"Catastro:numberOfFloorsAboveGround"},"geometry":{"type":"Polygon","coordinates":[[[604336.798,4115566.333],[604338.3585,4115573.743],[604346.8285,4115572.163],[604345.9585,4115568.043],[604346.6885,4115567.893],[604345.9885,4115564.563],[604336.798,4115566.333]]]}},{"type":"Feature","properties":{"id":"4558607XG0145N_part6","floors":4,"height":12.4,"heightSource":"Catastro:numberOfFloorsAboveGround"},"geometry":{"type":"Polygon","coordinates":[[[604348.6085,4115564.083],[604349.2885,4115567.343],[604350.0185,4115567.193],[604350.9085,4115571.403],[604356.2785,4115570.403],[604354.7185,4115562.973],[604348.6085,4115564.083]]]}},{"type":"Feature","properties":{"id":"4558607XG0145N_part7","floors":5,"height":15.5,"heightSource":"Catastro:numberOfFloorsAboveGround"},"geometry":{"type":"Polygon","coordinates":[[[604345.9585,4115568.043],[604346.8285,4115572.163],[604350.9085,4115571.403],[604350.0185,4115567.193],[604349.2885,4115567.343],[604346.6885,4115567.893],[604345.9585,4115568.043]]]}},{"type":"Feature","properties":{"id":"4558608XG0145N_part1","floors":1,"height":3.1,"heightSource":"Catastro:numberOfFloorsAboveGround"},"geometry":{"type":"Polygon","coordinates":[[[604335.408,4115558.113],[604336.798,4115566.333],[604345.9885,4115564.563],[604348.6085,4115564.083],[604354.7185,4115562.973],[604357.6585,4115562.443],[604355.878,4115553.953],[604339.288,4115557.333],[604339.118,4115557.363],[604339.608,4115559.713],[604342.698,4115559.163],[604343.018,4115560.403],[604338.548,4115561.253],[604337.718,4115557.653],[604335.408,4115558.113]]]}},{"type":"Feature","properties":{"id":"4558609XG0145N_part1","floors":1,"height":3.1,"heightSource":"Catastro:numberOfFloorsAboveGround"},"geometry":{"type":"Polygon","coordinates":[[[604333.768,4115550.1835],[604334.698,4115554.673],[604338.558,4115553.993],[604339.798,4115553.773],[604338.838,4115549.3235],[604333.768,4115550.1835]]]}},{"type":"Feature","properties":{"id":"4558609XG0145N_part2","floors":1,"height":3.1,"heightSource":"Catastro:numberOfFloorsAboveGround"},"geometry":{"type":"Polygon","coordinates":[[[604338.558,4115553.993],[604339.288,4115557.333],[604355.878,4115553.953],[604354.358,4115546.7135],[604340.958,4115548.9635],[604342.048,4115553.383],[604339.798,4115553.773],[604338.558,4115553.993]]]}},{"type":"Feature","properties":{"id":"4558610XG0145N_part1","floors":1,"height":3.1,"heightSource":"Catastro:numberOfFloorsAboveGround"},"geometry":{"type":"Polygon","coordinates":[[[604332.018,4115541.7435],[604332.908,4115546.0235],[604333.768,4115550.1835],[604338.838,4115549.3235],[604339.828,4115549.1535],[604340.958,4115548.9635],[604341.647,4115548.848],[604340.486,4115542.822],[604337.6895,4115543.484],[604337.4595,4115542.511],[604333.567,4115543.432],[604333.106,4115541.486],[604332.018,4115541.7435]]]}},{"type":"Feature","properties":{"id":"4558610XG0145N_part2","floors":2,"height":6.2,"heightSource":"Catastro:numberOfFloorsAboveGround"},"geometry":{"type":"Polygon","coordinates":[[[604340.128,4115540.9635],[604339.918,4115539.8735],[604333.106,4115541.486],[604333.567,4115543.432],[604337.4595,4115542.511],[604337.6895,4115543.484],[604340.486,4115542.822],[604340.128,4115540.9635]]]}},{"type":"Feature","properties":{"id":"4558610XG0145N_part3","floors":1,"height":3.1,"heightSource":"Catastro:numberOfFloorsAboveGround"},"geometry":{"type":"Polygon","coordinates":[[[604354.358,4115546.7135],[604352.498,4115538.0135],[604348.618,4115538.6435],[604348.318,4115539.0835],[604344.428,4115539.8235],[604344.468,4115540.0935],[604340.128,4115540.9635],[604340.486,4115542.822],[604341.647,4115548.848],[604354.358,4115546.7135]]]}},{"type":"Feature","properties":{"id":"4558612XG0145N_part1","floors":2,"height":6.2,"heightSource":"Catastro:numberOfFloorsAboveGround"},"geometry":{"type":"Polygon","coordinates":[[[604338.478,4115532.3835],[604330.408,4115533.9335],[604331.118,4115537.3935],[604332.018,4115541.7435],[604337.2795,4115540.498],[604336.49,4115536.36],[604339.148,4115535.8435],[604338.478,4115532.3835]]]}},{"type":"Feature","properties":{"id":"4558612XG0145N_part2","floors":3,"height":9.3,"heightSource":"Catastro:numberOfFloorsAboveGround"},"geometry":{"type":"Polygon","coordinates":[[[604336.49,4115536.36],[604337.2795,4115540.498],[604339.918,4115539.8735],[604339.148,4115535.8435],[604336.49,4115536.36]]]}},{"type":"Feature","properties":{"id":"4558801XG0145N_part1","floors":2,"height":6.2,"heightSource":"Catastro:numberOfFloorsAboveGround"},"geometry":{"type":"Polygon","coordinates":[[[604356.469,4115641.003],[604358.229,4115648.733],[604363.9995,4115647.6565],[604363.695,4115646.2935],[604362.839,4115642.463],[604360.059,4115643.023],[604359.419,4115640.413],[604356.469,4115641.003]]]}},{"type":"Feature","properties":{"id":"4558801XG0145N_part2","floors":2,"height":6.2,"heightSource":"Catastro:numberOfFloorsAboveGround"},"geometry":{"type":"Polygon","coordinates":[[[604362.259,4115639.843],[604362.839,4115642.463],[604363.695,4115646.2935],[604367.8045,4115645.469],[604366.5065,4115638.998],[604362.259,4115639.843]]]}},{"type":"Feature","properties":{"id":"4558801XG0145N_part3","floors":1,"height":3.1,"heightSource":"Catastro:numberOfFloorsAboveGround"},"geometry":{"type":"Polygon","coordinates":[[[604367.8045,4115645.469],[604363.695,4115646.2935],[604363.9995,4115647.6565],[604375.379,4115645.533],[604373.669,4115637.573],[604366.5065,4115638.998],[604367.8045,4115645.469]]]}},{"type":"Feature","properties":{"id":"4558802XG0145N_part1","floors":1,"height":3.1,"heightSource":"Catastro:numberOfFloorsAboveGround"},"geometry":{"type":"Polygon","coordinates":[[[604372.48,4115632.031],[604373.669,4115637.573],[604374.0545,4115636.987],[604372.465,4115629.58],[604371.869,4115629.183],[604372.48,4115632.031]]]}},{"type":"Feature","properties":{"id":"4558802XG0145N_part2","floors":3,"height":9.3,"heightSource":"Catastro:numberOfFloorsAboveGround"},"geometry":{"type":"Polygon","coordinates":[[[604354.1485,4115632.9975],[604355.8695,4115640.6115],[604356.469,4115641.003],[604354.529,4115632.423],[604354.1485,4115632.9975]]]}},{"type":"Feature","properties":{"id":"4558802XG0145N_part3","floors":5,"height":15.5,"heightSource":"Catastro:numberOfFloorsAboveGround"},"geometry":{"type":"Polygon","coordinates":[[[604354.529,4115632.423],[604356.469,4115641.003],[604359.419,4115640.413],[604362.259,4115639.843],[604364.8365,4115639.33],[604364.2655,4115636.4625],[604361.323,4115637.0485],[604360.737,4115634.1065],[604363.679,4115633.5205],[604363.14,4115630.814],[604354.529,4115632.423]]]}},{"type":"Feature","properties":{"id":"4558802XG0145N_part4","floors":4,"height":12.4,"heightSource":"Catastro:numberOfFloorsAboveGround"},"geometry":{"type":"Polygon","coordinates":[[[604363.14,4115630.814],[604363.679,4115633.5205],[604363.7065,4115633.6575],[604363.801,4115634.1325],[604365.232,4115633.8675],[604365.1435,4115633.391],[604364.6145,4115630.5385],[604363.14,4115630.814]]]}},{"type":"Feature","properties":{"id":"4558802XG0145N_part5","floors":5,"height":15.5,"heightSource":"Catastro:numberOfFloorsAboveGround"},"geometry":{"type":"Polygon","coordinates":[[[604363.801,4115634.1325],[604364.161,4115635.9385],[604367.0415,4115635.365],[604367.298,4115636.5955],[604368.7305,4115636.2965],[604368.0965,4115633.336],[604367.7775,4115633.3955],[604366.5385,4115633.625],[604365.232,4115633.8675],[604363.801,4115634.1325]]]}},{"type":"Feature","properties":{"id":"4558802XG0145N_part6","floors":4,"height":12.4,"heightSource":"Catastro:numberOfFloorsAboveGround"},"geometry":{"type":"Polygon","coordinates":[[[604368.0965,4115633.336],[604368.7305,4115636.2965],[604367.298,4115636.5955],[604367.0415,4115635.365],[604364.161,4115635.9385],[604364.1815,4115636.0405],[604364.2655,4115636.4625],[604364.8365,4115639.33],[604370.9445,4115638.115],[604369.8035,4115632.6535],[604369.778,4115632.532],[604367.6895,4115632.919],[604367.7775,4115633.3955],[604368.0965,4115633.336]]]}},{"type":"Feature","properties":{"id":"4558802XG0145N_part7","floors":3,"height":9.3,"heightSource":"Catastro:numberOfFloorsAboveGround"},"geometry":{"type":"Polygon","coordinates":[[[604364.6145,4115630.5385],[604365.1435,4115633.391],[604365.232,4115633.8675],[604366.5385,4115633.625],[604367.7775,4115633.3955],[604367.6895,4115632.919],[604369.778,4115632.532],[604369.183,4115629.685],[604364.6145,4115630.5385]]]}},{"type":"Feature","properties":{"id":"4558802XG0145N_part8","floors":2,"height":6.2,"heightSource":"Catastro:numberOfFloorsAboveGround"},"geometry":{"type":"Polygon","coordinates":[[[604369.183,4115629.685],[604369.778,4115632.532],[604372.48,4115632.031],[604371.869,4115629.183],[604369.183,4115629.685]]]}},{"type":"Feature","properties":{"id":"4558802XG0145N_part9","floors":3,"height":9.3,"heightSource":"Catastro:numberOfFloorsAboveGround"},"geometry":{"type":"Polygon","coordinates":[[[604369.778,4115632.532],[604369.8035,4115632.6535],[604370.9445,4115638.115],[604373.669,4115637.573],[604372.48,4115632.031],[604369.778,4115632.532]]]}},{"type":"Feature","properties":{"id":"4558803XG0145N_part1","floors":1,"height":3.1,"heightSource":"Catastro:numberOfFloorsAboveGround"},"geometry":{"type":"Polygon","coordinates":[[[604357.619,4115628.893],[604353.899,4115629.633],[604354.529,4115632.423],[604371.869,4115629.183],[604370.949,4115624.893],[604362.879,4115626.443],[604358.719,4115627.143],[604358.629,4115626.783],[604357.299,4115627.023],[604357.619,4115628.893]]]}},{"type":"Feature","properties":{"id":"4558804XG0145N_part1","floors":1,"height":3.1,"heightSource":"Catastro:numberOfFloorsAboveGround"},"geometry":{"type":"Polygon","coordinates":[[[604352.739,4115624.493],[604352.919,4115625.303],[604354.369,4115625.303],[604354.369,4115624.403],[604356.719,4115624.403],[604356.719,4115625.853],[604357.419,4115625.853],[604357.419,4115623.053],[604352.739,4115624.493]]]}},{"type":"Feature","properties":{"id":"4558804XG0145N_part2","floors":1,"height":3.1,"heightSource":"Catastro:numberOfFloorsAboveGround"},"geometry":{"type":"Polygon","coordinates":[[[604362.029,4115622.143],[604362.879,4115626.443],[604370.949,4115624.893],[604370.049,4115620.713],[604362.029,4115622.143]]]}},{"type":"Feature","properties":{"id":"4559001XG0145N_part1","floors":1,"height":3.1,"heightSource":"Catastro:numberOfFloorsAboveGround"},"geometry":{"type":"Polygon","coordinates":[[[604388.8395,4115683.043],[604390.3895,4115690.453],[604392.8695,4115684.833],[604388.8395,4115683.043]]]}},{"type":"Feature","properties":{"id":"4559001XG0145N_part2","floors":2,"height":6.2,"heightSource":"Catastro:numberOfFloorsAboveGround"},"geometry":{"type":"Polygon","coordinates":[[[604390.3895,4115690.453],[604390.8695,4115692.713],[604397.1495,4115695.493],[604404.83,4115698.903],[604408.0695,4115691.563],[604397.0795,4115686.693],[604393.6595,4115685.183],[604392.8695,4115684.833],[604390.3895,4115690.453]]]}},{"type":"Feature","properties":{"id":"4559002XG0145N_part1","floors":1,"height":3.1,"heightSource":"Catastro:numberOfFloorsAboveGround"},"geometry":{"type":"Polygon","coordinates":[[[604398.3995,4115683.393],[604395.0695,4115682.003],[604393.6595,4115685.183],[604397.0795,4115686.693],[604398.3995,4115683.393]]]}},{"type":"Feature","properties":{"id":"4559002XG0145N_part2","floors":1,"height":3.1,"heightSource":"Catastro:numberOfFloorsAboveGround"},"geometry":{"type":"Polygon","coordinates":[[[604406.0795,4115681.853],[604402.5595,4115680.373],[604401.1795,4115683.663],[604404.6995,4115685.143],[604406.0795,4115681.853]]]}},{"type":"Feature","properties":{"id":"4559002XG0145N_part3","floors":4,"height":12.4,"heightSource":"Catastro:numberOfFloorsAboveGround"},"geometry":{"type":"Polygon","coordinates":[[[604388.8395,4115683.043],[604392.8695,4115684.833],[604393.6595,4115685.183],[604395.0695,4115682.003],[604398.3995,4115683.393],[604397.0795,4115686.693],[604408.0695,4115691.563],[604414.8595,4115676.263],[604404.2995,4115671.613],[604384.6295,4115662.973],[604388.8395,4115683.043]],[[604401.1795,4115683.663],[604402.5595,4115680.373],[604406.0795,4115681.853],[604404.6995,4115685.143],[604401.1795,4115683.663]]]}},{"type":"Feature","properties":{"id":"4559005XG0145N_part1","floors":1,"height":3.1,"heightSource":"Catastro:numberOfFloorsAboveGround"},"geometry":{"type":"Polygon","coordinates":[[[604398.8495,4115659.473],[604407.8395,4115663.303],[604418.1095,4115667.683],[604421.2095,4115660.393],[604407.1295,4115654.393],[604404.2295,4115660.913],[604402.3995,4115660.123],[604403.7895,4115656.983],[604400.5095,4115655.533],[604398.8495,4115659.473]],[[604407.4695,4115659.843],[604408.1195,4115658.353],[604410.3095,4115659.333],[604409.6395,4115660.813],[604407.4695,4115659.843]]]}},{"type":"Feature","properties":{"id":"4559009XG0145N_part1","floors":1,"height":3.1,"heightSource":"Catastro:numberOfFloorsAboveGround"},"geometry":{"type":"Polygon","coordinates":[[[604412.169,4115617.753],[604412.259,4115622.553],[604412.219,4115622.863],[604411.039,4115626.673],[604415.129,4115627.643],[604415.349,4115626.753],[604417.559,4115617.653],[604412.169,4115617.753]]]}},{"type":"Feature","properties":{"id":"4559009XG0145N_part2","floors":3,"height":9.3,"heightSource":"Catastro:numberOfFloorsAboveGround"},"geometry":{"type":"Polygon","coordinates":[[[604412.839,4115637.043],[604429.0195,4115641.173],[604432.589,4115632.573],[604433.199,4115631.093],[604434.819,4115627.203],[604435.439,4115625.703],[604431.589,4115624.713],[604428.489,4115623.923],[604428.069,4115625.603],[604426.109,4115625.113],[604426.539,4115623.423],[604424.179,4115622.823],[604420.659,4115621.933],[604420.919,4115619.123],[604421.039,4115617.673],[604421.0455,4115617.5935],[604417.559,4115617.653],[604415.349,4115626.753],[604416.029,4115626.923],[604415.889,4115627.503],[604419.769,4115628.453],[604420.069,4115627.263],[604427.219,4115629.033],[604426.319,4115632.653],[604414.609,4115629.773],[604412.839,4115637.043]],[[604421.589,4115634.483],[604419.249,4115633.973],[604419.609,4115632.313],[604422.009,4115632.873],[604421.589,4115634.483]]]}},{"type":"Feature","properties":{"id":"4559009XG0145N_part3","floors":4,"height":12.4,"heightSource":"Catastro:numberOfFloorsAboveGround"},"geometry":{"type":"Polygon","coordinates":[[[604414.609,4115629.773],[604426.319,4115632.653],[604427.219,4115629.033],[604420.069,4115627.263],[604419.769,4115628.453],[604415.889,4115627.503],[604416.029,4115626.923],[604415.349,4115626.753],[604415.129,4115627.643],[604414.609,4115629.773]]]}},{"type":"Feature","properties":{"id":"4559009XG0145N_part4","floors":4,"height":12.4,"heightSource":"Catastro:numberOfFloorsAboveGround"},"geometry":{"type":"Polygon","coordinates":[[[604419.609,4115632.313],[604419.249,4115633.973],[604421.589,4115634.483],[604422.009,4115632.873],[604419.609,4115632.313]]]}},{"type":"Feature","properties":{"id":"4559009XG0145N_part5","floors":4,"height":12.4,"heightSource":"Catastro:numberOfFloorsAboveGround"},"geometry":{"type":"Polygon","coordinates":[[[604426.109,4115625.113],[604428.069,4115625.603],[604428.489,4115623.923],[604428.149,4115623.833],[604426.539,4115623.423],[604426.109,4115625.113]]]}},{"type":"Feature","properties":{"id":"4559011XG0145N_part1","floors":1,"height":3.1,"heightSource":"Catastro:numberOfFloorsAboveGround"},"geometry":{"type":"Polygon","coordinates":[[[604420.919,4115619.123],[604424.869,4115619.223],[604424.179,4115622.823],[604426.539,4115623.423],[604428.149,4115623.833],[604429.019,4115620.763],[604432.449,4115621.943],[604431.589,4115624.713],[604435.439,4115625.703],[604436.779,4115622.423],[604437.989,4115619.093],[604439.079,4115615.723],[604440.049,4115612.313],[604436.009,4115611.413],[604431.529,4115612.093],[604430.049,4115617.153],[604421.119,4115616.723],[604421.039,4115617.673],[604420.919,4115619.123]]]}},{"type":"Feature","properties":{"id":"4559012XG0145N_part1","floors":2,"height":6.2,"heightSource":"Catastro:numberOfFloorsAboveGround"},"geometry":{"type":"Polygon","coordinates":[[[604430.0375,4115602.415],[604430.087,4115602.408],[604430.2355,4115602.3875],[604430.533,4115602.3465],[604432.317,4115602.1],[604432.209,4115601.4585],[604428.641,4115601.9515],[604428.666,4115602.0995],[604428.749,4115602.593],[604430.0375,4115602.415]]]}},{"type":"Feature","properties":{"id":"4559012XG0145N_part2","floors":3,"height":9.3,"heightSource":"Catastro:numberOfFloorsAboveGround"},"geometry":{"type":"Polygon","coordinates":[[[604430.533,4115602.3465],[604430.2355,4115602.3875],[604430.087,4115602.408],[604430.0375,4115602.415],[604428.749,4115602.593],[604429.388,4115606.3915],[604429.413,4115606.5395],[604429.4795,4115606.934],[604429.5045,4115607.082],[604429.521,4115607.1805],[604429.547,4115607.3365],[604429.6475,4115607.9325],[604429.6725,4115608.0805],[604429.6805,4115608.13],[604433.238,4115607.575],[604432.317,4115602.1],[604430.533,4115602.3465]]]}},{"type":"Feature","properties":{"id":"4559012XG0145N_part3","floors":4,"height":12.4,"heightSource":"Catastro:numberOfFloorsAboveGround"},"geometry":{"type":"Polygon","coordinates":[[[604433.238,4115607.575],[604429.6805,4115608.13],[604429.9045,4115609.4615],[604433.459,4115608.888],[604433.7995,4115610.914],[604434.813,4115610.76],[604434.838,4115610.7565],[604434.8625,4115610.7525],[604434.9995,4115611.566],[604435.123,4115611.5475],[604435.2715,4115611.525],[604436.009,4115611.413],[604436.535,4115611.53],[604437.4135,4115611.726],[604437.609,4115611.7695],[604437.8045,4115611.813],[604440.049,4115612.313],[604440.491,4115612.414],[604440.839,4115612.493],[604441.159,4115611.231],[604441.477,4115609.976],[604441.5305,4115609.766],[604441.9455,4115608.1295],[604441.9945,4115607.9355],[604442.044,4115607.7415],[604442.093,4115607.5475],[604442.142,4115607.3535],[604442.314,4115606.675],[604442.354,4115606.5185],[604442.3605,4115606.492],[604442.367,4115606.466],[604442.374,4115606.44],[604443.879,4115600.503],[604440.5785,4115600.959],[604440.3645,4115600.9885],[604440.1505,4115601.018],[604439.188,4115601.151],[604436.0825,4115601.58],[604435.934,4115601.6005],[604435.835,4115601.614],[604435.7355,4115601.628],[604435.5375,4115601.6555],[604435.24,4115601.6965],[604434.943,4115601.7375],[604433.3075,4115601.9635],[604433.159,4115601.984],[604432.961,4115602.011],[604432.664,4115602.0525],[604432.317,4115602.1],[604433.238,4115607.575]]]}},{"type":"Feature","properties":{"id":"4559012XG0145N_part4","floors":5,"height":15.5,"heightSource":"Catastro:numberOfFloorsAboveGround"},"geometry":{"type":"Polygon","coordinates":[[[604433.459,4115608.888],[604429.9045,4115609.4615],[604430.339,4115612.043],[604431.529,4115612.093],[604431.662,4115612.073],[604431.7115,4115612.0655],[604431.761,4115612.058],[604431.86,4115612.043],[604432.0085,4115612.0205],[604432.1565,4115611.998],[604432.453,4115611.953],[604433.4915,4115611.795],[604433.9365,4115611.7275],[604433.8035,4115610.9385],[604433.7995,4115610.914],[604433.459,4115608.888]]]}},{"type":"Feature","properties":{"id":"4559012XG0145N_part5","floors":3,"height":9.3,"heightSource":"Catastro:numberOfFloorsAboveGround"},"geometry":{"type":"Polygon","coordinates":[[[604441.4015,4115612.309],[604441.57,4115612.254],[604443.3275,4115605.323],[604443.367,4115605.166],[604443.407,4115605.0095],[604443.42,4115604.957],[604443.473,4115604.748],[604443.5,4115604.6435],[604444.667,4115600.041],[604444.7465,4115599.727],[604444.4255,4115599.771],[604438.502,4115600.5895],[604438.3035,4115600.617],[604432.209,4115601.4585],[604432.317,4115602.1],[604432.664,4115602.0525],[604432.961,4115602.011],[604433.159,4115601.984],[604433.3075,4115601.9635],[604434.943,4115601.7375],[604435.24,4115601.6965],[604435.5375,4115601.6555],[604435.7355,4115601.628],[604435.835,4115601.614],[604435.934,4115601.6005],[604436.0825,4115601.58],[604439.188,4115601.151],[604440.1505,4115601.018],[604440.3645,4115600.9885],[604440.5785,4115600.959],[604443.879,4115600.503],[604442.374,4115606.44],[604442.367,4115606.466],[604442.3605,4115606.492],[604442.354,4115606.5185],[604442.314,4115606.675],[604442.142,4115607.3535],[604442.093,4115607.5475],[604442.044,4115607.7415],[604441.9945,4115607.9355],[604441.9455,4115608.1295],[604441.5305,4115609.766],[604441.477,4115609.976],[604441.159,4115611.231],[604440.839,4115612.493],[604441.4015,4115612.309]]]}},{"type":"Feature","properties":{"id":"4559013XG0145N_part1","floors":1,"height":3.1,"heightSource":"Catastro:numberOfFloorsAboveGround"},"geometry":{"type":"Polygon","coordinates":[[[604420.089,4115604.163],[604420.879,4115609.863],[604420.659,4115616.703],[604421.119,4115616.723],[604430.049,4115617.153],[604431.529,4115612.093],[604430.339,4115612.043],[604428.749,4115602.593],[604420.089,4115604.163]]]}},{"type":"Feature","properties":{"id":"4559014XG0145N_part1","floors":2,"height":6.2,"heightSource":"Catastro:numberOfFloorsAboveGround"},"geometry":{"type":"Polygon","coordinates":[[[604421.119,4115616.723],[604420.659,4115616.703],[604420.879,4115609.863],[604420.089,4115604.163],[604416.409,4115604.833],[604416.619,4115606.003],[604411.979,4115606.273],[604412.169,4115617.753],[604417.559,4115617.653],[604421.0455,4115617.5935],[604421.119,4115616.723]]]}},{"type":"Feature","properties":{"id":"4559016XG0145N_part1","floors":2,"height":6.2,"heightSource":"Catastro:numberOfFloorsAboveGround"},"geometry":{"type":"Polygon","coordinates":[[[604403.509,4115618.633],[604403.409,4115607.083],[604394.729,4115608.533],[604394.529,4115618.843],[604403.509,4115618.633]]]}},{"type":"Feature","properties":{"id":"4559018XG0145N_part1","floors":1,"height":3.1,"heightSource":"Catastro:numberOfFloorsAboveGround"},"geometry":{"type":"Polygon","coordinates":[[[604373.869,4115612.043],[604377.009,4115626.663],[604380.959,4115625.973],[604379.869,4115621.103],[604378.929,4115621.283],[604378.379,4115618.833],[604385.649,4115617.633],[604385.959,4115610.003],[604373.869,4115612.043]]]}},{"type":"Feature","properties":{"id":"4559201XG0145N_part1","floors":1,"height":3.1,"heightSource":"Catastro:numberOfFloorsAboveGround"},"geometry":{"type":"Polygon","coordinates":[[[604421.77,4115689.683],[604425.77,4115691.583],[604428.35,4115690.703],[604429.13,4115687.983],[604427.56,4115687.313],[604428.5195,4115685.103],[604435.63,4115688.253],[604442.51,4115685.943],[604436.4895,4115680.343],[604434.8495,4115683.263],[604433.3495,4115682.733],[604435.0595,4115679.013],[604428.1195,4115674.943],[604421.77,4115689.683]]]}},{"type":"Feature","properties":{"id":"4559202XG0145N_part1","floors":3,"height":9.3,"heightSource":"Catastro:numberOfFloorsAboveGround"},"geometry":{"type":"Polygon","coordinates":[[[604437.3395,4115675.133],[604436.9295,4115675.033],[604435.0595,4115679.013],[604436.4895,4115680.343],[604442.51,4115685.943],[604455.89,4115681.453],[604450.9795,4115670.333],[604444.0495,4115672.763],[604442.8795,4115673.173],[604437.3395,4115675.133]],[[604440.6395,4115678.813],[604443.9195,4115677.603],[604445.14,4115680.883],[604441.86,4115682.093],[604440.6395,4115678.813]],[[604445.9395,4115678.363],[604448.7595,4115677.323],[604449.66,4115679.763],[604446.84,4115680.803],[604445.9395,4115678.363]]]}},{"type":"Feature","properties":{"id":"4559202XG0145N_part2","floors":4,"height":12.4,"heightSource":"Catastro:numberOfFloorsAboveGround"},"geometry":{"type":"Polygon","coordinates":[[[604449.66,4115679.763],[604448.7595,4115677.323],[604445.9395,4115678.363],[604446.84,4115680.803],[604449.66,4115679.763]]]}},{"type":"Feature","properties":{"id":"4559203XG0145N_part1","floors":2,"height":6.2,"heightSource":"Catastro:numberOfFloorsAboveGround"},"geometry":{"type":"Polygon","coordinates":[[[604434.9495,4115659.123],[604438.3795,4115660.753],[604442.3195,4115662.633],[604447.8295,4115665.263],[604448.6495,4115665.063],[604448.5695,4115664.873],[604441.8695,4115649.763],[604439.1095,4115649.723],[604435.1695,4115658.623],[604434.9495,4115659.123]]]}},{"type":"Feature","properties":{"id":"4559203XG0145N_part2","floors":2,"height":6.2,"heightSource":"Catastro:numberOfFloorsAboveGround"},"geometry":{"type":"Polygon","coordinates":[[[604440.4795,4115646.623],[604439.1095,4115649.723],[604441.8695,4115649.763],[604440.4795,4115646.623]]]}},{"type":"Feature","properties":{"id":"4559204XG0145N_part1","floors":1,"height":3.1,"heightSource":"Catastro:numberOfFloorsAboveGround"},"geometry":{"type":"Polygon","coordinates":[[[604431.3595,4115667.443],[604434.7595,4115669.133],[604438.3795,4115660.753],[604434.9495,4115659.123],[604431.3595,4115667.443]]]}},{"type":"Feature","properties":{"id":"4559204XG0145N_part2","floors":1,"height":3.1,"heightSource":"Catastro:numberOfFloorsAboveGround"},"geometry":{"type":"Polygon","coordinates":[[[604440.7795,4115668.833],[604439.5795,4115671.533],[604442.8795,4115673.173],[604444.0495,4115672.763],[604446.4095,4115668.073],[604440.9595,4115665.483],[604439.6695,4115668.293],[604440.7795,4115668.833]]]}},{"type":"Feature","properties":{"id":"4559204XG0145N_part3","floors":2,"height":6.2,"heightSource":"Catastro:numberOfFloorsAboveGround"},"geometry":{"type":"Polygon","coordinates":[[[604434.7595,4115669.133],[604438.4395,4115670.963],[604439.6695,4115668.293],[604440.9595,4115665.483],[604442.3195,4115662.633],[604438.3795,4115660.753],[604434.7595,4115669.133]]]}},{"type":"Feature","properties":{"id":"4559205XG0145N_part1","floors":1,"height":3.1,"heightSource":"Catastro:numberOfFloorsAboveGround"},"geometry":{"type":"Polygon","coordinates":[[[604428.1195,4115674.943],[604435.0595,4115679.013],[604436.9295,4115675.033],[604437.3395,4115675.133],[604442.8795,4115673.173],[604439.5795,4115671.533],[604438.4395,4115670.963],[604434.7595,4115669.133],[604431.3595,4115667.443],[604428.1195,4115674.943]]]}},{"type":"Feature","properties":{"id":"4559206XG0145N_part1","floors":1,"height":3.1,"heightSource":"Catastro:numberOfFloorsAboveGround"},"geometry":{"type":"Polygon","coordinates":[[[604444.0495,4115672.763],[604450.9795,4115670.333],[604448.6495,4115665.063],[604447.8295,4115665.263],[604446.4095,4115668.073],[604444.0495,4115672.763]]]}},{"type":"Feature","properties":{"id":"4559601XG0145N_part1","floors":1,"height":3.1,"heightSource":"Catastro:numberOfFloorsAboveGround"},"geometry":{"type":"Polygon","coordinates":[[[604338.1095,4115702.233],[604339.5595,4115709.053],[604342.0495,4115708.683],[604340.5695,4115701.713],[604338.1095,4115702.233]]]}},{"type":"Feature","properties":{"id":"4559601XG0145N_part2","floors":1,"height":3.1,"heightSource":"Catastro:numberOfFloorsAboveGround"},"geometry":{"type":"Polygon","coordinates":[[[604346.6295,4115700.423],[604348.1895,4115707.793],[604360.0195,4115706.083],[604358.3695,4115697.953],[604354.3895,4115698.783],[604354.7895,4115700.693],[604350.5295,4115701.623],[604350.1295,4115699.693],[604346.6295,4115700.423]]]}},{"type":"Feature","properties":{"id":"4559602XG0145N_part1","floors":1,"height":3.1,"heightSource":"Catastro:numberOfFloorsAboveGround"},"geometry":{"type":"Polygon","coordinates":[[[604336.4195,4115694.203],[604338.1095,4115702.233],[604340.5695,4115701.713],[604343.2595,4115701.153],[604341.5695,4115693.113],[604336.4195,4115694.203]]]}},{"type":"Feature","properties":{"id":"4559603XG0145N_part1","floors":1,"height":3.1,"heightSource":"Catastro:numberOfFloorsAboveGround"},"geometry":{"type":"Polygon","coordinates":[[[604341.8685,4115683.8985],[604340.886,4115679.233],[604332.7895,4115676.983],[604334.567,4115685.434],[604339.0895,4115684.483],[604341.8685,4115683.8985]]]}},{"type":"Feature","properties":{"id":"4559603XG0145N_part2","floors":1,"height":3.1,"heightSource":"Catastro:numberOfFloorsAboveGround"},"geometry":{"type":"Polygon","coordinates":[[[604335.7195,4115690.913],[604336.4195,4115694.203],[604338.5775,4115693.7465],[604337.8895,4115690.473],[604335.7195,4115690.913]]]}},{"type":"Feature","properties":{"id":"4559603XG0145N_part3","floors":1,"height":3.1,"heightSource":"Catastro:numberOfFloorsAboveGround"},"geometry":{"type":"Polygon","coordinates":[[[604345.1095,4115682.163],[604345.3195,4115683.173],[604341.8685,4115683.8985],[604339.0895,4115684.483],[604339.4095,4115686.023],[604337.0595,4115686.523],[604337.8895,4115690.473],[604338.5775,4115693.7465],[604341.5695,4115693.113],[604342.4295,4115692.933],[604341.7595,4115689.743],[604344.7695,4115689.113],[604345.4495,4115692.303],[604354.2995,4115690.433],[604353.2995,4115685.683],[604354.0895,4115685.523],[604353.4995,4115682.733],[604352.2995,4115682.403],[604349.0395,4115683.113],[604348.6595,4115681.393],[604345.1095,4115682.163]]]}},{"type":"Feature","properties":{"id":"4559604XG0145N_part1","floors":1,"height":3.1,"heightSource":"Catastro:numberOfFloorsAboveGround"},"geometry":{"type":"Polygon","coordinates":[[[604335.9695,4115673.053],[604336.1795,4115674.213],[604345.2695,4115677.033],[604344.8695,4115674.843],[604346.8395,4115674.483],[604347.0895,4115675.863],[604346.8695,4115676.133],[604347.1295,4115677.603],[604352.0995,4115679.143],[604354.1695,4115678.753],[604352.3595,4115670.253],[604346.8695,4115671.253],[604345.3695,4115671.543],[604345.3695,4115673.803],[604344.3695,4115673.803],[604343.3895,4115673.993],[604343.3895,4115674.293],[604340.1395,4115674.293],[604340.1395,4115672.273],[604338.9295,4115672.493],[604335.9695,4115673.053]]]}},{"type":"Feature","properties":{"id":"4559604XG0145N_part2","floors":2,"height":6.2,"heightSource":"Catastro:numberOfFloorsAboveGround"},"geometry":{"type":"Polygon","coordinates":[[[604345.3695,4115671.303],[604340.1395,4115672.273],[604340.1395,4115674.293],[604343.3895,4115674.293],[604343.3895,4115673.993],[604344.3695,4115673.803],[604345.3695,4115673.803],[604345.3695,4115671.543],[604345.3695,4115671.303]]]}},{"type":"Feature","properties":{"id":"4559605XG0145N_part1","floors":1,"height":3.1,"heightSource":"Catastro:numberOfFloorsAboveGround"},"geometry":{"type":"Polygon","coordinates":[[[604328.509,4115659.423],[604328.929,4115661.373],[604332.539,4115660.693],[604332.169,4115658.733],[604328.509,4115659.423]]]}},{"type":"Feature","properties":{"id":"4559605XG0145N_part2","floors":2,"height":6.2,"heightSource":"Catastro:numberOfFloorsAboveGround"},"geometry":{"type":"Polygon","coordinates":[[[604329.119,4115662.303],[604331.6095,4115673.883],[604335.9695,4115673.053],[604335.1395,4115669.833],[604338.2495,4115669.223],[604338.9295,4115672.493],[604340.1395,4115672.273],[604345.3695,4115671.303],[604345.3695,4115671.543],[604346.8695,4115671.253],[604344.669,4115659.403],[604336.959,4115660.833],[604333.289,4115661.503],[604329.119,4115662.303]]]}},{"type":"Feature","properties":{"id":"4559606XG0145N_part1","floors":3,"height":9.3,"heightSource":"Catastro:numberOfFloorsAboveGround"},"geometry":{"type":"Polygon","coordinates":[[[604339.0495,4115709.893],[604340.77,4115717.973],[604341.41,4115717.813],[604341.48,4115718.163],[604348.95,4115716.573],[604348.83,4115715.974],[604348.4295,4115716.06],[604341.37,4115717.573],[604339.5595,4115709.053],[604339.0495,4115709.893]]]}},{"type":"Feature","properties":{"id":"4559606XG0145N_part2","floors":4,"height":12.4,"heightSource":"Catastro:numberOfFloorsAboveGround"},"geometry":{"type":"Polygon","coordinates":[[[604342.0495,4115708.683],[604339.5595,4115709.053],[604341.37,4115717.573],[604348.4295,4115716.06],[604348.221,4115715.0215],[604348.1,4115714.373],[604347.617,4115712.274],[604347.152,4115710.225],[604346.1775,4115709.968],[604345.76,4115708.145],[604342.0495,4115708.683]]]}},{"type":"Feature","properties":{"id":"4559606XG0145N_part4","floors":5,"height":15.5,"heightSource":"Catastro:numberOfFloorsAboveGround"},"geometry":{"type":"Polygon","coordinates":[[[604348.1895,4115707.793],[604346.689,4115708.0105],[604347.152,4115710.225],[604348.1165,4115710.479],[604349.4755,4115710.165],[604348.907,4115707.6895],[604348.1895,4115707.793]]]}},{"type":"Feature","properties":{"id":"4559606XG0145N_part5","floors":5,"height":15.5,"heightSource":"Catastro:numberOfFloorsAboveGround"},"geometry":{"type":"Polygon","coordinates":[[[604347.617,4115712.274],[604348.158,4115711.456],[604349.6805,4115711.058],[604349.626,4115710.82],[604349.4755,4115710.165],[604348.1165,4115710.479],[604347.152,4115710.225],[604347.617,4115712.274]]]}},{"type":"Feature","properties":{"id":"4559606XG0145N_part6","floors":5,"height":15.5,"heightSource":"Catastro:numberOfFloorsAboveGround"},"geometry":{"type":"Polygon","coordinates":[[[604349.6805,4115711.058],[604348.158,4115711.456],[604347.617,4115712.274],[604348.1,4115714.373],[604348.221,4115715.0215],[604350.474,4115714.513],[604350.717,4115715.5695],[604350.8095,4115715.55],[604349.7495,4115710.793],[604349.626,4115710.82],[604349.6805,4115711.058]]]}},{"type":"Feature","properties":{"id":"4559606XG0145N_part7","floors":5,"height":15.5,"heightSource":"Catastro:numberOfFloorsAboveGround"},"geometry":{"type":"Polygon","coordinates":[[[604350.474,4115714.513],[604348.221,4115715.0215],[604348.4295,4115716.06],[604348.83,4115715.974],[604350.65,4115715.584],[604350.717,4115715.5695],[604350.474,4115714.513]]]}},{"type":"Feature","properties":{"id":"4559606XG0145N_part8","floors":4,"height":12.4,"heightSource":"Catastro:numberOfFloorsAboveGround"},"geometry":{"type":"Polygon","coordinates":[[[604352.6495,4115710.133],[604349.7495,4115710.793],[604350.8095,4115715.55],[604361.48,4115713.263],[604360.0195,4115706.083],[604351.9895,4115707.2435],[604352.6495,4115710.133]]]}},{"type":"Feature","properties":{"id":"4559606XG0145N_part9","floors":3,"height":9.3,"heightSource":"Catastro:numberOfFloorsAboveGround"},"geometry":{"type":"Polygon","coordinates":[[[604350.65,4115715.584],[604350.78,4115716.173],[604361.56,4115713.713],[604361.48,4115713.263],[604350.8095,4115715.55],[604350.717,4115715.5695],[604350.65,4115715.584]]]}},{"type":"Feature","properties":{"id":"4559606XG0145N_part10","floors":3,"height":9.3,"heightSource":"Catastro:numberOfFloorsAboveGround"},"geometry":{"type":"Polygon","coordinates":[[[604361.48,4115713.263],[604362.2,4115713.073],[604360.9195,4115706.643],[604360.0195,4115706.083],[604361.48,4115713.263]]]}},{"type":"Feature","properties":{"id":"4559701XG0145N_part1","floors":4,"height":12.4,"heightSource":"Catastro:numberOfFloorsAboveGround"},"geometry":{"type":"Polygon","coordinates":[[[604385.39,4115703.823],[604386.19,4115707.743],[604387.56,4115707.433],[604386.75,4115703.513],[604385.39,4115703.823]]]}},{"type":"Feature","properties":{"id":"4559701XG0145N_part2","floors":4,"height":12.4,"heightSource":"Catastro:numberOfFloorsAboveGround"},"geometry":{"type":"Polygon","coordinates":[[[604372.9295,4115699.733],[604374.98,4115710.243],[604386.19,4115707.743],[604385.39,4115703.823],[604386.75,4115703.513],[604385.8195,4115698.983],[604379.4195,4115700.203],[604377.1195,4115700.653],[604376.7795,4115698.983],[604372.9295,4115699.733]]]}},{"type":"Feature","properties":{"id":"4559701XG0145N_part3","floors":4,"height":12.4,"heightSource":"Catastro:numberOfFloorsAboveGround"},"geometry":{"type":"Polygon","coordinates":[[[604379.0995,4115698.543],[604379.4195,4115700.203],[604385.8195,4115698.983],[604385.4795,4115697.313],[604379.0995,4115698.543]]]}},{"type":"Feature","properties":{"id":"4559701XG0145N_part4","floors":5,"height":15.5,"heightSource":"Catastro:numberOfFloorsAboveGround"},"geometry":{"type":"Polygon","coordinates":[[[604376.7795,4115698.983],[604377.1195,4115700.653],[604379.4195,4115700.203],[604379.0995,4115698.543],[604376.7795,4115698.983]]]}},{"type":"Feature","properties":{"id":"4559702XG0145N_part1","floors":2,"height":6.2,"heightSource":"Catastro:numberOfFloorsAboveGround"},"geometry":{"type":"Polygon","coordinates":[[[604367.1395,4115695.213],[604368.2295,4115700.663],[604372.4695,4115699.823],[604371.9895,4115697.383],[604376.3095,4115696.543],[604377.3095,4115696.353],[604376.4895,4115692.113],[604377.3195,4115691.953],[604376.9295,4115689.953],[604376.8695,4115689.633],[604365.3395,4115686.263],[604367.1395,4115695.213]]]}},{"type":"Feature","properties":{"id":"4559702XG0145N_part2","floors":3,"height":9.3,"heightSource":"Catastro:numberOfFloorsAboveGround"},"geometry":{"type":"Polygon","coordinates":[[[604371.9895,4115697.383],[604372.4695,4115699.823],[604372.9295,4115699.733],[604376.7795,4115698.983],[604376.3095,4115696.543],[604371.9895,4115697.383]]]}},{"type":"Feature","properties":{"id":"4559703XG0145N_part1","floors":3,"height":9.3,"heightSource":"Catastro:numberOfFloorsAboveGround"},"geometry":{"type":"Polygon","coordinates":[[[604370.1895,4115683.753],[604382.4195,4115686.863],[604383.9195,4115686.603],[604383.6795,4115685.413],[604382.6395,4115680.213],[604382.3695,4115678.873],[604374.5795,4115680.273],[604369.7995,4115681.143],[604370.1895,4115683.753]]]}},{"type":"Feature","properties":{"id":"4559704XG0145N_part1","floors":2,"height":6.2,"heightSource":"Catastro:numberOfFloorsAboveGround"},"geometry":{"type":"Polygon","coordinates":[[[604373.8795,4115663.493],[604375.2195,4115670.043],[604380.2595,4115669.093],[604378.8595,4115662.643],[604373.8795,4115663.493]]]}},{"type":"Feature","properties":{"id":"4559704XG0145N_part2","floors":2,"height":6.2,"heightSource":"Catastro:numberOfFloorsAboveGround"},"geometry":{"type":"Polygon","coordinates":[[[604361.8895,4115665.543],[604362.6995,4115669.693],[604368.8195,4115668.643],[604369.2595,4115671.203],[604375.2195,4115670.043],[604373.8795,4115663.493],[604370.6395,4115664.043],[604369.9895,4115664.153],[604370.4995,4115667.083],[604367.7495,4115667.563],[604367.2495,4115664.623],[604366.7595,4115664.703],[604361.8895,4115665.543]]]}},{"type":"Feature","properties":{"id":"4559704XG0145N_part3","floors":3,"height":9.3,"heightSource":"Catastro:numberOfFloorsAboveGround"},"geometry":{"type":"Polygon","coordinates":[[[604368.8195,4115668.643],[604362.6995,4115669.693],[604363.2295,4115672.363],[604369.2595,4115671.203],[604368.8195,4115668.643]]]}},{"type":"Feature","properties":{"id":"4559705XG0145N_part1","floors":1,"height":3.1,"heightSource":"Catastro:numberOfFloorsAboveGround"},"geometry":{"type":"Polygon","coordinates":[[[604361.8895,4115665.543],[604366.7595,4115664.703],[604366.1595,4115661.203],[604361.2095,4115662.043],[604361.8895,4115665.543]]]}},{"type":"Feature","properties":{"id":"4559705XG0145N_part2","floors":1,"height":3.1,"heightSource":"Catastro:numberOfFloorsAboveGround"},"geometry":{"type":"Polygon","coordinates":[[[604376.9495,4115653.763],[604363.009,4115656.193],[604363.6295,4115659.853],[604369.7395,4115658.803],[604370.6395,4115664.043],[604373.8795,4115663.493],[604378.8595,4115662.643],[604376.9495,4115653.763]]]}},{"type":"Feature","properties":{"id":"4559706XG0145N_part1","floors":1,"height":3.1,"heightSource":"Catastro:numberOfFloorsAboveGround"},"geometry":{"type":"Polygon","coordinates":[[[604363.2295,4115672.363],[604365.1295,4115681.993],[604367.5095,4115681.563],[604368.8195,4115681.323],[604369.0195,4115681.283],[604368.4195,4115678.013],[604373.9695,4115676.983],[604374.5795,4115680.273],[604382.3695,4115678.873],[604380.2595,4115669.093],[604375.2195,4115670.043],[604369.2595,4115671.203],[604363.2295,4115672.363]]]}},{"type":"Feature","properties":{"id":"4559707XG0145N_part1","floors":1,"height":3.1,"heightSource":"Catastro:numberOfFloorsAboveGround"},"geometry":{"type":"Polygon","coordinates":[[[604368.2295,4115700.663],[604370.35,4115711.293],[604374.98,4115710.243],[604372.9295,4115699.733],[604372.4695,4115699.823],[604368.2295,4115700.663]]]}},{"type":"Feature","properties":{"id":"4560301XG0146S_part1","floors":3,"height":9.3,"heightSource":"Catastro:numberOfFloorsAboveGround"},"geometry":{"type":"Polygon","coordinates":[[[604400.831,4115813.1825],[604402.271,4115818.3225],[604403.271,4115821.8625],[604403.851,4115821.7025],[604406.041,4115821.0825],[604418.671,4115817.5325],[604417.081,4115811.8525],[604416.401,4115809.4425],[604416.241,4115808.8625],[604407.371,4115811.3525],[604408.271,4115814.5225],[604405.191,4115815.3925],[604404.291,4115812.2125],[604400.831,4115813.1825]]]}},{"type":"Feature","properties":{"id":"4560301XG0146S_part2","floors":2,"height":6.2,"heightSource":"Catastro:numberOfFloorsAboveGround"},"geometry":{"type":"Polygon","coordinates":[[[604418.671,4115817.5325],[604406.041,4115821.0825],[604406.181,4115821.5625],[604419.291,4115817.8825],[604417.551,4115811.7225],[604417.081,4115811.8525],[604418.671,4115817.5325]]]}},{"type":"Feature","properties":{"id":"4560302XG0146S_part1","floors":2,"height":6.2,"heightSource":"Catastro:numberOfFloorsAboveGround"},"geometry":{"type":"Polygon","coordinates":[[[604425.491,4115807.6125],[604421.941,4115808.6125],[604424.411,4115817.3225],[604428.635,4115816.0995],[604427.441,4115811.7625],[604426.241,4115807.4025],[604425.491,4115807.6125]]]}},{"type":"Feature","properties":{"id":"4560302XG0146S_part2","floors":1,"height":3.1,"heightSource":"Catastro:numberOfFloorsAboveGround"},"geometry":{"type":"Polygon","coordinates":[[[604429.791,4115811.0925],[604427.441,4115811.7625],[604428.635,4115816.0995],[604438.401,4115813.2725],[604435.981,4115804.6925],[604428.581,4115806.7525],[604429.791,4115811.0925]]]}},{"type":"Feature","properties":{"id":"4560303XG0146S_part1","floors":1,"height":3.1,"heightSource":"Catastro:numberOfFloorsAboveGround"},"geometry":{"type":"Polygon","coordinates":[[[604420.781,4115804.5225],[604421.941,4115808.6125],[604425.491,4115807.6125],[604426.241,4115807.4025],[604428.581,4115806.7525],[604435.981,4115804.6925],[604433.551,4115796.0225],[604426.161,4115798.0825],[604419.481,4115799.9525],[604420.781,4115804.5225]]]}},{"type":"Feature","properties":{"id":"4560304XG0146S_part1","floors":1,"height":3.1,"heightSource":"Catastro:numberOfFloorsAboveGround"},"geometry":{"type":"Polygon","coordinates":[[[604416.991,4115791.1725],[604417.391,4115792.5725],[604418.151,4115795.2425],[604422.011,4115794.1625],[604421.571,4115792.5725],[604420.871,4115790.0725],[604416.991,4115791.1725]]]}},{"type":"Feature","properties":{"id":"4560304XG0146S_part2","floors":1,"height":3.1,"heightSource":"Catastro:numberOfFloorsAboveGround"},"geometry":{"type":"Polygon","coordinates":[[[604423.711,4115789.2925],[604424.621,4115792.5725],[604426.161,4115798.0825],[604433.551,4115796.0225],[604432.581,4115792.5725],[604431.091,4115787.2425],[604423.711,4115789.2925]]]}},{"type":"Feature","properties":{"id":"4560305XG0146S_part1","floors":1,"height":3.1,"heightSource":"Catastro:numberOfFloorsAboveGround"},"geometry":{"type":"Polygon","coordinates":[[[604415.9005,4115787.3225],[604416.991,4115791.1725],[604420.871,4115790.0725],[604421.491,4115789.9125],[604423.711,4115789.2925],[604431.091,4115787.2425],[604428.6805,4115778.673],[604421.3205,4115780.723],[604414.5705,4115782.613],[604415.9005,4115787.3225]]]}},{"type":"Feature","properties":{"id":"4560306XG0146S_part1","floors":2,"height":6.2,"heightSource":"Catastro:numberOfFloorsAboveGround"},"geometry":{"type":"Polygon","coordinates":[[[604415.0805,4115773.073],[604412.1005,4115773.913],[604412.8505,4115776.573],[604414.5705,4115782.613],[604421.3205,4115780.723],[604418.9005,4115772.003],[604415.0805,4115773.073]]]}},{"type":"Feature","properties":{"id":"4560306XG0146S_part2","floors":2,"height":6.2,"heightSource":"Catastro:numberOfFloorsAboveGround"},"geometry":{"type":"Polygon","coordinates":[[[604428.6805,4115778.673],[604426.2405,4115769.963],[604418.9005,4115772.003],[604421.3205,4115780.723],[604428.6805,4115778.673]]]}},{"type":"Feature","properties":{"id":"4560307XG0146S_part1","floors":2,"height":6.2,"heightSource":"Catastro:numberOfFloorsAboveGround"},"geometry":{"type":"Polygon","coordinates":[[[604417.755,4115768.743],[604417.6065,4115768.211],[604417.123,4115766.4775],[604416.262,4115763.394],[604409.6505,4115765.243],[604412.1005,4115773.913],[604415.0805,4115773.073],[604418.9005,4115772.003],[604425.4265,4115770.189],[604424.4975,4115766.861],[604422.5815,4115767.3955],[604417.755,4115768.743]]]}},{"type":"Feature","properties":{"id":"4560307XG0146S_part2","floors":2,"height":6.2,"heightSource":"Catastro:numberOfFloorsAboveGround"},"geometry":{"type":"Polygon","coordinates":[[[604416.4805,4115763.333],[604416.262,4115763.394],[604417.123,4115766.4775],[604417.6065,4115768.211],[604417.755,4115768.743],[604422.5815,4115767.3955],[604421.089,4115762.049],[604416.4805,4115763.333]]]}},{"type":"Feature","properties":{"id":"4560307XG0146S_part3","floors":1,"height":3.1,"heightSource":"Catastro:numberOfFloorsAboveGround"},"geometry":{"type":"Polygon","coordinates":[[[604426.2405,4115769.963],[604423.8005,4115761.293],[604421.089,4115762.049],[604422.5815,4115767.3955],[604424.4975,4115766.861],[604425.4265,4115770.189],[604426.2405,4115769.963]]]}},{"type":"Feature","properties":{"id":"4560308XG0146S_part1","floors":2,"height":6.2,"heightSource":"Catastro:numberOfFloorsAboveGround"},"geometry":{"type":"Polygon","coordinates":[[[604412.164,4115759.412],[604411.8205,4115758.2095],[604414.2245,4115757.523],[604413.401,4115754.6385],[604407.1505,4115756.423],[604408.0105,4115759.473],[604408.306,4115760.5135],[604412.164,4115759.412]]]}},{"type":"Feature","properties":{"id":"4560308XG0146S_part2","floors":1,"height":3.1,"heightSource":"Catastro:numberOfFloorsAboveGround"},"geometry":{"type":"Polygon","coordinates":[[[604413.401,4115754.6385],[604414.2245,4115757.523],[604411.8205,4115758.2095],[604412.164,4115759.412],[604408.306,4115760.5135],[604409.6505,4115765.243],[604416.4805,4115763.333],[604423.8005,4115761.293],[604421.3005,4115752.383],[604414.0105,4115754.453],[604412.8805,4115754.773],[604407.1505,4115756.423],[604413.401,4115754.6385]]]}},{"type":"Feature","properties":{"id":"4560315XG0146S_part1","floors":1,"height":3.1,"heightSource":"Catastro:numberOfFloorsAboveGround"},"geometry":{"type":"Polygon","coordinates":[[[604389.1305,4115789.573],[604389.1405,4115789.623],[604389.9605,4115792.5725],[604394.491,4115808.9325],[604399.261,4115807.6025],[604395.3705,4115793.7025],[604395.0605,4115792.5725],[604393.8505,4115788.243],[604389.1305,4115789.573]]]}},{"type":"Feature","properties":{"id":"4560315XG0146S_part2","floors":1,"height":3.1,"heightSource":"Catastro:numberOfFloorsAboveGround"},"geometry":{"type":"Polygon","coordinates":[[[604394.55,4115745.173],[604399.1905,4115747.913],[604397.1,4115740.443],[604394.55,4115745.173]]]}},{"type":"Feature","properties":{"id":"4560315XG0146S_part3","floors":1,"height":3.1,"heightSource":"Catastro:numberOfFloorsAboveGround"},"geometry":{"type":"Polygon","coordinates":[[[604397.331,4115819.6825],[604398.311,4115823.2525],[604403.271,4115821.8625],[604402.271,4115818.3225],[604397.331,4115819.6825]]]}},{"type":"Feature","properties":{"id":"4560315XG0146S_part4","floors":2,"height":6.2,"heightSource":"Catastro:numberOfFloorsAboveGround"},"geometry":{"type":"Polygon","coordinates":[[[604383.071,4115823.9325],[604384.001,4115827.2525],[604388.621,4115825.9625],[604387.671,4115822.5625],[604383.071,4115823.9325]]]}},{"type":"Feature","properties":{"id":"4560315XG0146S_part5","floors":4,"height":12.4,"heightSource":"Catastro:numberOfFloorsAboveGround"},"geometry":{"type":"Polygon","coordinates":[[[604376.5405,4115793.223],[604377.0405,4115794.9725],[604381.611,4115811.3025],[604382.271,4115813.7825],[604383.751,4115813.3725],[604377.9905,4115792.813],[604376.5405,4115793.223]]]}},{"type":"Feature","properties":{"id":"4560315XG0146S_part6","floors":4,"height":12.4,"heightSource":"Catastro:numberOfFloorsAboveGround"},"geometry":{"type":"Polygon","coordinates":[[[604387.671,4115822.5625],[604388.621,4115825.9625],[604398.311,4115823.2525],[604397.331,4115819.6825],[604387.671,4115822.5625]]]}},{"type":"Feature","properties":{"id":"4560315XG0146S_part7","floors":5,"height":15.5,"heightSource":"Catastro:numberOfFloorsAboveGround"},"geometry":{"type":"Polygon","coordinates":[[[604377.9905,4115792.813],[604383.751,4115813.3725],[604399.631,4115808.9025],[604399.261,4115807.6025],[604394.491,4115808.9325],[604389.9605,4115792.5725],[604389.1405,4115789.623],[604378.8305,4115792.573],[604377.9905,4115792.813]]]}},{"type":"Feature","properties":{"id":"4560315XG0146S_part8","floors":6,"height":18.6,"heightSource":"Catastro:numberOfFloorsAboveGround"},"geometry":{"type":"Polygon","coordinates":[[[604383.5505,4115765.563],[604372.4105,4115785.883],[604374.2805,4115792.573],[604374.6205,4115793.773],[604376.5405,4115793.223],[604377.9905,4115792.813],[604378.8305,4115792.573],[604389.1405,4115789.623],[604389.1305,4115789.573],[604387.8205,4115784.863],[604382.5205,4115786.333],[604381.3205,4115781.993],[604383.5105,4115778.123],[604386.3805,4115779.663],[604398.0605,4115758.163],[604402.7305,4115760.593],[604401.9705,4115757.893],[604399.2405,4115748.073],[604399.1905,4115747.913],[604394.55,4115745.173],[604383.5505,4115765.563]]]}},{"type":"Feature","properties":{"id":"4560315XG0146S_part9","floors":6,"height":18.6,"heightSource":"Catastro:numberOfFloorsAboveGround"},"geometry":{"type":"Polygon","coordinates":[[[604380.371,4115814.3025],[604383.071,4115823.9325],[604387.671,4115822.5625],[604397.331,4115819.6825],[604402.271,4115818.3225],[604400.831,4115813.1825],[604399.631,4115808.9025],[604383.751,4115813.3725],[604382.271,4115813.7825],[604380.371,4115814.3025]]]}},{"type":"Feature","properties":{"id":"4560315XG0146S_part10","floors":7,"height":21.7,"heightSource":"Catastro:numberOfFloorsAboveGround"},"geometry":{"type":"Polygon","coordinates":[[[604383.5105,4115778.123],[604381.3205,4115781.993],[604382.5205,4115786.333],[604387.8205,4115784.863],[604386.3805,4115779.663],[604383.5105,4115778.123]]]}},{"type":"Feature","properties":{"id":"4561404XG0146S_part3","floors":2,"height":6.2,"heightSource":"Catastro:numberOfFloorsAboveGround"},"geometry":{"type":"Polygon","coordinates":[[[604420.801,4115823.2225],[604418.881,4115823.7725],[604420.069984375,4115828.0],[604422.1518108107,4115828.0],[604420.801,4115823.2225]]]}},{"type":"Feature","properties":{"id":"4561404XG0146S_part4","floors":2,"height":6.2,"heightSource":"Catastro:numberOfFloorsAboveGround"},"geometry":{"type":"Polygon","coordinates":[[[604418.881,4115823.7725],[604405.751,4115827.5525],[604405.8670185185,4115828.0],[604407.8585962114,4115828.0],[604411.028,4115827.179],[604411.2407136364,4115828.0],[604420.069984375,4115828.0],[604418.881,4115823.7725]]]}},{"type":"Feature","properties":{"id":"4655001XG0145N_part1","floors":1,"height":3.1,"heightSource":"Catastro:numberOfFloorsAboveGround"},"geometry":{"type":"Polygon","coordinates":[[[604475.367,4115385.2035],[604475.957,4115400.4835],[604484.977,4115399.1135],[604484.117,4115392.3235],[604480.347,4115392.4135],[604479.897,4115385.1235],[604475.367,4115385.2035]]]}},{"type":"Feature","properties":{"id":"4655002XG0145N_part1","floors":1,"height":3.1,"heightSource":"Catastro:numberOfFloorsAboveGround"},"geometry":{"type":"Polygon","coordinates":[[[604484.047,4115391.7635],[604484.117,4115392.3235],[604484.977,4115399.1135],[604497.367,4115397.2435],[604496.687,4115390.7535],[604488.827,4115391.4035],[604484.047,4115391.7635]]]}},{"type":"Feature","properties":{"id":"4655003XG0145N_part1","floors":2,"height":6.2,"heightSource":"Catastro:numberOfFloorsAboveGround"},"geometry":{"type":"Polygon","coordinates":[[[604496.687,4115390.7535],[604495.847,4115382.5435],[604495.047,4115382.5835],[604481.757,4115383.2835],[604481.797,4115385.0935],[604483.237,4115385.0735],[604483.227,4115386.3535],[604488.397,4115386.1535],[604488.827,4115391.4035],[604496.687,4115390.7535]]]}},{"type":"Feature","properties":{"id":"4655004XG0145N_part1","floors":1,"height":3.1,"heightSource":"Catastro:numberOfFloorsAboveGround"},"geometry":{"type":"Polygon","coordinates":[[[604482.797,4115378.5435],[604486.297,4115378.4835],[604486.147,4115375.0035],[604483.667,4115375.0035],[604482.677,4115375.0035],[604482.797,4115378.5435]]]}},{"type":"Feature","properties":{"id":"4655004XG0145N_part2","floors":3,"height":9.3,"heightSource":"Catastro:numberOfFloorsAboveGround"},"geometry":{"type":"Polygon","coordinates":[[[604479.897,4115385.1235],[604481.797,4115385.0935],[604481.757,4115383.2835],[604481.097,4115383.3135],[604480.987,4115378.5835],[604482.797,4115378.5435],[604482.677,4115375.0035],[604482.367,4115375.0035],[604475.437,4115375.0035],[604475.367,4115385.2035],[604479.897,4115385.1235]]]}},{"type":"Feature","properties":{"id":"4655004XG0145N_part3","floors":3,"height":9.3,"heightSource":"Catastro:numberOfFloorsAboveGround"},"geometry":{"type":"Polygon","coordinates":[[[604495.787,4115380.1835],[604496.287,4115380.1835],[604496.157,4115375.1835],[604495.647,4115374.9935],[604495.787,4115380.1835]]]}},{"type":"Feature","properties":{"id":"4655004XG0145N_part4","floors":4,"height":12.4,"heightSource":"Catastro:numberOfFloorsAboveGround"},"geometry":{"type":"Polygon","coordinates":[[[604480.987,4115378.5835],[604481.097,4115383.3135],[604481.757,4115383.2835],[604495.047,4115382.5835],[604494.987,4115380.1835],[604495.787,4115380.1835],[604495.647,4115374.9935],[604486.147,4115375.0035],[604486.297,4115378.4835],[604482.797,4115378.5435],[604480.987,4115378.5835]]]}},{"type":"Feature","properties":{"id":"4655008XG0145N_part1","floors":1,"height":3.1,"heightSource":"Catastro:numberOfFloorsAboveGround"},"geometry":{"type":"Polygon","coordinates":[[[604481.9065,4115340.5335],[604479.8865,4115340.6035],[604479.8665,4115340.2235],[604478.8765,4115340.3335],[604479.1265,4115344.2635],[604482.0765,4115344.1835],[604481.9065,4115340.5335]]]}},{"type":"Feature","properties":{"id":"4655008XG0145N_part2","floors":5,"height":15.5,"heightSource":"Catastro:numberOfFloorsAboveGround"},"geometry":{"type":"Polygon","coordinates":[[[604489.6565,4115340.1035],[604485.4665,4115340.3135],[604485.6165,4115344.0935],[604489.8465,4115343.9935],[604489.6565,4115340.1035]]]}},{"type":"Feature","properties":{"id":"4655008XG0145N_part4","floors":4,"height":12.4,"heightSource":"Catastro:numberOfFloorsAboveGround"},"geometry":{"type":"Polygon","coordinates":[[[604494.4865,4115343.8735],[604494.3815,4115336.8315],[604494.3565,4115335.1535],[604479.886,4115335.8365],[604479.7365,4115335.8435],[604479.8665,4115340.2235],[604479.8865,4115340.6035],[604481.9065,4115340.5335],[604482.0765,4115344.1835],[604485.6165,4115344.0935],[604485.4665,4115340.3135],[604489.6565,4115340.1035],[604489.8465,4115343.9935],[604490.0765,4115343.9835],[604490.0265,4115342.9335],[604491.2265,4115342.8735],[604491.2665,4115343.9535],[604494.368,4115343.8765],[604494.4865,4115343.8735]]]}},{"type":"Feature","properties":{"id":"4655009XG0145N_part1","floors":4,"height":12.4,"heightSource":"Catastro:numberOfFloorsAboveGround"},"geometry":{"type":"Polygon","coordinates":[[[604478.2335,4115335.9155],[604479.7365,4115335.8435],[604479.886,4115335.8365],[604494.3565,4115335.1535],[604494.3815,4115336.8315],[604494.3865,4115334.2735],[604494.0565,4115325.7635],[604489.3665,4115326.3735],[604487.0165,4115326.8635],[604483.3365,4115327.6435],[604483.6565,4115331.3035],[604479.1165,4115331.7735],[604478.0165,4115331.8835],[604478.2265,4115335.8235],[604478.2335,4115335.9155]]]}},{"type":"Feature","properties":{"id":"4655009XG0145N_part2","floors":3,"height":9.3,"heightSource":"Catastro:numberOfFloorsAboveGround"},"geometry":{"type":"Polygon","coordinates":[[[604477.0165,4115335.9735],[604478.2335,4115335.9155],[604478.2265,4115335.8235],[604478.0165,4115331.8835],[604479.1165,4115331.7735],[604478.8665,4115328.6435],[604475.7165,4115328.9935],[604470.4665,4115329.5935],[604471.491,4115336.2415],[604471.6265,4115336.2335],[604476.348,4115336.006],[604477.0165,4115335.9735]]]}},{"type":"Feature","properties":{"id":"4655012XG0145N_part1","floors":1,"height":3.1,"heightSource":"Catastro:numberOfFloorsAboveGround"},"geometry":{"type":"Polygon","coordinates":[[[604471.816,4115300.5835],[604472.246,4115303.5335],[604475.216,4115303.0935],[604474.786,4115300.1535],[604471.816,4115300.5835]]]}},{"type":"Feature","properties":{"id":"4655012XG0145N_part2","floors":3,"height":9.3,"heightSource":"Catastro:numberOfFloorsAboveGround"},"geometry":{"type":"Polygon","coordinates":[[[604465.736,4115301.4635],[604467.526,4115311.5435],[604473.486,4115310.6635],[604473.596,4115311.1535],[604476.166,4115310.8035],[604475.776,4115308.0635],[604475.676,4115307.3735],[604474.336,4115307.5735],[604473.826,4115304.0035],[604475.316,4115303.7935],[604475.216,4115303.0935],[604472.246,4115303.5335],[604471.816,4115300.5835],[604465.736,4115301.4635]]]}},{"type":"Feature","properties":{"id":"4655012XG0145N_part3","floors":3,"height":9.3,"heightSource":"Catastro:numberOfFloorsAboveGround"},"geometry":{"type":"Polygon","coordinates":[[[604476.466,4115307.2535],[604476.566,4115307.9535],[604476.966,4115310.6935],[604477.146,4115310.6635],[604479.276,4115310.2535],[604478.796,4115306.9135],[604476.466,4115307.2535]]]}},{"type":"Feature","properties":{"id":"4655012XG0145N_part4","floors":1,"height":3.1,"heightSource":"Catastro:numberOfFloorsAboveGround"},"geometry":{"type":"Polygon","coordinates":[[[604475.776,4115308.0635],[604476.166,4115310.8035],[604476.966,4115310.6935],[604476.566,4115307.9535],[604475.776,4115308.0635]]]}},{"type":"Feature","properties":{"id":"4655012XG0145N_part5","floors":3,"height":9.3,"heightSource":"Catastro:numberOfFloorsAboveGround"},"geometry":{"type":"Polygon","coordinates":[[[604492.986,4115298.0635],[604492.326,4115297.5435],[604491.926,4115297.5935],[604492.476,4115302.7735],[604493.466,4115302.6435],[604492.986,4115298.0635]]]}},{"type":"Feature","properties":{"id":"4655012XG0145N_part6","floors":3,"height":9.3,"heightSource":"Catastro:numberOfFloorsAboveGround"},"geometry":{"type":"Polygon","coordinates":[[[604492.476,4115302.7735],[604492.856,4115307.2535],[604493.256,4115307.1735],[604493.796,4115306.4635],[604493.466,4115302.6435],[604492.476,4115302.7735]]]}},{"type":"Feature","properties":{"id":"4655012XG0145N_part7","floors":4,"height":12.4,"heightSource":"Catastro:numberOfFloorsAboveGround"},"geometry":{"type":"Polygon","coordinates":[[[604474.786,4115300.1535],[604475.216,4115303.0935],[604475.316,4115303.7935],[604481.256,4115303.0435],[604481.756,4115306.4835],[604478.796,4115306.9135],[604479.276,4115310.2535],[604484.096,4115309.3335],[604484.506,4115308.9135],[604492.856,4115307.2535],[604492.476,4115302.7735],[604491.926,4115297.5935],[604483.676,4115298.6335],[604475.796,4115300.0135],[604474.786,4115300.1535]],[[604482.336,4115302.7035],[604485.306,4115302.2635],[604485.736,4115305.2335],[604482.766,4115305.6735],[604482.336,4115302.7035]]]}},{"type":"Feature","properties":{"id":"4655012XG0145N_part8","floors":5,"height":15.5,"heightSource":"Catastro:numberOfFloorsAboveGround"},"geometry":{"type":"Polygon","coordinates":[[[604473.826,4115304.0035],[604474.336,4115307.5735],[604475.676,4115307.3735],[604475.776,4115308.0635],[604476.566,4115307.9535],[604476.466,4115307.2535],[604478.796,4115306.9135],[604481.756,4115306.4835],[604481.256,4115303.0435],[604475.316,4115303.7935],[604473.826,4115304.0035]]]}},{"type":"Feature","properties":{"id":"4655012XG0145N_part9","floors":1,"height":3.1,"heightSource":"Catastro:numberOfFloorsAboveGround"},"geometry":{"type":"Polygon","coordinates":[[[604485.736,4115305.2335],[604485.306,4115302.2635],[604482.336,4115302.7035],[604482.766,4115305.6735],[604485.736,4115305.2335]]]}},{"type":"Feature","properties":{"id":"4655013XG0145N_part1","floors":1,"height":3.1,"heightSource":"Catastro:numberOfFloorsAboveGround"},"geometry":{"type":"Polygon","coordinates":[[[604478.126,4115295.9235],[604478.186,4115296.3135],[604475.456,4115296.6235],[604475.796,4115300.0135],[604483.676,4115298.6335],[604491.926,4115297.5935],[604491.396,4115292.5735],[604491.196,4115290.7135],[604485.756,4115291.5335],[604485.866,4115292.5735],[604486.106,4115294.8535],[604481.306,4115295.4635],[604478.126,4115295.9235]]]}},{"type":"Feature","properties":{"id":"4655013XG0145N_part2","floors":2,"height":6.2,"heightSource":"Catastro:numberOfFloorsAboveGround"},"geometry":{"type":"Polygon","coordinates":[[[604480.866,4115292.2735],[604480.906,4115292.5735],[604481.306,4115295.4635],[604486.106,4115294.8535],[604485.866,4115292.5735],[604485.756,4115291.5335],[604481.946,4115292.1035],[604480.866,4115292.2735]]]}},{"type":"Feature","properties":{"id":"4655014XG0145N_part1","floors":2,"height":6.2,"heightSource":"Catastro:numberOfFloorsAboveGround"},"geometry":{"type":"Polygon","coordinates":[[[604469.946,4115288.4135],[604468.416,4115289.3835],[604468.556,4115290.4835],[604471.906,4115290.0435],[604472.406,4115293.5435],[604477.486,4115292.7735],[604477.246,4115291.2235],[604481.716,4115290.5635],[604481.946,4115292.1035],[604485.756,4115291.5335],[604491.196,4115290.7135],[604491.166,4115290.4235],[604490.626,4115285.3835],[604490.616,4115285.2835],[604469.946,4115288.4135]]]}},{"type":"Feature","properties":{"id":"4655014XG0145N_part2","floors":1,"height":3.1,"heightSource":"Catastro:numberOfFloorsAboveGround"},"geometry":{"type":"Polygon","coordinates":[[[604471.906,4115290.0435],[604468.556,4115290.4835],[604469.006,4115294.0635],[604472.406,4115293.5435],[604471.906,4115290.0435]]]}},{"type":"Feature","properties":{"id":"4655016XG0145N_part1","floors":2,"height":6.2,"heightSource":"Catastro:numberOfFloorsAboveGround"},"geometry":{"type":"Polygon","coordinates":[[[604473.886,4115275.4535],[604474.486,4115278.9335],[604478.596,4115277.9935],[604479.266,4115280.9835],[604489.936,4115278.7835],[604489.196,4115272.0935],[604473.886,4115275.4535]]]}},{"type":"Feature","properties":{"id":"4655017XG0145N_part1","floors":1,"height":3.1,"heightSource":"Catastro:numberOfFloorsAboveGround"},"geometry":{"type":"Polygon","coordinates":[[[604457.1055,4115260.374],[604463.426,4115289.7335],[604469.666,4115287.0135],[604469.026,4115283.6835],[604475.006,4115281.8635],[604474.486,4115278.9335],[604473.886,4115275.4535],[604489.196,4115272.0935],[604487.7155,4115258.614],[604477.4455,4115260.954],[604474.5155,4115261.614],[604466.2655,4115263.494],[604464.7055,4115258.174],[604457.1055,4115260.374]]]}},{"type":"Feature","properties":{"id":"4655018XG0145N_part1","floors":1,"height":3.1,"heightSource":"Catastro:numberOfFloorsAboveGround"},"geometry":{"type":"Polygon","coordinates":[[[604476.8255,4115258.064],[604473.8955,4115258.684],[604474.5155,4115261.614],[604477.4455,4115260.954],[604476.8255,4115258.064]]]}},{"type":"Feature","properties":{"id":"4655018XG0145N_part2","floors":2,"height":6.2,"heightSource":"Catastro:numberOfFloorsAboveGround"},"geometry":{"type":"Polygon","coordinates":[[[604455.7955,4115254.414],[604457.1055,4115260.374],[604464.7055,4115258.174],[604464.5355,4115257.384],[604466.3855,4115256.984],[604465.5055,4115253.634],[604464.0455,4115253.944],[604460.2155,4115254.974],[604459.8755,4115253.284],[604455.7955,4115254.414]]]}},{"type":"Feature","properties":{"id":"4655018XG0145N_part3","floors":3,"height":9.3,"heightSource":"Catastro:numberOfFloorsAboveGround"},"geometry":{"type":"Polygon","coordinates":[[[604462.8055,4115249.204],[604459.1255,4115249.884],[604459.8755,4115253.284],[604460.2155,4115254.974],[604464.0455,4115253.944],[604462.8055,4115249.204]]]}},{"type":"Feature","properties":{"id":"4655018XG0145N_part4","floors":3,"height":9.3,"heightSource":"Catastro:numberOfFloorsAboveGround"},"geometry":{"type":"Polygon","coordinates":[[[604466.3855,4115256.984],[604464.5355,4115257.384],[604464.7055,4115258.174],[604466.2655,4115263.494],[604474.5155,4115261.614],[604473.8955,4115258.684],[604476.8255,4115258.064],[604477.4455,4115260.954],[604487.7155,4115258.614],[604486.6555,4115248.984],[604478.8655,4115250.804],[604479.5855,4115254.224],[604473.2255,4115255.564],[604472.5055,4115252.144],[604468.8555,4115252.914],[604465.5055,4115253.634],[604466.3855,4115256.984]]]}},{"type":"Feature","properties":{"id":"4655018XG0145N_part5","floors":4,"height":12.4,"heightSource":"Catastro:numberOfFloorsAboveGround"},"geometry":{"type":"Polygon","coordinates":[[[604472.5055,4115252.144],[604473.2255,4115255.564],[604479.5855,4115254.224],[604478.8655,4115250.804],[604472.5055,4115252.144]]]}},{"type":"Feature","properties":{"id":"4655019XG0145N_part1","floors":1,"height":3.1,"heightSource":"Catastro:numberOfFloorsAboveGround"},"geometry":{"type":"Polygon","coordinates":[[[604454.0255,4115246.304],[604455.7955,4115254.414],[604459.8755,4115253.284],[604459.1255,4115249.884],[604462.8055,4115249.204],[604464.0455,4115253.944],[604465.5055,4115253.634],[604468.8555,4115252.914],[604468.4155,4115250.934],[604471.5355,4115250.364],[604470.9055,4115247.594],[604467.2355,4115248.274],[604463.5955,4115249.104],[604462.9655,4115246.124],[604462.5755,4115244.354],[604454.0255,4115246.304]]]}},{"type":"Feature","properties":{"id":"4655019XG0145N_part2","floors":2,"height":6.2,"heightSource":"Catastro:numberOfFloorsAboveGround"},"geometry":{"type":"Polygon","coordinates":[[[604471.5355,4115250.364],[604468.4155,4115250.934],[604468.8555,4115252.914],[604472.5055,4115252.144],[604478.8655,4115250.804],[604486.6555,4115248.984],[604485.8055,4115241.684],[604470.1355,4115244.724],[604470.9055,4115247.594],[604471.5355,4115250.364]]]}},{"type":"Feature","properties":{"id":"4655020XG0145N_part1","floors":2,"height":6.2,"heightSource":"Catastro:numberOfFloorsAboveGround"},"geometry":{"type":"Polygon","coordinates":[[[604461.8555,4115240.964],[604462.2555,4115242.854],[604467.2255,4115242.064],[604467.8655,4115245.164],[604470.1355,4115244.724],[604485.8055,4115241.684],[604485.2455,4115236.894],[604467.6955,4115239.684],[604461.8555,4115240.964]]]}},{"type":"Feature","properties":{"id":"4655023XG0145N_part2","floors":3,"height":9.3,"heightSource":"Catastro:numberOfFloorsAboveGround"},"geometry":{"type":"Polygon","coordinates":[[[604452.8655,4115241.024],[604453.0155,4115241.704],[604455.9555,4115241.184],[604456.1655,4115242.214],[604461.8555,4115240.964],[604467.6955,4115239.684],[604467.1555,4115236.554],[604465.6555,4115236.874],[604465.0255,4115233.244],[604466.1845000003,4115233.0],[604461.391781768,4115233.0],[604461.5955,4115233.964],[604458.6655,4115234.584],[604458.3285718232,4115233.0],[604451.1728961767,4115233.0],[604452.8655,4115241.024]]]}},{"type":"Feature","properties":{"id":"4655023XG0145N_part3","floors":2,"height":6.2,"heightSource":"Catastro:numberOfFloorsAboveGround"},"geometry":{"type":"Polygon","coordinates":[[[604452.3855,4115241.124],[604452.8655,4115241.024],[604451.1728961767,4115233.0],[604450.663422847,4115233.0],[604452.3855,4115241.124]]]}},{"type":"Feature","properties":{"id":"4655024XG0145N_part1","floors":2,"height":6.2,"heightSource":"Catastro:numberOfFloorsAboveGround"},"geometry":{"type":"Polygon","coordinates":[[[604456.1655,4115242.214],[604455.9555,4115241.184],[604453.0155,4115241.704],[604454.0255,4115246.304],[604462.5755,4115244.354],[604462.2555,4115242.854],[604461.8555,4115240.964],[604456.1655,4115242.214]]]}},{"type":"Feature","properties":{"id":"4655026XG0145N_part1","floors":1,"height":3.1,"heightSource":"Catastro:numberOfFloorsAboveGround"},"geometry":{"type":"Polygon","coordinates":[[[604464.456,4115294.7535],[604465.736,4115301.4635],[604471.816,4115300.5835],[604474.786,4115300.1535],[604475.796,4115300.0135],[604475.456,4115296.6235],[604478.186,4115296.3135],[604478.126,4115295.9235],[604481.306,4115295.4635],[604480.906,4115292.5735],[604480.866,4115292.2735],[604478.836,4115292.5735],[604477.486,4115292.7735],[604472.406,4115293.5435],[604469.006,4115294.0635],[604464.456,4115294.7535]]]}},{"type":"Feature","properties":{"id":"4655028XG0145N_part1","floors":3,"height":9.3,"heightSource":"Catastro:numberOfFloorsAboveGround"},"geometry":{"type":"Polygon","coordinates":[[[604479.8665,4115340.2235],[604479.7365,4115335.8435],[604477.0165,4115335.9735],[604477.2265,4115340.3835],[604478.8765,4115340.3335],[604479.8665,4115340.2235]]]}},{"type":"Feature","properties":{"id":"4655028XG0145N_part2","floors":2,"height":6.2,"heightSource":"Catastro:numberOfFloorsAboveGround"},"geometry":{"type":"Polygon","coordinates":[[[604472.4737,4115349.56385],[604476.7766,4115349.2136],[604476.78385,4115348.0335],[604476.8025,4115345.0005],[604476.8065,4115344.3435],[604479.1265,4115344.2635],[604478.8765,4115340.3335],[604477.2265,4115340.3835],[604477.0165,4115335.9735],[604476.348,4115336.006],[604471.6265,4115336.2335],[604471.641,4115336.4625],[604472.384,4115348.1125],[604472.4737,4115349.56385]]]}},{"type":"Feature","properties":{"id":"4655030XG0145N_part1","floors":1,"height":3.1,"heightSource":"Catastro:numberOfFloorsAboveGround"},"geometry":{"type":"Polygon","coordinates":[[[604471.902,4115349.92],[604472.4865,4115357.0735],[604473.847,4115368.9935],[604473.9865,4115374.588],[604474.6835,4115375.0035],[604474.5295,4115368.976],[604473.0765,4115357.0235],[604472.4735,4115349.564],[604471.902,4115349.92]]]}},{"type":"Feature","properties":{"id":"4655030XG0145N_part2","floors":4,"height":12.4,"heightSource":"Catastro:numberOfFloorsAboveGround"},"geometry":{"type":"Polygon","coordinates":[[[604479.1265,4115344.2635],[604478.4765,4115344.286],[604476.8065,4115344.3435],[604476.8025,4115345.0005],[604476.784,4115348.0335],[604476.7765,4115349.2135],[604472.4735,4115349.564],[604473.0765,4115357.0235],[604474.5295,4115368.976],[604474.6835,4115375.0035],[604475.437,4115375.0035],[604482.367,4115375.0035],[604482.367,4115372.7035],[604483.667,4115372.7035],[604483.667,4115375.0035],[604486.147,4115375.0035],[604495.647,4115374.9935],[604494.3665,4115344.5535],[604494.3675,4115344.212],[604494.368,4115343.8765],[604491.2665,4115343.9535],[604490.0765,4115343.9835],[604489.8465,4115343.9935],[604485.6165,4115344.0935],[604482.6765,4115344.168],[604482.6765,4115346.4925],[604481.3765,4115346.4925],[604481.376,4115344.2025],[604479.1265,4115344.2635]],[[604483.807,4115371.6035],[604479.607,4115371.6035],[604479.607,4115366.2035],[604483.807,4115366.2035],[604483.807,4115366.3035],[604486.807,4115366.3035],[604486.807,4115369.3035],[604483.807,4115369.3035],[604483.807,4115371.6035]],[[604483.8065,4115350.9035],[604486.8065,4115350.9035],[604486.8065,4115353.9035],[604483.8065,4115353.9035],[604483.8065,4115350.9035]]]}},{"type":"Feature","properties":{"id":"4655030XG0145N_part3","floors":5,"height":15.5,"heightSource":"Catastro:numberOfFloorsAboveGround"},"geometry":{"type":"Polygon","coordinates":[[[604483.807,4115366.2035],[604479.607,4115366.2035],[604479.607,4115371.6035],[604483.807,4115371.6035],[604483.807,4115369.3035],[604483.807,4115366.3035],[604483.807,4115366.2035]]]}},{"type":"Feature","properties":{"id":"4655030XG0145N_part4","floors":1,"height":3.1,"heightSource":"Catastro:numberOfFloorsAboveGround"},"geometry":{"type":"Polygon","coordinates":[[[604482.0765,4115344.1835],[604481.376,4115344.2025],[604481.3765,4115346.4925],[604482.6765,4115346.4925],[604482.6765,4115344.168],[604482.0765,4115344.1835]]]}},{"type":"Feature","properties":{"id":"4655030XG0145N_part5","floors":1,"height":3.1,"heightSource":"Catastro:numberOfFloorsAboveGround"},"geometry":{"type":"Polygon","coordinates":[[[604483.667,4115372.7035],[604482.367,4115372.7035],[604482.367,4115375.0035],[604482.677,4115375.0035],[604483.667,4115375.0035],[604483.667,4115372.7035]]]}},{"type":"Feature","properties":{"id":"4655030XG0145N_part6","floors":1,"height":3.1,"heightSource":"Catastro:numberOfFloorsAboveGround"},"geometry":{"type":"Polygon","coordinates":[[[604486.8065,4115353.9035],[604486.8065,4115350.9035],[604483.8065,4115350.9035],[604483.8065,4115353.9035],[604486.8065,4115353.9035]]]}},{"type":"Feature","properties":{"id":"4655030XG0145N_part7","floors":1,"height":3.1,"heightSource":"Catastro:numberOfFloorsAboveGround"},"geometry":{"type":"Polygon","coordinates":[[[604483.807,4115369.3035],[604486.807,4115369.3035],[604486.807,4115366.3035],[604483.807,4115366.3035],[604483.807,4115369.3035]]]}},{"type":"Feature","properties":{"id":"4655030XG0145N_part8","floors":3,"height":9.3,"heightSource":"Catastro:numberOfFloorsAboveGround"},"geometry":{"type":"Polygon","coordinates":[[[604494.3675,4115344.212],[604494.3665,4115344.5535],[604495.647,4115374.9935],[604496.617,4115374.2235],[604495.369,4115344.3575],[604494.368,4115343.8765],[604494.3675,4115344.212]]]}},{"type":"Feature","properties":{"id":"4655201XG0145N_part1","floors":3,"height":9.3,"heightSource":"Catastro:numberOfFloorsAboveGround"},"geometry":{"type":"Polygon","coordinates":[[[604517.7265,4115323.8035],[604512.7665,4115325.2435],[604514.0265,4115328.5535],[604510.4065,4115329.7335],[604508.8465,4115325.2435],[604504.3665,4115326.5535],[604504.6465,4115329.1635],[604504.9465,4115331.9735],[604505.3165,4115335.3735],[604521.6965,4115330.1535],[604520.9565,4115327.9035],[604520.1965,4115325.5935],[604519.3765,4115323.0935],[604518.3865,4115320.0835],[604516.8365,4115320.5035],[604517.7265,4115323.8035]]]}},{"type":"Feature","properties":{"id":"4655201XG0145N_part2","floors":4,"height":12.4,"heightSource":"Catastro:numberOfFloorsAboveGround"},"geometry":{"type":"Polygon","coordinates":[[[604504.0965,4115324.0235],[604504.3665,4115326.5535],[604508.8465,4115325.2435],[604510.4065,4115329.7335],[604514.0265,4115328.5535],[604512.7665,4115325.2435],[604517.7265,4115323.8035],[604516.8365,4115320.5035],[604510.7265,4115322.1835],[604504.0965,4115324.0235]]]}},{"type":"Feature","properties":{"id":"4655202XG0145N_part1","floors":1,"height":3.1,"heightSource":"Catastro:numberOfFloorsAboveGround"},"geometry":{"type":"Polygon","coordinates":[[[604503.3265,4115315.4435],[604504.0965,4115324.0235],[604510.7265,4115322.1835],[604509.3865,4115317.3435],[604508.4665,4115314.0135],[604503.3265,4115315.4435]]]}},{"type":"Feature","properties":{"id":"4655202XG0145N_part2","floors":2,"height":6.2,"heightSource":"Catastro:numberOfFloorsAboveGround"},"geometry":{"type":"Polygon","coordinates":[[[604509.3865,4115317.3435],[604510.7265,4115322.1835],[604516.8365,4115320.5035],[604518.3865,4115320.0835],[604516.9165,4115315.2535],[604509.3865,4115317.3435]]]}},{"type":"Feature","properties":{"id":"4655203XG0145N_part1","floors":3,"height":9.3,"heightSource":"Catastro:numberOfFloorsAboveGround"},"geometry":{"type":"Polygon","coordinates":[[[604515.9165,4115311.9635],[604514.0965,4115305.3735],[604511.3165,4115306.0335],[604511.3165,4115309.6335],[604509.1165,4115309.6335],[604509.1165,4115313.8335],[604515.9165,4115311.9635]]]}},{"type":"Feature","properties":{"id":"4655203XG0145N_part2","floors":4,"height":12.4,"heightSource":"Catastro:numberOfFloorsAboveGround"},"geometry":{"type":"Polygon","coordinates":[[[604502.6265,4115308.0835],[604503.3265,4115315.4435],[604508.4665,4115314.0135],[604509.1165,4115313.8335],[604509.1165,4115309.6335],[604511.3165,4115309.6335],[604511.3165,4115306.0335],[604502.6265,4115308.0835]]]}},{"type":"Feature","properties":{"id":"4655204XG0145N_part1","floors":3,"height":9.3,"heightSource":"Catastro:numberOfFloorsAboveGround"},"geometry":{"type":"Polygon","coordinates":[[[604501.546,4115296.7335],[604502.6265,4115308.0835],[604511.3165,4115306.0335],[604514.0965,4115305.3735],[604511.076,4115294.4335],[604505.536,4115295.7735],[604501.546,4115296.7335]]]}},{"type":"Feature","properties":{"id":"4655205XG0145N_part1","floors":2,"height":6.2,"heightSource":"Catastro:numberOfFloorsAboveGround"},"geometry":{"type":"Polygon","coordinates":[[[604510.706,4115289.9635],[604509.446,4115284.2335],[604499.936,4115285.3635],[604500.446,4115294.0135],[604500.716,4115294.6735],[604501.156,4115294.5635],[604501.046,4115293.9435],[604500.966,4115292.5735],[604500.566,4115285.8935],[604508.976,4115284.8935],[604510.216,4115290.5235],[604510.706,4115289.9635]]]}},{"type":"Feature","properties":{"id":"4655205XG0145N_part2","floors":3,"height":9.3,"heightSource":"Catastro:numberOfFloorsAboveGround"},"geometry":{"type":"Polygon","coordinates":[[[604508.976,4115284.8935],[604500.566,4115285.8935],[604500.966,4115292.5735],[604501.046,4115293.9435],[604501.156,4115294.5635],[604505.016,4115293.6335],[604505.536,4115295.7735],[604511.076,4115294.4335],[604510.666,4115292.5735],[604510.346,4115291.1135],[604510.216,4115290.5235],[604508.976,4115284.8935]]]}},{"type":"Feature","properties":{"id":"4655205XG0145N_part4","floors":4,"height":12.4,"heightSource":"Catastro:numberOfFloorsAboveGround"},"geometry":{"type":"Polygon","coordinates":[[[604505.016,4115293.6335],[604501.156,4115294.5635],[604501.546,4115296.7335],[604505.536,4115295.7735],[604505.016,4115293.6335]]]}},{"type":"Feature","properties":{"id":"4655206XG0145N_part1","floors":1,"height":3.1,"heightSource":"Catastro:numberOfFloorsAboveGround"},"geometry":{"type":"Polygon","coordinates":[[[604508.4665,4115314.0135],[604509.3865,4115317.3435],[604516.9165,4115315.2535],[604515.9165,4115311.9635],[604509.1165,4115313.8335],[604508.4665,4115314.0135]]]}},{"type":"Feature","properties":{"id":"4655401XG0145N_part1","floors":4,"height":12.4,"heightSource":"Catastro:numberOfFloorsAboveGround"},"geometry":{"type":"Polygon","coordinates":[[[604498.596,4115260.744],[604500.196,4115277.8435],[604516.726,4115275.5235],[604514.276,4115259.114],[604498.596,4115260.744]],[[604505.456,4115263.654],[604510.916,4115263.654],[604510.916,4115267.8435],[604505.456,4115267.8435],[604505.456,4115263.654]]]}},{"type":"Feature","properties":{"id":"4655401XG0145N_part2","floors":5,"height":15.5,"heightSource":"Catastro:numberOfFloorsAboveGround"},"geometry":{"type":"Polygon","coordinates":[[[604510.916,4115267.8435],[604510.916,4115263.654],[604505.456,4115263.654],[604505.456,4115267.8435],[604510.916,4115267.8435]]]}},{"type":"Feature","properties":{"id":"4655402XG0145N_part1","floors":1,"height":3.1,"heightSource":"Catastro:numberOfFloorsAboveGround"},"geometry":{"type":"Polygon","coordinates":[[[604517.2295,4115239.394],[604517.2515,4115239.553],[604517.2475,4115239.5675],[604517.5765,4115241.966],[604518.0055,4115245.064],[604518.2855,4115247.114],[604518.5355,4115248.924],[604518.936,4115251.864],[604519.086,4115252.924],[604525.626,4115251.974],[604523.6655,4115237.724],[604517.1055,4115238.494],[604517.2295,4115239.394]]]}},{"type":"Feature","properties":{"id":"4655402XG0145N_part2","floors":1,"height":3.1,"heightSource":"Catastro:numberOfFloorsAboveGround"},"geometry":{"type":"Polygon","coordinates":[[[604529.516,4115251.414],[604525.626,4115251.974],[604526.786,4115260.044],[604530.686,4115259.474],[604529.516,4115251.414]]]}},{"type":"Feature","properties":{"id":"4655402XG0145N_part3","floors":1,"height":3.1,"heightSource":"Catastro:numberOfFloorsAboveGround"},"geometry":{"type":"Polygon","coordinates":[[[604537.9655,4115243.124],[604537.5555,4115240.304],[604533.4555,4115240.904],[604533.8555,4115243.714],[604537.9655,4115243.124]]]}},{"type":"Feature","properties":{"id":"4655402XG0145N_part4","floors":1,"height":3.1,"heightSource":"Catastro:numberOfFloorsAboveGround"},"geometry":{"type":"Polygon","coordinates":[[[604539.976,4115255.134],[604539.566,4115252.324],[604535.466,4115252.914],[604535.866,4115255.734],[604539.976,4115255.134]]]}},{"type":"Feature","properties":{"id":"4655402XG0145N_part5","floors":1,"height":3.1,"heightSource":"Catastro:numberOfFloorsAboveGround"},"geometry":{"type":"Polygon","coordinates":[[[604541.886,4115266.4635],[604541.476,4115263.6535],[604537.376,4115264.2435],[604537.786,4115267.0635],[604541.886,4115266.4635]]]}},{"type":"Feature","properties":{"id":"4655402XG0145N_part6","floors":4,"height":12.4,"heightSource":"Catastro:numberOfFloorsAboveGround"},"geometry":{"type":"Polygon","coordinates":[[[604519.086,4115252.924],[604521.196,4115269.1335],[604521.636,4115272.5135],[604521.786,4115273.7035],[604526.126,4115272.9635],[604530.546,4115272.2135],[604534.186,4115271.5935],[604533.456,4115267.2335],[604531.836,4115267.4635],[604530.686,4115259.474],[604526.786,4115260.044],[604525.626,4115251.974],[604519.086,4115252.924]]]}},{"type":"Feature","properties":{"id":"4655402XG0145N_part7","floors":5,"height":15.5,"heightSource":"Catastro:numberOfFloorsAboveGround"},"geometry":{"type":"Polygon","coordinates":[[[604523.6655,4115237.724],[604525.626,4115251.974],[604529.516,4115251.414],[604530.686,4115259.474],[604534.576,4115258.914],[604535.736,4115266.9035],[604533.456,4115267.2335],[604534.186,4115271.5935],[604536.656,4115271.1735],[604551.146,4115268.7135],[604545.6855,4115234.864],[604523.6655,4115237.724]],[[604528.1255,4115241.774],[604532.0255,4115241.214],[604533.186,4115249.274],[604529.286,4115249.834],[604528.1255,4115241.774]],[[604533.4555,4115240.904],[604537.5555,4115240.304],[604537.9655,4115243.124],[604533.8555,4115243.714],[604533.4555,4115240.904]],[[604535.466,4115252.914],[604539.566,4115252.324],[604539.976,4115255.134],[604535.866,4115255.734],[604535.466,4115252.914]],[[604537.376,4115264.2435],[604541.476,4115263.6535],[604541.886,4115266.4635],[604537.786,4115267.0635],[604537.376,4115264.2435]]]}},{"type":"Feature","properties":{"id":"4655402XG0145N_part8","floors":6,"height":18.6,"heightSource":"Catastro:numberOfFloorsAboveGround"},"geometry":{"type":"Polygon","coordinates":[[[604533.186,4115249.274],[604532.0255,4115241.214],[604528.1255,4115241.774],[604529.286,4115249.834],[604533.186,4115249.274]]]}},{"type":"Feature","properties":{"id":"4655402XG0145N_part9","floors":6,"height":18.6,"heightSource":"Catastro:numberOfFloorsAboveGround"},"geometry":{"type":"Polygon","coordinates":[[[604535.736,4115266.9035],[604534.576,4115258.914],[604530.686,4115259.474],[604531.836,4115267.4635],[604533.456,4115267.2335],[604535.736,4115266.9035]]]}},{"type":"Feature","properties":{"id":"4655402XG0145N_part10","floors":3,"height":9.3,"heightSource":"Catastro:numberOfFloorsAboveGround"},"geometry":{"type":"Polygon","coordinates":[[[604520.496,4115269.2335],[604520.936,4115272.6035],[604521.636,4115272.5135],[604521.196,4115269.1335],[604520.496,4115269.2335]]]}},{"type":"Feature","properties":{"id":"4655402XG0145N_part11","floors":4,"height":12.4,"heightSource":"Catastro:numberOfFloorsAboveGround"},"geometry":{"type":"Polygon","coordinates":[[[604536.656,4115271.1735],[604536.766,4115271.9035],[604551.276,4115269.4435],[604551.146,4115268.7135],[604536.656,4115271.1735]]]}},{"type":"Feature","properties":{"id":"4655406XG0145N_part1","floors":1,"height":3.1,"heightSource":"Catastro:numberOfFloorsAboveGround"},"geometry":{"type":"Polygon","coordinates":[[[604496.4055,4115237.264],[604516.1755,4115235.594],[604515.9087647815,4115233.0],[604496.0146333333,4115233.0],[604496.4055,4115237.264]]]}},{"type":"Feature","properties":{"id":"4655407XG0145N_part1","floors":1,"height":3.1,"heightSource":"Catastro:numberOfFloorsAboveGround"},"geometry":{"type":"Polygon","coordinates":[[[604496.7765,4115241.284],[604511.3955,4115240.044],[604514.3355,4115239.794],[604516.45,4115239.6195],[604516.4555,4115239.394],[604516.4855,4115238.574],[604516.1755,4115235.594],[604496.4055,4115237.264],[604496.7355,4115240.844],[604496.7765,4115241.284]]]}},{"type":"Feature","properties":{"id":"4655408XG0145N_part1","floors":4,"height":12.4,"heightSource":"Catastro:numberOfFloorsAboveGround"},"geometry":{"type":"Polygon","coordinates":[[[604496.7755,4115241.284],[604496.8355,4115241.964],[604497.2155,4115246.034],[604504.6655,4115245.374],[604504.6455,4115245.094],[604507.6055,4115244.794],[604507.8755,4115247.784],[604504.9055,4115248.064],[604504.8755,4115247.764],[604497.4455,4115248.424],[604497.8255,4115252.534],[604497.8955,4115253.274],[604501.5255,4115252.814],[604501.996,4115252.7575],[604506.1155,4115252.264],[604506.1755,4115253.194],[604509.9655,4115252.774],[604510.7055,4115252.684],[604511.5555,4115252.594],[604511.4055,4115250.994],[604510.6555,4115251.054],[604510.6155,4115250.504],[604511.3755,4115249.584],[604518.5355,4115248.924],[604518.2855,4115247.114],[604518.0055,4115245.064],[604517.2455,4115239.574],[604517.2455,4115239.554],[604516.45,4115239.6195],[604514.3355,4115239.794],[604514.6355,4115242.724],[604513.8055,4115242.814],[604514.3255,4115248.234],[604512.8255,4115248.384],[604512.3055,4115242.964],[604511.6555,4115243.034],[604511.3955,4115240.044],[604496.7755,4115241.284]]]}},{"type":"Feature","properties":{"id":"4655408XG0145N_part2","floors":5,"height":15.5,"heightSource":"Catastro:numberOfFloorsAboveGround"},"geometry":{"type":"Polygon","coordinates":[[[604497.2155,4115246.034],[604497.4455,4115248.424],[604504.8755,4115247.764],[604504.6655,4115245.374],[604497.2155,4115246.034]]]}},{"type":"Feature","properties":{"id":"4655408XG0145N_part3","floors":1,"height":3.1,"heightSource":"Catastro:numberOfFloorsAboveGround"},"geometry":{"type":"Polygon","coordinates":[[[604504.9055,4115248.064],[604507.8755,4115247.784],[604507.6055,4115244.794],[604504.6455,4115245.094],[604504.6655,4115245.374],[604504.8755,4115247.764],[604504.9055,4115248.064]]]}},{"type":"Feature","properties":{"id":"4655408XG0145N_part4","floors":3,"height":9.3,"heightSource":"Catastro:numberOfFloorsAboveGround"},"geometry":{"type":"Polygon","coordinates":[[[604511.3755,4115249.584],[604510.6155,4115250.504],[604510.6555,4115251.054],[604511.4055,4115250.994],[604511.5555,4115252.594],[604513.2855,4115252.414],[604518.936,4115251.864],[604518.5355,4115248.924],[604511.3755,4115249.584]]]}},{"type":"Feature","properties":{"id":"4655408XG0145N_part5","floors":1,"height":3.1,"heightSource":"Catastro:numberOfFloorsAboveGround"},"geometry":{"type":"Polygon","coordinates":[[[604511.3955,4115240.044],[604511.6555,4115243.034],[604512.3055,4115242.964],[604513.8055,4115242.814],[604514.6355,4115242.724],[604514.3355,4115239.794],[604511.3955,4115240.044]]]}},{"type":"Feature","properties":{"id":"4655408XG0145N_part6","floors":5,"height":15.5,"heightSource":"Catastro:numberOfFloorsAboveGround"},"geometry":{"type":"Polygon","coordinates":[[[604512.3055,4115242.964],[604512.8255,4115248.384],[604514.3255,4115248.234],[604513.8055,4115242.814],[604512.3055,4115242.964]]]}},{"type":"Feature","properties":{"id":"4655409XG0145N_part1","floors":3,"height":9.3,"heightSource":"Catastro:numberOfFloorsAboveGround"},"geometry":{"type":"Polygon","coordinates":[[[604497.0755,4115253.964],[604497.3855,4115257.014],[604498.2355,4115256.924],[604497.8955,4115253.274],[604497.0755,4115253.964]]]}},{"type":"Feature","properties":{"id":"4655409XG0145N_part2","floors":4,"height":12.4,"heightSource":"Catastro:numberOfFloorsAboveGround"},"geometry":{"type":"Polygon","coordinates":[[[604501.5255,4115252.814],[604497.8955,4115253.274],[604498.2355,4115256.924],[604498.596,4115260.744],[604506.9955,4115259.871],[604506.526,4115256.074],[604506.3055,4115254.234],[604502.2955,4115254.744],[604501.996,4115252.7575],[604501.5255,4115252.814]]]}},{"type":"Feature","properties":{"id":"4655409XG0145N_part3","floors":5,"height":15.5,"heightSource":"Catastro:numberOfFloorsAboveGround"},"geometry":{"type":"Polygon","coordinates":[[[604506.1155,4115252.264],[604501.996,4115252.7575],[604502.2955,4115254.744],[604506.3055,4115254.234],[604506.1755,4115253.194],[604506.1155,4115252.264]]]}},{"type":"Feature","properties":{"id":"4655409XG0145N_part4","floors":2,"height":6.2,"heightSource":"Catastro:numberOfFloorsAboveGround"},"geometry":{"type":"Polygon","coordinates":[[[604514.866,4115258.614],[604514.476,4115255.864],[604513.766,4115255.664],[604514.276,4115259.114],[604514.866,4115258.614]]]}},{"type":"Feature","properties":{"id":"4655409XG0145N_part5","floors":3,"height":9.3,"heightSource":"Catastro:numberOfFloorsAboveGround"},"geometry":{"type":"Polygon","coordinates":[[[604513.2855,4115252.414],[604511.5555,4115252.594],[604510.7055,4115252.684],[604509.9655,4115252.774],[604509.102,4115252.8695],[604509.195,4115253.601],[604509.426,4115255.704],[604506.526,4115256.074],[604506.9955,4115259.871],[604514.276,4115259.114],[604513.766,4115255.664],[604513.3935,4115253.142],[604513.2855,4115252.414]]]}},{"type":"Feature","properties":{"id":"4655409XG0145N_part6","floors":1,"height":3.1,"heightSource":"Catastro:numberOfFloorsAboveGround"},"geometry":{"type":"Polygon","coordinates":[[[604506.3055,4115254.234],[604506.526,4115256.074],[604509.426,4115255.704],[604509.195,4115253.601],[604509.102,4115252.8695],[604506.1755,4115253.194],[604506.2665,4115253.921],[604506.3055,4115254.234]]]}},{"type":"Feature","properties":{"id":"4655410XG0145N_part1","floors":1,"height":3.1,"heightSource":"Catastro:numberOfFloorsAboveGround"},"geometry":{"type":"Polygon","coordinates":[[[604516.45,4115239.6195],[604517.2515,4115239.553],[604517.2295,4115239.394],[604517.1055,4115238.494],[604523.6655,4115237.724],[604545.6855,4115234.864],[604545.412975164,4115233.0],[604515.9087647815,4115233.0],[604516.1755,4115235.594],[604516.4855,4115238.574],[604516.4555,4115239.394],[604516.45,4115239.6195]]]}},{"type":"Feature","properties":{"id":"4655801XG0145N_part1","floors":3,"height":9.3,"heightSource":"Catastro:numberOfFloorsAboveGround"},"geometry":{"type":"Polygon","coordinates":[[[604459.407,4115393.6735],[604459.657,4115401.0735],[604465.747,4115400.7535],[604471.237,4115400.4635],[604471.334,4115396.7885],[604468.85,4115396.869],[604465.502,4115396.9775],[604465.459,4115395.654],[604461.098,4115395.7975],[604461.026,4115393.62],[604459.407,4115393.6735]]]}},{"type":"Feature","properties":{"id":"4655801XG0145N_part2","floors":4,"height":12.4,"heightSource":"Catastro:numberOfFloorsAboveGround"},"geometry":{"type":"Polygon","coordinates":[[[604461.026,4115393.62],[604461.098,4115395.7975],[604465.459,4115395.654],[604465.3885,4115393.476],[604461.026,4115393.62]]]}},{"type":"Feature","properties":{"id":"4655801XG0145N_part4","floors":3,"height":9.3,"heightSource":"Catastro:numberOfFloorsAboveGround"},"geometry":{"type":"Polygon","coordinates":[[[604465.459,4115395.654],[604465.502,4115396.9775],[604468.85,4115396.869],[604468.7365,4115393.369],[604467.416,4115393.411],[604467.5295,4115396.6115],[604465.88,4115396.665],[604465.844,4115395.641],[604465.459,4115395.654]]]}},{"type":"Feature","properties":{"id":"4655801XG0145N_part5","floors":4,"height":12.4,"heightSource":"Catastro:numberOfFloorsAboveGround"},"geometry":{"type":"Polygon","coordinates":[[[604465.767,4115393.4635],[604465.844,4115395.641],[604467.0645,4115395.601],[604466.9935,4115393.4245],[604465.767,4115393.4635]]]}},{"type":"Feature","properties":{"id":"4655801XG0145N_part6","floors":3,"height":9.3,"heightSource":"Catastro:numberOfFloorsAboveGround"},"geometry":{"type":"Polygon","coordinates":[[[604467.0645,4115395.601],[604465.844,4115395.641],[604465.88,4115396.665],[604467.5295,4115396.6115],[604467.416,4115393.411],[604466.9935,4115393.4245],[604467.0645,4115395.601]]]}},{"type":"Feature","properties":{"id":"4655801XG0145N_part7","floors":2,"height":6.2,"heightSource":"Catastro:numberOfFloorsAboveGround"},"geometry":{"type":"Polygon","coordinates":[[[604471.427,4115393.2835],[604468.7365,4115393.369],[604468.85,4115396.869],[604471.334,4115396.7885],[604471.427,4115393.2835]]]}},{"type":"Feature","properties":{"id":"4655802XG0145N_part1","floors":1,"height":3.1,"heightSource":"Catastro:numberOfFloorsAboveGround"},"geometry":{"type":"Polygon","coordinates":[[[604459.387,4115388.8335],[604459.327,4115390.4435],[604459.327,4115391.0335],[604459.337,4115392.0635],[604459.407,4115393.6735],[604465.767,4115393.4635],[604471.427,4115393.2835],[604471.647,4115385.7335],[604467.527,4115385.7235],[604467.527,4115385.9635],[604461.267,4115385.8335],[604461.237,4115387.2635],[604459.497,4115387.2235],[604459.387,4115388.8335]]]}},{"type":"Feature","properties":{"id":"4655806XG0145N_part1","floors":1,"height":3.1,"heightSource":"Catastro:numberOfFloorsAboveGround"},"geometry":{"type":"Polygon","coordinates":[[[604460.1565,4115371.4635],[604461.4965,4115371.2435],[604466.987,4115370.3535],[604471.507,4115369.9935],[604470.5965,4115360.7035],[604461.0222,4115362.26665],[604460.5792,4115359.2346],[604458.3829,4115359.5643],[604458.8365,4115362.6235],[604460.1565,4115371.4635]]]}},{"type":"Feature","properties":{"id":"4655807XG0145N_part1","floors":1,"height":3.1,"heightSource":"Catastro:numberOfFloorsAboveGround"},"geometry":{"type":"Polygon","coordinates":[[[604457.5115,4115354.433],[604457.5565,4115354.6635],[604458.0165,4115357.0935],[604458.383,4115359.5645],[604460.579,4115359.2345],[604461.022,4115362.2665],[604470.5965,4115360.7035],[604469.6265,4115354.0335],[604461.6265,4115355.2935],[604461.7695,4115355.998],[604460.7435,4115356.1685],[604460.376,4115353.957],[604457.5115,4115354.433]]]}},{"type":"Feature","properties":{"id":"4655808XG0145N_part1","floors":1,"height":3.1,"heightSource":"Catastro:numberOfFloorsAboveGround"},"geometry":{"type":"Polygon","coordinates":[[[604457.51145,4115354.4332],[604458.6451,4115354.2447],[604457.94435,4115350.4048],[604460.5365,4115349.9235],[604459.79345,4115346.2632],[604457.6165,4115346.6035],[604456.0465,4115346.8635],[604456.7665,4115350.6235],[604457.51145,4115354.4332]]]}},{"type":"Feature","properties":{"id":"4655808XG0145N_part2","floors":1,"height":3.1,"heightSource":"Catastro:numberOfFloorsAboveGround"},"geometry":{"type":"Polygon","coordinates":[[[604465.47845,4115349.2107],[604466.0339,4115352.3428],[604461.17735,4115353.08075],[604461.6265,4115355.2935],[604469.6265,4115354.0335],[604468.8565,4115348.7235],[604465.65635,4115349.18505],[604465.47845,4115349.2107]]]}},{"type":"Feature","properties":{"id":"4655808XG0145N_part3","floors":2,"height":6.2,"heightSource":"Catastro:numberOfFloorsAboveGround"},"geometry":{"type":"Polygon","coordinates":[[[604461.17735,4115353.08075],[604466.0339,4115352.3428],[604465.47845,4115349.2107],[604468.8565,4115348.7235],[604468.3065,4115344.9335],[604467.9165,4115344.9935],[604459.79345,4115346.2632],[604460.5365,4115349.9235],[604461.17735,4115353.08075]]]}},{"type":"Feature","properties":{"id":"4655809XG0145N_part1","floors":2,"height":6.2,"heightSource":"Catastro:numberOfFloorsAboveGround"},"geometry":{"type":"Polygon","coordinates":[[[604456.0465,4115346.8635],[604457.6165,4115346.6035],[604457.0465,4115342.6335],[604454.0965,4115343.1435],[604456.0465,4115346.8635]]]}},{"type":"Feature","properties":{"id":"4655809XG0145N_part2","floors":2,"height":6.2,"heightSource":"Catastro:numberOfFloorsAboveGround"},"geometry":{"type":"Polygon","coordinates":[[[604451.2365,4115337.6735],[604454.0965,4115343.1435],[604457.0465,4115342.6335],[604457.6165,4115346.6035],[604467.9165,4115344.9935],[604466.3865,4115335.0035],[604451.2365,4115337.6735]]]}},{"type":"Feature","properties":{"id":"4655812XG0145N_part1","floors":2,"height":6.2,"heightSource":"Catastro:numberOfFloorsAboveGround"},"geometry":{"type":"Polygon","coordinates":[[[604453.076,4115323.2835],[604453.6765,4115326.9935],[604459.9965,4115326.0135],[604460.4465,4115328.9235],[604465.7165,4115327.9035],[604464.206,4115320.0435],[604458.596,4115321.6735],[604453.076,4115323.2835]]]}},{"type":"Feature","properties":{"id":"4655813XG0145N_part1","floors":2,"height":6.2,"heightSource":"Catastro:numberOfFloorsAboveGround"},"geometry":{"type":"Polygon","coordinates":[[[604453.967,4115320.4745],[604454.7085,4115322.8075],[604458.596,4115321.6735],[604462.464,4115320.5495],[604461.6105,4115317.862],[604462.93,4115317.443],[604461.992,4115314.488],[604457.816,4115315.8135],[604456.536,4115316.2235],[604453.056,4115317.3335],[604451.959,4115317.682],[604452.949,4115320.798],[604453.967,4115320.4745]]]}},{"type":"Feature","properties":{"id":"4655813XG0145N_part2","floors":1,"height":3.1,"heightSource":"Catastro:numberOfFloorsAboveGround"},"geometry":{"type":"Polygon","coordinates":[[[604453.967,4115320.4745],[604452.949,4115320.798],[604453.6825,4115323.1065],[604454.7085,4115322.8075],[604453.967,4115320.4745]]]}},{"type":"Feature","properties":{"id":"4655813XG0145N_part3","floors":1,"height":3.1,"heightSource":"Catastro:numberOfFloorsAboveGround"},"geometry":{"type":"Polygon","coordinates":[[[604462.93,4115317.443],[604461.6105,4115317.862],[604462.464,4115320.5495],[604464.206,4115320.0435],[604463.186,4115314.1035],[604462.226,4115314.4135],[604461.992,4115314.488],[604462.93,4115317.443]]]}},{"type":"Feature","properties":{"id":"4655814XG0145N_part1","floors":2,"height":6.2,"heightSource":"Catastro:numberOfFloorsAboveGround"},"geometry":{"type":"Polygon","coordinates":[[[604461.686,4115311.2935],[604462.226,4115314.4135],[604463.186,4115314.1035],[604462.656,4115311.0035],[604461.686,4115311.2935]]]}},{"type":"Feature","properties":{"id":"4655814XG0145N_part2","floors":2,"height":6.2,"heightSource":"Catastro:numberOfFloorsAboveGround"},"geometry":{"type":"Polygon","coordinates":[[[604456.896,4115312.7035],[604457.816,4115315.8135],[604462.226,4115314.4135],[604461.686,4115311.2935],[604456.896,4115312.7035]]]}},{"type":"Feature","properties":{"id":"4655814XG0145N_part3","floors":3,"height":9.3,"heightSource":"Catastro:numberOfFloorsAboveGround"},"geometry":{"type":"Polygon","coordinates":[[[604452.106,4115314.1135],[604453.056,4115317.3335],[604456.536,4115316.2235],[604457.816,4115315.8135],[604456.896,4115312.7035],[604452.106,4115314.1135]]]}},{"type":"Feature","properties":{"id":"4655815XG0145N_part1","floors":1,"height":3.1,"heightSource":"Catastro:numberOfFloorsAboveGround"},"geometry":{"type":"Polygon","coordinates":[[[604447.606,4115310.9935],[604448.356,4115313.5335],[604448.806,4115315.0835],[604452.106,4115314.1135],[604456.896,4115312.7035],[604461.686,4115311.2935],[604462.656,4115311.0035],[604461.926,4115306.9835],[604447.856,4115310.9235],[604447.606,4115310.9935]]]}},{"type":"Feature","properties":{"id":"4655817XG0145N_part1","floors":1,"height":3.1,"heightSource":"Catastro:numberOfFloorsAboveGround"},"geometry":{"type":"Polygon","coordinates":[[[604450.856,4115305.8735],[604461.176,4115302.8435],[604459.896,4115295.8035],[604451.976,4115297.8835],[604452.466,4115301.3735],[604452.646,4115302.6535],[604450.296,4115303.2935],[604450.856,4115305.8735]]]}},{"type":"Feature","properties":{"id":"4655819XG0145N_part1","floors":1,"height":3.1,"heightSource":"Catastro:numberOfFloorsAboveGround"},"geometry":{"type":"Polygon","coordinates":[[[604436.356,4115296.0035],[604439.546,4115306.2435],[604445.806,4115304.2835],[604442.606,4115293.9335],[604436.356,4115296.0035]]]}},{"type":"Feature","properties":{"id":"4655820XG0145N_part1","floors":3,"height":9.3,"heightSource":"Catastro:numberOfFloorsAboveGround"},"geometry":{"type":"Polygon","coordinates":[[[604444.416,4115314.6735],[604446.806,4115313.9735],[604448.356,4115313.5335],[604447.606,4115310.9935],[604443.696,4115312.0935],[604444.416,4115314.6735]]]}},{"type":"Feature","properties":{"id":"4655820XG0145N_part2","floors":2,"height":6.2,"heightSource":"Catastro:numberOfFloorsAboveGround"},"geometry":{"type":"Polygon","coordinates":[[[604441.586,4115312.6935],[604443.986,4115320.2335],[604449.786,4115318.3735],[604449.046,4115315.8635],[604447.516,4115316.3535],[604446.806,4115313.9735],[604444.416,4115314.6735],[604443.696,4115312.0935],[604441.586,4115312.6935]]]}},{"type":"Feature","properties":{"id":"4655821XG0145N_part1","floors":1,"height":3.1,"heightSource":"Catastro:numberOfFloorsAboveGround"},"geometry":{"type":"Polygon","coordinates":[[[604443.986,4115320.2335],[604445.776,4115325.8335],[604449.816,4115324.2435],[604451.746,4115323.6735],[604450.066,4115318.2835],[604449.786,4115318.3735],[604443.986,4115320.2335]]]}},{"type":"Feature","properties":{"id":"4655823XG0145N_part1","floors":2,"height":6.2,"heightSource":"Catastro:numberOfFloorsAboveGround"},"geometry":{"type":"Polygon","coordinates":[[[604446.776,4115307.4335],[604445.806,4115304.2835],[604439.546,4115306.2435],[604441.586,4115312.6935],[604443.696,4115312.0935],[604444.289,4115311.9265],[604443.66,4115309.66],[604447.1615,4115308.6795],[604446.776,4115307.4335]]]}},{"type":"Feature","properties":{"id":"4655823XG0145N_part2","floors":3,"height":9.3,"heightSource":"Catastro:numberOfFloorsAboveGround"},"geometry":{"type":"Polygon","coordinates":[[[604443.66,4115309.66],[604444.289,4115311.9265],[604447.606,4115310.9935],[604447.856,4115310.9235],[604447.1615,4115308.6795],[604443.66,4115309.66]]]}},{"type":"Feature","properties":{"id":"4656101XG0145N_part1","floors":1,"height":3.1,"heightSource":"Catastro:numberOfFloorsAboveGround"},"geometry":{"type":"Polygon","coordinates":[[[604508.248,4115469.2335],[604507.448,4115466.3435],[604504.678,4115467.2035],[604505.608,4115470.0035],[604508.248,4115469.2335]]]}},{"type":"Feature","properties":{"id":"4656101XG0145N_part2","floors":4,"height":12.4,"heightSource":"Catastro:numberOfFloorsAboveGround"},"geometry":{"type":"Polygon","coordinates":[[[604496.568,4115465.7135],[604496.938,4115466.9835],[604493.078,4115468.1035],[604493.828,4115470.7135],[604489.028,4115472.0035],[604492.168,4115483.6435],[604497.608,4115481.6235],[604496.518,4115479.0635],[604494.178,4115479.8435],[604493.048,4115476.4935],[604497.798,4115474.8035],[604499.798,4115480.8035],[604518.318,4115473.9535],[604514.578,4115460.4735],[604496.568,4115465.7135]],[[604495.368,4115470.1635],[604498.098,4115469.2435],[604499.058,4115472.0535],[604496.328,4115472.9835],[604495.368,4115470.1635]],[[604504.678,4115467.2035],[604507.448,4115466.3435],[604508.248,4115469.2335],[604505.608,4115470.0035],[604504.678,4115467.2035]]]}},{"type":"Feature","properties":{"id":"4656101XG0145N_part3","floors":1,"height":3.1,"heightSource":"Catastro:numberOfFloorsAboveGround"},"geometry":{"type":"Polygon","coordinates":[[[604498.098,4115469.2435],[604495.368,4115470.1635],[604496.328,4115472.9835],[604499.058,4115472.0535],[604498.098,4115469.2435]]]}},{"type":"Feature","properties":{"id":"4656101XG0145N_part4","floors":5,"height":15.5,"heightSource":"Catastro:numberOfFloorsAboveGround"},"geometry":{"type":"Polygon","coordinates":[[[604497.798,4115474.8035],[604493.048,4115476.4935],[604494.178,4115479.8435],[604496.518,4115479.0635],[604497.608,4115481.6235],[604499.798,4115480.8035],[604497.798,4115474.8035]]]}},{"type":"Feature","properties":{"id":"4656104XG0145N_part1","floors":4,"height":12.4,"heightSource":"Catastro:numberOfFloorsAboveGround"},"geometry":{"type":"Polygon","coordinates":[[[604491.1675,4115461.1135],[604491.568,4115463.0435],[604487.058,4115463.9435],[604489.028,4115472.0035],[604493.828,4115470.7135],[604493.078,4115468.1035],[604496.938,4115466.9835],[604496.568,4115465.7135],[604507.7075,4115462.4725],[604506.1875,4115456.713],[604497.7875,4115459.174],[604498.848,4115463.1835],[604495.078,4115464.1835],[604494.0375,4115460.273],[604491.1675,4115461.1135]]]}},{"type":"Feature","properties":{"id":"4656104XG0145N_part2","floors":3,"height":9.3,"heightSource":"Catastro:numberOfFloorsAboveGround"},"geometry":{"type":"Polygon","coordinates":[[[604506.1875,4115456.713],[604507.7075,4115462.4725],[604514.578,4115460.4735],[604513.048,4115454.7035],[604506.1875,4115456.713]]]}},{"type":"Feature","properties":{"id":"4656105XG0145N_part1","floors":2,"height":6.2,"heightSource":"Catastro:numberOfFloorsAboveGround"},"geometry":{"type":"Polygon","coordinates":[[[604484.8575,4115453.5135],[604487.058,4115463.9435],[604491.568,4115463.0435],[604491.1675,4115461.1135],[604513.048,4115454.7035],[604511.0875,4115447.3235],[604496.2375,4115450.7135],[604494.9575,4115451.1335],[604495.9775,4115454.5735],[604493.8475,4115455.1235],[604493.3575,4115454.7235],[604492.5975,4115451.6835],[604484.8575,4115453.5135]]]}},{"type":"Feature","properties":{"id":"4656106XG0145N_part1","floors":3,"height":9.3,"heightSource":"Catastro:numberOfFloorsAboveGround"},"geometry":{"type":"Polygon","coordinates":[[[604483.1575,4115445.4235],[604486.3475,4115444.7435],[604485.7275,4115442.2035],[604482.6275,4115442.8935],[604483.1575,4115445.4235]]]}},{"type":"Feature","properties":{"id":"4656106XG0145N_part2","floors":2,"height":6.2,"heightSource":"Catastro:numberOfFloorsAboveGround"},"geometry":{"type":"Polygon","coordinates":[[[604486.3475,4115444.7435],[604483.1575,4115445.4235],[604484.8575,4115453.5135],[604492.5975,4115451.6835],[604494.9575,4115451.1335],[604496.2375,4115450.7135],[604511.0875,4115447.3235],[604509.0975,4115439.7835],[604498.2975,4115442.6635],[604495.1575,4115443.5035],[604494.5375,4115440.2035],[604490.4475,4115440.8535],[604490.5075,4115441.1535],[604485.7275,4115442.2035],[604486.3475,4115444.7435]]]}},{"type":"Feature","properties":{"id":"4656107XG0145N_part1","floors":3,"height":9.3,"heightSource":"Catastro:numberOfFloorsAboveGround"},"geometry":{"type":"Polygon","coordinates":[[[604509.0975,4115439.7835],[604509.5975,4115438.9235],[604508.2775,4115434.0335],[604507.4375,4115433.4835],[604509.0975,4115439.7835]]]}},{"type":"Feature","properties":{"id":"4656107XG0145N_part2","floors":1,"height":3.1,"heightSource":"Catastro:numberOfFloorsAboveGround"},"geometry":{"type":"Polygon","coordinates":[[[604497.4375,4115439.4335],[604494.5375,4115440.2035],[604495.1575,4115443.5035],[604498.2975,4115442.6635],[604497.4375,4115439.4335]]]}},{"type":"Feature","properties":{"id":"4656107XG0145N_part3","floors":4,"height":12.4,"heightSource":"Catastro:numberOfFloorsAboveGround"},"geometry":{"type":"Polygon","coordinates":[[[604489.7275,4115437.2535],[604490.4475,4115440.8535],[604494.5375,4115440.2035],[604497.4375,4115439.4335],[604498.2975,4115442.6635],[604509.0975,4115439.7835],[604507.4375,4115433.4835],[604489.7275,4115437.2535]]]}},{"type":"Feature","properties":{"id":"4656107XG0145N_part4","floors":5,"height":15.5,"heightSource":"Catastro:numberOfFloorsAboveGround"},"geometry":{"type":"Polygon","coordinates":[[[604481.8275,4115439.0135],[604482.6275,4115442.8935],[604485.7275,4115442.2035],[604490.5075,4115441.1535],[604490.4475,4115440.8535],[604489.7275,4115437.2535],[604481.8275,4115439.0135]]]}},{"type":"Feature","properties":{"id":"4656108XG0145N_part1","floors":2,"height":6.2,"heightSource":"Catastro:numberOfFloorsAboveGround"},"geometry":{"type":"Polygon","coordinates":[[[604481.0375,4115435.2235],[604481.8275,4115439.0135],[604489.7275,4115437.2535],[604507.4375,4115433.4835],[604506.2775,4115429.0035],[604496.3975,4115431.0835],[604496.6375,4115432.0735],[604484.9175,4115434.4335],[604481.0375,4115435.2235]]]}},{"type":"Feature","properties":{"id":"4656109XG0145N_part1","floors":1,"height":3.1,"heightSource":"Catastro:numberOfFloorsAboveGround"},"geometry":{"type":"Polygon","coordinates":[[[604481.0375,4115435.2235],[604484.9175,4115434.4335],[604484.4975,4115432.4935],[604480.6375,4115433.2635],[604481.0375,4115435.2235]]]}},{"type":"Feature","properties":{"id":"4656109XG0145N_part2","floors":1,"height":3.1,"heightSource":"Catastro:numberOfFloorsAboveGround"},"geometry":{"type":"Polygon","coordinates":[[[604479.2875,4115426.7235],[604479.8375,4115429.4035],[604483.6675,4115428.6035],[604483.1775,4115426.3035],[604483.3875,4115426.2535],[604483.2875,4115425.8935],[604479.2875,4115426.7235]]]}},{"type":"Feature","properties":{"id":"4656109XG0145N_part3","floors":2,"height":6.2,"heightSource":"Catastro:numberOfFloorsAboveGround"},"geometry":{"type":"Polygon","coordinates":[[[604483.3875,4115426.2535],[604483.1775,4115426.3035],[604483.6675,4115428.6035],[604484.4975,4115432.4935],[604484.9175,4115434.4335],[604496.6375,4115432.0735],[604496.3975,4115431.0835],[604506.2775,4115429.0035],[604504.3375,4115421.5435],[604489.3575,4115424.6435],[604483.2875,4115425.8935],[604483.3875,4115426.2535]]]}},{"type":"Feature","properties":{"id":"4656110XG0145N_part1","floors":4,"height":12.4,"heightSource":"Catastro:numberOfFloorsAboveGround"},"geometry":{"type":"Polygon","coordinates":[[[604487.4975,4115415.9235],[604489.3575,4115424.6435],[604504.3375,4115421.5435],[604502.0775,4115412.8135],[604497.0175,4115413.8835],[604497.5575,4115416.4635],[604494.6275,4115417.0835],[604494.0775,4115414.5135],[604487.4975,4115415.9235]]]}},{"type":"Feature","properties":{"id":"4656110XG0145N_part2","floors":5,"height":15.5,"heightSource":"Catastro:numberOfFloorsAboveGround"},"geometry":{"type":"Polygon","coordinates":[[[604494.0775,4115414.5135],[604494.6275,4115417.0835],[604497.5575,4115416.4635],[604497.0175,4115413.8835],[604494.0775,4115414.5135]]]}},{"type":"Feature","properties":{"id":"4656113XG0145N_part1","floors":2,"height":6.2,"heightSource":"Catastro:numberOfFloorsAboveGround"},"geometry":{"type":"Polygon","coordinates":[[[604494.0775,4115414.5135],[604497.0175,4115413.8835],[604502.0775,4115412.8135],[604501.1775,4115409.3635],[604486.467,4115412.0935],[604484.857,4115405.2635],[604475.337,4115407.5935],[604477.6375,4115418.7435],[604487.4975,4115415.9235],[604494.0775,4115414.5135]]]}},{"type":"Feature","properties":{"id":"4656203XG0145N_part1","floors":1,"height":3.1,"heightSource":"Catastro:numberOfFloorsAboveGround"},"geometry":{"type":"Polygon","coordinates":[[[604541.1175,4115428.2235],[604539.5675,4115428.8035],[604540.2075,4115430.5035],[604543.3075,4115429.3435],[604541.6275,4115424.8935],[604540.0775,4115425.4635],[604541.1175,4115428.2235]]]}},{"type":"Feature","properties":{"id":"4656203XG0145N_part2","floors":2,"height":6.2,"heightSource":"Catastro:numberOfFloorsAboveGround"},"geometry":{"type":"Polygon","coordinates":[[[604533.9875,4115423.0335],[604535.2375,4115427.2835],[604540.0775,4115425.4635],[604541.6275,4115424.8935],[604543.3075,4115429.3435],[604540.2075,4115430.5035],[604536.5875,4115431.8835],[604537.8375,4115436.1235],[604554.8475,4115429.6035],[604550.0675,4115416.9435],[604533.9875,4115423.0335]]]}},{"type":"Feature","properties":{"id":"4656204XG0145N_part1","floors":1,"height":3.1,"heightSource":"Catastro:numberOfFloorsAboveGround"},"geometry":{"type":"Polygon","coordinates":[[[604532.3775,4115416.9835],[604533.0775,4115420.0335],[604533.9875,4115423.0335],[604550.0675,4115416.9435],[604547.8775,4115411.1435],[604532.3775,4115416.9835]]]}},{"type":"Feature","properties":{"id":"4656205XG0145N_part1","floors":2,"height":6.2,"heightSource":"Catastro:numberOfFloorsAboveGround"},"geometry":{"type":"Polygon","coordinates":[[[604526.4375,4115405.9035],[604527.2275,4115408.0235],[604530.1275,4115415.7235],[604530.8275,4115417.5735],[604532.3775,4115416.9835],[604547.8775,4115411.1435],[604543.4975,4115399.4935],[604526.4375,4115405.9035]],[[604534.1775,4115407.1135],[604541.8475,4115404.2235],[604543.4375,4115408.4335],[604535.7675,4115411.3235],[604534.1775,4115407.1135]]]}},{"type":"Feature","properties":{"id":"4656205XG0145N_part2","floors":3,"height":9.3,"heightSource":"Catastro:numberOfFloorsAboveGround"},"geometry":{"type":"Polygon","coordinates":[[[604543.4375,4115408.4335],[604541.8475,4115404.2235],[604534.1775,4115407.1135],[604535.7675,4115411.3235],[604543.4375,4115408.4335]]]}},{"type":"Feature","properties":{"id":"4656207XG0145N_part1","floors":4,"height":12.4,"heightSource":"Catastro:numberOfFloorsAboveGround"},"geometry":{"type":"Polygon","coordinates":[[[604511.707,4115397.9935],[604512.087,4115399.7935],[604514.3975,4115410.6935],[604522.3175,4115409.0535],[604521.2575,4115403.9935],[604518.2975,4115404.5935],[604517.627,4115401.5935],[604520.427,4115400.9435],[604519.397,4115396.2135],[604511.707,4115397.9935]]]}},{"type":"Feature","properties":{"id":"4656207XG0145N_part2","floors":3,"height":9.3,"heightSource":"Catastro:numberOfFloorsAboveGround"},"geometry":{"type":"Polygon","coordinates":[[[604511.497,4115399.9135],[604513.8075,4115410.8135],[604514.3975,4115410.6935],[604512.087,4115399.7935],[604511.497,4115399.9135]]]}},{"type":"Feature","properties":{"id":"4656207XG0145N_part3","floors":3,"height":9.3,"heightSource":"Catastro:numberOfFloorsAboveGround"},"geometry":{"type":"Polygon","coordinates":[[[604518.787,4115395.7335],[604511.567,4115397.4135],[604511.707,4115397.9935],[604519.397,4115396.2135],[604518.787,4115395.7335]]]}},{"type":"Feature","properties":{"id":"4656209XG0145N_part1","floors":3,"height":9.3,"heightSource":"Catastro:numberOfFloorsAboveGround"},"geometry":{"type":"Polygon","coordinates":[[[604518.1475,4115425.8035],[604519.0775,4115429.7735],[604519.3075,4115430.7235],[604519.9875,4115433.6535],[604520.0875,4115434.0635],[604530.9075,4115430.7235],[604529.2375,4115423.5135],[604526.2975,4115424.1235],[604526.9775,4115427.0435],[604521.7775,4115428.1135],[604521.0875,4115425.1935],[604518.1475,4115425.8035]]]}},{"type":"Feature","properties":{"id":"4656209XG0145N_part2","floors":2,"height":6.2,"heightSource":"Catastro:numberOfFloorsAboveGround"},"geometry":{"type":"Polygon","coordinates":[[[604517.6175,4115427.0335],[604518.2975,4115429.9535],[604519.0775,4115429.7735],[604518.1475,4115425.8035],[604517.6175,4115427.0335]]]}},{"type":"Feature","properties":{"id":"4656209XG0145N_part3","floors":2,"height":6.2,"heightSource":"Catastro:numberOfFloorsAboveGround"},"geometry":{"type":"Polygon","coordinates":[[[604518.5275,4115430.9135],[604519.2075,4115433.8335],[604519.9875,4115433.6535],[604519.3075,4115430.7235],[604518.5275,4115430.9135]]]}},{"type":"Feature","properties":{"id":"4656209XG0145N_part4","floors":4,"height":12.4,"heightSource":"Catastro:numberOfFloorsAboveGround"},"geometry":{"type":"Polygon","coordinates":[[[604521.0875,4115425.1935],[604521.7775,4115428.1135],[604526.9775,4115427.0435],[604526.2975,4115424.1235],[604521.0875,4115425.1935]]]}},{"type":"Feature","properties":{"id":"4656210XG0145N_part1","floors":1,"height":3.1,"heightSource":"Catastro:numberOfFloorsAboveGround"},"geometry":{"type":"Polygon","coordinates":[[[604532.7175,4115436.4735],[604532.1475,4115434.6035],[604530.9075,4115430.7235],[604520.0875,4115434.0635],[604522.0265,4115441.6205],[604533.1275,4115437.912],[604532.7175,4115436.4735]]]}},{"type":"Feature","properties":{"id":"4656301XG0145N_part1","floors":1,"height":3.1,"heightSource":"Catastro:numberOfFloorsAboveGround"},"geometry":{"type":"Polygon","coordinates":[[[604522.007,4115380.7035],[604522.947,4115383.8535],[604526.477,4115382.5835],[604526.417,4115382.3235],[604525.777,4115379.7435],[604522.007,4115380.7035]]]}},{"type":"Feature","properties":{"id":"4656301XG0145N_part2","floors":4,"height":12.4,"heightSource":"Catastro:numberOfFloorsAboveGround"},"geometry":{"type":"Polygon","coordinates":[[[604510.087,4115384.2735],[604510.147,4115384.8835],[604510.927,4115392.6535],[604521.827,4115389.3235],[604527.697,4115387.5335],[604526.477,4115382.5835],[604522.947,4115383.8535],[604520.227,4115384.8135],[604520.267,4115385.2735],[604516.797,4115386.3135],[604515.517,4115382.6435],[604510.087,4115384.2735]]]}},{"type":"Feature","properties":{"id":"4656301XG0145N_part3","floors":3,"height":9.3,"heightSource":"Catastro:numberOfFloorsAboveGround"},"geometry":{"type":"Polygon","coordinates":[[[604510.927,4115392.6535],[604511.087,4115393.1735],[604521.987,4115389.8435],[604521.827,4115389.3235],[604510.927,4115392.6535]]]}},{"type":"Feature","properties":{"id":"4656301XG0145N_part4","floors":5,"height":15.5,"heightSource":"Catastro:numberOfFloorsAboveGround"},"geometry":{"type":"Polygon","coordinates":[[[604522.007,4115380.7035],[604515.517,4115382.6435],[604516.797,4115386.3135],[604520.267,4115385.2735],[604520.227,4115384.8135],[604522.947,4115383.8535],[604522.007,4115380.7035]]]}},{"type":"Feature","properties":{"id":"4656301XG0145N_part5","floors":3,"height":9.3,"heightSource":"Catastro:numberOfFloorsAboveGround"},"geometry":{"type":"Polygon","coordinates":[[[604509.467,4115385.0635],[604509.877,4115387.1435],[604509.637,4115387.2135],[604510.067,4115389.8035],[604509.797,4115389.8935],[604510.297,4115392.7835],[604510.927,4115392.6535],[604510.147,4115384.8835],[604509.467,4115385.0635]]]}},{"type":"Feature","properties":{"id":"4656302XG0145N_part1","floors":1,"height":3.1,"heightSource":"Catastro:numberOfFloorsAboveGround"},"geometry":{"type":"Polygon","coordinates":[[[604528.497,4115381.6635],[604527.297,4115378.1635],[604525.347,4115378.7235],[604525.777,4115379.7435],[604526.417,4115382.3235],[604528.497,4115381.6635]]]}},{"type":"Feature","properties":{"id":"4656302XG0145N_part2","floors":2,"height":6.2,"heightSource":"Catastro:numberOfFloorsAboveGround"},"geometry":{"type":"Polygon","coordinates":[[[604532.487,4115374.1335],[604533.597,4115377.7335],[604536.537,4115376.9035],[604535.367,4115373.2935],[604534.217,4115373.6335],[604532.487,4115374.1335]]]}},{"type":"Feature","properties":{"id":"4656302XG0145N_part3","floors":3,"height":9.3,"heightSource":"Catastro:numberOfFloorsAboveGround"},"geometry":{"type":"Polygon","coordinates":[[[604524.467,4115376.4035],[604525.347,4115378.7235],[604527.297,4115378.1635],[604528.497,4115381.6635],[604526.417,4115382.3235],[604526.477,4115382.5835],[604527.697,4115387.5335],[604538.867,4115384.1135],[604536.537,4115376.9035],[604533.597,4115377.7335],[604532.487,4115374.1335],[604528.357,4115375.2935],[604524.467,4115376.4035]]]}},{"type":"Feature","properties":{"id":"4656303XG0145N_part1","floors":1,"height":3.1,"heightSource":"Catastro:numberOfFloorsAboveGround"},"geometry":{"type":"Polygon","coordinates":[[[604522.527,4115368.7335],[604524.487,4115368.1035],[604523.847,4115366.1235],[604523.667,4115365.8035],[604523.437,4115365.5135],[604523.147,4115365.2835],[604522.817,4115365.1135],[604522.457,4115365.0135],[604521.727,4115365.0135],[604519.737,4115365.6835],[604520.457,4115367.8035],[604520.697,4115368.1435],[604521.007,4115368.4235],[604521.377,4115368.6235],[604521.777,4115368.7435],[604522.527,4115368.7335]]]}},{"type":"Feature","properties":{"id":"4656303XG0145N_part2","floors":3,"height":9.3,"heightSource":"Catastro:numberOfFloorsAboveGround"},"geometry":{"type":"Polygon","coordinates":[[[604528.767,4115356.7535],[604530.417,4115361.8535],[604531.557,4115361.4835],[604529.917,4115356.3935],[604528.767,4115356.7535]]]}},{"type":"Feature","properties":{"id":"4656303XG0145N_part3","floors":3,"height":9.3,"heightSource":"Catastro:numberOfFloorsAboveGround"},"geometry":{"type":"Polygon","coordinates":[[[604532.347,4115367.8535],[604534.217,4115373.6335],[604535.367,4115373.2935],[604533.497,4115367.4835],[604532.347,4115367.8535]]]}},{"type":"Feature","properties":{"id":"4656303XG0145N_part4","floors":3,"height":9.3,"heightSource":"Catastro:numberOfFloorsAboveGround"},"geometry":{"type":"Polygon","coordinates":[[[604523.637,4115358.3235],[604525.947,4115366.8235],[604528.357,4115375.2935],[604532.487,4115374.1335],[604534.217,4115373.6335],[604532.347,4115367.8535],[604533.497,4115367.4835],[604531.557,4115361.4835],[604530.417,4115361.8535],[604528.767,4115356.7535],[604528.627,4115356.7835],[604523.637,4115358.3235]]]}},{"type":"Feature","properties":{"id":"4656303XG0145N_part5","floors":2,"height":6.2,"heightSource":"Catastro:numberOfFloorsAboveGround"},"geometry":{"type":"Polygon","coordinates":[[[604531.557,4115361.4835],[604533.497,4115367.4835],[604533.877,4115367.3635],[604531.937,4115361.3635],[604531.557,4115361.4835]]]}},{"type":"Feature","properties":{"id":"4656303XG0145N_part6","floors":4,"height":12.4,"heightSource":"Catastro:numberOfFloorsAboveGround"},"geometry":{"type":"Polygon","coordinates":[[[604512.097,4115361.6435],[604513.137,4115364.5735],[604515.247,4115370.5435],[604518.027,4115369.6935],[604519.267,4115373.4635],[604522.577,4115372.3235],[604523.937,4115375.2535],[604524.467,4115376.4035],[604528.357,4115375.2935],[604525.947,4115366.8235],[604523.637,4115358.3235],[604517.557,4115360.2135],[604512.097,4115361.6435]],[[604521.377,4115368.6235],[604521.007,4115368.4235],[604520.697,4115368.1435],[604520.457,4115367.8035],[604519.737,4115365.6835],[604521.727,4115365.0135],[604522.457,4115365.0135],[604522.817,4115365.1135],[604523.147,4115365.2835],[604523.437,4115365.5135],[604523.667,4115365.8035],[604523.847,4115366.1235],[604524.487,4115368.1035],[604522.527,4115368.7335],[604521.777,4115368.7435],[604521.377,4115368.6235]]]}},{"type":"Feature","properties":{"id":"4656305XG0145N_part1","floors":2,"height":6.2,"heightSource":"Catastro:numberOfFloorsAboveGround"},"geometry":{"type":"Polygon","coordinates":[[[604512.0265,4115345.4335],[604506.2765,4115346.2835],[604507.0465,4115353.9135],[604512.4365,4115352.7535],[604512.987,4115354.9835],[604515.527,4115353.9835],[604526.537,4115350.5435],[604527.887,4115350.1135],[604525.1165,4115341.5235],[604521.3665,4115342.6735],[604518.9065,4115343.4235],[604517.6465,4115343.8135],[604517.9865,4115345.5135],[604515.8665,4115346.1135],[604515.5865,4115344.4035],[604512.0265,4115345.4335]]]}},{"type":"Feature","properties":{"id":"4656306XG0145N_part1","floors":1,"height":3.1,"heightSource":"Catastro:numberOfFloorsAboveGround"},"geometry":{"type":"Polygon","coordinates":[[[604525.1165,4115341.5235],[604522.7165,4115334.0835],[604512.2765,4115337.0935],[604511.7245,4115337.253],[604512.958,4115341.5255],[604516.6745,4115340.451],[604517.6465,4115343.8135],[604518.9065,4115343.4235],[604518.0465,4115340.6535],[604520.5465,4115339.9335],[604521.3665,4115342.6735],[604525.1165,4115341.5235]]]}},{"type":"Feature","properties":{"id":"4656307XG0145N_part1","floors":3,"height":9.3,"heightSource":"Catastro:numberOfFloorsAboveGround"},"geometry":{"type":"Polygon","coordinates":[[[604505.028,4115339.186],[604505.664,4115345.669],[604506.21,4115345.615],[604506.0035,4115343.5355],[604505.5565,4115339.0335],[604505.028,4115339.186]]]}},{"type":"Feature","properties":{"id":"4656307XG0145N_part2","floors":4,"height":12.4,"heightSource":"Catastro:numberOfFloorsAboveGround"},"geometry":{"type":"Polygon","coordinates":[[[604511.7245,4115337.253],[604505.5565,4115339.0335],[604506.0035,4115343.5355],[604506.21,4115345.615],[604506.2765,4115346.2835],[604512.0265,4115345.4335],[604515.5865,4115344.4035],[604517.6465,4115343.8135],[604516.6745,4115340.451],[604512.958,4115341.5255],[604511.7245,4115337.253]],[[604513.4095,4115343.0875],[604511.6465,4115343.597],[604511.1955,4115342.035],[604512.958,4115341.5255],[604513.4095,4115343.0875]]]}},{"type":"Feature","properties":{"id":"4656308XG0145N_part1","floors":4,"height":12.4,"heightSource":"Catastro:numberOfFloorsAboveGround"},"geometry":{"type":"Polygon","coordinates":[[[604523.637,4115358.3235],[604528.627,4115356.7835],[604528.767,4115356.7535],[604529.917,4115356.3935],[604527.887,4115350.1135],[604526.537,4115350.5435],[604517.599,4115353.336],[604519.7775,4115359.523],[604523.637,4115358.3235]]]}},{"type":"Feature","properties":{"id":"4656308XG0145N_part2","floors":4,"height":12.4,"heightSource":"Catastro:numberOfFloorsAboveGround"},"geometry":{"type":"Polygon","coordinates":[[[604508.257,4115366.0235],[604513.137,4115364.5735],[604512.097,4115361.6435],[604517.557,4115360.2135],[604519.7775,4115359.523],[604517.599,4115353.336],[604515.527,4115353.9835],[604512.987,4115354.9835],[604512.4365,4115352.7535],[604507.0465,4115353.9135],[604507.307,4115356.5035],[604508.257,4115366.0235]]]}},{"type":"Feature","properties":{"id":"4656309XG0145N_part1","floors":1,"height":3.1,"heightSource":"Catastro:numberOfFloorsAboveGround"},"geometry":{"type":"Polygon","coordinates":[[[604520.257,4115376.1935],[604522.617,4115375.5835],[604523.937,4115375.2535],[604522.577,4115372.3235],[604519.267,4115373.4635],[604520.257,4115376.1935]]]}},{"type":"Feature","properties":{"id":"4656309XG0145N_part2","floors":4,"height":12.4,"heightSource":"Catastro:numberOfFloorsAboveGround"},"geometry":{"type":"Polygon","coordinates":[[[604508.257,4115366.0235],[604509.657,4115380.0135],[604520.487,4115376.8135],[604520.257,4115376.1935],[604519.267,4115373.4635],[604518.027,4115369.6935],[604515.247,4115370.5435],[604513.137,4115364.5735],[604508.257,4115366.0235]]]}},{"type":"Feature","properties":{"id":"4656310XG0145N_part1","floors":2,"height":6.2,"heightSource":"Catastro:numberOfFloorsAboveGround"},"geometry":{"type":"Polygon","coordinates":[[[604509.657,4115380.0135],[604510.087,4115384.2735],[604515.517,4115382.6435],[604522.007,4115380.7035],[604525.777,4115379.7435],[604525.347,4115378.7235],[604524.467,4115376.4035],[604523.937,4115375.2535],[604522.617,4115375.5835],[604523.207,4115377.3835],[604521.887,4115377.7835],[604521.497,4115376.4935],[604520.487,4115376.8135],[604509.657,4115380.0135]]]}},{"type":"Feature","properties":{"id":"4656403XG0145N_part1","floors":1,"height":3.1,"heightSource":"Catastro:numberOfFloorsAboveGround"},"geometry":{"type":"Polygon","coordinates":[[[604533.807,4115347.5035],[604534.877,4115350.9335],[604542.917,4115348.3335],[604541.807,4115344.5635],[604533.807,4115347.5035]]]}},{"type":"Feature","properties":{"id":"4656404XG0145N_part1","floors":1,"height":3.1,"heightSource":"Catastro:numberOfFloorsAboveGround"},"geometry":{"type":"Polygon","coordinates":[[[604536.8465,4115342.6435],[604532.7065,4115344.0135],[604533.807,4115347.5035],[604541.807,4115344.5635],[604540.7265,4115340.9435],[604536.7465,4115342.3535],[604536.8465,4115342.6435]]]}},{"type":"Feature","properties":{"id":"4656405XG0145N_part1","floors":3,"height":9.3,"heightSource":"Catastro:numberOfFloorsAboveGround"},"geometry":{"type":"Polygon","coordinates":[[[604537.5565,4115330.1935],[604529.0865,4115332.4535],[604531.9365,4115341.5635],[604536.0665,4115340.2135],[604536.7465,4115342.3535],[604540.7265,4115340.9435],[604537.5565,4115330.1935]]]}},{"type":"Feature","properties":{"id":"4656405XG0145N_part2","floors":4,"height":12.4,"heightSource":"Catastro:numberOfFloorsAboveGround"},"geometry":{"type":"Polygon","coordinates":[[[604536.0665,4115340.2135],[604531.9365,4115341.5635],[604532.7065,4115344.0135],[604536.8465,4115342.6435],[604536.7465,4115342.3535],[604536.0665,4115340.2135]]]}},{"type":"Feature","properties":{"id":"4656405XG0145N_part3","floors":2,"height":6.2,"heightSource":"Catastro:numberOfFloorsAboveGround"},"geometry":{"type":"Polygon","coordinates":[[[604528.7065,4115332.5735],[604531.5565,4115341.6835],[604531.9365,4115341.5635],[604529.0865,4115332.4535],[604528.7065,4115332.5735]]]}},{"type":"Feature","properties":{"id":"4657001XG0145N_part1","floors":2,"height":6.2,"heightSource":"Catastro:numberOfFloorsAboveGround"},"geometry":{"type":"Polygon","coordinates":[[[604470.98,4115503.64],[604470.92,4115503.84],[604470.87,4115504.16],[604470.89,4115504.37],[604472.38,4115513.13],[604472.46,4115513.4],[604472.62,4115513.64],[604472.97,4115513.88],[604473.25,4115513.94],[604473.54,4115513.92],[604487.08,4115511.22],[604486.97,4115510.73],[604472.961,4115513.52],[604471.208,4115503.2835],[604470.98,4115503.64]]]}},{"type":"Feature","properties":{"id":"4657001XG0145N_part2","floors":4,"height":12.4,"heightSource":"Catastro:numberOfFloorsAboveGround"},"geometry":{"type":"Polygon","coordinates":[[[604476.688,4115502.1435],[604471.208,4115503.2835],[604472.961,4115513.52],[604486.97,4115510.73],[604485.64,4115504.42],[604482.21,4115505.12],[604482.13,4115504.71],[604481.75,4115504.79],[604482.37,4115507.76],[604478.89,4115508.48],[604478.27,4115505.51],[604477.67,4115505.63],[604476.9305,4115502.093],[604476.688,4115502.1435]]]}},{"type":"Feature","properties":{"id":"4657001XG0145N_part3","floors":3,"height":9.3,"heightSource":"Catastro:numberOfFloorsAboveGround"},"geometry":{"type":"Polygon","coordinates":[[[604476.9305,4115502.093],[604477.67,4115505.63],[604478.27,4115505.51],[604477.99,4115504.16],[604479.28,4115503.89],[604478.82,4115501.699],[604476.9305,4115502.093]]]}},{"type":"Feature","properties":{"id":"4657001XG0145N_part4","floors":4,"height":12.4,"heightSource":"Catastro:numberOfFloorsAboveGround"},"geometry":{"type":"Polygon","coordinates":[[[604477.99,4115504.16],[604478.27,4115505.51],[604481.75,4115504.79],[604481.47,4115503.44],[604479.28,4115503.89],[604477.99,4115504.16]]]}},{"type":"Feature","properties":{"id":"4657001XG0145N_part5","floors":5,"height":15.5,"heightSource":"Catastro:numberOfFloorsAboveGround"},"geometry":{"type":"Polygon","coordinates":[[[604478.27,4115505.51],[604478.89,4115508.48],[604482.37,4115507.76],[604481.75,4115504.79],[604478.27,4115505.51]]]}},{"type":"Feature","properties":{"id":"4657001XG0145N_part6","floors":3,"height":9.3,"heightSource":"Catastro:numberOfFloorsAboveGround"},"geometry":{"type":"Polygon","coordinates":[[[604483.248,4115500.7835],[604481.0205,4115501.2425],[604481.47,4115503.44],[604481.75,4115504.79],[604482.13,4115504.71],[604482.21,4115505.12],[604485.64,4115504.42],[604484.839,4115500.456],[604483.248,4115500.7835]]]}},{"type":"Feature","properties":{"id":"4657001XG0145N_part7","floors":3,"height":9.3,"heightSource":"Catastro:numberOfFloorsAboveGround"},"geometry":{"type":"Polygon","coordinates":[[[604484.839,4115500.456],[604485.64,4115504.42],[604492.3315,4115503.0395],[604491.458,4115499.0935],[604484.839,4115500.456]]]}},{"type":"Feature","properties":{"id":"4657001XG0145N_part8","floors":4,"height":12.4,"heightSource":"Catastro:numberOfFloorsAboveGround"},"geometry":{"type":"Polygon","coordinates":[[[604485.64,4115504.42],[604486.97,4115510.73],[604490.04,4115510.12],[604493.7345,4115509.381],[604492.3315,4115503.0395],[604485.64,4115504.42]]]}},{"type":"Feature","properties":{"id":"4657001XG0145N_part10","floors":3,"height":9.3,"heightSource":"Catastro:numberOfFloorsAboveGround"},"geometry":{"type":"Polygon","coordinates":[[[604492.3315,4115503.0395],[604493.7345,4115509.381],[604490.04,4115510.12],[604490.14,4115510.61],[604493.35,4115509.97],[604493.48,4115509.92],[604493.7,4115509.77],[604493.89,4115509.57],[604494.03,4115509.33],[604494.12,4115508.93],[604494.12,4115508.8],[604492.14,4115499.86],[604492.06,4115499.66],[604491.89,4115499.4],[604491.65,4115499.19],[604491.458,4115499.0935],[604492.3315,4115503.0395]]]}},{"type":"Feature","properties":{"id":"4657002XG0145N_part1","floors":1,"height":3.1,"heightSource":"Catastro:numberOfFloorsAboveGround"},"geometry":{"type":"Polygon","coordinates":[[[604480.238,4115501.4035],[604483.248,4115500.7835],[604482.628,4115497.7835],[604479.618,4115498.3935],[604480.238,4115501.4035]]]}},{"type":"Feature","properties":{"id":"4657002XG0145N_part2","floors":4,"height":12.4,"heightSource":"Catastro:numberOfFloorsAboveGround"},"geometry":{"type":"Polygon","coordinates":[[[604469.278,4115491.9835],[604471.208,4115503.2835],[604476.688,4115502.1435],[604480.238,4115501.4035],[604479.618,4115498.3935],[604479.248,4115496.6535],[604475.828,4115497.3735],[604474.439,4115490.814],[604471.3175,4115491.5215],[604469.278,4115491.9835]]]}},{"type":"Feature","properties":{"id":"4657002XG0145N_part3","floors":3,"height":9.3,"heightSource":"Catastro:numberOfFloorsAboveGround"},"geometry":{"type":"Polygon","coordinates":[[[604491.458,4115499.0935],[604488.858,4115488.5635],[604487.678,4115487.8135],[604474.439,4115490.814],[604475.828,4115497.3735],[604479.248,4115496.6535],[604479.618,4115498.3935],[604482.628,4115497.7835],[604483.248,4115500.7835],[604491.458,4115499.0935]]]}},{"type":"Feature","properties":{"id":"4657101XG0145N_part1","floors":1,"height":3.1,"heightSource":"Catastro:numberOfFloorsAboveGround"},"geometry":{"type":"Polygon","coordinates":[[[604488.4685,4115536.213],[604489.5485,4115541.933],[604497.0285,4115535.103],[604496.9685,4115534.593],[604488.4685,4115536.213]]]}},{"type":"Feature","properties":{"id":"4657101XG0145N_part2","floors":2,"height":6.2,"heightSource":"Catastro:numberOfFloorsAboveGround"},"geometry":{"type":"Polygon","coordinates":[[[604478.0485,4115538.193],[604480.1185,4115548.813],[604485.8085,4115547.723],[604486.5785,4115545.943],[604489.5485,4115541.933],[604488.4685,4115536.213],[604488.2685,4115536.243],[604483.0785,4115537.233],[604478.0485,4115538.193]]]}},{"type":"Feature","properties":{"id":"4657102XG0145N_part1","floors":1,"height":3.1,"heightSource":"Catastro:numberOfFloorsAboveGround"},"geometry":{"type":"Polygon","coordinates":[[[604475.8185,4115529.723],[604475.9485,4115530.373],[604478.0485,4115538.193],[604483.0785,4115537.233],[604481.9085,4115528.523],[604475.8185,4115529.723]]]}},{"type":"Feature","properties":{"id":"4657102XG0145N_part2","floors":1,"height":3.1,"heightSource":"Catastro:numberOfFloorsAboveGround"},"geometry":{"type":"Polygon","coordinates":[[[604486.5885,4115527.603],[604488.2685,4115536.243],[604488.4685,4115536.213],[604496.9685,4115534.593],[604496.9285,4115534.243],[604497.5885,4115530.993],[604496.8985,4115525.583],[604494.1085,4115526.133],[604486.5885,4115527.603]]]}},{"type":"Feature","properties":{"id":"4657103XG0145N_part1","floors":1,"height":3.1,"heightSource":"Catastro:numberOfFloorsAboveGround"},"geometry":{"type":"Polygon","coordinates":[[[604471.153,4115517.9855],[604470.515,4115518.1105],[604471.139,4115521.293],[604471.1775,4115521.489],[604471.216,4115521.6855],[604471.3315,4115522.274],[604471.5485,4115523.3805],[604471.558,4115523.4295],[604471.5965,4115523.6255],[604471.837,4115524.852],[604472.475,4115524.727],[604472.292,4115523.795],[604472.279,4115523.726],[604472.2345,4115523.5005],[604472.202,4115523.334],[604471.955,4115522.074],[604471.278,4115518.6235],[604477.074,4115517.487],[604477.3685,4115517.4295],[604477.565,4115517.391],[604477.663,4115517.3715],[604477.761,4115517.3525],[604478.0555,4115517.2945],[604478.105,4115517.285],[604478.5955,4115517.189],[604478.6445,4115517.179],[604478.7915,4115517.1505],[604478.988,4115517.112],[604483.0085,4115516.3235],[604485.2235,4115515.89],[604485.318,4115515.8715],[604485.4165,4115515.852],[604485.5145,4115515.833],[604485.711,4115515.7945],[604485.809,4115515.7755],[604485.858,4115515.766],[604486.005,4115515.737],[604486.0545,4115515.7275],[604485.9375,4115515.088],[604471.153,4115517.9855]]]}},{"type":"Feature","properties":{"id":"4657103XG0145N_part2","floors":4,"height":12.4,"heightSource":"Catastro:numberOfFloorsAboveGround"},"geometry":{"type":"Polygon","coordinates":[[[604486.005,4115515.737],[604485.858,4115515.766],[604485.809,4115515.7755],[604485.711,4115515.7945],[604485.5145,4115515.833],[604485.4165,4115515.852],[604485.318,4115515.8715],[604485.2235,4115515.89],[604483.0085,4115516.3235],[604478.988,4115517.112],[604478.7915,4115517.1505],[604478.6445,4115517.179],[604478.5955,4115517.189],[604478.105,4115517.285],[604478.0555,4115517.2945],[604477.761,4115517.3525],[604477.663,4115517.3715],[604477.565,4115517.391],[604477.3685,4115517.4295],[604477.074,4115517.487],[604471.278,4115518.6235],[604471.955,4115522.074],[604472.202,4115523.334],[604472.2345,4115523.5005],[604472.279,4115523.726],[604472.292,4115523.795],[604472.475,4115524.727],[604479.221,4115523.4045],[604478.9965,4115522.175],[604478.7445,4115520.792],[604486.403,4115519.3135],[604486.897,4115521.873],[604488.6475,4115521.5235],[604488.657,4115521.5725],[604488.741,4115522.015],[604488.7505,4115522.064],[604488.76,4115522.113],[604489.692,4115526.9965],[604494.1085,4115526.133],[604495.77,4115525.8055],[604495.868,4115525.786],[604496.0155,4115525.757],[604496.2115,4115525.7185],[604496.359,4115525.6895],[604496.8495,4115525.5925],[604496.8985,4115525.583],[604496.773,4115524.894],[604496.2705,4115522.1395],[604496.2255,4115521.8935],[604496.1,4115521.205],[604496.046,4115520.9095],[604495.9655,4115520.467],[604495.508,4115517.958],[604495.418,4115517.466],[604494.7885,4115514.0135],[604493.3165,4115514.304],[604492.909,4115514.3845],[604491.8485,4115514.5935],[604486.2995,4115515.6795],[604486.0545,4115515.7275],[604486.005,4115515.737]]]}},{"type":"Feature","properties":{"id":"4657103XG0145N_part3","floors":2,"height":6.2,"heightSource":"Catastro:numberOfFloorsAboveGround"},"geometry":{"type":"Polygon","coordinates":[[[604471.837,4115524.852],[604471.8515,4115524.926],[604471.938,4115525.3675],[604471.948,4115525.4165],[604471.9575,4115525.466],[604472.77,4115529.61],[604473.408,4115529.4845],[604472.867,4115526.725],[604472.627,4115525.503],[604472.6175,4115525.454],[604472.5405,4115525.061],[604472.475,4115524.727],[604471.837,4115524.852]]]}},{"type":"Feature","properties":{"id":"4657103XG0145N_part4","floors":5,"height":15.5,"heightSource":"Catastro:numberOfFloorsAboveGround"},"geometry":{"type":"Polygon","coordinates":[[[604488.76,4115522.113],[604488.7505,4115522.064],[604488.741,4115522.015],[604488.657,4115521.5725],[604488.6475,4115521.5235],[604486.897,4115521.873],[604486.403,4115519.3135],[604478.7445,4115520.792],[604478.9965,4115522.175],[604479.221,4115523.4045],[604472.475,4115524.727],[604472.5405,4115525.061],[604472.6175,4115525.454],[604472.627,4115525.503],[604472.867,4115526.725],[604473.408,4115529.4845],[604473.5425,4115530.1715],[604475.8185,4115529.723],[604478.9885,4115529.0985],[604478.6255,4115527.1065],[604478.3965,4115525.8515],[604478.3755,4115525.738],[604478.5725,4115525.702],[604478.8675,4115525.6485],[604479.0645,4115525.6125],[604479.5565,4115525.523],[604479.6055,4115525.514],[604479.802,4115525.478],[604480.0975,4115525.424],[604480.1465,4115525.415],[604480.294,4115525.388],[604482.606,4115524.9665],[604483.1235,4115527.8035],[604483.208,4115528.2685],[604485.2785,4115527.863],[604486.5885,4115527.603],[604487.9515,4115527.3365],[604489.692,4115526.9965],[604488.76,4115522.113]]]}},{"type":"Feature","properties":{"id":"4657103XG0145N_part5","floors":2,"height":6.2,"heightSource":"Catastro:numberOfFloorsAboveGround"},"geometry":{"type":"Polygon","coordinates":[[[604495.31,4115513.249],[604488.151,4115514.6535],[604487.69,4115514.744],[604487.366,4115514.8075],[604487.199,4115514.8405],[604486.683,4115514.9415],[604486.585,4115514.961],[604486.487,4115514.98],[604486.331,4115515.0105],[604486.241,4115515.0285],[604486.086,4115515.059],[604485.9375,4115515.088],[604486.0545,4115515.7275],[604486.2995,4115515.6795],[604491.8485,4115514.5935],[604492.909,4115514.3845],[604493.3165,4115514.304],[604494.7885,4115514.0135],[604495.4265,4115513.8885],[604495.31,4115513.249]]]}},{"type":"Feature","properties":{"id":"4657103XG0145N_part6","floors":3,"height":9.3,"heightSource":"Catastro:numberOfFloorsAboveGround"},"geometry":{"type":"Polygon","coordinates":[[[604494.7885,4115514.0135],[604495.418,4115517.466],[604495.508,4115517.958],[604495.9655,4115520.467],[604496.046,4115520.9095],[604496.1,4115521.205],[604496.738,4115521.08],[604496.1995,4115518.128],[604496.146,4115517.833],[604496.092,4115517.5375],[604495.9935,4115516.9965],[604495.4265,4115513.8885],[604494.7885,4115514.0135]]]}},{"type":"Feature","properties":{"id":"4657201XG0145N_part1","floors":1,"height":3.1,"heightSource":"Catastro:numberOfFloorsAboveGround"},"geometry":{"type":"Polygon","coordinates":[[[604548.159,4115571.813],[604551.109,4115570.603],[604549.829,4115567.743],[604547.039,4115568.923],[604548.159,4115571.813]]]}},{"type":"Feature","properties":{"id":"4657201XG0145N_part2","floors":1,"height":3.1,"heightSource":"Catastro:numberOfFloorsAboveGround"},"geometry":{"type":"Polygon","coordinates":[[[604554.869,4115577.013],[604553.569,4115573.723],[604549.949,4115575.163],[604551.259,4115578.453],[604554.869,4115577.013]]]}},{"type":"Feature","properties":{"id":"4657201XG0145N_part3","floors":4,"height":12.4,"heightSource":"Catastro:numberOfFloorsAboveGround"},"geometry":{"type":"Polygon","coordinates":[[[604548.869,4115576.173],[604546.659,4115577.023],[604547.449,4115578.963],[604548.899,4115582.523],[604559.579,4115577.993],[604554.539,4115565.733],[604549.829,4115567.743],[604551.109,4115570.603],[604548.159,4115571.813],[604547.039,4115568.923],[604546.179,4115569.293],[604548.869,4115576.173]],[[604549.949,4115575.163],[604553.569,4115573.723],[604554.869,4115577.013],[604551.259,4115578.453],[604549.949,4115575.163]]]}},{"type":"Feature","properties":{"id":"4657201XG0145N_part4","floors":5,"height":15.5,"heightSource":"Catastro:numberOfFloorsAboveGround"},"geometry":{"type":"Polygon","coordinates":[[[604546.659,4115577.023],[604548.869,4115576.173],[604546.179,4115569.293],[604543.929,4115570.253],[604546.659,4115577.023]]]}},{"type":"Feature","properties":{"id":"4657201XG0145N_part5","floors":3,"height":9.3,"heightSource":"Catastro:numberOfFloorsAboveGround"},"geometry":{"type":"Polygon","coordinates":[[[604547.179,4115579.613],[604548.439,4115582.713],[604549.099,4115582.983],[604559.779,4115578.453],[604560.039,4115577.803],[604555.189,4115566.003],[604554.539,4115565.733],[604559.579,4115577.993],[604548.899,4115582.523],[604547.449,4115578.963],[604547.179,4115579.613]]]}},{"type":"Feature","properties":{"id":"4657202XG0145N_part1","floors":2,"height":6.2,"heightSource":"Catastro:numberOfFloorsAboveGround"},"geometry":{"type":"Polygon","coordinates":[[[604544.289,4115566.853],[604542.819,4115567.523],[604543.929,4115570.253],[604546.179,4115569.293],[604547.039,4115568.923],[604549.829,4115567.743],[604554.539,4115565.733],[604552.529,4115560.873],[604552.159,4115561.033],[604548.699,4115562.493],[604543.409,4115564.733],[604544.289,4115566.853]]]}},{"type":"Feature","properties":{"id":"4657203XG0145N_part1","floors":1,"height":3.1,"heightSource":"Catastro:numberOfFloorsAboveGround"},"geometry":{"type":"Polygon","coordinates":[[[604538.869,4115558.193],[604540.179,4115561.113],[604542.919,4115559.873],[604541.599,4115556.953],[604538.869,4115558.193]]]}},{"type":"Feature","properties":{"id":"4657203XG0145N_part2","floors":3,"height":9.3,"heightSource":"Catastro:numberOfFloorsAboveGround"},"geometry":{"type":"Polygon","coordinates":[[[604550.179,4115553.293],[604549.459,4115553.393],[604551.389,4115558.093],[604552.039,4115557.833],[604550.179,4115553.293]]]}},{"type":"Feature","properties":{"id":"4657203XG0145N_part3","floors":4,"height":12.4,"heightSource":"Catastro:numberOfFloorsAboveGround"},"geometry":{"type":"Polygon","coordinates":[[[604542.919,4115559.873],[604540.179,4115561.113],[604540.749,4115562.383],[604547.309,4115559.413],[604548.699,4115562.493],[604552.159,4115561.033],[604551.019,4115558.253],[604551.389,4115558.093],[604549.459,4115553.393],[604548.269,4115553.933],[604541.599,4115556.953],[604542.919,4115559.873]]]}},{"type":"Feature","properties":{"id":"4657203XG0145N_part4","floors":5,"height":15.5,"heightSource":"Catastro:numberOfFloorsAboveGround"},"geometry":{"type":"Polygon","coordinates":[[[604547.309,4115559.413],[604540.749,4115562.383],[604542.069,4115565.303],[604543.409,4115564.733],[604548.699,4115562.493],[604547.309,4115559.413]]]}},{"type":"Feature","properties":{"id":"4657204XG0145N_part1","floors":2,"height":6.2,"heightSource":"Catastro:numberOfFloorsAboveGround"},"geometry":{"type":"Polygon","coordinates":[[[604548.269,4115553.933],[604549.459,4115553.393],[604548.109,4115550.093],[604546.799,4115550.683],[604548.269,4115553.933]]]}},{"type":"Feature","properties":{"id":"4657204XG0145N_part2","floors":1,"height":3.1,"heightSource":"Catastro:numberOfFloorsAboveGround"},"geometry":{"type":"Polygon","coordinates":[[[604523.229,4115553.763],[604525.839,4115561.323],[604538.159,4115556.633],[604537.389,4115554.913],[604536.819,4115553.643],[604533.159,4115555.143],[604531.379,4115550.703],[604527.739,4115552.063],[604523.229,4115553.763]]]}},{"type":"Feature","properties":{"id":"4657204XG0145N_part3","floors":3,"height":9.3,"heightSource":"Catastro:numberOfFloorsAboveGround"},"geometry":{"type":"Polygon","coordinates":[[[604537.389,4115554.913],[604538.159,4115556.633],[604538.869,4115558.193],[604541.599,4115556.953],[604548.269,4115553.933],[604546.799,4115550.683],[604538.929,4115554.223],[604537.389,4115554.913]]]}},{"type":"Feature","properties":{"id":"4657205XG0145N_part1","floors":1,"height":3.1,"heightSource":"Catastro:numberOfFloorsAboveGround"},"geometry":{"type":"Polygon","coordinates":[[[604537.779,4115551.663],[604536.209,4115552.303],[604536.819,4115553.643],[604537.389,4115554.913],[604538.929,4115554.223],[604537.779,4115551.663]]]}},{"type":"Feature","properties":{"id":"4657205XG0145N_part2","floors":2,"height":6.2,"heightSource":"Catastro:numberOfFloorsAboveGround"},"geometry":{"type":"Polygon","coordinates":[[[604535.779,4115551.333],[604536.209,4115552.303],[604537.779,4115551.663],[604538.929,4115554.223],[604546.799,4115550.683],[604548.109,4115550.093],[604546.629,4115546.493],[604535.779,4115551.333]]]}},{"type":"Feature","properties":{"id":"4657208XG0145N_part1","floors":1,"height":3.1,"heightSource":"Catastro:numberOfFloorsAboveGround"},"geometry":{"type":"Polygon","coordinates":[[[604522.4085,4115531.423],[604522.8985,4115532.653],[604526.2585,4115531.033],[604527.5185,4115533.423],[604528.7985,4115532.933],[604538.8685,4115527.643],[604537.5185,4115524.333],[604522.4085,4115531.423]]]}},{"type":"Feature","properties":{"id":"4657209XG0145N_part1","floors":1,"height":3.1,"heightSource":"Catastro:numberOfFloorsAboveGround"},"geometry":{"type":"Polygon","coordinates":[[[604520.9885,4115527.853],[604522.4085,4115531.423],[604537.5185,4115524.333],[604536.1885,4115521.103],[604533.0185,4115522.443],[604529.0785,4115524.223],[604520.9885,4115527.853]]]}},{"type":"Feature","properties":{"id":"4657210XG0145N_part1","floors":1,"height":3.1,"heightSource":"Catastro:numberOfFloorsAboveGround"},"geometry":{"type":"Polygon","coordinates":[[[604517.5785,4115523.943],[604519.1885,4115523.313],[604520.2285,4115522.883],[604518.6185,4115518.963],[604516.3485,4115519.903],[604515.7485,4115520.153],[604517.5785,4115523.943]]]}},{"type":"Feature","properties":{"id":"4657210XG0145N_part2","floors":3,"height":9.3,"heightSource":"Catastro:numberOfFloorsAboveGround"},"geometry":{"type":"Polygon","coordinates":[[[604536.7085,4115519.923],[604534.0885,4115512.553],[604533.2585,4115512.893],[604536.1885,4115521.103],[604536.7085,4115519.923]]]}},{"type":"Feature","properties":{"id":"4657210XG0145N_part3","floors":4,"height":12.4,"heightSource":"Catastro:numberOfFloorsAboveGround"},"geometry":{"type":"Polygon","coordinates":[[[604518.6185,4115518.963],[604520.2285,4115522.883],[604519.1885,4115523.313],[604520.9885,4115527.853],[604529.0785,4115524.223],[604528.3385,4115522.463],[604527.4285,4115522.843],[604526.3485,4115520.263],[604527.2585,4115519.873],[604525.6485,4115516.043],[604520.5185,4115518.173],[604520.0385,4115518.373],[604518.6185,4115518.963]]]}},{"type":"Feature","properties":{"id":"4657210XG0145N_part4","floors":4,"height":12.4,"heightSource":"Catastro:numberOfFloorsAboveGround"},"geometry":{"type":"Polygon","coordinates":[[[604529.6485,4115514.383],[604533.0185,4115522.443],[604536.1885,4115521.103],[604533.2585,4115512.893],[604529.6485,4115514.383]]]}},{"type":"Feature","properties":{"id":"4657210XG0145N_part5","floors":5,"height":15.5,"heightSource":"Catastro:numberOfFloorsAboveGround"},"geometry":{"type":"Polygon","coordinates":[[[604525.6485,4115516.043],[604527.2585,4115519.873],[604526.3485,4115520.263],[604527.4285,4115522.843],[604528.3385,4115522.463],[604529.0785,4115524.223],[604533.0185,4115522.443],[604529.6485,4115514.383],[604526.3485,4115515.753],[604525.6485,4115516.043]]]}},{"type":"Feature","properties":{"id":"4657211XG0145N_part1","floors":1,"height":3.1,"heightSource":"Catastro:numberOfFloorsAboveGround"},"geometry":{"type":"Polygon","coordinates":[[[604527.0685,4115505.6835],[604528.3385,4115505.1335],[604529.7485,4115508.5335],[604531.3385,4115507.7935],[604528.4785,4115500.2135],[604525.3085,4115501.7035],[604527.0685,4115505.6835]]]}},{"type":"Feature","properties":{"id":"4657211XG0145N_part2","floors":1,"height":3.1,"heightSource":"Catastro:numberOfFloorsAboveGround"},"geometry":{"type":"Polygon","coordinates":[[[604505.8085,4115521.363],[604507.9385,4115527.623],[604511.9685,4115526.163],[604517.5785,4115523.943],[604515.7485,4115520.153],[604516.3485,4115519.903],[604515.4285,4115517.493],[604505.8085,4115521.363]]]}},{"type":"Feature","properties":{"id":"4657211XG0145N_part3","floors":1,"height":3.1,"heightSource":"Catastro:numberOfFloorsAboveGround"},"geometry":{"type":"Polygon","coordinates":[[[604524.4385,4115511.7135],[604522.0485,4115512.883],[604521.6285,4115511.7235],[604518.4285,4115512.9935],[604520.5185,4115518.173],[604525.6485,4115516.043],[604526.3485,4115515.753],[604524.4385,4115511.7135]]]}},{"type":"Feature","properties":{"id":"4657211XG0145N_part4","floors":2,"height":6.2,"heightSource":"Catastro:numberOfFloorsAboveGround"},"geometry":{"type":"Polygon","coordinates":[[[604515.4685,4115506.3635],[604518.1585,4115512.3135],[604518.4285,4115512.9935],[604521.6285,4115511.7235],[604522.0485,4115512.883],[604524.4385,4115511.7135],[604526.3485,4115515.753],[604529.6485,4115514.383],[604533.2585,4115512.893],[604531.3385,4115507.7935],[604529.7485,4115508.5335],[604528.3385,4115505.1335],[604527.0685,4115505.6835],[604525.3085,4115501.7035],[604515.4685,4115506.3635]]]}},{"type":"Feature","properties":{"id":"4657211XG0145N_part5","floors":3,"height":9.3,"heightSource":"Catastro:numberOfFloorsAboveGround"},"geometry":{"type":"Polygon","coordinates":[[[604514.0485,4115513.8635],[604514.7085,4115515.603],[604516.5585,4115514.833],[604517.3285,4115516.683],[604516.3985,4115517.063],[604516.7885,4115517.993],[604518.9985,4115517.073],[604520.0385,4115518.373],[604520.5185,4115518.173],[604518.4285,4115512.9935],[604518.1585,4115512.3135],[604514.0485,4115513.8635]]]}},{"type":"Feature","properties":{"id":"4657211XG0145N_part6","floors":4,"height":12.4,"heightSource":"Catastro:numberOfFloorsAboveGround"},"geometry":{"type":"Polygon","coordinates":[[[604518.9985,4115517.073],[604516.7885,4115517.993],[604516.3985,4115517.063],[604517.3285,4115516.683],[604516.5585,4115514.833],[604514.7085,4115515.603],[604515.4285,4115517.493],[604516.3485,4115519.903],[604518.6185,4115518.963],[604520.0385,4115518.373],[604518.9985,4115517.073]]]}},{"type":"Feature","properties":{"id":"4657212XG0145N_part1","floors":1,"height":3.1,"heightSource":"Catastro:numberOfFloorsAboveGround"},"geometry":{"type":"Polygon","coordinates":[[[604511.9685,4115526.163],[604514.4585,4115531.913],[604517.0585,4115537.623],[604523.9185,4115535.233],[604522.8985,4115532.653],[604522.4085,4115531.423],[604520.9885,4115527.853],[604519.1885,4115523.313],[604517.5785,4115523.943],[604511.9685,4115526.163]]]}},{"type":"Feature","properties":{"id":"4657216XG0145N_part1","floors":1,"height":3.1,"heightSource":"Catastro:numberOfFloorsAboveGround"},"geometry":{"type":"Polygon","coordinates":[[[604535.599,4115572.053],[604536.309,4115574.293],[604538.989,4115573.423],[604538.229,4115571.183],[604535.599,4115572.053]]]}},{"type":"Feature","properties":{"id":"4657216XG0145N_part2","floors":3,"height":9.3,"heightSource":"Catastro:numberOfFloorsAboveGround"},"geometry":{"type":"Polygon","coordinates":[[[604528.579,4115569.273],[604528.779,4115569.873],[604529.809,4115572.843],[604534.019,4115571.613],[604535.309,4115576.053],[604531.159,4115576.763],[604532.699,4115581.203],[604534.669,4115580.843],[604541.089,4115579.683],[604538.989,4115573.423],[604536.309,4115574.293],[604535.599,4115572.053],[604538.229,4115571.183],[604537.579,4115569.233],[604536.969,4115567.413],[604528.579,4115569.273]]]}},{"type":"Feature","properties":{"id":"4657216XG0145N_part3","floors":2,"height":6.2,"heightSource":"Catastro:numberOfFloorsAboveGround"},"geometry":{"type":"Polygon","coordinates":[[[604527.909,4115570.123],[604529.009,4115573.303],[604529.879,4115573.033],[604529.809,4115572.843],[604528.779,4115569.873],[604527.909,4115570.123]]]}},{"type":"Feature","properties":{"id":"4657216XG0145N_part4","floors":2,"height":6.2,"heightSource":"Catastro:numberOfFloorsAboveGround"},"geometry":{"type":"Polygon","coordinates":[[[604529.659,4115575.193],[604531.829,4115581.363],[604532.699,4115581.203],[604531.159,4115576.763],[604530.509,4115574.873],[604529.659,4115575.193]]]}},{"type":"Feature","properties":{"id":"4657216XG0145N_part5","floors":2,"height":6.2,"heightSource":"Catastro:numberOfFloorsAboveGround"},"geometry":{"type":"Polygon","coordinates":[[[604534.669,4115580.843],[604534.829,4115581.713],[604540.579,4115580.683],[604541.089,4115579.683],[604534.669,4115580.843]]]}},{"type":"Feature","properties":{"id":"4657216XG0145N_part6","floors":4,"height":12.4,"heightSource":"Catastro:numberOfFloorsAboveGround"},"geometry":{"type":"Polygon","coordinates":[[[604535.309,4115576.053],[604534.019,4115571.613],[604529.809,4115572.843],[604529.879,4115573.033],[604530.509,4115574.873],[604531.159,4115576.763],[604535.309,4115576.053]]]}},{"type":"Feature","properties":{"id":"4657301XG0145N_part1","floors":1,"height":3.1,"heightSource":"Catastro:numberOfFloorsAboveGround"},"geometry":{"type":"Polygon","coordinates":[[[604502.728,4115498.2035],[604504.398,4115501.9035],[604499.828,4115503.9235],[604501.038,4115507.4935],[604510.448,4115503.0735],[604508.628,4115498.4235],[604507.928,4115496.6135],[604507.638,4115495.8635],[604507.178,4115496.0835],[604506.158,4115496.5635],[604503.068,4115498.0435],[604502.728,4115498.2035]]]}},{"type":"Feature","properties":{"id":"4657301XG0145N_part2","floors":2,"height":6.2,"heightSource":"Catastro:numberOfFloorsAboveGround"},"geometry":{"type":"Polygon","coordinates":[[[604501.048,4115493.6135],[604496.958,4115495.4835],[604499.828,4115503.9235],[604504.398,4115501.9035],[604502.728,4115498.2035],[604503.068,4115498.0435],[604501.498,4115494.5435],[604501.048,4115493.6135]]]}},{"type":"Feature","properties":{"id":"4657301XG0145N_part3","floors":1,"height":3.1,"heightSource":"Catastro:numberOfFloorsAboveGround"},"geometry":{"type":"Polygon","coordinates":[[[604506.4545,4115494.37745],[604507.178,4115496.0835],[604507.638,4115495.8635],[604507.928,4115496.6135],[604509.368,4115495.8435],[604510.568,4115495.2135],[604509.668,4115493.2035],[604509.55245,4115492.9339],[604506.4545,4115494.37745]]]}},{"type":"Feature","properties":{"id":"4657302XG0145N_part1","floors":1,"height":3.1,"heightSource":"Catastro:numberOfFloorsAboveGround"},"geometry":{"type":"Polygon","coordinates":[[[604507.928,4115496.6135],[604508.628,4115498.4235],[604510.108,4115497.7135],[604509.368,4115495.8435],[604507.928,4115496.6135]]]}},{"type":"Feature","properties":{"id":"4657302XG0145N_part2","floors":6,"height":18.6,"heightSource":"Catastro:numberOfFloorsAboveGround"},"geometry":{"type":"Polygon","coordinates":[[[604514.768,4115492.7635],[604517.948,4115499.5535],[604526.588,4115495.5035],[604523.818,4115489.0235],[604523.658,4115488.6635],[604514.768,4115492.7635]]]}},{"type":"Feature","properties":{"id":"4657302XG0145N_part3","floors":5,"height":15.5,"heightSource":"Catastro:numberOfFloorsAboveGround"},"geometry":{"type":"Polygon","coordinates":[[[604512.538,4115494.1835],[604515.438,4115500.7235],[604517.948,4115499.5535],[604514.768,4115492.7635],[604513.448,4115493.5935],[604512.538,4115494.1835]]]}},{"type":"Feature","properties":{"id":"4657302XG0145N_part4","floors":3,"height":9.3,"heightSource":"Catastro:numberOfFloorsAboveGround"},"geometry":{"type":"Polygon","coordinates":[[[604510.108,4115497.7135],[604508.628,4115498.4235],[604510.448,4115503.0735],[604510.928,4115502.8435],[604515.438,4115500.7235],[604512.538,4115494.1835],[604510.568,4115495.2135],[604509.368,4115495.8435],[604510.108,4115497.7135]]]}},{"type":"Feature","properties":{"id":"4657302XG0145N_part6","floors":4,"height":12.4,"heightSource":"Catastro:numberOfFloorsAboveGround"},"geometry":{"type":"Polygon","coordinates":[[[604517.948,4115499.5535],[604518.528,4115499.7135],[604526.728,4115495.8735],[604526.588,4115495.5035],[604517.948,4115499.5535]]]}},{"type":"Feature","properties":{"id":"4657306XG0145N_part1","floors":4,"height":12.4,"heightSource":"Catastro:numberOfFloorsAboveGround"},"geometry":{"type":"Polygon","coordinates":[[[604501.288,4115485.1835],[604494.448,4115488.2635],[604494.698,4115488.8135],[604501.538,4115485.7335],[604501.288,4115485.1835]]]}},{"type":"Feature","properties":{"id":"4657306XG0145N_part2","floors":5,"height":15.5,"heightSource":"Catastro:numberOfFloorsAboveGround"},"geometry":{"type":"Polygon","coordinates":[[[604494.698,4115488.8135],[604496.958,4115495.4835],[604501.048,4115493.6135],[604501.498,4115494.5435],[604504.448,4115493.0335],[604501.538,4115485.7335],[604494.698,4115488.8135]]]}},{"type":"Feature","properties":{"id":"4657307XG0145N_part1","floors":4,"height":12.4,"heightSource":"Catastro:numberOfFloorsAboveGround"},"geometry":{"type":"Polygon","coordinates":[[[604501.538,4115485.7335],[604502.639,4115488.4955],[604516.652,4115482.065],[604520.375,4115490.1775],[604523.658,4115488.6635],[604523.4215,4115488.1115],[604521.158,4115482.8235],[604520.521,4115481.333],[604518.948,4115477.6535],[604514.5675,4115479.6835],[604508.828,4115482.3435],[604502.0815,4115485.481],[604501.538,4115485.7335]]]}},{"type":"Feature","properties":{"id":"4657307XG0145N_part2","floors":2,"height":6.2,"heightSource":"Catastro:numberOfFloorsAboveGround"},"geometry":{"type":"Polygon","coordinates":[[[604501.8665,4115485.019],[604502.0815,4115485.481],[604508.828,4115482.3435],[604514.5675,4115479.6835],[604514.3575,4115479.23],[604501.8665,4115485.019]]]}},{"type":"Feature","properties":{"id":"4657307XG0145N_part3","floors":5,"height":15.5,"heightSource":"Catastro:numberOfFloorsAboveGround"},"geometry":{"type":"Polygon","coordinates":[[[604516.652,4115482.065],[604502.639,4115488.4955],[604504.448,4115493.0335],[604506.158,4115496.5635],[604507.178,4115496.0835],[604506.4545,4115494.3775],[604509.5525,4115492.934],[604512.595,4115491.516],[604512.125,4115490.5105],[604514.669,4115489.321],[604516.011,4115492.1905],[604520.375,4115490.1775],[604516.652,4115482.065]]]}},{"type":"Feature","properties":{"id":"4657307XG0145N_part4","floors":1,"height":3.1,"heightSource":"Catastro:numberOfFloorsAboveGround"},"geometry":{"type":"Polygon","coordinates":[[[604514.669,4115489.321],[604512.125,4115490.5105],[604512.595,4115491.516],[604512.648,4115491.6435],[604513.448,4115493.5935],[604514.768,4115492.7635],[604516.011,4115492.1905],[604514.669,4115489.321]]]}},{"type":"Feature","properties":{"id":"4657307XG0145N_part5","floors":3,"height":9.3,"heightSource":"Catastro:numberOfFloorsAboveGround"},"geometry":{"type":"Polygon","coordinates":[[[604514.3575,4115479.23],[604514.5675,4115479.6835],[604518.948,4115477.6535],[604518.7515,4115477.1935],[604514.3575,4115479.23]]]}},{"type":"Feature","properties":{"id":"4657307XG0145N_part6","floors":3,"height":9.3,"heightSource":"Catastro:numberOfFloorsAboveGround"},"geometry":{"type":"Polygon","coordinates":[[[604520.521,4115481.333],[604521.158,4115482.8235],[604523.4215,4115488.1115],[604524.33,4115487.693],[604521.6585,4115480.806],[604520.521,4115481.333]]]}},{"type":"Feature","properties":{"id":"4657405XG0145N_part1","floors":1,"height":3.1,"heightSource":"Catastro:numberOfFloorsAboveGround"},"geometry":{"type":"Polygon","coordinates":[[[604533.13,4115437.91],[604522.0265,4115441.6205],[604529.48,4115474.37],[604535.24,4115491.71],[604536.34,4115491.23],[604539.32,4115489.56],[604542.03,4115487.43],[604541.54,4115485.12],[604541.14,4115482.95],[604541.03,4115481.0],[604541.26,4115478.6],[604542.01,4115475.92],[604542.61,4115475.71],[604542.83,4115476.58],[604543.4,4115477.45],[604543.95,4115477.92],[604544.5,4115478.22],[604545.5,4115478.44],[604546.16,4115478.4],[604546.7,4115478.26],[604547.42,4115477.88],[604548.06,4115477.26],[604548.53,4115476.4],[604548.6,4115476.16],[604546.9,4115475.72],[604546.95,4115475.35],[604546.89,4115475.01],[604545.95,4115474.12],[604545.51,4115474.09],[604545.23,4115474.16],[604544.72,4115472.69],[604545.21,4115472.36],[604545.92,4115471.81],[604546.79,4115470.96],[604546.96,4115470.32],[604546.96,4115470.18],[604546.68,4115468.54],[604545.75,4115465.69],[604535.67,4115436.95],[604533.13,4115437.91]]]}},{"type":"Feature","properties":{"id":"4657405XG0145N_part2","floors":1,"height":3.1,"heightSource":"Catastro:numberOfFloorsAboveGround"},"geometry":{"type":"Polygon","coordinates":[[[604537.8375,4115436.1235],[604535.67,4115436.95],[604545.75,4115465.69],[604546.68,4115468.54],[604546.96,4115470.18],[604546.96,4115470.32],[604546.79,4115470.96],[604545.92,4115471.81],[604545.21,4115472.36],[604544.72,4115472.69],[604545.23,4115474.16],[604545.51,4115474.09],[604545.95,4115474.12],[604546.89,4115475.01],[604546.95,4115475.35],[604546.9,4115475.72],[604548.6,4115476.16],[604549.21,4115473.22],[604549.29,4115470.28],[604549.11,4115468.13],[604548.64,4115465.67],[604548.39,4115464.76],[604547.42,4115461.92],[604538.2605,4115435.9615],[604537.8375,4115436.1235]]]}},{"type":"Feature","properties":{"id":"4657601XG0145N_part1","floors":2,"height":6.2,"heightSource":"Catastro:numberOfFloorsAboveGround"},"geometry":{"type":"Polygon","coordinates":[[[604467.148,4115480.7935],[604468.568,4115489.2335],[604482.088,4115486.7635],[604481.138,4115479.5735],[604467.148,4115480.7935]]]}},{"type":"Feature","properties":{"id":"4657602XG0145N_part1","floors":2,"height":6.2,"heightSource":"Catastro:numberOfFloorsAboveGround"},"geometry":{"type":"Polygon","coordinates":[[[604466.508,4115476.9235],[604467.148,4115480.7935],[604481.138,4115479.5735],[604480.368,4115473.7435],[604472.718,4115474.6735],[604473.088,4115477.2735],[604469.728,4115477.6335],[604469.448,4115476.3235],[604466.508,4115476.9235]]]}},{"type":"Feature","properties":{"id":"4657603XG0145N_part1","floors":1,"height":3.1,"heightSource":"Catastro:numberOfFloorsAboveGround"},"geometry":{"type":"Polygon","coordinates":[[[604469.158,4115474.1635],[604469.228,4115475.1935],[604472.718,4115474.6735],[604472.578,4115473.6935],[604469.158,4115474.1635]]]}},{"type":"Feature","properties":{"id":"4657603XG0145N_part2","floors":2,"height":6.2,"heightSource":"Catastro:numberOfFloorsAboveGround"},"geometry":{"type":"Polygon","coordinates":[[[604464.9575,4115470.3335],[604466.508,4115476.9235],[604469.448,4115476.3235],[604469.228,4115475.1935],[604469.158,4115474.1635],[604468.5875,4115469.3435],[604464.9575,4115470.3335]]]}},{"type":"Feature","properties":{"id":"4657603XG0145N_part3","floors":2,"height":6.2,"heightSource":"Catastro:numberOfFloorsAboveGround"},"geometry":{"type":"Polygon","coordinates":[[[604472.5675,4115468.2835],[604471.9175,4115468.4535],[604472.578,4115473.6935],[604472.718,4115474.6735],[604480.368,4115473.7435],[604479.698,4115467.6435],[604472.5675,4115468.2835]]]}},{"type":"Feature","properties":{"id":"4657603XG0145N_part4","floors":3,"height":9.3,"heightSource":"Catastro:numberOfFloorsAboveGround"},"geometry":{"type":"Polygon","coordinates":[[[604468.5875,4115469.3435],[604469.158,4115474.1635],[604472.578,4115473.6935],[604471.9175,4115468.4535],[604468.5875,4115469.3435]]]}},{"type":"Feature","properties":{"id":"4657604XG0145N_part1","floors":2,"height":6.2,"heightSource":"Catastro:numberOfFloorsAboveGround"},"geometry":{"type":"Polygon","coordinates":[[[604463.7475,4115464.9135],[604466.9975,4115464.0935],[604466.4675,4115461.4635],[604463.1175,4115462.1035],[604463.7475,4115464.9135]]]}},{"type":"Feature","properties":{"id":"4657604XG0145N_part2","floors":3,"height":9.3,"heightSource":"Catastro:numberOfFloorsAboveGround"},"geometry":{"type":"Polygon","coordinates":[[[604464.9575,4115470.3335],[604466.8275,4115469.8235],[604468.5875,4115469.3435],[604471.9175,4115468.4535],[604472.5675,4115468.2835],[604479.698,4115467.6435],[604478.7475,4115459.1335],[604467.9075,4115461.1835],[604466.4675,4115461.4635],[604466.9975,4115464.0935],[604463.7475,4115464.9135],[604464.9575,4115470.3335]]]}},{"type":"Feature","properties":{"id":"4657605XG0145N_part1","floors":1,"height":3.1,"heightSource":"Catastro:numberOfFloorsAboveGround"},"geometry":{"type":"Polygon","coordinates":[[[604478.7475,4115459.1335],[604478.1875,4115454.6935],[604467.1575,4115456.9935],[604467.9075,4115461.1835],[604478.7475,4115459.1335]]]}},{"type":"Feature","properties":{"id":"4657606XG0145N_part1","floors":1,"height":3.1,"heightSource":"Catastro:numberOfFloorsAboveGround"},"geometry":{"type":"Polygon","coordinates":[[[604460.6175,4115453.5235],[604463.1175,4115462.1035],[604466.4675,4115461.4635],[604467.9075,4115461.1835],[604467.1575,4115456.9935],[604478.1875,4115454.6935],[604477.6275,4115450.2435],[604460.6175,4115453.5235]]]}},{"type":"Feature","properties":{"id":"4657607XG0145N_part1","floors":2,"height":6.2,"heightSource":"Catastro:numberOfFloorsAboveGround"},"geometry":{"type":"Polygon","coordinates":[[[604458.7175,4115446.6135],[604460.6175,4115453.5235],[604477.6275,4115450.2435],[604476.5775,4115441.8235],[604473.1575,4115442.5035],[604470.0075,4115443.1335],[604467.0675,4115443.7235],[604459.3175,4115445.2635],[604458.7175,4115446.6135]]]}},{"type":"Feature","properties":{"id":"4657608XG0145N_part1","floors":3,"height":9.3,"heightSource":"Catastro:numberOfFloorsAboveGround"},"geometry":{"type":"Polygon","coordinates":[[[604471.7975,4115434.7435],[604473.1575,4115442.5035],[604476.5775,4115441.8235],[604476.4575,4115441.1335],[604475.3675,4115434.8235],[604475.2475,4115434.1335],[604471.7975,4115434.7435]]]}},{"type":"Feature","properties":{"id":"4657608XG0145N_part2","floors":4,"height":12.4,"heightSource":"Catastro:numberOfFloorsAboveGround"},"geometry":{"type":"Polygon","coordinates":[[[604467.0675,4115443.7235],[604466.4775,4115440.7735],[604469.4175,4115440.1935],[604470.0075,4115443.1335],[604473.1575,4115442.5035],[604471.7975,4115434.7435],[604468.8475,4115435.2535],[604469.3875,4115438.0035],[604465.6675,4115438.7435],[604465.0975,4115435.9135],[604460.2475,4115436.7635],[604460.1675,4115437.4635],[604459.7475,4115441.3235],[604459.3175,4115445.2635],[604467.0675,4115443.7235]]]}},{"type":"Feature","properties":{"id":"4657608XG0145N_part3","floors":5,"height":15.5,"heightSource":"Catastro:numberOfFloorsAboveGround"},"geometry":{"type":"Polygon","coordinates":[[[604465.0975,4115435.9135],[604465.6675,4115438.7435],[604469.3875,4115438.0035],[604468.8475,4115435.2535],[604465.0975,4115435.9135]]]}},{"type":"Feature","properties":{"id":"4657609XG0145N_part1","floors":1,"height":3.1,"heightSource":"Catastro:numberOfFloorsAboveGround"},"geometry":{"type":"Polygon","coordinates":[[[604465.0975,4115435.9135],[604468.8475,4115435.2535],[604471.7975,4115434.7435],[604475.2475,4115434.1335],[604473.5175,4115424.0235],[604461.3075,4115426.1135],[604460.9175,4115430.0335],[604464.9975,4115429.4235],[604465.4675,4115432.1635],[604460.6275,4115432.9635],[604460.2475,4115436.7635],[604465.0975,4115435.9135]]]}},{"type":"Feature","properties":{"id":"4657610XG0145N_part1","floors":2,"height":6.2,"heightSource":"Catastro:numberOfFloorsAboveGround"},"geometry":{"type":"Polygon","coordinates":[[[604469.167,4115416.9635],[604468.567,4115417.0435],[604469.1775,4115421.7635],[604473.5075,4115421.3435],[604472.127,4115412.5735],[604471.097,4115412.6535],[604468.657,4115412.8635],[604468.997,4115415.5635],[604469.167,4115416.9635]]]}},{"type":"Feature","properties":{"id":"4657611XG0145N_part1","floors":2,"height":6.2,"heightSource":"Catastro:numberOfFloorsAboveGround"},"geometry":{"type":"Polygon","coordinates":[[[604460.477,4115412.1535],[604460.207,4115406.8435],[604459.857,4115406.8635],[604460.187,4115413.3735],[604460.547,4115413.5535],[604460.477,4115412.1535]]]}},{"type":"Feature","properties":{"id":"4657611XG0145N_part2","floors":2,"height":6.2,"heightSource":"Catastro:numberOfFloorsAboveGround"},"geometry":{"type":"Polygon","coordinates":[[[604471.117,4115406.0935],[604471.097,4115405.7435],[604460.207,4115406.4935],[604460.207,4115406.8435],[604471.117,4115406.0935]]]}},{"type":"Feature","properties":{"id":"4657611XG0145N_part3","floors":3,"height":9.3,"heightSource":"Catastro:numberOfFloorsAboveGround"},"geometry":{"type":"Polygon","coordinates":[[[604460.207,4115406.8435],[604460.477,4115412.1535],[604460.547,4115413.5535],[604463.447,4115413.3035],[604463.577,4115413.2935],[604463.337,4115410.5135],[604466.787,4115410.2135],[604468.381,4115410.075],[604468.4805,4115410.066],[604469.7755,4115409.9535],[604469.975,4115409.936],[604470.215,4115412.7295],[604471.097,4115412.6535],[604472.127,4115412.5735],[604471.817,4115410.5835],[604471.117,4115406.0935],[604460.207,4115406.8435]]]}},{"type":"Feature","properties":{"id":"4657611XG0145N_part4","floors":4,"height":12.4,"heightSource":"Catastro:numberOfFloorsAboveGround"},"geometry":{"type":"Polygon","coordinates":[[[604469.975,4115409.936],[604469.7755,4115409.9535],[604468.4805,4115410.066],[604468.381,4115410.075],[604466.787,4115410.2135],[604463.337,4115410.5135],[604463.577,4115413.2935],[604467.027,4115413.0035],[604468.621,4115412.8665],[604468.657,4115412.8635],[604468.721,4115412.858],[604470.016,4115412.7465],[604470.215,4115412.7295],[604469.975,4115409.936]]]}},{"type":"Feature","properties":{"id":"4657611XG0145N_part5","floors":2,"height":6.2,"heightSource":"Catastro:numberOfFloorsAboveGround"},"geometry":{"type":"Polygon","coordinates":[[[604472.477,4115412.5235],[604472.167,4115410.5535],[604471.467,4115406.0435],[604471.117,4115406.0935],[604471.817,4115410.5835],[604472.127,4115412.5735],[604472.477,4115412.5235]]]}},{"type":"Feature","properties":{"id":"4657612XG0145N_part1","floors":1,"height":3.1,"heightSource":"Catastro:numberOfFloorsAboveGround"},"geometry":{"type":"Polygon","coordinates":[[[604466.747,4115415.7535],[604466.817,4115418.7535],[604460.837,4115419.1935],[604461.007,4115422.5835],[604469.1775,4115421.7635],[604468.567,4115417.0435],[604469.167,4115416.9635],[604468.997,4115415.5635],[604466.747,4115415.7535]]]}},{"type":"Feature","properties":{"id":"4657612XG0145N_part2","floors":2,"height":6.2,"heightSource":"Catastro:numberOfFloorsAboveGround"},"geometry":{"type":"Polygon","coordinates":[[[604460.547,4115413.5535],[604460.837,4115419.1935],[604466.817,4115418.7535],[604466.747,4115415.7535],[604468.997,4115415.5635],[604468.657,4115412.8635],[604460.547,4115413.5535]]]}},{"type":"Feature","properties":{"id":"4657702XG0145N_part1","floors":3,"height":9.3,"heightSource":"Catastro:numberOfFloorsAboveGround"},"geometry":{"type":"Polygon","coordinates":[[[604454.178,4115491.8435],[604457.978,4115509.9635],[604469.668,4115508.1335],[604464.368,4115489.1435],[604461.028,4115490.0235],[604457.798,4115490.8735],[604454.828,4115491.6635],[604454.178,4115491.8435]],[[604461.108,4115502.2835],[604463.128,4115501.8935],[604464.268,4115506.5635],[604462.238,4115506.9035],[604461.108,4115502.2835]],[[604458.848,4115493.0635],[604460.838,4115492.5635],[604461.978,4115497.2335],[604459.978,4115497.6735],[604458.848,4115493.0635]]]}},{"type":"Feature","properties":{"id":"4657702XG0145N_part2","floors":4,"height":12.4,"heightSource":"Catastro:numberOfFloorsAboveGround"},"geometry":{"type":"Polygon","coordinates":[[[604461.978,4115497.2335],[604460.838,4115492.5635],[604458.848,4115493.0635],[604459.978,4115497.6735],[604461.978,4115497.2335]]]}},{"type":"Feature","properties":{"id":"4657702XG0145N_part3","floors":4,"height":12.4,"heightSource":"Catastro:numberOfFloorsAboveGround"},"geometry":{"type":"Polygon","coordinates":[[[604464.268,4115506.5635],[604463.128,4115501.8935],[604461.108,4115502.2835],[604462.238,4115506.9035],[604464.268,4115506.5635]]]}},{"type":"Feature","properties":{"id":"4657703XG0145N_part1","floors":1,"height":3.1,"heightSource":"Catastro:numberOfFloorsAboveGround"},"geometry":{"type":"Polygon","coordinates":[[[604453.248,4115484.2835],[604453.778,4115486.7635],[604456.588,4115486.0535],[604455.848,4115483.0735],[604453.248,4115484.2835]]]}},{"type":"Feature","properties":{"id":"4657703XG0145N_part2","floors":1,"height":3.1,"heightSource":"Catastro:numberOfFloorsAboveGround"},"geometry":{"type":"Polygon","coordinates":[[[604454.278,4115489.1035],[604454.828,4115491.6635],[604457.798,4115490.8735],[604457.168,4115488.3735],[604454.278,4115489.1035]]]}},{"type":"Feature","properties":{"id":"4657703XG0145N_part3","floors":1,"height":3.1,"heightSource":"Catastro:numberOfFloorsAboveGround"},"geometry":{"type":"Polygon","coordinates":[[[604458.818,4115481.6935],[604461.028,4115490.0235],[604464.368,4115489.1435],[604461.898,4115480.2635],[604458.818,4115481.6935]]]}},{"type":"Feature","properties":{"id":"4657703XG0145N_part4","floors":2,"height":6.2,"heightSource":"Catastro:numberOfFloorsAboveGround"},"geometry":{"type":"Polygon","coordinates":[[[604455.848,4115483.0735],[604456.588,4115486.0535],[604457.168,4115488.3735],[604457.798,4115490.8735],[604461.028,4115490.0235],[604458.818,4115481.6935],[604455.848,4115483.0735]]]}},{"type":"Feature","properties":{"id":"4657704XG0145N_part1","floors":4,"height":12.4,"heightSource":"Catastro:numberOfFloorsAboveGround"},"geometry":{"type":"Polygon","coordinates":[[[604457.2175,4115463.4735],[604449.6975,4115465.8435],[604451.3075,4115474.1935],[604451.6375,4115475.9435],[604456.8375,4115474.3035],[604456.4675,4115472.9835],[604459.6275,4115472.1035],[604457.2175,4115463.4735]]]}},{"type":"Feature","properties":{"id":"4657704XG0145N_part2","floors":3,"height":9.3,"heightSource":"Catastro:numberOfFloorsAboveGround"},"geometry":{"type":"Polygon","coordinates":[[[604456.4675,4115472.9835],[604456.8375,4115474.3035],[604451.6375,4115475.9435],[604453.248,4115484.2835],[604455.848,4115483.0735],[604458.818,4115481.6935],[604461.898,4115480.2635],[604459.6275,4115472.1035],[604456.4675,4115472.9835]]]}},{"type":"Feature","properties":{"id":"4657704XG0145N_part3","floors":3,"height":9.3,"heightSource":"Catastro:numberOfFloorsAboveGround"},"geometry":{"type":"Polygon","coordinates":[[[604457.6975,4115462.5835],[604448.8875,4115465.3635],[604450.6275,4115474.4035],[604451.3075,4115474.1935],[604449.6975,4115465.8435],[604457.2175,4115463.4735],[604459.6275,4115472.1035],[604460.2975,4115471.9135],[604457.6975,4115462.5835]]]}},{"type":"Feature","properties":{"id":"4657704XG0145N_part4","floors":2,"height":6.2,"heightSource":"Catastro:numberOfFloorsAboveGround"},"geometry":{"type":"Polygon","coordinates":[[[604450.9675,4115476.1535],[604452.598,4115484.5835],[604453.248,4115484.2835],[604451.6375,4115475.9435],[604450.9675,4115476.1535]]]}},{"type":"Feature","properties":{"id":"4657704XG0145N_part5","floors":2,"height":6.2,"heightSource":"Catastro:numberOfFloorsAboveGround"},"geometry":{"type":"Polygon","coordinates":[[[604459.6275,4115472.1035],[604461.898,4115480.2635],[604462.358,4115479.2935],[604460.2975,4115471.9135],[604459.6275,4115472.1035]]]}},{"type":"Feature","properties":{"id":"4657706XG0145N_part1","floors":1,"height":3.1,"heightSource":"Catastro:numberOfFloorsAboveGround"},"geometry":{"type":"Polygon","coordinates":[[[604444.4075,4115467.7235],[604437.9075,4115469.9635],[604439.2275,4115474.8435],[604439.5675,4115474.8135],[604441.568,4115480.4135],[604442.258,4115480.3135],[604444.028,4115480.0135],[604448.128,4115478.7635],[604447.5775,4115477.1635],[604443.7475,4115478.5935],[604443.3475,4115477.3735],[604447.1675,4115475.9235],[604444.4075,4115467.7235]]]}},{"type":"Feature","properties":{"id":"4657707XG0145N_part1","floors":1,"height":3.1,"heightSource":"Catastro:numberOfFloorsAboveGround"},"geometry":{"type":"Polygon","coordinates":[[[604435.4575,4115470.8135],[604438.858,4115489.1535],[604441.948,4115488.3035],[604446.348,4115487.1035],[604445.518,4115483.2335],[604442.968,4115484.0235],[604442.258,4115480.3135],[604441.568,4115480.4135],[604439.5675,4115474.8135],[604439.2275,4115474.8435],[604437.9075,4115469.9635],[604435.4575,4115470.8135]]]}},{"type":"Feature","properties":{"id":"4657707XG0145N_part2","floors":2,"height":6.2,"heightSource":"Catastro:numberOfFloorsAboveGround"},"geometry":{"type":"Polygon","coordinates":[[[604444.028,4115480.0135],[604442.258,4115480.3135],[604442.968,4115484.0235],[604445.518,4115483.2335],[604446.348,4115487.1035],[604449.368,4115486.2835],[604448.128,4115478.7635],[604444.028,4115480.0135]]]}},{"type":"Feature","properties":{"id":"4657708XG0145N_part1","floors":2,"height":6.2,"heightSource":"Catastro:numberOfFloorsAboveGround"},"geometry":{"type":"Polygon","coordinates":[[[604438.858,4115489.1535],[604439.498,4115492.6135],[604442.648,4115491.7135],[604441.948,4115488.3035],[604438.858,4115489.1535]]]}},{"type":"Feature","properties":{"id":"4657708XG0145N_part2","floors":3,"height":9.3,"heightSource":"Catastro:numberOfFloorsAboveGround"},"geometry":{"type":"Polygon","coordinates":[[[604446.278,4115490.7135],[604449.968,4115489.9135],[604449.368,4115486.2835],[604446.348,4115487.1035],[604441.948,4115488.3035],[604442.648,4115491.7135],[604446.278,4115490.7135]]]}},{"type":"Feature","properties":{"id":"4657709XG0145N_part1","floors":3,"height":9.3,"heightSource":"Catastro:numberOfFloorsAboveGround"},"geometry":{"type":"Polygon","coordinates":[[[604438.7655,4115493.4755],[604439.081,4115497.3635],[604439.943,4115498.096],[604439.498,4115492.6135],[604438.7655,4115493.4755]]]}},{"type":"Feature","properties":{"id":"4657709XG0145N_part2","floors":2,"height":6.2,"heightSource":"Catastro:numberOfFloorsAboveGround"},"geometry":{"type":"Polygon","coordinates":[[[604439.943,4115498.096],[604439.081,4115497.3635],[604439.296,4115500.011],[604440.158,4115500.7435],[604439.943,4115498.096]]]}},{"type":"Feature","properties":{"id":"4657709XG0145N_part3","floors":5,"height":15.5,"heightSource":"Catastro:numberOfFloorsAboveGround"},"geometry":{"type":"Polygon","coordinates":[[[604439.498,4115492.6135],[604439.943,4115498.096],[604440.158,4115500.7435],[604444.127,4115499.7595],[604442.648,4115491.7135],[604439.498,4115492.6135]]]}},{"type":"Feature","properties":{"id":"4657709XG0145N_part4","floors":4,"height":12.4,"heightSource":"Catastro:numberOfFloorsAboveGround"},"geometry":{"type":"Polygon","coordinates":[[[604442.648,4115491.7135],[604444.127,4115499.7595],[604446.088,4115499.2735],[604447.374,4115498.951],[604445.876,4115490.824],[604442.648,4115491.7135]]]}},{"type":"Feature","properties":{"id":"4657709XG0145N_part5","floors":3,"height":9.3,"heightSource":"Catastro:numberOfFloorsAboveGround"},"geometry":{"type":"Polygon","coordinates":[[[604446.278,4115490.7135],[604445.876,4115490.824],[604447.374,4115498.951],[604448.918,4115498.5635],[604450.259,4115498.235],[604448.773,4115490.1725],[604446.278,4115490.7135]]]}},{"type":"Feature","properties":{"id":"4657709XG0145N_part6","floors":2,"height":6.2,"heightSource":"Catastro:numberOfFloorsAboveGround"},"geometry":{"type":"Polygon","coordinates":[[[604451.448,4115497.9435],[604449.968,4115489.9135],[604448.773,4115490.1725],[604450.259,4115498.235],[604451.448,4115497.9435]]]}},{"type":"Feature","properties":{"id":"4657710XG0145N_part1","floors":1,"height":3.1,"heightSource":"Catastro:numberOfFloorsAboveGround"},"geometry":{"type":"Polygon","coordinates":[[[604449.498,4115500.8835],[604446.388,4115501.6535],[604447.058,4115506.9135],[604452.688,4115505.6235],[604451.448,4115497.9435],[604448.918,4115498.5635],[604449.498,4115500.8835]]]}},{"type":"Feature","properties":{"id":"4657710XG0145N_part2","floors":3,"height":9.3,"heightSource":"Catastro:numberOfFloorsAboveGround"},"geometry":{"type":"Polygon","coordinates":[[[604446.088,4115499.2735],[604446.388,4115501.6535],[604449.498,4115500.8835],[604448.918,4115498.5635],[604446.088,4115499.2735]]]}},{"type":"Feature","properties":{"id":"4657710XG0145N_part3","floors":3,"height":9.3,"heightSource":"Catastro:numberOfFloorsAboveGround"},"geometry":{"type":"Polygon","coordinates":[[[604440.158,4115500.7435],[604441.228,4115512.2135],[604446.488,4115511.5735],[604445.888,4115507.2535],[604447.058,4115506.9135],[604446.388,4115501.6535],[604446.088,4115499.2735],[604440.158,4115500.7435]]]}},{"type":"Feature","properties":{"id":"4657710XG0145N_part4","floors":2,"height":6.2,"heightSource":"Catastro:numberOfFloorsAboveGround"},"geometry":{"type":"Polygon","coordinates":[[[604439.678,4115501.0335],[604440.708,4115512.0535],[604441.228,4115512.2135],[604440.158,4115500.7435],[604439.678,4115501.0335]]]}},{"type":"Feature","properties":{"id":"4657802XG0145N_part1","floors":2,"height":6.2,"heightSource":"Catastro:numberOfFloorsAboveGround"},"geometry":{"type":"Polygon","coordinates":[[[604466.398,4115511.7135],[604458.088,4115513.1935],[604458.158,4115513.6035],[604458.918,4115517.8835],[604467.228,4115516.4135],[604466.398,4115511.7135]]]}},{"type":"Feature","properties":{"id":"4658001XG0145N_part1","floors":3,"height":9.3,"heightSource":"Catastro:numberOfFloorsAboveGround"},"geometry":{"type":"Polygon","coordinates":[[[604500.6095,4115619.393],[604501.5095,4115624.783],[604514.5395,4115622.393],[604513.5895,4115617.093],[604512.1495,4115617.343],[604505.1495,4115618.573],[604505.1595,4115618.843],[604502.2595,4115619.193],[604500.6095,4115619.393]]]}},{"type":"Feature","properties":{"id":"4658002XG0145N_part1","floors":1,"height":3.1,"heightSource":"Catastro:numberOfFloorsAboveGround"},"geometry":{"type":"Polygon","coordinates":[[[604512.1495,4115617.343],[604513.5895,4115617.093],[604512.8895,4115613.203],[604511.4795,4115613.463],[604512.1495,4115617.343]]]}},{"type":"Feature","properties":{"id":"4658002XG0145N_part2","floors":2,"height":6.2,"heightSource":"Catastro:numberOfFloorsAboveGround"},"geometry":{"type":"Polygon","coordinates":[[[604499.9795,4115615.653],[604500.2395,4115617.163],[604501.8995,4115616.863],[604502.2595,4115619.193],[604505.1595,4115618.843],[604505.1495,4115618.573],[604512.1495,4115617.343],[604511.4795,4115613.463],[604504.8295,4115614.723],[604499.9795,4115615.653]]]}},{"type":"Feature","properties":{"id":"4658003XG0145N_part1","floors":1,"height":3.1,"heightSource":"Catastro:numberOfFloorsAboveGround"},"geometry":{"type":"Polygon","coordinates":[[[604498.999,4115607.193],[604499.7095,4115611.543],[604499.3295,4115611.693],[604499.5195,4115612.853],[604504.3095,4115611.963],[604504.8295,4115614.723],[604511.4795,4115613.463],[604512.8895,4115613.203],[604511.369,4115604.653],[604501.849,4115606.603],[604498.999,4115607.193]]]}},{"type":"Feature","properties":{"id":"4658004XG0145N_part1","floors":1,"height":3.1,"heightSource":"Catastro:numberOfFloorsAboveGround"},"geometry":{"type":"Polygon","coordinates":[[[604498.999,4115607.193],[604501.849,4115606.603],[604501.449,4115604.263],[604501.189,4115602.743],[604498.339,4115603.153],[604498.999,4115607.193]]]}},{"type":"Feature","properties":{"id":"4658004XG0145N_part2","floors":2,"height":6.2,"heightSource":"Catastro:numberOfFloorsAboveGround"},"geometry":{"type":"Polygon","coordinates":[[[604498.339,4115603.153],[604501.189,4115602.743],[604500.959,4115601.413],[604498.129,4115601.863],[604498.339,4115603.153]]]}},{"type":"Feature","properties":{"id":"4658004XG0145N_part3","floors":3,"height":9.3,"heightSource":"Catastro:numberOfFloorsAboveGround"},"geometry":{"type":"Polygon","coordinates":[[[604509.139,4115599.063],[604509.499,4115601.013],[604510.679,4115600.803],[604510.329,4115598.853],[604509.139,4115599.063]]]}},{"type":"Feature","properties":{"id":"4658004XG0145N_part4","floors":3,"height":9.3,"heightSource":"Catastro:numberOfFloorsAboveGround"},"geometry":{"type":"Polygon","coordinates":[[[604497.489,4115597.863],[604498.129,4115601.863],[604500.959,4115601.413],[604501.189,4115602.743],[604501.849,4115606.603],[604511.369,4115604.653],[604510.679,4115600.803],[604509.499,4115601.013],[604509.139,4115599.063],[604510.329,4115598.853],[604510.269,4115598.543],[604509.739,4115595.533],[604497.489,4115597.863]]]}},{"type":"Feature","properties":{"id":"4658004XG0145N_part5","floors":2,"height":6.2,"heightSource":"Catastro:numberOfFloorsAboveGround"},"geometry":{"type":"Polygon","coordinates":[[[604510.679,4115600.803],[604511.369,4115604.653],[604511.919,4115604.193],[604511.299,4115600.693],[604510.679,4115600.803]]]}},{"type":"Feature","properties":{"id":"4658005XG0145N_part1","floors":1,"height":3.1,"heightSource":"Catastro:numberOfFloorsAboveGround"},"geometry":{"type":"Polygon","coordinates":[[[604470.039,4115592.203],[604467.009,4115597.143],[604472.349,4115614.293],[604477.759,4115617.203],[604499.3295,4115611.693],[604499.7095,4115611.543],[604498.999,4115607.193],[604498.339,4115603.153],[604498.129,4115601.863],[604497.489,4115597.863],[604496.689,4115594.453],[604495.339,4115588.683],[604491.799,4115589.323],[604491.319,4115586.663],[604490.739,4115586.813],[604470.039,4115592.203]]]}},{"type":"Feature","properties":{"id":"4658006XG0145N_part1","floors":1,"height":3.1,"heightSource":"Catastro:numberOfFloorsAboveGround"},"geometry":{"type":"Polygon","coordinates":[[[604496.959,4115580.463],[604493.859,4115580.983],[604494.529,4115585.213],[604507.499,4115583.023],[604506.109,4115575.713],[604504.519,4115576.023],[604501.029,4115576.703],[604496.439,4115577.613],[604496.959,4115580.463]]]}},{"type":"Feature","properties":{"id":"4658007XG0145N_part2","floors":3,"height":9.3,"heightSource":"Catastro:numberOfFloorsAboveGround"},"geometry":{"type":"Polygon","coordinates":[[[604503.609,4115570.193],[604504.519,4115576.023],[604506.109,4115575.713],[604505.009,4115569.933],[604503.609,4115570.193]]]}},{"type":"Feature","properties":{"id":"4658007XG0145N_part3","floors":3,"height":9.3,"heightSource":"Catastro:numberOfFloorsAboveGround"},"geometry":{"type":"Polygon","coordinates":[[[604491.859,4115573.043],[604492.609,4115577.793],[604493.429,4115578.213],[604492.499,4115572.243],[604491.859,4115573.043]]]}},{"type":"Feature","properties":{"id":"4658007XG0145N_part4","floors":2,"height":6.2,"heightSource":"Catastro:numberOfFloorsAboveGround"},"geometry":{"type":"Polygon","coordinates":[[[604506.109,4115575.713],[604506.709,4115575.053],[604505.849,4115570.323],[604505.009,4115569.933],[604506.109,4115575.713]]]}},{"type":"Feature","properties":{"id":"4658007XG0145N_part5","floors":4,"height":12.4,"heightSource":"Catastro:numberOfFloorsAboveGround"},"geometry":{"type":"Polygon","coordinates":[[[604498.079,4115571.213],[604498.439,4115573.173],[604499.109,4115573.053],[604498.889,4115571.873],[604500.069,4115571.653],[604500.289,4115572.833],[604501.029,4115576.703],[604504.519,4115576.023],[604503.609,4115570.193],[604501.489,4115570.583],[604498.079,4115571.213]]]}},{"type":"Feature","properties":{"id":"4658007XG0145N_part6","floors":5,"height":15.5,"heightSource":"Catastro:numberOfFloorsAboveGround"},"geometry":{"type":"Polygon","coordinates":[[[604492.499,4115572.243],[604493.429,4115578.213],[604496.439,4115577.613],[604501.029,4115576.703],[604500.289,4115572.833],[604499.109,4115573.053],[604498.439,4115573.173],[604498.079,4115571.213],[604492.499,4115572.243]]]}},{"type":"Feature","properties":{"id":"4658008XG0145N_part1","floors":3,"height":9.3,"heightSource":"Catastro:numberOfFloorsAboveGround"},"geometry":{"type":"Polygon","coordinates":[[[604499.939,4115562.413],[604501.489,4115570.583],[604503.609,4115570.193],[604505.009,4115569.933],[604504.479,4115567.143],[604503.959,4115564.403],[604503.459,4115561.753],[604499.939,4115562.413]]]}},{"type":"Feature","properties":{"id":"4658008XG0145N_part2","floors":2,"height":6.2,"heightSource":"Catastro:numberOfFloorsAboveGround"},"geometry":{"type":"Polygon","coordinates":[[[604490.799,4115566.883],[604491.209,4115569.533],[604492.049,4115569.403],[604491.639,4115566.753],[604490.799,4115566.883]]]}},{"type":"Feature","properties":{"id":"4658008XG0145N_part3","floors":2,"height":6.2,"heightSource":"Catastro:numberOfFloorsAboveGround"},"geometry":{"type":"Polygon","coordinates":[[[604503.959,4115564.403],[604504.479,4115567.143],[604505.269,4115566.993],[604504.749,4115564.253],[604503.959,4115564.403]]]}},{"type":"Feature","properties":{"id":"4658008XG0145N_part4","floors":4,"height":12.4,"heightSource":"Catastro:numberOfFloorsAboveGround"},"geometry":{"type":"Polygon","coordinates":[[[604491.219,4115564.083],[604491.639,4115566.753],[604492.049,4115569.403],[604492.499,4115572.243],[604498.079,4115571.213],[604501.489,4115570.583],[604499.939,4115562.413],[604497.799,4115562.823],[604491.219,4115564.083]]]}},{"type":"Feature","properties":{"id":"4658008XG0145N_part5","floors":2,"height":6.2,"heightSource":"Catastro:numberOfFloorsAboveGround"},"geometry":{"type":"Polygon","coordinates":[[[604490.419,4115564.503],[604490.799,4115566.883],[604491.639,4115566.753],[604491.219,4115564.083],[604490.419,4115564.503]]]}},{"type":"Feature","properties":{"id":"4658008XG0145N_part6","floors":2,"height":6.2,"heightSource":"Catastro:numberOfFloorsAboveGround"},"geometry":{"type":"Polygon","coordinates":[[[604491.209,4115569.533],[604491.609,4115572.093],[604492.499,4115572.243],[604492.049,4115569.403],[604491.209,4115569.533]]]}},{"type":"Feature","properties":{"id":"4658008XG0145N_part7","floors":2,"height":6.2,"heightSource":"Catastro:numberOfFloorsAboveGround"},"geometry":{"type":"Polygon","coordinates":[[[604503.959,4115564.403],[604504.749,4115564.253],[604504.329,4115562.003],[604503.459,4115561.753],[604503.959,4115564.403]]]}},{"type":"Feature","properties":{"id":"4658008XG0145N_part8","floors":2,"height":6.2,"heightSource":"Catastro:numberOfFloorsAboveGround"},"geometry":{"type":"Polygon","coordinates":[[[604504.479,4115567.143],[604505.009,4115569.933],[604505.719,4115569.383],[604505.269,4115566.993],[604504.479,4115567.143]]]}},{"type":"Feature","properties":{"id":"4658009XG0145N_part2","floors":4,"height":12.4,"heightSource":"Catastro:numberOfFloorsAboveGround"},"geometry":{"type":"Polygon","coordinates":[[[604489.8385,4115555.253],[604491.219,4115564.083],[604497.799,4115562.823],[604494.5185,4115545.863],[604491.2085,4115552.503],[604491.5085,4115554.083],[604490.3085,4115554.313],[604489.8385,4115555.253]]]}},{"type":"Feature","properties":{"id":"4658009XG0145N_part3","floors":3,"height":9.3,"heightSource":"Catastro:numberOfFloorsAboveGround"},"geometry":{"type":"Polygon","coordinates":[[[604494.5185,4115545.863],[604497.799,4115562.823],[604499.939,4115562.413],[604503.459,4115561.753],[604500.1885,4115544.503],[604494.5185,4115545.863]]]}},{"type":"Feature","properties":{"id":"4658009XG0145N_part4","floors":2,"height":6.2,"heightSource":"Catastro:numberOfFloorsAboveGround"},"geometry":{"type":"Polygon","coordinates":[[[604503.459,4115561.753],[604504.009,4115561.053],[604500.8285,4115544.763],[604500.1885,4115544.503],[604503.459,4115561.753]]]}},{"type":"Feature","properties":{"id":"4658201XG0145N_part1","floors":1,"height":3.1,"heightSource":"Catastro:numberOfFloorsAboveGround"},"geometry":{"type":"Polygon","coordinates":[[[604518.1295,4115604.403],[604520.2495,4115614.243],[604528.8095,4115611.913],[604528.2395,4115609.053],[604527.8995,4115607.343],[604527.3795,4115604.733],[604526.8295,4115601.943],[604522.2095,4115603.253],[604518.1295,4115604.403]]]}},{"type":"Feature","properties":{"id":"4658201XG0145N_part2","floors":2,"height":6.2,"heightSource":"Catastro:numberOfFloorsAboveGround"},"geometry":{"type":"Polygon","coordinates":[[[604520.2495,4115614.243],[604521.8395,4115621.623],[604522.9895,4115621.523],[604535.7095,4115619.753],[604533.7095,4115613.853],[604532.9795,4115611.743],[604529.0195,4115612.483],[604528.8095,4115611.913],[604520.2495,4115614.243]]]}},{"type":"Feature","properties":{"id":"4658202XG0145N_part1","floors":2,"height":6.2,"heightSource":"Catastro:numberOfFloorsAboveGround"},"geometry":{"type":"Polygon","coordinates":[[[604543.9195,4115617.6335],[604542.346,4115612.548],[604541.852,4115612.701],[604543.4095,4115617.733],[604543.9195,4115617.6335]]]}},{"type":"Feature","properties":{"id":"4658202XG0145N_part2","floors":3,"height":9.3,"heightSource":"Catastro:numberOfFloorsAboveGround"},"geometry":{"type":"Polygon","coordinates":[[[604540.8695,4115609.503],[604534.2395,4115611.383],[604533.9705,4115611.46],[604534.6705,4115613.6045],[604533.7095,4115613.853],[604535.7095,4115619.753],[604543.4095,4115617.733],[604541.5895,4115611.853],[604540.8695,4115609.503]]]}},{"type":"Feature","properties":{"id":"4658203XG0145N_part1","floors":1,"height":3.1,"heightSource":"Catastro:numberOfFloorsAboveGround"},"geometry":{"type":"Polygon","coordinates":[[[604527.3795,4115604.733],[604527.8995,4115607.343],[604530.0195,4115606.813],[604530.5495,4115608.433],[604528.2395,4115609.053],[604528.8095,4115611.913],[604529.0195,4115612.483],[604532.9795,4115611.743],[604534.2395,4115611.383],[604540.8695,4115609.503],[604538.5695,4115602.093],[604527.3795,4115604.733]]]}},{"type":"Feature","properties":{"id":"4658204XG0145N_part1","floors":2,"height":6.2,"heightSource":"Catastro:numberOfFloorsAboveGround"},"geometry":{"type":"Polygon","coordinates":[[[604525.629,4115598.013],[604525.659,4115598.113],[604526.8295,4115601.943],[604527.3795,4115604.733],[604538.5695,4115602.093],[604536.499,4115595.393],[604530.499,4115596.843],[604527.999,4115597.443],[604525.629,4115598.013]]]}},{"type":"Feature","properties":{"id":"4658205XG0145N_part1","floors":2,"height":6.2,"heightSource":"Catastro:numberOfFloorsAboveGround"},"geometry":{"type":"Polygon","coordinates":[[[604524.429,4115594.043],[604525.369,4115597.163],[604525.629,4115598.013],[604527.999,4115597.443],[604526.899,4115593.423],[604524.429,4115594.043]]]}},{"type":"Feature","properties":{"id":"4658205XG0145N_part2","floors":2,"height":6.2,"heightSource":"Catastro:numberOfFloorsAboveGround"},"geometry":{"type":"Polygon","coordinates":[[[604529.309,4115592.523],[604530.499,4115596.843],[604536.499,4115595.393],[604535.139,4115590.973],[604529.309,4115592.523]]]}},{"type":"Feature","properties":{"id":"4658205XG0145N_part3","floors":3,"height":9.3,"heightSource":"Catastro:numberOfFloorsAboveGround"},"geometry":{"type":"Polygon","coordinates":[[[604526.899,4115593.423],[604527.999,4115597.443],[604530.499,4115596.843],[604529.309,4115592.523],[604526.919,4115593.153],[604526.899,4115593.423]]]}},{"type":"Feature","properties":{"id":"4658205XG0145N_part4","floors":1,"height":3.1,"heightSource":"Catastro:numberOfFloorsAboveGround"},"geometry":{"type":"Polygon","coordinates":[[[604534.979,4115590.313],[604526.759,4115592.493],[604526.919,4115593.153],[604529.309,4115592.523],[604535.139,4115590.973],[604534.979,4115590.313]]]}},{"type":"Feature","properties":{"id":"4658206XG0145N_part2","floors":3,"height":9.3,"heightSource":"Catastro:numberOfFloorsAboveGround"},"geometry":{"type":"Polygon","coordinates":[[[604516.339,4115596.093],[604518.1295,4115604.403],[604522.2095,4115603.253],[604520.849,4115598.433],[604524.409,4115597.433],[604525.369,4115597.163],[604524.429,4115594.043],[604516.339,4115596.093]]]}},{"type":"Feature","properties":{"id":"4658206XG0145N_part3","floors":4,"height":12.4,"heightSource":"Catastro:numberOfFloorsAboveGround"},"geometry":{"type":"Polygon","coordinates":[[[604520.849,4115598.433],[604522.2095,4115603.253],[604526.8295,4115601.943],[604525.659,4115598.113],[604524.679,4115598.393],[604524.409,4115597.433],[604520.849,4115598.433]]]}},{"type":"Feature","properties":{"id":"4658206XG0145N_part4","floors":2,"height":6.2,"heightSource":"Catastro:numberOfFloorsAboveGround"},"geometry":{"type":"Polygon","coordinates":[[[604515.959,4115596.193],[604517.6495,4115604.063],[604518.1295,4115604.403],[604516.339,4115596.093],[604515.959,4115596.193]]]}},{"type":"Feature","properties":{"id":"4658206XG0145N_part5","floors":2,"height":6.2,"heightSource":"Catastro:numberOfFloorsAboveGround"},"geometry":{"type":"Polygon","coordinates":[[[604523.889,4115593.463],[604516.189,4115595.413],[604516.339,4115596.093],[604524.429,4115594.043],[604523.889,4115593.463]]]}},{"type":"Feature","properties":{"id":"4658401XG0145N_part1","floors":2,"height":6.2,"heightSource":"Catastro:numberOfFloorsAboveGround"},"geometry":{"type":"Polygon","coordinates":[[[604512.979,4115580.943],[604514.339,4115586.173],[604522.039,4115584.383],[604520.959,4115579.533],[604512.979,4115580.943]]]}},{"type":"Feature","properties":{"id":"4658401XG0145N_part2","floors":1,"height":3.1,"heightSource":"Catastro:numberOfFloorsAboveGround"},"geometry":{"type":"Polygon","coordinates":[[[604522.039,4115584.383],[604514.339,4115586.173],[604514.479,4115586.723],[604522.749,4115584.803],[604521.649,4115579.853],[604520.959,4115579.533],[604522.039,4115584.383]]]}},{"type":"Feature","properties":{"id":"4658402XG0145N_part1","floors":3,"height":9.3,"heightSource":"Catastro:numberOfFloorsAboveGround"},"geometry":{"type":"Polygon","coordinates":[[[604518.999,4115570.693],[604520.209,4115576.163],[604521.079,4115575.963],[604519.879,4115570.493],[604518.999,4115570.693]]]}},{"type":"Feature","properties":{"id":"4658402XG0145N_part2","floors":4,"height":12.4,"heightSource":"Catastro:numberOfFloorsAboveGround"},"geometry":{"type":"Polygon","coordinates":[[[604510.049,4115569.323],[604512.979,4115580.943],[604520.959,4115579.533],[604520.209,4115576.163],[604518.999,4115570.693],[604518.309,4115567.573],[604514.099,4115568.453],[604512.149,4115568.873],[604510.049,4115569.323]]]}},{"type":"Feature","properties":{"id":"4658402XG0145N_part3","floors":3,"height":9.3,"heightSource":"Catastro:numberOfFloorsAboveGround"},"geometry":{"type":"Polygon","coordinates":[[[604518.999,4115570.693],[604519.879,4115570.493],[604519.289,4115567.843],[604518.309,4115567.573],[604518.999,4115570.693]]]}},{"type":"Feature","properties":{"id":"4658402XG0145N_part4","floors":3,"height":9.3,"heightSource":"Catastro:numberOfFloorsAboveGround"},"geometry":{"type":"Polygon","coordinates":[[[604520.209,4115576.163],[604520.959,4115579.533],[604521.729,4115578.903],[604521.079,4115575.963],[604520.209,4115576.163]]]}},{"type":"Feature","properties":{"id":"4658403XG0145N_part1","floors":1,"height":3.1,"heightSource":"Catastro:numberOfFloorsAboveGround"},"geometry":{"type":"Polygon","coordinates":[[[604513.189,4115563.963],[604511.139,4115564.513],[604512.149,4115568.873],[604514.099,4115568.453],[604513.189,4115563.963]]]}},{"type":"Feature","properties":{"id":"4658403XG0145N_part2","floors":2,"height":6.2,"heightSource":"Catastro:numberOfFloorsAboveGround"},"geometry":{"type":"Polygon","coordinates":[[[604506.3085,4115552.493],[604510.049,4115569.323],[604512.149,4115568.873],[604511.139,4115564.513],[604513.189,4115563.963],[604514.099,4115568.453],[604518.309,4115567.573],[604514.5785,4115550.783],[604506.3085,4115552.493]]]}},{"type":"Feature","properties":{"id":"4658404XG0145N_part1","floors":1,"height":3.1,"heightSource":"Catastro:numberOfFloorsAboveGround"},"geometry":{"type":"Polygon","coordinates":[[[604508.4685,4115541.353],[604506.2685,4115541.843],[604506.6685,4115543.813],[604508.9085,4115543.353],[604508.4685,4115541.353]]]}},{"type":"Feature","properties":{"id":"4658404XG0145N_part2","floors":2,"height":6.2,"heightSource":"Catastro:numberOfFloorsAboveGround"},"geometry":{"type":"Polygon","coordinates":[[[604504.4785,4115544.263],[604506.3085,4115552.493],[604514.5785,4115550.783],[604512.7485,4115542.513],[604508.9085,4115543.353],[604506.6685,4115543.813],[604504.4785,4115544.263]]]}},{"type":"Feature","properties":{"id":"4658604XG0145N_part1","floors":1,"height":3.1,"heightSource":"Catastro:numberOfFloorsAboveGround"},"geometry":{"type":"Polygon","coordinates":[[[604465.6085,4115552.683],[604462.8585,4115553.293],[604463.3685,4115557.833],[604472.7785,4115556.623],[604472.4185,4115551.743],[604465.6085,4115552.683]]]}},{"type":"Feature","properties":{"id":"4658604XG0145N_part2","floors":2,"height":6.2,"heightSource":"Catastro:numberOfFloorsAboveGround"},"geometry":{"type":"Polygon","coordinates":[[[604457.3285,4115557.833],[604456.7085,4115557.943],[604456.8885,4115559.473],[604463.3685,4115557.833],[604462.8585,4115553.293],[604460.0985,4115553.913],[604460.2385,4115556.013],[604457.7785,4115556.473],[604457.3285,4115557.833]]]}},{"type":"Feature","properties":{"id":"4658605XG0145N_part1","floors":2,"height":6.2,"heightSource":"Catastro:numberOfFloorsAboveGround"},"geometry":{"type":"Polygon","coordinates":[[[604459.4085,4115550.773],[604460.0985,4115553.913],[604462.8585,4115553.293],[604465.6085,4115552.683],[604472.4185,4115551.743],[604471.5185,4115539.183],[604462.8285,4115541.013],[604463.6185,4115549.763],[604461.6485,4115550.243],[604459.4085,4115550.773]]]}},{"type":"Feature","properties":{"id":"4658607XG0145N_part1","floors":1,"height":3.1,"heightSource":"Catastro:numberOfFloorsAboveGround"},"geometry":{"type":"Polygon","coordinates":[[[604449.2085,4115553.103],[604451.7485,4115560.613],[604453.4685,4115560.353],[604455.1485,4115559.913],[604453.7085,4115555.713],[604457.1885,4115554.583],[604457.7385,4115554.303],[604460.0985,4115553.913],[604459.4085,4115550.773],[604454.2385,4115551.953],[604449.2085,4115553.103]]]}},{"type":"Feature","properties":{"id":"4658607XG0145N_part2","floors":2,"height":6.2,"heightSource":"Catastro:numberOfFloorsAboveGround"},"geometry":{"type":"Polygon","coordinates":[[[604453.7085,4115555.713],[604455.1485,4115559.913],[604456.8885,4115559.473],[604456.7085,4115557.943],[604457.3285,4115557.833],[604457.7785,4115556.473],[604457.1885,4115554.583],[604453.7085,4115555.713]]]}},{"type":"Feature","properties":{"id":"4658608XG0145N_part1","floors":1,"height":3.1,"heightSource":"Catastro:numberOfFloorsAboveGround"},"geometry":{"type":"Polygon","coordinates":[[[604453.4685,4115560.353],[604451.7485,4115560.613],[604460.609,4115582.743],[604461.469,4115583.853],[604462.749,4115584.113],[604472.169,4115584.113],[604473.539,4115583.593],[604474.389,4115582.653],[604472.7785,4115556.623],[604463.3685,4115557.833],[604456.8885,4115559.473],[604455.1485,4115559.913],[604453.4685,4115560.353]]]}},{"type":"Feature","properties":{"id":"4659101XG0145N_part1","floors":3,"height":9.3,"heightSource":"Catastro:numberOfFloorsAboveGround"},"geometry":{"type":"Polygon","coordinates":[[[604504.97,4115694.403],[604484.79,4115694.643],[604486.39,4115701.813],[604491.01,4115700.963],[604491.09,4115701.673],[604495.49,4115700.923],[604497.14,4115700.633],[604497.21,4115701.093],[604505.69,4115699.523],[604504.97,4115694.403]]]}},{"type":"Feature","properties":{"id":"4659101XG0145N_part2","floors":5,"height":15.5,"heightSource":"Catastro:numberOfFloorsAboveGround"},"geometry":{"type":"Polygon","coordinates":[[[604496.81,4115707.773],[604496.13,4115704.243],[604491.74,4115704.953],[604492.36,4115708.473],[604496.81,4115707.773]]]}},{"type":"Feature","properties":{"id":"4659101XG0145N_part3","floors":4,"height":12.4,"heightSource":"Catastro:numberOfFloorsAboveGround"},"geometry":{"type":"Polygon","coordinates":[[[604491.09,4115701.673],[604491.01,4115700.963],[604486.39,4115701.813],[604489.3905,4115715.163],[604506.93,4115708.313],[604505.69,4115699.523],[604497.21,4115701.093],[604497.48,4115702.693],[604495.88,4115702.973],[604495.49,4115700.923],[604491.09,4115701.673]],[[604491.74,4115704.953],[604496.13,4115704.243],[604496.81,4115707.773],[604492.36,4115708.473],[604491.74,4115704.953]]]}},{"type":"Feature","properties":{"id":"4659201XG0145N_part1","floors":1,"height":3.1,"heightSource":"Catastro:numberOfFloorsAboveGround"},"geometry":{"type":"Polygon","coordinates":[[[604523.431,4115781.4725],[604521.771,4115781.9325],[604520.631,4115778.2025],[604517.981,4115778.9625],[604521.141,4115789.9025],[604528.831,4115787.7625],[604528.181,4115784.0625],[604526.611,4115775.1125],[604522.201,4115776.3425],[604523.431,4115781.4725]]]}},{"type":"Feature","properties":{"id":"4659204XG0145N_part1","floors":2,"height":6.2,"heightSource":"Catastro:numberOfFloorsAboveGround"},"geometry":{"type":"Polygon","coordinates":[[[604524.711,4115763.9325],[604525.621,4115769.4425],[604533.951,4115767.6525],[604539.991,4115766.3625],[604539.091,4115761.5625],[604538.391,4115757.813],[604534.291,4115757.983],[604531.691,4115758.093],[604527.131,4115758.673],[604528.081,4115763.2925],[604525.641,4115763.7325],[604524.711,4115763.9325]]]}},{"type":"Feature","properties":{"id":"4659205XG0145N_part1","floors":1,"height":3.1,"heightSource":"Catastro:numberOfFloorsAboveGround"},"geometry":{"type":"Polygon","coordinates":[[[604533.571,4115753.743],[604534.291,4115757.983],[604538.391,4115757.813],[604537.671,4115753.653],[604536.891,4115753.663],[604533.571,4115753.743]]]}},{"type":"Feature","properties":{"id":"4659205XG0145N_part2","floors":2,"height":6.2,"heightSource":"Catastro:numberOfFloorsAboveGround"},"geometry":{"type":"Polygon","coordinates":[[[604531.221,4115753.803],[604526.051,4115754.683],[604527.131,4115758.673],[604531.691,4115758.093],[604534.291,4115757.983],[604533.571,4115753.743],[604531.221,4115753.803]]]}},{"type":"Feature","properties":{"id":"4659206XG0145N_part1","floors":2,"height":6.2,"heightSource":"Catastro:numberOfFloorsAboveGround"},"geometry":{"type":"Polygon","coordinates":[[[604536.891,4115753.663],[604537.671,4115753.653],[604537.621,4115753.373],[604536.891,4115749.143],[604536.301,4115749.283],[604536.891,4115753.663]]]}},{"type":"Feature","properties":{"id":"4659206XG0145N_part2","floors":3,"height":9.3,"heightSource":"Catastro:numberOfFloorsAboveGround"},"geometry":{"type":"Polygon","coordinates":[[[604524.2805,4115752.263],[604524.531,4115753.843],[604524.731,4115755.113],[604526.051,4115754.683],[604531.221,4115753.803],[604533.571,4115753.743],[604536.891,4115753.663],[604536.301,4115749.283],[604529.2205,4115751.003],[604526.1105,4115751.763],[604524.2805,4115752.263]]]}},{"type":"Feature","properties":{"id":"4659207XG0145N_part1","floors":2,"height":6.2,"heightSource":"Catastro:numberOfFloorsAboveGround"},"geometry":{"type":"Polygon","coordinates":[[[604523.9005,4115743.543],[604525.3305,4115748.863],[604528.4205,4115748.033],[604529.2205,4115751.003],[604536.301,4115749.283],[604536.891,4115749.143],[604535.4305,4115740.613],[604523.9005,4115743.543]]]}},{"type":"Feature","properties":{"id":"4659207XG0145N_part2","floors":3,"height":9.3,"heightSource":"Catastro:numberOfFloorsAboveGround"},"geometry":{"type":"Polygon","coordinates":[[[604519.1205,4115744.743],[604520.2405,4115753.373],[604522.6305,4115752.713],[604524.2805,4115752.263],[604526.1105,4115751.763],[604525.3305,4115748.863],[604523.9005,4115743.543],[604519.1205,4115744.743]]]}},{"type":"Feature","properties":{"id":"4659209XG0145N_part1","floors":1,"height":3.1,"heightSource":"Catastro:numberOfFloorsAboveGround"},"geometry":{"type":"Polygon","coordinates":[[[604534.1405,4115733.003],[604532.6105,4115724.323],[604526.0205,4115725.453],[604527.5605,4115734.553],[604534.1405,4115733.003]]]}},{"type":"Feature","properties":{"id":"4659210XG0145N_part1","floors":1,"height":3.1,"heightSource":"Catastro:numberOfFloorsAboveGround"},"geometry":{"type":"Polygon","coordinates":[[[604520.4205,4115718.673],[604520.9205,4115721.633],[604523.8805,4115721.133],[604523.3805,4115718.173],[604520.4205,4115718.673]]]}},{"type":"Feature","properties":{"id":"4659210XG0145N_part2","floors":4,"height":12.4,"heightSource":"Catastro:numberOfFloorsAboveGround"},"geometry":{"type":"Polygon","coordinates":[[[604514.6905,4115714.963],[604514.7705,4115715.763],[604515.8705,4115726.703],[604515.9305,4115727.203],[604518.8805,4115726.693],[604526.0205,4115725.453],[604532.6105,4115724.323],[604532.4605,4115723.453],[604530.6405,4115713.103],[604530.5005,4115712.273],[604514.6905,4115714.963]],[[604520.9205,4115721.633],[604520.4205,4115718.673],[604523.3805,4115718.173],[604523.3105,4115717.783],[604526.9605,4115717.163],[604527.4305,4115719.943],[604527.6105,4115721.013],[604523.9605,4115721.623],[604523.8805,4115721.133],[604520.9205,4115721.633]]]}},{"type":"Feature","properties":{"id":"4659210XG0145N_part3","floors":5,"height":15.5,"heightSource":"Catastro:numberOfFloorsAboveGround"},"geometry":{"type":"Polygon","coordinates":[[[604523.9605,4115721.623],[604527.6105,4115721.013],[604527.4305,4115719.943],[604526.9605,4115717.163],[604523.3105,4115717.783],[604523.3805,4115718.173],[604523.8805,4115721.133],[604523.9605,4115721.623]]]}},{"type":"Feature","properties":{"id":"4659210XG0145N_part4","floors":2,"height":6.2,"heightSource":"Catastro:numberOfFloorsAboveGround"},"geometry":{"type":"Polygon","coordinates":[[[604514.0505,4115715.833],[604515.1505,4115726.773],[604515.8705,4115726.703],[604514.7705,4115715.763],[604514.0505,4115715.833]]]}},{"type":"Feature","properties":{"id":"4659210XG0145N_part5","floors":3,"height":9.3,"heightSource":"Catastro:numberOfFloorsAboveGround"},"geometry":{"type":"Polygon","coordinates":[[[604533.2905,4115723.303],[604531.4705,4115712.953],[604530.6405,4115713.103],[604532.4605,4115723.453],[604533.2905,4115723.303]]]}},{"type":"Feature","properties":{"id":"4659212XG0145N_part1","floors":1,"height":3.1,"heightSource":"Catastro:numberOfFloorsAboveGround"},"geometry":{"type":"Polygon","coordinates":[[[604518.4905,4115706.213],[604518.9905,4115709.173],[604521.9505,4115708.673],[604521.4505,4115705.713],[604518.4905,4115706.213]]]}},{"type":"Feature","properties":{"id":"4659212XG0145N_part2","floors":3,"height":9.3,"heightSource":"Catastro:numberOfFloorsAboveGround"},"geometry":{"type":"Polygon","coordinates":[[[604530.3905,4115711.643],[604530.7005,4115711.503],[604530.9505,4115711.253],[604531.1005,4115710.943],[604531.1305,4115710.603],[604529.21,4115700.113],[604529.1,4115699.823],[604528.89,4115699.593],[604528.6,4115699.463],[604528.29,4115699.463],[604530.3905,4115711.643]]]}},{"type":"Feature","properties":{"id":"4659212XG0145N_part3","floors":4,"height":12.4,"heightSource":"Catastro:numberOfFloorsAboveGround"},"geometry":{"type":"Polygon","coordinates":[[[604513.43,4115702.703],[604514.6905,4115714.963],[604530.5005,4115712.273],[604530.3905,4115711.643],[604528.29,4115699.463],[604528.22,4115699.003],[604513.43,4115702.703]],[[604518.9905,4115709.173],[604518.4905,4115706.213],[604521.4505,4115705.713],[604521.3805,4115705.323],[604525.0305,4115704.703],[604525.5005,4115707.483],[604525.6805,4115708.553],[604522.0305,4115709.163],[604521.9505,4115708.673],[604518.9905,4115709.173]]]}},{"type":"Feature","properties":{"id":"4659212XG0145N_part4","floors":5,"height":15.5,"heightSource":"Catastro:numberOfFloorsAboveGround"},"geometry":{"type":"Polygon","coordinates":[[[604522.0305,4115709.163],[604525.6805,4115708.553],[604525.5005,4115707.483],[604525.0305,4115704.703],[604521.3805,4115705.323],[604521.4505,4115705.713],[604521.9505,4115708.673],[604522.0305,4115709.163]]]}},{"type":"Feature","properties":{"id":"4659212XG0145N_part5","floors":3,"height":9.3,"heightSource":"Catastro:numberOfFloorsAboveGround"},"geometry":{"type":"Polygon","coordinates":[[[604512.77,4115703.203],[604513.27,4115705.893],[604513.07,4115705.973],[604513.5705,4115708.593],[604513.3005,4115708.623],[604513.9605,4115711.343],[604513.6405,4115711.473],[604514.3005,4115715.013],[604514.6905,4115714.963],[604513.43,4115702.703],[604512.77,4115703.203]]]}},{"type":"Feature","properties":{"id":"4659214XG0145N_part1","floors":3,"height":9.3,"heightSource":"Catastro:numberOfFloorsAboveGround"},"geometry":{"type":"Polygon","coordinates":[[[604515.65,4115695.313],[604512.74,4115696.043],[604513.43,4115702.703],[604528.22,4115699.003],[604526.72,4115690.163],[604515.43,4115693.183],[604515.65,4115695.313]],[[604516.38,4115695.163],[604518.95,4115694.733],[604519.28,4115696.713],[604516.71,4115697.143],[604516.38,4115695.163]]]}},{"type":"Feature","properties":{"id":"4659215XG0145N_part1","floors":2,"height":6.2,"heightSource":"Catastro:numberOfFloorsAboveGround"},"geometry":{"type":"Polygon","coordinates":[[[604520.2405,4115753.373],[604516.2105,4115754.483],[604516.241,4115758.623],[604524.951,4115756.443],[604524.731,4115755.113],[604524.531,4115753.843],[604522.981,4115754.303],[604522.6305,4115752.713],[604520.2405,4115753.373]]]}},{"type":"Feature","properties":{"id":"4659215XG0145N_part2","floors":1,"height":3.1,"heightSource":"Catastro:numberOfFloorsAboveGround"},"geometry":{"type":"Polygon","coordinates":[[[604524.2805,4115752.263],[604522.6305,4115752.713],[604522.981,4115754.303],[604524.531,4115753.843],[604524.2805,4115752.263]]]}},{"type":"Feature","properties":{"id":"4659216XG0145N_part1","floors":2,"height":6.2,"heightSource":"Catastro:numberOfFloorsAboveGround"},"geometry":{"type":"Polygon","coordinates":[[[604516.241,4115758.623],[604516.621,4115764.9125],[604522.651,4115763.4025],[604522.371,4115761.9425],[604525.391,4115761.183],[604525.191,4115759.093],[604524.951,4115756.443],[604516.241,4115758.623]]]}},{"type":"Feature","properties":{"id":"4659218XG0145N_part1","floors":1,"height":3.1,"heightSource":"Catastro:numberOfFloorsAboveGround"},"geometry":{"type":"Polygon","coordinates":[[[604532.521,4115776.7425],[604533.201,4115775.6025],[604532.771,4115773.3225],[604529.341,4115773.9625],[604530.171,4115777.2925],[604532.521,4115776.7425]]]}},{"type":"Feature","properties":{"id":"4659218XG0145N_part2","floors":3,"height":9.3,"heightSource":"Catastro:numberOfFloorsAboveGround"},"geometry":{"type":"Polygon","coordinates":[[[604543.301,4115784.0325],[604544.271,4115783.7825],[604541.161,4115767.1625],[604539.991,4115766.3625],[604543.301,4115784.0325]]]}},{"type":"Feature","properties":{"id":"4659218XG0145N_part3","floors":2,"height":6.2,"heightSource":"Catastro:numberOfFloorsAboveGround"},"geometry":{"type":"Polygon","coordinates":[[[604528.831,4115787.7625],[604528.931,4115788.1525],[604544.371,4115784.1725],[604544.271,4115783.7825],[604543.301,4115784.0325],[604528.831,4115787.7625]]]}},{"type":"Feature","properties":{"id":"4659218XG0145N_part4","floors":4,"height":12.4,"heightSource":"Catastro:numberOfFloorsAboveGround"},"geometry":{"type":"Polygon","coordinates":[[[604537.051,4115782.1625],[604528.181,4115784.0625],[604528.831,4115787.7625],[604543.301,4115784.0325],[604539.991,4115766.3625],[604533.951,4115767.6525],[604537.051,4115782.1625]]]}},{"type":"Feature","properties":{"id":"4659218XG0145N_part5","floors":5,"height":15.5,"heightSource":"Catastro:numberOfFloorsAboveGround"},"geometry":{"type":"Polygon","coordinates":[[[604525.621,4115769.4425],[604526.611,4115775.1125],[604528.181,4115784.0625],[604537.051,4115782.1625],[604533.951,4115767.6525],[604525.621,4115769.4425]],[[604529.341,4115773.9625],[604532.771,4115773.3225],[604533.201,4115775.6025],[604532.521,4115776.7425],[604530.171,4115777.2925],[604529.341,4115773.9625]]]}},{"type":"Feature","properties":{"id":"4659402XG0145N_part1","floors":1,"height":3.1,"heightSource":"Catastro:numberOfFloorsAboveGround"},"geometry":{"type":"Polygon","coordinates":[[[604508.0,4115663.003],[604510.27,4115677.073],[604511.57,4115676.653],[604513.67,4115675.983],[604517.19,4115674.853],[604523.63,4115673.453],[604521.5,4115661.423],[604508.0,4115663.003]],[[604513.3,4115671.593],[604514.06,4115671.463],[604513.99,4115671.093],[604516.51,4115670.773],[604516.88,4115672.833],[604513.63,4115673.703],[604513.3,4115671.593]]]}},{"type":"Feature","properties":{"id":"4659403XG0145N_part1","floors":3,"height":9.3,"heightSource":"Catastro:numberOfFloorsAboveGround"},"geometry":{"type":"Polygon","coordinates":[[[604506.0695,4115655.443],[604507.22,4115662.533],[604508.0,4115663.003],[604506.6495,4115654.623],[604506.0695,4115655.443]]]}},{"type":"Feature","properties":{"id":"4659403XG0145N_part2","floors":3,"height":9.3,"heightSource":"Catastro:numberOfFloorsAboveGround"},"geometry":{"type":"Polygon","coordinates":[[[604520.54,4115656.033],[604521.5,4115661.423],[604522.1,4115660.823],[604521.23,4115655.893],[604520.54,4115656.033]]]}},{"type":"Feature","properties":{"id":"4659403XG0145N_part3","floors":4,"height":12.4,"heightSource":"Catastro:numberOfFloorsAboveGround"},"geometry":{"type":"Polygon","coordinates":[[[604506.6495,4115654.623],[604508.0,4115663.003],[604521.5,4115661.423],[604520.54,4115656.033],[604519.9795,4115652.883],[604510.3795,4115654.133],[604506.6495,4115654.623]]]}},{"type":"Feature","properties":{"id":"4659404XG0145N_part1","floors":1,"height":3.1,"heightSource":"Catastro:numberOfFloorsAboveGround"},"geometry":{"type":"Polygon","coordinates":[[[604506.0195,4115650.723],[604506.6495,4115654.623],[604510.3795,4115654.133],[604509.7495,4115650.223],[604506.0195,4115650.723]]]}},{"type":"Feature","properties":{"id":"4659404XG0145N_part2","floors":2,"height":6.2,"heightSource":"Catastro:numberOfFloorsAboveGround"},"geometry":{"type":"Polygon","coordinates":[[[604509.7495,4115650.223],[604510.3795,4115654.133],[604519.9795,4115652.883],[604519.2795,4115648.953],[604509.7495,4115650.223]]]}},{"type":"Feature","properties":{"id":"4659405XG0145N_part1","floors":2,"height":6.2,"heightSource":"Catastro:numberOfFloorsAboveGround"},"geometry":{"type":"Polygon","coordinates":[[[604505.2195,4115645.753],[604506.0195,4115650.723],[604509.7495,4115650.223],[604510.4425,4115650.1305],[604510.0715,4115647.865],[604509.6295,4115645.163],[604505.2195,4115645.753]]]}},{"type":"Feature","properties":{"id":"4659405XG0145N_part2","floors":1,"height":3.1,"heightSource":"Catastro:numberOfFloorsAboveGround"},"geometry":{"type":"Polygon","coordinates":[[[604519.2795,4115648.953],[604517.9395,4115641.343],[604509.1795,4115642.413],[604509.6295,4115645.163],[604510.0715,4115647.865],[604516.585,4115646.997],[604516.8885,4115649.2715],[604519.2795,4115648.953]]]}},{"type":"Feature","properties":{"id":"4659405XG0145N_part3","floors":2,"height":6.2,"heightSource":"Catastro:numberOfFloorsAboveGround"},"geometry":{"type":"Polygon","coordinates":[[[604516.585,4115646.997],[604510.0715,4115647.865],[604510.4425,4115650.1305],[604516.8885,4115649.2715],[604516.585,4115646.997]]]}},{"type":"Feature","properties":{"id":"4659406XG0145N_part1","floors":1,"height":3.1,"heightSource":"Catastro:numberOfFloorsAboveGround"},"geometry":{"type":"Polygon","coordinates":[[[604503.5395,4115635.303],[604504.7595,4115642.943],[604509.1795,4115642.413],[604517.9395,4115641.343],[604516.3695,4115632.593],[604512.4595,4115633.423],[604508.1295,4115634.333],[604509.1195,4115639.013],[604506.6795,4115639.453],[604506.1895,4115637.113],[604506.8695,4115636.973],[604506.3895,4115634.703],[604503.5395,4115635.303]]]}},{"type":"Feature","properties":{"id":"4659407XG0145N_part1","floors":5,"height":15.5,"heightSource":"Catastro:numberOfFloorsAboveGround"},"geometry":{"type":"Polygon","coordinates":[[[604511.5595,4115628.653],[604507.1495,4115629.413],[604507.4895,4115631.333],[604511.9195,4115630.463],[604511.5595,4115628.653]]]}},{"type":"Feature","properties":{"id":"4659407XG0145N_part2","floors":1,"height":3.1,"heightSource":"Catastro:numberOfFloorsAboveGround"},"geometry":{"type":"Polygon","coordinates":[[[604507.4895,4115631.333],[604507.9695,4115634.363],[604508.1295,4115634.333],[604512.4595,4115633.423],[604511.9195,4115630.463],[604507.4895,4115631.333]]]}},{"type":"Feature","properties":{"id":"4659407XG0145N_part3","floors":4,"height":12.4,"heightSource":"Catastro:numberOfFloorsAboveGround"},"geometry":{"type":"Polygon","coordinates":[[[604515.1395,4115625.853],[604502.3895,4115628.173],[604503.5395,4115635.303],[604506.3895,4115634.703],[604507.9695,4115634.363],[604507.4895,4115631.333],[604507.1495,4115629.413],[604511.5595,4115628.653],[604511.9195,4115630.463],[604512.4595,4115633.423],[604516.3695,4115632.593],[604515.1395,4115625.853]]]}},{"type":"Feature","properties":{"id":"4659501XG0145N_part1","floors":4,"height":12.4,"heightSource":"Catastro:numberOfFloorsAboveGround"},"geometry":{"type":"Polygon","coordinates":[[[604492.26,4115681.453],[604493.46,4115688.573],[604503.58,4115688.833],[604502.38,4115680.163],[604494.1,4115681.223],[604492.26,4115681.453]]]}},{"type":"Feature","properties":{"id":"4659502XG0145N_part1","floors":1,"height":3.1,"heightSource":"Catastro:numberOfFloorsAboveGround"},"geometry":{"type":"Polygon","coordinates":[[[604493.54,4115676.983],[604493.67,4115678.003],[604497.04,4115677.563],[604496.91,4115676.573],[604496.73,4115676.593],[604494.14,4115676.913],[604493.54,4115676.983]]]}},{"type":"Feature","properties":{"id":"4659502XG0145N_part2","floors":2,"height":6.2,"heightSource":"Catastro:numberOfFloorsAboveGround"},"geometry":{"type":"Polygon","coordinates":[[[604497.04,4115677.563],[604493.67,4115678.003],[604494.1,4115681.223],[604502.38,4115680.163],[604501.85,4115675.963],[604496.91,4115676.573],[604497.04,4115677.563]]]}},{"type":"Feature","properties":{"id":"4659503XG0145N_part1","floors":1,"height":3.1,"heightSource":"Catastro:numberOfFloorsAboveGround"},"geometry":{"type":"Polygon","coordinates":[[[604496.54,4115674.813],[604493.92,4115675.103],[604494.14,4115676.913],[604496.73,4115676.593],[604496.54,4115674.813]]]}},{"type":"Feature","properties":{"id":"4659503XG0145N_part2","floors":2,"height":6.2,"heightSource":"Catastro:numberOfFloorsAboveGround"},"geometry":{"type":"Polygon","coordinates":[[[604491.5,4115671.413],[604488.79,4115671.723],[604489.5,4115677.483],[604490.56,4115677.353],[604493.54,4115676.983],[604494.14,4115676.913],[604493.92,4115675.103],[604496.54,4115674.813],[604496.73,4115676.593],[604496.91,4115676.573],[604501.85,4115675.963],[604501.83,4115675.853],[604501.31,4115671.753],[604500.79,4115667.643],[604500.76,4115667.383],[604491.2,4115668.483],[604491.5,4115671.413]]]}},{"type":"Feature","properties":{"id":"4659504XG0145N_part1","floors":1,"height":3.1,"heightSource":"Catastro:numberOfFloorsAboveGround"},"geometry":{"type":"Polygon","coordinates":[[[604487.0295,4115659.903],[604488.08,4115668.843],[604488.43,4115668.793],[604491.2,4115668.483],[604500.76,4115667.383],[604499.6095,4115658.313],[604492.4895,4115659.203],[604492.3695,4115659.223],[604492.7195,4115662.983],[604493.1095,4115663.013],[604493.22,4115664.723],[604488.8,4115665.253],[604488.5395,4115662.793],[604490.4895,4115662.413],[604490.1495,4115659.503],[604487.0295,4115659.903]]]}},{"type":"Feature","properties":{"id":"4659505XG0145N_part1","floors":2,"height":6.2,"heightSource":"Catastro:numberOfFloorsAboveGround"},"geometry":{"type":"Polygon","coordinates":[[[604486.7995,4115657.913],[604487.0295,4115659.903],[604490.1495,4115659.503],[604492.3695,4115659.223],[604492.4895,4115659.203],[604492.2295,4115657.223],[604486.7995,4115657.913]]]}},{"type":"Feature","properties":{"id":"4659505XG0145N_part2","floors":2,"height":6.2,"heightSource":"Catastro:numberOfFloorsAboveGround"},"geometry":{"type":"Polygon","coordinates":[[[604486.2495,4115653.213],[604486.5695,4115655.943],[604491.9795,4115655.243],[604492.2295,4115657.223],[604499.3595,4115656.313],[604498.7395,4115651.363],[604491.0395,4115652.503],[604488.4095,4115652.893],[604486.2495,4115653.213]]]}},{"type":"Feature","properties":{"id":"4659505XG0145N_part3","floors":3,"height":9.3,"heightSource":"Catastro:numberOfFloorsAboveGround"},"geometry":{"type":"Polygon","coordinates":[[[604492.2295,4115657.223],[604492.4895,4115659.203],[604499.6095,4115658.313],[604499.3595,4115656.313],[604492.2295,4115657.223]]]}},{"type":"Feature","properties":{"id":"4659506XG0145N_part1","floors":1,"height":3.1,"heightSource":"Catastro:numberOfFloorsAboveGround"},"geometry":{"type":"Polygon","coordinates":[[[604490.5095,4115649.533],[604488.0595,4115649.843],[604487.9795,4115649.543],[604485.8395,4115649.713],[604486.1895,4115652.773],[604486.2495,4115653.213],[604488.4095,4115652.893],[604488.1695,4115651.513],[604490.8395,4115651.113],[604491.0395,4115652.503],[604498.7395,4115651.363],[604497.4495,4115642.383],[604489.7395,4115643.353],[604490.5095,4115649.533]]]}},{"type":"Feature","properties":{"id":"4659507XG0145N_part1","floors":1,"height":3.1,"heightSource":"Catastro:numberOfFloorsAboveGround"},"geometry":{"type":"Polygon","coordinates":[[[604484.5195,4115639.873],[604487.2695,4115639.463],[604486.7295,4115635.833],[604483.9595,4115636.253],[604484.5195,4115639.873]]]}},{"type":"Feature","properties":{"id":"4659507XG0145N_part2","floors":2,"height":6.2,"heightSource":"Catastro:numberOfFloorsAboveGround"},"geometry":{"type":"Polygon","coordinates":[[[604487.2695,4115639.463],[604484.5195,4115639.873],[604485.1495,4115643.933],[604489.7395,4115643.353],[604497.4495,4115642.383],[604496.2995,4115634.413],[604486.7295,4115635.833],[604487.2695,4115639.463]]]}},{"type":"Feature","properties":{"id":"4659508XG0145N_part1","floors":4,"height":12.4,"heightSource":"Catastro:numberOfFloorsAboveGround"},"geometry":{"type":"Polygon","coordinates":[[[604494.2995,4115620.403],[604481.9595,4115623.353],[604483.4295,4115632.903],[604483.9595,4115636.253],[604486.7295,4115635.833],[604496.2995,4115634.413],[604494.2995,4115620.403]]]}},{"type":"Feature","properties":{"id":"4659509XG0145N_part1","floors":1,"height":3.1,"heightSource":"Catastro:numberOfFloorsAboveGround"},"geometry":{"type":"Polygon","coordinates":[[[604473.6195,4115625.583],[604475.9595,4115637.973],[604481.0295,4115636.873],[604482.6795,4115636.453],[604482.1595,4115633.093],[604483.4295,4115632.903],[604481.9595,4115623.353],[604473.6195,4115625.583]]]}},{"type":"Feature","properties":{"id":"4659509XG0145N_part2","floors":1,"height":3.1,"heightSource":"Catastro:numberOfFloorsAboveGround"},"geometry":{"type":"Polygon","coordinates":[[[604476.7095,4115641.903],[604477.5795,4115646.513],[604478.7395,4115646.293],[604481.1895,4115645.843],[604481.1395,4115645.083],[604484.2095,4115644.383],[604483.5895,4115640.363],[604481.6095,4115640.843],[604476.7095,4115641.903]]]}},{"type":"Feature","properties":{"id":"4659509XG0145N_part3","floors":2,"height":6.2,"heightSource":"Catastro:numberOfFloorsAboveGround"},"geometry":{"type":"Polygon","coordinates":[[[604475.9595,4115637.973],[604476.7095,4115641.903],[604481.6095,4115640.843],[604481.0295,4115636.873],[604475.9595,4115637.973]]]}},{"type":"Feature","properties":{"id":"4659510XG0145N_part1","floors":1,"height":3.1,"heightSource":"Catastro:numberOfFloorsAboveGround"},"geometry":{"type":"Polygon","coordinates":[[[604479.0695,4115654.383],[604480.2495,4115654.113],[604478.7395,4115646.293],[604477.5795,4115646.513],[604479.0695,4115654.383]]]}},{"type":"Feature","properties":{"id":"4659510XG0145N_part2","floors":1,"height":3.1,"heightSource":"Catastro:numberOfFloorsAboveGround"},"geometry":{"type":"Polygon","coordinates":[[[604483.1495,4115649.793],[604483.7095,4115653.333],[604486.1895,4115652.773],[604485.8395,4115649.713],[604485.7795,4115649.203],[604483.1495,4115649.793]]]}},{"type":"Feature","properties":{"id":"4659510XG0145N_part3","floors":2,"height":6.2,"heightSource":"Catastro:numberOfFloorsAboveGround"},"geometry":{"type":"Polygon","coordinates":[[[604481.1395,4115645.083],[604481.1895,4115645.843],[604478.7395,4115646.293],[604480.2495,4115654.113],[604483.0995,4115653.473],[604483.7095,4115653.333],[604483.1495,4115649.793],[604485.7795,4115649.203],[604485.1895,4115644.163],[604484.2095,4115644.383],[604481.1395,4115645.083]]]}},{"type":"Feature","properties":{"id":"4659511XG0145N_part1","floors":2,"height":6.2,"heightSource":"Catastro:numberOfFloorsAboveGround"},"geometry":{"type":"Polygon","coordinates":[[[604479.0695,4115654.383],[604479.9295,4115658.903],[604481.1795,4115665.543],[604482.04,4115670.063],[604484.39,4115669.583],[604486.03,4115669.253],[604485.75,4115667.273],[604486.64,4115667.083],[604486.0295,4115663.073],[604486.9895,4115662.893],[604486.4295,4115659.213],[604485.1895,4115659.443],[604484.5295,4115655.293],[604483.4495,4115655.503],[604483.0995,4115653.473],[604480.2495,4115654.113],[604479.0695,4115654.383]]]}},{"type":"Feature","properties":{"id":"4659512XG0145N_part1","floors":2,"height":6.2,"heightSource":"Catastro:numberOfFloorsAboveGround"},"geometry":{"type":"Polygon","coordinates":[[[604482.04,4115670.063],[604483.41,4115678.243],[604485.88,4115677.933],[604485.56,4115674.543],[604487.35,4115674.383],[604486.98,4115670.443],[604484.49,4115670.683],[604484.39,4115669.583],[604482.04,4115670.063]]]}},{"type":"Feature","properties":{"id":"4659512XG0145N_part2","floors":3,"height":9.3,"heightSource":"Catastro:numberOfFloorsAboveGround"},"geometry":{"type":"Polygon","coordinates":[[[604484.39,4115669.583],[604484.49,4115670.683],[604486.98,4115670.443],[604487.35,4115674.383],[604485.56,4115674.543],[604485.88,4115677.933],[604487.31,4115677.753],[604489.5,4115677.483],[604488.79,4115671.723],[604488.43,4115668.793],[604488.08,4115668.843],[604486.03,4115669.253],[604484.39,4115669.583]]]}},{"type":"Feature","properties":{"id":"4659513XG0145N_part1","floors":2,"height":6.2,"heightSource":"Catastro:numberOfFloorsAboveGround"},"geometry":{"type":"Polygon","coordinates":[[[604483.41,4115678.243],[604484.53,4115684.883],[604485.08,4115688.173],[604493.46,4115688.573],[604492.26,4115681.453],[604491.12,4115681.603],[604488.06,4115682.003],[604487.31,4115677.753],[604485.88,4115677.933],[604483.41,4115678.243]]]}},{"type":"Feature","properties":{"id":"4659602XG0145N_part1","floors":1,"height":3.1,"heightSource":"Catastro:numberOfFloorsAboveGround"},"geometry":{"type":"Polygon","coordinates":[[[604459.19,4115676.403],[604462.16,4115682.553],[604463.78,4115683.063],[604467.08,4115682.363],[604465.67,4115678.133],[604467.86,4115677.633],[604468.25,4115677.663],[604468.71,4115679.783],[604467.72,4115680.013],[604468.16,4115682.143],[604477.65,4115680.153],[604476.08,4115672.093],[604463.41,4115675.323],[604459.19,4115676.403]]]}},{"type":"Feature","properties":{"id":"4659603XG0145N_part1","floors":2,"height":6.2,"heightSource":"Catastro:numberOfFloorsAboveGround"},"geometry":{"type":"Polygon","coordinates":[[[604462.3295,4115669.993],[604463.41,4115675.323],[604476.08,4115672.093],[604475.1195,4115667.173],[604466.0395,4115669.183],[604462.7695,4115669.923],[604462.3295,4115669.993]]]}},{"type":"Feature","properties":{"id":"4659604XG0145N_part1","floors":1,"height":3.1,"heightSource":"Catastro:numberOfFloorsAboveGround"},"geometry":{"type":"Polygon","coordinates":[[[604464.4495,4115662.403],[604465.2595,4115665.843],[604466.0395,4115669.183],[604475.1195,4115667.173],[604473.8095,4115660.423],[604464.4495,4115662.403]]]}},{"type":"Feature","properties":{"id":"4659604XG0145N_part2","floors":2,"height":6.2,"heightSource":"Catastro:numberOfFloorsAboveGround"},"geometry":{"type":"Polygon","coordinates":[[[604462.0995,4115666.523],[604462.7695,4115669.923],[604466.0395,4115669.183],[604465.2595,4115665.843],[604462.0995,4115666.523]]]}},{"type":"Feature","properties":{"id":"4659605XG0145N_part1","floors":3,"height":9.3,"heightSource":"Catastro:numberOfFloorsAboveGround"},"geometry":{"type":"Polygon","coordinates":[[[604463.3595,4115657.483],[604460.4795,4115658.223],[604461.4195,4115663.053],[604464.4495,4115662.403],[604467.417,4115661.775],[604466.1825,4115655.431],[604463.1195,4115656.223],[604463.3595,4115657.483]]]}},{"type":"Feature","properties":{"id":"4659605XG0145N_part2","floors":2,"height":6.2,"heightSource":"Catastro:numberOfFloorsAboveGround"},"geometry":{"type":"Polygon","coordinates":[[[604473.8095,4115660.423],[604472.5195,4115653.793],[604466.1825,4115655.431],[604467.417,4115661.775],[604473.8095,4115660.423]]]}},{"type":"Feature","properties":{"id":"4659606XG0145N_part1","floors":1,"height":3.1,"heightSource":"Catastro:numberOfFloorsAboveGround"},"geometry":{"type":"Polygon","coordinates":[[[604448.0595,4115649.713],[604449.1995,4115652.493],[604454.4095,4115651.653],[604455.4895,4115654.453],[604450.3295,4115655.263],[604451.6595,4115658.503],[604460.2395,4115656.973],[604463.1195,4115656.223],[604472.5195,4115653.793],[604470.9795,4115645.833],[604467.4095,4115646.563],[604463.8295,4115647.223],[604460.2395,4115647.823],[604456.6395,4115648.363],[604448.0595,4115649.713]],[[604457.1795,4115651.693],[604460.0895,4115650.963],[604460.2095,4115651.443],[604459.8195,4115651.543],[604460.1795,4115652.993],[604457.6595,4115653.633],[604457.1795,4115651.693]]]}},{"type":"Feature","properties":{"id":"4659607XG0145N_part1","floors":1,"height":3.1,"heightSource":"Catastro:numberOfFloorsAboveGround"},"geometry":{"type":"Polygon","coordinates":[[[604454.9295,4115639.943],[604455.3795,4115642.163],[604458.9795,4115641.523],[604459.5895,4115644.853],[604456.0495,4115645.483],[604456.6395,4115648.363],[604460.2395,4115647.823],[604463.8295,4115647.223],[604467.4095,4115646.563],[604470.9795,4115645.833],[604469.4695,4115637.313],[604454.9295,4115639.943]]]}},{"type":"Feature","properties":{"id":"4659608XG0145N_part1","floors":1,"height":3.1,"heightSource":"Catastro:numberOfFloorsAboveGround"},"geometry":{"type":"Polygon","coordinates":[[[604446.3995,4115632.543],[604448.7495,4115634.013],[604449.7995,4115634.923],[604451.0295,4115633.623],[604450.6195,4115631.513],[604446.3995,4115632.543]]]}},{"type":"Feature","properties":{"id":"4659608XG0145N_part2","floors":1,"height":3.1,"heightSource":"Catastro:numberOfFloorsAboveGround"},"geometry":{"type":"Polygon","coordinates":[[[604454.9095,4115634.623],[604450.5895,4115635.603],[604453.7295,4115638.333],[604454.7895,4115639.253],[604454.9295,4115639.943],[604469.4695,4115637.313],[604467.7095,4115627.343],[604466.2495,4115627.693],[604459.6695,4115629.303],[604458.6895,4115629.543],[604454.1895,4115630.633],[604454.9095,4115634.623]]]}},{"type":"Feature","properties":{"id":"4659609XG0145N_part1","floors":1,"height":3.1,"heightSource":"Catastro:numberOfFloorsAboveGround"},"geometry":{"type":"Polygon","coordinates":[[[604444.9895,4115631.663],[604446.3995,4115632.543],[604450.6195,4115631.513],[604454.1895,4115630.633],[604458.6895,4115629.543],[604457.7895,4115625.653],[604453.6295,4115626.613],[604453.569,4115626.043],[604452.449,4115626.223],[604452.529,4115623.013],[604447.499,4115623.913],[604444.9895,4115631.663]]]}},{"type":"Feature","properties":{"id":"4659609XG0145N_part2","floors":2,"height":6.2,"heightSource":"Catastro:numberOfFloorsAboveGround"},"geometry":{"type":"Polygon","coordinates":[[[604457.059,4115622.213],[604457.7895,4115625.653],[604458.6895,4115629.543],[604459.6695,4115629.303],[604458.589,4115624.533],[604461.059,4115623.693],[604460.949,4115622.193],[604464.929,4115621.233],[604464.749,4115620.343],[604457.059,4115622.213]]]}},{"type":"Feature","properties":{"id":"4659609XG0145N_part3","floors":3,"height":9.3,"heightSource":"Catastro:numberOfFloorsAboveGround"},"geometry":{"type":"Polygon","coordinates":[[[604460.949,4115622.193],[604461.059,4115623.693],[604458.589,4115624.533],[604459.6695,4115629.303],[604466.2495,4115627.693],[604464.929,4115621.233],[604460.949,4115622.193]]]}},{"type":"Feature","properties":{"id":"4659609XG0145N_part4","floors":2,"height":6.2,"heightSource":"Catastro:numberOfFloorsAboveGround"},"geometry":{"type":"Polygon","coordinates":[[[604464.749,4115620.343],[604464.929,4115621.233],[604466.2495,4115627.693],[604467.7095,4115627.343],[604466.209,4115619.993],[604464.749,4115620.343]]]}},{"type":"Feature","properties":{"id":"4659610XG0145N_part1","floors":1,"height":3.1,"heightSource":"Catastro:numberOfFloorsAboveGround"},"geometry":{"type":"Polygon","coordinates":[[[604452.529,4115623.013],[604457.059,4115622.213],[604464.749,4115620.343],[604466.209,4115619.993],[604463.369,4115610.823],[604456.969,4115612.453],[604450.689,4115614.073],[604449.059,4115619.123],[604453.039,4115618.133],[604453.649,4115620.593],[604448.279,4115621.533],[604447.499,4115623.913],[604452.529,4115623.013]]]}},{"type":"Feature","properties":{"id":"4659611XG0145N_part1","floors":2,"height":6.2,"heightSource":"Catastro:numberOfFloorsAboveGround"},"geometry":{"type":"Polygon","coordinates":[[[604456.449,4115608.903],[604456.969,4115612.453],[604463.369,4115610.823],[604462.319,4115607.393],[604456.449,4115608.903]]]}},{"type":"Feature","properties":{"id":"4659612XG0145N_part1","floors":1,"height":3.1,"heightSource":"Catastro:numberOfFloorsAboveGround"},"geometry":{"type":"Polygon","coordinates":[[[604456.449,4115608.903],[604462.319,4115607.393],[604461.179,4115603.703],[604457.879,4115604.703],[604454.359,4115602.803],[604451.999,4115610.053],[604456.449,4115608.903]]]}},{"type":"Feature","properties":{"id":"4659613XG0145N_part1","floors":2,"height":6.2,"heightSource":"Catastro:numberOfFloorsAboveGround"},"geometry":{"type":"Polygon","coordinates":[[[604460.239,4115600.653],[604459.499,4115596.363],[604455.239,4115596.693],[604455.299,4115600.543],[604454.359,4115602.803],[604457.879,4115604.703],[604461.179,4115603.703],[604460.239,4115600.653]]]}},{"type":"Feature","properties":{"id":"4659614XG0145N_part1","floors":1,"height":3.1,"heightSource":"Catastro:numberOfFloorsAboveGround"},"geometry":{"type":"Polygon","coordinates":[[[604451.3695,4115639.383],[604453.4695,4115644.253],[604455.5995,4115643.273],[604455.3795,4115642.163],[604454.9295,4115639.943],[604454.7895,4115639.253],[604453.7295,4115638.333],[604451.3695,4115639.383]]]}},{"type":"Feature","properties":{"id":"4659614XG0145N_part2","floors":3,"height":9.3,"heightSource":"Catastro:numberOfFloorsAboveGround"},"geometry":{"type":"Polygon","coordinates":[[[604442.9395,4115637.803],[604448.0595,4115649.713],[604456.6395,4115648.363],[604456.0495,4115645.483],[604455.5995,4115643.273],[604453.4695,4115644.253],[604451.3695,4115639.383],[604453.7295,4115638.333],[604450.5895,4115635.603],[604449.7995,4115634.923],[604448.7495,4115634.013],[604446.3995,4115632.543],[604444.9895,4115631.663],[604442.9395,4115637.803]]]}},{"type":"Feature","properties":{"id":"4659615XG0145N_part1","floors":1,"height":3.1,"heightSource":"Catastro:numberOfFloorsAboveGround"},"geometry":{"type":"Polygon","coordinates":[[[604451.6595,4115658.503],[604456.7695,4115670.973],[604462.3295,4115669.993],[604462.7695,4115669.923],[604462.0995,4115666.523],[604461.4195,4115663.053],[604460.4795,4115658.223],[604460.2395,4115656.973],[604451.6595,4115658.503]]]}},{"type":"Feature","properties":{"id":"4659803XG0145N_part1","floors":1,"height":3.1,"heightSource":"Catastro:numberOfFloorsAboveGround"},"geometry":{"type":"Polygon","coordinates":[[[604468.55,4115698.513],[604468.63,4115698.703],[604469.29,4115698.723],[604473.76,4115697.67],[604474.31,4115699.48],[604475.82,4115699.04],[604476.53,4115701.35],[604477.63,4115701.07],[604478.14,4115703.003],[604481.9,4115702.043],[604481.32,4115699.183],[604481.05,4115699.243],[604480.82,4115698.443],[604478.13,4115699.33],[604477.16,4115696.49],[604468.55,4115698.513]]]}},{"type":"Feature","properties":{"id":"4659803XG0145N_part2","floors":2,"height":6.2,"heightSource":"Catastro:numberOfFloorsAboveGround"},"geometry":{"type":"Polygon","coordinates":[[[604475.82,4115699.04],[604474.31,4115699.48],[604473.76,4115697.67],[604469.29,4115698.723],[604471.11,4115704.803],[604475.44,4115703.683],[604474.93,4115701.76],[604476.53,4115701.35],[604475.82,4115699.04]]]}},{"type":"Feature","properties":{"id":"4659803XG0145N_part3","floors":2,"height":6.2,"heightSource":"Catastro:numberOfFloorsAboveGround"},"geometry":{"type":"Polygon","coordinates":[[[604477.16,4115696.49],[604478.13,4115699.33],[604480.82,4115698.443],[604480.116,4115695.801],[604477.16,4115696.49]]]}},{"type":"Feature","properties":{"id":"4660003XG0146S_part1","floors":1,"height":3.1,"heightSource":"Catastro:numberOfFloorsAboveGround"},"geometry":{"type":"Polygon","coordinates":[[[604470.571,4115786.3125],[604472.851,4115792.5725],[604476.271,4115801.9325],[604480.111,4115800.9025],[604477.591,4115793.4425],[604477.301,4115792.5725],[604474.751,4115784.9725],[604470.571,4115786.3125]]]}},{"type":"Feature","properties":{"id":"4660004XG0146S_part1","floors":1,"height":3.1,"heightSource":"Catastro:numberOfFloorsAboveGround"},"geometry":{"type":"Polygon","coordinates":[[[604480.551,4115792.6625],[604477.591,4115793.4425],[604480.111,4115800.9025],[604486.541,4115799.1925],[604486.151,4115798.0925],[604484.211,4115792.5725],[604484.081,4115792.1925],[604482.651,4115792.5725],[604481.861,4115792.7825],[604481.791,4115792.5725],[604480.781,4115789.5625],[604479.641,4115789.9425],[604480.521,4115792.5725],[604480.551,4115792.6625]]]}},{"type":"Feature","properties":{"id":"4660004XG0146S_part2","floors":2,"height":6.2,"heightSource":"Catastro:numberOfFloorsAboveGround"},"geometry":{"type":"Polygon","coordinates":[[[604480.911,4115783.2325],[604477.691,4115784.1425],[604479.641,4115789.9425],[604480.781,4115789.5625],[604481.791,4115792.5725],[604481.861,4115792.7825],[604482.651,4115792.5725],[604484.081,4115792.1925],[604481.431,4115784.6525],[604480.911,4115783.2325]]]}},{"type":"Feature","properties":{"id":"4660005XG0146S_part1","floors":3,"height":9.3,"heightSource":"Catastro:numberOfFloorsAboveGround"},"geometry":{"type":"Polygon","coordinates":[[[604486.151,4115798.0925],[604486.541,4115799.1925],[604488.471,4115798.6825],[604488.081,4115797.5625],[604486.151,4115798.0925]]]}},{"type":"Feature","properties":{"id":"4660005XG0146S_part3","floors":3,"height":9.3,"heightSource":"Catastro:numberOfFloorsAboveGround"},"geometry":{"type":"Polygon","coordinates":[[[604490.461,4115796.9125],[604488.081,4115797.5625],[604488.471,4115798.6825],[604490.861,4115798.0425],[604490.461,4115796.9125]]]}},{"type":"Feature","properties":{"id":"4660005XG0146S_part4","floors":3,"height":9.3,"heightSource":"Catastro:numberOfFloorsAboveGround"},"geometry":{"type":"Polygon","coordinates":[[[604494.971,4115783.3625],[604495.201,4115784.0225],[604495.511,4115783.9125],[604496.321,4115786.2225],[604497.331,4115785.8625],[604496.291,4115782.8925],[604494.971,4115783.3625]]]}},{"type":"Feature","properties":{"id":"4660005XG0146S_part5","floors":3,"height":9.3,"heightSource":"Catastro:numberOfFloorsAboveGround"},"geometry":{"type":"Polygon","coordinates":[[[604499.051,4115793.2225],[604499.901,4115795.6425],[604500.711,4115795.4225],[604499.831,4115792.9425],[604499.051,4115793.2225]]]}},{"type":"Feature","properties":{"id":"4660005XG0146S_part6","floors":3,"height":9.3,"heightSource":"Catastro:numberOfFloorsAboveGround"},"geometry":{"type":"Polygon","coordinates":[[[604491.511,4115781.3925],[604492.511,4115784.2225],[604494.971,4115783.3625],[604493.991,4115780.5925],[604491.511,4115781.3925]]]}},{"type":"Feature","properties":{"id":"4660005XG0146S_part7","floors":2,"height":6.2,"heightSource":"Catastro:numberOfFloorsAboveGround"},"geometry":{"type":"Polygon","coordinates":[[[604493.991,4115780.5925],[604494.971,4115783.3625],[604496.291,4115782.8925],[604495.321,4115780.1625],[604493.991,4115780.5925]]]}},{"type":"Feature","properties":{"id":"4660005XG0146S_part8","floors":2,"height":6.2,"heightSource":"Catastro:numberOfFloorsAboveGround"},"geometry":{"type":"Polygon","coordinates":[[[604490.861,4115798.0425],[604491.031,4115798.5125],[604499.641,4115796.2125],[604499.481,4115795.7525],[604490.861,4115798.0425]]]}},{"type":"Feature","properties":{"id":"4660005XG0146S_part9","floors":2,"height":6.2,"heightSource":"Catastro:numberOfFloorsAboveGround"},"geometry":{"type":"Polygon","coordinates":[[[604497.331,4115785.8625],[604499.691,4115792.5325],[604500.141,4115792.3825],[604497.781,4115785.7125],[604497.331,4115785.8625]]]}},{"type":"Feature","properties":{"id":"4660005XG0146S_part10","floors":3,"height":9.3,"heightSource":"Catastro:numberOfFloorsAboveGround"},"geometry":{"type":"Polygon","coordinates":[[[604490.751,4115781.6425],[604481.431,4115784.6525],[604484.081,4115792.1925],[604484.211,4115792.5725],[604486.151,4115798.0925],[604488.081,4115797.5625],[604490.461,4115796.9125],[604490.861,4115798.0425],[604499.481,4115795.7525],[604498.491,4115792.9625],[604499.691,4115792.5325],[604497.331,4115785.8625],[604496.321,4115786.2225],[604495.511,4115783.9125],[604495.201,4115784.0225],[604494.971,4115783.3625],[604492.511,4115784.2225],[604491.511,4115781.3925],[604490.751,4115781.6425]],[[604486.051,4115789.8325],[604485.061,4115787.0025],[604487.891,4115786.0125],[604488.881,4115788.8425],[604492.851,4115787.4425],[604494.171,4115791.2225],[604489.741,4115792.7825],[604488.411,4115789.0025],[604486.051,4115789.8325]]]}},{"type":"Feature","properties":{"id":"4660005XG0146S_part11","floors":4,"height":12.4,"heightSource":"Catastro:numberOfFloorsAboveGround"},"geometry":{"type":"Polygon","coordinates":[[[604488.411,4115789.0025],[604489.741,4115792.7825],[604494.171,4115791.2225],[604492.851,4115787.4425],[604488.881,4115788.8425],[604488.411,4115789.0025]]]}},{"type":"Feature","properties":{"id":"4660009XG0146S_part1","floors":3,"height":9.3,"heightSource":"Catastro:numberOfFloorsAboveGround"},"geometry":{"type":"Polygon","coordinates":[[[604489.941,4115773.4525],[604491.171,4115776.6125],[604491.421,4115777.2725],[604493.861,4115776.3825],[604492.371,4115772.5125],[604489.941,4115773.4525]]]}},{"type":"Feature","properties":{"id":"4660009XG0146S_part2","floors":3,"height":9.3,"heightSource":"Catastro:numberOfFloorsAboveGround"},"geometry":{"type":"Polygon","coordinates":[[[604471.931,4115777.4525],[604472.991,4115780.2825],[604475.771,4115779.0925],[604476.901,4115782.1825],[604474.151,4115783.3625],[604474.751,4115784.9725],[604477.691,4115784.1425],[604480.911,4115783.2325],[604481.431,4115784.6525],[604490.751,4115781.6425],[604489.421,4115778.0025],[604491.421,4115777.2725],[604491.171,4115776.6125],[604485.991,4115778.6025],[604484.721,4115775.1825],[604489.851,4115773.2125],[604489.941,4115773.4525],[604492.371,4115772.5125],[604491.031,4115769.0525],[604474.891,4115776.0425],[604471.931,4115777.4525]]]}},{"type":"Feature","properties":{"id":"4660009XG0146S_part3","floors":4,"height":12.4,"heightSource":"Catastro:numberOfFloorsAboveGround"},"geometry":{"type":"Polygon","coordinates":[[[604489.851,4115773.2125],[604484.721,4115775.1825],[604485.991,4115778.6025],[604491.171,4115776.6125],[604489.941,4115773.4525],[604489.851,4115773.2125]]]}},{"type":"Feature","properties":{"id":"4660009XG0146S_part4","floors":2,"height":6.2,"heightSource":"Catastro:numberOfFloorsAboveGround"},"geometry":{"type":"Polygon","coordinates":[[[604489.421,4115778.0025],[604490.751,4115781.6425],[604491.511,4115781.3925],[604493.991,4115780.5925],[604495.321,4115780.1625],[604494.091,4115776.9625],[604491.661,4115777.8925],[604491.421,4115777.2725],[604489.421,4115778.0025]]]}},{"type":"Feature","properties":{"id":"4660010XG0146S_part1","floors":1,"height":3.1,"heightSource":"Catastro:numberOfFloorsAboveGround"},"geometry":{"type":"Polygon","coordinates":[[[604471.651,4115776.7425],[604471.931,4115777.4525],[604474.891,4115776.0425],[604473.591,4115772.7725],[604470.631,4115774.1725],[604471.651,4115776.7425]]]}},{"type":"Feature","properties":{"id":"4660010XG0146S_part2","floors":2,"height":6.2,"heightSource":"Catastro:numberOfFloorsAboveGround"},"geometry":{"type":"Polygon","coordinates":[[[604472.3605,4115769.663],[604473.591,4115772.7725],[604474.891,4115776.0425],[604491.031,4115769.0525],[604488.6005,4115762.693],[604472.3605,4115769.663]],[[604478.251,4115770.893],[604481.571,4115769.483],[604482.331,4115771.4825],[604479.071,4115772.9425],[604478.251,4115770.893]]]}},{"type":"Feature","properties":{"id":"4660011XG0146S_part1","floors":1,"height":3.1,"heightSource":"Catastro:numberOfFloorsAboveGround"},"geometry":{"type":"Polygon","coordinates":[[[604480.0205,4115757.653],[604481.1105,4115760.223],[604483.2905,4115759.303],[604482.2305,4115756.693],[604480.0205,4115757.653]]]}},{"type":"Feature","properties":{"id":"4660011XG0146S_part2","floors":2,"height":6.2,"heightSource":"Catastro:numberOfFloorsAboveGround"},"geometry":{"type":"Polygon","coordinates":[[[604473.3205,4115764.213],[604467.6105,4115766.513],[604468.9505,4115769.903],[604469.3605,4115770.963],[604472.3605,4115769.663],[604488.6005,4115762.693],[604485.7305,4115755.183],[604482.2305,4115756.693],[604483.2905,4115759.303],[604481.1105,4115760.223],[604480.0205,4115757.653],[604476.8905,4115758.993],[604474.0305,4115760.243],[604472.0105,4115761.123],[604473.3205,4115764.213]]]}},{"type":"Feature","properties":{"id":"4660012XG0146S_part1","floors":1,"height":3.1,"heightSource":"Catastro:numberOfFloorsAboveGround"},"geometry":{"type":"Polygon","coordinates":[[[604467.6905,4115763.003],[604470.8805,4115761.623],[604469.2605,4115757.833],[604466.1905,4115759.133],[604467.6905,4115763.003]]]}},{"type":"Feature","properties":{"id":"4660012XG0146S_part2","floors":1,"height":3.1,"heightSource":"Catastro:numberOfFloorsAboveGround"},"geometry":{"type":"Polygon","coordinates":[[[604475.3005,4115755.283],[604472.5005,4115756.463],[604474.0305,4115760.243],[604476.8905,4115758.993],[604475.3005,4115755.283]]]}},{"type":"Feature","properties":{"id":"4660012XG0146S_part3","floors":3,"height":9.3,"heightSource":"Catastro:numberOfFloorsAboveGround"},"geometry":{"type":"Polygon","coordinates":[[[604465.0005,4115756.033],[604466.1905,4115759.133],[604469.2605,4115757.833],[604470.8805,4115761.623],[604472.0105,4115761.123],[604474.0305,4115760.243],[604472.5005,4115756.463],[604475.3005,4115755.283],[604476.8905,4115758.993],[604480.0205,4115757.653],[604482.2305,4115756.693],[604485.7305,4115755.183],[604485.4505,4115754.443],[604483.2505,4115748.673],[604483.1205,4115748.343],[604474.0905,4115752.173],[604472.2805,4115752.943],[604465.0005,4115756.033]]]}},{"type":"Feature","properties":{"id":"4660012XG0146S_part4","floors":2,"height":6.2,"heightSource":"Catastro:numberOfFloorsAboveGround"},"geometry":{"type":"Polygon","coordinates":[[[604485.8205,4115754.303],[604483.6205,4115748.533],[604483.2505,4115748.673],[604485.4505,4115754.443],[604485.8205,4115754.303]]]}},{"type":"Feature","properties":{"id":"4660013XG0146S_part1","floors":1,"height":3.1,"heightSource":"Catastro:numberOfFloorsAboveGround"},"geometry":{"type":"Polygon","coordinates":[[[604472.2805,4115752.943],[604474.0905,4115752.173],[604472.8505,4115749.273],[604471.1005,4115750.013],[604472.2805,4115752.943]]]}},{"type":"Feature","properties":{"id":"4660013XG0146S_part2","floors":2,"height":6.2,"heightSource":"Catastro:numberOfFloorsAboveGround"},"geometry":{"type":"Polygon","coordinates":[[[604471.1005,4115750.013],[604472.8505,4115749.273],[604474.0905,4115752.173],[604483.1205,4115748.343],[604480.4905,4115741.453],[604479.5705,4115741.833],[604469.5105,4115746.063],[604471.1005,4115750.013]]]}},{"type":"Feature","properties":{"id":"4660014XG0146S_part1","floors":2,"height":6.2,"heightSource":"Catastro:numberOfFloorsAboveGround"},"geometry":{"type":"Polygon","coordinates":[[[604468.5405,4115746.473],[604466.9715,4115742.7935],[604465.7605,4115739.953],[604463.0705,4115741.133],[604462.1705,4115741.533],[604464.8505,4115748.023],[604468.5405,4115746.473]]]}},{"type":"Feature","properties":{"id":"4660014XG0146S_part2","floors":1,"height":3.1,"heightSource":"Catastro:numberOfFloorsAboveGround"},"geometry":{"type":"Polygon","coordinates":[[[604477.7505,4115734.703],[604476.8705,4115735.083],[604467.3405,4115739.263],[604465.7605,4115739.953],[604466.9715,4115742.7935],[604471.111,4115741.0285],[604475.2505,4115739.2635],[604476.8365,4115742.9825],[604479.5705,4115741.833],[604478.226,4115738.4715],[604479.131,4115738.104],[604477.7505,4115734.703]]]}},{"type":"Feature","properties":{"id":"4660014XG0146S_part3","floors":2,"height":6.2,"heightSource":"Catastro:numberOfFloorsAboveGround"},"geometry":{"type":"Polygon","coordinates":[[[604466.9715,4115742.7935],[604468.5405,4115746.473],[604469.5105,4115746.063],[604472.688,4115744.727],[604471.111,4115741.0285],[604466.9715,4115742.7935]]]}},{"type":"Feature","properties":{"id":"4660014XG0146S_part4","floors":2,"height":6.2,"heightSource":"Catastro:numberOfFloorsAboveGround"},"geometry":{"type":"Polygon","coordinates":[[[604475.2505,4115739.2635],[604471.111,4115741.0285],[604472.688,4115744.727],[604476.8365,4115742.9825],[604475.2505,4115739.2635]]]}},{"type":"Feature","properties":{"id":"4660015XG0146S_part1","floors":1,"height":3.1,"heightSource":"Catastro:numberOfFloorsAboveGround"},"geometry":{"type":"Polygon","coordinates":[[[604463.4205,4115736.323],[604462.7205,4115734.663],[604460.7005,4115735.513],[604461.2205,4115736.763],[604461.4005,4115737.193],[604463.4205,4115736.323]]]}},{"type":"Feature","properties":{"id":"4660015XG0146S_part2","floors":1,"height":3.1,"heightSource":"Catastro:numberOfFloorsAboveGround"},"geometry":{"type":"Polygon","coordinates":[[[604463.6305,4115730.913],[604467.3405,4115739.263],[604476.8705,4115735.083],[604477.7505,4115734.703],[604474.2805,4115726.143],[604472.5805,4115726.903],[604463.6305,4115730.913]]]}},{"type":"Feature","properties":{"id":"4660017XG0146S_part1","floors":1,"height":3.1,"heightSource":"Catastro:numberOfFloorsAboveGround"},"geometry":{"type":"Polygon","coordinates":[[[604435.7005,4115733.673],[604439.4005,4115737.193],[604453.4005,4115731.023],[604471.0905,4115723.233],[604472.8005,4115722.483],[604471.13,4115718.373],[604466.79,4115720.233],[604452.12,4115726.573],[604435.7005,4115733.673]]]}},{"type":"Feature","properties":{"id":"4660018XG0146S_part1","floors":3,"height":9.3,"heightSource":"Catastro:numberOfFloorsAboveGround"},"geometry":{"type":"Polygon","coordinates":[[[604454.69,4115722.083],[604450.89,4115723.763],[604452.12,4115726.573],[604466.275,4115720.4555],[604465.572,4115718.848],[604464.7585,4115716.9885],[604464.0455,4115715.3575],[604460.7,4115716.743],[604453.63,4115719.683],[604454.69,4115722.083]]]}},{"type":"Feature","properties":{"id":"4660018XG0146S_part2","floors":1,"height":3.1,"heightSource":"Catastro:numberOfFloorsAboveGround"},"geometry":{"type":"Polygon","coordinates":[[[604466.488,4115718.4475],[604466.4185,4115718.2885],[604466.7395,4115718.1485],[604466.054,4115716.5815],[604465.7335,4115716.722],[604465.675,4115716.588],[604464.7585,4115716.9885],[604465.572,4115718.848],[604466.488,4115718.4475]]]}},{"type":"Feature","properties":{"id":"4660019XG0146S_part1","floors":1,"height":3.1,"heightSource":"Catastro:numberOfFloorsAboveGround"},"geometry":{"type":"Polygon","coordinates":[[[604448.11,4115717.333],[604448.43,4115718.073],[604449.82,4115721.273],[604453.63,4115719.683],[604460.7,4115716.743],[604461.69,4115716.333],[604464.54,4115715.153],[604467.92,4115713.733],[604466.17,4115709.803],[604465.63,4115710.013],[604458.95,4115712.803],[604450.65,4115716.263],[604448.11,4115717.333]]]}},{"type":"Feature","properties":{"id":"4660020XG0146S_part1","floors":1,"height":3.1,"heightSource":"Catastro:numberOfFloorsAboveGround"},"geometry":{"type":"Polygon","coordinates":[[[604454.88,4115706.583],[604456.38,4115709.963],[604449.26,4115713.133],[604450.65,4115716.263],[604458.95,4115712.803],[604465.63,4115710.013],[604461.81,4115701.403],[604460.39,4115702.043],[604454.78,4115704.573],[604452.66,4115705.533],[604453.35,4115707.283],[604454.88,4115706.583]]]}},{"type":"Feature","properties":{"id":"4660021XG0146S_part1","floors":2,"height":6.2,"heightSource":"Catastro:numberOfFloorsAboveGround"},"geometry":{"type":"Polygon","coordinates":[[[604456.99,4115694.043],[604460.39,4115702.043],[604461.81,4115701.403],[604463.68,4115700.573],[604460.3,4115692.613],[604456.99,4115694.043]]]}},{"type":"Feature","properties":{"id":"4660021XG0146S_part2","floors":3,"height":9.3,"heightSource":"Catastro:numberOfFloorsAboveGround"},"geometry":{"type":"Polygon","coordinates":[[[604449.42,4115697.313],[604451.01,4115701.313],[604452.99,4115700.463],[604454.78,4115704.573],[604460.39,4115702.043],[604456.99,4115694.043],[604451.47,4115696.423],[604449.42,4115697.313]]]}},{"type":"Feature","properties":{"id":"4660022XG0146S_part1","floors":1,"height":3.1,"heightSource":"Catastro:numberOfFloorsAboveGround"},"geometry":{"type":"Polygon","coordinates":[[[604457.64,4115686.323],[604446.91,4115690.923],[604447.69,4115692.913],[604449.58,4115692.093],[604451.47,4115696.423],[604456.99,4115694.043],[604460.3,4115692.613],[604457.64,4115686.323]]]}},{"type":"Feature","properties":{"id":"4660023XG0146S_part1","floors":1,"height":3.1,"heightSource":"Catastro:numberOfFloorsAboveGround"},"geometry":{"type":"Polygon","coordinates":[[[604436.13,4115695.553],[604440.25,4115705.993],[604444.04,4115704.683],[604444.37,4115705.493],[604447.4,4115704.083],[604445.85,4115700.783],[604445.05,4115701.053],[604444.1,4115698.903],[604445.52,4115698.363],[604445.79,4115698.903],[604446.19,4115698.763],[604447.6,4115701.993],[604447.94,4115701.863],[604449.09,4115704.683],[604450.5,4115704.083],[604452.18,4115707.773],[604453.35,4115707.283],[604452.66,4115705.533],[604451.01,4115701.313],[604449.42,4115697.313],[604447.69,4115692.913],[604446.91,4115690.923],[604436.13,4115695.553]]]}},{"type":"Feature","properties":{"id":"4660024XG0146S_part1","floors":1,"height":3.1,"heightSource":"Catastro:numberOfFloorsAboveGround"},"geometry":{"type":"Polygon","coordinates":[[[604438.36,4115713.653],[604439.16,4115713.313],[604441.4,4115712.333],[604442.56,4115711.843],[604440.25,4115705.993],[604436.13,4115695.553],[604429.51,4115698.403],[604433.55,4115707.653],[604433.2,4115707.803],[604428.95,4115709.653],[604429.07,4115709.933],[604430.97,4115714.463],[604433.33,4115713.443],[604434.21,4115715.453],[604438.36,4115713.653]]]}},{"type":"Feature","properties":{"id":"4660024XG0146S_part2","floors":1,"height":3.1,"heightSource":"Catastro:numberOfFloorsAboveGround"},"geometry":{"type":"Polygon","coordinates":[[[604433.33,4115713.443],[604430.97,4115714.463],[604431.82,4115716.483],[604434.21,4115715.453],[604433.33,4115713.443]]]}},{"type":"Feature","properties":{"id":"4660025XG0146S_part1","floors":2,"height":6.2,"heightSource":"Catastro:numberOfFloorsAboveGround"},"geometry":{"type":"Polygon","coordinates":[[[604425.04,4115700.323],[604428.95,4115709.653],[604433.2,4115707.803],[604433.55,4115707.653],[604429.51,4115698.403],[604425.04,4115700.323]]]}},{"type":"Feature","properties":{"id":"4660026XG0146S_part1","floors":3,"height":9.3,"heightSource":"Catastro:numberOfFloorsAboveGround"},"geometry":{"type":"Polygon","coordinates":[[[604417.72,4115703.473],[604422.2,4115712.913],[604429.07,4115709.933],[604428.95,4115709.653],[604425.04,4115700.323],[604417.72,4115703.473]]]}},{"type":"Feature","properties":{"id":"4660027XG0146S_part1","floors":3,"height":9.3,"heightSource":"Catastro:numberOfFloorsAboveGround"},"geometry":{"type":"Polygon","coordinates":[[[604422.2,4115712.913],[604425.71,4115719.133],[604427.6785,4115718.27],[604424.932,4115711.728],[604422.2,4115712.913]]]}},{"type":"Feature","properties":{"id":"4660027XG0146S_part2","floors":4,"height":12.4,"heightSource":"Catastro:numberOfFloorsAboveGround"},"geometry":{"type":"Polygon","coordinates":[[[604428.72,4115717.813],[604431.82,4115716.483],[604430.97,4115714.463],[604429.07,4115709.933],[604424.932,4115711.728],[604427.6785,4115718.27],[604428.72,4115717.813]]]}},{"type":"Feature","properties":{"id":"4660028XG0146S_part1","floors":1,"height":3.1,"heightSource":"Catastro:numberOfFloorsAboveGround"},"geometry":{"type":"Polygon","coordinates":[[[604428.72,4115717.813],[604431.86,4115725.013],[604433.26,4115728.163],[604441.51,4115724.723],[604440.13,4115721.563],[604448.43,4115718.073],[604448.11,4115717.333],[604445.23,4115710.693],[604442.56,4115711.843],[604441.4,4115712.333],[604442.87,4115715.703],[604439.83,4115717.033],[604438.36,4115713.653],[604434.21,4115715.453],[604431.82,4115716.483],[604428.72,4115717.813]]]}},{"type":"Feature","properties":{"id":"4660028XG0146S_part2","floors":1,"height":3.1,"heightSource":"Catastro:numberOfFloorsAboveGround"},"geometry":{"type":"Polygon","coordinates":[[[604425.71,4115719.133],[604430.07,4115725.683],[604431.86,4115725.013],[604428.72,4115717.813],[604425.71,4115719.133]]]}},{"type":"Feature","properties":{"id":"4660030XG0146S_part1","floors":1,"height":3.1,"heightSource":"Catastro:numberOfFloorsAboveGround"},"geometry":{"type":"Polygon","coordinates":[[[604433.26,4115728.163],[604435.7005,4115733.673],[604452.12,4115726.573],[604450.89,4115723.763],[604449.82,4115721.273],[604441.51,4115724.723],[604433.26,4115728.163]]]}},{"type":"Feature","properties":{"id":"4660032XG0146S_part1","floors":1,"height":3.1,"heightSource":"Catastro:numberOfFloorsAboveGround"},"geometry":{"type":"Polygon","coordinates":[[[604456.7905,4115733.983],[604458.5705,4115737.953],[604461.2205,4115736.763],[604460.7005,4115735.513],[604459.5305,4115732.753],[604456.7905,4115733.983]]]}},{"type":"Feature","properties":{"id":"4660032XG0146S_part2","floors":2,"height":6.2,"heightSource":"Catastro:numberOfFloorsAboveGround"},"geometry":{"type":"Polygon","coordinates":[[[604442.7305,4115740.283],[604442.9805,4115740.483],[604443.1305,4115740.763],[604445.3605,4115745.723],[604446.3105,4115747.833],[604446.5605,4115748.383],[604447.4805,4115747.983],[604452.9705,4115745.563],[604452.0205,4115743.413],[604456.5105,4115741.443],[604457.4605,4115743.593],[604459.8205,4115742.563],[604462.1705,4115741.533],[604463.0705,4115741.133],[604461.4005,4115737.193],[604461.2205,4115736.763],[604458.5705,4115737.953],[604456.7905,4115733.983],[604455.5305,4115734.543],[604442.7305,4115740.283]]]}},{"type":"Feature","properties":{"id":"4660032XG0146S_part3","floors":3,"height":9.3,"heightSource":"Catastro:numberOfFloorsAboveGround"},"geometry":{"type":"Polygon","coordinates":[[[604456.5105,4115741.443],[604452.0205,4115743.413],[604452.9705,4115745.563],[604456.5505,4115743.993],[604457.4605,4115743.593],[604456.5105,4115741.443]]]}},{"type":"Feature","properties":{"id":"4660033XG0146S_part1","floors":1,"height":3.1,"heightSource":"Catastro:numberOfFloorsAboveGround"},"geometry":{"type":"Polygon","coordinates":[[[604461.4405,4115754.333],[604462.5905,4115757.043],[604465.0005,4115756.033],[604463.9405,4115753.273],[604461.4405,4115754.333]]]}},{"type":"Feature","properties":{"id":"4660033XG0146S_part2","floors":1,"height":3.1,"heightSource":"Catastro:numberOfFloorsAboveGround"},"geometry":{"type":"Polygon","coordinates":[[[604456.5505,4115743.993],[604457.7105,4115746.723],[604460.8905,4115745.353],[604459.8205,4115742.563],[604457.4605,4115743.593],[604456.5505,4115743.993]]]}},{"type":"Feature","properties":{"id":"4660033XG0146S_part3","floors":2,"height":6.2,"heightSource":"Catastro:numberOfFloorsAboveGround"},"geometry":{"type":"Polygon","coordinates":[[[604446.5605,4115748.383],[604446.7005,4115748.693],[604447.6305,4115750.753],[604448.5405,4115750.343],[604447.4805,4115747.983],[604446.5605,4115748.383]]]}},{"type":"Feature","properties":{"id":"4660033XG0146S_part4","floors":2,"height":6.2,"heightSource":"Catastro:numberOfFloorsAboveGround"},"geometry":{"type":"Polygon","coordinates":[[[604452.2205,4115758.623],[604451.3405,4115759.013],[604452.2005,4115760.933],[604452.3705,4115761.403],[604453.2905,4115761.013],[604452.2205,4115758.623]]]}},{"type":"Feature","properties":{"id":"4660033XG0146S_part5","floors":2,"height":6.2,"heightSource":"Catastro:numberOfFloorsAboveGround"},"geometry":{"type":"Polygon","coordinates":[[[604447.4805,4115747.983],[604448.5405,4115750.343],[604447.6305,4115750.753],[604449.1105,4115754.063],[604449.8105,4115755.623],[604451.3405,4115759.013],[604452.2205,4115758.623],[604453.2905,4115761.013],[604462.5905,4115757.043],[604461.4405,4115754.333],[604463.9405,4115753.273],[604462.3305,4115749.093],[604460.8905,4115745.353],[604457.7105,4115746.723],[604456.5505,4115743.993],[604452.9705,4115745.563],[604447.4805,4115747.983]]]}},{"type":"Feature","properties":{"id":"4660034XG0146S_part1","floors":2,"height":6.2,"heightSource":"Catastro:numberOfFloorsAboveGround"},"geometry":{"type":"Polygon","coordinates":[[[604453.2905,4115761.013],[604452.3705,4115761.403],[604455.9105,4115770.853],[604467.6105,4115766.513],[604466.4405,4115763.553],[604465.78,4115761.82],[604459.15,4115764.52],[604457.2305,4115759.331],[604453.2905,4115761.013]]]}},{"type":"Feature","properties":{"id":"4660035XG0146S_part1","floors":2,"height":6.2,"heightSource":"Catastro:numberOfFloorsAboveGround"},"geometry":{"type":"Polygon","coordinates":[[[604459.591,4115780.4225],[604462.751,4115788.6125],[604466.661,4115787.4625],[604470.571,4115786.3125],[604474.751,4115784.9725],[604474.151,4115783.3625],[604473.061,4115780.4725],[604468.981,4115781.9225],[604467.481,4115778.0125],[604459.591,4115780.4225]]]}},{"type":"Feature","properties":{"id":"4660036XG0146S_part1","floors":1,"height":3.1,"heightSource":"Catastro:numberOfFloorsAboveGround"},"geometry":{"type":"Polygon","coordinates":[[[604459.591,4115780.4225],[604467.481,4115778.0125],[604471.651,4115776.7425],[604470.631,4115774.1725],[604470.041,4115772.683],[604468.231,4115773.383],[604468.551,4115774.1025],[604467.201,4115774.7025],[604465.8005,4115770.943],[604468.9505,4115769.903],[604467.6105,4115766.513],[604455.9105,4115770.853],[604459.591,4115780.4225]]]}},{"type":"Feature","properties":{"id":"4660038XG0146S_part1","floors":1,"height":3.1,"heightSource":"Catastro:numberOfFloorsAboveGround"},"geometry":{"type":"Polygon","coordinates":[[[604456.7905,4115733.983],[604459.5305,4115732.753],[604463.6305,4115730.913],[604472.5805,4115726.903],[604471.0905,4115723.233],[604454.151,4115730.6925],[604456.329,4115734.188],[604456.7905,4115733.983]]]}},{"type":"Feature","properties":{"id":"4660203XG0146S_part1","floors":1,"height":3.1,"heightSource":"Catastro:numberOfFloorsAboveGround"},"geometry":{"type":"Polygon","coordinates":[[[604517.1815,4115826.7725],[604517.5176128902,4115828.0],[604525.919087371,4115828.0],[604525.0215,4115824.4125],[604524.1315,4115824.6725],[604517.1815,4115826.7725]]]}},{"type":"Feature","properties":{"id":"4660204XG0146S_part1","floors":1,"height":3.1,"heightSource":"Catastro:numberOfFloorsAboveGround"},"geometry":{"type":"Polygon","coordinates":[[[604521.7215,4115824.2325],[604523.9015,4115823.5925],[604524.1315,4115824.6725],[604525.0215,4115824.4125],[604523.5315,4115818.4325],[604520.4515,4115819.3325],[604521.7215,4115824.2325]]]}},{"type":"Feature","properties":{"id":"4660204XG0146S_part2","floors":2,"height":6.2,"heightSource":"Catastro:numberOfFloorsAboveGround"},"geometry":{"type":"Polygon","coordinates":[[[604514.8115,4115820.9925],[604516.5915,4115826.8825],[604517.1815,4115826.7725],[604524.1315,4115824.6725],[604523.9015,4115823.5925],[604521.7215,4115824.2325],[604520.4515,4115819.3325],[604517.5315,4115820.1925],[604518.2815,4115823.1325],[604517.3115,4115823.4025],[604516.5315,4115820.4825],[604514.8115,4115820.9925]]]}},{"type":"Feature","properties":{"id":"4660205XG0146S_part1","floors":1,"height":3.1,"heightSource":"Catastro:numberOfFloorsAboveGround"},"geometry":{"type":"Polygon","coordinates":[[[604513.7315,4115817.4225],[604514.8115,4115820.9925],[604516.5315,4115820.4825],[604517.5315,4115820.1925],[604520.4515,4115819.3325],[604523.5315,4115818.4325],[604522.5015,4115814.6725],[604513.7315,4115817.4225]]]}},{"type":"Feature","properties":{"id":"4660205XG0146S_part2","floors":2,"height":6.2,"heightSource":"Catastro:numberOfFloorsAboveGround"},"geometry":{"type":"Polygon","coordinates":[[[604512.5515,4115813.9525],[604513.7315,4115817.4225],[604522.5015,4115814.6725],[604521.5315,4115811.1625],[604520.1915,4115811.5725],[604519.0415,4115811.9225],[604512.5515,4115813.9525]]]}},{"type":"Feature","properties":{"id":"4660206XG0146S_part1","floors":3,"height":9.3,"heightSource":"Catastro:numberOfFloorsAboveGround"},"geometry":{"type":"Polygon","coordinates":[[[604509.771,4115805.7125],[604515.351,4115804.1625],[604514.411,4115801.0025],[604508.671,4115802.4525],[604509.771,4115805.7125]]]}},{"type":"Feature","properties":{"id":"4660206XG0146S_part2","floors":2,"height":6.2,"heightSource":"Catastro:numberOfFloorsAboveGround"},"geometry":{"type":"Polygon","coordinates":[[[604516.701,4115797.3025],[604518.641,4115803.2625],[604519.321,4115803.0725],[604517.671,4115797.0525],[604516.701,4115797.3025]]]}},{"type":"Feature","properties":{"id":"4660206XG0146S_part3","floors":2,"height":6.2,"heightSource":"Catastro:numberOfFloorsAboveGround"},"geometry":{"type":"Polygon","coordinates":[[[604507.721,4115799.6425],[604508.671,4115802.4525],[604514.411,4115801.0025],[604515.351,4115804.1625],[604515.461,4115804.1325],[604518.641,4115803.2625],[604516.701,4115797.3025],[604507.721,4115799.6425]]]}},{"type":"Feature","properties":{"id":"4660207XG0146S_part1","floors":2,"height":6.2,"heightSource":"Catastro:numberOfFloorsAboveGround"},"geometry":{"type":"Polygon","coordinates":[[[604519.4015,4115808.6825],[604520.1915,4115811.5725],[604521.5315,4115811.1625],[604520.7415,4115808.2725],[604519.4015,4115808.6825]]]}},{"type":"Feature","properties":{"id":"4660207XG0146S_part2","floors":2,"height":6.2,"heightSource":"Catastro:numberOfFloorsAboveGround"},"geometry":{"type":"Polygon","coordinates":[[[604515.461,4115804.1325],[604516.7315,4115808.4425],[604517.9115,4115808.0925],[604519.0415,4115811.9225],[604520.1915,4115811.5725],[604519.4015,4115808.6825],[604520.7415,4115808.2725],[604519.321,4115803.0725],[604518.641,4115803.2625],[604515.461,4115804.1325]]]}},{"type":"Feature","properties":{"id":"4660207XG0146S_part3","floors":3,"height":9.3,"heightSource":"Catastro:numberOfFloorsAboveGround"},"geometry":{"type":"Polygon","coordinates":[[[604509.771,4115805.7125],[604512.5515,4115813.9525],[604519.0415,4115811.9225],[604517.9115,4115808.0925],[604516.7315,4115808.4425],[604515.461,4115804.1325],[604515.351,4115804.1625],[604509.771,4115805.7125]]]}},{"type":"Feature","properties":{"id":"4660207XG0146S_part4","floors":1,"height":3.1,"heightSource":"Catastro:numberOfFloorsAboveGround"},"geometry":{"type":"Polygon","coordinates":[[[604520.7415,4115808.2725],[604521.4415,4115808.0525],[604520.161,4115803.3425],[604519.321,4115803.0725],[604520.7415,4115808.2725]]]}},{"type":"Feature","properties":{"id":"4660401XG0146S_part1","floors":1,"height":3.1,"heightSource":"Catastro:numberOfFloorsAboveGround"},"geometry":{"type":"Polygon","coordinates":[[[604504.101,4115789.0725],[604505.271,4115792.1225],[604508.191,4115791.3425],[604508.681,4115792.5725],[604508.931,4115793.1925],[604511.321,4115792.5725],[604516.091,4115791.3325],[604514.571,4115786.2325],[604507.601,4115788.1125],[604504.101,4115789.0725]]]}},{"type":"Feature","properties":{"id":"4660402XG0146S_part1","floors":1,"height":3.1,"heightSource":"Catastro:numberOfFloorsAboveGround"},"geometry":{"type":"Polygon","coordinates":[[[604507.601,4115788.1125],[604514.571,4115786.2325],[604513.381,4115782.2225],[604510.381,4115783.0825],[604508.221,4115783.7025],[604506.371,4115784.2325],[604507.601,4115788.1125]]]}},{"type":"Feature","properties":{"id":"4660403XG0146S_part1","floors":3,"height":9.3,"heightSource":"Catastro:numberOfFloorsAboveGround"},"geometry":{"type":"Polygon","coordinates":[[[604504.681,4115784.4325],[604504.751,4115784.7025],[604506.371,4115784.2325],[604508.221,4115783.7025],[604507.491,4115781.2125],[604504.071,4115782.1125],[604504.681,4115784.4325]]]}},{"type":"Feature","properties":{"id":"4660403XG0146S_part2","floors":3,"height":9.3,"heightSource":"Catastro:numberOfFloorsAboveGround"},"geometry":{"type":"Polygon","coordinates":[[[604508.621,4115777.9725],[604504.161,4115779.3125],[604504.591,4115780.7425],[604509.051,4115779.4125],[604508.621,4115777.9725]]]}},{"type":"Feature","properties":{"id":"4660403XG0146S_part3","floors":2,"height":6.2,"heightSource":"Catastro:numberOfFloorsAboveGround"},"geometry":{"type":"Polygon","coordinates":[[[604510.041,4115770.9625],[604509.531,4115770.9525],[604507.021,4115771.6725],[604499.131,4115773.9425],[604500.391,4115777.7625],[604501.641,4115781.5725],[604503.741,4115781.0025],[604504.591,4115780.7425],[604504.161,4115779.3125],[604508.621,4115777.9725],[604509.051,4115779.4125],[604512.261,4115778.4525],[604510.041,4115770.9625]]]}},{"type":"Feature","properties":{"id":"4660403XG0146S_part4","floors":1,"height":3.1,"heightSource":"Catastro:numberOfFloorsAboveGround"},"geometry":{"type":"Polygon","coordinates":[[[604501.641,4115781.5725],[604502.761,4115784.9925],[604504.681,4115784.4325],[604504.071,4115782.1125],[604503.741,4115781.0025],[604501.641,4115781.5725]]]}},{"type":"Feature","properties":{"id":"4660403XG0146S_part5","floors":2,"height":6.2,"heightSource":"Catastro:numberOfFloorsAboveGround"},"geometry":{"type":"Polygon","coordinates":[[[604503.741,4115781.0025],[604504.071,4115782.1125],[604507.491,4115781.2125],[604508.221,4115783.7025],[604513.381,4115782.2225],[604512.261,4115778.4525],[604509.051,4115779.4125],[604504.591,4115780.7425],[604503.741,4115781.0025]]]}},{"type":"Feature","properties":{"id":"4660404XG0146S_part1","floors":1,"height":3.1,"heightSource":"Catastro:numberOfFloorsAboveGround"},"geometry":{"type":"Polygon","coordinates":[[[604506.001,4115767.9925],[604507.021,4115771.6725],[604509.531,4115770.9525],[604510.041,4115770.9625],[604509.851,4115766.7425],[604509.101,4115767.1325],[604506.781,4115767.7725],[604506.001,4115767.9925]]]}},{"type":"Feature","properties":{"id":"4660404XG0146S_part2","floors":2,"height":6.2,"heightSource":"Catastro:numberOfFloorsAboveGround"},"geometry":{"type":"Polygon","coordinates":[[[604500.471,4115771.7225],[604498.541,4115772.1425],[604499.131,4115773.9425],[604507.021,4115771.6725],[604506.001,4115767.9925],[604499.901,4115769.6825],[604500.471,4115771.7225]]]}},{"type":"Feature","properties":{"id":"4660405XG0146S_part1","floors":1,"height":3.1,"heightSource":"Catastro:numberOfFloorsAboveGround"},"geometry":{"type":"Polygon","coordinates":[[[604506.781,4115767.7725],[604509.101,4115767.1325],[604509.851,4115766.7425],[604509.551,4115759.683],[604505.021,4115760.913],[604506.781,4115767.7725]]]}},{"type":"Feature","properties":{"id":"4660405XG0146S_part2","floors":2,"height":6.2,"heightSource":"Catastro:numberOfFloorsAboveGround"},"geometry":{"type":"Polygon","coordinates":[[[604495.1705,4115762.143],[604496.021,4115764.663],[604497.741,4115764.373],[604498.841,4115768.8225],[604497.561,4115769.1925],[604497.921,4115770.2325],[604499.901,4115769.6825],[604506.001,4115767.9925],[604506.781,4115767.7725],[604505.021,4115760.913],[604501.501,4115761.793],[604501.1405,4115760.553],[604495.1705,4115762.143]]]}},{"type":"Feature","properties":{"id":"4660406XG0146S_part1","floors":1,"height":3.1,"heightSource":"Catastro:numberOfFloorsAboveGround"},"geometry":{"type":"Polygon","coordinates":[[[604497.5005,4115757.923],[604493.5005,4115759.013],[604494.7305,4115762.293],[604495.1705,4115762.143],[604501.1405,4115760.553],[604509.491,4115758.343],[604509.2805,4115753.403],[604500.2605,4115755.773],[604497.7205,4115756.443],[604497.0305,4115756.623],[604497.5005,4115757.923]]]}},{"type":"Feature","properties":{"id":"4660407XG0146S_part1","floors":1,"height":3.1,"heightSource":"Catastro:numberOfFloorsAboveGround"},"geometry":{"type":"Polygon","coordinates":[[[604497.3905,4115755.193],[604492.5605,4115756.463],[604493.0105,4115757.683],[604497.0305,4115756.623],[604497.7205,4115756.443],[604497.3905,4115755.193]]]}},{"type":"Feature","properties":{"id":"4660407XG0146S_part2","floors":1,"height":3.1,"heightSource":"Catastro:numberOfFloorsAboveGround"},"geometry":{"type":"Polygon","coordinates":[[[604501.1905,4115750.733],[604499.9905,4115751.033],[604500.2605,4115755.773],[604509.2805,4115753.403],[604508.7605,4115741.363],[604500.7905,4115742.673],[604501.1905,4115750.733]]]}},{"type":"Feature","properties":{"id":"4660408XG0146S_part1","floors":1,"height":3.1,"heightSource":"Catastro:numberOfFloorsAboveGround"},"geometry":{"type":"Polygon","coordinates":[[[604498.8005,4115738.513],[604498.3705,4115739.953],[604494.8405,4115740.573],[604495.4505,4115743.563],[604500.7905,4115742.673],[604508.7605,4115741.363],[604508.5105,4115735.423],[604498.5705,4115736.883],[604498.8005,4115738.513]]]}},{"type":"Feature","properties":{"id":"4660409XG0146S_part1","floors":2,"height":6.2,"heightSource":"Catastro:numberOfFloorsAboveGround"},"geometry":{"type":"Polygon","coordinates":[[[604497.1505,4115735.143],[604493.8905,4115735.833],[604494.2305,4115737.533],[604498.5705,4115736.883],[604500.1035,4115736.658],[604499.834,4115731.915],[604496.7805,4115732.173],[604497.1505,4115735.143]]]}},{"type":"Feature","properties":{"id":"4660409XG0146S_part2","floors":1,"height":3.1,"heightSource":"Catastro:numberOfFloorsAboveGround"},"geometry":{"type":"Polygon","coordinates":[[[604508.5105,4115735.423],[604508.2705,4115731.203],[604499.834,4115731.915],[604500.1035,4115736.658],[604508.5105,4115735.423]]]}},{"type":"Feature","properties":{"id":"4660701XG0146S_part1","floors":1,"height":3.1,"heightSource":"Catastro:numberOfFloorsAboveGround"},"geometry":{"type":"Polygon","coordinates":[[[604445.921,4115809.8825],[604452.701,4115808.1125],[604450.441,4115801.7325],[604450.271,4115801.2625],[604447.171,4115802.0125],[604444.031,4115802.7925],[604445.921,4115809.8825]]]}},{"type":"Feature","properties":{"id":"4660701XG0146S_part2","floors":2,"height":6.2,"heightSource":"Catastro:numberOfFloorsAboveGround"},"geometry":{"type":"Polygon","coordinates":[[[604450.441,4115801.7325],[604452.701,4115808.1125],[604460.081,4115806.1925],[604457.631,4115799.3025],[604450.441,4115801.7325]]]}},{"type":"Feature","properties":{"id":"4660702XG0146S_part1","floors":1,"height":3.1,"heightSource":"Catastro:numberOfFloorsAboveGround"},"geometry":{"type":"Polygon","coordinates":[[[604446.211,4115798.0125],[604447.171,4115802.0125],[604450.271,4115801.2625],[604450.441,4115801.7325],[604457.631,4115799.3025],[604456.021,4115794.7625],[604446.211,4115798.0125]]]}},{"type":"Feature","properties":{"id":"4660703XG0146S_part1","floors":1,"height":3.1,"heightSource":"Catastro:numberOfFloorsAboveGround"},"geometry":{"type":"Polygon","coordinates":[[[604441.021,4115791.4625],[604441.311,4115792.5725],[604443.041,4115799.0725],[604446.211,4115798.0125],[604456.021,4115794.7625],[604455.241,4115792.5725],[604453.421,4115787.4325],[604441.021,4115791.4625]],[[604443.761,4115792.5025],[604446.791,4115791.5125],[604447.151,4115792.5725],[604447.661,4115794.1025],[604444.591,4115795.1025],[604443.781,4115792.5725],[604443.761,4115792.5025]]]}},{"type":"Feature","properties":{"id":"4660704XG0146S_part1","floors":1,"height":3.1,"heightSource":"Catastro:numberOfFloorsAboveGround"},"geometry":{"type":"Polygon","coordinates":[[[604439.601,4115782.7425],[604440.361,4115785.7925],[604441.031,4115785.6225],[604442.021,4115788.7625],[604440.421,4115789.2325],[604441.021,4115791.4625],[604453.421,4115787.4325],[604450.491,4115779.1725],[604439.601,4115782.7425]]]}},{"type":"Feature","properties":{"id":"4660705XG0146S_part1","floors":2,"height":6.2,"heightSource":"Catastro:numberOfFloorsAboveGround"},"geometry":{"type":"Polygon","coordinates":[[[604437.7805,4115775.353],[604439.601,4115782.7425],[604450.491,4115779.1725],[604449.211,4115775.5565],[604444.255,4115777.181],[604444.096,4115776.7325],[604442.947,4115773.4855],[604437.7805,4115775.353]]]}},{"type":"Feature","properties":{"id":"4660705XG0146S_part2","floors":1,"height":3.1,"heightSource":"Catastro:numberOfFloorsAboveGround"},"geometry":{"type":"Polygon","coordinates":[[[604447.8505,4115771.713],[604442.947,4115773.4855],[604444.096,4115776.7325],[604444.255,4115777.181],[604449.211,4115775.5565],[604447.8505,4115771.713]]]}},{"type":"Feature","properties":{"id":"4660706XG0146S_part1","floors":1,"height":3.1,"heightSource":"Catastro:numberOfFloorsAboveGround"},"geometry":{"type":"Polygon","coordinates":[[[604437.2037,4115759.9567],[604436.89175,4115760.07185],[604434.2605,4115761.043],[604437.0305,4115772.303],[604437.7805,4115775.353],[604447.8505,4115771.713],[604445.1905,4115764.213],[604439.7405,4115766.173],[604439.4483,4115766.173],[604437.2037,4115759.9567]]]}},{"type":"Feature","properties":{"id":"4661508XG0146S_part1","floors":3,"height":9.3,"heightSource":"Catastro:numberOfFloorsAboveGround"},"geometry":{"type":"Polygon","coordinates":[[[604490.021,4115811.1725],[604495.491,4115809.7425],[604495.111,4115808.3125],[604493.921,4115803.7825],[604488.431,4115805.1725],[604490.021,4115811.1725]]]}},{"type":"Feature","properties":{"id":"4661508XG0146S_part2","floors":3,"height":9.3,"heightSource":"Catastro:numberOfFloorsAboveGround"},"geometry":{"type":"Polygon","coordinates":[[[604489.321,4115814.9125],[604490.4115,4115819.0125],[604497.2015,4115817.2025],[604497.4615,4115817.1325],[604496.361,4115813.0325],[604490.911,4115814.4925],[604489.321,4115814.9125]]]}},{"type":"Feature","properties":{"id":"4661508XG0146S_part3","floors":2,"height":6.2,"heightSource":"Catastro:numberOfFloorsAboveGround"},"geometry":{"type":"Polygon","coordinates":[[[604493.921,4115803.7825],[604503.021,4115801.4925],[604502.581,4115801.1925],[604493.821,4115803.3925],[604488.621,4115804.7125],[604488.431,4115805.1725],[604493.921,4115803.7825]]]}},{"type":"Feature","properties":{"id":"4661508XG0146S_part4","floors":2,"height":6.2,"heightSource":"Catastro:numberOfFloorsAboveGround"},"geometry":{"type":"Polygon","coordinates":[[[604505.281,4115807.3225],[604503.891,4115801.7925],[604503.211,4115801.9625],[604504.831,4115807.4525],[604505.281,4115807.3225]]]}},{"type":"Feature","properties":{"id":"4661508XG0146S_part5","floors":2,"height":6.2,"heightSource":"Catastro:numberOfFloorsAboveGround"},"geometry":{"type":"Polygon","coordinates":[[[604507.1515,4115813.6725],[604505.761,4115808.1425],[604505.081,4115808.3125],[604506.6915,4115813.8025],[604507.1515,4115813.6725]]]}},{"type":"Feature","properties":{"id":"4661508XG0146S_part6","floors":4,"height":12.4,"heightSource":"Catastro:numberOfFloorsAboveGround"},"geometry":{"type":"Polygon","coordinates":[[[604493.921,4115803.7825],[604495.111,4115808.3125],[604499.131,4115807.2625],[604499.761,4115809.6025],[604495.731,4115810.6725],[604496.361,4115813.0325],[604497.4615,4115817.1325],[604501.6315,4115816.0225],[604506.9315,4115814.6125],[604506.6915,4115813.8025],[604505.081,4115808.3125],[604504.831,4115807.4525],[604503.211,4115801.9625],[604503.071,4115801.4825],[604503.021,4115801.4925],[604493.921,4115803.7825]]]}},{"type":"Feature","properties":{"id":"4661508XG0146S_part7","floors":5,"height":15.5,"heightSource":"Catastro:numberOfFloorsAboveGround"},"geometry":{"type":"Polygon","coordinates":[[[604499.761,4115809.6025],[604499.131,4115807.2625],[604495.111,4115808.3125],[604495.491,4115809.7425],[604495.731,4115810.6725],[604499.761,4115809.6025]]]}},{"type":"Feature","properties":{"id":"4661511XG0146S_part1","floors":1,"height":3.1,"heightSource":"Catastro:numberOfFloorsAboveGround"},"geometry":{"type":"Polygon","coordinates":[[[604478.361,4115807.7025],[604482.6815,4115822.7825],[604483.2215,4115824.2625],[604485.8915,4115823.6025],[604486.4915,4115823.4525],[604484.411,4115816.0625],[604487.711,4115815.0225],[604487.111,4115812.6825],[604488.651,4115812.2825],[604489.321,4115814.9125],[604490.911,4115814.4925],[604490.021,4115811.1725],[604488.431,4115805.1725],[604478.361,4115807.7025]]]}},{"type":"Feature","properties":{"id":"4661512XG0146S_part1","floors":1,"height":3.1,"heightSource":"Catastro:numberOfFloorsAboveGround"},"geometry":{"type":"Polygon","coordinates":[[[604474.441,4115808.7025],[604477.681,4115819.2925],[604477.891,4115819.2425],[604479.8415,4115825.1125],[604482.3915,4115824.4725],[604483.2215,4115824.2625],[604482.6815,4115822.7825],[604478.361,4115807.7025],[604474.441,4115808.7025]]]}},{"type":"Feature","properties":{"id":"4661513XG0146S_part1","floors":1,"height":3.1,"heightSource":"Catastro:numberOfFloorsAboveGround"},"geometry":{"type":"Polygon","coordinates":[[[604470.291,4115809.7525],[604473.911,4115820.1625],[604477.681,4115819.2925],[604474.441,4115808.7025],[604470.291,4115809.7525]]]}},{"type":"Feature","properties":{"id":"4661518XG0146S_part3","floors":3,"height":9.3,"heightSource":"Catastro:numberOfFloorsAboveGround"},"geometry":{"type":"Polygon","coordinates":[[[604482.3915,4115824.4725],[604483.3866885474,4115828.0],[604483.5873928579,4115828.0],[604486.8715,4115827.0725],[604485.8915,4115823.6025],[604483.2215,4115824.2625],[604482.3915,4115824.4725]]]}},{"type":"Feature","properties":{"id":"4661518XG0146S_part4","floors":3,"height":9.3,"heightSource":"Catastro:numberOfFloorsAboveGround"},"geometry":{"type":"Polygon","coordinates":[[[604495.7115,4115824.3925],[604494.8115,4115821.2225],[604491.3415,4115822.2625],[604491.9515,4115824.4425],[604493.2315,4115825.0925],[604495.7115,4115824.3925]]]}},{"type":"Feature","properties":{"id":"4661518XG0146S_part6","floors":4,"height":12.4,"heightSource":"Catastro:numberOfFloorsAboveGround"},"geometry":{"type":"Polygon","coordinates":[[[604501.6315,4115816.0225],[604505.0137474093,4115828.0],[604511.2618753962,4115828.0],[604507.1615,4115815.3325],[604506.9315,4115814.6125],[604501.6315,4115816.0225]]]}},{"type":"Feature","properties":{"id":"4661518XG0146S_part8","floors":4,"height":12.4,"heightSource":"Catastro:numberOfFloorsAboveGround"},"geometry":{"type":"Polygon","coordinates":[[[604497.2015,4115817.2025],[604498.2015,4115820.7425],[604500.3715,4115820.1325],[604501.1915,4115823.0225],[604499.0115,4115823.6325],[604500.2470427632,4115828.0],[604505.0137474093,4115828.0],[604501.6315,4115816.0225],[604497.4615,4115817.1325],[604497.2015,4115817.2025]]]}},{"type":"Feature","properties":{"id":"4661518XG0146S_part9","floors":5,"height":15.5,"heightSource":"Catastro:numberOfFloorsAboveGround"},"geometry":{"type":"Polygon","coordinates":[[[604490.4115,4115819.0125],[604491.3415,4115822.2625],[604494.8115,4115821.2225],[604495.7115,4115824.3925],[604493.2315,4115825.0925],[604494.0564653979,4115828.0],[604500.2470427632,4115828.0],[604499.0115,4115823.6325],[604498.3015,4115823.8325],[604497.8915,4115822.3925],[604497.4915,4115820.9525],[604498.2015,4115820.7425],[604497.2015,4115817.2025],[604490.4115,4115819.0125]]]}},{"type":"Feature","properties":{"id":"4661518XG0146S_part11","floors":2,"height":6.2,"heightSource":"Catastro:numberOfFloorsAboveGround"},"geometry":{"type":"Polygon","coordinates":[[[604507.6415,4115815.1925],[604507.1615,4115815.3325],[604511.2618753962,4115828.0],[604511.7906227723,4115828.0],[604507.6415,4115815.1925]]]}},{"type":"Feature","properties":{"id":"4661518XG0146S_part12","floors":5,"height":15.5,"heightSource":"Catastro:numberOfFloorsAboveGround"},"geometry":{"type":"MultiPolygon","coordinates":[[[[604475.9615,4115826.0825],[604476.1915,4115826.7425],[604476.6292373417,4115828.0],[604483.3866885474,4115828.0],[604482.3915,4115824.4725],[604479.8415,4115825.1125],[604475.9615,4115826.0825]]],[[[604493.2315,4115825.0925],[604491.9515,4115824.4425],[604491.3415,4115822.2625],[604486.4915,4115823.4525],[604485.8915,4115823.6025],[604486.8715,4115827.0725],[604483.5873928579,4115828.0],[604494.0564653979,4115828.0],[604493.2315,4115825.0925]]]]}},{"type":"Feature","properties":{"id":"4661608XG0146S_part1","floors":2,"height":6.2,"heightSource":"Catastro:numberOfFloorsAboveGround"},"geometry":{"type":"Polygon","coordinates":[[[604459.071,4115825.1425],[604455.921,4115826.0625],[604456.4984221124,4115828.0],[604461.4919387419,4115828.0],[604467.1515,4115826.3325],[604465.051,4115820.4125],[604463.801,4115820.7825],[604458.311,4115822.4025],[604459.071,4115825.1425]]]}},{"type":"Feature","properties":{"id":"4661608XG0146S_part2","floors":3,"height":9.3,"heightSource":"Catastro:numberOfFloorsAboveGround"},"geometry":{"type":"Polygon","coordinates":[[[604449.971,4115824.8725],[604450.8581623135,4115828.0],[604456.4984221124,4115828.0],[604455.921,4115826.0625],[604455.121,4115823.3425],[604449.971,4115824.8725]]]}},{"type":"Feature","properties":{"id":"4661609XG0146S_part1","floors":4,"height":12.4,"heightSource":"Catastro:numberOfFloorsAboveGround"},"geometry":{"type":"Polygon","coordinates":[[[604462.131,4115812.1625],[604458.551,4115813.1025],[604458.841,4115814.0625],[604462.471,4115813.1225],[604462.131,4115812.1625]]]}},{"type":"Feature","properties":{"id":"4661609XG0146S_part2","floors":4,"height":12.4,"heightSource":"Catastro:numberOfFloorsAboveGround"},"geometry":{"type":"Polygon","coordinates":[[[604447.471,4115816.0225],[604447.761,4115817.0625],[604450.641,4115816.3125],[604450.361,4115815.2625],[604447.471,4115816.0225]]]}},{"type":"Feature","properties":{"id":"4661609XG0146S_part3","floors":4,"height":12.4,"heightSource":"Catastro:numberOfFloorsAboveGround"},"geometry":{"type":"Polygon","coordinates":[[[604458.071,4115813.2325],[604458.471,4115814.5625],[604462.601,4115813.4825],[604462.471,4115813.1225],[604458.841,4115814.0625],[604458.551,4115813.1025],[604458.071,4115813.2325]]]}},{"type":"Feature","properties":{"id":"4661609XG0146S_part4","floors":4,"height":12.4,"heightSource":"Catastro:numberOfFloorsAboveGround"},"geometry":{"type":"Polygon","coordinates":[[[604462.931,4115818.2925],[604463.801,4115820.7825],[604465.051,4115820.4125],[604464.181,4115817.9425],[604462.931,4115818.2925]]]}},{"type":"Feature","properties":{"id":"4661609XG0146S_part5","floors":4,"height":12.4,"heightSource":"Catastro:numberOfFloorsAboveGround"},"geometry":{"type":"Polygon","coordinates":[[[604450.641,4115816.3125],[604447.761,4115817.0625],[604449.971,4115824.8725],[604455.121,4115823.3425],[604458.311,4115822.4025],[604463.801,4115820.7825],[604462.931,4115818.2925],[604464.181,4115817.9425],[604462.601,4115813.4825],[604458.471,4115814.5625],[604458.071,4115813.2325],[604450.361,4115815.2625],[604450.641,4115816.3125]]]}},{"type":"Feature","properties":{"id":"4661609XG0146S_part6","floors":2,"height":6.2,"heightSource":"Catastro:numberOfFloorsAboveGround"},"geometry":{"type":"Polygon","coordinates":[[[604465.521,4115820.2425],[604462.451,4115811.5625],[604446.851,4115815.6725],[604449.491,4115825.0125],[604449.971,4115824.8725],[604447.761,4115817.0625],[604447.471,4115816.0225],[604450.361,4115815.2625],[604458.071,4115813.2325],[604458.551,4115813.1025],[604462.131,4115812.1625],[604462.471,4115813.1225],[604462.601,4115813.4825],[604464.181,4115817.9425],[604465.051,4115820.4125],[604465.521,4115820.2425]]]}},{"type":"Feature","properties":{"id":"4661706XG0146S_part1","floors":1,"height":3.1,"heightSource":"Catastro:numberOfFloorsAboveGround"},"geometry":{"type":"Polygon","coordinates":[[[604437.9383544304,4115828.0],[604443.8683486918,4115828.0],[604443.431,4115826.4525],[604437.9383544304,4115828.0]]]}},{"type":"Feature","properties":{"id":"4661707XG0146S_part1","floors":1,"height":3.1,"heightSource":"Catastro:numberOfFloorsAboveGround"},"geometry":{"type":"Polygon","coordinates":[[[604435.381,4115826.0825],[604433.311,4115826.6625],[604432.851,4115825.0325],[604428.261,4115826.3225],[604428.733824755,4115828.0],[604437.9383544304,4115828.0],[604443.431,4115826.4525],[604440.951,4115817.5725],[604433.581,4115819.6625],[604435.381,4115826.0825]]]}},{"type":"Feature","properties":{"id":"4755701XG0145N_part1","floors":3,"height":9.3,"heightSource":"Catastro:numberOfFloorsAboveGround"},"geometry":{"type":"Polygon","coordinates":[[[604523.5665,4115314.2435],[604524.7165,4115318.2835],[604526.7265,4115325.3835],[604527.8165,4115329.2335],[604539.6265,4115325.6235],[604536.9265,4115312.3435],[604533.6165,4115312.8135],[604528.1265,4115313.5935],[604524.6165,4115314.0935],[604523.5665,4115314.2435]]]}},{"type":"Feature","properties":{"id":"4755701XG0145N_part2","floors":2,"height":6.2,"heightSource":"Catastro:numberOfFloorsAboveGround"},"geometry":{"type":"Polygon","coordinates":[[[604523.8865,4115318.5335],[604526.0065,4115325.6035],[604526.7265,4115325.3835],[604524.7165,4115318.2835],[604523.8865,4115318.5335]]]}},{"type":"Feature","properties":{"id":"4755702XG0145N_part1","floors":2,"height":6.2,"heightSource":"Catastro:numberOfFloorsAboveGround"},"geometry":{"type":"Polygon","coordinates":[[[604536.9265,4115312.3435],[604539.6265,4115325.6235],[604551.2465,4115322.0635],[604550.4565,4115315.6035],[604549.8265,4115310.5035],[604536.9265,4115312.3435]]]}},{"type":"Feature","properties":{"id":"4755703XG0145N_part1","floors":5,"height":15.5,"heightSource":"Catastro:numberOfFloorsAboveGround"},"geometry":{"type":"Polygon","coordinates":[[[604549.8265,4115310.5035],[604550.2805,4115314.1785],[604554.153,4115313.2645],[604555.3825,4115312.93],[604554.644,4115309.8195],[604549.8265,4115310.5035]]]}},{"type":"Feature","properties":{"id":"4755703XG0145N_part2","floors":2,"height":6.2,"heightSource":"Catastro:numberOfFloorsAboveGround"},"geometry":{"type":"Polygon","coordinates":[[[604550.2805,4115314.1785],[604550.4565,4115315.6035],[604551.2465,4115322.0635],[604555.5165,4115320.7535],[604555.894,4115320.639],[604555.2185,4115317.7775],[604554.153,4115313.2645],[604550.2805,4115314.1785]]]}},{"type":"Feature","properties":{"id":"4755703XG0145N_part3","floors":5,"height":15.5,"heightSource":"Catastro:numberOfFloorsAboveGround"},"geometry":{"type":"Polygon","coordinates":[[[604554.153,4115313.2645],[604555.2185,4115317.7775],[604557.416,4115317.1655],[604556.699,4115314.1995],[604555.737,4115314.424],[604555.3825,4115312.93],[604554.153,4115313.2645]]]}},{"type":"Feature","properties":{"id":"4755703XG0145N_part4","floors":4,"height":12.4,"heightSource":"Catastro:numberOfFloorsAboveGround"},"geometry":{"type":"Polygon","coordinates":[[[604556.447,4115309.5635],[604554.644,4115309.8195],[604555.3825,4115312.93],[604555.605,4115312.8695],[604555.044,4115310.75],[604556.632,4115310.3295],[604556.447,4115309.5635]]]}},{"type":"Feature","properties":{"id":"4755703XG0145N_part5","floors":4,"height":12.4,"heightSource":"Catastro:numberOfFloorsAboveGround"},"geometry":{"type":"Polygon","coordinates":[[[604555.044,4115310.75],[604555.605,4115312.8695],[604555.3825,4115312.93],[604555.737,4115314.424],[604556.699,4115314.1995],[604556.3435,4115312.729],[604557.158,4115312.5055],[604556.632,4115310.3295],[604555.044,4115310.75]]]}},{"type":"Feature","properties":{"id":"4755703XG0145N_part6","floors":5,"height":15.5,"heightSource":"Catastro:numberOfFloorsAboveGround"},"geometry":{"type":"Polygon","coordinates":[[[604555.2185,4115317.7775],[604555.894,4115320.639],[604558.094,4115319.9705],[604557.416,4115317.1655],[604555.2185,4115317.7775]]]}},{"type":"Feature","properties":{"id":"4755703XG0145N_part7","floors":3,"height":9.3,"heightSource":"Catastro:numberOfFloorsAboveGround"},"geometry":{"type":"Polygon","coordinates":[[[604557.158,4115312.5055],[604556.3435,4115312.729],[604556.699,4115314.1995],[604559.5785,4115313.528],[604558.873,4115310.707],[604558.519,4115309.271],[604557.7865,4115309.3735],[604556.447,4115309.5635],[604556.632,4115310.3295],[604557.158,4115312.5055]]]}},{"type":"Feature","properties":{"id":"4755703XG0145N_part8","floors":4,"height":12.4,"heightSource":"Catastro:numberOfFloorsAboveGround"},"geometry":{"type":"Polygon","coordinates":[[[604556.699,4115314.1995],[604557.416,4115317.1655],[604558.094,4115319.9705],[604560.2565,4115319.3135],[604560.875,4115319.123],[604559.5785,4115313.528],[604556.699,4115314.1995]]]}},{"type":"Feature","properties":{"id":"4755703XG0145N_part9","floors":4,"height":12.4,"heightSource":"Catastro:numberOfFloorsAboveGround"},"geometry":{"type":"Polygon","coordinates":[[[604560.5265,4115308.9935],[604558.7865,4115309.2335],[604558.519,4115309.271],[604558.873,4115310.707],[604560.8315,4115310.221],[604560.5265,4115308.9935]]]}},{"type":"Feature","properties":{"id":"4755703XG0145N_part10","floors":4,"height":12.4,"heightSource":"Catastro:numberOfFloorsAboveGround"},"geometry":{"type":"Polygon","coordinates":[[[604561.7765,4115314.0235],[604560.8315,4115310.221],[604558.873,4115310.707],[604559.5785,4115313.528],[604559.7085,4115313.498],[604560.02,4115313.4235],[604560.7105,4115316.454],[604562.2825,4115316.0655],[604561.7765,4115314.0235]]]}},{"type":"Feature","properties":{"id":"4755703XG0145N_part11","floors":4,"height":12.4,"heightSource":"Catastro:numberOfFloorsAboveGround"},"geometry":{"type":"Polygon","coordinates":[[[604560.7105,4115316.454],[604560.02,4115313.4235],[604559.7085,4115313.498],[604559.5785,4115313.528],[604560.875,4115319.123],[604561.0415,4115319.072],[604562.8865,4115318.5035],[604562.2825,4115316.0655],[604560.7105,4115316.454]]]}},{"type":"Feature","properties":{"id":"4755703XG0145N_part12","floors":2,"height":6.2,"heightSource":"Catastro:numberOfFloorsAboveGround"},"geometry":{"type":"Polygon","coordinates":[[[604561.719,4115310.0005],[604560.8315,4115310.221],[604561.7765,4115314.0235],[604562.8865,4115318.5035],[604563.6985,4115318.305],[604563.1155,4115315.86],[604561.719,4115310.0005]]]}},{"type":"Feature","properties":{"id":"4755704XG0145N_part1","floors":7,"height":21.7,"heightSource":"Catastro:numberOfFloorsAboveGround"},"geometry":{"type":"Polygon","coordinates":[[[604544.0565,4115307.9235],[604543.4065,4115303.1135],[604538.8665,4115303.7335],[604539.5165,4115308.5435],[604544.0565,4115307.9235]]]}},{"type":"Feature","properties":{"id":"4755704XG0145N_part2","floors":3,"height":9.3,"heightSource":"Catastro:numberOfFloorsAboveGround"},"geometry":{"type":"Polygon","coordinates":[[[604520.2965,4115302.6835],[604523.5665,4115314.2435],[604524.6165,4115314.0935],[604523.0865,4115302.2735],[604520.2965,4115302.6835]]]}},{"type":"Feature","properties":{"id":"4755704XG0145N_part3","floors":4,"height":12.4,"heightSource":"Catastro:numberOfFloorsAboveGround"},"geometry":{"type":"Polygon","coordinates":[[[604523.0865,4115302.2735],[604524.6165,4115314.0935],[604528.1265,4115313.5935],[604527.5665,4115309.8635],[604525.1065,4115310.1635],[604524.5565,4115305.8535],[604527.2265,4115305.5135],[604526.7465,4115301.7535],[604523.0865,4115302.2735]]]}},{"type":"Feature","properties":{"id":"4755704XG0145N_part4","floors":4,"height":12.4,"heightSource":"Catastro:numberOfFloorsAboveGround"},"geometry":{"type":"Polygon","coordinates":[[[604535.2165,4115309.4535],[604534.8465,4115306.6735],[604531.0165,4115307.1935],[604531.2665,4115309.0235],[604531.3965,4115309.9735],[604533.2165,4115309.7235],[604535.2165,4115309.4535]]]}},{"type":"Feature","properties":{"id":"4755704XG0145N_part5","floors":5,"height":15.5,"heightSource":"Catastro:numberOfFloorsAboveGround"},"geometry":{"type":"Polygon","coordinates":[[[604527.2265,4115305.5135],[604524.5565,4115305.8535],[604525.1065,4115310.1635],[604527.5665,4115309.8635],[604528.1265,4115313.5935],[604533.6165,4115312.8135],[604533.2165,4115309.7235],[604531.3965,4115309.9735],[604531.2665,4115309.0235],[604530.6365,4115309.1135],[604530.0065,4115305.1135],[604532.5065,4115304.7835],[604532.0265,4115301.0035],[604526.7465,4115301.7535],[604527.2265,4115305.5135]]]}},{"type":"Feature","properties":{"id":"4755704XG0145N_part6","floors":6,"height":18.6,"heightSource":"Catastro:numberOfFloorsAboveGround"},"geometry":{"type":"Polygon","coordinates":[[[604532.5065,4115304.7835],[604530.0065,4115305.1135],[604530.6365,4115309.1135],[604531.2665,4115309.0235],[604531.0165,4115307.1935],[604534.8465,4115306.6735],[604535.2165,4115309.4535],[604533.2165,4115309.7235],[604533.6165,4115312.8135],[604536.9265,4115312.3435],[604549.8265,4115310.5035],[604557.7865,4115309.3735],[604558.7865,4115309.2335],[604560.5265,4115308.9935],[604557.6465,4115297.3535],[604532.0265,4115301.0035],[604532.5065,4115304.7835]],[[604538.8665,4115303.7335],[604543.4065,4115303.1135],[604544.0565,4115307.9235],[604539.5165,4115308.5435],[604538.8665,4115303.7335]]]}},{"type":"Feature","properties":{"id":"4755705XG0145N_part1","floors":1,"height":3.1,"heightSource":"Catastro:numberOfFloorsAboveGround"},"geometry":{"type":"Polygon","coordinates":[[[604549.702,4115288.4585],[604544.247,4115289.2355],[604543.434,4115283.531],[604523.2815,4115286.402],[604525.494,4115301.9315],[604526.7465,4115301.7535],[604532.0265,4115301.0035],[604551.1025,4115298.286],[604549.702,4115288.4585]]]}},{"type":"Feature","properties":{"id":"4756101XG0145N_part1","floors":2,"height":6.2,"heightSource":"Catastro:numberOfFloorsAboveGround"},"geometry":{"type":"Polygon","coordinates":[[[604570.2175,4115422.2635],[604573.428,4115441.1535],[604591.278,4115438.1235],[604587.1875,4115419.2335],[604570.2175,4115422.2635]]]}},{"type":"Feature","properties":{"id":"4756101XG0145N_part2","floors":3,"height":9.3,"heightSource":"Catastro:numberOfFloorsAboveGround"},"geometry":{"type":"Polygon","coordinates":[[[604568.4775,4115411.9835],[604570.2175,4115422.2635],[604587.1875,4115419.2335],[604584.9175,4115408.7335],[604568.4775,4115411.9835]]]}},{"type":"Feature","properties":{"id":"4756101XG0145N_part3","floors":4,"height":12.4,"heightSource":"Catastro:numberOfFloorsAboveGround"},"geometry":{"type":"Polygon","coordinates":[[[604567.7275,4115408.2235],[604568.4775,4115411.9835],[604584.9175,4115408.7335],[604584.0475,4115404.6735],[604577.4675,4115406.1035],[604572.8175,4115407.1135],[604567.7275,4115408.2235]]]}},{"type":"Feature","properties":{"id":"4756102XG0145N_part1","floors":4,"height":12.4,"heightSource":"Catastro:numberOfFloorsAboveGround"},"geometry":{"type":"Polygon","coordinates":[[[604562.847,4115382.9635],[604566.8975,4115403.9235],[604571.6675,4115402.5935],[604566.477,4115382.0935],[604562.847,4115382.9635]]]}},{"type":"Feature","properties":{"id":"4756102XG0145N_part2","floors":3,"height":9.3,"heightSource":"Catastro:numberOfFloorsAboveGround"},"geometry":{"type":"Polygon","coordinates":[[[604566.8975,4115403.9235],[604567.7275,4115408.2235],[604572.8175,4115407.1135],[604571.6675,4115402.5935],[604566.8975,4115403.9235]]]}},{"type":"Feature","properties":{"id":"4756102XG0145N_part3","floors":4,"height":12.4,"heightSource":"Catastro:numberOfFloorsAboveGround"},"geometry":{"type":"Polygon","coordinates":[[[604576.4175,4115401.2735],[604571.6675,4115402.5935],[604572.8175,4115407.1135],[604577.4675,4115406.1035],[604576.4175,4115401.2735]]]}},{"type":"Feature","properties":{"id":"4756102XG0145N_part4","floors":6,"height":18.6,"heightSource":"Catastro:numberOfFloorsAboveGround"},"geometry":{"type":"Polygon","coordinates":[[[604576.0475,4115401.1635],[604575.3375,4115398.1935],[604571.3475,4115399.1535],[604572.0575,4115402.1235],[604576.0475,4115401.1635]]]}},{"type":"Feature","properties":{"id":"4756102XG0145N_part5","floors":3,"height":9.3,"heightSource":"Catastro:numberOfFloorsAboveGround"},"geometry":{"type":"Polygon","coordinates":[[[604561.687,4115382.2135],[604566.6475,4115407.8835],[604567.7275,4115408.2235],[604566.8975,4115403.9235],[604562.847,4115382.9635],[604566.477,4115382.0935],[604566.277,4115381.2935],[604561.687,4115382.2135]]]}},{"type":"Feature","properties":{"id":"4756102XG0145N_part6","floors":5,"height":15.5,"heightSource":"Catastro:numberOfFloorsAboveGround"},"geometry":{"type":"Polygon","coordinates":[[[604566.477,4115382.0935],[604571.6675,4115402.5935],[604576.4175,4115401.2735],[604577.4675,4115406.1035],[604584.0475,4115404.6735],[604583.1075,4115400.7835],[604578.4175,4115381.2835],[604577.947,4115379.3435],[604576.777,4115379.6235],[604566.477,4115382.0935]],[[604571.3475,4115399.1535],[604575.3375,4115398.1935],[604576.0475,4115401.1635],[604572.0575,4115402.1235],[604571.3475,4115399.1535]],[[604568.1875,4115385.9735],[604572.1775,4115385.0235],[604572.8875,4115387.9835],[604568.8975,4115388.9435],[604568.1875,4115385.9735]]]}},{"type":"Feature","properties":{"id":"4756102XG0145N_part7","floors":6,"height":18.6,"heightSource":"Catastro:numberOfFloorsAboveGround"},"geometry":{"type":"Polygon","coordinates":[[[604572.8875,4115387.9835],[604572.1775,4115385.0235],[604568.1875,4115385.9735],[604568.8975,4115388.9435],[604572.8875,4115387.9835]]]}},{"type":"Feature","properties":{"id":"4756102XG0145N_part8","floors":4,"height":12.4,"heightSource":"Catastro:numberOfFloorsAboveGround"},"geometry":{"type":"Polygon","coordinates":[[[604566.277,4115381.2935],[604566.477,4115382.0935],[604576.777,4115379.6235],[604576.687,4115379.2235],[604566.277,4115381.2935]]]}},{"type":"Feature","properties":{"id":"4756102XG0145N_part9","floors":4,"height":12.4,"heightSource":"Catastro:numberOfFloorsAboveGround"},"geometry":{"type":"Polygon","coordinates":[[[604578.4175,4115381.2835],[604583.1075,4115400.7835],[604584.0875,4115400.5735],[604579.3875,4115381.0535],[604578.4175,4115381.2835]]]}},{"type":"Feature","properties":{"id":"4756601XG0145N_part1","floors":1,"height":3.1,"heightSource":"Catastro:numberOfFloorsAboveGround"},"geometry":{"type":"Polygon","coordinates":[[[604562.697,4115377.0635],[604567.257,4115375.8635],[604565.297,4115369.6935],[604560.767,4115370.9835],[604562.697,4115377.0635]]]}},{"type":"Feature","properties":{"id":"4756601XG0145N_part2","floors":2,"height":6.2,"heightSource":"Catastro:numberOfFloorsAboveGround"},"geometry":{"type":"Polygon","coordinates":[[[604566.667,4115369.3135],[604568.657,4115375.5035],[604576.587,4115373.4235],[604574.127,4115363.5235],[604565.527,4115365.7835],[604566.667,4115369.3135]]]}},{"type":"Feature","properties":{"id":"4756601XG0145N_part3","floors":1,"height":3.1,"heightSource":"Catastro:numberOfFloorsAboveGround"},"geometry":{"type":"Polygon","coordinates":[[[604553.257,4115369.0135],[604555.927,4115378.8535],[604558.787,4115378.0935],[604556.827,4115371.5035],[604560.627,4115370.3635],[604559.947,4115367.2435],[604553.257,4115369.0135]]]}},{"type":"Feature","properties":{"id":"4756601XG0145N_part4","floors":2,"height":6.2,"heightSource":"Catastro:numberOfFloorsAboveGround"},"geometry":{"type":"Polygon","coordinates":[[[604559.947,4115367.2435],[604560.627,4115370.3635],[604560.767,4115370.9835],[604565.297,4115369.6935],[604566.667,4115369.3135],[604565.527,4115365.7835],[604560.607,4115367.0735],[604559.947,4115367.2435]]]}},{"type":"Feature","properties":{"id":"4756602XG0145N_part1","floors":3,"height":9.3,"heightSource":"Catastro:numberOfFloorsAboveGround"},"geometry":{"type":"Polygon","coordinates":[[[604553.087,4115361.1135],[604551.267,4115361.6235],[604551.381,4115362.046],[604553.144,4115368.5935],[604553.257,4115369.0135],[604559.947,4115367.2435],[604560.607,4115367.0735],[604565.0985,4115365.896],[604564.79,4115364.76],[604561.9895,4115365.517],[604561.246,4115362.678],[604560.0225,4115363.037],[604559.177,4115359.4335],[604553.087,4115361.1135]]]}},{"type":"Feature","properties":{"id":"4756602XG0145N_part2","floors":5,"height":15.5,"heightSource":"Catastro:numberOfFloorsAboveGround"},"geometry":{"type":"Polygon","coordinates":[[[604572.207,4115355.8335],[604569.457,4115356.5935],[604559.177,4115359.4335],[604560.0225,4115363.037],[604561.246,4115362.678],[604564.034,4115361.918],[604564.79,4115364.76],[604565.0985,4115365.896],[604565.527,4115365.7835],[604574.127,4115363.5235],[604573.274,4115360.108],[604572.4285,4115356.72],[604572.207,4115355.8335]]]}},{"type":"Feature","properties":{"id":"4756602XG0145N_part3","floors":1,"height":3.1,"heightSource":"Catastro:numberOfFloorsAboveGround"},"geometry":{"type":"Polygon","coordinates":[[[604564.034,4115361.918],[604561.246,4115362.678],[604561.9895,4115365.517],[604564.79,4115364.76],[604564.034,4115361.918]]]}},{"type":"Feature","properties":{"id":"4756602XG0145N_part4","floors":4,"height":12.4,"heightSource":"Catastro:numberOfFloorsAboveGround"},"geometry":{"type":"Polygon","coordinates":[[[604574.804,4115362.343],[604574.1335,4115359.8905],[604573.274,4115360.108],[604574.127,4115363.5235],[604574.14595,4115363.5997],[604574.804,4115362.343]]]}},{"type":"Feature","properties":{"id":"4756603XG0145N_part1","floors":1,"height":3.1,"heightSource":"Catastro:numberOfFloorsAboveGround"},"geometry":{"type":"Polygon","coordinates":[[[604551.267,4115361.6235],[604553.087,4115361.1135],[604551.887,4115356.4935],[604550.007,4115356.9935],[604551.267,4115361.6235]]]}},{"type":"Feature","properties":{"id":"4756603XG0145N_part2","floors":2,"height":6.2,"heightSource":"Catastro:numberOfFloorsAboveGround"},"geometry":{"type":"Polygon","coordinates":[[[604551.887,4115356.4935],[604553.087,4115361.1135],[604559.177,4115359.4335],[604569.457,4115356.5935],[604568.397,4115352.1435],[604552.877,4115356.2335],[604551.887,4115356.4935]]]}},{"type":"Feature","properties":{"id":"4756603XG0145N_part3","floors":1,"height":3.1,"heightSource":"Catastro:numberOfFloorsAboveGround"},"geometry":{"type":"Polygon","coordinates":[[[604568.397,4115352.1435],[604569.457,4115356.5935],[604572.207,4115355.8335],[604571.107,4115351.4335],[604568.397,4115352.1435]]]}},{"type":"Feature","properties":{"id":"4756604XG0145N_part1","floors":1,"height":3.1,"heightSource":"Catastro:numberOfFloorsAboveGround"},"geometry":{"type":"Polygon","coordinates":[[[604550.007,4115356.9935],[604551.887,4115356.4935],[604552.877,4115356.2335],[604551.857,4115352.5035],[604549.007,4115353.2735],[604550.007,4115356.9935]]]}},{"type":"Feature","properties":{"id":"4756604XG0145N_part2","floors":2,"height":6.2,"heightSource":"Catastro:numberOfFloorsAboveGround"},"geometry":{"type":"Polygon","coordinates":[[[604555.667,4115349.4835],[604557.877,4115348.9335],[604558.357,4115350.7735],[604551.857,4115352.5035],[604552.877,4115356.2335],[604568.397,4115352.1435],[604565.937,4115342.4235],[604554.457,4115345.4435],[604555.667,4115349.4835]]]}},{"type":"Feature","properties":{"id":"4756605XG0145N_part1","floors":1,"height":3.1,"heightSource":"Catastro:numberOfFloorsAboveGround"},"geometry":{"type":"Polygon","coordinates":[[[604565.937,4115342.4235],[604568.697,4115341.7035],[604567.787,4115338.0135],[604566.707,4115338.2935],[604565.007,4115338.7435],[604565.937,4115342.4235]]]}},{"type":"Feature","properties":{"id":"4756605XG0145N_part2","floors":1,"height":3.1,"heightSource":"Catastro:numberOfFloorsAboveGround"},"geometry":{"type":"Polygon","coordinates":[[[604546.407,4115343.6635],[604546.667,4115344.6035],[604549.567,4115343.8135],[604549.317,4115342.8835],[604546.407,4115343.6635]]]}},{"type":"Feature","properties":{"id":"4756605XG0145N_part3","floors":2,"height":6.2,"heightSource":"Catastro:numberOfFloorsAboveGround"},"geometry":{"type":"Polygon","coordinates":[[[604549.317,4115342.8835],[604549.567,4115343.8135],[604550.417,4115347.0635],[604551.937,4115346.6635],[604551.797,4115346.1535],[604554.457,4115345.4435],[604565.937,4115342.4235],[604565.007,4115338.7435],[604559.837,4115340.1035],[604556.937,4115340.8735],[604550.097,4115342.6735],[604549.317,4115342.8835]]]}},{"type":"Feature","properties":{"id":"4756606XG0145N_part1","floors":1,"height":3.1,"heightSource":"Catastro:numberOfFloorsAboveGround"},"geometry":{"type":"Polygon","coordinates":[[[604566.707,4115338.2935],[604567.787,4115338.0135],[604566.2765,4115331.9335],[604565.2365,4115332.2435],[604566.707,4115338.2935]]]}},{"type":"Feature","properties":{"id":"4756606XG0145N_part2","floors":1,"height":3.1,"heightSource":"Catastro:numberOfFloorsAboveGround"},"geometry":{"type":"Polygon","coordinates":[[[604542.3865,4115328.7835],[604544.4765,4115336.5135],[604548.8265,4115335.1935],[604548.4865,4115333.9235],[604548.1665,4115332.7235],[604546.9865,4115328.3335],[604546.7365,4115327.3935],[604542.3865,4115328.7835]]]}},{"type":"Feature","properties":{"id":"4756606XG0145N_part3","floors":2,"height":6.2,"heightSource":"Catastro:numberOfFloorsAboveGround"},"geometry":{"type":"Polygon","coordinates":[[[604544.4765,4115336.5135],[604545.5565,4115340.5235],[604549.1965,4115339.5435],[604550.097,4115342.6735],[604556.937,4115340.8735],[604556.1765,4115337.9735],[604559.077,4115337.2035],[604559.837,4115340.1035],[604565.007,4115338.7435],[604566.707,4115338.2935],[604565.2365,4115332.2435],[604563.8865,4115332.6635],[604549.3665,4115337.1835],[604548.8265,4115335.1935],[604544.4765,4115336.5135]]]}},{"type":"Feature","properties":{"id":"4756607XG0145N_part1","floors":2,"height":6.2,"heightSource":"Catastro:numberOfFloorsAboveGround"},"geometry":{"type":"Polygon","coordinates":[[[604546.7365,4115327.3935],[604546.9865,4115328.3335],[604551.0265,4115327.2135],[604555.0365,4115325.9835],[604555.8965,4115329.9435],[604556.2165,4115331.4035],[604554.1365,4115332.0435],[604551.7665,4115332.7935],[604551.5065,4115332.0335],[604550.1465,4115332.3135],[604550.4865,4115333.3535],[604548.4865,4115333.9235],[604548.8265,4115335.1935],[604549.3665,4115337.1835],[604563.8865,4115332.6635],[604561.4165,4115322.7235],[604546.7365,4115327.3935]]]}},{"type":"Feature","properties":{"id":"4756607XG0145N_part2","floors":3,"height":9.3,"heightSource":"Catastro:numberOfFloorsAboveGround"},"geometry":{"type":"Polygon","coordinates":[[[604555.0365,4115325.9835],[604551.0265,4115327.2135],[604546.9865,4115328.3335],[604548.1665,4115332.7235],[604550.1465,4115332.3135],[604551.5065,4115332.0335],[604551.7665,4115332.7935],[604554.1365,4115332.0435],[604553.7965,4115330.4635],[604555.8965,4115329.9435],[604555.0365,4115325.9835]]]}},{"type":"Feature","properties":{"id":"4756607XG0145N_part3","floors":2,"height":6.2,"heightSource":"Catastro:numberOfFloorsAboveGround"},"geometry":{"type":"Polygon","coordinates":[[[604561.4165,4115322.7235],[604563.8865,4115332.6635],[604565.2365,4115332.2435],[604566.2765,4115331.9335],[604563.7965,4115321.9635],[604561.4165,4115322.7235]]]}},{"type":"Feature","properties":{"id":"4757101XG0145N_part1","floors":1,"height":3.1,"heightSource":"Catastro:numberOfFloorsAboveGround"},"geometry":{"type":"Polygon","coordinates":[[[604582.6485,4115522.873],[604583.5185,4115526.283],[604591.3585,4115524.273],[604590.4885,4115520.873],[604583.7385,4115522.593],[604582.6485,4115522.873]]]}},{"type":"Feature","properties":{"id":"4757101XG0145N_part2","floors":4,"height":12.4,"heightSource":"Catastro:numberOfFloorsAboveGround"},"geometry":{"type":"Polygon","coordinates":[[[604572.5685,4115532.893],[604573.4985,4115532.693],[604574.259,4115536.323],[604574.869,4115536.193],[604576.179,4115542.383],[604577.289,4115542.143],[604578.639,4115547.553],[604579.469,4115547.463],[604580.959,4115552.963],[604581.919,4115552.783],[604583.329,4115558.603],[604584.179,4115558.513],[604584.849,4115560.923],[604590.519,4115559.783],[604590.639,4115559.073],[604595.349,4115557.713],[604595.369,4115557.093],[604599.469,4115556.043],[604599.269,4115555.253],[604585.119,4115560.263],[604570.9885,4115525.403],[604572.5685,4115532.893]]]}},{"type":"Feature","properties":{"id":"4757101XG0145N_part3","floors":5,"height":15.5,"heightSource":"Catastro:numberOfFloorsAboveGround"},"geometry":{"type":"Polygon","coordinates":[[[604570.9885,4115525.403],[604585.119,4115560.263],[604599.269,4115555.253],[604596.179,4115543.153],[604596.069,4115542.713],[604589.919,4115544.273],[604588.449,4115538.493],[604594.589,4115536.943],[604594.449,4115536.413],[604591.4685,4115524.693],[604591.3585,4115524.273],[604583.5185,4115526.283],[604582.6485,4115522.873],[604580.7585,4115523.363],[604570.9885,4115525.403]],[[604583.029,4115537.053],[604580.259,4115537.763],[604578.4085,4115530.503],[604581.1785,4115529.823],[604581.709,4115531.913],[604584.639,4115531.173],[604585.409,4115534.163],[604582.479,4115534.913],[604583.029,4115537.053]],[[604588.219,4115557.653],[604585.629,4115558.253],[604585.359,4115557.223],[604583.799,4115551.063],[604586.369,4115550.413],[604586.709,4115551.753],[604589.729,4115550.993],[604590.519,4115554.053],[604587.489,4115554.833],[604588.219,4115557.653]]]}},{"type":"Feature","properties":{"id":"4757101XG0145N_part4","floors":6,"height":18.6,"heightSource":"Catastro:numberOfFloorsAboveGround"},"geometry":{"type":"Polygon","coordinates":[[[604581.1785,4115529.823],[604578.4085,4115530.503],[604580.259,4115537.763],[604583.029,4115537.053],[604582.479,4115534.913],[604581.709,4115531.913],[604581.1785,4115529.823]]]}},{"type":"Feature","properties":{"id":"4757101XG0145N_part5","floors":6,"height":18.6,"heightSource":"Catastro:numberOfFloorsAboveGround"},"geometry":{"type":"Polygon","coordinates":[[[604586.369,4115550.413],[604583.799,4115551.063],[604585.359,4115557.223],[604585.629,4115558.253],[604588.219,4115557.653],[604587.489,4115554.833],[604586.709,4115551.753],[604586.369,4115550.413]]]}},{"type":"Feature","properties":{"id":"4757102XG0145N_part1","floors":1,"height":3.1,"heightSource":"Catastro:numberOfFloorsAboveGround"},"geometry":{"type":"Polygon","coordinates":[[[604582.9985,4115519.683],[604580.0585,4115520.433],[604580.7585,4115523.363],[604582.6485,4115522.873],[604583.7385,4115522.593],[604582.9985,4115519.683]]]}},{"type":"Feature","properties":{"id":"4757102XG0145N_part2","floors":5,"height":15.5,"heightSource":"Catastro:numberOfFloorsAboveGround"},"geometry":{"type":"Polygon","coordinates":[[[604586.4085,4115504.853],[604576.9485,4115507.263],[604577.6285,4115510.173],[604580.3985,4115509.473],[604581.1885,4115512.563],[604578.3685,4115513.293],[604580.0585,4115520.433],[604582.9985,4115519.683],[604583.7385,4115522.593],[604590.4885,4115520.873],[604586.4085,4115504.853]]]}},{"type":"Feature","properties":{"id":"4757102XG0145N_part3","floors":1,"height":3.1,"heightSource":"Catastro:numberOfFloorsAboveGround"},"geometry":{"type":"Polygon","coordinates":[[[604578.3685,4115513.293],[604581.1885,4115512.563],[604580.3985,4115509.473],[604577.6285,4115510.173],[604578.3685,4115513.293]]]}},{"type":"Feature","properties":{"id":"4757103XG0145N_part1","floors":2,"height":6.2,"heightSource":"Catastro:numberOfFloorsAboveGround"},"geometry":{"type":"Polygon","coordinates":[[[604563.4875,4115510.7005],[604570.1425,4115525.272],[604570.793,4115524.975],[604566.7685,4115516.163],[604564.7785,4115511.793],[604566.8785,4115509.833],[604563.4875,4115510.7005]]]}},{"type":"Feature","properties":{"id":"4757103XG0145N_part2","floors":3,"height":9.3,"heightSource":"Catastro:numberOfFloorsAboveGround"},"geometry":{"type":"Polygon","coordinates":[[[604564.7785,4115511.793],[604566.7685,4115516.163],[604570.793,4115524.975],[604570.9885,4115525.403],[604580.7585,4115523.363],[604580.0585,4115520.433],[604578.3685,4115513.293],[604577.6285,4115510.173],[604576.9485,4115507.263],[604569.2885,4115509.213],[604566.8785,4115509.833],[604564.7785,4115511.793]],[[604576.937,4115521.199],[604573.314,4115522.0545],[604572.422,4115518.277],[604574.0985,4115517.879],[604573.1115,4115513.728],[604575.063,4115513.2655],[604576.044,4115517.4165],[604576.937,4115521.199]]]}},{"type":"Feature","properties":{"id":"4757103XG0145N_part3","floors":1,"height":3.1,"heightSource":"Catastro:numberOfFloorsAboveGround"},"geometry":{"type":"Polygon","coordinates":[[[604572.422,4115518.277],[604573.314,4115522.0545],[604576.937,4115521.199],[604576.044,4115517.4165],[604574.0985,4115517.879],[604572.422,4115518.277]]]}},{"type":"Feature","properties":{"id":"4757103XG0145N_part4","floors":4,"height":12.4,"heightSource":"Catastro:numberOfFloorsAboveGround"},"geometry":{"type":"Polygon","coordinates":[[[604575.063,4115513.2655],[604573.1115,4115513.728],[604574.0985,4115517.879],[604576.044,4115517.4165],[604575.063,4115513.2655]]]}},{"type":"Feature","properties":{"id":"4757401XG0145N_part1","floors":1,"height":3.1,"heightSource":"Catastro:numberOfFloorsAboveGround"},"geometry":{"type":"Polygon","coordinates":[[[604603.398,4115457.6835],[604604.418,4115462.2335],[604615.508,4115459.9135],[604614.568,4115455.4235],[604603.398,4115457.6835]]]}},{"type":"Feature","properties":{"id":"4757401XG0145N_part2","floors":2,"height":6.2,"heightSource":"Catastro:numberOfFloorsAboveGround"},"geometry":{"type":"Polygon","coordinates":[[[604599.008,4115430.9735],[604600.678,4115439.8235],[604611.318,4115437.6335],[604609.498,4115428.7835],[604607.988,4115429.0935],[604599.008,4115430.9735]]]}},{"type":"Feature","properties":{"id":"4757401XG0145N_part3","floors":3,"height":9.3,"heightSource":"Catastro:numberOfFloorsAboveGround"},"geometry":{"type":"Polygon","coordinates":[[[604600.678,4115439.8235],[604602.338,4115448.6735],[604612.728,4115446.5735],[604613.138,4115446.4835],[604611.318,4115437.6335],[604600.678,4115439.8235]]]}},{"type":"Feature","properties":{"id":"4757401XG0145N_part4","floors":2,"height":6.2,"heightSource":"Catastro:numberOfFloorsAboveGround"},"geometry":{"type":"Polygon","coordinates":[[[604602.448,4115449.2235],[604601.528,4115449.3935],[604603.398,4115457.6835],[604614.568,4115455.4235],[604612.728,4115446.5735],[604602.338,4115448.6735],[604602.448,4115449.2235]]]}},{"type":"Feature","properties":{"id":"4757601XG0145N_part1","floors":3,"height":9.3,"heightSource":"Catastro:numberOfFloorsAboveGround"},"geometry":{"type":"Polygon","coordinates":[[[604561.7985,4115501.6735],[604562.9785,4115506.263],[604573.8585,4115503.483],[604572.9685,4115499.9935],[604574.1085,4115499.7035],[604573.3885,4115496.8535],[604572.0485,4115497.1835],[604571.3585,4115497.3735],[604571.7685,4115499.0135],[604567.3885,4115500.1735],[604561.7985,4115501.6735]]]}},{"type":"Feature","properties":{"id":"4757601XG0145N_part2","floors":2,"height":6.2,"heightSource":"Catastro:numberOfFloorsAboveGround"},"geometry":{"type":"Polygon","coordinates":[[[604562.9785,4115506.263],[604563.1185,4115506.783],[604573.9885,4115503.993],[604573.8585,4115503.483],[604562.9785,4115506.263]]]}},{"type":"Feature","properties":{"id":"4757601XG0145N_part3","floors":4,"height":12.4,"heightSource":"Catastro:numberOfFloorsAboveGround"},"geometry":{"type":"Polygon","coordinates":[[[604577.4385,4115502.563],[604577.5685,4115503.073],[604585.5085,4115501.023],[604585.3885,4115500.543],[604577.4385,4115502.563]]]}},{"type":"Feature","properties":{"id":"4757601XG0145N_part4","floors":4,"height":12.4,"heightSource":"Catastro:numberOfFloorsAboveGround"},"geometry":{"type":"Polygon","coordinates":[[[604584.6185,4115497.3735],[604585.3885,4115500.543],[604586.3585,4115500.293],[604585.5485,4115497.1335],[604584.6185,4115497.3735]]]}},{"type":"Feature","properties":{"id":"4757601XG0145N_part5","floors":5,"height":15.5,"heightSource":"Catastro:numberOfFloorsAboveGround"},"geometry":{"type":"Polygon","coordinates":[[[604574.1085,4115499.7035],[604572.9685,4115499.9935],[604573.8585,4115503.483],[604577.4385,4115502.563],[604585.3885,4115500.543],[604584.6185,4115497.3735],[604583.8485,4115494.1935],[604573.3885,4115496.8535],[604574.1085,4115499.7035]]]}},{"type":"Feature","properties":{"id":"4757602XG0145N_part1","floors":1,"height":3.1,"heightSource":"Catastro:numberOfFloorsAboveGround"},"geometry":{"type":"Polygon","coordinates":[[[604565.3685,4115491.8235],[604559.6485,4115493.2335],[604561.7985,4115501.6735],[604567.3885,4115500.1735],[604565.3685,4115491.8235]]]}},{"type":"Feature","properties":{"id":"4757602XG0145N_part2","floors":1,"height":3.1,"heightSource":"Catastro:numberOfFloorsAboveGround"},"geometry":{"type":"Polygon","coordinates":[[[604567.2785,4115489.8435],[604568.0585,4115492.9435],[604570.8085,4115492.2335],[604570.0185,4115489.1435],[604567.2785,4115489.8435]]]}},{"type":"Feature","properties":{"id":"4757602XG0145N_part3","floors":3,"height":9.3,"heightSource":"Catastro:numberOfFloorsAboveGround"},"geometry":{"type":"Polygon","coordinates":[[[604556.778,4115481.9535],[604559.6485,4115493.2335],[604565.3685,4115491.8235],[604567.3885,4115500.1735],[604571.7685,4115499.0135],[604571.3585,4115497.3735],[604572.0485,4115497.1835],[604570.8085,4115492.2335],[604568.0585,4115492.9435],[604567.2785,4115489.8435],[604570.0185,4115489.1435],[604569.2085,4115485.8535],[604567.3185,4115486.3335],[604566.398,4115482.2335],[604565.748,4115479.6735],[604564.198,4115480.0735],[604561.648,4115480.7235],[604558.968,4115481.3935],[604556.778,4115481.9535]]]}},{"type":"Feature","properties":{"id":"4757602XG0145N_part4","floors":4,"height":12.4,"heightSource":"Catastro:numberOfFloorsAboveGround"},"geometry":{"type":"Polygon","coordinates":[[[604581.6685,4115485.6835],[604583.1085,4115491.2835],[604584.2685,4115490.9935],[604582.8385,4115485.3835],[604581.6685,4115485.6835]]]}},{"type":"Feature","properties":{"id":"4757602XG0145N_part5","floors":5,"height":15.5,"heightSource":"Catastro:numberOfFloorsAboveGround"},"geometry":{"type":"Polygon","coordinates":[[[604569.2085,4115485.8535],[604570.0185,4115489.1435],[604570.8085,4115492.2335],[604572.0485,4115497.1835],[604573.3885,4115496.8535],[604583.8485,4115494.1935],[604583.1085,4115491.2835],[604581.6685,4115485.6835],[604580.9285,4115482.7735],[604569.2085,4115485.8535]]]}},{"type":"Feature","properties":{"id":"4757603XG0145N_part1","floors":1,"height":3.1,"heightSource":"Catastro:numberOfFloorsAboveGround"},"geometry":{"type":"Polygon","coordinates":[[[604563.508,4115477.3535],[604560.958,4115478.0035],[604561.648,4115480.7235],[604564.198,4115480.0735],[604563.508,4115477.3535]]]}},{"type":"Feature","properties":{"id":"4757603XG0145N_part2","floors":1,"height":3.1,"heightSource":"Catastro:numberOfFloorsAboveGround"},"geometry":{"type":"Polygon","coordinates":[[[604561.198,4115472.8835],[604561.928,4115475.7635],[604564.578,4115475.0935],[604563.868,4115472.2835],[604561.198,4115472.8835]]]}},{"type":"Feature","properties":{"id":"4757603XG0145N_part3","floors":3,"height":9.3,"heightSource":"Catastro:numberOfFloorsAboveGround"},"geometry":{"type":"Polygon","coordinates":[[[604554.828,4115474.3335],[604556.778,4115481.9535],[604558.968,4115481.3935],[604557.038,4115473.8235],[604554.828,4115474.3335]]]}},{"type":"Feature","properties":{"id":"4757603XG0145N_part4","floors":4,"height":12.4,"heightSource":"Catastro:numberOfFloorsAboveGround"},"geometry":{"type":"Polygon","coordinates":[[[604557.038,4115473.8235],[604558.968,4115481.3935],[604561.648,4115480.7235],[604560.958,4115478.0035],[604559.738,4115473.2135],[604557.038,4115473.8235]]]}},{"type":"Feature","properties":{"id":"4757603XG0145N_part5","floors":7,"height":21.7,"heightSource":"Catastro:numberOfFloorsAboveGround"},"geometry":{"type":"Polygon","coordinates":[[[604574.028,4115469.6635],[604575.858,4115476.8335],[604579.198,4115475.9835],[604578.158,4115471.9135],[604577.368,4115468.8135],[604574.028,4115469.6635]]]}},{"type":"Feature","properties":{"id":"4757603XG0145N_part6","floors":5,"height":15.5,"heightSource":"Catastro:numberOfFloorsAboveGround"},"geometry":{"type":"Polygon","coordinates":[[[604559.738,4115473.2135],[604560.958,4115478.0035],[604563.508,4115477.3535],[604564.198,4115480.0735],[604565.748,4115479.6735],[604564.578,4115475.0935],[604561.928,4115475.7635],[604561.198,4115472.8835],[604559.738,4115473.2135]]]}},{"type":"Feature","properties":{"id":"4757603XG0145N_part7","floors":6,"height":18.6,"heightSource":"Catastro:numberOfFloorsAboveGround"},"geometry":{"type":"Polygon","coordinates":[[[604569.218,4115481.5135],[604566.398,4115482.2335],[604567.3185,4115486.3335],[604569.2085,4115485.8535],[604580.9285,4115482.7735],[604580.128,4115479.6435],[604579.198,4115475.9835],[604575.858,4115476.8335],[604574.028,4115469.6635],[604566.688,4115471.5535],[604569.218,4115481.5135]]]}},{"type":"Feature","properties":{"id":"4757603XG0145N_part8","floors":7,"height":21.7,"heightSource":"Catastro:numberOfFloorsAboveGround"},"geometry":{"type":"Polygon","coordinates":[[[604563.868,4115472.2835],[604564.578,4115475.0935],[604565.748,4115479.6735],[604566.398,4115482.2335],[604569.218,4115481.5135],[604566.688,4115471.5535],[604566.028,4115471.7235],[604563.868,4115472.2835]]]}},{"type":"Feature","properties":{"id":"4757604XG0145N_part1","floors":1,"height":3.1,"heightSource":"Catastro:numberOfFloorsAboveGround"},"geometry":{"type":"Polygon","coordinates":[[[604560.948,4115469.5335],[604564.048,4115468.6135],[604565.068,4115467.5935],[604564.508,4115465.2335],[604560.098,4115466.2735],[604560.948,4115469.5335]]]}},{"type":"Feature","properties":{"id":"4757604XG0145N_part2","floors":6,"height":18.6,"heightSource":"Catastro:numberOfFloorsAboveGround"},"geometry":{"type":"Polygon","coordinates":[[[604574.808,4115458.7935],[604559.188,4115462.7735],[604552.318,4115464.5235],[604553.188,4115467.9035],[604560.098,4115466.2735],[604564.508,4115465.2335],[604575.778,4115462.5735],[604574.808,4115458.7935]]]}},{"type":"Feature","properties":{"id":"4757604XG0145N_part3","floors":6,"height":18.6,"heightSource":"Catastro:numberOfFloorsAboveGround"},"geometry":{"type":"Polygon","coordinates":[[[604564.508,4115465.2335],[604565.068,4115467.5935],[604566.028,4115471.7235],[604566.688,4115471.5535],[604574.028,4115469.6635],[604577.368,4115468.8135],[604575.778,4115462.5735],[604564.508,4115465.2335]]]}},{"type":"Feature","properties":{"id":"4757604XG0145N_part4","floors":6,"height":18.6,"heightSource":"Catastro:numberOfFloorsAboveGround"},"geometry":{"type":"Polygon","coordinates":[[[604553.188,4115467.9035],[604554.828,4115474.3335],[604557.038,4115473.8235],[604559.738,4115473.2135],[604561.198,4115472.8835],[604563.868,4115472.2835],[604566.028,4115471.7235],[604565.068,4115467.5935],[604564.048,4115468.6135],[604560.948,4115469.5335],[604560.098,4115466.2735],[604553.188,4115467.9035]]]}},{"type":"Feature","properties":{"id":"4757701XG0145N_part1","floors":6,"height":18.6,"heightSource":"Catastro:numberOfFloorsAboveGround"},"geometry":{"type":"Polygon","coordinates":[[[604552.848,4115488.6135],[604535.5585,4115496.9935],[604537.3785,4115501.4935],[604539.6985,4115507.2435],[604541.4285,4115511.503],[604557.8885,4115507.183],[604556.0585,4115500.4235],[604554.4285,4115494.4435],[604552.848,4115488.6135]]]}},{"type":"Feature","properties":{"id":"4757801XG0145N_part1","floors":5,"height":15.5,"heightSource":"Catastro:numberOfFloorsAboveGround"},"geometry":{"type":"Polygon","coordinates":[[[604561.109,4115557.393],[604565.859,4115568.283],[604580.059,4115562.423],[604575.449,4115551.413],[604561.109,4115557.393]]]}},{"type":"Feature","properties":{"id":"4757802XG0145N_part1","floors":4,"height":12.4,"heightSource":"Catastro:numberOfFloorsAboveGround"},"geometry":{"type":"Polygon","coordinates":[[[604559.359,4115553.423],[604561.109,4115557.393],[604568.2705,4115554.4065],[604567.339,4115552.213],[604564.329,4115553.493],[604563.359,4115553.903],[604562.5855,4115552.068],[604559.359,4115553.423]]]}},{"type":"Feature","properties":{"id":"4757802XG0145N_part2","floors":2,"height":6.2,"heightSource":"Catastro:numberOfFloorsAboveGround"},"geometry":{"type":"Polygon","coordinates":[[[604562.5855,4115552.068],[604563.359,4115553.903],[604564.329,4115553.493],[604563.549,4115551.6635],[604562.5855,4115552.068]]]}},{"type":"Feature","properties":{"id":"4757802XG0145N_part3","floors":5,"height":15.5,"heightSource":"Catastro:numberOfFloorsAboveGround"},"geometry":{"type":"Polygon","coordinates":[[[604567.289,4115550.093],[604563.549,4115551.6635],[604564.329,4115553.493],[604567.339,4115552.213],[604568.2705,4115554.4065],[604575.449,4115551.413],[604573.759,4115547.383],[604567.289,4115550.093]]]}},{"type":"Feature","properties":{"id":"4757803XG0145N_part1","floors":2,"height":6.2,"heightSource":"Catastro:numberOfFloorsAboveGround"},"geometry":{"type":"Polygon","coordinates":[[[604566.629,4115544.553],[604565.239,4115545.143],[604567.289,4115550.093],[604573.759,4115547.383],[604570.739,4115540.123],[604565.609,4115542.123],[604566.629,4115544.553]]]}},{"type":"Feature","properties":{"id":"4757803XG0145N_part2","floors":2,"height":6.2,"heightSource":"Catastro:numberOfFloorsAboveGround"},"geometry":{"type":"Polygon","coordinates":[[[604556.089,4115545.883],[604559.359,4115553.423],[604567.289,4115550.093],[604565.239,4115545.143],[604563.839,4115545.733],[604562.799,4115543.243],[604556.089,4115545.883]]]}},{"type":"Feature","properties":{"id":"4757804XG0145N_part1","floors":2,"height":6.2,"heightSource":"Catastro:numberOfFloorsAboveGround"},"geometry":{"type":"Polygon","coordinates":[[[604556.089,4115545.883],[604562.799,4115543.243],[604565.609,4115542.123],[604570.739,4115540.123],[604567.4685,4115532.083],[604558.8185,4115535.713],[604552.7685,4115538.253],[604556.089,4115545.883]]]}},{"type":"Feature","properties":{"id":"4757805XG0145N_part1","floors":1,"height":3.1,"heightSource":"Catastro:numberOfFloorsAboveGround"},"geometry":{"type":"Polygon","coordinates":[[[604561.1885,4115532.463],[604560.4985,4115530.683],[604557.3485,4115531.893],[604558.0385,4115533.663],[604561.1885,4115532.463]]]}},{"type":"Feature","properties":{"id":"4757805XG0145N_part2","floors":3,"height":9.3,"heightSource":"Catastro:numberOfFloorsAboveGround"},"geometry":{"type":"Polygon","coordinates":[[[604556.0885,4115528.593],[604557.3485,4115531.893],[604560.4985,4115530.683],[604561.1885,4115532.463],[604558.0385,4115533.663],[604558.8185,4115535.713],[604567.4685,4115532.083],[604564.5185,4115525.063],[604556.0885,4115528.593]]]}},{"type":"Feature","properties":{"id":"4757805XG0145N_part3","floors":3,"height":9.3,"heightSource":"Catastro:numberOfFloorsAboveGround"},"geometry":{"type":"Polygon","coordinates":[[[604549.8185,4115531.223],[604552.7685,4115538.253],[604558.8185,4115535.713],[604558.0385,4115533.663],[604557.3485,4115531.893],[604556.0885,4115528.593],[604549.8185,4115531.223]]]}},{"type":"Feature","properties":{"id":"4757808XG0145N_part1","floors":4,"height":12.4,"heightSource":"Catastro:numberOfFloorsAboveGround"},"geometry":{"type":"Polygon","coordinates":[[[604559.6185,4115511.673],[604551.7785,4115514.193],[604543.8885,4115516.563],[604546.5885,4115523.243],[604561.6485,4115518.013],[604559.6185,4115511.673]]]}},{"type":"Feature","properties":{"id":"4758001XG0145N_part1","floors":4,"height":12.4,"heightSource":"Catastro:numberOfFloorsAboveGround"},"geometry":{"type":"Polygon","coordinates":[[[604587.9795,4115626.363],[604588.89,4115629.223],[604594.69,4115647.543],[604595.57,4115650.293],[604602.97,4115647.723],[604601.48,4115642.653],[604600.44,4115639.103],[604601.68,4115638.633],[604601.08,4115636.633],[604600.57,4115636.783],[604599.69,4115633.793],[604600.23,4115633.633],[604599.82,4115632.253],[604599.14,4115631.883],[604598.73,4115630.233],[604599.3,4115630.073],[604598.4,4115626.923],[604597.85,4115627.013],[604596.8495,4115623.023],[604587.9795,4115626.363]]]}},{"type":"Feature","properties":{"id":"4758001XG0145N_part2","floors":3,"height":9.3,"heightSource":"Catastro:numberOfFloorsAboveGround"},"geometry":{"type":"Polygon","coordinates":[[[604588.1395,4115629.463],[604594.02,4115647.643],[604594.69,4115647.543],[604588.89,4115629.223],[604588.1395,4115629.463]]]}},{"type":"Feature","properties":{"id":"4758002XG0145N_part1","floors":2,"height":6.2,"heightSource":"Catastro:numberOfFloorsAboveGround"},"geometry":{"type":"Polygon","coordinates":[[[604600.44,4115639.103],[604601.48,4115642.653],[604604.72,4115641.703],[604606.18,4115646.613],[604612.15,4115644.323],[604618.17,4115642.173],[604615.78,4115633.253],[604606.38,4115636.813],[604603.6,4115637.903],[604601.68,4115638.633],[604600.44,4115639.103]]]}},{"type":"Feature","properties":{"id":"4758002XG0145N_part2","floors":1,"height":3.1,"heightSource":"Catastro:numberOfFloorsAboveGround"},"geometry":{"type":"Polygon","coordinates":[[[604602.97,4115647.723],[604606.18,4115646.613],[604604.72,4115641.703],[604601.48,4115642.653],[604602.97,4115647.723]]]}},{"type":"Feature","properties":{"id":"4758002XG0145N_part3","floors":1,"height":3.1,"heightSource":"Catastro:numberOfFloorsAboveGround"},"geometry":{"type":"Polygon","coordinates":[[[604618.17,4115642.173],[604621.01,4115641.143],[604618.76,4115632.133],[604615.78,4115633.253],[604618.17,4115642.173]]]}},{"type":"Feature","properties":{"id":"4758003XG0145N_part1","floors":1,"height":3.1,"heightSource":"Catastro:numberOfFloorsAboveGround"},"geometry":{"type":"Polygon","coordinates":[[[604598.6195,4115622.343],[604603.6,4115637.903],[604606.38,4115636.813],[604605.53,4115634.243],[604604.63,4115634.593],[604603.52,4115630.883],[604604.98,4115630.433],[604603.92,4115626.693],[604602.6,4115627.073],[604601.5595,4115623.283],[604602.5795,4115622.963],[604602.0095,4115621.093],[604601.5595,4115621.243],[604599.1195,4115622.153],[604598.6195,4115622.343]]]}},{"type":"Feature","properties":{"id":"4758003XG0145N_part2","floors":6,"height":18.6,"heightSource":"Catastro:numberOfFloorsAboveGround"},"geometry":{"type":"Polygon","coordinates":[[[604602.5795,4115622.963],[604601.5595,4115623.283],[604602.6,4115627.073],[604603.92,4115626.693],[604604.98,4115630.433],[604603.52,4115630.883],[604604.63,4115634.593],[604605.53,4115634.243],[604606.38,4115636.813],[604615.78,4115633.253],[604618.76,4115632.133],[604614.7995,4115616.293],[604602.0095,4115621.093],[604602.5795,4115622.963]]]}},{"type":"Feature","properties":{"id":"4758004XG0145N_part1","floors":4,"height":12.4,"heightSource":"Catastro:numberOfFloorsAboveGround"},"geometry":{"type":"Polygon","coordinates":[[[604611.5195,4115603.703],[604613.7195,4115612.143],[604614.4495,4115611.953],[604612.2495,4115603.513],[604611.5195,4115603.703]]]}},{"type":"Feature","properties":{"id":"4758004XG0145N_part2","floors":6,"height":18.6,"heightSource":"Catastro:numberOfFloorsAboveGround"},"geometry":{"type":"Polygon","coordinates":[[[604595.6295,4115605.163],[604596.7895,4115608.323],[604600.2795,4115617.783],[604601.5595,4115621.243],[604602.0095,4115621.093],[604614.7995,4115616.293],[604613.7195,4115612.143],[604611.5195,4115603.703],[604610.4695,4115599.683],[604595.6295,4115605.163]],[[604601.7095,4115610.183],[604605.2295,4115608.883],[604606.4795,4115612.293],[604603.0295,4115613.583],[604601.7095,4115610.183]]]}},{"type":"Feature","properties":{"id":"4758005XG0145N_part1","floors":5,"height":15.5,"heightSource":"Catastro:numberOfFloorsAboveGround"},"geometry":{"type":"Polygon","coordinates":[[[604603.4495,4115591.003],[604592.0595,4115595.083],[604591.9195,4115594.663],[604586.1695,4115596.723],[604587.4695,4115600.263],[604589.9295,4115599.353],[604591.1395,4115602.643],[604588.7495,4115603.523],[604590.0995,4115607.203],[604593.0795,4115606.103],[604595.6295,4115605.163],[604610.4695,4115599.683],[604607.7195,4115588.993],[604603.4495,4115591.003]],[[604595.1995,4115597.733],[604599.2895,4115596.213],[604600.4995,4115599.443],[604596.4095,4115600.973],[604595.1995,4115597.733]]]}},{"type":"Feature","properties":{"id":"4758006XG0145N_part1","floors":1,"height":3.1,"heightSource":"Catastro:numberOfFloorsAboveGround"},"geometry":{"type":"Polygon","coordinates":[[[604590.1895,4115588.873],[604591.1395,4115591.303],[604594.4895,4115589.993],[604593.5495,4115587.573],[604592.2595,4115587.003],[604590.7595,4115587.583],[604590.1895,4115588.873]]]}},{"type":"Feature","properties":{"id":"4758006XG0145N_part2","floors":2,"height":6.2,"heightSource":"Catastro:numberOfFloorsAboveGround"},"geometry":{"type":"Polygon","coordinates":[[[604587.1595,4115594.113],[604586.0795,4115591.313],[604583.2795,4115592.383],[604584.3495,4115595.183],[604587.1595,4115594.113]]]}},{"type":"Feature","properties":{"id":"4758006XG0145N_part5","floors":5,"height":15.5,"heightSource":"Catastro:numberOfFloorsAboveGround"},"geometry":{"type":"Polygon","coordinates":[[[604605.6295,4115584.933],[604606.4795,4115588.083],[604607.4095,4115587.833],[604606.5895,4115584.683],[604605.6295,4115584.933]]]}},{"type":"Feature","properties":{"id":"4758006XG0145N_part6","floors":5,"height":15.5,"heightSource":"Catastro:numberOfFloorsAboveGround"},"geometry":{"type":"Polygon","coordinates":[[[604579.6795,4115590.363],[604579.0495,4115589.033],[604574.6995,4115590.673],[604574.9095,4115591.223],[604578.1195,4115599.603],[604578.3295,4115600.163],[604586.1695,4115596.723],[604591.9195,4115594.663],[604592.0595,4115595.083],[604603.4495,4115591.003],[604607.7195,4115588.993],[604607.4095,4115587.833],[604606.4795,4115588.083],[604605.6295,4115584.933],[604604.7895,4115581.793],[604605.7595,4115581.533],[604605.4495,4115580.373],[604603.7695,4115581.023],[604603.2395,4115581.233],[604586.5495,4115587.713],[604582.3695,4115589.323],[604579.6795,4115590.363]],[[604589.8295,4115587.943],[604590.7595,4115587.583],[604592.2595,4115587.003],[604593.1895,4115586.643],[604593.5495,4115587.573],[604594.4895,4115589.993],[604591.1395,4115591.303],[604590.1895,4115588.873],[604589.8295,4115587.943]],[[604583.2795,4115592.383],[604586.0795,4115591.313],[604587.1595,4115594.113],[604584.3495,4115595.183],[604583.2795,4115592.383]]]}},{"type":"Feature","properties":{"id":"4758006XG0145N_part7","floors":3,"height":9.3,"heightSource":"Catastro:numberOfFloorsAboveGround"},"geometry":{"type":"Polygon","coordinates":[[[604574.4495,4115591.403],[604577.6495,4115599.783],[604578.1195,4115599.603],[604574.9095,4115591.223],[604574.4495,4115591.403]]]}},{"type":"Feature","properties":{"id":"4758006XG0145N_part8","floors":4,"height":12.4,"heightSource":"Catastro:numberOfFloorsAboveGround"},"geometry":{"type":"Polygon","coordinates":[[[604606.9195,4115581.233],[604605.7595,4115581.533],[604606.5895,4115584.683],[604607.7495,4115584.383],[604606.9195,4115581.233]]]}},{"type":"Feature","properties":{"id":"4758006XG0145N_part9","floors":4,"height":12.4,"heightSource":"Catastro:numberOfFloorsAboveGround"},"geometry":{"type":"Polygon","coordinates":[[[604606.5895,4115584.683],[604607.4095,4115587.833],[604608.5695,4115587.523],[604607.7495,4115584.383],[604606.5895,4115584.683]]]}},{"type":"Feature","properties":{"id":"4758006XG0145N_part10","floors":5,"height":15.5,"heightSource":"Catastro:numberOfFloorsAboveGround"},"geometry":{"type":"Polygon","coordinates":[[[604604.7895,4115581.793],[604605.6295,4115584.933],[604606.5895,4115584.683],[604605.7595,4115581.533],[604604.7895,4115581.793]]]}},{"type":"Feature","properties":{"id":"4758007XG0145N_part1","floors":1,"height":3.1,"heightSource":"Catastro:numberOfFloorsAboveGround"},"geometry":{"type":"Polygon","coordinates":[[[604573.2395,4115586.853],[604574.6995,4115590.673],[604579.0495,4115589.033],[604579.6795,4115590.363],[604582.3695,4115589.323],[604580.4395,4115584.063],[604573.2395,4115586.853]]]}},{"type":"Feature","properties":{"id":"4758007XG0145N_part2","floors":5,"height":15.5,"heightSource":"Catastro:numberOfFloorsAboveGround"},"geometry":{"type":"Polygon","coordinates":[[[604600.239,4115569.983],[604602.2695,4115575.213],[604601.6195,4115575.463],[604602.2895,4115577.203],[604604.4395,4115576.343],[604602.609,4115569.043],[604600.239,4115569.983]]]}},{"type":"Feature","properties":{"id":"4758007XG0145N_part3","floors":4,"height":12.4,"heightSource":"Catastro:numberOfFloorsAboveGround"},"geometry":{"type":"Polygon","coordinates":[[[604571.299,4115581.793],[604573.2395,4115586.853],[604580.4395,4115584.063],[604578.609,4115579.043],[604571.299,4115581.793]]]}},{"type":"Feature","properties":{"id":"4758007XG0145N_part4","floors":5,"height":15.5,"heightSource":"Catastro:numberOfFloorsAboveGround"},"geometry":{"type":"Polygon","coordinates":[[[604578.609,4115579.043],[604580.4395,4115584.063],[604582.3695,4115589.323],[604586.5495,4115587.713],[604582.629,4115577.533],[604578.609,4115579.043]]]}},{"type":"Feature","properties":{"id":"4758007XG0145N_part5","floors":4,"height":12.4,"heightSource":"Catastro:numberOfFloorsAboveGround"},"geometry":{"type":"Polygon","coordinates":[[[604601.7295,4115577.423],[604603.2395,4115581.233],[604603.7695,4115581.023],[604602.2895,4115577.203],[604601.7295,4115577.423]]]}},{"type":"Feature","properties":{"id":"4758007XG0145N_part6","floors":4,"height":12.4,"heightSource":"Catastro:numberOfFloorsAboveGround"},"geometry":{"type":"Polygon","coordinates":[[[604602.2895,4115577.203],[604603.7695,4115581.023],[604605.4495,4115580.373],[604604.4395,4115576.343],[604602.2895,4115577.203]]]}},{"type":"Feature","properties":{"id":"4758007XG0145N_part7","floors":5,"height":15.5,"heightSource":"Catastro:numberOfFloorsAboveGround"},"geometry":{"type":"Polygon","coordinates":[[[604586.079,4115575.603],[604586.299,4115576.163],[604582.629,4115577.533],[604586.5495,4115587.713],[604603.2395,4115581.233],[604601.7295,4115577.423],[604602.2895,4115577.203],[604601.6195,4115575.463],[604602.2695,4115575.213],[604600.239,4115569.983],[604586.079,4115575.603]],[[604587.009,4115579.073],[604590.969,4115577.443],[604592.3795,4115581.003],[604588.4195,4115582.633],[604587.009,4115579.073]]]}},{"type":"Feature","properties":{"id":"4758007XG0145N_part8","floors":3,"height":9.3,"heightSource":"Catastro:numberOfFloorsAboveGround"},"geometry":{"type":"Polygon","coordinates":[[[604570.399,4115582.133],[604572.3095,4115587.223],[604573.2395,4115586.853],[604571.299,4115581.793],[604570.399,4115582.133]]]}},{"type":"Feature","properties":{"id":"4758008XG0145N_part1","floors":3,"height":9.3,"heightSource":"Catastro:numberOfFloorsAboveGround"},"geometry":{"type":"Polygon","coordinates":[[[604600.919,4115562.193],[604584.349,4115568.763],[604584.679,4115569.753],[604583.879,4115570.063],[604586.079,4115575.603],[604600.239,4115569.983],[604602.609,4115569.043],[604602.441,4115568.3625],[604602.076,4115566.8835],[604602.019,4115566.653],[604601.079,4115562.823],[604600.919,4115562.193]],[[604595.129,4115567.933],[604594.569,4115566.533],[604595.969,4115565.983],[604597.269,4115565.473],[604597.399,4115565.793],[604600.609,4115564.523],[604601.529,4115566.843],[604597.019,4115568.633],[604596.519,4115567.383],[604595.129,4115567.933]]]}},{"type":"Feature","properties":{"id":"4758008XG0145N_part2","floors":4,"height":12.4,"heightSource":"Catastro:numberOfFloorsAboveGround"},"geometry":{"type":"Polygon","coordinates":[[[604597.019,4115568.633],[604601.529,4115566.843],[604600.609,4115564.523],[604597.399,4115565.793],[604597.269,4115565.473],[604595.969,4115565.983],[604596.519,4115567.383],[604597.019,4115568.633]]]}},{"type":"Feature","properties":{"id":"4758010XG0145N_part2","floors":4,"height":12.4,"heightSource":"Catastro:numberOfFloorsAboveGround"},"geometry":{"type":"Polygon","coordinates":[[[604568.589,4115574.723],[604570.379,4115579.393],[604571.299,4115581.793],[604578.609,4115579.043],[604576.639,4115573.683],[604576.179,4115572.433],[604575.289,4115572.773],[604575.089,4115572.263],[604568.589,4115574.723]]]}},{"type":"Feature","properties":{"id":"4758010XG0145N_part3","floors":3,"height":9.3,"heightSource":"Catastro:numberOfFloorsAboveGround"},"geometry":{"type":"Polygon","coordinates":[[[604569.419,4115579.763],[604570.319,4115582.163],[604570.399,4115582.133],[604571.299,4115581.793],[604570.379,4115579.393],[604569.419,4115579.763]]]}},{"type":"Feature","properties":{"id":"4758010XG0145N_part4","floors":3,"height":9.3,"heightSource":"Catastro:numberOfFloorsAboveGround"},"geometry":{"type":"Polygon","coordinates":[[[604568.239,4115573.773],[604568.589,4115574.723],[604575.089,4115572.263],[604574.719,4115571.293],[604568.239,4115573.773]]]}},{"type":"Feature","properties":{"id":"4758011XG0145N_part1","floors":5,"height":15.5,"heightSource":"Catastro:numberOfFloorsAboveGround"},"geometry":{"type":"Polygon","coordinates":[[[604594.6295,4115616.683],[604593.3395,4115613.203],[604590.4295,4115614.263],[604591.7095,4115617.753],[604594.6295,4115616.683]]]}},{"type":"Feature","properties":{"id":"4758011XG0145N_part2","floors":3,"height":9.3,"heightSource":"Catastro:numberOfFloorsAboveGround"},"geometry":{"type":"Polygon","coordinates":[[[604582.5695,4115614.263],[604585.6895,4115622.943],[604586.6295,4115622.603],[604583.5095,4115613.913],[604582.5695,4115614.263]]]}},{"type":"Feature","properties":{"id":"4758011XG0145N_part3","floors":4,"height":12.4,"heightSource":"Catastro:numberOfFloorsAboveGround"},"geometry":{"type":"Polygon","coordinates":[[[604582.1595,4115610.153],[604583.5095,4115613.913],[604586.6295,4115622.603],[604587.9795,4115626.363],[604596.8495,4115623.023],[604598.6195,4115622.343],[604599.1195,4115622.153],[604597.8195,4115618.713],[604600.2795,4115617.783],[604596.7895,4115608.323],[604594.2695,4115609.273],[604593.0795,4115606.103],[604590.0995,4115607.203],[604582.1595,4115610.153]],[[604590.4295,4115614.263],[604593.3395,4115613.203],[604594.6295,4115616.683],[604591.7095,4115617.753],[604590.4295,4115614.263]]]}},{"type":"Feature","properties":{"id":"4758012XG0145N_part1","floors":4,"height":12.4,"heightSource":"Catastro:numberOfFloorsAboveGround"},"geometry":{"type":"Polygon","coordinates":[[[604578.3295,4115600.163],[604582.1595,4115610.153],[604590.0995,4115607.203],[604588.7495,4115603.523],[604587.6995,4115603.933],[604586.2995,4115600.693],[604587.4695,4115600.263],[604586.1695,4115596.723],[604578.3295,4115600.163]]]}},{"type":"Feature","properties":{"id":"4758801XG0145N_part1","floors":2,"height":6.2,"heightSource":"Catastro:numberOfFloorsAboveGround"},"geometry":{"type":"Polygon","coordinates":[[[604567.31,4115665.553],[604568.35,4115669.053],[604569.84,4115674.043],[604579.39,4115671.483],[604576.91,4115662.763],[604573.78,4115663.673],[604574.88,4115667.253],[604571.49,4115668.123],[604570.32,4115664.673],[604567.31,4115665.553]]]}},{"type":"Feature","properties":{"id":"4758801XG0145N_part2","floors":1,"height":3.1,"heightSource":"Catastro:numberOfFloorsAboveGround"},"geometry":{"type":"Polygon","coordinates":[[[604567.85,4115669.503],[604569.16,4115673.883],[604569.84,4115674.043],[604568.35,4115669.053],[604567.85,4115669.503]]]}},{"type":"Feature","properties":{"id":"4758802XG0145N_part1","floors":3,"height":9.3,"heightSource":"Catastro:numberOfFloorsAboveGround"},"geometry":{"type":"Polygon","coordinates":[[[604579.21,4115662.093],[604576.91,4115662.763],[604579.39,4115671.483],[604583.18,4115670.473],[604590.54,4115668.513],[604588.24,4115659.483],[604582.1905,4115661.235],[604583.03,4115664.113],[604580.15,4115664.943],[604579.3105,4115662.064],[604579.21,4115662.093]]]}},{"type":"Feature","properties":{"id":"4758802XG0145N_part2","floors":1,"height":3.1,"heightSource":"Catastro:numberOfFloorsAboveGround"},"geometry":{"type":"Polygon","coordinates":[[[604581.99,4115661.293],[604579.3105,4115662.064],[604580.15,4115664.943],[604583.03,4115664.113],[604582.1905,4115661.235],[604581.99,4115661.293]]]}},{"type":"Feature","properties":{"id":"4758803XG0145N_part1","floors":3,"height":9.3,"heightSource":"Catastro:numberOfFloorsAboveGround"},"geometry":{"type":"Polygon","coordinates":[[[604565.0,4115657.523],[604565.2,4115658.233],[604567.14,4115664.953],[604567.31,4115665.553],[604570.32,4115664.673],[604573.78,4115663.673],[604576.91,4115662.763],[604579.21,4115662.093],[604581.99,4115661.293],[604588.24,4115659.483],[604588.07,4115658.833],[604586.21,4115651.563],[604586.05,4115650.923],[604579.41,4115653.003],[604574.48,4115654.543],[604575.3,4115657.463],[604572.35,4115658.403],[604571.54,4115655.463],[604571.2,4115655.573],[604565.0,4115657.523]]]}},{"type":"Feature","properties":{"id":"4758804XG0145N_part1","floors":1,"height":3.1,"heightSource":"Catastro:numberOfFloorsAboveGround"},"geometry":{"type":"Polygon","coordinates":[[[604571.38,4115646.153],[604572.73,4115650.553],[604575.59,4115649.673],[604574.24,4115645.233],[604572.62,4115645.753],[604571.38,4115646.153]]]}},{"type":"Feature","properties":{"id":"4758804XG0145N_part2","floors":3,"height":9.3,"heightSource":"Catastro:numberOfFloorsAboveGround"},"geometry":{"type":"Polygon","coordinates":[[[604562.49,4115649.033],[604562.63,4115649.513],[604564.86,4115657.043],[604565.0,4115657.523],[604571.2,4115655.573],[604570.36,4115652.903],[604576.03,4115651.113],[604575.59,4115649.673],[604572.73,4115650.553],[604571.38,4115646.153],[604562.49,4115649.033]]]}},{"type":"Feature","properties":{"id":"4758804XG0145N_part3","floors":2,"height":6.2,"heightSource":"Catastro:numberOfFloorsAboveGround"},"geometry":{"type":"Polygon","coordinates":[[[604586.57,4115650.243],[604584.24,4115642.533],[604583.57,4115642.743],[604585.91,4115650.443],[604586.57,4115650.243]]]}},{"type":"Feature","properties":{"id":"4758804XG0145N_part4","floors":4,"height":12.4,"heightSource":"Catastro:numberOfFloorsAboveGround"},"geometry":{"type":"Polygon","coordinates":[[[604574.24,4115645.233],[604575.59,4115649.673],[604576.03,4115651.113],[604578.56,4115650.313],[604579.41,4115653.003],[604586.05,4115650.923],[604585.91,4115650.443],[604583.57,4115642.743],[604583.43,4115642.263],[604574.24,4115645.233]]]}},{"type":"Feature","properties":{"id":"4758804XG0145N_part5","floors":1,"height":3.1,"heightSource":"Catastro:numberOfFloorsAboveGround"},"geometry":{"type":"Polygon","coordinates":[[[604562.15,4115649.653],[604564.38,4115657.183],[604564.86,4115657.043],[604562.63,4115649.513],[604562.15,4115649.653]]]}},{"type":"Feature","properties":{"id":"4758804XG0145N_part6","floors":5,"height":15.5,"heightSource":"Catastro:numberOfFloorsAboveGround"},"geometry":{"type":"Polygon","coordinates":[[[604570.36,4115652.903],[604571.2,4115655.573],[604571.54,4115655.463],[604574.48,4115654.543],[604579.41,4115653.003],[604578.56,4115650.313],[604576.03,4115651.113],[604570.36,4115652.903]]]}},{"type":"Feature","properties":{"id":"4758805XG0145N_part1","floors":4,"height":12.4,"heightSource":"Catastro:numberOfFloorsAboveGround"},"geometry":{"type":"Polygon","coordinates":[[[604570.05,4115637.973],[604572.62,4115645.753],[604574.24,4115645.233],[604583.43,4115642.263],[604581.04,4115634.343],[604570.05,4115637.973]]]}},{"type":"Feature","properties":{"id":"4758805XG0145N_part2","floors":4,"height":12.4,"heightSource":"Catastro:numberOfFloorsAboveGround"},"geometry":{"type":"Polygon","coordinates":[[[604560.13,4115641.263],[604562.49,4115649.033],[604571.38,4115646.153],[604572.62,4115645.753],[604570.05,4115637.973],[604569.37,4115638.193],[604560.13,4115641.263]]]}},{"type":"Feature","properties":{"id":"4758806XG0145N_part1","floors":3,"height":9.3,"heightSource":"Catastro:numberOfFloorsAboveGround"},"geometry":{"type":"Polygon","coordinates":[[[604560.13,4115641.263],[604569.37,4115638.193],[604568.2295,4115634.253],[604563.7895,4115635.613],[604562.5795,4115632.043],[604557.6795,4115634.093],[604560.13,4115641.263]]]}},{"type":"Feature","properties":{"id":"4758807XG0145N_part1","floors":1,"height":3.1,"heightSource":"Catastro:numberOfFloorsAboveGround"},"geometry":{"type":"Polygon","coordinates":[[[604572.2195,4115633.063],[604572.6195,4115634.153],[604574.8595,4115633.463],[604575.1695,4115632.363],[604574.5195,4115630.553],[604571.5995,4115631.463],[604572.2195,4115633.063]]]}},{"type":"Feature","properties":{"id":"4758807XG0145N_part2","floors":3,"height":9.3,"heightSource":"Catastro:numberOfFloorsAboveGround"},"geometry":{"type":"Polygon","coordinates":[[[604579.8195,4115630.653],[604581.04,4115634.343],[604581.53,4115633.853],[604580.4095,4115630.453],[604579.8195,4115630.653]]]}},{"type":"Feature","properties":{"id":"4758807XG0145N_part3","floors":4,"height":12.4,"heightSource":"Catastro:numberOfFloorsAboveGround"},"geometry":{"type":"Polygon","coordinates":[[[604568.2295,4115634.253],[604569.37,4115638.193],[604570.05,4115637.973],[604581.04,4115634.343],[604579.8195,4115630.653],[604578.5895,4115626.963],[604570.7495,4115629.243],[604571.5995,4115631.463],[604574.5195,4115630.553],[604575.1695,4115632.363],[604574.8595,4115633.463],[604572.6195,4115634.153],[604572.2195,4115633.063],[604568.2295,4115634.253]]]}},{"type":"Feature","properties":{"id":"4758808XG0145N_part1","floors":1,"height":3.1,"heightSource":"Catastro:numberOfFloorsAboveGround"},"geometry":{"type":"Polygon","coordinates":[[[604556.2295,4115629.823],[604557.6795,4115634.093],[604562.5795,4115632.043],[604561.1995,4115628.063],[604556.2295,4115629.823]]]}},{"type":"Feature","properties":{"id":"4758808XG0145N_part2","floors":1,"height":3.1,"heightSource":"Catastro:numberOfFloorsAboveGround"},"geometry":{"type":"Polygon","coordinates":[[[604559.8795,4115624.263],[604561.1995,4115628.063],[604565.3095,4115626.633],[604563.9295,4115622.713],[604559.8795,4115624.263]]]}},{"type":"Feature","properties":{"id":"4758808XG0145N_part3","floors":2,"height":6.2,"heightSource":"Catastro:numberOfFloorsAboveGround"},"geometry":{"type":"Polygon","coordinates":[[[604565.3095,4115626.633],[604561.1995,4115628.063],[604562.5795,4115632.043],[604570.7495,4115629.243],[604578.5895,4115626.963],[604575.6895,4115618.823],[604563.9295,4115622.713],[604565.3095,4115626.633]]]}},{"type":"Feature","properties":{"id":"4758809XG0145N_part1","floors":1,"height":3.1,"heightSource":"Catastro:numberOfFloorsAboveGround"},"geometry":{"type":"Polygon","coordinates":[[[604550.4195,4115614.463],[604552.3895,4115619.523],[604555.6995,4115617.983],[604556.6395,4115620.883],[604553.3195,4115621.903],[604554.9795,4115626.163],[604559.8795,4115624.263],[604563.9295,4115622.713],[604575.6895,4115618.823],[604571.2195,4115606.543],[604562.8495,4115609.563],[604560.2295,4115610.513],[604550.4195,4115614.463]]]}},{"type":"Feature","properties":{"id":"4758810XG0145N_part1","floors":1,"height":3.1,"heightSource":"Catastro:numberOfFloorsAboveGround"},"geometry":{"type":"Polygon","coordinates":[[[604551.7695,4115603.573],[604556.2595,4115601.913],[604554.8495,4115598.853],[604551.8495,4115600.183],[604550.5695,4115603.873],[604551.7695,4115603.573]]]}},{"type":"Feature","properties":{"id":"4758810XG0145N_part2","floors":1,"height":3.1,"heightSource":"Catastro:numberOfFloorsAboveGround"},"geometry":{"type":"Polygon","coordinates":[[[604561.6695,4115606.643],[604558.9195,4115607.673],[604559.2395,4115608.373],[604560.2295,4115610.513],[604562.8495,4115609.563],[604561.6695,4115606.643]]]}},{"type":"Feature","properties":{"id":"4758810XG0145N_part3","floors":4,"height":12.4,"heightSource":"Catastro:numberOfFloorsAboveGround"},"geometry":{"type":"Polygon","coordinates":[[[604563.529,4115587.723],[604563.219,4115587.173],[604562.769,4115586.723],[604562.319,4115586.453],[604561.819,4115586.283],[604561.289,4115586.233],[604560.769,4115586.303],[604550.819,4115590.293],[604551.8495,4115600.183],[604554.8495,4115598.853],[604554.7995,4115598.533],[604560.2495,4115596.273],[604561.9595,4115600.253],[604556.5495,4115602.553],[604558.6695,4115607.143],[604558.9195,4115607.673],[604561.6695,4115606.643],[604562.8495,4115609.563],[604571.2195,4115606.543],[604563.529,4115587.723]]]}},{"type":"Feature","properties":{"id":"4758810XG0145N_part4","floors":5,"height":15.5,"heightSource":"Catastro:numberOfFloorsAboveGround"},"geometry":{"type":"Polygon","coordinates":[[[604561.9595,4115600.253],[604560.2495,4115596.273],[604554.7995,4115598.533],[604554.8495,4115598.853],[604556.2595,4115601.913],[604556.5495,4115602.553],[604561.9595,4115600.253]]]}},{"type":"Feature","properties":{"id":"4758811XG0145N_part1","floors":2,"height":6.2,"heightSource":"Catastro:numberOfFloorsAboveGround"},"geometry":{"type":"Polygon","coordinates":[[[604546.589,4115591.353],[604548.7995,4115599.403],[604551.6895,4115598.643],[604550.819,4115590.293],[604550.1295,4115590.4655],[604547.179,4115591.203],[604546.589,4115591.353]]]}},{"type":"Feature","properties":{"id":"4758812XG0145N_part1","floors":2,"height":6.2,"heightSource":"Catastro:numberOfFloorsAboveGround"},"geometry":{"type":"Polygon","coordinates":[[[604546.589,4115591.353],[604546.509,4115591.373],[604542.719,4115592.343],[604545.2295,4115601.063],[604546.6795,4115604.733],[604549.7495,4115604.053],[604550.06,4115603.985],[604548.7995,4115599.403],[604546.589,4115591.353]]]}},{"type":"Feature","properties":{"id":"4758813XG0145N_part1","floors":2,"height":6.2,"heightSource":"Catastro:numberOfFloorsAboveGround"},"geometry":{"type":"Polygon","coordinates":[[[604550.5695,4115603.873],[604549.7495,4115604.053],[604546.6795,4115604.733],[604549.1295,4115611.113],[604557.4695,4115607.643],[604558.6695,4115607.143],[604556.5495,4115602.553],[604556.2595,4115601.913],[604551.7695,4115603.573],[604550.5695,4115603.873]]]}},{"type":"Feature","properties":{"id":"4758814XG0145N_part2","floors":2,"height":6.2,"heightSource":"Catastro:numberOfFloorsAboveGround"},"geometry":{"type":"Polygon","coordinates":[[[604549.1295,4115611.113],[604550.4195,4115614.463],[604560.2295,4115610.513],[604559.2395,4115608.373],[604558.0495,4115608.873],[604557.4695,4115607.643],[604549.1295,4115611.113]]]}},{"type":"Feature","properties":{"id":"4759001XG0145N_part1","floors":1,"height":3.1,"heightSource":"Catastro:numberOfFloorsAboveGround"},"geometry":{"type":"Polygon","coordinates":[[[604596.431,4115770.0525],[604600.701,4115768.9225],[604598.921,4115762.4725],[604594.731,4115763.6125],[604596.431,4115770.0525]]]}},{"type":"Feature","properties":{"id":"4759001XG0145N_part2","floors":2,"height":6.2,"heightSource":"Catastro:numberOfFloorsAboveGround"},"geometry":{"type":"Polygon","coordinates":[[[604594.731,4115763.6125],[604598.921,4115762.4725],[604598.151,4115759.6525],[604597.661,4115757.8925],[604593.521,4115759.0225],[604594.731,4115763.6125]]]}},{"type":"Feature","properties":{"id":"4759002XG0145N_part1","floors":1,"height":3.1,"heightSource":"Catastro:numberOfFloorsAboveGround"},"geometry":{"type":"Polygon","coordinates":[[[604601.491,4115758.7325],[604602.321,4115761.7825],[604605.541,4115760.8925],[604604.701,4115757.8425],[604601.491,4115758.7325]]]}},{"type":"Feature","properties":{"id":"4759002XG0145N_part2","floors":2,"height":6.2,"heightSource":"Catastro:numberOfFloorsAboveGround"},"geometry":{"type":"Polygon","coordinates":[[[604598.151,4115759.6525],[604598.921,4115762.4725],[604600.701,4115768.9225],[604607.471,4115767.1525],[604610.131,4115766.4525],[604614.971,4115765.1825],[604614.261,4115762.4025],[604612.551,4115755.7025],[604604.701,4115757.8425],[604605.541,4115760.8925],[604602.321,4115761.7825],[604601.491,4115758.7325],[604598.151,4115759.6525]]]}},{"type":"Feature","properties":{"id":"4759003XG0145N_part1","floors":4,"height":12.4,"heightSource":"Catastro:numberOfFloorsAboveGround"},"geometry":{"type":"Polygon","coordinates":[[[604595.641,4115749.9725],[604591.451,4115751.1225],[604593.521,4115759.0225],[604597.661,4115757.8925],[604597.071,4115755.4525],[604595.751,4115749.942],[604595.641,4115749.9725]]]}},{"type":"Feature","properties":{"id":"4759003XG0145N_part2","floors":3,"height":9.3,"heightSource":"Catastro:numberOfFloorsAboveGround"},"geometry":{"type":"Polygon","coordinates":[[[604601.531,4115748.3525],[604598.631,4115749.1425],[604595.751,4115749.942],[604597.071,4115755.4525],[604600.121,4115754.7325],[604599.731,4115753.0525],[604602.591,4115752.3825],[604603.271,4115755.2825],[604603.871,4115755.1425],[604604.521,4115757.8925],[604604.701,4115757.8425],[604612.551,4115755.7025],[604610.151,4115745.9825],[604601.531,4115748.3525]]]}},{"type":"Feature","properties":{"id":"4759003XG0145N_part3","floors":5,"height":15.5,"heightSource":"Catastro:numberOfFloorsAboveGround"},"geometry":{"type":"Polygon","coordinates":[[[604597.071,4115755.4525],[604597.661,4115757.8925],[604598.151,4115759.6525],[604601.491,4115758.7325],[604604.521,4115757.8925],[604603.871,4115755.1425],[604603.271,4115755.2825],[604600.411,4115755.9425],[604600.121,4115754.7325],[604597.071,4115755.4525]]]}},{"type":"Feature","properties":{"id":"4759003XG0145N_part4","floors":1,"height":3.1,"heightSource":"Catastro:numberOfFloorsAboveGround"},"geometry":{"type":"Polygon","coordinates":[[[604602.591,4115752.3825],[604599.731,4115753.0525],[604600.121,4115754.7325],[604600.411,4115755.9425],[604603.271,4115755.2825],[604602.591,4115752.3825]]]}},{"type":"Feature","properties":{"id":"4759004XG0145N_part1","floors":5,"height":15.5,"heightSource":"Catastro:numberOfFloorsAboveGround"},"geometry":{"type":"Polygon","coordinates":[[[604597.791,4115743.463],[604597.481,4115742.303],[604595.741,4115742.783],[604594.951,4115739.883],[604593.791,4115740.203],[604594.191,4115741.653],[604594.531,4115742.903],[604594.901,4115744.253],[604597.791,4115743.463]]]}},{"type":"Feature","properties":{"id":"4759004XG0145N_part2","floors":1,"height":3.1,"heightSource":"Catastro:numberOfFloorsAboveGround"},"geometry":{"type":"Polygon","coordinates":[[[604594.941,4115733.453],[604595.791,4115736.863],[604598.701,4115736.143],[604597.841,4115732.673],[604594.941,4115733.453]]]}},{"type":"Feature","properties":{"id":"4759004XG0145N_part3","floors":1,"height":3.1,"heightSource":"Catastro:numberOfFloorsAboveGround"},"geometry":{"type":"Polygon","coordinates":[[[604600.951,4115745.7725],[604598.031,4115746.4225],[604598.631,4115749.1425],[604601.531,4115748.3525],[604600.951,4115745.7725]]]}},{"type":"Feature","properties":{"id":"4759004XG0145N_part4","floors":3,"height":9.3,"heightSource":"Catastro:numberOfFloorsAboveGround"},"geometry":{"type":"Polygon","coordinates":[[[604587.101,4115735.563],[604591.451,4115751.1225],[604595.641,4115749.9725],[604594.131,4115744.463],[604594.901,4115744.253],[604594.531,4115742.903],[604593.571,4115743.173],[604593.391,4115742.543],[604593.221,4115741.913],[604594.191,4115741.653],[604593.791,4115740.203],[604592.971,4115740.433],[604591.321,4115734.423],[604587.101,4115735.563]]]}},{"type":"Feature","properties":{"id":"4759004XG0145N_part5","floors":4,"height":12.4,"heightSource":"Catastro:numberOfFloorsAboveGround"},"geometry":{"type":"Polygon","coordinates":[[[604591.321,4115734.423],[604592.971,4115740.433],[604593.791,4115740.203],[604594.951,4115739.883],[604595.741,4115742.783],[604597.481,4115742.303],[604597.791,4115743.463],[604594.901,4115744.253],[604594.131,4115744.463],[604595.641,4115749.9725],[604598.631,4115749.1425],[604598.031,4115746.4225],[604600.951,4115745.7725],[604601.531,4115748.3525],[604610.151,4115745.9825],[604606.291,4115730.383],[604598.281,4115732.553],[604597.841,4115732.673],[604598.701,4115736.143],[604595.791,4115736.863],[604594.941,4115733.453],[604591.321,4115734.423]]]}},{"type":"Feature","properties":{"id":"4759005XG0145N_part1","floors":2,"height":6.2,"heightSource":"Catastro:numberOfFloorsAboveGround"},"geometry":{"type":"Polygon","coordinates":[[[604606.291,4115730.383],[604606.771,4115729.863],[604603.3605,4115716.093],[604602.6905,4115715.813],[604606.291,4115730.383]]]}},{"type":"Feature","properties":{"id":"4759005XG0145N_part2","floors":1,"height":3.1,"heightSource":"Catastro:numberOfFloorsAboveGround"},"geometry":{"type":"Polygon","coordinates":[[[604596.3105,4115727.203],[604595.3705,4115723.423],[604592.5605,4115724.113],[604593.4905,4115727.903],[604596.3105,4115727.203]]]}},{"type":"Feature","properties":{"id":"4759005XG0145N_part3","floors":3,"height":9.3,"heightSource":"Catastro:numberOfFloorsAboveGround"},"geometry":{"type":"Polygon","coordinates":[[[604594.6205,4115717.773],[604595.5405,4115721.453],[604599.1305,4115720.573],[604600.961,4115727.973],[604597.371,4115728.863],[604598.281,4115732.553],[604606.291,4115730.383],[604602.6905,4115715.813],[604594.6205,4115717.773]]]}},{"type":"Feature","properties":{"id":"4759005XG0145N_part4","floors":4,"height":12.4,"heightSource":"Catastro:numberOfFloorsAboveGround"},"geometry":{"type":"Polygon","coordinates":[[[604582.9205,4115720.613],[604587.101,4115735.563],[604591.321,4115734.423],[604594.941,4115733.453],[604597.841,4115732.673],[604598.281,4115732.553],[604597.371,4115728.863],[604600.961,4115727.973],[604599.1305,4115720.573],[604595.5405,4115721.453],[604594.6205,4115717.773],[604594.4005,4115717.823],[604592.7605,4115718.203],[604589.8105,4115718.933],[604582.9205,4115720.613]],[[604592.5605,4115724.113],[604595.3705,4115723.423],[604596.3105,4115727.203],[604593.4905,4115727.903],[604592.5605,4115724.113]]]}},{"type":"Feature","properties":{"id":"4759005XG0145N_part5","floors":3,"height":9.3,"heightSource":"Catastro:numberOfFloorsAboveGround"},"geometry":{"type":"Polygon","coordinates":[[[604582.5705,4115721.653],[604586.371,4115735.273],[604587.101,4115735.563],[604582.9205,4115720.613],[604582.5705,4115721.653]]]}},{"type":"Feature","properties":{"id":"4759007XG0145N_part1","floors":1,"height":3.1,"heightSource":"Catastro:numberOfFloorsAboveGround"},"geometry":{"type":"Polygon","coordinates":[[[604592.4005,4115702.813],[604593.6305,4115707.613],[604600.2505,4115705.923],[604599.0705,4115701.123],[604592.4005,4115702.813]]]}},{"type":"Feature","properties":{"id":"4759010XG0145N_part1","floors":2,"height":6.2,"heightSource":"Catastro:numberOfFloorsAboveGround"},"geometry":{"type":"Polygon","coordinates":[[[604581.63,4115675.203],[604584.0305,4115685.253],[604591.2205,4115683.283],[604588.86,4115673.343],[604581.63,4115675.203]]]}},{"type":"Feature","properties":{"id":"4759010XG0145N_part2","floors":3,"height":9.3,"heightSource":"Catastro:numberOfFloorsAboveGround"},"geometry":{"type":"Polygon","coordinates":[[[604577.9,4115676.163],[604579.9005,4115683.503],[604580.4705,4115685.553],[604580.6505,4115686.183],[604584.0305,4115685.253],[604581.63,4115675.203],[604577.9,4115676.163]]]}},{"type":"Feature","properties":{"id":"4759010XG0145N_part3","floors":3,"height":9.3,"heightSource":"Catastro:numberOfFloorsAboveGround"},"geometry":{"type":"Polygon","coordinates":[[[604592.25,4115672.473],[604588.86,4115673.343],[604591.2205,4115683.283],[604594.6005,4115682.353],[604592.25,4115672.473]]]}},{"type":"Feature","properties":{"id":"4759011XG0145N_part1","floors":3,"height":9.3,"heightSource":"Catastro:numberOfFloorsAboveGround"},"geometry":{"type":"Polygon","coordinates":[[[604570.97,4115677.953],[604571.19,4115678.723],[604574.07,4115677.973],[604573.87,4115677.203],[604570.97,4115677.953]]]}},{"type":"Feature","properties":{"id":"4759011XG0145N_part2","floors":3,"height":9.3,"heightSource":"Catastro:numberOfFloorsAboveGround"},"geometry":{"type":"Polygon","coordinates":[[[604574.07,4115677.973],[604571.19,4115678.723],[604571.81,4115680.943],[604572.26,4115682.533],[604574.1005,4115689.113],[604580.8405,4115686.873],[604580.6505,4115686.183],[604580.4705,4115685.553],[604579.1305,4115685.923],[604578.5605,4115683.873],[604579.9005,4115683.503],[604577.9,4115676.163],[604573.87,4115677.203],[604574.07,4115677.973]]]}},{"type":"Feature","properties":{"id":"4759011XG0145N_part4","floors":2,"height":6.2,"heightSource":"Catastro:numberOfFloorsAboveGround"},"geometry":{"type":"Polygon","coordinates":[[[604571.87,4115682.633],[604573.5705,4115688.693],[604574.1005,4115689.113],[604572.26,4115682.533],[604571.87,4115682.633]]]}},{"type":"Feature","properties":{"id":"4759011XG0145N_part6","floors":1,"height":3.1,"heightSource":"Catastro:numberOfFloorsAboveGround"},"geometry":{"type":"Polygon","coordinates":[[[604578.5605,4115683.873],[604579.1305,4115685.923],[604580.4705,4115685.553],[604579.9005,4115683.503],[604578.5605,4115683.873]]]}},{"type":"Feature","properties":{"id":"4759012XG0145N_part1","floors":1,"height":3.1,"heightSource":"Catastro:numberOfFloorsAboveGround"},"geometry":{"type":"Polygon","coordinates":[[[604593.9805,4115715.913],[604592.2405,4115716.293],[604592.7605,4115718.203],[604594.4005,4115717.823],[604593.9805,4115715.913]]]}},{"type":"Feature","properties":{"id":"4759012XG0145N_part2","floors":2,"height":6.2,"heightSource":"Catastro:numberOfFloorsAboveGround"},"geometry":{"type":"Polygon","coordinates":[[[604599.8905,4115707.053],[604601.4505,4115713.383],[604602.0505,4115713.233],[604600.5005,4115706.913],[604599.8905,4115707.053]]]}},{"type":"Feature","properties":{"id":"4759012XG0145N_part3","floors":2,"height":6.2,"heightSource":"Catastro:numberOfFloorsAboveGround"},"geometry":{"type":"Polygon","coordinates":[[[604589.1705,4115712.533],[604589.9905,4115715.613],[604591.9305,4115715.093],[604592.2405,4115716.293],[604593.9805,4115715.913],[604594.4005,4115717.823],[604594.6205,4115717.773],[604602.6905,4115715.813],[604602.0505,4115713.233],[604601.4505,4115713.383],[604599.8905,4115707.053],[604596.0505,4115707.953],[604596.6505,4115710.523],[604592.9105,4115711.523],[604589.1705,4115712.533]]]}},{"type":"Feature","properties":{"id":"4759301XG0145N_part1","floors":5,"height":15.5,"heightSource":"Catastro:numberOfFloorsAboveGround"},"geometry":{"type":"Polygon","coordinates":[[[604636.081,4115754.2225],[604637.531,4115759.1525],[604651.901,4115755.3325],[604649.851,4115748.1225],[604645.511,4115749.2525],[604645.571,4115749.4725],[604635.4945,4115752.1715],[604635.531,4115752.3225],[604636.081,4115754.2225]]]}},{"type":"Feature","properties":{"id":"4759301XG0145N_part2","floors":5,"height":15.5,"heightSource":"Catastro:numberOfFloorsAboveGround"},"geometry":{"type":"Polygon","coordinates":[[[604622.2285,4115754.883],[604624.361,4115762.6225],[604637.531,4115759.1525],[604636.081,4115754.2225],[604632.421,4115755.1725],[604632.191,4115754.2925],[604632.531,4115754.2225],[604632.111,4115752.5825],[604632.051,4115752.3325],[604632.0095,4115752.179],[604626.101,4115753.8125],[604622.2285,4115754.883]]]}},{"type":"Feature","properties":{"id":"4759302XG0145N_part1","floors":4,"height":12.4,"heightSource":"Catastro:numberOfFloorsAboveGround"},"geometry":{"type":"Polygon","coordinates":[[[604629.561,4115743.1525],[604622.511,4115745.2025],[604619.791,4115746.0025],[604620.0105,4115746.8025],[604622.0745,4115754.3215],[604622.201,4115754.7825],[604622.2285,4115754.883],[604626.101,4115753.8125],[604635.251,4115751.2825],[604634.371,4115748.2725],[604635.151,4115748.0425],[604634.601,4115746.0425],[604633.791,4115746.2725],[604632.63,4115742.2595],[604629.561,4115743.1525]],[[604628.311,4115746.9025],[604631.141,4115746.1125],[604631.931,4115748.9625],[604629.101,4115749.7525],[604628.311,4115746.9025]]]}},{"type":"Feature","properties":{"id":"4759302XG0145N_part2","floors":1,"height":3.1,"heightSource":"Catastro:numberOfFloorsAboveGround"},"geometry":{"type":"Polygon","coordinates":[[[604631.931,4115748.9625],[604631.141,4115746.1125],[604628.311,4115746.9025],[604629.101,4115749.7525],[604631.931,4115748.9625]]]}},{"type":"Feature","properties":{"id":"4759302XG0145N_part3","floors":5,"height":15.5,"heightSource":"Catastro:numberOfFloorsAboveGround"},"geometry":{"type":"Polygon","coordinates":[[[604646.991,4115738.0825],[604632.63,4115742.2595],[604633.791,4115746.2725],[604634.601,4115746.0425],[604636.901,4115745.4025],[604636.801,4115745.5025],[604636.671,4115745.7125],[604636.551,4115746.1025],[604636.791,4115746.9825],[604637.061,4115747.2225],[604637.271,4115747.3425],[604637.451,4115747.4025],[604635.151,4115748.0425],[604634.371,4115748.2725],[604635.251,4115751.2825],[604635.387,4115751.786],[604635.4945,4115752.1715],[604645.571,4115749.4725],[604645.511,4115749.2525],[604649.851,4115748.1225],[604649.643,4115747.392],[604647.156,4115738.661],[604646.991,4115738.0825]]]}},{"type":"Feature","properties":{"id":"4759302XG0145N_part4","floors":1,"height":3.1,"heightSource":"Catastro:numberOfFloorsAboveGround"},"geometry":{"type":"Polygon","coordinates":[[[604637.451,4115747.4025],[604637.271,4115747.3425],[604637.061,4115747.2225],[604636.791,4115746.9825],[604636.551,4115746.1025],[604636.671,4115745.7125],[604636.801,4115745.5025],[604636.901,4115745.4025],[604634.601,4115746.0425],[604635.151,4115748.0425],[604637.451,4115747.4025]]]}},{"type":"Feature","properties":{"id":"4759303XG0145N_part1","floors":1,"height":3.1,"heightSource":"Catastro:numberOfFloorsAboveGround"},"geometry":{"type":"Polygon","coordinates":[[[604624.191,4115736.943],[604625.121,4115740.1825],[604627.041,4115739.6325],[604626.121,4115736.393],[604624.191,4115736.943]]]}},{"type":"Feature","properties":{"id":"4759303XG0145N_part2","floors":5,"height":15.5,"heightSource":"Catastro:numberOfFloorsAboveGround"},"geometry":{"type":"Polygon","coordinates":[[[604626.321,4115732.323],[604627.431,4115736.023],[604629.561,4115743.1525],[604646.991,4115738.0825],[604643.961,4115727.393],[604626.321,4115732.323]],[[604634.001,4115734.323],[604637.331,4115733.313],[604638.341,4115736.603],[604635.011,4115737.6225],[604634.001,4115734.323]]]}},{"type":"Feature","properties":{"id":"4759303XG0145N_part3","floors":4,"height":12.4,"heightSource":"Catastro:numberOfFloorsAboveGround"},"geometry":{"type":"Polygon","coordinates":[[[604616.701,4115735.023],[604619.791,4115746.0025],[604622.511,4115745.2025],[604619.391,4115734.263],[604616.701,4115735.023]]]}},{"type":"Feature","properties":{"id":"4759303XG0145N_part4","floors":5,"height":15.5,"heightSource":"Catastro:numberOfFloorsAboveGround"},"geometry":{"type":"Polygon","coordinates":[[[604619.391,4115734.263],[604622.511,4115745.2025],[604629.561,4115743.1525],[604627.431,4115736.023],[604626.121,4115736.393],[604627.041,4115739.6325],[604625.121,4115740.1825],[604624.191,4115736.943],[604623.121,4115733.213],[604622.371,4115733.423],[604619.391,4115734.263]]]}},{"type":"Feature","properties":{"id":"4759303XG0145N_part5","floors":6,"height":18.6,"heightSource":"Catastro:numberOfFloorsAboveGround"},"geometry":{"type":"Polygon","coordinates":[[[604623.121,4115733.213],[604624.191,4115736.943],[604626.121,4115736.393],[604627.431,4115736.023],[604626.321,4115732.323],[604623.121,4115733.213]]]}},{"type":"Feature","properties":{"id":"4759303XG0145N_part6","floors":1,"height":3.1,"heightSource":"Catastro:numberOfFloorsAboveGround"},"geometry":{"type":"Polygon","coordinates":[[[604638.341,4115736.603],[604637.331,4115733.313],[604634.001,4115734.323],[604635.011,4115737.6225],[604638.341,4115736.603]]]}},{"type":"Feature","properties":{"id":"4759304XG0145N_part1","floors":1,"height":3.1,"heightSource":"Catastro:numberOfFloorsAboveGround"},"geometry":{"type":"Polygon","coordinates":[[[604633.591,4115726.103],[604632.841,4115723.203],[604628.971,4115724.203],[604629.721,4115727.113],[604633.591,4115726.103]]]}},{"type":"Feature","properties":{"id":"4759304XG0145N_part2","floors":5,"height":15.5,"heightSource":"Catastro:numberOfFloorsAboveGround"},"geometry":{"type":"Polygon","coordinates":[[[604640.601,4115719.463],[604642.191,4115725.373],[604643.521,4115725.723],[604641.651,4115718.533],[604640.601,4115719.463]]]}},{"type":"Feature","properties":{"id":"4759304XG0145N_part3","floors":5,"height":15.5,"heightSource":"Catastro:numberOfFloorsAboveGround"},"geometry":{"type":"Polygon","coordinates":[[[604619.471,4115722.663],[604620.591,4115726.603],[604623.301,4115725.833],[604624.161,4115728.803],[604621.291,4115729.623],[604622.371,4115733.423],[604623.121,4115733.213],[604626.321,4115732.323],[604643.961,4115727.393],[604643.521,4115725.723],[604642.191,4115725.373],[604640.601,4115719.463],[604641.651,4115718.533],[604641.201,4115716.793],[604626.771,4115720.673],[604619.471,4115722.663]],[[604628.971,4115724.203],[604632.841,4115723.203],[604633.591,4115726.103],[604629.721,4115727.113],[604628.971,4115724.203]]]}},{"type":"Feature","properties":{"id":"4759304XG0145N_part4","floors":1,"height":3.1,"heightSource":"Catastro:numberOfFloorsAboveGround"},"geometry":{"type":"Polygon","coordinates":[[[604621.291,4115729.623],[604624.161,4115728.803],[604623.301,4115725.833],[604620.591,4115726.603],[604621.291,4115729.623]]]}},{"type":"Feature","properties":{"id":"4759305XG0145N_part1","floors":2,"height":6.2,"heightSource":"Catastro:numberOfFloorsAboveGround"},"geometry":{"type":"Polygon","coordinates":[[[604621.9005,4115716.343],[604622.701,4115719.353],[604626.071,4115718.393],[604625.2705,4115715.383],[604621.9005,4115716.343]]]}},{"type":"Feature","properties":{"id":"4759305XG0145N_part2","floors":5,"height":15.5,"heightSource":"Catastro:numberOfFloorsAboveGround"},"geometry":{"type":"Polygon","coordinates":[[[604616.5905,4115715.213],[604615.8105,4115712.733],[604610.8505,4115714.183],[604613.671,4115724.233],[604619.471,4115722.663],[604626.771,4115720.673],[604626.071,4115718.393],[604622.701,4115719.353],[604621.9005,4115716.343],[604625.2705,4115715.383],[604624.6105,4115713.053],[604618.3605,4115714.733],[604616.5905,4115715.213]]]}},{"type":"Feature","properties":{"id":"4759305XG0145N_part3","floors":6,"height":18.6,"heightSource":"Catastro:numberOfFloorsAboveGround"},"geometry":{"type":"Polygon","coordinates":[[[604624.6105,4115713.053],[604625.2705,4115715.383],[604626.071,4115718.393],[604626.771,4115720.673],[604641.201,4115716.793],[604639.2005,4115709.143],[604624.6105,4115713.053]],[[604629.9505,4115713.433],[604634.8805,4115712.113],[604636.021,4115716.363],[604631.091,4115717.683],[604629.9505,4115713.433]]]}},{"type":"Feature","properties":{"id":"4759305XG0145N_part4","floors":7,"height":21.7,"heightSource":"Catastro:numberOfFloorsAboveGround"},"geometry":{"type":"Polygon","coordinates":[[[604636.021,4115716.363],[604634.8805,4115712.113],[604629.9505,4115713.433],[604631.091,4115717.683],[604636.021,4115716.363]]]}},{"type":"Feature","properties":{"id":"4759306XG0145N_part1","floors":1,"height":3.1,"heightSource":"Catastro:numberOfFloorsAboveGround"},"geometry":{"type":"Polygon","coordinates":[[[604608.8805,4115707.183],[604609.604,4115709.759],[604612.39,4115708.97],[604612.53,4115709.45],[604616.1,4115708.44],[604617.909,4115714.8555],[604618.3605,4115714.733],[604623.0415,4115713.475],[604622.2,4115710.32],[604625.28,4115709.49],[604626.129,4115712.646],[604639.2005,4115709.143],[604637.7805,4115703.693],[604629.7905,4115705.903],[604629.0605,4115703.073],[604627.899,4115703.3865],[604628.66,4115706.22],[604625.38,4115707.12],[604624.62,4115704.27],[604625.6905,4115703.983],[604625.3405,4115702.713],[604620.4705,4115704.033],[604620.281,4115704.0845],[604621.11,4115707.03],[604617.36,4115708.08],[604616.5215,4115705.106],[604608.8805,4115707.183]]]}},{"type":"Feature","properties":{"id":"4759306XG0145N_part2","floors":2,"height":6.2,"heightSource":"Catastro:numberOfFloorsAboveGround"},"geometry":{"type":"Polygon","coordinates":[[[604616.1,4115708.44],[604612.53,4115709.45],[604612.39,4115708.97],[604609.604,4115709.759],[604610.1105,4115711.563],[604610.8505,4115714.183],[604615.8105,4115712.733],[604616.5905,4115715.213],[604617.909,4115714.8555],[604616.1,4115708.44]]]}},{"type":"Feature","properties":{"id":"4759306XG0145N_part3","floors":1,"height":3.1,"heightSource":"Catastro:numberOfFloorsAboveGround"},"geometry":{"type":"Polygon","coordinates":[[[604616.5215,4115705.106],[604617.36,4115708.08],[604621.11,4115707.03],[604620.281,4115704.0845],[604616.5215,4115705.106]]]}},{"type":"Feature","properties":{"id":"4759306XG0145N_part4","floors":1,"height":3.1,"heightSource":"Catastro:numberOfFloorsAboveGround"},"geometry":{"type":"Polygon","coordinates":[[[604625.28,4115709.49],[604622.2,4115710.32],[604623.0415,4115713.475],[604624.6105,4115713.053],[604626.129,4115712.646],[604625.28,4115709.49]]]}},{"type":"Feature","properties":{"id":"4759306XG0145N_part5","floors":1,"height":3.1,"heightSource":"Catastro:numberOfFloorsAboveGround"},"geometry":{"type":"Polygon","coordinates":[[[604624.62,4115704.27],[604625.38,4115707.12],[604628.66,4115706.22],[604627.899,4115703.3865],[604625.6905,4115703.983],[604624.62,4115704.27]]]}},{"type":"Feature","properties":{"id":"4759307XG0145N_part1","floors":1,"height":3.1,"heightSource":"Catastro:numberOfFloorsAboveGround"},"geometry":{"type":"Polygon","coordinates":[[[604618.9505,4115702.133],[604618.1605,4115699.443],[604615.4805,4115700.233],[604616.2605,4115702.923],[604618.9505,4115702.133]]]}},{"type":"Feature","properties":{"id":"4759307XG0145N_part2","floors":1,"height":3.1,"heightSource":"Catastro:numberOfFloorsAboveGround"},"geometry":{"type":"Polygon","coordinates":[[[604629.2705,4115699.153],[604629.9205,4115701.613],[604632.5505,4115700.913],[604632.9205,4115700.123],[604632.4205,4115698.233],[604630.6605,4115698.743],[604629.2705,4115699.153]]]}},{"type":"Feature","properties":{"id":"4759307XG0145N_part3","floors":4,"height":12.4,"heightSource":"Catastro:numberOfFloorsAboveGround"},"geometry":{"type":"Polygon","coordinates":[[[604606.9205,4115700.113],[604607.1605,4115701.013],[604608.6305,4115706.273],[604608.8805,4115707.183],[604620.4705,4115704.033],[604618.5805,4115697.043],[604606.9205,4115700.113]],[[604615.4805,4115700.233],[604618.1605,4115699.443],[604618.9505,4115702.133],[604616.2605,4115702.923],[604615.4805,4115700.233]]]}},{"type":"Feature","properties":{"id":"4759307XG0145N_part4","floors":5,"height":15.5,"heightSource":"Catastro:numberOfFloorsAboveGround"},"geometry":{"type":"Polygon","coordinates":[[[604618.5805,4115697.043],[604620.4705,4115704.033],[604625.3405,4115702.713],[604625.6905,4115703.983],[604629.0605,4115703.073],[604629.7905,4115705.903],[604637.7805,4115703.693],[604637.4605,4115702.413],[604635.2705,4115694.013],[604634.9305,4115692.733],[604619.3505,4115696.843],[604618.5805,4115697.043]],[[604629.1305,4115698.623],[604624.5605,4115699.873],[604623.9405,4115697.753],[604628.5805,4115696.533],[604628.7805,4115697.293],[604630.1805,4115696.923],[604630.6605,4115698.743],[604632.4205,4115698.233],[604632.9205,4115700.123],[604632.5505,4115700.913],[604629.9205,4115701.613],[604629.2705,4115699.153],[604629.1305,4115698.623]]]}},{"type":"Feature","properties":{"id":"4759307XG0145N_part5","floors":6,"height":18.6,"heightSource":"Catastro:numberOfFloorsAboveGround"},"geometry":{"type":"Polygon","coordinates":[[[604630.1805,4115696.923],[604628.7805,4115697.293],[604628.5805,4115696.533],[604623.9405,4115697.753],[604624.5605,4115699.873],[604629.1305,4115698.623],[604629.2705,4115699.153],[604630.6605,4115698.743],[604630.1805,4115696.923]]]}},{"type":"Feature","properties":{"id":"4759308XG0145N_part1","floors":1,"height":3.1,"heightSource":"Catastro:numberOfFloorsAboveGround"},"geometry":{"type":"Polygon","coordinates":[[[604621.311,4115689.2565],[604622.3005,4115692.943],[604625.3305,4115692.123],[604624.348,4115688.448],[604621.311,4115689.2565]]]}},{"type":"Feature","properties":{"id":"4759308XG0145N_part2","floors":1,"height":3.1,"heightSource":"Catastro:numberOfFloorsAboveGround"},"geometry":{"type":"Polygon","coordinates":[[[604611.5405,4115691.853],[604612.0905,4115693.903],[604615.1605,4115693.083],[604614.7005,4115691.373],[604616.7505,4115690.813],[604616.6515,4115690.4955],[604611.5405,4115691.853]]]}},{"type":"Feature","properties":{"id":"4759308XG0145N_part3","floors":4,"height":12.4,"heightSource":"Catastro:numberOfFloorsAboveGround"},"geometry":{"type":"Polygon","coordinates":[[[604611.2305,4115690.713],[604604.8665,4115692.344],[604606.9205,4115700.113],[604618.5805,4115697.043],[604619.3505,4115696.843],[604617.6705,4115690.563],[604617.608,4115690.242],[604616.6515,4115690.4955],[604616.7505,4115690.813],[604614.7005,4115691.373],[604615.1605,4115693.083],[604612.0905,4115693.903],[604611.5405,4115691.853],[604611.2305,4115690.713]]]}},{"type":"Feature","properties":{"id":"4759308XG0145N_part4","floors":5,"height":15.5,"heightSource":"Catastro:numberOfFloorsAboveGround"},"geometry":{"type":"Polygon","coordinates":[[[604617.608,4115690.242],[604617.6705,4115690.563],[604619.3505,4115696.843],[604634.9305,4115692.733],[604633.154,4115686.102],[604624.348,4115688.448],[604625.3305,4115692.123],[604622.3005,4115692.943],[604621.311,4115689.2565],[604619.4105,4115689.763],[604617.608,4115690.242]]]}},{"type":"Feature","properties":{"id":"4759309XG0145N_part1","floors":4,"height":12.4,"heightSource":"Catastro:numberOfFloorsAboveGround"},"geometry":{"type":"Polygon","coordinates":[[[604609.9005,4115679.683],[604602.0905,4115681.863],[604604.6705,4115691.603],[604604.8665,4115692.344],[604611.2305,4115690.713],[604611.5405,4115691.853],[604616.6515,4115690.4955],[604617.608,4115690.242],[604619.4105,4115689.763],[604618.4905,4115686.463],[604618.1405,4115686.563],[604614.8005,4115687.463],[604614.5605,4115687.533],[604614.0605,4115687.233],[604613.8905,4115686.613],[604613.6205,4115685.583],[604611.7805,4115686.093],[604610.8005,4115686.003],[604610.1005,4115683.413],[604612.8505,4115682.713],[604611.9005,4115679.123],[604609.9005,4115679.683]]]}},{"type":"Feature","properties":{"id":"4759309XG0145N_part2","floors":1,"height":3.1,"heightSource":"Catastro:numberOfFloorsAboveGround"},"geometry":{"type":"Polygon","coordinates":[[[604610.1005,4115683.413],[604610.8005,4115686.003],[604611.7805,4115686.093],[604613.6205,4115685.583],[604613.1105,4115683.673],[604612.8505,4115682.713],[604610.1005,4115683.413]]]}},{"type":"Feature","properties":{"id":"4759309XG0145N_part3","floors":4,"height":12.4,"heightSource":"Catastro:numberOfFloorsAboveGround"},"geometry":{"type":"Polygon","coordinates":[[[604611.9005,4115679.123],[604612.8505,4115682.713],[604613.1105,4115683.673],[604617.0905,4115682.613],[604615.87,4115678.012],[604611.9005,4115679.123]]]}},{"type":"Feature","properties":{"id":"4759309XG0145N_part4","floors":5,"height":15.5,"heightSource":"Catastro:numberOfFloorsAboveGround"},"geometry":{"type":"Polygon","coordinates":[[[604613.1105,4115683.673],[604613.6205,4115685.583],[604613.8905,4115686.613],[604614.5505,4115686.433],[604614.8005,4115687.463],[604618.1405,4115686.563],[604617.0905,4115682.613],[604613.1105,4115683.673]]]}},{"type":"Feature","properties":{"id":"4759309XG0145N_part7","floors":5,"height":15.5,"heightSource":"Catastro:numberOfFloorsAboveGround"},"geometry":{"type":"Polygon","coordinates":[[[604629.9405,4115674.073],[604616.2815,4115677.8965],[604617.4505,4115682.523],[604617.0905,4115682.613],[604618.1405,4115686.563],[604618.4905,4115686.463],[604619.4105,4115689.763],[604621.311,4115689.2565],[604624.348,4115688.448],[604633.154,4115686.102],[604633.026,4115685.624],[604632.9105,4115685.193],[604630.0605,4115674.523],[604629.9405,4115674.073]],[[604623.1905,4115680.793],[604624.0005,4115683.863],[604620.9005,4115684.693],[604620.0805,4115681.603],[604623.1905,4115680.793]]]}},{"type":"Feature","properties":{"id":"4759310XG0145N_part1","floors":5,"height":15.5,"heightSource":"Catastro:numberOfFloorsAboveGround"},"geometry":{"type":"Polygon","coordinates":[[[604606.49,4115668.643],[604607.57,4115672.433],[604608.92,4115672.043],[604614.87,4115670.383],[604615.8605,4115673.943],[604609.9205,4115675.593],[604608.7905,4115675.913],[604609.9005,4115679.683],[604629.9405,4115674.073],[604626.92,4115662.793],[604625.75,4115663.133],[604614.87,4115666.253],[604611.98,4115667.083],[604609.62,4115667.763],[604606.49,4115668.643]]]}},{"type":"Feature","properties":{"id":"4759311XG0145N_part1","floors":1,"height":3.1,"heightSource":"Catastro:numberOfFloorsAboveGround"},"geometry":{"type":"Polygon","coordinates":[[[604609.7,4115658.943],[604610.21,4115660.773],[604610.56,4115662.023],[604613.46,4115661.213],[604612.59,4115658.083],[604611.34,4115658.453],[604609.7,4115658.943]]]}},{"type":"Feature","properties":{"id":"4759311XG0145N_part2","floors":1,"height":3.1,"heightSource":"Catastro:numberOfFloorsAboveGround"},"geometry":{"type":"Polygon","coordinates":[[[604614.0,4115663.123],[604611.1,4115663.933],[604611.98,4115667.083],[604614.87,4115666.253],[604614.0,4115663.123]]]}},{"type":"Feature","properties":{"id":"4759311XG0145N_part3","floors":5,"height":15.5,"heightSource":"Catastro:numberOfFloorsAboveGround"},"geometry":{"type":"Polygon","coordinates":[[[604624.46,4115658.623],[604625.75,4115663.133],[604626.92,4115662.793],[604625.71,4115658.273],[604624.46,4115658.623]]]}},{"type":"Feature","properties":{"id":"4759311XG0145N_part4","floors":4,"height":12.4,"heightSource":"Catastro:numberOfFloorsAboveGround"},"geometry":{"type":"Polygon","coordinates":[[[604596.96,4115662.743],[604598.08,4115667.203],[604599.34,4115666.873],[604598.21,4115662.373],[604596.96,4115662.743]]]}},{"type":"Feature","properties":{"id":"4759311XG0145N_part5","floors":3,"height":9.3,"heightSource":"Catastro:numberOfFloorsAboveGround"},"geometry":{"type":"Polygon","coordinates":[[[604599.34,4115666.873],[604598.08,4115667.203],[604598.98,4115670.763],[604606.49,4115668.643],[604609.62,4115667.763],[604608.11,4115662.413],[604608.78,4115662.223],[604608.51,4115661.263],[604610.21,4115660.773],[604609.7,4115658.943],[604606.76,4115659.823],[604605.39,4115660.223],[604602.64,4115661.043],[604598.21,4115662.373],[604599.34,4115666.873]],[[604603.44,4115663.143],[604605.39,4115662.573],[604605.96,4115664.523],[604604.01,4115665.093],[604603.44,4115663.143]]]}},{"type":"Feature","properties":{"id":"4759311XG0145N_part6","floors":5,"height":15.5,"heightSource":"Catastro:numberOfFloorsAboveGround"},"geometry":{"type":"Polygon","coordinates":[[[604605.96,4115664.523],[604605.39,4115662.573],[604603.44,4115663.143],[604604.01,4115665.093],[604605.96,4115664.523]]]}},{"type":"Feature","properties":{"id":"4759311XG0145N_part7","floors":5,"height":15.5,"heightSource":"Catastro:numberOfFloorsAboveGround"},"geometry":{"type":"Polygon","coordinates":[[[604608.51,4115661.263],[604608.78,4115662.223],[604608.11,4115662.413],[604609.62,4115667.763],[604611.98,4115667.083],[604611.1,4115663.933],[604614.0,4115663.123],[604614.87,4115666.253],[604625.75,4115663.133],[604624.46,4115658.623],[604625.71,4115658.273],[604624.7,4115654.483],[604614.17,4115657.613],[604612.59,4115658.083],[604613.46,4115661.213],[604610.56,4115662.023],[604610.21,4115660.773],[604608.51,4115661.263]],[[604617.89,4115661.643],[604619.82,4115661.113],[604620.36,4115663.033],[604618.43,4115663.573],[604617.89,4115661.643]]]}},{"type":"Feature","properties":{"id":"4759311XG0145N_part8","floors":6,"height":18.6,"heightSource":"Catastro:numberOfFloorsAboveGround"},"geometry":{"type":"Polygon","coordinates":[[[604620.36,4115663.033],[604619.82,4115661.113],[604617.89,4115661.643],[604618.43,4115663.573],[604620.36,4115663.033]]]}},{"type":"Feature","properties":{"id":"4759311XG0145N_part9","floors":2,"height":6.2,"heightSource":"Catastro:numberOfFloorsAboveGround"},"geometry":{"type":"Polygon","coordinates":[[[604597.06,4115667.473],[604597.75,4115670.243],[604598.98,4115670.763],[604598.08,4115667.203],[604597.06,4115667.473]]]}},{"type":"Feature","properties":{"id":"4759311XG0145N_part10","floors":4,"height":12.4,"heightSource":"Catastro:numberOfFloorsAboveGround"},"geometry":{"type":"Polygon","coordinates":[[[604625.71,4115658.273],[604626.75,4115657.983],[604626.03,4115655.283],[604624.7,4115654.483],[604625.71,4115658.273]]]}},{"type":"Feature","properties":{"id":"4759312XG0145N_part1","floors":1,"height":3.1,"heightSource":"Catastro:numberOfFloorsAboveGround"},"geometry":{"type":"Polygon","coordinates":[[[604606.19,4115657.873],[604604.83,4115658.273],[604605.39,4115660.223],[604606.76,4115659.823],[604606.19,4115657.873]]]}},{"type":"Feature","properties":{"id":"4759312XG0145N_part2","floors":5,"height":15.5,"heightSource":"Catastro:numberOfFloorsAboveGround"},"geometry":{"type":"Polygon","coordinates":[[[604603.21,4115652.503],[604604.39,4115656.713],[604604.83,4115658.273],[604606.19,4115657.873],[604606.76,4115659.823],[604609.7,4115658.943],[604611.34,4115658.453],[604610.59,4115655.873],[604613.42,4115655.033],[604614.17,4115657.613],[604624.7,4115654.483],[604623.63,4115650.453],[604622.55,4115646.413],[604603.21,4115652.503]]]}},{"type":"Feature","properties":{"id":"4759312XG0145N_part3","floors":4,"height":12.4,"heightSource":"Catastro:numberOfFloorsAboveGround"},"geometry":{"type":"Polygon","coordinates":[[[604623.63,4115650.453],[604624.25,4115650.283],[604623.24,4115646.503],[604622.55,4115646.413],[604623.63,4115650.453]]]}},{"type":"Feature","properties":{"id":"4759312XG0145N_part4","floors":1,"height":3.1,"heightSource":"Catastro:numberOfFloorsAboveGround"},"geometry":{"type":"Polygon","coordinates":[[[604613.42,4115655.033],[604610.59,4115655.873],[604611.34,4115658.453],[604612.59,4115658.083],[604614.17,4115657.613],[604613.42,4115655.033]]]}},{"type":"Feature","properties":{"id":"4759313XG0145N_part1","floors":2,"height":6.2,"heightSource":"Catastro:numberOfFloorsAboveGround"},"geometry":{"type":"Polygon","coordinates":[[[604594.85,4115654.893],[604596.96,4115662.743],[604598.21,4115662.373],[604602.64,4115661.043],[604601.62,4115657.513],[604604.39,4115656.713],[604603.21,4115652.503],[604594.85,4115654.893]]]}},{"type":"Feature","properties":{"id":"4759313XG0145N_part2","floors":3,"height":9.3,"heightSource":"Catastro:numberOfFloorsAboveGround"},"geometry":{"type":"Polygon","coordinates":[[[604601.62,4115657.513],[604602.64,4115661.043],[604605.39,4115660.223],[604604.83,4115658.273],[604604.39,4115656.713],[604601.62,4115657.513]]]}},{"type":"Feature","properties":{"id":"4759314XG0145N_part1","floors":4,"height":12.4,"heightSource":"Catastro:numberOfFloorsAboveGround"},"geometry":{"type":"Polygon","coordinates":[[[604598.98,4115670.763],[604602.0905,4115681.863],[604609.9005,4115679.683],[604608.7905,4115675.913],[604609.9205,4115675.593],[604608.92,4115672.043],[604607.57,4115672.433],[604606.49,4115668.643],[604598.98,4115670.763]]]}},{"type":"Feature","properties":{"id":"4759315XG0145N_part1","floors":4,"height":12.4,"heightSource":"Catastro:numberOfFloorsAboveGround"},"geometry":{"type":"Polygon","coordinates":[[[604613.671,4115724.233],[604616.701,4115735.023],[604619.391,4115734.263],[604622.371,4115733.423],[604621.291,4115729.623],[604620.081,4115729.953],[604619.241,4115726.973],[604620.591,4115726.603],[604619.471,4115722.663],[604613.671,4115724.233]]]}},{"type":"Feature","properties":{"id":"4759601XG0145N_part1","floors":1,"height":3.1,"heightSource":"Catastro:numberOfFloorsAboveGround"},"geometry":{"type":"Polygon","coordinates":[[[604535.36,4115663.863],[604536.02,4115667.383],[604538.15,4115666.793],[604537.42,4115663.373],[604535.36,4115663.863]]]}},{"type":"Feature","properties":{"id":"4759601XG0145N_part2","floors":2,"height":6.2,"heightSource":"Catastro:numberOfFloorsAboveGround"},"geometry":{"type":"Polygon","coordinates":[[[604531.17,4115664.863],[604532.49,4115670.693],[604534.87,4115681.173],[604540.88,4115679.553],[604538.32,4115667.573],[604538.15,4115666.793],[604536.02,4115667.383],[604535.36,4115663.863],[604534.96,4115663.953],[604531.17,4115664.863]]]}},{"type":"Feature","properties":{"id":"4759602XG0145N_part1","floors":1,"height":3.1,"heightSource":"Catastro:numberOfFloorsAboveGround"},"geometry":{"type":"Polygon","coordinates":[[[604538.32,4115667.573],[604540.88,4115679.553],[604544.46,4115678.583],[604542.16,4115666.483],[604538.32,4115667.573]]]}},{"type":"Feature","properties":{"id":"4759603XG0145N_part1","floors":1,"height":3.1,"heightSource":"Catastro:numberOfFloorsAboveGround"},"geometry":{"type":"Polygon","coordinates":[[[604543.19,4115661.633],[604543.47,4115663.473],[604545.38,4115663.253],[604545.25,4115662.523],[604545.05,4115661.403],[604543.19,4115661.633]]]}},{"type":"Feature","properties":{"id":"4759603XG0145N_part2","floors":1,"height":3.1,"heightSource":"Catastro:numberOfFloorsAboveGround"},"geometry":{"type":"Polygon","coordinates":[[[604541.74,4115664.253],[604542.16,4115666.483],[604544.46,4115678.583],[604548.01,4115677.623],[604545.77,4115665.363],[604545.53,4115664.043],[604541.74,4115664.253]]]}},{"type":"Feature","properties":{"id":"4759604XG0145N_part1","floors":4,"height":12.4,"heightSource":"Catastro:numberOfFloorsAboveGround"},"geometry":{"type":"Polygon","coordinates":[[[604545.77,4115665.363],[604546.6325,4115670.0825],[604547.01,4115670.023],[604547.88,4115670.343],[604548.09,4115671.503],[604546.9335,4115671.7325],[604547.588,4115675.3135],[604554.58,4115673.413],[604551.73,4115664.443],[604550.36,4115664.913],[604550.012,4115663.9085],[604545.77,4115665.363]]]}},{"type":"Feature","properties":{"id":"4759604XG0145N_part3","floors":3,"height":9.3,"heightSource":"Catastro:numberOfFloorsAboveGround"},"geometry":{"type":"Polygon","coordinates":[[[604554.58,4115673.413],[604547.588,4115675.3135],[604548.01,4115677.623],[604548.481,4115677.4965],[604550.2005,4115677.034],[604552.23,4115676.493],[604558.65,4115674.763],[604561.74,4115673.933],[604559.611,4115667.4225],[604558.15,4115662.943],[604553.61,4115664.053],[604553.52,4115663.833],[604551.73,4115664.443],[604554.58,4115673.413]]]}},{"type":"Feature","properties":{"id":"4759604XG0145N_part4","floors":1,"height":3.1,"heightSource":"Catastro:numberOfFloorsAboveGround"},"geometry":{"type":"Polygon","coordinates":[[[604550.012,4115663.9085],[604550.36,4115664.913],[604551.73,4115664.443],[604553.52,4115663.833],[604553.132,4115662.8385],[604550.012,4115663.9085]]]}},{"type":"Feature","properties":{"id":"4759604XG0145N_part5","floors":3,"height":9.3,"heightSource":"Catastro:numberOfFloorsAboveGround"},"geometry":{"type":"Polygon","coordinates":[[[604557.61,4115661.303],[604553.132,4115662.8385],[604553.52,4115663.833],[604553.61,4115664.053],[604558.15,4115662.943],[604557.76,4115661.763],[604557.61,4115661.303]]]}},{"type":"Feature","properties":{"id":"4759605XG0145N_part1","floors":1,"height":3.1,"heightSource":"Catastro:numberOfFloorsAboveGround"},"geometry":{"type":"Polygon","coordinates":[[[604546.37,4115658.633],[604546.97,4115661.923],[604549.06,4115661.223],[604550.12,4115659.513],[604549.71,4115657.733],[604546.37,4115658.633]]]}},{"type":"Feature","properties":{"id":"4759605XG0145N_part2","floors":2,"height":6.2,"heightSource":"Catastro:numberOfFloorsAboveGround"},"geometry":{"type":"Polygon","coordinates":[[[604545.25,4115662.523],[604545.38,4115663.253],[604545.53,4115664.043],[604545.77,4115665.363],[604557.61,4115661.303],[604555.91,4115656.083],[604549.71,4115657.733],[604550.12,4115659.513],[604549.06,4115661.223],[604546.97,4115661.923],[604545.25,4115662.523]]]}},{"type":"Feature","properties":{"id":"4759606XG0145N_part1","floors":1,"height":3.1,"heightSource":"Catastro:numberOfFloorsAboveGround"},"geometry":{"type":"Polygon","coordinates":[[[604540.85,4115651.533],[604541.46,4115653.983],[604543.6,4115653.453],[604545.22,4115653.053],[604544.62,4115650.283],[604540.85,4115651.533]]]}},{"type":"Feature","properties":{"id":"4759606XG0145N_part2","floors":2,"height":6.2,"heightSource":"Catastro:numberOfFloorsAboveGround"},"geometry":{"type":"Polygon","coordinates":[[[604545.22,4115653.053],[604543.6,4115653.453],[604544.63,4115659.103],[604546.37,4115658.633],[604549.71,4115657.733],[604555.91,4115656.083],[604553.13,4115647.563],[604545.75,4115649.903],[604544.62,4115650.283],[604545.22,4115653.053]]]}},{"type":"Feature","properties":{"id":"4759607XG0145N_part1","floors":2,"height":6.2,"heightSource":"Catastro:numberOfFloorsAboveGround"},"geometry":{"type":"Polygon","coordinates":[[[604539.5695,4115646.433],[604540.34,4115649.523],[604545.26,4115648.033],[604545.75,4115649.903],[604553.13,4115647.563],[604551.6,4115642.913],[604548.38,4115643.853],[604543.34,4115645.323],[604540.7495,4115646.083],[604539.5695,4115646.433]]]}},{"type":"Feature","properties":{"id":"4759608XG0145N_part1","floors":1,"height":3.1,"heightSource":"Catastro:numberOfFloorsAboveGround"},"geometry":{"type":"Polygon","coordinates":[[[604538.2295,4115637.623],[604538.9195,4115639.913],[604541.4595,4115639.153],[604540.7695,4115636.853],[604538.2295,4115637.623]]]}},{"type":"Feature","properties":{"id":"4759608XG0145N_part2","floors":1,"height":3.1,"heightSource":"Catastro:numberOfFloorsAboveGround"},"geometry":{"type":"Polygon","coordinates":[[[604542.5095,4115642.443],[604539.9195,4115643.193],[604540.7495,4115646.083],[604543.34,4115645.323],[604542.5095,4115642.443]]]}},{"type":"Feature","properties":{"id":"4759608XG0145N_part3","floors":3,"height":9.3,"heightSource":"Catastro:numberOfFloorsAboveGround"},"geometry":{"type":"Polygon","coordinates":[[[604545.8995,4115635.343],[604548.38,4115643.853],[604551.6,4115642.913],[604550.3595,4115639.133],[604548.8295,4115634.483],[604545.8995,4115635.343]]]}},{"type":"Feature","properties":{"id":"4759608XG0145N_part4","floors":4,"height":12.4,"heightSource":"Catastro:numberOfFloorsAboveGround"},"geometry":{"type":"Polygon","coordinates":[[[604535.9795,4115638.293],[604536.7595,4115642.693],[604536.9995,4115647.193],[604539.5695,4115646.433],[604540.7495,4115646.083],[604539.9195,4115643.193],[604542.5095,4115642.443],[604543.34,4115645.323],[604548.38,4115643.853],[604545.8995,4115635.343],[604540.7695,4115636.853],[604541.4595,4115639.153],[604538.9195,4115639.913],[604538.2295,4115637.623],[604537.1695,4115637.933],[604535.9795,4115638.293]]]}},{"type":"Feature","properties":{"id":"4759609XG0145N_part1","floors":1,"height":3.1,"heightSource":"Catastro:numberOfFloorsAboveGround"},"geometry":{"type":"Polygon","coordinates":[[[604534.9895,4115630.173],[604535.5295,4115632.093],[604535.8295,4115633.093],[604538.2795,4115632.323],[604537.3695,4115629.383],[604534.9895,4115630.173]]]}},{"type":"Feature","properties":{"id":"4759609XG0145N_part2","floors":2,"height":6.2,"heightSource":"Catastro:numberOfFloorsAboveGround"},"geometry":{"type":"Polygon","coordinates":[[[604538.8195,4115634.023],[604536.2895,4115634.803],[604537.1695,4115637.933],[604538.2295,4115637.623],[604540.7695,4115636.853],[604545.8995,4115635.343],[604548.8295,4115634.483],[604546.1395,4115626.233],[604543.1895,4115627.103],[604543.2395,4115627.453],[604537.3695,4115629.383],[604538.2795,4115632.323],[604538.8195,4115634.023]]]}},{"type":"Feature","properties":{"id":"4759610XG0145N_part1","floors":1,"height":3.1,"heightSource":"Catastro:numberOfFloorsAboveGround"},"geometry":{"type":"Polygon","coordinates":[[[604527.7995,4115630.073],[604528.9895,4115634.093],[604531.9995,4115633.203],[604535.5295,4115632.093],[604534.9895,4115630.173],[604532.1895,4115631.093],[604531.6795,4115629.303],[604528.6195,4115630.283],[604528.4995,4115629.863],[604527.7995,4115630.073]]]}},{"type":"Feature","properties":{"id":"4759610XG0145N_part2","floors":2,"height":6.2,"heightSource":"Catastro:numberOfFloorsAboveGround"},"geometry":{"type":"Polygon","coordinates":[[[604527.0995,4115625.153],[604528.4995,4115629.863],[604528.6195,4115630.283],[604531.6795,4115629.303],[604532.1895,4115631.093],[604534.9895,4115630.173],[604537.3695,4115629.383],[604543.2395,4115627.453],[604543.1895,4115627.103],[604546.1395,4115626.233],[604544.3495,4115620.763],[604527.0995,4115625.153]]]}},{"type":"Feature","properties":{"id":"4759611XG0145N_part1","floors":1,"height":3.1,"heightSource":"Catastro:numberOfFloorsAboveGround"},"geometry":{"type":"Polygon","coordinates":[[[604525.4095,4115638.293],[604526.0395,4115641.223],[604528.6595,4115640.583],[604528.0495,4115637.723],[604525.4095,4115638.293]]]}},{"type":"Feature","properties":{"id":"4759611XG0145N_part3","floors":2,"height":6.2,"heightSource":"Catastro:numberOfFloorsAboveGround"},"geometry":{"type":"Polygon","coordinates":[[[604524.0595,4115626.963],[604523.0395,4115627.223],[604524.9495,4115636.143],[604527.5895,4115635.573],[604527.3795,4115634.573],[604528.9895,4115634.093],[604527.7995,4115630.073],[604528.4995,4115629.863],[604527.0995,4115625.153],[604526.5195,4115625.303],[604523.8095,4115625.993],[604524.0595,4115626.963]]]}},{"type":"Feature","properties":{"id":"4759611XG0145N_part4","floors":2,"height":6.2,"heightSource":"Catastro:numberOfFloorsAboveGround"},"geometry":{"type":"Polygon","coordinates":[[[604531.9995,4115633.203],[604532.2895,4115634.573],[604536.0095,4115633.773],[604535.8295,4115633.093],[604535.5295,4115632.093],[604531.9995,4115633.203]]]}},{"type":"Feature","properties":{"id":"4759611XG0145N_part5","floors":3,"height":9.3,"heightSource":"Catastro:numberOfFloorsAboveGround"},"geometry":{"type":"Polygon","coordinates":[[[604527.3795,4115634.573],[604527.5895,4115635.573],[604532.2895,4115634.573],[604531.9995,4115633.203],[604528.9895,4115634.093],[604527.3795,4115634.573]]]}},{"type":"Feature","properties":{"id":"4759611XG0145N_part6","floors":2,"height":6.2,"heightSource":"Catastro:numberOfFloorsAboveGround"},"geometry":{"type":"Polygon","coordinates":[[[604524.9495,4115636.143],[604525.4095,4115638.293],[604528.0495,4115637.723],[604527.5895,4115635.573],[604524.9495,4115636.143]]]}},{"type":"Feature","properties":{"id":"4759611XG0145N_part7","floors":2,"height":6.2,"heightSource":"Catastro:numberOfFloorsAboveGround"},"geometry":{"type":"Polygon","coordinates":[[[604532.7495,4115636.723],[604528.0495,4115637.723],[604528.6595,4115640.583],[604534.4395,4115639.173],[604534.3595,4115638.503],[604533.9995,4115635.513],[604536.2895,4115634.803],[604536.0095,4115633.773],[604532.2895,4115634.573],[604532.7495,4115636.723]]]}},{"type":"Feature","properties":{"id":"4759611XG0145N_part8","floors":3,"height":9.3,"heightSource":"Catastro:numberOfFloorsAboveGround"},"geometry":{"type":"Polygon","coordinates":[[[604527.5895,4115635.573],[604528.0495,4115637.723],[604532.7495,4115636.723],[604532.2895,4115634.573],[604527.5895,4115635.573]]]}},{"type":"Feature","properties":{"id":"4759615XG0145N_part1","floors":1,"height":3.1,"heightSource":"Catastro:numberOfFloorsAboveGround"},"geometry":{"type":"Polygon","coordinates":[[[604534.2595,4115648.223],[604527.8095,4115650.023],[604529.38,4115656.993],[604540.6,4115654.203],[604541.46,4115653.983],[604540.85,4115651.533],[604540.34,4115649.523],[604539.5695,4115646.433],[604536.9995,4115647.193],[604534.2595,4115648.223]]]}},{"type":"Feature","properties":{"id":"4759616XG0145N_part1","floors":1,"height":3.1,"heightSource":"Catastro:numberOfFloorsAboveGround"},"geometry":{"type":"Polygon","coordinates":[[[604540.6,4115654.203],[604542.14,4115661.763],[604543.19,4115661.633],[604545.05,4115661.403],[604544.63,4115659.103],[604543.6,4115653.453],[604541.46,4115653.983],[604540.6,4115654.203]]]}},{"type":"Feature","properties":{"id":"4759616XG0145N_part2","floors":2,"height":6.2,"heightSource":"Catastro:numberOfFloorsAboveGround"},"geometry":{"type":"Polygon","coordinates":[[[604529.38,4115656.993],[604531.17,4115664.863],[604534.96,4115663.953],[604534.34,4115661.333],[604538.32,4115660.383],[604538.95,4115663.013],[604541.39,4115662.443],[604542.23,4115662.203],[604542.14,4115661.763],[604540.6,4115654.203],[604529.38,4115656.993]]]}},{"type":"Feature","properties":{"id":"4759801XG0145N_part1","floors":3,"height":9.3,"heightSource":"Catastro:numberOfFloorsAboveGround"},"geometry":{"type":"Polygon","coordinates":[[[604550.811,4115764.6825],[604554.451,4115782.6925],[604563.561,4115780.3625],[604563.421,4115779.6125],[604555.041,4115781.7625],[604551.551,4115764.5025],[604550.811,4115764.6825]]]}},{"type":"Feature","properties":{"id":"4759801XG0145N_part2","floors":4,"height":12.4,"heightSource":"Catastro:numberOfFloorsAboveGround"},"geometry":{"type":"Polygon","coordinates":[[[604551.551,4115764.5025],[604555.041,4115781.7625],[604563.421,4115779.6125],[604563.101,4115777.9625],[604562.501,4115774.8625],[604558.781,4115775.6525],[604558.141,4115772.3125],[604559.931,4115771.9325],[604559.631,4115770.3625],[604561.561,4115769.9525],[604561.041,4115767.2125],[604560.131,4115762.4525],[604559.711,4115762.5625],[604555.711,4115763.5125],[604551.551,4115764.5025]]]}},{"type":"Feature","properties":{"id":"4759801XG0145N_part3","floors":5,"height":15.5,"heightSource":"Catastro:numberOfFloorsAboveGround"},"geometry":{"type":"Polygon","coordinates":[[[604558.141,4115772.3125],[604558.781,4115775.6525],[604562.501,4115774.8625],[604561.861,4115771.5225],[604559.931,4115771.9325],[604558.141,4115772.3125]]]}},{"type":"Feature","properties":{"id":"4759802XG0145N_part1","floors":1,"height":3.1,"heightSource":"Catastro:numberOfFloorsAboveGround"},"geometry":{"type":"Polygon","coordinates":[[[604561.491,4115762.1325],[604562.401,4115765.2925],[604565.421,4115764.4425],[604564.631,4115761.3925],[604561.491,4115762.1325]]]}},{"type":"Feature","properties":{"id":"4759802XG0145N_part2","floors":1,"height":3.1,"heightSource":"Catastro:numberOfFloorsAboveGround"},"geometry":{"type":"Polygon","coordinates":[[[604563.101,4115777.9625],[604563.421,4115779.6125],[604571.711,4115777.5025],[604571.261,4115775.9025],[604563.101,4115777.9625]]]}},{"type":"Feature","properties":{"id":"4759802XG0145N_part3","floors":2,"height":6.2,"heightSource":"Catastro:numberOfFloorsAboveGround"},"geometry":{"type":"Polygon","coordinates":[[[604560.131,4115762.4525],[604561.041,4115767.2125],[604568.291,4115765.3925],[604568.141,4115764.8525],[604567.111,4115760.8125],[604564.631,4115761.3925],[604565.421,4115764.4425],[604562.401,4115765.2925],[604561.491,4115762.1325],[604560.131,4115762.4525]]]}},{"type":"Feature","properties":{"id":"4759802XG0145N_part4","floors":3,"height":9.3,"heightSource":"Catastro:numberOfFloorsAboveGround"},"geometry":{"type":"Polygon","coordinates":[[[604561.041,4115767.2125],[604561.561,4115769.9525],[604561.861,4115771.5225],[604562.501,4115774.8625],[604563.101,4115777.9625],[604571.261,4115775.9025],[604568.291,4115765.3925],[604561.041,4115767.2125]]]}},{"type":"Feature","properties":{"id":"4759803XG0145N_part1","floors":1,"height":3.1,"heightSource":"Catastro:numberOfFloorsAboveGround"},"geometry":{"type":"Polygon","coordinates":[[[604568.141,4115764.8525],[604568.291,4115765.3925],[604571.261,4115775.9025],[604571.711,4115777.5025],[604575.941,4115776.4225],[604574.651,4115771.6925],[604574.831,4115771.6325],[604573.831,4115767.9025],[604572.911,4115768.1325],[604571.751,4115763.8625],[604568.141,4115764.8525]]]}},{"type":"Feature","properties":{"id":"4759804XG0145N_part1","floors":1,"height":3.1,"heightSource":"Catastro:numberOfFloorsAboveGround"},"geometry":{"type":"Polygon","coordinates":[[[604574.651,4115771.6925],[604575.941,4115776.4225],[604578.871,4115775.6725],[604577.581,4115770.8925],[604574.831,4115771.6325],[604574.651,4115771.6925]]]}},{"type":"Feature","properties":{"id":"4759804XG0145N_part2","floors":1,"height":3.1,"heightSource":"Catastro:numberOfFloorsAboveGround"},"geometry":{"type":"Polygon","coordinates":[[[604579.371,4115770.4025],[604580.691,4115775.2125],[604591.211,4115772.5325],[604589.731,4115767.5925],[604579.371,4115770.4025]]]}},{"type":"Feature","properties":{"id":"4759805XG0145N_part1","floors":1,"height":3.1,"heightSource":"Catastro:numberOfFloorsAboveGround"},"geometry":{"type":"Polygon","coordinates":[[[604573.831,4115767.9025],[604574.831,4115771.6325],[604577.581,4115770.8925],[604579.371,4115770.4025],[604589.731,4115767.5925],[604588.671,4115764.0125],[604581.041,4115766.0125],[604576.701,4115767.1525],[604573.831,4115767.9025]]]}},{"type":"Feature","properties":{"id":"4759806XG0145N_part1","floors":1,"height":3.1,"heightSource":"Catastro:numberOfFloorsAboveGround"},"geometry":{"type":"Polygon","coordinates":[[[604579.871,4115761.6725],[604581.041,4115766.0125],[604588.671,4115764.0125],[604587.371,4115759.6525],[604579.871,4115761.6725]]]}},{"type":"Feature","properties":{"id":"4759806XG0145N_part2","floors":2,"height":6.2,"heightSource":"Catastro:numberOfFloorsAboveGround"},"geometry":{"type":"Polygon","coordinates":[[[604571.751,4115763.8625],[604572.911,4115768.1325],[604573.831,4115767.9025],[604576.701,4115767.1525],[604575.431,4115762.8725],[604571.751,4115763.8625]]]}},{"type":"Feature","properties":{"id":"4759808XG0145N_part1","floors":1,"height":3.1,"heightSource":"Catastro:numberOfFloorsAboveGround"},"geometry":{"type":"Polygon","coordinates":[[[604582.521,4115743.353],[604576.381,4115745.003],[604577.301,4115748.183],[604575.571,4115748.693],[604574.631,4115745.473],[604567.881,4115747.303],[604569.421,4115752.9925],[604584.201,4115749.0125],[604582.521,4115743.353]]]}},{"type":"Feature","properties":{"id":"4759809XG0145N_part1","floors":2,"height":6.2,"heightSource":"Catastro:numberOfFloorsAboveGround"},"geometry":{"type":"Polygon","coordinates":[[[604565.021,4115743.883],[604566.081,4115747.803],[604567.881,4115747.303],[604574.631,4115745.473],[604576.381,4115745.003],[604582.521,4115743.353],[604581.341,4115739.393],[604574.371,4115741.303],[604575.131,4115743.813],[604572.261,4115744.683],[604571.481,4115742.093],[604571.351,4115742.133],[604566.371,4115743.513],[604565.021,4115743.883]]]}},{"type":"Feature","properties":{"id":"4759810XG0145N_part1","floors":1,"height":3.1,"heightSource":"Catastro:numberOfFloorsAboveGround"},"geometry":{"type":"Polygon","coordinates":[[[604560.6005,4115737.903],[604560.9505,4115739.133],[604562.591,4115744.553],[604565.021,4115743.883],[604566.371,4115743.513],[604564.8305,4115738.373],[604567.0905,4115737.693],[604567.431,4115738.833],[604569.991,4115738.043],[604571.351,4115742.133],[604571.481,4115742.093],[604574.371,4115741.303],[604581.341,4115739.393],[604579.1405,4115731.993],[604573.1505,4115733.893],[604570.3505,4115734.773],[604565.7705,4115736.253],[604560.6005,4115737.903]]]}},{"type":"Feature","properties":{"id":"4759811XG0145N_part1","floors":1,"height":3.1,"heightSource":"Catastro:numberOfFloorsAboveGround"},"geometry":{"type":"Polygon","coordinates":[[[604558.1005,4115729.153],[604558.2205,4115729.573],[604558.9205,4115732.033],[604561.3305,4115731.353],[604560.4905,4115728.403],[604560.1705,4115728.503],[604558.1005,4115729.153]]]}},{"type":"Feature","properties":{"id":"4759811XG0145N_part2","floors":1,"height":3.1,"heightSource":"Catastro:numberOfFloorsAboveGround"},"geometry":{"type":"Polygon","coordinates":[[[604563.1605,4115727.603],[604565.7705,4115736.253],[604570.3505,4115734.773],[604570.0105,4115733.613],[604572.8105,4115732.773],[604573.1505,4115733.893],[604579.1405,4115731.993],[604576.6105,4115723.503],[604563.1605,4115727.603]]]}},{"type":"Feature","properties":{"id":"4759812XG0145N_part1","floors":1,"height":3.1,"heightSource":"Catastro:numberOfFloorsAboveGround"},"geometry":{"type":"Polygon","coordinates":[[[604559.5905,4115722.063],[604559.2905,4115721.113],[604557.1905,4115721.793],[604557.5005,4115722.743],[604559.5905,4115722.063]]]}},{"type":"Feature","properties":{"id":"4759812XG0145N_part2","floors":1,"height":3.1,"heightSource":"Catastro:numberOfFloorsAboveGround"},"geometry":{"type":"Polygon","coordinates":[[[604568.6605,4115724.423],[604567.8405,4115721.723],[604564.8905,4115722.603],[604565.7105,4115725.313],[604568.6605,4115724.423]]]}},{"type":"Feature","properties":{"id":"4759812XG0145N_part3","floors":2,"height":6.2,"heightSource":"Catastro:numberOfFloorsAboveGround"},"geometry":{"type":"Polygon","coordinates":[[[604561.6605,4115725.133],[604559.3605,4115725.823],[604560.1705,4115728.503],[604560.4905,4115728.403],[604563.1605,4115727.603],[604576.6105,4115723.503],[604574.2305,4115715.473],[604562.6805,4115719.033],[604560.0705,4115719.833],[604561.6605,4115725.133]],[[604564.8905,4115722.603],[604567.8405,4115721.723],[604568.6605,4115724.423],[604565.7105,4115725.313],[604564.8905,4115722.603]]]}},{"type":"Feature","properties":{"id":"4759813XG0145N_part1","floors":1,"height":3.1,"heightSource":"Catastro:numberOfFloorsAboveGround"},"geometry":{"type":"Polygon","coordinates":[[[604557.8505,4115717.943],[604555.3005,4115718.753],[604555.7105,4115720.733],[604555.8305,4115721.153],[604558.6605,4115720.273],[604557.8505,4115717.943]]]}},{"type":"Feature","properties":{"id":"4759813XG0145N_part2","floors":2,"height":6.2,"heightSource":"Catastro:numberOfFloorsAboveGround"},"geometry":{"type":"Polygon","coordinates":[[[604560.1005,4115710.483],[604562.6805,4115719.033],[604574.2305,4115715.473],[604571.5705,4115706.553],[604560.1005,4115710.483]]]}},{"type":"Feature","properties":{"id":"4759814XG0145N_part1","floors":2,"height":6.2,"heightSource":"Catastro:numberOfFloorsAboveGround"},"geometry":{"type":"Polygon","coordinates":[[[604557.7805,4115707.133],[604558.9005,4115710.883],[604560.1005,4115710.483],[604571.5705,4115706.553],[604570.4905,4115702.923],[604557.7805,4115707.133]]]}},{"type":"Feature","properties":{"id":"4759815XG0145N_part1","floors":2,"height":6.2,"heightSource":"Catastro:numberOfFloorsAboveGround"},"geometry":{"type":"Polygon","coordinates":[[[604557.7805,4115703.193],[604554.9505,4115704.033],[604555.7705,4115707.803],[604557.7805,4115707.133],[604570.4905,4115702.923],[604568.8305,4115697.353],[604568.2805,4115697.483],[604556.8705,4115700.163],[604557.7805,4115703.193]]]}},{"type":"Feature","properties":{"id":"4759817XG0145N_part1","floors":1,"height":3.1,"heightSource":"Catastro:numberOfFloorsAboveGround"},"geometry":{"type":"Polygon","coordinates":[[[604558.15,4115689.473],[604555.35,4115690.353],[604555.9805,4115692.343],[604558.8105,4115691.603],[604558.15,4115689.473]]]}},{"type":"Feature","properties":{"id":"4759817XG0145N_part2","floors":3,"height":9.3,"heightSource":"Catastro:numberOfFloorsAboveGround"},"geometry":{"type":"Polygon","coordinates":[[[604563.71,4115680.123],[604550.45,4115684.513],[604551.56,4115689.603],[604552.6705,4115692.863],[604555.1105,4115692.563],[604555.9805,4115692.343],[604555.35,4115690.353],[604558.15,4115689.473],[604558.8105,4115691.603],[604566.5205,4115689.583],[604563.71,4115680.123]]]}},{"type":"Feature","properties":{"id":"4759819XG0145N_part1","floors":1,"height":3.1,"heightSource":"Catastro:numberOfFloorsAboveGround"},"geometry":{"type":"Polygon","coordinates":[[[604541.47,4115692.083],[604542.2,4115694.993],[604545.11,4115694.283],[604545.19,4115694.323],[604544.53,4115691.353],[604541.47,4115692.083]]]}},{"type":"Feature","properties":{"id":"4759819XG0145N_part2","floors":4,"height":12.4,"heightSource":"Catastro:numberOfFloorsAboveGround"},"geometry":{"type":"Polygon","coordinates":[[[604535.75,4115689.113],[604536.39,4115691.823],[604537.09,4115691.633],[604536.51,4115689.513],[604540.08,4115688.543],[604539.89,4115687.833],[604535.75,4115689.113]]]}},{"type":"Feature","properties":{"id":"4759819XG0145N_part3","floors":3,"height":9.3,"heightSource":"Catastro:numberOfFloorsAboveGround"},"geometry":{"type":"Polygon","coordinates":[[[604535.74,4115691.993],[604538.8705,4115705.033],[604539.7005,4115705.373],[604536.39,4115691.823],[604535.74,4115691.993]]]}},{"type":"Feature","properties":{"id":"4759819XG0145N_part5","floors":4,"height":12.4,"heightSource":"Catastro:numberOfFloorsAboveGround"},"geometry":{"type":"Polygon","coordinates":[[[604540.08,4115688.543],[604536.51,4115689.513],[604537.09,4115691.633],[604536.39,4115691.823],[604539.7005,4115705.373],[604543.6505,4115704.423],[604542.6905,4115700.533],[604546.4005,4115699.623],[604545.5905,4115696.113],[604545.19,4115694.323],[604545.11,4115694.283],[604542.2,4115694.993],[604541.47,4115692.083],[604544.53,4115691.353],[604543.87,4115688.543],[604543.45,4115686.733],[604539.89,4115687.833],[604540.08,4115688.543]]]}},{"type":"Feature","properties":{"id":"4759819XG0145N_part6","floors":5,"height":15.5,"heightSource":"Catastro:numberOfFloorsAboveGround"},"geometry":{"type":"Polygon","coordinates":[[[604542.6905,4115700.533],[604543.6505,4115704.423],[604547.3205,4115703.553],[604547.1105,4115702.643],[604546.4005,4115699.623],[604542.6905,4115700.533]]]}},{"type":"Feature","properties":{"id":"4759820XG0145N_part1","floors":1,"height":3.1,"heightSource":"Catastro:numberOfFloorsAboveGround"},"geometry":{"type":"Polygon","coordinates":[[[604545.7705,4115706.173],[604546.4005,4115709.323],[604548.5405,4115708.763],[604547.8405,4115705.763],[604545.7705,4115706.173]]]}},{"type":"Feature","properties":{"id":"4759820XG0145N_part2","floors":3,"height":9.3,"heightSource":"Catastro:numberOfFloorsAboveGround"},"geometry":{"type":"Polygon","coordinates":[[[604539.0605,4115705.403],[604543.0905,4115724.143],[604543.7705,4115724.303],[604539.7005,4115705.373],[604539.0605,4115705.403]]]}},{"type":"Feature","properties":{"id":"4759820XG0145N_part3","floors":4,"height":12.4,"heightSource":"Catastro:numberOfFloorsAboveGround"},"geometry":{"type":"Polygon","coordinates":[[[604539.7005,4115705.373],[604543.7705,4115724.303],[604551.1605,4115722.083],[604550.6305,4115719.523],[604548.5205,4115720.013],[604547.9305,4115716.923],[604550.0305,4115716.583],[604549.3605,4115712.283],[604548.5405,4115708.763],[604546.4005,4115709.323],[604545.7705,4115706.173],[604547.8405,4115705.763],[604547.3205,4115703.553],[604543.6505,4115704.423],[604539.7005,4115705.373]]]}},{"type":"Feature","properties":{"id":"4759820XG0145N_part4","floors":1,"height":3.1,"heightSource":"Catastro:numberOfFloorsAboveGround"},"geometry":{"type":"Polygon","coordinates":[[[604547.9305,4115716.923],[604548.5205,4115720.013],[604550.6305,4115719.523],[604550.0305,4115716.583],[604547.9305,4115716.923]]]}},{"type":"Feature","properties":{"id":"4759821XG0145N_part1","floors":2,"height":6.2,"heightSource":"Catastro:numberOfFloorsAboveGround"},"geometry":{"type":"Polygon","coordinates":[[[604543.7705,4115724.303],[604544.7105,4115729.253],[604552.6705,4115727.103],[604557.1805,4115725.903],[604555.8305,4115721.153],[604555.7105,4115720.733],[604551.1605,4115722.083],[604543.7705,4115724.303]]]}},{"type":"Feature","properties":{"id":"4759822XG0145N_part1","floors":2,"height":6.2,"heightSource":"Catastro:numberOfFloorsAboveGround"},"geometry":{"type":"Polygon","coordinates":[[[604552.6705,4115727.103],[604553.6205,4115730.703],[604558.2205,4115729.573],[604558.1005,4115729.153],[604557.1805,4115725.903],[604552.6705,4115727.103]]]}},{"type":"Feature","properties":{"id":"4759822XG0145N_part2","floors":3,"height":9.3,"heightSource":"Catastro:numberOfFloorsAboveGround"},"geometry":{"type":"Polygon","coordinates":[[[604544.7105,4115729.253],[604545.3905,4115732.753],[604553.6205,4115730.703],[604552.6705,4115727.103],[604544.7105,4115729.253]]]}},{"type":"Feature","properties":{"id":"4759825XG0145N_part1","floors":1,"height":3.1,"heightSource":"Catastro:numberOfFloorsAboveGround"},"geometry":{"type":"Polygon","coordinates":[[[604553.911,4115746.773],[604553.801,4115746.223],[604548.171,4115747.283],[604550.441,4115759.0525],[604561.251,4115756.6525],[604560.531,4115752.763],[604562.891,4115752.243],[604561.761,4115747.033],[604563.231,4115746.663],[604562.591,4115744.553],[604556.561,4115746.093],[604553.911,4115746.773]]]}},{"type":"Feature","properties":{"id":"4759826XG0145N_part1","floors":3,"height":9.3,"heightSource":"Catastro:numberOfFloorsAboveGround"},"geometry":{"type":"Polygon","coordinates":[[[604549.861,4115761.7225],[604550.251,4115763.7925],[604551.551,4115764.5025],[604550.931,4115761.5025],[604549.861,4115761.7225]]]}},{"type":"Feature","properties":{"id":"4759826XG0145N_part2","floors":4,"height":12.4,"heightSource":"Catastro:numberOfFloorsAboveGround"},"geometry":{"type":"Polygon","coordinates":[[[604550.441,4115759.0525],[604550.931,4115761.5025],[604551.551,4115764.5025],[604555.711,4115763.5125],[604555.251,4115760.8625],[604559.181,4115759.9325],[604559.711,4115762.5625],[604560.131,4115762.4525],[604561.491,4115762.1325],[604564.631,4115761.3925],[604567.111,4115760.8125],[604566.321,4115757.7525],[604561.631,4115758.7225],[604561.251,4115756.6525],[604550.441,4115759.0525]]]}},{"type":"Feature","properties":{"id":"4759826XG0145N_part3","floors":5,"height":15.5,"heightSource":"Catastro:numberOfFloorsAboveGround"},"geometry":{"type":"Polygon","coordinates":[[[604559.181,4115759.9325],[604555.251,4115760.8625],[604555.711,4115763.5125],[604559.711,4115762.5625],[604559.181,4115759.9325]]]}},{"type":"Feature","properties":{"id":"4759827XG0145N_part1","floors":1,"height":3.1,"heightSource":"Catastro:numberOfFloorsAboveGround"},"geometry":{"type":"Polygon","coordinates":[[[604569.421,4115752.9925],[604570.262,4115756.009],[604585.091,4115751.9925],[604584.201,4115749.0125],[604569.421,4115752.9925]]]}},{"type":"Feature","properties":{"id":"4759828XG0145N_part1","floors":2,"height":6.2,"heightSource":"Catastro:numberOfFloorsAboveGround"},"geometry":{"type":"Polygon","coordinates":[[[604550.3,4115683.833],[604546.69,4115684.963],[604546.86,4115685.643],[604550.45,4115684.513],[604550.3,4115683.833]]]}},{"type":"Feature","properties":{"id":"4759828XG0145N_part2","floors":4,"height":12.4,"heightSource":"Catastro:numberOfFloorsAboveGround"},"geometry":{"type":"Polygon","coordinates":[[[604543.45,4115686.733],[604543.87,4115688.543],[604547.36,4115687.603],[604546.86,4115685.643],[604543.45,4115686.733]]]}},{"type":"Feature","properties":{"id":"4759828XG0145N_part3","floors":4,"height":12.4,"heightSource":"Catastro:numberOfFloorsAboveGround"},"geometry":{"type":"Polygon","coordinates":[[[604566.5205,4115689.583],[604567.2805,4115692.213],[604566.8105,4115692.323],[604568.2805,4115697.483],[604568.8305,4115697.353],[604569.6905,4115697.143],[604567.4605,4115689.333],[604566.5205,4115689.583]]]}},{"type":"Feature","properties":{"id":"4759828XG0145N_part4","floors":4,"height":12.4,"heightSource":"Catastro:numberOfFloorsAboveGround"},"geometry":{"type":"Polygon","coordinates":[[[604547.36,4115687.603],[604543.87,4115688.543],[604544.53,4115691.353],[604545.19,4115694.323],[604545.5905,4115696.113],[604547.5205,4115695.603],[604548.0405,4115697.533],[604549.7605,4115697.073],[604550.2805,4115699.003],[604548.5605,4115699.463],[604549.1205,4115701.553],[604551.4805,4115698.413],[604553.6805,4115697.893],[604554.2505,4115700.753],[604556.8705,4115700.163],[604568.2805,4115697.483],[604566.8105,4115692.323],[604567.2805,4115692.213],[604566.5205,4115689.583],[604558.8105,4115691.603],[604555.9805,4115692.343],[604555.1105,4115692.563],[604552.6705,4115692.863],[604551.56,4115689.603],[604550.45,4115684.513],[604546.86,4115685.643],[604547.36,4115687.603]]]}},{"type":"Feature","properties":{"id":"4759828XG0145N_part5","floors":5,"height":15.5,"heightSource":"Catastro:numberOfFloorsAboveGround"},"geometry":{"type":"Polygon","coordinates":[[[604548.5605,4115699.463],[604550.2805,4115699.003],[604549.7605,4115697.073],[604548.0405,4115697.533],[604547.5205,4115695.603],[604545.5905,4115696.113],[604546.4005,4115699.623],[604547.1105,4115702.643],[604549.2605,4115702.073],[604549.1205,4115701.553],[604548.5605,4115699.463]]]}},{"type":"Feature","properties":{"id":"4760004XG0146S_part1","floors":1,"height":3.1,"heightSource":"Catastro:numberOfFloorsAboveGround"},"geometry":{"type":"Polygon","coordinates":[[[604587.7615,4115825.8225],[604583.8315,4115826.7325],[604584.082426396,4115828.0],[604588.3372264398,4115828.0],[604587.7615,4115825.8225]]]}},{"type":"Feature","properties":{"id":"4760004XG0146S_part2","floors":1,"height":3.1,"heightSource":"Catastro:numberOfFloorsAboveGround"},"geometry":{"type":"Polygon","coordinates":[[[604590.2055144231,4115828.0],[604602.6594328361,4115828.0],[604606.102,4115827.0325],[604605.0015,4115822.8025],[604589.9915,4115827.2325],[604590.2055144231,4115828.0]]]}},{"type":"Feature","properties":{"id":"4760005XG0146S_part1","floors":1,"height":3.1,"heightSource":"Catastro:numberOfFloorsAboveGround"},"geometry":{"type":"Polygon","coordinates":[[[604587.3015,4115818.3925],[604589.9915,4115827.2325],[604605.0015,4115822.8025],[604602.7115,4115814.0025],[604587.3015,4115818.3925]]]}},{"type":"Feature","properties":{"id":"4760006XG0146S_part1","floors":1,"height":3.1,"heightSource":"Catastro:numberOfFloorsAboveGround"},"geometry":{"type":"Polygon","coordinates":[[[604585.7615,4115813.3025],[604587.3015,4115818.3925],[604602.7115,4115814.0025],[604601.3715,4115808.8825],[604594.6915,4115810.7625],[604595.2615,4115812.5925],[604589.3515,4115814.4425],[604588.6915,4115812.4625],[604585.7615,4115813.3025]]]}},{"type":"Feature","properties":{"id":"4760009XG0146S_part1","floors":1,"height":3.1,"heightSource":"Catastro:numberOfFloorsAboveGround"},"geometry":{"type":"Polygon","coordinates":[[[604574.9815,4115801.8325],[604576.4915,4115806.5725],[604599.1315,4115800.2725],[604597.9015,4115795.5225],[604586.8415,4115798.5925],[604587.8315,4115802.4925],[604585.3715,4115803.1225],[604584.3915,4115799.2725],[604581.6615,4115800.0325],[604577.9915,4115801.0425],[604578.9315,4115804.6925],[604577.5115,4115805.0625],[604576.5915,4115801.4225],[604574.9815,4115801.8325]]]}},{"type":"Feature","properties":{"id":"4760010XG0146S_part1","floors":2,"height":6.2,"heightSource":"Catastro:numberOfFloorsAboveGround"},"geometry":{"type":"Polygon","coordinates":[[[604579.3915,4115791.5025],[604579.6715,4115792.5725],[604580.5615,4115795.9025],[604583.6915,4115795.1025],[604584.7315,4115799.1725],[604586.8415,4115798.5925],[604597.9015,4115795.5225],[604596.9915,4115792.5725],[604595.3915,4115787.3425],[604585.5115,4115789.9025],[604582.5715,4115790.6725],[604579.3915,4115791.5025]]]}},{"type":"Feature","properties":{"id":"4760011XG0146S_part1","floors":2,"height":6.2,"heightSource":"Catastro:numberOfFloorsAboveGround"},"geometry":{"type":"Polygon","coordinates":[[[604592.651,4115778.3725],[604590.711,4115778.8625],[604591.9215,4115783.5125],[604594.0515,4115782.9625],[604592.651,4115778.3725]]]}},{"type":"Feature","properties":{"id":"4760011XG0146S_part2","floors":2,"height":6.2,"heightSource":"Catastro:numberOfFloorsAboveGround"},"geometry":{"type":"Polygon","coordinates":[[[604576.971,4115782.3625],[604579.3915,4115791.5025],[604582.5715,4115790.6725],[604581.8115,4115787.6625],[604584.7515,4115786.9225],[604585.5115,4115789.9025],[604595.3915,4115787.3425],[604594.0515,4115782.9625],[604591.9215,4115783.5125],[604590.711,4115778.8625],[604576.971,4115782.3625]]]}},{"type":"Feature","properties":{"id":"4760012XG0146S_part1","floors":2,"height":6.2,"heightSource":"Catastro:numberOfFloorsAboveGround"},"geometry":{"type":"Polygon","coordinates":[[[604576.971,4115782.3625],[604575.549,4115782.727],[604572.331,4115783.5525],[604572.9855,4115785.923],[604577.5775,4115784.652],[604576.971,4115782.3625]]]}},{"type":"Feature","properties":{"id":"4760012XG0146S_part2","floors":3,"height":9.3,"heightSource":"Catastro:numberOfFloorsAboveGround"},"geometry":{"type":"Polygon","coordinates":[[[604572.9855,4115785.923],[604573.93,4115789.343],[604578.4855,4115788.082],[604577.5775,4115784.652],[604572.9855,4115785.923]]]}},{"type":"Feature","properties":{"id":"4760012XG0146S_part3","floors":3,"height":9.3,"heightSource":"Catastro:numberOfFloorsAboveGround"},"geometry":{"type":"Polygon","coordinates":[[[604573.93,4115789.343],[604574.8215,4115792.5725],[604576.0715,4115797.0925],[604576.3015,4115797.9025],[604580.757,4115796.6375],[604580.5615,4115795.9025],[604579.6715,4115792.5725],[604579.3915,4115791.5025],[604578.4855,4115788.082],[604573.93,4115789.343]]]}},{"type":"Feature","properties":{"id":"4760012XG0146S_part4","floors":2,"height":6.2,"heightSource":"Catastro:numberOfFloorsAboveGround"},"geometry":{"type":"Polygon","coordinates":[[[604573.9815,4115798.6825],[604574.9815,4115801.8325],[604576.5915,4115801.4225],[604577.9915,4115801.0425],[604581.6615,4115800.0325],[604580.757,4115796.6375],[604576.3015,4115797.9025],[604573.9815,4115798.6825]]]}},{"type":"Feature","properties":{"id":"4760013XG0146S_part1","floors":1,"height":3.1,"heightSource":"Catastro:numberOfFloorsAboveGround"},"geometry":{"type":"Polygon","coordinates":[[[604568.181,4115784.6125],[604570.2915,4115792.5725],[604572.0415,4115799.1925],[604572.9415,4115798.9525],[604572.6715,4115797.9525],[604576.0715,4115797.0925],[604574.8215,4115792.5725],[604572.331,4115783.5525],[604568.181,4115784.6125]]]}},{"type":"Feature","properties":{"id":"4760014XG0146S_part1","floors":1,"height":3.1,"heightSource":"Catastro:numberOfFloorsAboveGround"},"geometry":{"type":"Polygon","coordinates":[[[604556.746,4115792.0365],[604556.681,4115791.692],[604556.6155,4115791.347],[604556.307,4115789.723],[604555.931,4115787.7425],[604554.961,4115787.9825],[604555.8715,4115792.7425],[604556.9715,4115793.2225],[604556.746,4115792.0365]]]}},{"type":"Feature","properties":{"id":"4760014XG0146S_part2","floors":1,"height":3.1,"heightSource":"Catastro:numberOfFloorsAboveGround"},"geometry":{"type":"Polygon","coordinates":[[[604559.9415,4115786.218],[604555.811,4115787.2625],[604555.931,4115787.7425],[604560.0625,4115786.687],[604559.9415,4115786.218]]]}},{"type":"Feature","properties":{"id":"4760014XG0146S_part3","floors":2,"height":6.2,"heightSource":"Catastro:numberOfFloorsAboveGround"},"geometry":{"type":"Polygon","coordinates":[[[604555.931,4115787.7425],[604556.307,4115789.723],[604556.6155,4115791.347],[604556.681,4115791.692],[604556.746,4115792.0365],[604556.9715,4115793.2225],[604558.1315,4115792.9225],[604563.3615,4115791.5825],[604564.6215,4115796.5925],[604567.5015,4115795.8625],[604568.3215,4115799.0525],[604565.4415,4115799.7925],[604565.7115,4115800.8525],[604567.8815,4115800.2825],[604570.112,4115799.6985],[604570.8855,4115799.4955],[604571.0815,4115799.4425],[604572.0415,4115799.1925],[604571.399,4115796.765],[604570.7545,4115794.3325],[604570.1265,4115791.9595],[604567.222,4115792.7015],[604566.3765,4115789.512],[604565.4075,4115789.7595],[604564.3055,4115785.603],[604563.7275,4115785.7505],[604563.9985,4115786.801],[604560.336,4115787.7465],[604560.0625,4115786.687],[604555.931,4115787.7425]]]}},{"type":"Feature","properties":{"id":"4760014XG0146S_part4","floors":1,"height":3.1,"heightSource":"Catastro:numberOfFloorsAboveGround"},"geometry":{"type":"Polygon","coordinates":[[[604560.0625,4115786.687],[604560.336,4115787.7465],[604563.9985,4115786.801],[604563.7275,4115785.7505],[604560.0625,4115786.687]]]}},{"type":"Feature","properties":{"id":"4760014XG0146S_part5","floors":1,"height":3.1,"heightSource":"Catastro:numberOfFloorsAboveGround"},"geometry":{"type":"Polygon","coordinates":[[[604568.071,4115784.1625],[604563.609,4115785.291],[604563.7275,4115785.7505],[604564.3055,4115785.603],[604566.243,4115785.1075],[604567.0185,4115784.9095],[604568.181,4115784.6125],[604568.071,4115784.1625]]]}},{"type":"Feature","properties":{"id":"4760014XG0146S_part6","floors":3,"height":9.3,"heightSource":"Catastro:numberOfFloorsAboveGround"},"geometry":{"type":"Polygon","coordinates":[[[604567.0185,4115784.9095],[604566.243,4115785.1075],[604564.3055,4115785.603],[604565.4075,4115789.7595],[604566.3765,4115789.512],[604567.222,4115792.7015],[604570.1265,4115791.9595],[604570.111,4115791.901],[604569.858,4115790.9465],[604569.4675,4115789.4705],[604569.323,4115788.926],[604569.2975,4115788.8295],[604569.2815,4115788.7695],[604569.208,4115788.491],[604568.952,4115787.5245],[604568.824,4115787.041],[604568.181,4115784.6125],[604567.0185,4115784.9095]]]}},{"type":"Feature","properties":{"id":"4760014XG0146S_part7","floors":1,"height":3.1,"heightSource":"Catastro:numberOfFloorsAboveGround"},"geometry":{"type":"Polygon","coordinates":[[[604568.3215,4115799.0525],[604567.5015,4115795.8625],[604564.6215,4115796.5925],[604564.9315,4115797.7925],[604565.4415,4115799.7925],[604568.3215,4115799.0525]]]}},{"type":"Feature","properties":{"id":"4760015XG0146S_part1","floors":2,"height":6.2,"heightSource":"Catastro:numberOfFloorsAboveGround"},"geometry":{"type":"Polygon","coordinates":[[[604556.9715,4115793.2225],[604558.7915,4115802.6825],[604565.7115,4115800.8525],[604565.4415,4115799.7925],[604564.9315,4115797.7925],[604559.6915,4115799.1025],[604558.1315,4115792.9225],[604556.9715,4115793.2225]]]}},{"type":"Feature","properties":{"id":"4760015XG0146S_part2","floors":3,"height":9.3,"heightSource":"Catastro:numberOfFloorsAboveGround"},"geometry":{"type":"Polygon","coordinates":[[[604558.1315,4115792.9225],[604559.6915,4115799.1025],[604564.9315,4115797.7925],[604564.6215,4115796.5925],[604563.6115,4115792.5725],[604563.3615,4115791.5825],[604559.5015,4115792.5725],[604558.1315,4115792.9225]]]}},{"type":"Feature","properties":{"id":"4760015XG0146S_part3","floors":1,"height":3.1,"heightSource":"Catastro:numberOfFloorsAboveGround"},"geometry":{"type":"Polygon","coordinates":[[[604556.1815,4115794.4325],[604557.6415,4115802.0025],[604558.7915,4115802.6825],[604556.9715,4115793.2225],[604556.1815,4115794.4325]]]}},{"type":"Feature","properties":{"id":"4760021XG0146S_part1","floors":4,"height":12.4,"heightSource":"Catastro:numberOfFloorsAboveGround"},"geometry":{"type":"Polygon","coordinates":[[[604566.6015,4115826.8025],[604563.5315,4115827.4525],[604563.6360572916,4115828.0],[604566.8560209059,4115828.0],[604566.6015,4115826.8025]]]}},{"type":"Feature","properties":{"id":"4760021XG0146S_part2","floors":4,"height":12.4,"heightSource":"Catastro:numberOfFloorsAboveGround"},"geometry":{"type":"Polygon","coordinates":[[[604558.7915,4115802.6825],[604558.9815,4115803.6525],[604563.5315,4115827.4525],[604566.6015,4115826.8025],[604566.8560209059,4115828.0],[604573.3155424333,4115828.0],[604572.9515,4115826.2825],[604572.2115,4115822.8125],[604579.8115,4115821.2025],[604579.6715,4115820.5625],[604578.5215,4115815.2425],[604577.6315,4115811.3925],[604576.4915,4115806.5725],[604574.9815,4115801.8325],[604573.9815,4115798.6825],[604572.9415,4115798.9525],[604572.0415,4115799.1925],[604571.0815,4115799.4425],[604571.8215,4115802.9725],[604568.6015,4115803.6525],[604567.8815,4115800.2825],[604565.7115,4115800.8525],[604558.7915,4115802.6825]],[[604568.6215,4115808.3225],[604571.9715,4115807.6125],[604572.6815,4115810.9525],[604569.3315,4115811.6625],[604568.6215,4115808.3225]],[[604570.9215,4115816.7725],[604574.2715,4115816.0625],[604574.9815,4115819.4025],[604571.6315,4115820.1125],[604570.9215,4115816.7725]]]}},{"type":"Feature","properties":{"id":"4760021XG0146S_part3","floors":5,"height":15.5,"heightSource":"Catastro:numberOfFloorsAboveGround"},"geometry":{"type":"Polygon","coordinates":[[[604572.2115,4115822.8125],[604572.9515,4115826.2825],[604580.5715,4115824.6525],[604579.8115,4115821.2025],[604572.2115,4115822.8125]]]}},{"type":"Feature","properties":{"id":"4760021XG0146S_part4","floors":3,"height":9.3,"heightSource":"Catastro:numberOfFloorsAboveGround"},"geometry":{"type":"Polygon","coordinates":[[[604558.4615,4115803.7525],[604562.9815,4115827.5625],[604563.5315,4115827.4525],[604558.9815,4115803.6525],[604558.4615,4115803.7525]]]}},{"type":"Feature","properties":{"id":"4760301XG0146S_part1","floors":3,"height":9.3,"heightSource":"Catastro:numberOfFloorsAboveGround"},"geometry":{"type":"MultiPolygon","coordinates":[[[[604611.292,4115826.4125],[604611.7268830735,4115828.0],[604613.5718876405,4115828.0],[604612.912,4115825.9025],[604611.292,4115826.4125]]],[[[604619.092,4115826.9025],[604615.5826287419,4115828.0],[604619.7416695402,4115828.0],[604619.092,4115826.9025]]]]}},{"type":"Feature","properties":{"id":"4760301XG0146S_part3","floors":3,"height":9.3,"heightSource":"Catastro:numberOfFloorsAboveGround"},"geometry":{"type":"Polygon","coordinates":[[[604622.2980273969,4115828.0],[604624.0728944952,4115828.0],[604629.272,4115826.4725],[604629.152,4115825.9825],[604622.2980273969,4115828.0]]]}},{"type":"Feature","properties":{"id":"4760301XG0146S_part5","floors":4,"height":12.4,"heightSource":"Catastro:numberOfFloorsAboveGround"},"geometry":{"type":"Polygon","coordinates":[[[604612.912,4115825.9025],[604613.5718876405,4115828.0],[604615.5826287419,4115828.0],[604619.092,4115826.9025],[604619.7416695402,4115828.0],[604622.2980273969,4115828.0],[604629.152,4115825.9825],[604628.792,4115824.5225],[604627.982,4115821.2825],[604619.342,4115823.9325],[604616.552,4115824.7925],[604612.912,4115825.9025]]]}},{"type":"Feature","properties":{"id":"4760302XG0146S_part1","floors":3,"height":9.3,"heightSource":"Catastro:numberOfFloorsAboveGround"},"geometry":{"type":"Polygon","coordinates":[[[604609.0015,4115817.9825],[604611.292,4115826.4125],[604612.912,4115825.9025],[604616.552,4115824.7925],[604615.6815,4115821.5825],[604614.9115,4115818.7425],[604617.9815,4115817.9225],[604618.6215,4115820.7325],[604619.342,4115823.9325],[604627.982,4115821.2825],[604627.822,4115820.6325],[604626.1415,4115813.8425],[604625.9415,4115813.0325],[604612.8615,4115816.8525],[604609.0015,4115817.9825]]]}},{"type":"Feature","properties":{"id":"4760302XG0146S_part2","floors":2,"height":6.2,"heightSource":"Catastro:numberOfFloorsAboveGround"},"geometry":{"type":"Polygon","coordinates":[[[604628.662,4115820.3625],[604627.0715,4115813.6025],[604626.1415,4115813.8425],[604627.822,4115820.6325],[604628.662,4115820.3625]]]}},{"type":"Feature","properties":{"id":"4760302XG0146S_part3","floors":4,"height":12.4,"heightSource":"Catastro:numberOfFloorsAboveGround"},"geometry":{"type":"Polygon","coordinates":[[[604615.6815,4115821.5825],[604616.552,4115824.7925],[604619.342,4115823.9325],[604618.6215,4115820.7325],[604615.6815,4115821.5825]]]}},{"type":"Feature","properties":{"id":"4760303XG0146S_part1","floors":2,"height":6.2,"heightSource":"Catastro:numberOfFloorsAboveGround"},"geometry":{"type":"Polygon","coordinates":[[[604606.6015,4115809.2925],[604607.9515,4115814.1225],[604611.8815,4115813.1725],[604612.8615,4115816.8525],[604625.9415,4115813.0325],[604623.8915,4115804.7425],[604609.6915,4115808.4825],[604606.6015,4115809.2925]]]}},{"type":"Feature","properties":{"id":"4760304XG0146S_part1","floors":2,"height":6.2,"heightSource":"Catastro:numberOfFloorsAboveGround"},"geometry":{"type":"Polygon","coordinates":[[[604606.6015,4115809.2925],[604609.6915,4115808.4825],[604616.9305,4115806.576],[604615.756,4115802.1175],[604619.4315,4115801.1495],[604620.606,4115805.608],[604623.8915,4115804.7425],[604622.9015,4115800.7225],[604621.9115,4115796.7025],[604616.0015,4115798.2125],[604609.7515,4115799.8125],[604604.3515,4115801.2025],[604604.861,4115803.0315],[604608.0435,4115802.197],[604608.5615,4115804.1725],[604609.1335,4115806.354],[604606.013,4115807.172],[604606.6015,4115809.2925]]]}},{"type":"Feature","properties":{"id":"4760304XG0146S_part2","floors":1,"height":3.1,"heightSource":"Catastro:numberOfFloorsAboveGround"},"geometry":{"type":"Polygon","coordinates":[[[604609.1335,4115806.354],[604608.5615,4115804.1725],[604608.0435,4115802.197],[604604.861,4115803.0315],[604605.4215,4115805.0425],[604606.013,4115807.172],[604609.1335,4115806.354]]]}},{"type":"Feature","properties":{"id":"4760304XG0146S_part3","floors":3,"height":9.3,"heightSource":"Catastro:numberOfFloorsAboveGround"},"geometry":{"type":"Polygon","coordinates":[[[604619.4315,4115801.1495],[604615.756,4115802.1175],[604616.9305,4115806.576],[604620.606,4115805.608],[604619.4315,4115801.1495]]]}},{"type":"Feature","properties":{"id":"4760305XG0146S_part1","floors":1,"height":3.1,"heightSource":"Catastro:numberOfFloorsAboveGround"},"geometry":{"type":"Polygon","coordinates":[[[604609.4215,4115791.6325],[604609.6615,4115792.5725],[604610.1915,4115794.6325],[604611.5415,4115794.2925],[604613.0915,4115793.8925],[604612.7615,4115792.5725],[604612.3115,4115790.8125],[604609.4215,4115791.6325]]]}},{"type":"Feature","properties":{"id":"4760305XG0146S_part2","floors":3,"height":9.3,"heightSource":"Catastro:numberOfFloorsAboveGround"},"geometry":{"type":"Polygon","coordinates":[[[604602.2415,4115793.6525],[604602.3815,4115794.1325],[604604.2215,4115800.7225],[604604.3515,4115801.2025],[604609.7515,4115799.8125],[604608.9315,4115796.6125],[604611.9415,4115795.8425],[604611.5415,4115794.2925],[604610.1915,4115794.6325],[604609.6615,4115792.5725],[604609.4215,4115791.6325],[604606.0815,4115792.5725],[604602.2415,4115793.6525]]]}},{"type":"Feature","properties":{"id":"4760305XG0146S_part3","floors":3,"height":9.3,"heightSource":"Catastro:numberOfFloorsAboveGround"},"geometry":{"type":"Polygon","coordinates":[[[604621.6015,4115792.5325],[604620.7915,4115789.1925],[604620.1115,4115789.3525],[604620.9015,4115792.5725],[604620.9315,4115792.7025],[604621.4415,4115792.5725],[604621.6015,4115792.5325]]]}},{"type":"Feature","properties":{"id":"4760305XG0146S_part4","floors":2,"height":6.2,"heightSource":"Catastro:numberOfFloorsAboveGround"},"geometry":{"type":"Polygon","coordinates":[[[604601.9015,4115794.2625],[604603.7315,4115800.8525],[604604.2215,4115800.7225],[604602.3815,4115794.1325],[604601.9015,4115794.2625]]]}},{"type":"Feature","properties":{"id":"4760305XG0146S_part5","floors":4,"height":12.4,"heightSource":"Catastro:numberOfFloorsAboveGround"},"geometry":{"type":"Polygon","coordinates":[[[604613.0915,4115793.8925],[604611.5415,4115794.2925],[604611.9415,4115795.8425],[604613.5415,4115795.4325],[604613.4115,4115794.9525],[604615.0615,4115794.5325],[604616.0015,4115798.2125],[604621.9115,4115796.7025],[604620.9315,4115792.7025],[604620.9015,4115792.5725],[604620.1115,4115789.3525],[604619.9415,4115788.6725],[604612.3115,4115790.8125],[604612.7615,4115792.5725],[604613.0915,4115793.8925]]]}},{"type":"Feature","properties":{"id":"4760305XG0146S_part6","floors":5,"height":15.5,"heightSource":"Catastro:numberOfFloorsAboveGround"},"geometry":{"type":"Polygon","coordinates":[[[604608.9315,4115796.6125],[604609.7515,4115799.8125],[604616.0015,4115798.2125],[604615.0615,4115794.5325],[604613.4115,4115794.9525],[604613.5415,4115795.4325],[604611.9415,4115795.8425],[604608.9315,4115796.6125]]]}},{"type":"Feature","properties":{"id":"4760306XG0146S_part1","floors":1,"height":3.1,"heightSource":"Catastro:numberOfFloorsAboveGround"},"geometry":{"type":"Polygon","coordinates":[[[604600.1015,4115785.9725],[604600.8715,4115788.7225],[604607.6715,4115786.8425],[604608.1915,4115788.8025],[604601.4015,4115790.6225],[604601.9415,4115792.5725],[604602.2415,4115793.6525],[604606.0815,4115792.5725],[604609.4215,4115791.6325],[604612.3115,4115790.8125],[604619.9415,4115788.6725],[604617.9515,4115780.5625],[604600.1015,4115785.9725]]]}},{"type":"Feature","properties":{"id":"4760307XG0146S_part1","floors":1,"height":3.1,"heightSource":"Catastro:numberOfFloorsAboveGround"},"geometry":{"type":"Polygon","coordinates":[[[604597.341,4115776.0425],[604598.9515,4115781.8125],[604604.6015,4115779.6925],[604602.961,4115774.5725],[604597.341,4115776.0425]]]}},{"type":"Feature","properties":{"id":"4760307XG0146S_part2","floors":1,"height":3.1,"heightSource":"Catastro:numberOfFloorsAboveGround"},"geometry":{"type":"Polygon","coordinates":[[[604607.1915,4115777.9725],[604608.0015,4115777.8025],[604608.6515,4115780.0125],[604603.6815,4115781.2225],[604599.3415,4115783.2225],[604600.1015,4115785.9725],[604617.9515,4115780.5625],[604615.681,4115771.2525],[604606.031,4115773.7625],[604607.1915,4115777.9725]]]}},{"type":"Feature","properties":{"id":"4760805XG0146S_part1","floors":1,"height":3.1,"heightSource":"Catastro:numberOfFloorsAboveGround"},"geometry":{"type":"Polygon","coordinates":[[[604552.1015,4115826.7025],[604545.6757857151,4115828.0],[604552.3680884797,4115828.0],[604552.1015,4115826.7025]]]}},{"type":"Feature","properties":{"id":"4760806XG0146S_part1","floors":1,"height":3.1,"heightSource":"Catastro:numberOfFloorsAboveGround"},"geometry":{"type":"Polygon","coordinates":[[[604536.5315,4115822.2125],[604537.3415,4115823.7825],[604539.5015,4115823.3825],[604540.1415,4115824.6325],[604543.2815,4115823.9825],[604543.5215,4115825.2125],[604539.9515,4115826.1525],[604540.4101451049,4115828.0],[604545.6757857151,4115828.0],[604552.1015,4115826.7025],[604550.5415,4115819.1525],[604536.5315,4115822.2125]]]}},{"type":"Feature","properties":{"id":"4760807XG0146S_part1","floors":1,"height":3.1,"heightSource":"Catastro:numberOfFloorsAboveGround"},"geometry":{"type":"Polygon","coordinates":[[[604528.1615,4115815.2825],[604530.1815,4115823.6025],[604536.5315,4115822.2125],[604550.5415,4115819.1525],[604548.8715,4115811.0125],[604537.6515,4115813.0525],[604535.2915,4115813.6025],[604535.9315,4115816.9425],[604538.3215,4115816.5325],[604538.8415,4115819.2325],[604534.1415,4115820.3225],[604532.7315,4115814.2025],[604531.0015,4115814.6125],[604528.1615,4115815.2825]]]}},{"type":"Feature","properties":{"id":"4760808XG0146S_part1","floors":1,"height":3.1,"heightSource":"Catastro:numberOfFloorsAboveGround"},"geometry":{"type":"Polygon","coordinates":[[[604528.1615,4115815.2825],[604531.0015,4115814.6125],[604530.2815,4115811.2025],[604531.7015,4115810.8725],[604531.9615,4115812.0425],[604533.5515,4115811.7625],[604533.8815,4115813.9325],[604535.2915,4115813.6025],[604537.6515,4115813.0525],[604548.8715,4115811.0125],[604547.9515,4115806.5325],[604537.7815,4115808.8025],[604534.7415,4115809.4825],[604527.1315,4115811.1925],[604528.1615,4115815.2825]]]}},{"type":"Feature","properties":{"id":"4760809XG0146S_part1","floors":2,"height":6.2,"heightSource":"Catastro:numberOfFloorsAboveGround"},"geometry":{"type":"Polygon","coordinates":[[[604525.9315,4115807.1625],[604527.1315,4115811.1925],[604534.7415,4115809.4825],[604534.1115,4115806.6525],[604537.1515,4115805.9725],[604537.7815,4115808.8025],[604547.9515,4115806.5325],[604547.1115,4115802.4125],[604525.9315,4115807.1625]]]}},{"type":"Feature","properties":{"id":"4760813XG0146S_part1","floors":3,"height":9.3,"heightSource":"Catastro:numberOfFloorsAboveGround"},"geometry":{"type":"Polygon","coordinates":[[[604522.691,4115795.8225],[604524.7715,4115803.3025],[604530.3315,4115802.0125],[604529.871,4115800.0625],[604533.341,4115799.2525],[604532.141,4115793.3825],[604522.691,4115795.8225]]]}},{"type":"Feature","properties":{"id":"4760813XG0146S_part2","floors":4,"height":12.4,"heightSource":"Catastro:numberOfFloorsAboveGround"},"geometry":{"type":"Polygon","coordinates":[[[604529.871,4115800.0625],[604530.3315,4115802.0125],[604533.7415,4115801.2325],[604533.341,4115799.2525],[604529.871,4115800.0625]]]}},{"type":"Feature","properties":{"id":"4760813XG0146S_part3","floors":2,"height":6.2,"heightSource":"Catastro:numberOfFloorsAboveGround"},"geometry":{"type":"Polygon","coordinates":[[[604531.961,4115792.7025],[604522.511,4115795.1425],[604522.691,4115795.8225],[604532.141,4115793.3825],[604531.961,4115792.7025]]]}},{"type":"Feature","properties":{"id":"4760813XG0146S_part4","floors":2,"height":6.2,"heightSource":"Catastro:numberOfFloorsAboveGround"},"geometry":{"type":"Polygon","coordinates":[[[604532.141,4115793.3825],[604533.341,4115799.2525],[604533.7415,4115801.2325],[604534.4215,4115801.0925],[604532.821,4115793.2025],[604532.141,4115793.3825]]]}},{"type":"Feature","properties":{"id":"4760814XG0146S_part1","floors":1,"height":3.1,"heightSource":"Catastro:numberOfFloorsAboveGround"},"geometry":{"type":"Polygon","coordinates":[[[604525.9315,4115807.1625],[604547.1115,4115802.4125],[604545.011,4115792.5725],[604544.511,4115790.2025],[604535.271,4115792.5725],[604532.821,4115793.2025],[604534.4215,4115801.0925],[604533.7415,4115801.2325],[604530.3315,4115802.0125],[604524.7715,4115803.3025],[604525.9315,4115807.1625]]]}},{"type":"Feature","properties":{"id":"4858701XG0145N_part1","floors":1,"height":3.1,"heightSource":"Catastro:numberOfFloorsAboveGround"},"geometry":{"type":"Polygon","coordinates":[[[604641.57,4115631.433],[604644.6,4115642.963],[604645.89,4115642.583],[604653.04,4115640.483],[604650.05,4115629.183],[604643.15,4115631.013],[604641.57,4115631.433]]]}},{"type":"Feature","properties":{"id":"4858701XG0145N_part2","floors":1,"height":3.1,"heightSource":"Catastro:numberOfFloorsAboveGround"},"geometry":{"type":"Polygon","coordinates":[[[604653.14,4115628.363],[604650.05,4115629.183],[604653.04,4115640.483],[604656.11,4115639.583],[604653.14,4115628.363]]]}},{"type":"Feature","properties":{"id":"4860701XG0146S_part1","floors":1,"height":3.1,"heightSource":"Catastro:numberOfFloorsAboveGround"},"geometry":{"type":"Polygon","coordinates":[[[604638.532,4115814.5225],[604641.002,4115822.5925],[604655.832,4115818.5125],[604654.972,4115815.7425],[604658.612,4115814.6125],[604656.942,4115809.2225],[604651.792,4115810.7025],[604645.872,4115812.4125],[604647.202,4115816.6825],[604644.732,4115817.4325],[604643.392,4115813.1225],[604638.532,4115814.5225]]]}},{"type":"Feature","properties":{"id":"4860701XG0146S_part2","floors":1,"height":3.1,"heightSource":"Catastro:numberOfFloorsAboveGround"},"geometry":{"type":"Polygon","coordinates":[[[604661.432,4115807.9325],[604663.992,4115816.2625],[604667.312,4115815.3725],[604664.852,4115806.9525],[604663.662,4115807.2925],[604661.432,4115807.9325]]]}},{"type":"Feature","properties":{"id":"4860701XG0146S_part3","floors":2,"height":6.2,"heightSource":"Catastro:numberOfFloorsAboveGround"},"geometry":{"type":"Polygon","coordinates":[[[604658.612,4115814.6125],[604654.972,4115815.7425],[604655.832,4115818.5125],[604663.992,4115816.2625],[604661.432,4115807.9325],[604656.942,4115809.2225],[604658.612,4115814.6125]]]}},{"type":"Feature","properties":{"id":"4860702XG0146S_part1","floors":6,"height":18.6,"heightSource":"Catastro:numberOfFloorsAboveGround"},"geometry":{"type":"Polygon","coordinates":[[[604650.8615,4115807.5125],[604653.5215,4115806.7725],[604653.6015,4115807.0725],[604656.4215,4115806.2925],[604655.4215,4115802.7425],[604652.5615,4115803.5625],[604652.6915,4115804.0025],[604650.0615,4115804.7725],[604650.8615,4115807.5125]]]}},{"type":"Feature","properties":{"id":"4860702XG0146S_part2","floors":5,"height":15.5,"heightSource":"Catastro:numberOfFloorsAboveGround"},"geometry":{"type":"Polygon","coordinates":[[[604661.2415,4115798.8325],[604663.662,4115807.2925],[604664.852,4115806.9525],[604662.5915,4115798.4425],[604661.2415,4115798.8325]]]}},{"type":"Feature","properties":{"id":"4860702XG0146S_part3","floors":4,"height":12.4,"heightSource":"Catastro:numberOfFloorsAboveGround"},"geometry":{"type":"Polygon","coordinates":[[[604636.0015,4115806.2625],[604638.532,4115814.5225],[604643.392,4115813.1225],[604645.872,4115812.4125],[604651.792,4115810.7025],[604650.8615,4115807.5125],[604650.0615,4115804.7725],[604649.3415,4115802.3325],[604636.0015,4115806.2625]],[[604644.3615,4115806.3525],[604647.2915,4115805.5025],[604648.1115,4115808.3725],[604645.1915,4115809.1725],[604644.3615,4115806.3525]]]}},{"type":"Feature","properties":{"id":"4860702XG0146S_part4","floors":5,"height":15.5,"heightSource":"Catastro:numberOfFloorsAboveGround"},"geometry":{"type":"Polygon","coordinates":[[[604649.3415,4115802.3325],[604650.0615,4115804.7725],[604652.6915,4115804.0025],[604652.5615,4115803.5625],[604655.4215,4115802.7425],[604656.4215,4115806.2925],[604653.6015,4115807.0725],[604653.5215,4115806.7725],[604650.8615,4115807.5125],[604651.792,4115810.7025],[604656.942,4115809.2225],[604661.432,4115807.9325],[604663.662,4115807.2925],[604661.2415,4115798.8325],[604649.3415,4115802.3325]]]}},{"type":"Feature","properties":{"id":"4860703XG0146S_part1","floors":4,"height":12.4,"heightSource":"Catastro:numberOfFloorsAboveGround"},"geometry":{"type":"Polygon","coordinates":[[[604633.9715,4115798.6525],[604636.0015,4115806.2625],[604643.7195,4115803.9885],[604643.38,4115802.77],[604643.89,4115802.61],[604643.61,4115801.58],[604643.13,4115801.71],[604642.76,4115800.49],[604646.86,4115799.25],[604646.97,4115799.61],[604648.5,4115799.16],[604647.18,4115794.6005],[604645.6415,4115795.0725],[604641.8005,4115796.251],[604642.63,4115799.07],[604639.74,4115799.93],[604638.9185,4115797.135],[604633.9715,4115798.6525]]]}},{"type":"Feature","properties":{"id":"4860703XG0146S_part2","floors":1,"height":3.1,"heightSource":"Catastro:numberOfFloorsAboveGround"},"geometry":{"type":"Polygon","coordinates":[[[604638.9185,4115797.135],[604639.74,4115799.93],[604642.63,4115799.07],[604641.8005,4115796.251],[604638.9185,4115797.135]]]}},{"type":"Feature","properties":{"id":"4860703XG0146S_part3","floors":5,"height":15.5,"heightSource":"Catastro:numberOfFloorsAboveGround"},"geometry":{"type":"Polygon","coordinates":[[[604646.86,4115799.25],[604642.76,4115800.49],[604643.13,4115801.71],[604643.61,4115801.58],[604643.89,4115802.61],[604643.38,4115802.77],[604643.7195,4115803.9885],[604649.3415,4115802.3325],[604649.499,4115802.286],[604649.07,4115800.87],[604647.44,4115801.32],[604646.97,4115799.61],[604646.86,4115799.25]]]}},{"type":"Feature","properties":{"id":"4860703XG0146S_part4","floors":5,"height":15.5,"heightSource":"Catastro:numberOfFloorsAboveGround"},"geometry":{"type":"Polygon","coordinates":[[[604646.97,4115799.61],[604647.44,4115801.32],[604649.07,4115800.87],[604649.499,4115802.286],[604661.2415,4115798.8325],[604662.5915,4115798.4425],[604661.0115,4115792.5725],[604660.4615,4115790.5325],[604656.9615,4115791.5925],[604655.6005,4115792.012],[604657.35,4115797.86],[604651.88,4115799.46],[604651.35,4115799.02],[604650.98,4115798.86],[604650.65,4115798.82],[604650.32,4115798.81],[604648.58,4115799.3],[604648.52,4115799.15],[604648.5,4115799.16],[604646.97,4115799.61]]]}},{"type":"Feature","properties":{"id":"4860703XG0146S_part5","floors":5,"height":15.5,"heightSource":"Catastro:numberOfFloorsAboveGround"},"geometry":{"type":"Polygon","coordinates":[[[604649.6515,4115793.8425],[604647.18,4115794.6005],[604648.5,4115799.16],[604648.52,4115799.15],[604648.58,4115799.3],[604650.32,4115798.81],[604650.65,4115798.82],[604650.98,4115798.86],[604651.35,4115799.02],[604651.88,4115799.46],[604657.35,4115797.86],[604655.6005,4115792.012],[604654.579,4115792.3265],[604655.44,4115795.24],[604652.6,4115796.06],[604651.74,4115793.2005],[604649.6515,4115793.8425]]]}},{"type":"Feature","properties":{"id":"4860703XG0146S_part6","floors":1,"height":3.1,"heightSource":"Catastro:numberOfFloorsAboveGround"},"geometry":{"type":"Polygon","coordinates":[[[604653.7815,4115792.5725],[604653.0015,4115792.8125],[604651.74,4115793.2005],[604652.6,4115796.06],[604655.44,4115795.24],[604654.579,4115792.3265],[604653.7815,4115792.5725]]]}},{"type":"Feature","properties":{"id":"4860704XG0146S_part1","floors":1,"height":3.1,"heightSource":"Catastro:numberOfFloorsAboveGround"},"geometry":{"type":"Polygon","coordinates":[[[604630.5415,4115785.7625],[604632.3515,4115792.5725],[604633.9715,4115798.6525],[604645.6415,4115795.0725],[604644.9115,4115792.5725],[604644.8915,4115792.5025],[604644.6615,4115792.5725],[604642.8915,4115793.1125],[604642.7315,4115792.5725],[604642.3515,4115791.3425],[604638.3415,4115792.5725],[604636.2815,4115793.2025],[604636.0915,4115792.5725],[604634.3315,4115786.8525],[604635.6615,4115786.4425],[604635.0815,4115784.5225],[604630.5415,4115785.7625]]]}},{"type":"Feature","properties":{"id":"4860704XG0146S_part2","floors":1,"height":3.1,"heightSource":"Catastro:numberOfFloorsAboveGround"},"geometry":{"type":"Polygon","coordinates":[[[604653.8215,4115779.7825],[604656.9615,4115791.5925],[604660.4615,4115790.5325],[604657.3415,4115778.8925],[604656.3515,4115779.1425],[604653.8215,4115779.7825]]]}},{"type":"Feature","properties":{"id":"4860704XG0146S_part3","floors":2,"height":6.2,"heightSource":"Catastro:numberOfFloorsAboveGround"},"geometry":{"type":"Polygon","coordinates":[[[604642.0615,4115782.7825],[604644.8915,4115792.5025],[604644.9115,4115792.5725],[604645.6415,4115795.0725],[604649.6515,4115793.8425],[604653.0015,4115792.8125],[604653.7815,4115792.5725],[604656.9615,4115791.5925],[604653.8215,4115779.7825],[604649.6715,4115780.8425],[604648.7015,4115781.0825],[604643.9715,4115782.2925],[604642.0615,4115782.7825]]]}},{"type":"Feature","properties":{"id":"4860705XG0146S_part1","floors":4,"height":12.4,"heightSource":"Catastro:numberOfFloorsAboveGround"},"geometry":{"type":"Polygon","coordinates":[[[604626.2615,4115769.5225],[604630.5415,4115785.7625],[604635.0815,4115784.5225],[604635.812,4115784.325],[604637.6625,4115783.825],[604638.3015,4115783.6525],[604641.5515,4115782.9025],[604639.5615,4115775.5525],[604633.5115,4115777.1925],[604632.484,4115773.407],[604632.0815,4115771.9125],[604631.3215,4115769.1225],[604632.9415,4115768.6725],[604632.4815,4115768.3625],[604632.0515,4115768.1725],[604631.6815,4115768.0725],[604631.3315,4115768.0225],[604626.2615,4115769.5225]],[[604637.6115,4115779.9225],[604634.7115,4115780.7125],[604633.9515,4115777.9125],[604636.8515,4115777.1225],[604637.6115,4115779.9225]]]}},{"type":"Feature","properties":{"id":"4860705XG0146S_part2","floors":4,"height":12.4,"heightSource":"Catastro:numberOfFloorsAboveGround"},"geometry":{"type":"Polygon","coordinates":[[[604631.3215,4115769.1225],[604632.0815,4115771.9125],[604634.0115,4115771.3925],[604633.3915,4115769.2325],[604633.3915,4115768.9025],[604633.5015,4115768.5225],[604632.9415,4115768.6725],[604631.3215,4115769.1225]]]}},{"type":"Feature","properties":{"id":"4860705XG0146S_part3","floors":4,"height":12.4,"heightSource":"Catastro:numberOfFloorsAboveGround"},"geometry":{"type":"Polygon","coordinates":[[[604631.3315,4115768.0225],[604631.6815,4115768.0725],[604632.0515,4115768.1725],[604632.4815,4115768.3625],[604632.9415,4115768.6725],[604633.5015,4115768.5225],[604633.6815,4115768.2225],[604633.8015,4115768.1025],[604634.1815,4115767.8425],[604634.4815,4115767.7525],[604634.8315,4115767.7325],[604635.2815,4115767.8525],[604635.0315,4115766.9325],[604631.3315,4115768.0225]]]}},{"type":"Feature","properties":{"id":"4860705XG0146S_part4","floors":5,"height":15.5,"heightSource":"Catastro:numberOfFloorsAboveGround"},"geometry":{"type":"Polygon","coordinates":[[[604633.3915,4115768.9025],[604633.3915,4115769.2325],[604634.0115,4115771.3925],[604632.0815,4115771.9125],[604632.484,4115773.407],[604639.2365,4115771.577],[604638.0715,4115767.2825],[604633.5015,4115768.5225],[604633.3915,4115768.9025]]]}},{"type":"Feature","properties":{"id":"4860705XG0146S_part5","floors":4,"height":12.4,"heightSource":"Catastro:numberOfFloorsAboveGround"},"geometry":{"type":"Polygon","coordinates":[[[604632.484,4115773.407],[604633.5115,4115777.1925],[604639.5615,4115775.5525],[604641.5515,4115782.9025],[604642.0615,4115782.7825],[604643.9715,4115782.2925],[604642.7515,4115777.8025],[604640.5315,4115778.4025],[604639.7515,4115775.5325],[604642.1615,4115774.8725],[604641.126,4115771.065],[604639.2365,4115771.577],[604632.484,4115773.407]]]}},{"type":"Feature","properties":{"id":"4860705XG0146S_part6","floors":5,"height":15.5,"heightSource":"Catastro:numberOfFloorsAboveGround"},"geometry":{"type":"Polygon","coordinates":[[[604638.0715,4115767.2825],[604637.7615,4115766.1325],[604635.0315,4115766.9325],[604635.2815,4115767.8525],[604634.8315,4115767.7325],[604634.4815,4115767.7525],[604634.1815,4115767.8425],[604633.8015,4115768.1025],[604633.6815,4115768.2225],[604633.5015,4115768.5225],[604638.0715,4115767.2825]]]}},{"type":"Feature","properties":{"id":"4860705XG0146S_part7","floors":1,"height":3.1,"heightSource":"Catastro:numberOfFloorsAboveGround"},"geometry":{"type":"Polygon","coordinates":[[[604633.9515,4115777.9125],[604634.7115,4115780.7125],[604637.6115,4115779.9225],[604636.8515,4115777.1225],[604633.9515,4115777.9125]]]}},{"type":"Feature","properties":{"id":"4860705XG0146S_part8","floors":4,"height":12.4,"heightSource":"Catastro:numberOfFloorsAboveGround"},"geometry":{"type":"Polygon","coordinates":[[[604637.7615,4115766.1325],[604638.0715,4115767.2825],[604639.2365,4115771.577],[604641.126,4115771.065],[604641.666,4115770.919],[604640.1215,4115765.4325],[604637.7615,4115766.1325]]]}},{"type":"Feature","properties":{"id":"4860705XG0146S_part9","floors":1,"height":3.1,"heightSource":"Catastro:numberOfFloorsAboveGround"},"geometry":{"type":"Polygon","coordinates":[[[604639.7515,4115775.5325],[604640.5315,4115778.4025],[604642.7515,4115777.8025],[604645.3615,4115777.0925],[604644.5815,4115774.2225],[604642.1615,4115774.8725],[604639.7515,4115775.5325]]]}},{"type":"Feature","properties":{"id":"4860705XG0146S_part10","floors":5,"height":15.5,"heightSource":"Catastro:numberOfFloorsAboveGround"},"geometry":{"type":"Polygon","coordinates":[[[604640.1215,4115765.4325],[604641.666,4115770.919],[604641.126,4115771.065],[604642.1615,4115774.8725],[604644.5815,4115774.2225],[604645.3615,4115777.0925],[604642.7515,4115777.8025],[604643.9715,4115782.2925],[604648.7015,4115781.0825],[604648.4415,4115780.1225],[604649.4115,4115779.8625],[604649.6715,4115780.8425],[604653.8215,4115779.7825],[604656.3515,4115779.1425],[604651.7015,4115762.0125],[604640.1215,4115765.4325]]]}},{"type":"Feature","properties":{"id":"4860705XG0146S_part12","floors":5,"height":15.5,"heightSource":"Catastro:numberOfFloorsAboveGround"},"geometry":{"type":"Polygon","coordinates":[[[604651.7015,4115762.0125],[604656.3515,4115779.1425],[604657.3415,4115778.8925],[604653.1815,4115763.4225],[604652.4515,4115761.7925],[604651.7015,4115762.0125]]]}},{"type":"Feature","properties":{"id":"4861716XG0146S_part2","floors":4,"height":12.4,"heightSource":"Catastro:numberOfFloorsAboveGround"},"geometry":{"type":"Polygon","coordinates":[[[604641.852,4115827.4925],[604641.9973979143,4115828.0],[604649.9541832191,4115828.0],[604649.132,4115825.3025],[604641.852,4115827.4925]]]}},{"type":"Feature","properties":{"id":"4861716XG0146S_part3","floors":5,"height":15.5,"heightSource":"Catastro:numberOfFloorsAboveGround"},"geometry":{"type":"Polygon","coordinates":[[[604655.072,4115826.3025],[604652.802,4115826.9925],[604652.912,4115827.3425],[604650.7527102275,4115828.0],[604670.6735686273,4115828.0],[604668.452,4115819.5025],[604654.302,4115823.7425],[604655.072,4115826.3025]]]}},{"type":"Feature","properties":{"id":"4861716XG0146S_part4","floors":6,"height":18.6,"heightSource":"Catastro:numberOfFloorsAboveGround"},"geometry":{"type":"Polygon","coordinates":[[[604649.132,4115825.3025],[604649.9541832191,4115828.0],[604650.7527102275,4115828.0],[604652.912,4115827.3425],[604652.802,4115826.9925],[604655.072,4115826.3025],[604654.302,4115823.7425],[604649.132,4115825.3025]]]}},{"type":"Feature","properties":{"id":"5060401XG0156S_part1","floors":1,"height":3.1,"heightSource":"Catastro:numberOfFloorsAboveGround"},"geometry":{"type":"Polygon","coordinates":[[[604689.0065,4115808.838],[604687.326,4115802.504],[604685.6305,4115784.555],[604684.5185,4115784.66],[604683.4265,4115773.1],[604680.7005,4115760.9345],[604682.226,4115760.785],[604679.8785,4115736.7945],[604679.8705,4115736.7145],[604676.058,4115737.08],[604674.7545,4115726.9125],[604676.141,4115726.7865],[604674.873,4115716.8965],[604674.533,4115713.975],[604677.052,4115710.147],[604684.855,4115709.375],[604684.35,4115703.7655],[604683.752,4115703.065],[604682.582,4115701.9365],[604681.2825,4115700.9605],[604679.873,4115700.151],[604678.375,4115699.521],[604676.8105,4115699.08],[604675.204,4115698.8345],[604673.5795,4115698.788],[604671.9615,4115698.941],[604670.3745,4115699.292],[604668.843,4115699.8355],[604667.3895,4115700.5625],[604666.036,4115701.463],[604664.804,4115702.5225],[604663.711,4115703.7255],[604662.774,4115705.0535],[604662.0075,4115706.4865],[604661.5717,4115707.6162],[604676.27155,4115768.8319],[604685.7131,4115809.7118],[604689.0065,4115808.838]]]}},{"type":"Feature","properties":{"id":"5060401XG0156S_part6","floors":1,"height":3.1,"heightSource":"Catastro:numberOfFloorsAboveGround"},"geometry":{"type":"Polygon","coordinates":[[[604679.501,4115721.542],[604679.221,4115721.562],[604679.701,4115726.462],[604684.321,4115726.042],[604685.381,4115736.982],[604695.821,4115735.981],[604694.721,4115724.562],[604694.441,4115724.582],[604693.101,4115710.262],[604678.608,4115711.6955],[604679.501,4115721.542]]]}},{"type":"Feature","properties":{"id":"5060401XG0156S_part7","floors":1,"height":3.1,"heightSource":"Catastro:numberOfFloorsAboveGround"},"geometry":{"type":"Polygon","coordinates":[[[604684.743,4115760.5385],[604682.387,4115736.473],[604679.8705,4115736.7145],[604679.8785,4115736.7945],[604682.226,4115760.785],[604684.743,4115760.5385]]]}},{"type":"Feature","properties":{"id":"5060401XG0156S_part8","floors":1,"height":3.1,"heightSource":"Catastro:numberOfFloorsAboveGround"},"geometry":{"type":"Polygon","coordinates":[[[604680.7005,4115760.9345],[604683.4265,4115773.1],[604684.911,4115772.7675],[604682.226,4115760.785],[604680.7005,4115760.9345]]]}},{"type":"Feature","properties":{"id":"5060401XG0156S_part9","floors":1,"height":3.1,"heightSource":"Catastro:numberOfFloorsAboveGround"},"geometry":{"type":"Polygon","coordinates":[[[604690.9215,4115748.8425],[604698.5713901029,4115828.0],[604702.9840955648,4115828.0],[604695.3515,4115748.4225],[604690.9215,4115748.8425]]]}},{"type":"Feature","properties":{"id":"5060401XG0156S_part10","floors":1,"height":3.1,"heightSource":"Catastro:numberOfFloorsAboveGround"},"geometry":{"type":"Polygon","coordinates":[[[604719.7094012591,4115828.0],[604730.0403250646,4115828.0],[604726.522,4115790.8525],[604716.282,4115791.8125],[604719.7094012591,4115828.0]]]}},{"type":"Feature","properties":{"id":"5060401XG0156S_part11","floors":2,"height":6.2,"heightSource":"Catastro:numberOfFloorsAboveGround"},"geometry":{"type":"Polygon","coordinates":[[[604775.721,4115689.923],[604733.981,4115693.743],[604734.39,4115698.2245],[604776.138,4115694.4035],[604775.721,4115689.923]]]}},{"type":"Feature","properties":{"id":"5060401XG0156S_part12","floors":1,"height":3.1,"heightSource":"Catastro:numberOfFloorsAboveGround"},"geometry":{"type":"Polygon","coordinates":[[[604734.39,4115698.2245],[604735.541,4115710.843],[604777.291,4115706.803],[604776.138,4115694.4035],[604734.39,4115698.2245]]]}},{"type":"Feature","properties":{"id":"5060401XG0156S_part15","floors":1,"height":3.1,"heightSource":"Catastro:numberOfFloorsAboveGround"},"geometry":{"type":"Polygon","coordinates":[[[604815.788,4115697.8225],[604814.408,4115683.2625],[604790.318,4115685.5725],[604791.698,4115700.1225],[604815.788,4115697.8225]]]}},{"type":"Feature","properties":{"id":"5060401XG0156S_part23","floors":1,"height":3.1,"heightSource":"Catastro:numberOfFloorsAboveGround"},"geometry":{"type":"Polygon","coordinates":[[[604845.4895,4115699.0075],[604845.203,4115693.8245],[604844.6525,4115688.138],[604828.3015,4115689.9175],[604829.488,4115700.8115],[604845.4895,4115699.0075]]]}},{"type":"Feature","properties":{"id":"5060401XG0156S_part26","floors":1,"height":3.1,"heightSource":"Catastro:numberOfFloorsAboveGround"},"geometry":{"type":"Polygon","coordinates":[[[604874.757,4115756.806],[604884.007,4115752.616],[604873.437,4115729.416],[604864.227,4115733.556],[604874.757,4115756.806]]]}}]}
