{"type":"FeatureCollection","name":"lance-nuevo-buildings","crs":{"type":"name","properties":{"name":"EPSG:25830"}},"source":"Direcci\u00f3n General del Catastro, INSPIRE BU, municipio 04064","features":[{"type":"Feature","properties":{"id":"04064A01100213_part1","floors":1,"height":3.1,"heightSource":"Catastro:numberOfFloorsAboveGround"},"geometry":{"type":"Polygon","coordinates":[[[603174.973,4108376.958],[603178.782,4108379.961],[603178.219,4108380.664],[603188.433,4108388.717],[603195.087,4108380.117],[603197.023,4108377.662],[603187.2945,4108369.9915],[603186.4985,4108370.418],[603184.379,4108373.105],[603183.208,4108372.1815],[603175.4685,4108376.3295],[603174.973,4108376.958]]]}},{"type":"Feature","properties":{"id":"04064A01100213_part2","floors":1,"height":3.1,"heightSource":"Catastro:numberOfFloorsAboveGround"},"geometry":{"type":"Polygon","coordinates":[[[603188.433,4108388.717],[603195.549,4108393.343],[603196.323,4108392.362],[603194.005,4108390.534],[603199.484,4108383.585],[603195.087,4108380.117],[603188.433,4108388.717]]]}},{"type":"Feature","properties":{"id":"04064A01100214_part1","floors":1,"height":3.1,"heightSource":"Catastro:numberOfFloorsAboveGround"},"geometry":{"type":"Polygon","coordinates":[[[603183.208,4108372.1815],[603180.453,4108370.009],[603175.4685,4108376.3295],[603183.208,4108372.1815]]]}},{"type":"Feature","properties":{"id":"2781054XG0028B_part1","floors":2,"height":6.2,"heightSource":"Catastro:numberOfFloorsAboveGround"},"geometry":{"type":"Polygon","coordinates":[[[603099.09,4108397.74],[603098.3,4108398.03],[603094.81,4108399.29],[603093.48,4108399.77],[603092.03,4108400.31],[603092.14,4108400.6],[603097.08,4108412.67],[603104.96,4108409.16],[603105.44,4108410.25],[603115.53,4108405.76],[603114.22,4108402.15],[603111.02,4108403.31],[603109.93,4108400.29],[603106.76,4108401.38],[603106.46,4108400.55],[603102.31,4108402.05],[603101.19,4108398.94],[603100.56,4108397.21],[603099.09,4108397.74]]]}},{"type":"Feature","properties":{"id":"2781054XG0028B_part2","floors":1,"height":3.1,"heightSource":"Catastro:numberOfFloorsAboveGround"},"geometry":{"type":"Polygon","coordinates":[[[603103.78,4108398.0],[603101.19,4108398.94],[603102.31,4108402.05],[603106.46,4108400.55],[603106.76,4108401.38],[603109.93,4108400.29],[603111.02,4108403.31],[603114.22,4108402.15],[603115.53,4108405.76],[603125.761,4108400.468],[603121.1995,4108389.9175],[603120.86,4108390.04],[603114.39,4108392.42],[603114.8,4108393.51],[603108.58,4108395.78],[603108.1,4108394.48],[603103.14,4108396.24],[603103.78,4108398.0]]]}},{"type":"Feature","properties":{"id":"2781054XG0028B_part3","floors":1,"height":3.1,"heightSource":"Catastro:numberOfFloorsAboveGround"},"geometry":{"type":"Polygon","coordinates":[[[603124.17,4108389.31],[603121.71,4108390.09],[603121.64,4108389.93],[603121.58,4108389.78],[603121.1995,4108389.9175],[603125.761,4108400.468],[603132.33,4108397.07],[603128.4,4108387.98],[603124.17,4108389.31]]]}},{"type":"Feature","properties":{"id":"30410A0XG0038S_part1","floors":2,"height":6.2,"heightSource":"Catastro:numberOfFloorsAboveGround"},"geometry":{"type":"Polygon","coordinates":[[[603049.375,4108368.4555],[603042.75,4108372.496],[603043.9245,4108374.422],[603050.5495,4108370.3815],[603049.375,4108368.4555]]]}},{"type":"Feature","properties":{"id":"30410A0XG0038S_part2","floors":1,"height":3.1,"heightSource":"Catastro:numberOfFloorsAboveGround"},"geometry":{"type":"Polygon","coordinates":[[[603060.545,4108374.867],[603060.9785,4108376.0965],[603061.1335,4108376.537],[603061.5885,4108377.8275],[603061.6415,4108377.978],[603066.856,4108376.143],[603067.08,4108375.957],[603067.1505,4108375.7975],[603067.145,4108375.5295],[603065.0595,4108372.113],[603060.545,4108374.867]],[[603064.1605,4108375.575],[603063.772,4108374.412],[603064.508,4108373.964],[603065.243,4108375.1935],[603064.1605,4108375.575]]]}},{"type":"Feature","properties":{"id":"30410A0XG0038S_part3","floors":1,"height":3.1,"heightSource":"Catastro:numberOfFloorsAboveGround"},"geometry":{"type":"Polygon","coordinates":[[[603058.618,4108378.0695],[603059.0625,4108378.688],[603061.5885,4108377.8275],[603061.1335,4108376.537],[603058.618,4108378.0695]]]}},{"type":"Feature","properties":{"id":"30410A0XG0038S_part4","floors":2,"height":6.2,"heightSource":"Catastro:numberOfFloorsAboveGround"},"geometry":{"type":"Polygon","coordinates":[[[603057.8405,4108367.728],[603058.494,4108368.7995],[603061.5965,4108366.907],[603060.9495,4108365.832],[603057.8405,4108367.728]]]}},{"type":"Feature","properties":{"id":"30410A0XG0038S_part5","floors":1,"height":3.1,"heightSource":"Catastro:numberOfFloorsAboveGround"},"geometry":{"type":"Polygon","coordinates":[[[603050.5495,4108370.3815],[603051.3465,4108371.688],[603057.8405,4108367.728],[603060.9495,4108365.832],[603060.164,4108364.527],[603050.5495,4108370.3815]]]}},{"type":"Feature","properties":{"id":"30410A0XG0038S_part6","floors":1,"height":3.1,"heightSource":"Catastro:numberOfFloorsAboveGround"},"geometry":{"type":"Polygon","coordinates":[[[603051.8735,4108380.178],[603055.749,4108379.817],[603059.0625,4108378.688],[603058.618,4108378.0695],[603061.1335,4108376.537],[603060.9785,4108376.0965],[603060.545,4108374.867],[603054.825,4108378.3555],[603054.346,4108377.5705],[603054.191,4108377.6645],[603053.634,4108376.7515],[603050.235,4108378.824],[603050.7905,4108379.7345],[603048.166,4108381.3315],[603051.8735,4108380.178]]]}},{"type":"Feature","properties":{"id":"30410A0XG0038S_part7","floors":2,"height":6.2,"heightSource":"Catastro:numberOfFloorsAboveGround"},"geometry":{"type":"Polygon","coordinates":[[[603043.9245,4108374.422],[603048.166,4108381.3315],[603050.7905,4108379.7345],[603050.235,4108378.824],[603053.634,4108376.7515],[603054.191,4108377.6645],[603054.346,4108377.5705],[603054.825,4108378.3555],[603060.545,4108374.867],[603065.0595,4108372.113],[603063.064,4108368.845],[603062.8455,4108368.983],[603061.5965,4108366.907],[603058.494,4108368.7995],[603057.8405,4108367.728],[603051.3465,4108371.688],[603050.5495,4108370.3815],[603043.9245,4108374.422]]]}},{"type":"Feature","properties":{"id":"3041001XG0038E_part1","floors":1,"height":3.1,"heightSource":"Catastro:numberOfFloorsAboveGround"},"geometry":{"type":"Polygon","coordinates":[[[603084.68,4108358.03],[603086.65,4108361.79],[603089.34,4108360.38],[603087.37,4108356.62],[603084.68,4108358.03]]]}},{"type":"Feature","properties":{"id":"3041001XG0038E_part2","floors":1,"height":3.1,"heightSource":"Catastro:numberOfFloorsAboveGround"},"geometry":{"type":"Polygon","coordinates":[[[603086.65,4108361.79],[603088.58,4108365.46],[603091.23,4108363.98],[603089.34,4108360.38],[603086.65,4108361.79]]]}},{"type":"Feature","properties":{"id":"3041001XG0038E_part3","floors":1,"height":3.1,"heightSource":"Catastro:numberOfFloorsAboveGround"},"geometry":{"type":"Polygon","coordinates":[[[603091.23,4108363.98],[603093.29,4108367.9],[603095.95,4108366.47],[603093.84,4108362.53],[603091.23,4108363.98]]]}},{"type":"Feature","properties":{"id":"3041001XG0038E_part4","floors":1,"height":3.1,"heightSource":"Catastro:numberOfFloorsAboveGround"},"geometry":{"type":"Polygon","coordinates":[[[603093.29,4108367.9],[603095.25,4108371.63],[603097.93,4108370.16],[603095.95,4108366.47],[603093.29,4108367.9]]]}},{"type":"Feature","properties":{"id":"3041001XG0038E_part5","floors":1,"height":3.1,"heightSource":"Catastro:numberOfFloorsAboveGround"},"geometry":{"type":"Polygon","coordinates":[[[603099.89,4108386.35],[603096.42,4108380.07],[603094.98,4108380.76],[603091.9,4108377.23],[603090.95,4108378.07],[603099.03,4108386.76],[603099.89,4108386.35]]]}},{"type":"Feature","properties":{"id":"3041001XG0038E_part6","floors":1,"height":3.1,"heightSource":"Catastro:numberOfFloorsAboveGround"},"geometry":{"type":"Polygon","coordinates":[[[603094.91,4108352.67],[603096.88,4108356.42],[603102.38,4108353.53],[603100.39,4108349.8],[603094.91,4108352.67]]]}},{"type":"Feature","properties":{"id":"3041001XG0038E_part7","floors":1,"height":3.1,"heightSource":"Catastro:numberOfFloorsAboveGround"},"geometry":{"type":"Polygon","coordinates":[[[603097.93,4108370.16],[603099.84,4108373.8],[603102.49,4108372.39],[603100.57,4108368.71],[603097.93,4108370.16]]]}},{"type":"Feature","properties":{"id":"3041001XG0038E_part8","floors":1,"height":3.1,"heightSource":"Catastro:numberOfFloorsAboveGround"},"geometry":{"type":"Polygon","coordinates":[[[603096.88,4108356.42],[603098.67,4108359.83],[603101.25,4108358.38],[603104.1,4108356.75],[603102.38,4108353.53],[603096.88,4108356.42]]]}},{"type":"Feature","properties":{"id":"3041001XG0038E_part9","floors":1,"height":3.1,"heightSource":"Catastro:numberOfFloorsAboveGround"},"geometry":{"type":"Polygon","coordinates":[[[603099.84,4108373.8],[603101.69,4108377.32],[603104.28,4108375.86],[603102.49,4108372.39],[603099.84,4108373.8]]]}},{"type":"Feature","properties":{"id":"3041001XG0038E_part10","floors":1,"height":3.1,"heightSource":"Catastro:numberOfFloorsAboveGround"},"geometry":{"type":"Polygon","coordinates":[[[603101.25,4108358.38],[603103.4,4108362.48],[603106.32,4108360.92],[603104.1,4108356.75],[603101.25,4108358.38]]]}},{"type":"Feature","properties":{"id":"3041001XG0038E_part11","floors":1,"height":3.1,"heightSource":"Catastro:numberOfFloorsAboveGround"},"geometry":{"type":"Polygon","coordinates":[[[603103.4,4108362.48],[603105.31,4108366.11],[603107.7,4108364.8],[603108.24,4108364.51],[603106.32,4108360.92],[603103.4,4108362.48]]]}},{"type":"Feature","properties":{"id":"3041001XG0038E_part12","floors":1,"height":3.1,"heightSource":"Catastro:numberOfFloorsAboveGround"},"geometry":{"type":"Polygon","coordinates":[[[603099.78,4108378.31],[603103.64,4108385.71],[603110.89,4108381.94],[603106.97,4108374.35],[603104.28,4108375.86],[603101.69,4108377.32],[603099.78,4108378.31]]]}},{"type":"Feature","properties":{"id":"3041001XG0038E_part13","floors":1,"height":3.1,"heightSource":"Catastro:numberOfFloorsAboveGround"},"geometry":{"type":"Polygon","coordinates":[[[603107.7,4108364.8],[603109.68,4108368.57],[603110.93,4108367.9],[603108.61,4108365.2],[603108.24,4108364.51],[603107.7,4108364.8]]]}},{"type":"Feature","properties":{"id":"3041001XG0038E_part14","floors":1,"height":3.1,"heightSource":"Catastro:numberOfFloorsAboveGround"},"geometry":{"type":"Polygon","coordinates":[[[603109.68,4108368.57],[603111.41,4108371.86],[603113.42,4108370.8],[603110.93,4108367.9],[603109.68,4108368.57]]]}},{"type":"Feature","properties":{"id":"3041001XG0038E_part15","floors":1,"height":3.1,"heightSource":"Catastro:numberOfFloorsAboveGround"},"geometry":{"type":"Polygon","coordinates":[[[603103.64,4108385.71],[603105.61,4108389.5],[603121.75,4108384.29],[603118.45,4108378.01],[603110.89,4108381.94],[603103.64,4108385.71]]]}},{"type":"Feature","properties":{"id":"3041001XG0038E_part16","floors":2,"height":6.2,"heightSource":"Catastro:numberOfFloorsAboveGround"},"geometry":{"type":"Polygon","coordinates":[[[603087.37,4108356.62],[603089.34,4108360.38],[603096.88,4108356.42],[603094.91,4108352.67],[603087.37,4108356.62]]]}},{"type":"Feature","properties":{"id":"3041001XG0038E_part17","floors":2,"height":6.2,"heightSource":"Catastro:numberOfFloorsAboveGround"},"geometry":{"type":"Polygon","coordinates":[[[603089.34,4108360.38],[603091.23,4108363.98],[603093.84,4108362.53],[603098.67,4108359.83],[603096.88,4108356.42],[603089.34,4108360.38]]]}},{"type":"Feature","properties":{"id":"3041001XG0038E_part18","floors":2,"height":6.2,"heightSource":"Catastro:numberOfFloorsAboveGround"},"geometry":{"type":"Polygon","coordinates":[[[603093.84,4108362.53],[603095.95,4108366.47],[603103.4,4108362.48],[603101.25,4108358.38],[603098.67,4108359.83],[603093.84,4108362.53]]]}},{"type":"Feature","properties":{"id":"3041001XG0038E_part19","floors":2,"height":6.2,"heightSource":"Catastro:numberOfFloorsAboveGround"},"geometry":{"type":"Polygon","coordinates":[[[603095.95,4108366.47],[603097.93,4108370.16],[603100.57,4108368.71],[603105.31,4108366.11],[603103.4,4108362.48],[603095.95,4108366.47]]]}},{"type":"Feature","properties":{"id":"3041001XG0038E_part20","floors":2,"height":6.2,"heightSource":"Catastro:numberOfFloorsAboveGround"},"geometry":{"type":"Polygon","coordinates":[[[603100.57,4108368.71],[603102.49,4108372.39],[603109.68,4108368.57],[603107.7,4108364.8],[603105.31,4108366.11],[603100.57,4108368.71]]]}},{"type":"Feature","properties":{"id":"3041001XG0038E_part21","floors":2,"height":6.2,"heightSource":"Catastro:numberOfFloorsAboveGround"},"geometry":{"type":"Polygon","coordinates":[[[603102.49,4108372.39],[603104.28,4108375.86],[603106.97,4108374.35],[603111.41,4108371.86],[603109.68,4108368.57],[603102.49,4108372.39]]]}},{"type":"Feature","properties":{"id":"3041001XG0038E_part22","floors":2,"height":6.2,"heightSource":"Catastro:numberOfFloorsAboveGround"},"geometry":{"type":"Polygon","coordinates":[[[603106.97,4108374.35],[603110.89,4108381.94],[603118.45,4108378.01],[603116.73,4108374.74],[603114.39,4108370.29],[603113.42,4108370.8],[603111.41,4108371.86],[603106.97,4108374.35]]]}},{"type":"Feature","properties":{"id":"3041001XG0038E_part23","floors":1,"height":3.1,"heightSource":"Catastro:numberOfFloorsAboveGround"},"geometry":{"type":"Polygon","coordinates":[[[603129.34,4108377.74],[603120.46,4108367.95],[603116.73,4108369.39],[603103.98,4108347.92],[603100.39,4108349.8],[603102.38,4108353.53],[603104.1,4108356.75],[603106.32,4108360.92],[603108.24,4108364.51],[603108.61,4108365.2],[603110.93,4108367.9],[603113.42,4108370.8],[603114.39,4108370.29],[603116.73,4108374.74],[603123.29,4108381.89],[603128.31,4108381.89],[603136.2,4108379.02],[603135.21,4108376.13],[603133.71,4108376.39],[603129.34,4108377.74]]]}},{"type":"Feature","properties":{"id":"3041001XG0038E_part24","floors":1,"height":3.1,"heightSource":"Catastro:numberOfFloorsAboveGround"},"geometry":{"type":"Polygon","coordinates":[[[603089.95,4108377.0],[603091.19,4108375.85],[603090.18,4108374.67],[603091.98,4108373.7],[603090.66,4108371.21],[603088.08,4108372.49],[603086.89,4108371.23],[603085.78,4108372.04],[603085.81,4108372.54],[603089.95,4108377.0]]]}},{"type":"Feature","properties":{"id":"3041001XG0038E_part25","floors":1,"height":3.1,"heightSource":"Catastro:numberOfFloorsAboveGround"},"geometry":{"type":"Polygon","coordinates":[[[603085.81,4108372.54],[603085.78,4108372.04],[603085.15,4108370.84],[603079.83,4108360.7],[603078.5,4108358.49],[603076.66,4108359.52],[603069.09,4108363.75],[603065.52,4108365.97],[603064.82,4108366.44],[603071.7,4108377.49],[603081.03,4108374.21],[603085.81,4108372.54]]]}},{"type":"Feature","properties":{"id":"3041012XG0038E_part1","floors":1,"height":3.1,"heightSource":"Catastro:numberOfFloorsAboveGround"},"geometry":{"type":"Polygon","coordinates":[[[603047.19,4108386.07],[603049.27,4108391.62],[603052.28,4108390.54],[603051.36,4108387.71],[603053.04,4108387.16],[603052.03,4108384.38],[603047.65,4108385.91],[603047.19,4108386.07]]]}},{"type":"Feature","properties":{"id":"3041012XG0038E_part2","floors":2,"height":6.2,"heightSource":"Catastro:numberOfFloorsAboveGround"},"geometry":{"type":"Polygon","coordinates":[[[603051.36,4108387.71],[603052.28,4108390.54],[603053.25,4108393.52],[603053.92,4108393.31],[603054.91,4108396.35],[603054.42,4108396.5],[603055.36,4108399.41],[603059.81,4108397.96],[603058.54,4108394.05],[603065.2,4108391.88],[603066.45,4108395.72],[603070.74,4108394.35],[603069.71,4108391.18],[603069.24,4108391.33],[603068.31,4108388.44],[603068.76,4108388.29],[603066.92,4108382.65],[603053.04,4108387.16],[603051.36,4108387.71]]]}},{"type":"Feature","properties":{"id":"3041013XG0038E_part1","floors":1,"height":3.1,"heightSource":"Catastro:numberOfFloorsAboveGround"},"geometry":{"type":"Polygon","coordinates":[[[603061.14,4108411.2],[603053.19,4108411.52],[603053.46,4108418.11],[603046.91,4108418.37],[603047.1,4108423.13],[603061.6,4108422.77],[603061.14,4108411.2]]]}},{"type":"Feature","properties":{"id":"3041015XG0038E_part1","floors":1,"height":3.1,"heightSource":"Catastro:numberOfFloorsAboveGround"},"geometry":{"type":"Polygon","coordinates":[[[603046.23,4108450.39],[603044.37,4108445.66],[603041.13,4108446.93],[603042.16,4108449.55],[603042.202,4108449.662],[603042.96,4108451.681],[603046.23,4108450.39]]]}},{"type":"Feature","properties":{"id":"3041015XG0038E_part2","floors":2,"height":6.2,"heightSource":"Catastro:numberOfFloorsAboveGround"},"geometry":{"type":"Polygon","coordinates":[[[603048.35,4108451.28],[603052.28,4108452.94],[603052.04,4108453.58],[603059.94,4108456.91],[603059.59,4108457.76],[603061.62,4108458.61],[603062.74,4108455.96],[603060.98,4108455.21],[603061.8,4108453.27],[603057.54,4108451.47],[603058.87,4108448.29],[603053.64,4108446.1],[603052.33,4108449.2],[603049.7,4108448.09],[603048.35,4108451.28]]]}},{"type":"Feature","properties":{"id":"3041015XG0038E_part3","floors":1,"height":3.1,"heightSource":"Catastro:numberOfFloorsAboveGround"},"geometry":{"type":"Polygon","coordinates":[[[603053.88,4108445.51],[603050.86,4108444.29],[603049.37,4108447.95],[603049.7,4108448.09],[603052.33,4108449.2],[603053.64,4108446.1],[603053.88,4108445.51]]]}},{"type":"Feature","properties":{"id":"3041015XG0038E_part4","floors":1,"height":3.1,"heightSource":"Catastro:numberOfFloorsAboveGround"},"geometry":{"type":"Polygon","coordinates":[[[603057.54,4108451.47],[603061.8,4108453.27],[603063.11,4108450.06],[603058.87,4108448.29],[603057.54,4108451.47]]]}},{"type":"Feature","properties":{"id":"3041015XG0038E_part5","floors":1,"height":3.1,"heightSource":"Catastro:numberOfFloorsAboveGround"},"geometry":{"type":"Polygon","coordinates":[[[603058.79,4108466.05],[603064.08,4108468.3],[603065.92,4108463.98],[603060.63,4108461.73],[603058.79,4108466.05]]]}},{"type":"Feature","properties":{"id":"3041020XG0038E_part2","floors":2,"height":6.2,"heightSource":"Catastro:numberOfFloorsAboveGround"},"geometry":{"type":"Polygon","coordinates":[[[603042.64,4108462.78],[603041.79,4108462.88],[603042.07,4108465.33],[603046.55,4108464.79],[603046.29,4108462.61],[603051.17,4108462.03],[603050.92,4108459.9],[603048.6,4108460.17],[603048.36,4108458.11],[603048.29,4108457.58],[603045.69,4108457.89],[603045.78,4108458.61],[603042.19,4108459.04],[603042.64,4108462.78]]]}},{"type":"Feature","properties":{"id":"3041020XG0038E_part3","floors":1,"height":3.1,"heightSource":"Catastro:numberOfFloorsAboveGround"},"geometry":{"type":"Polygon","coordinates":[[[603045.56,4108456.81],[603041.98,4108457.23],[603042.19,4108459.04],[603045.78,4108458.61],[603045.69,4108457.89],[603045.56,4108456.81]]]}},{"type":"Feature","properties":{"id":"3041020XG0038E_part4","floors":1,"height":3.1,"heightSource":"Catastro:numberOfFloorsAboveGround"},"geometry":{"type":"Polygon","coordinates":[[[603046.29,4108462.61],[603046.55,4108464.79],[603051.45,4108464.23],[603051.17,4108462.03],[603046.29,4108462.61]]]}},{"type":"Feature","properties":{"id":"3041020XG0038E_part5","floors":1,"height":3.1,"heightSource":"Catastro:numberOfFloorsAboveGround"},"geometry":{"type":"Polygon","coordinates":[[[603050.74,4108457.9],[603048.36,4108458.11],[603048.6,4108460.17],[603050.92,4108459.9],[603050.74,4108457.9]]]}},{"type":"Feature","properties":{"id":"3041021XG0038E_part1","floors":2,"height":6.2,"heightSource":"Catastro:numberOfFloorsAboveGround"},"geometry":{"type":"Polygon","coordinates":[[[603076.059,4108456.0595],[603076.993,4108456.5345],[603076.493,4108457.517],[603075.129,4108456.8235],[603073.353,4108460.315],[603079.505,4108463.444],[603081.315,4108459.8855],[603084.1185,4108461.312],[603086.425,4108456.7775],[603084.0215,4108455.555],[603080.303,4108453.6635],[603077.8995,4108452.441],[603076.059,4108456.0595]]]}},{"type":"Feature","properties":{"id":"3041021XG0038E_part2","floors":2,"height":6.2,"heightSource":"Catastro:numberOfFloorsAboveGround"},"geometry":{"type":"Polygon","coordinates":[[[603079.257,4108449.772],[603077.8995,4108452.441],[603080.303,4108453.6635],[603081.6605,4108450.9945],[603079.257,4108449.772]]]}},{"type":"Feature","properties":{"id":"3041021XG0038E_part3","floors":2,"height":6.2,"heightSource":"Catastro:numberOfFloorsAboveGround"},"geometry":{"type":"Polygon","coordinates":[[[603080.303,4108453.6635],[603084.0215,4108455.555],[603085.379,4108452.886],[603081.6605,4108450.9945],[603080.303,4108453.6635]]]}},{"type":"Feature","properties":{"id":"3041021XG0038E_part4","floors":2,"height":6.2,"heightSource":"Catastro:numberOfFloorsAboveGround"},"geometry":{"type":"Polygon","coordinates":[[[603084.0215,4108455.555],[603086.425,4108456.7775],[603087.7825,4108454.1085],[603085.379,4108452.886],[603084.0215,4108455.555]]]}},{"type":"Feature","properties":{"id":"3041022XG0038E_part1","floors":1,"height":3.1,"heightSource":"Catastro:numberOfFloorsAboveGround"},"geometry":{"type":"Polygon","coordinates":[[[603072.79,4108475.23],[603074.88,4108476.57],[603075.53,4108475.57],[603073.44,4108474.23],[603072.79,4108475.23]]]}},{"type":"Feature","properties":{"id":"3041022XG0038E_part2","floors":1,"height":3.1,"heightSource":"Catastro:numberOfFloorsAboveGround"},"geometry":{"type":"Polygon","coordinates":[[[603075.67,4108470.82],[603074.7,4108472.29],[603076.73,4108473.61],[603077.68,4108472.15],[603075.67,4108470.82]]]}},{"type":"Feature","properties":{"id":"3041022XG0038E_part3","floors":2,"height":6.2,"heightSource":"Catastro:numberOfFloorsAboveGround"},"geometry":{"type":"Polygon","coordinates":[[[603073.44,4108474.23],[603075.53,4108475.57],[603077.7,4108476.97],[603076.49,4108478.86],[603080.5,4108481.63],[603081.08,4108480.78],[603083.49,4108482.44],[603085.9,4108478.96],[603083.31,4108477.17],[603082.57,4108478.25],[603081.72,4108477.66],[603084.42,4108473.74],[603081.6,4108471.8],[603080.58,4108473.29],[603078.07,4108471.55],[603077.68,4108472.15],[603076.73,4108473.61],[603074.7,4108472.29],[603073.44,4108474.23]]]}},{"type":"Feature","properties":{"id":"3041022XG0038E_part4","floors":1,"height":3.1,"heightSource":"Catastro:numberOfFloorsAboveGround"},"geometry":{"type":"Polygon","coordinates":[[[603082.96,4108472.14],[603088.47,4108474.62],[603094.6,4108471.04],[603093.07,4108468.4],[603082.96,4108472.14]]]}},{"type":"Feature","properties":{"id":"3041023XG0038E_part1","floors":1,"height":3.1,"heightSource":"Catastro:numberOfFloorsAboveGround"},"geometry":{"type":"Polygon","coordinates":[[[603093.63,4108485.57],[603095.47,4108487.91],[603099.04,4108485.16],[603097.35,4108482.89],[603094.03,4108485.25],[603093.63,4108485.57]]]}},{"type":"Feature","properties":{"id":"3041023XG0038E_part2","floors":2,"height":6.2,"heightSource":"Catastro:numberOfFloorsAboveGround"},"geometry":{"type":"Polygon","coordinates":[[[603091.97,4108482.63],[603090.56,4108483.74],[603088.9,4108481.63],[603086.56,4108483.47],[603084.46,4108485.12],[603085.32,4108486.21],[603084.55,4108486.82],[603088.15,4108491.4],[603089.29,4108490.51],[603090.96,4108492.64],[603092.86,4108491.15],[603092.29,4108490.43],[603095.47,4108487.91],[603093.63,4108485.57],[603094.03,4108485.25],[603091.97,4108482.63]]]}},{"type":"Feature","properties":{"id":"3041024XG0038E_part1","floors":1,"height":3.1,"heightSource":"Catastro:numberOfFloorsAboveGround"},"geometry":{"type":"Polygon","coordinates":[[[603096.42,4108512.46],[603100.07,4108512.29],[603099.92,4108508.25],[603096.93,4108508.36],[603096.96,4108508.96],[603096.36,4108508.95],[603096.42,4108512.46]]]}},{"type":"Feature","properties":{"id":"3041024XG0038E_part2","floors":2,"height":6.2,"heightSource":"Catastro:numberOfFloorsAboveGround"},"geometry":{"type":"Polygon","coordinates":[[[603095.78,4108508.96],[603095.72,4108506.01],[603092.58,4108506.06],[603092.57,4108505.57],[603089.35,4108505.63],[603089.39,4108507.94],[603086.9,4108507.98],[603086.93,4108511.41],[603091.88,4108511.32],[603091.9,4108512.55],[603096.42,4108512.46],[603096.36,4108508.95],[603095.78,4108508.96]]]}},{"type":"Feature","properties":{"id":"3041024XG0038E_part3","floors":1,"height":3.1,"heightSource":"Catastro:numberOfFloorsAboveGround"},"geometry":{"type":"Polygon","coordinates":[[[603102.77,4108512.19],[603102.62,4108508.15],[603099.92,4108508.25],[603100.07,4108512.29],[603102.77,4108512.19]]]}},{"type":"Feature","properties":{"id":"3041027XG0038E_part1","floors":1,"height":3.1,"heightSource":"Catastro:numberOfFloorsAboveGround"},"geometry":{"type":"Polygon","coordinates":[[[603115.34,4108622.6],[603115.11,4108622.87],[603115.67,4108623.3],[603117.65,4108624.82],[603117.52,4108625.05],[603118.31,4108625.67],[603118.2,4108625.85],[603119.48,4108626.79],[603120.79,4108627.76],[603122.9,4108624.88],[603123.26,4108624.4],[603123.43,4108624.18],[603123.35,4108624.12],[603121.74,4108622.88],[603119.75,4108621.36],[603120.7,4108620.11],[603121.7,4108618.78],[603121.75,4108618.72],[603121.7,4108618.67],[603119.81,4108617.2],[603121.76,4108614.69],[603120.96,4108614.05],[603119.35,4108612.76],[603118.85,4108612.36],[603118.79,4108612.43],[603118.26,4108613.19],[603116.26,4108616.0],[603118.09,4108617.31],[603116.22,4108619.94],[603116.99,4108620.48],[603115.46,4108622.44],[603115.34,4108622.6]]]}},{"type":"Feature","properties":{"id":"3041027XG0038E_part2","floors":2,"height":6.2,"heightSource":"Catastro:numberOfFloorsAboveGround"},"geometry":{"type":"Polygon","coordinates":[[[603113.65,4108609.53],[603112.79,4108610.7],[603111.54,4108612.42],[603111.19,4108612.11],[603109.9,4108613.84],[603108.45,4108615.8],[603112.77,4108619.04],[603112.52,4108619.37],[603112.52,4108619.39],[603113.85,4108620.43],[603113.78,4108620.52],[603113.51,4108620.94],[603115.46,4108622.44],[603116.99,4108620.48],[603116.22,4108619.94],[603118.09,4108617.31],[603116.26,4108616.0],[603118.26,4108613.19],[603116.12,4108611.49],[603114.47,4108610.18],[603113.65,4108609.53]]]}},{"type":"Feature","properties":{"id":"3041027XG0038E_part3","floors":1,"height":3.1,"heightSource":"Catastro:numberOfFloorsAboveGround"},"geometry":{"type":"Polygon","coordinates":[[[603121.1,4108613.84],[603121.75,4108612.93],[603122.59,4108611.76],[603116.86,4108607.29],[603116.7,4108607.17],[603116.57,4108607.07],[603116.52,4108607.13],[603114.73,4108609.79],[603114.47,4108610.18],[603116.12,4108611.49],[603118.26,4108613.19],[603118.79,4108612.43],[603118.85,4108612.36],[603119.35,4108612.76],[603120.96,4108614.05],[603121.1,4108613.84]]]}},{"type":"Feature","properties":{"id":"3041074XG0038E_part1","floors":1,"height":3.1,"heightSource":"Catastro:numberOfFloorsAboveGround"},"geometry":{"type":"Polygon","coordinates":[[[603058.87,4108355.0],[603065.52,4108365.97],[603069.09,4108363.75],[603062.14,4108352.54],[603058.87,4108355.0]]]}},{"type":"Feature","properties":{"id":"3041074XG0038E_part2","floors":2,"height":6.2,"heightSource":"Catastro:numberOfFloorsAboveGround"},"geometry":{"type":"Polygon","coordinates":[[[603081.03,4108339.17],[603081.26,4108339.72],[603077.89,4108341.43],[603078.1,4108341.88],[603074.79,4108343.63],[603074.99,4108344.04],[603071.54,4108345.82],[603069.89,4108346.92],[603070.17,4108348.11],[603074.4,4108355.47],[603076.66,4108359.52],[603078.5,4108358.49],[603083.232,4108355.9535],[603082.61,4108354.79],[603086.22,4108352.84],[603086.8495,4108354.0185],[603088.46,4108353.16],[603096.4,4108348.89],[603088.99,4108334.95],[603081.03,4108339.17]],[[603081.97,4108353.6],[603078.1,4108346.38],[603081.72,4108344.44],[603085.59,4108351.66],[603081.97,4108353.6]]]}},{"type":"Feature","properties":{"id":"3041074XG0038E_part3","floors":3,"height":9.3,"heightSource":"Catastro:numberOfFloorsAboveGround"},"geometry":{"type":"Polygon","coordinates":[[[603081.72,4108344.44],[603078.1,4108346.38],[603081.97,4108353.6],[603085.59,4108351.66],[603081.72,4108344.44]]]}},{"type":"Feature","properties":{"id":"3041074XG0038E_part4","floors":3,"height":9.3,"heightSource":"Catastro:numberOfFloorsAboveGround"},"geometry":{"type":"Polygon","coordinates":[[[603086.22,4108352.84],[603082.61,4108354.79],[603083.232,4108355.9535],[603085.29,4108354.85],[603086.8495,4108354.0185],[603086.22,4108352.84]]]}},{"type":"Feature","properties":{"id":"3041074XG0038E_part5","floors":1,"height":3.1,"heightSource":"Catastro:numberOfFloorsAboveGround"},"geometry":{"type":"Polygon","coordinates":[[[603088.57,4108334.24],[603088.99,4108334.95],[603096.4,4108348.89],[603101.09,4108346.39],[603093.19,4108331.67],[603088.57,4108334.24]]]}},{"type":"Feature","properties":{"id":"3041074XG0038E_part6","floors":1,"height":3.1,"heightSource":"Catastro:numberOfFloorsAboveGround"},"geometry":{"type":"Polygon","coordinates":[[[603094.06,4108330.26],[603094.32,4108330.7],[603093.19,4108331.67],[603101.09,4108346.39],[603104.42,4108344.52],[603108.29,4108342.44],[603101.7,4108327.49],[603099.0,4108329.21],[603097.82,4108327.66],[603094.06,4108330.26]]]}},{"type":"Feature","properties":{"id":"3041076XG0038E_part1","floors":2,"height":6.2,"heightSource":"Catastro:numberOfFloorsAboveGround"},"geometry":{"type":"Polygon","coordinates":[[[603041.19,4108475.97],[603040.0,4108476.406734007],[603040.0,4108480.0809264304],[603042.4,4108479.1],[603041.19,4108475.97]]]}},{"type":"Feature","properties":{"id":"3041076XG0038E_part2","floors":1,"height":3.1,"heightSource":"Catastro:numberOfFloorsAboveGround"},"geometry":{"type":"Polygon","coordinates":[[[603040.0,4108480.0809264304],[603040.0,4108486.0025895317],[603044.6,4108483.88],[603043.25,4108478.75],[603042.4,4108479.1],[603040.0,4108480.0809264304]]]}},{"type":"Feature","properties":{"id":"3041077XG0038E_part1","floors":2,"height":6.2,"heightSource":"Catastro:numberOfFloorsAboveGround"},"geometry":{"type":"Polygon","coordinates":[[[603048.17,4108478.17],[603048.21,4108476.46],[603047.04,4108476.43],[603047.05,4108475.13],[603049.29,4108475.15],[603049.28,4108478.22],[603057.22,4108478.26],[603057.27,4108469.05],[603049.71,4108469.01],[603049.7,4108470.72],[603046.4,4108470.7],[603046.39,4108472.02],[603043.77,4108472.03],[603043.74,4108476.41],[603044.77,4108476.42],[603044.76,4108478.16],[603048.17,4108478.17]]]}},{"type":"Feature","properties":{"id":"3041078XG0038E_part1","floors":2,"height":6.2,"heightSource":"Catastro:numberOfFloorsAboveGround"},"geometry":{"type":"Polygon","coordinates":[[[603068.66,4108479.79],[603066.14,4108478.1],[603064.87,4108479.98],[603062.8,4108478.58],[603061.38,4108480.69],[603064.57,4108482.84],[603065.67,4108483.58],[603064.53,4108485.2],[603068.7,4108488.01],[603070.03,4108486.03],[603069.13,4108485.43],[603072.63,4108480.22],[603069.7,4108478.24],[603068.66,4108479.79]]]}},{"type":"Feature","properties":{"id":"3041078XG0038E_part2","floors":3,"height":9.3,"heightSource":"Catastro:numberOfFloorsAboveGround"},"geometry":{"type":"Polygon","coordinates":[[[603059.43,4108483.58],[603062.63,4108485.73],[603064.57,4108482.84],[603061.38,4108480.69],[603059.43,4108483.58]]]}},{"type":"Feature","properties":{"id":"3041079XG0038E_part1","floors":2,"height":6.2,"heightSource":"Catastro:numberOfFloorsAboveGround"},"geometry":{"type":"Polygon","coordinates":[[[603081.22,4108498.87],[603081.72,4108499.55],[603084.46,4108497.31],[603082.83,4108495.3],[603084.69,4108493.79],[603082.52,4108491.14],[603082.08,4108491.49],[603080.19,4108489.16],[603077.96,4108490.97],[603077.06,4108489.87],[603073.64,4108492.65],[603076.78,4108496.49],[603080.74,4108493.25],[603083.12,4108496.15],[603079.88,4108498.81],[603081.22,4108498.87]]]}},{"type":"Feature","properties":{"id":"3041079XG0038E_part2","floors":3,"height":9.3,"heightSource":"Catastro:numberOfFloorsAboveGround"},"geometry":{"type":"Polygon","coordinates":[[[603076.77,4108496.5],[603074.27,4108498.53],[603074.56,4108498.98],[603075.34,4108500.0],[603076.25,4108501.19],[603077.68,4108500.0],[603078.85,4108499.03],[603079.16,4108498.77],[603079.88,4108498.81],[603083.12,4108496.15],[603080.74,4108493.25],[603076.78,4108496.49],[603076.77,4108496.5]]]}},{"type":"Feature","properties":{"id":"3285001XG0038E_part1","floors":1,"height":3.1,"heightSource":"Catastro:numberOfFloorsAboveGround"},"geometry":{"type":"Polygon","coordinates":[[[603042.33,4108351.36],[603044.67,4108349.78],[603043.22,4108347.87],[603041.44,4108345.51],[603040.2,4108346.44],[603040.0,4108346.5828571427],[603040.0,4108360.255507246],[603040.14,4108360.15],[603045.2,4108356.36],[603045.47,4108356.17],[603042.33,4108351.36]]]}},{"type":"Feature","properties":{"id":"3285002XG0038E_part1","floors":1,"height":3.1,"heightSource":"Catastro:numberOfFloorsAboveGround"},"geometry":{"type":"Polygon","coordinates":[[[603057.38,4108327.59],[603057.27,4108327.44],[603056.67,4108327.88],[603054.06,4108329.84],[603052.09,4108331.31],[603053.25,4108332.93],[603054.09,4108332.33],[603057.65,4108337.2],[603058.61,4108336.5],[603062.04,4108334.02],[603057.38,4108327.59]]]}},{"type":"Feature","properties":{"id":"3285002XG0038E_part2","floors":2,"height":6.2,"heightSource":"Catastro:numberOfFloorsAboveGround"},"geometry":{"type":"Polygon","coordinates":[[[603050.18,4108332.75],[603047.56,4108334.73],[603047.26,4108334.33],[603044.84,4108336.17],[603048.52,4108341.03],[603049.31,4108342.07],[603048.2,4108342.91],[603051.42,4108347.24],[603052.67,4108346.31],[603051.22,4108344.37],[603053.53,4108342.64],[603054.95,4108344.52],[603055.61,4108344.01],[603056.96,4108343.0],[603057.54,4108343.76],[603058.18,4108343.27],[603061.18,4108340.99],[603061.51,4108340.74],[603061.66,4108340.62],[603058.61,4108336.5],[603057.65,4108337.2],[603054.09,4108332.33],[603053.25,4108332.93],[603052.09,4108331.31],[603050.18,4108332.75]]]}},{"type":"Feature","properties":{"id":"3285003XG0038E_part1","floors":2,"height":6.2,"heightSource":"Catastro:numberOfFloorsAboveGround"},"geometry":{"type":"Polygon","coordinates":[[[603062.95,4108323.6],[603071.34,4108334.35],[603072.55,4108333.49],[603064.17,4108322.74],[603062.95,4108323.6]]]}},{"type":"Feature","properties":{"id":"3285003XG0038E_part2","floors":2,"height":6.2,"heightSource":"Catastro:numberOfFloorsAboveGround"},"geometry":{"type":"Polygon","coordinates":[[[603064.17,4108322.74],[603072.55,4108333.49],[603085.43,4108324.3],[603083.87,4108321.98],[603084.7,4108321.4],[603083.7480857581,4108320.0],[603082.1712779553,4108320.0],[603084.04,4108322.91],[603079.84,4108325.6],[603076.2438338659,4108320.0],[603068.060625663,4108320.0],[603064.17,4108322.74]]]}},{"type":"Feature","properties":{"id":"3285003XG0038E_part3","floors":3,"height":9.3,"heightSource":"Catastro:numberOfFloorsAboveGround"},"geometry":{"type":"Polygon","coordinates":[[[603079.84,4108325.6],[603084.04,4108322.91],[603082.1712779553,4108320.0],[603076.2438338659,4108320.0],[603079.84,4108325.6]]]}},{"type":"Feature","properties":{"id":"3285003XG0038E_part4","floors":2,"height":6.2,"heightSource":"Catastro:numberOfFloorsAboveGround"},"geometry":{"type":"Polygon","coordinates":[[[603084.7,4108321.4],[603083.87,4108321.98],[603085.43,4108324.3],[603087.07,4108323.12],[603084.9918521815,4108320.0],[603083.7480857581,4108320.0],[603084.7,4108321.4]]]}},{"type":"Feature","properties":{"id":"3285003XG0038E_part5","floors":1,"height":3.1,"heightSource":"Catastro:numberOfFloorsAboveGround"},"geometry":{"type":"Polygon","coordinates":[[[603089.77,4108321.22],[603089.0244444443,4108320.0],[603084.9918521815,4108320.0],[603087.07,4108323.12],[603089.77,4108321.22]]]}},{"type":"Feature","properties":{"id":"3285004XG0038E_part1","floors":1,"height":3.1,"heightSource":"Catastro:numberOfFloorsAboveGround"},"geometry":{"type":"Polygon","coordinates":[[[603055.46,4108320.51],[603054.97,4108320.86],[603055.9,4108322.2],[603056.11,4108322.51],[603056.25,4108322.71],[603057.01,4108323.81],[603062.6270646765,4108320.0],[603056.1974324322,4108320.0],[603055.46,4108320.51]]]}},{"type":"Feature","properties":{"id":"3285005XG0038E_part1","floors":1,"height":3.1,"heightSource":"Catastro:numberOfFloorsAboveGround"},"geometry":{"type":"Polygon","coordinates":[[[603041.4,4108325.09],[603041.35,4108325.01],[603045.63,4108322.4],[603045.14,4108321.47],[603044.1822727273,4108320.0],[603040.0,4108320.0],[603040.0,4108326.0004895106],[603041.4,4108325.09]]]}},{"type":"Feature","properties":{"id":"3388016XG0038G_part1","floors":2,"height":6.2,"heightSource":"Catastro:numberOfFloorsAboveGround"},"geometry":{"type":"Polygon","coordinates":[[[603058.8795,4108693.9825],[603065.2322570496,4108720.0],[603078.1127006371,4108720.0],[603078.682,4108719.7275],[603076.663,4108715.511],[603093.6425,4108707.3825],[603093.9495,4108707.3],[603094.2675,4108707.297],[603094.576,4108707.373],[603094.856,4108707.523],[603095.1585,4108707.827],[603095.3915,4108708.3135],[603096.259,4108708.383],[603097.117,4108708.5315],[603097.9575,4108708.758],[603098.7735,4108709.061],[603099.5585,4108709.437],[603100.3055,4108709.884],[603101.008,4108710.3975],[603101.661,4108710.9735],[603102.258,4108711.6065],[603102.795,4108712.292],[603103.266,4108713.0235],[603103.6685,4108713.7955],[603103.9985,4108714.601],[603104.2525,4108715.4335],[603104.4295,4108716.286],[603104.5275,4108717.151],[603104.546,4108718.021],[603104.4845,4108718.8895],[603104.343,4108719.7485],[603104.2775861046,4108720.0],[603129.4377539224,4108720.0],[603115.0015,4108689.844],[603097.8015,4108698.072],[603093.9145,4108689.953],[603092.433,4108690.6625],[603088.115,4108681.6425],[603089.597,4108680.9335],[603088.949,4108679.5805],[603058.8795,4108693.9825]],[[603094.093,4108695.522],[603071.0025,4108706.576],[603064.4395,4108692.866],[603087.53,4108681.812],[603094.093,4108695.522]]]}},{"type":"Feature","properties":{"id":"3388016XG0038G_part4","floors":2,"height":6.2,"heightSource":"Catastro:numberOfFloorsAboveGround"},"geometry":{"type":"Polygon","coordinates":[[[603064.4395,4108692.866],[603071.0025,4108706.576],[603094.093,4108695.522],[603087.53,4108681.812],[603064.4395,4108692.866]]]}},{"type":"Feature","properties":{"id":"3388016XG0038G_part17","floors":2,"height":6.2,"heightSource":"Catastro:numberOfFloorsAboveGround"},"geometry":{"type":"Polygon","coordinates":[[[603104.2525,4108715.4335],[603103.9985,4108714.601],[603103.6685,4108713.7955],[603103.266,4108713.0235],[603102.795,4108712.292],[603102.258,4108711.6065],[603101.661,4108710.9735],[603101.008,4108710.3975],[603100.3055,4108709.884],[603099.5585,4108709.437],[603098.7735,4108709.061],[603097.9575,4108708.758],[603097.117,4108708.5315],[603096.259,4108708.383],[603095.3915,4108708.3135],[603095.1585,4108707.827],[603094.856,4108707.523],[603094.576,4108707.373],[603094.2675,4108707.297],[603093.9495,4108707.3],[603093.6425,4108707.3825],[603076.663,4108715.511],[603078.682,4108719.7275],[603078.1127006371,4108720.0],[603104.2775861046,4108720.0],[603104.343,4108719.7485],[603104.4845,4108718.8895],[603104.546,4108718.021],[603104.5275,4108717.151],[603104.4295,4108716.286],[603104.2525,4108715.4335]]]}},{"type":"Feature","properties":{"id":"3388016XG0038G_part22","floors":2,"height":6.2,"heightSource":"Catastro:numberOfFloorsAboveGround"},"geometry":{"type":"Polygon","coordinates":[[[603088.115,4108681.6425],[603092.433,4108690.6625],[603093.9145,4108689.953],[603089.597,4108680.9335],[603088.115,4108681.6425]]]}},{"type":"Feature","properties":{"id":"3388016XG0038G_part23","floors":2,"height":6.2,"heightSource":"Catastro:numberOfFloorsAboveGround"},"geometry":{"type":"Polygon","coordinates":[[[603108.8535,4108670.047],[603088.949,4108679.5805],[603089.597,4108680.9335],[603106.1545,4108673.007],[603110.4725,4108682.0265],[603093.9145,4108689.953],[603097.8015,4108698.072],[603115.0015,4108689.844],[603117.711,4108688.548],[603113.466,4108679.681],[603110.4385,4108681.13],[603108.34,4108676.7465],[603111.3675,4108675.2975],[603108.8535,4108670.047]]]}},{"type":"Feature","properties":{"id":"3388016XG0038G_part24","floors":2,"height":6.2,"heightSource":"Catastro:numberOfFloorsAboveGround"},"geometry":{"type":"Polygon","coordinates":[[[603110.4725,4108682.0265],[603106.1545,4108673.007],[603089.597,4108680.9335],[603093.9145,4108689.953],[603110.4725,4108682.0265]]]}},{"type":"Feature","properties":{"id":"3388016XG0038G_part32","floors":3,"height":9.3,"heightSource":"Catastro:numberOfFloorsAboveGround"},"geometry":{"type":"Polygon","coordinates":[[[603108.34,4108676.7465],[603110.4385,4108681.13],[603113.466,4108679.681],[603111.3675,4108675.2975],[603108.34,4108676.7465]]]}},{"type":"Feature","properties":{"id":"3388016XG0038G_part34","floors":3,"height":9.3,"heightSource":"Catastro:numberOfFloorsAboveGround"},"geometry":{"type":"Polygon","coordinates":[[[603201.93,4108592.67],[603200.15,4108590.52],[603196.98,4108593.14],[603195.32,4108591.13],[603162.98,4108617.83],[603166.99,4108622.68],[603163.65,4108625.44],[603161.84,4108623.25],[603156.16,4108627.95],[603158.29,4108630.54],[603155.43,4108632.9],[603153.43,4108630.48],[603147.73,4108635.18],[603149.87,4108637.77],[603146.73,4108640.37],[603144.93,4108638.2],[603138.88,4108643.2],[603143.33,4108648.59],[603140.12,4108651.24],[603138.03,4108648.71],[603132.5,4108653.28],[603134.43,4108655.62],[603131.58,4108657.98],[603129.8,4108655.83],[603123.64,4108660.93],[603125.63,4108663.34],[603122.54,4108665.89],[603120.79,4108663.77],[603114.77,4108668.75],[603117.89,4108671.88],[603114.61,4108674.59],[603117.4,4108677.97],[603120.73,4108675.21],[603123.12,4108678.11],[603150.06,4108655.86],[603146.48,4108651.52],[603173.1,4108629.53],[603169.99,4108625.76],[603208.83,4108593.68],[603205.54,4108589.69],[603201.93,4108592.67]]]}},{"type":"Feature","properties":{"id":"3388016XG0038G_part40","floors":3,"height":9.3,"heightSource":"Catastro:numberOfFloorsAboveGround"},"geometry":{"type":"Polygon","coordinates":[[[603229.63,4108678.68],[603228.68,4108676.69],[603221.31,4108680.2],[603222.55,4108682.81],[603214.46,4108686.67],[603213.45,4108684.56],[603206.0,4108688.12],[603206.78,4108689.76],[603199.24,4108693.36],[603198.55,4108691.92],[603190.65,4108695.68],[603191.42,4108697.31],[603183.46,4108701.1],[603182.4,4108698.88],[603175.56,4108702.15],[603176.44,4108704.0],[603168.36,4108707.86],[603167.48,4108706.0],[603159.89,4108709.62],[603160.86,4108711.65],[603152.66,4108715.56],[603151.83,4108713.8],[603145.1,4108717.01],[603146.04,4108718.97],[603143.8743589743,4108720.0],[603158.3231378029,4108720.0],[603235.58,4108683.18],[603233.07,4108677.05],[603229.63,4108678.68]]]}},{"type":"Feature","properties":{"id":"3388016XG0038G_part42","floors":2,"height":6.2,"heightSource":"Catastro:numberOfFloorsAboveGround"},"geometry":{"type":"MultiPolygon","coordinates":[[[[603275.55,4108680.1],[603273.72,4108676.45],[603273.53,4108676.02],[603271.08,4108677.11],[603269.69,4108673.89],[603268.63,4108674.29],[603268.27,4108674.48],[603268.64,4108675.35],[603265.48,4108676.8],[603265.29,4108676.44],[603258.15,4108679.83],[603258.31,4108680.17],[603255.21,4108681.53],[603254.86,4108680.75],[603254.39,4108680.95],[603253.48,4108681.37],[603253.6,4108681.63],[603249.01,4108683.66],[603247.68,4108684.29],[603248.02,4108685.05],[603245.01,4108686.46],[603244.79,4108685.96],[603240.94,4108687.81],[603238.49,4108688.91],[603238.41,4108688.72],[603236.98,4108689.38],[603237.31,4108690.13],[603234.28,4108691.52],[603234.01,4108690.98],[603230.37,4108692.69],[603230.43,4108692.83],[603228.42,4108693.71],[603228.38,4108693.6],[603226.93,4108694.21],[603227.23,4108694.88],[603224.3,4108696.18],[603224.11,4108695.76],[603216.65,4108699.3],[603216.91,4108699.88],[603213.82,4108701.24],[603213.53,4108700.6],[603212.26,4108701.23],[603212.87,4108702.51],[603210.47,4108703.6],[603209.36,4108701.21],[603205.6,4108702.93],[603206.45,4108704.74],[603203.45,4108706.12],[603203.16,4108705.48],[603201.81,4108706.08],[603201.91,4108706.29],[603199.71,4108707.27],[603199.12,4108705.96],[603198.93,4108706.04],[603191.85,4108709.39],[603192.39,4108710.57],[603191.39,4108711.07],[603188.95,4108712.19],[603188.91,4108712.09],[603185.45,4108713.74],[603185.69,4108714.31],[603182.44,4108715.8],[603182.16,4108715.17],[603180.86,4108715.74],[603176.06,4108717.99],[603175.99,4108717.83],[603174.76,4108718.42],[603174.57,4108718.52],[603174.97,4108719.41],[603173.7862420384,4108720.0],[603199.5108695655,4108720.0],[603201.15,4108719.22],[603204.29,4108717.61],[603211.3,4108714.33],[603221.8,4108709.5],[603228.58,4108706.31],[603235.64,4108703.08],[603245.89,4108698.3],[603270.01,4108686.89],[603277.19,4108683.54],[603275.55,4108680.1]]],[[[603171.04,4108719.19],[603169.3123121386,4108720.0],[603171.3929608939,4108720.0],[603171.04,4108719.19]]]]}},{"type":"Feature","properties":{"id":"3388016XG0038G_part43","floors":3,"height":9.3,"heightSource":"Catastro:numberOfFloorsAboveGround"},"geometry":{"type":"Polygon","coordinates":[[[603205.26,4108676.23],[603204.37,4108674.41],[603197.81,4108677.62],[603198.72,4108679.47],[603195.27,4108681.16],[603197.85,4108687.11],[603211.21,4108680.56],[603208.35,4108674.72],[603205.26,4108676.23]]]}},{"type":"Feature","properties":{"id":"3388016XG0038G_part44","floors":3,"height":9.3,"heightSource":"Catastro:numberOfFloorsAboveGround"},"geometry":{"type":"Polygon","coordinates":[[[603217.74,4108663.78],[603216.63,4108661.6],[603213.63,4108663.13],[603215.38,4108666.56],[603208.46,4108670.08],[603210.42,4108674.53],[603223.79,4108667.72],[603220.94,4108662.14],[603217.74,4108663.78]]]}},{"type":"Feature","properties":{"id":"3388016XG0038G_part45","floors":3,"height":9.3,"heightSource":"Catastro:numberOfFloorsAboveGround"},"geometry":{"type":"Polygon","coordinates":[[[603221.33,4108588.86],[603220.56,4108588.22],[603213.54,4108597.01],[603224.48,4108606.22],[603226.04,4108604.27],[603230.6,4108598.56],[603229.79,4108597.92],[603230.81,4108596.65],[603252.77,4108569.16],[603253.79,4108567.9],[603255.38,4108569.17],[603261.39,4108561.66],[603257.21,4108558.32],[603250.22,4108552.73],[603244.35,4108560.07],[603246.67,4108561.92],[603243.4,4108566.01],[603242.78,4108565.51],[603241.5,4108567.12],[603239.8,4108565.76],[603221.33,4108588.86]]]}},{"type":"Feature","properties":{"id":"3388016XG0038G_part46","floors":3,"height":9.3,"heightSource":"Catastro:numberOfFloorsAboveGround"},"geometry":{"type":"Polygon","coordinates":[[[603233.12,4108656.3],[603232.2,4108654.36],[603225.07,4108657.71],[603226.11,4108659.91],[603222.99,4108661.38],[603225.62,4108667.2],[603238.98,4108660.91],[603236.15,4108654.88],[603233.12,4108656.3]]]}},{"type":"Feature","properties":{"id":"3388016XG0038G_part47","floors":3,"height":9.3,"heightSource":"Catastro:numberOfFloorsAboveGround"},"geometry":{"type":"Polygon","coordinates":[[[603262.61,4108662.56],[603258.96,4108664.28],[603258.28,4108662.84],[603251.97,4108665.82],[603252.72,4108667.39],[603243.98,4108671.52],[603243.14,4108669.74],[603236.06,4108673.09],[603236.69,4108674.43],[603234.11,4108675.65],[603237.41,4108682.65],[603265.71,4108669.29],[603262.61,4108662.56]]]}},{"type":"Feature","properties":{"id":"3388016XG0038G_part48","floors":3,"height":9.3,"heightSource":"Catastro:numberOfFloorsAboveGround"},"geometry":{"type":"Polygon","coordinates":[[[603244.88,4108642.59],[603243.86,4108640.38],[603237.2,4108643.46],[603237.99,4108645.17],[603234.78,4108646.65],[603237.41,4108653.31],[603251.04,4108647.02],[603248.27,4108641.03],[603244.88,4108642.59]]]}},{"type":"Feature","properties":{"id":"3388016XG0038G_part49","floors":4,"height":12.4,"heightSource":"Catastro:numberOfFloorsAboveGround"},"geometry":{"type":"Polygon","coordinates":[[[603239.8,4108565.76],[603241.5,4108567.12],[603242.78,4108565.51],[603243.4,4108566.01],[603246.67,4108561.92],[603244.35,4108560.07],[603239.8,4108565.76]]]}},{"type":"Feature","properties":{"id":"3388016XG0038G_part50","floors":2,"height":6.2,"heightSource":"Catastro:numberOfFloorsAboveGround"},"geometry":{"type":"Polygon","coordinates":[[[603311.97,4108622.03],[603309.45,4108624.71],[603306.48,4108621.96],[603298.56,4108630.22],[603295.91,4108627.61],[603287.97,4108635.96],[603282.5,4108630.68],[603272.06,4108641.8],[603266.57,4108636.4],[603255.87,4108647.51],[603264.88,4108655.9],[603267.15,4108658.09],[603269.67,4108655.44],[603275.01,4108649.72],[603277.39,4108647.24],[603277.71,4108646.95],[603283.01,4108652.32],[603290.99,4108644.11],[603296.12,4108638.59],[603298.84,4108635.58],[603301.06,4108637.79],[603301.41,4108637.87],[603301.71,4108637.87],[603302.04,4108637.7],[603312.08,4108627.22],[603314.6,4108624.64],[603311.97,4108622.03]]]}},{"type":"Feature","properties":{"id":"3388016XG0038G_part51","floors":1,"height":3.1,"heightSource":"Catastro:numberOfFloorsAboveGround"},"geometry":{"type":"Polygon","coordinates":[[[603274.99,4108544.85],[603268.37,4108551.82],[603265.74,4108549.32],[603257.21,4108558.32],[603261.39,4108561.66],[603277.32,4108575.79],[603278.14,4108574.58],[603288.74,4108563.35],[603285.82,4108560.89],[603288.58,4108557.94],[603274.99,4108544.85]]]}},{"type":"Feature","properties":{"id":"3388016XG0038G_part52","floors":4,"height":12.4,"heightSource":"Catastro:numberOfFloorsAboveGround"},"geometry":{"type":"Polygon","coordinates":[[[603270.48,4108526.44],[603266.56,4108530.58],[603277.14,4108540.91],[603291.48,4108554.92],[603300.95,4108544.9],[603273.83,4108518.73],[603270.02,4108522.77],[603269.56,4108525.54],[603270.48,4108526.44]]]}},{"type":"Feature","properties":{"id":"3388016XG0038G_part54","floors":2,"height":6.2,"heightSource":"Catastro:numberOfFloorsAboveGround"},"geometry":{"type":"Polygon","coordinates":[[[603273.83,4108518.73],[603300.95,4108544.9],[603291.48,4108554.92],[603290.58,4108555.86],[603288.58,4108557.94],[603285.82,4108560.89],[603288.74,4108563.35],[603298.98,4108552.54],[603304.46,4108546.74],[603306.94,4108544.11],[603314.86,4108535.73],[603315.73,4108534.81],[603282.1,4108502.8],[603281.15,4108503.77],[603279.21,4108505.94],[603276.46,4108509.11],[603273.56,4108513.12],[603271.67,4108517.07],[603270.12,4108522.16],[603270.02,4108522.77],[603273.83,4108518.73]]]}},{"type":"Feature","properties":{"id":"3388016XG0038G_part55","floors":2,"height":6.2,"heightSource":"Catastro:numberOfFloorsAboveGround"},"geometry":{"type":"Polygon","coordinates":[[[603274.64,4108660.8],[603277.4,4108663.48],[603276.66,4108664.21],[603282.18,4108669.72],[603286.37,4108665.44],[603287.06,4108666.13],[603288.76,4108664.18],[603288.82,4108662.74],[603286.98,4108660.91],[603286.02,4108659.85],[603285.38,4108660.48],[603282.88,4108658.11],[603283.46,4108657.55],[603284.17,4108656.76],[603281.31,4108653.97],[603274.64,4108660.8]]]}},{"type":"Feature","properties":{"id":"3388016XG0038G_part56","floors":1,"height":3.1,"heightSource":"Catastro:numberOfFloorsAboveGround"},"geometry":{"type":"Polygon","coordinates":[[[603276.24,4108541.86],[603290.58,4108555.86],[603291.48,4108554.92],[603277.14,4108540.91],[603276.24,4108541.86]]]}},{"type":"Feature","properties":{"id":"3388016XG0038G_part57","floors":3,"height":9.3,"heightSource":"Catastro:numberOfFloorsAboveGround"},"geometry":{"type":"Polygon","coordinates":[[[603278.14,4108574.58],[603286.62,4108582.64],[603294.61,4108574.2],[603291.92,4108571.81],[603294.54,4108569.12],[603299.65,4108574.21],[603310.22,4108563.03],[603315.78,4108557.28],[603312.99,4108554.69],[603307.39,4108549.51],[603301.98,4108555.22],[603294.46,4108563.15],[603293.25,4108562.0],[603290.5,4108564.91],[603288.74,4108563.35],[603278.14,4108574.58]]]}},{"type":"Feature","properties":{"id":"3388016XG0038G_part58","floors":1,"height":3.1,"heightSource":"Catastro:numberOfFloorsAboveGround"},"geometry":{"type":"Polygon","coordinates":[[[603294.54,4108569.12],[603291.92,4108571.81],[603294.61,4108574.2],[603286.62,4108582.64],[603289.14,4108585.04],[603294.41,4108579.61],[603297.21,4108576.52],[603299.65,4108574.21],[603294.54,4108569.12]]]}},{"type":"Feature","properties":{"id":"3388016XG0038G_part59","floors":1,"height":3.1,"heightSource":"Catastro:numberOfFloorsAboveGround"},"geometry":{"type":"Polygon","coordinates":[[[603288.74,4108563.35],[603290.5,4108564.91],[603293.25,4108562.0],[603294.46,4108563.15],[603301.98,4108555.22],[603298.98,4108552.54],[603288.74,4108563.35]]]}},{"type":"Feature","properties":{"id":"3388016XG0038G_part60","floors":2,"height":6.2,"heightSource":"Catastro:numberOfFloorsAboveGround"},"geometry":{"type":"Polygon","coordinates":[[[603294.41,4108579.61],[603289.14,4108585.04],[603304.77,4108599.9],[603305.92,4108600.85],[603311.96,4108594.36],[603309.28,4108591.84],[603310.01,4108591.13],[603307.3,4108588.58],[603308.51,4108587.34],[603300.29,4108579.51],[603297.21,4108576.52],[603294.41,4108579.61]]]}},{"type":"Feature","properties":{"id":"3388016XG0038G_part61","floors":2,"height":6.2,"heightSource":"Catastro:numberOfFloorsAboveGround"},"geometry":{"type":"Polygon","coordinates":[[[603317.81,4108693.01],[603318.45,4108693.65],[603319.05,4108692.98],[603319.09,4108691.58],[603317.27,4108689.61],[603316.28,4108688.67],[603315.72,4108689.23],[603313.09,4108686.77],[603314.18,4108685.63],[603311.4,4108683.12],[603316.13,4108678.05],[603316.96,4108678.82],[603318.78,4108676.71],[603318.8,4108675.41],[603316.92,4108673.52],[603315.9,4108672.55],[603315.35,4108673.09],[603312.79,4108670.77],[603313.02,4108670.49],[603310.18,4108667.7],[603315.82,4108661.98],[603316.56,4108662.75],[603318.47,4108660.68],[603318.41,4108659.35],[603316.42,4108657.52],[603315.48,4108656.6],[603314.92,4108657.19],[603312.31,4108654.78],[603312.56,4108654.48],[603313.49,4108653.53],[603310.67,4108650.76],[603315.42,4108645.9],[603316.1,4108646.53],[603318.01,4108644.46],[603317.96,4108643.36],[603316.16,4108641.39],[603315.15,4108640.39],[603314.51,4108641.06],[603311.92,4108638.64],[603312.41,4108638.07],[603309.55,4108635.32],[603303.83,4108641.32],[603306.59,4108644.04],[603304.6,4108646.21],[603304.27,4108645.95],[603303.04,4108644.77],[603300.26,4108647.66],[603297.15,4108644.89],[603295.81,4108643.58],[603293.06,4108645.89],[603290.28,4108648.76],[603296.98,4108655.2],[603299.58,4108652.27],[603301.95,4108654.57],[603304.46,4108657.15],[603304.23,4108657.4],[603307.02,4108660.13],[603305.01,4108662.35],[603302.02,4108659.5],[603302.64,4108658.94],[603299.91,4108656.29],[603297.48,4108658.86],[603296.41,4108659.89],[603296.67,4108660.18],[603294.3,4108662.7],[603294.04,4108662.5],[603291.29,4108665.34],[603297.43,4108671.39],[603300.05,4108668.43],[603302.31,4108670.68],[603302.57,4108670.4],[603305.08,4108672.86],[603304.56,4108673.4],[603307.23,4108676.1],[603305.22,4108678.16],[603302.4,4108675.53],[603303.03,4108674.9],[603301.11,4108673.03],[603299.77,4108672.89],[603297.89,4108674.84],[603296.91,4108675.8],[603297.4,4108676.33],[603295.02,4108678.99],[603294.54,4108678.48],[603291.68,4108681.36],[603291.87,4108681.55],[603297.74,4108687.11],[603300.32,4108684.39],[603305.31,4108689.12],[603305.01,4108689.44],[603307.77,4108692.06],[603305.5,4108694.33],[603305.7,4108694.52],[603311.19,4108699.91],[603317.81,4108693.01]]]}},{"type":"Feature","properties":{"id":"3388016XG0038G_part62","floors":2,"height":6.2,"heightSource":"Catastro:numberOfFloorsAboveGround"},"geometry":{"type":"Polygon","coordinates":[[[603307.77,4108692.06],[603305.01,4108689.44],[603305.31,4108689.12],[603300.32,4108684.39],[603297.74,4108687.11],[603297.88,4108687.24],[603305.5,4108694.33],[603307.77,4108692.06]]]}},{"type":"Feature","properties":{"id":"3388016XG0038G_part63","floors":2,"height":6.2,"heightSource":"Catastro:numberOfFloorsAboveGround"},"geometry":{"type":"Polygon","coordinates":[[[603298.98,4108552.54],[603301.98,4108555.22],[603307.39,4108549.51],[603304.46,4108546.74],[603298.98,4108552.54]]]}},{"type":"Feature","properties":{"id":"3388016XG0038G_part64","floors":1,"height":3.1,"heightSource":"Catastro:numberOfFloorsAboveGround"},"geometry":{"type":"Polygon","coordinates":[[[603304.46,4108546.74],[603307.39,4108549.51],[603312.99,4108554.69],[603314.65,4108552.91],[603315.28,4108552.18],[603309.76,4108546.84],[603306.94,4108544.11],[603304.46,4108546.74]]]}},{"type":"Feature","properties":{"id":"3388016XG0038G_part65","floors":3,"height":9.3,"heightSource":"Catastro:numberOfFloorsAboveGround"},"geometry":{"type":"Polygon","coordinates":[[[603305.92,4108600.85],[603322.46,4108616.63],[603339.05,4108632.29],[603340.97,4108630.21],[603341.96,4108631.09],[603343.65,4108629.32],[603342.72,4108628.5],[603343.35,4108627.84],[603342.35,4108626.75],[603345.33,4108623.47],[603343.78,4108622.08],[603343.28,4108622.59],[603340.49,4108619.94],[603341.64,4108618.79],[603335.81,4108613.22],[603334.7,4108614.43],[603331.9,4108611.76],[603332.29,4108611.32],[603327.1,4108606.26],[603326.61,4108606.79],[603323.86,4108604.21],[603324.96,4108603.03],[603319.18,4108597.56],[603318.03,4108598.72],[603315.39,4108596.23],[603314.7,4108596.93],[603311.96,4108594.36],[603305.92,4108600.85]]]}},{"type":"Feature","properties":{"id":"3388016XG0038G_part66","floors":1,"height":3.1,"heightSource":"Catastro:numberOfFloorsAboveGround"},"geometry":{"type":"Polygon","coordinates":[[[603306.94,4108544.11],[603309.76,4108546.84],[603316.28,4108540.14],[603330.37,4108553.38],[603329.14,4108554.78],[603331.64,4108556.97],[603330.53,4108558.23],[603336.18,4108563.2],[603338.48,4108560.58],[603341.4,4108563.15],[603342.4,4108562.01],[603314.86,4108535.73],[603306.94,4108544.11]]]}},{"type":"Feature","properties":{"id":"3388016XG0038G_part67","floors":2,"height":6.2,"heightSource":"Catastro:numberOfFloorsAboveGround"},"geometry":{"type":"Polygon","coordinates":[[[603338.48,4108560.58],[603336.18,4108563.2],[603330.53,4108558.23],[603331.64,4108556.97],[603329.14,4108554.78],[603330.37,4108553.38],[603316.28,4108540.14],[603309.76,4108546.84],[603315.28,4108552.18],[603314.65,4108552.91],[603316.56,4108554.72],[603316.89,4108554.36],[603317.79,4108555.24],[603321.76,4108559.14],[603318.59,4108562.38],[603322.55,4108566.49],[603323.53,4108565.35],[603326.37,4108568.05],[603328.72,4108565.45],[603331.63,4108568.17],[603329.29,4108570.69],[603332.01,4108573.36],[603334.64,4108570.53],[603335.43,4108571.25],[603338.09,4108568.44],[603337.28,4108567.62],[603338.63,4108566.35],[603339.67,4108565.14],[603341.4,4108563.15],[603338.48,4108560.58]]]}},{"type":"Feature","properties":{"id":"3388016XG0038G_part68","floors":2,"height":6.2,"heightSource":"Catastro:numberOfFloorsAboveGround"},"geometry":{"type":"Polygon","coordinates":[[[603312.99,4108554.69],[603315.78,4108557.28],[603317.79,4108555.24],[603316.89,4108554.36],[603316.56,4108554.72],[603314.65,4108552.91],[603312.99,4108554.69]]]}},{"type":"Feature","properties":{"id":"3388016XG0038G_part69","floors":2,"height":6.2,"heightSource":"Catastro:numberOfFloorsAboveGround"},"geometry":{"type":"Polygon","coordinates":[[[603330.79,4108639.63],[603328.97,4108641.61],[603326.55,4108639.41],[603325.63,4108640.41],[603326.08,4108640.79],[603323.65,4108643.45],[603323.19,4108642.95],[603320.43,4108645.77],[603326.39,4108651.71],[603329.03,4108648.89],[603331.48,4108651.14],[603336.89,4108645.5],[603330.79,4108639.63]]]}},{"type":"Feature","properties":{"id":"3388016XG0038G_part70","floors":2,"height":6.2,"heightSource":"Catastro:numberOfFloorsAboveGround"},"geometry":{"type":"Polygon","coordinates":[[[603334.56,4108658.9],[603331.57,4108656.07],[603332.24,4108655.43],[603329.43,4108652.85],[603326.89,4108655.32],[603325.89,4108656.38],[603326.44,4108656.89],[603324.06,4108659.56],[603323.56,4108659.06],[603320.86,4108661.92],[603326.92,4108667.84],[603329.53,4108665.01],[603332.02,4108667.35],[603337.3,4108661.7],[603334.56,4108658.9]]]}},{"type":"Feature","properties":{"id":"3388016XG0038G_part71","floors":2,"height":6.2,"heightSource":"Catastro:numberOfFloorsAboveGround"},"geometry":{"type":"Polygon","coordinates":[[[603346.58,4108670.19],[603345.5,4108669.11],[603344.97,4108669.65],[603342.36,4108667.31],[603342.54,4108667.01],[603339.73,4108664.26],[603334.15,4108670.06],[603336.98,4108672.82],[603335.02,4108674.88],[603332.1,4108672.2],[603332.68,4108671.64],[603329.95,4108669.01],[603327.52,4108671.65],[603326.55,4108672.63],[603327.04,4108673.07],[603324.64,4108675.63],[603324.25,4108675.25],[603321.32,4108678.26],[603327.33,4108684.21],[603329.97,4108681.31],[603332.43,4108683.53],[603337.85,4108677.8],[603340.25,4108680.43],[603346.0,4108674.72],[603346.58,4108675.37],[603348.33,4108673.46],[603348.35,4108672.09],[603346.58,4108670.19]]]}},{"type":"Feature","properties":{"id":"3388016XG0038G_part72","floors":2,"height":6.2,"heightSource":"Catastro:numberOfFloorsAboveGround"},"geometry":{"type":"Polygon","coordinates":[[[603334.77,4108686.28],[603337.48,4108689.03],[603335.53,4108691.18],[603332.65,4108688.44],[603333.25,4108687.83],[603330.57,4108685.26],[603328.08,4108687.88],[603327.09,4108688.85],[603327.58,4108689.23],[603325.15,4108691.93],[603324.73,4108691.48],[603321.88,4108694.37],[603328.0,4108700.29],[603330.5,4108697.59],[603332.72,4108699.89],[603338.4,4108694.0],[603340.89,4108696.63],[603335.25,4108702.44],[603338.02,4108705.07],[603335.8,4108707.38],[603341.46,4108712.83],[603346.99,4108707.1],[603347.61,4108707.69],[603349.37,4108705.71],[603349.43,4108704.39],[603349.31,4108702.27],[603347.61,4108700.69],[603346.72,4108701.65],[603346.57,4108701.5],[603345.94,4108702.12],[603343.38,4108699.69],[603343.62,4108699.37],[603344.62,4108698.58],[603341.71,4108695.8],[603346.42,4108690.97],[603347.08,4108691.56],[603348.96,4108689.66],[603348.92,4108688.28],[603347.11,4108686.44],[603346.02,4108685.39],[603345.41,4108686.02],[603342.87,4108683.61],[603343.12,4108683.35],[603340.25,4108680.45],[603334.77,4108686.28]]]}},{"type":"Feature","properties":{"id":"3388016XG0038G_part73","floors":2,"height":6.2,"heightSource":"Catastro:numberOfFloorsAboveGround"},"geometry":{"type":"Polygon","coordinates":[[[603326.14,4108568.31],[603329.05,4108571.01],[603329.29,4108570.69],[603331.63,4108568.17],[603328.72,4108565.45],[603326.37,4108568.05],[603326.14,4108568.31]]]}},{"type":"Feature","properties":{"id":"3388016XG0038G_part74","floors":1,"height":3.1,"heightSource":"Catastro:numberOfFloorsAboveGround"},"geometry":{"type":"Polygon","coordinates":[[[603338.63,4108566.35],[603337.28,4108567.62],[603338.09,4108568.44],[603350.95,4108580.68],[603351.64,4108580.03],[603353.52,4108578.01],[603339.67,4108565.14],[603338.63,4108566.35]]]}},{"type":"Feature","properties":{"id":"3388016XG0038G_part75","floors":2,"height":6.2,"heightSource":"Catastro:numberOfFloorsAboveGround"},"geometry":{"type":"Polygon","coordinates":[[[603342.72,4108628.5],[603343.65,4108629.32],[603341.96,4108631.09],[603340.97,4108630.21],[603339.05,4108632.29],[603340.87,4108634.08],[603347.62,4108639.85],[603355.14,4108631.91],[603352.5,4108629.43],[603351.59,4108630.39],[603350.42,4108629.27],[603351.32,4108628.3],[603350.57,4108627.66],[603347.22,4108631.34],[603343.35,4108627.84],[603342.72,4108628.5]]]}},{"type":"Feature","properties":{"id":"3388016XG0038G_part76","floors":3,"height":9.3,"heightSource":"Catastro:numberOfFloorsAboveGround"},"geometry":{"type":"Polygon","coordinates":[[[603339.67,4108565.14],[603353.52,4108578.01],[603359.13,4108583.23],[603357.32,4108585.17],[603362.87,4108590.19],[603362.05,4108591.08],[603371.45,4108599.87],[603372.2,4108600.57],[603373.6,4108599.18],[603371.97,4108597.66],[603372.63,4108596.66],[603380.97,4108587.84],[603378.1,4108585.12],[603375.31,4108587.97],[603372.67,4108585.34],[603371.24,4108586.77],[603368.59,4108584.29],[603367.06,4108586.11],[603358.87,4108577.58],[603362.82,4108573.54],[603364.19,4108571.98],[603347.68,4108556.36],[603342.4,4108562.01],[603341.4,4108563.15],[603339.67,4108565.14]]]}},{"type":"Feature","properties":{"id":"3388016XG0038G_part77","floors":4,"height":12.4,"heightSource":"Catastro:numberOfFloorsAboveGround"},"geometry":{"type":"Polygon","coordinates":[[[603342.35,4108626.75],[603343.35,4108627.84],[603347.22,4108631.34],[603350.57,4108627.66],[603351.74,4108626.47],[603349.0,4108623.93],[603346.86,4108621.91],[603345.33,4108623.47],[603342.35,4108626.75]]]}},{"type":"Feature","properties":{"id":"3388016XG0038G_part78","floors":3,"height":9.3,"heightSource":"Catastro:numberOfFloorsAboveGround"},"geometry":{"type":"Polygon","coordinates":[[[603360.13,4108611.99],[603358.8,4108610.75],[603351.98,4108618.1],[603353.27,4108619.34],[603349.0,4108623.93],[603351.74,4108626.47],[603350.57,4108627.66],[603351.32,4108628.3],[603350.42,4108629.27],[603351.59,4108630.39],[603352.5,4108629.43],[603355.14,4108631.91],[603378.95,4108606.83],[603372.2,4108600.57],[603371.45,4108599.87],[603360.13,4108611.99]]]}},{"type":"Feature","properties":{"id":"3388016XG0038G_part79","floors":2,"height":6.2,"heightSource":"Catastro:numberOfFloorsAboveGround"},"geometry":{"type":"Polygon","coordinates":[[[603362.79,4108645.28],[603365.56,4108647.86],[603365.12,4108648.35],[603365.98,4108649.18],[603364.49,4108650.86],[603360.59,4108647.07],[603358.7,4108649.06],[603356.28,4108646.8],[603355.33,4108647.8],[603355.8,4108648.25],[603353.34,4108650.84],[603352.93,4108650.43],[603350.28,4108653.22],[603356.3,4108659.13],[603358.97,4108656.34],[603361.31,4108658.6],[603366.58,4108653.01],[603369.04,4108655.58],[603363.47,4108661.39],[603366.01,4108664.04],[603364.15,4108666.12],[603361.05,4108663.21],[603359.13,4108665.21],[603356.72,4108662.86],[603355.79,4108663.87],[603356.23,4108664.38],[603353.89,4108666.91],[603353.47,4108666.48],[603350.69,4108669.45],[603356.75,4108675.14],[603359.32,4108672.44],[603361.63,4108674.73],[603366.99,4108669.05],[603369.4,4108671.69],[603363.96,4108677.41],[603366.67,4108680.12],[603364.73,4108682.3],[603361.47,4108679.29],[603359.67,4108681.24],[603357.3,4108678.94],[603356.44,4108679.87],[603356.85,4108680.32],[603354.37,4108683.05],[603353.91,4108682.59],[603351.1,4108685.49],[603357.17,4108691.37],[603359.81,4108688.58],[603362.18,4108690.9],[603367.58,4108685.07],[603369.95,4108687.61],[603364.44,4108693.47],[603367.17,4108696.31],[603365.21,4108698.39],[603362.3,4108695.68],[603362.98,4108695.03],[603360.22,4108692.41],[603357.74,4108695.09],[603356.79,4108696.07],[603357.3,4108696.5],[603354.87,4108699.14],[603354.41,4108698.64],[603351.63,4108701.62],[603357.71,4108707.43],[603360.34,4108704.65],[603362.73,4108706.94],[603368.13,4108701.24],[603370.48,4108703.74],[603365.45,4108709.04],[603367.73,4108712.35],[603365.43,4108714.69],[603370.8554347826,4108720.0],[603371.2664403972,4108720.0],[603376.72,4108714.17],[603377.26,4108714.73],[603379.1,4108712.83],[603379.08,4108711.56],[603376.19,4108708.63],[603375.75,4108709.16],[603373.37,4108706.94],[603374.43,4108705.84],[603371.49,4108703.04],[603376.09,4108698.23],[603376.65,4108698.87],[603378.7,4108696.78],[603378.71,4108695.52],[603378.62,4108693.3],[603377.06,4108691.94],[603376.0,4108693.01],[603375.71,4108692.75],[603375.27,4108693.24],[603372.82,4108691.01],[603373.9,4108689.66],[603371.05,4108686.98],[603375.6,4108682.17],[603376.3,4108682.83],[603378.25,4108680.58],[603378.07,4108679.23],[603378.09,4108677.19],[603376.48,4108675.88],[603375.47,4108674.8],[603373.39,4108673.0],[603373.01,4108673.37],[603370.31,4108670.82],[603375.1,4108665.88],[603375.81,4108666.58],[603377.75,4108664.48],[603377.7,4108663.27],[603374.79,4108660.41],[603374.34,4108660.87],[603371.73,4108658.5],[603372.83,4108657.41],[603369.97,4108654.66],[603375.78,4108648.61],[603376.43,4108649.34],[603377.39,4108648.36],[603377.27,4108647.14],[603375.39,4108645.39],[603374.32,4108644.29],[603373.83,4108644.81],[603371.28,4108642.48],[603371.69,4108642.02],[603368.76,4108639.2],[603362.79,4108645.28]]]}},{"type":"Feature","properties":{"id":"3388016XG0038G_part80","floors":2,"height":6.2,"heightSource":"Catastro:numberOfFloorsAboveGround"},"geometry":{"type":"Polygon","coordinates":[[[603351.64,4108580.03],[603357.32,4108585.17],[603359.13,4108583.23],[603353.52,4108578.01],[603351.64,4108580.03]]]}},{"type":"Feature","properties":{"id":"3388016XG0038G_part81","floors":2,"height":6.2,"heightSource":"Catastro:numberOfFloorsAboveGround"},"geometry":{"type":"Polygon","coordinates":[[[603362.82,4108573.54],[603358.87,4108577.58],[603367.06,4108586.11],[603368.59,4108584.29],[603371.24,4108586.77],[603372.67,4108585.34],[603375.31,4108587.97],[603378.1,4108585.12],[603364.19,4108571.98],[603362.82,4108573.54]]]}},{"type":"Feature","properties":{"id":"3388016XG0038G_part82","floors":2,"height":6.2,"heightSource":"Catastro:numberOfFloorsAboveGround"},"geometry":{"type":"Polygon","coordinates":[[[603372.63,4108596.66],[603371.97,4108597.66],[603373.6,4108599.18],[603372.2,4108600.57],[603378.95,4108606.83],[603389.41,4108595.82],[603380.97,4108587.84],[603372.63,4108596.66]]]}},{"type":"Feature","properties":{"id":"3388016XG0038G_part83","floors":2,"height":6.2,"heightSource":"Catastro:numberOfFloorsAboveGround"},"geometry":{"type":"Polygon","coordinates":[[[603397.2,4108598.08],[603391.54,4108603.98],[603394.28,4108606.68],[603391.9,4108609.12],[603397.45,4108614.47],[603391.91,4108620.21],[603394.67,4108622.87],[603392.7,4108625.12],[603389.45,4108622.03],[603387.55,4108624.11],[603385.1,4108621.68],[603384.15,4108622.65],[603384.61,4108623.11],[603382.35,4108625.8],[603381.82,4108625.33],[603378.95,4108628.33],[603385.05,4108634.1],[603387.65,4108631.34],[603390.02,4108633.6],[603389.04,4108634.3],[603393.99,4108639.34],[603394.78,4108638.49],[603395.24,4108638.93],[603393.16,4108641.24],[603389.89,4108638.14],[603388.02,4108640.3],[603385.61,4108637.78],[603384.54,4108638.77],[603385.08,4108639.33],[603382.78,4108641.93],[603382.3,4108641.42],[603379.64,4108644.33],[603385.58,4108650.27],[603388.21,4108647.29],[603390.6,4108649.69],[603395.92,4108644.07],[603398.37,4108646.61],[603392.77,4108652.43],[603395.54,4108655.19],[603393.57,4108657.36],[603390.42,4108654.3],[603388.57,4108656.36],[603386.11,4108653.99],[603385.19,4108655.02],[603385.63,4108655.38],[603383.2,4108658.14],[603382.74,4108657.62],[603380.05,4108660.48],[603386.07,4108666.34],[603388.67,4108663.5],[603391.04,4108665.75],[603396.32,4108660.24],[603398.77,4108662.77],[603393.37,4108668.51],[603395.92,4108671.26],[603394.0,4108673.35],[603390.81,4108670.35],[603388.93,4108672.47],[603386.52,4108670.12],[603385.62,4108671.1],[603386.01,4108671.5],[603383.56,4108674.2],[603383.13,4108673.71],[603380.36,4108676.67],[603386.47,4108682.45],[603389.02,4108679.64],[603391.4,4108682.02],[603396.93,4108676.26],[603399.36,4108678.83],[603393.69,4108684.72],[603396.48,4108687.39],[603394.55,4108689.55],[603391.31,4108686.53],[603389.48,4108688.59],[603386.96,4108686.08],[603385.98,4108687.18],[603386.51,4108687.64],[603384.2,4108690.29],[603383.7,4108689.73],[603380.91,4108692.67],[603386.96,4108698.52],[603389.59,4108695.54],[603391.98,4108697.92],[603397.21,4108692.42],[603399.98,4108695.16],[603405.73,4108688.96],[603403.74,4108687.19],[603405.94,4108684.77],[603404.96,4108683.76],[603404.43,4108684.35],[603402.07,4108682.17],[603403.16,4108680.99],[603400.32,4108678.2],[603405.26,4108672.86],[603403.32,4108671.03],[603405.61,4108668.54],[603404.59,4108667.53],[603404.01,4108668.15],[603401.6,4108665.93],[603402.73,4108664.74],[603399.85,4108662.0],[603404.75,4108656.78],[603402.8,4108654.99],[603405.09,4108652.53],[603404.1,4108651.56],[603403.67,4108652.07],[603401.2,4108649.58],[603402.07,4108648.53],[603399.26,4108645.82],[603404.19,4108640.7],[603402.25,4108638.87],[603402.62,4108638.36],[603404.69,4108636.29],[603403.68,4108635.31],[603403.09,4108635.98],[603400.57,4108633.66],[603400.81,4108633.39],[603398.03,4108630.69],[603403.97,4108624.51],[603402.13,4108622.67],[603404.29,4108620.46],[603403.17,4108619.42],[603402.78,4108619.88],[603400.25,4108617.66],[603401.43,4108616.33],[603398.42,4108613.53],[603402.99,4108608.62],[603403.72,4108609.39],[603406.34,4108606.61],[603403.64,4108604.22],[603403.79,4108604.07],[603403.04,4108603.27],[603403.81,4108602.47],[603403.01,4108601.73],[603401.17,4108599.89],[603401.09,4108599.86],[603400.9,4108600.08],[603397.88,4108597.28],[603397.2,4108598.08]]]}},{"type":"Feature","properties":{"id":"3388016XG0038G_part84","floors":2,"height":6.2,"heightSource":"Catastro:numberOfFloorsAboveGround"},"geometry":{"type":"Polygon","coordinates":[[[603418.89,4108618.54],[603417.09,4108620.62],[603414.74,4108618.26],[603413.76,4108619.25],[603414.17,4108619.69],[603411.75,4108622.34],[603411.24,4108621.85],[603408.54,4108624.73],[603414.63,4108630.69],[603417.27,4108627.83],[603419.57,4108630.04],[603424.98,4108624.39],[603418.89,4108618.54]]]}},{"type":"Feature","properties":{"id":"3388016XG0038G_part85","floors":2,"height":6.2,"heightSource":"Catastro:numberOfFloorsAboveGround"},"geometry":{"type":"Polygon","coordinates":[[[603421.93,4108632.8],[603424.67,4108635.62],[603422.65,4108637.87],[603419.42,4108634.66],[603417.56,4108636.68],[603416.27,4108635.51],[603416.61,4108635.28],[603415.89,4108634.58],[603415.67,4108634.83],[603415.11,4108634.33],[603414.13,4108635.34],[603414.53,4108635.76],[603412.14,4108638.42],[603411.72,4108637.95],[603409.02,4108640.81],[603415.03,4108646.76],[603417.66,4108643.78],[603420.07,4108646.19],[603425.32,4108640.6],[603427.83,4108643.09],[603422.33,4108648.97],[603425.04,4108651.67],[603423.07,4108653.82],[603419.93,4108650.78],[603417.99,4108652.92],[603415.55,4108650.5],[603414.55,4108651.5],[603415.0,4108651.98],[603412.64,4108654.56],[603412.19,4108654.08],[603409.45,4108656.98],[603415.48,4108662.88],[603418.09,4108659.91],[603420.47,4108662.17],[603425.77,4108656.72],[603428.23,4108659.2],[603422.76,4108665.06],[603425.61,4108667.81],[603423.48,4108669.95],[603420.32,4108666.92],[603418.4,4108668.92],[603416.01,4108666.56],[603415.13,4108667.49],[603415.53,4108667.92],[603413.08,4108670.63],[603412.65,4108670.14],[603409.76,4108673.15],[603415.93,4108678.97],[603418.45,4108676.17],[603420.87,4108678.55],[603426.31,4108672.73],[603428.77,4108675.33],[603423.27,4108681.12],[603426.08,4108683.84],[603424.01,4108686.02],[603420.79,4108683.05],[603418.84,4108684.92],[603416.49,4108682.61],[603415.58,4108683.57],[603416.01,4108684.02],[603413.57,4108686.7],[603413.1,4108686.21],[603410.38,4108689.17],[603416.44,4108695.03],[603419.02,4108692.24],[603421.38,4108694.49],[603426.74,4108688.82],[603429.5,4108691.48],[603435.27,4108685.34],[603433.22,4108683.6],[603435.62,4108681.21],[603434.61,4108680.13],[603434.04,4108680.72],[603431.42,4108678.38],[603431.61,4108678.13],[603431.66,4108678.19],[603432.64,4108677.24],[603429.74,4108674.69],[603434.77,4108669.38],[603432.75,4108667.52],[603435.13,4108665.05],[603434.1,4108664.02],[603433.57,4108664.64],[603430.99,4108662.2],[603432.01,4108661.14],[603429.13,4108658.72],[603433.97,4108653.64],[603434.57,4108654.28],[603437.09,4108651.43],[603433.55,4108647.91],[603432.99,4108648.55],[603430.54,4108646.26],[603431.74,4108645.0],[603428.9,4108642.32],[603433.76,4108637.17],[603431.72,4108635.27],[603434.18,4108632.86],[603433.21,4108631.89],[603432.62,4108632.47],[603430.06,4108630.1],[603430.47,4108629.6],[603427.62,4108626.86],[603421.93,4108632.8]]]}},{"type":"Feature","properties":{"id":"3388016XG0038G_part86","floors":2,"height":6.2,"heightSource":"Catastro:numberOfFloorsAboveGround"},"geometry":{"type":"Polygon","coordinates":[[[603421.56,4108699.36],[603422.22,4108698.74],[603419.44,4108696.04],[603415.9,4108699.8],[603416.31,4108700.11],[603413.98,4108702.61],[603413.56,4108702.19],[603410.82,4108705.26],[603416.95,4108710.94],[603419.58,4108708.2],[603421.58,4108710.24],[603427.04,4108704.55],[603421.56,4108699.36]]]}},{"type":"Feature","properties":{"id":"3388016XG0038G_part87","floors":2,"height":6.2,"heightSource":"Catastro:numberOfFloorsAboveGround"},"geometry":{"type":"Polygon","coordinates":[[[603438.47,4108648.36],[603441.15,4108650.98],[603438.97,4108653.38],[603444.68,4108658.76],[603447.68,4108655.46],[603447.88,4108655.63],[603450.63,4108652.6],[603448.57,4108650.69],[603450.86,4108648.33],[603449.78,4108647.3],[603449.16,4108647.96],[603446.64,4108645.59],[603446.82,4108645.43],[603443.85,4108642.59],[603438.47,4108648.36]]]}},{"type":"Feature","properties":{"id":"3388018XG0038G_part1","floors":1,"height":3.1,"heightSource":"Catastro:numberOfFloorsAboveGround"},"geometry":{"type":"Polygon","coordinates":[[[603447.24,4108704.88],[603450.01,4108706.03],[603452.15,4108701.52],[603449.31,4108700.17],[603447.24,4108704.88]]]}},{"type":"Feature","properties":{"id":"3388018XG0038G_part2","floors":1,"height":3.1,"heightSource":"Catastro:numberOfFloorsAboveGround"},"geometry":{"type":"Polygon","coordinates":[[[603457.55,4108705.12],[603462.39,4108706.85],[603469.85,4108703.06],[603485.53,4108695.1],[603483.3,4108690.22],[603480.45,4108694.7],[603476.1,4108696.88],[603469.89,4108700.01],[603465.64,4108702.14],[603462.16,4108703.65],[603460.49,4108702.87],[603474.82,4108671.96],[603473.26,4108670.66],[603462.66,4108693.92],[603461.83,4108695.72],[603457.55,4108705.12]]]}},{"type":"Feature","properties":{"id":"3388018XG0038G_part3","floors":2,"height":6.2,"heightSource":"Catastro:numberOfFloorsAboveGround"},"geometry":{"type":"Polygon","coordinates":[[[603456.17,4108693.04],[603458.94,4108694.35],[603459.8,4108692.56],[603462.66,4108693.92],[603473.26,4108670.66],[603470.73,4108668.55],[603468.62,4108666.79],[603456.17,4108693.04]]]}},{"type":"Feature","properties":{"id":"3388018XG0038G_part4","floors":2,"height":6.2,"heightSource":"Catastro:numberOfFloorsAboveGround"},"geometry":{"type":"Polygon","coordinates":[[[603480.34,4108676.93],[603476.87,4108682.73],[603479.3,4108685.35],[603484.0,4108681.29],[603480.34,4108676.93]]]}},{"type":"Feature","properties":{"id":"3388018XG0038G_part5","floors":2,"height":6.2,"heightSource":"Catastro:numberOfFloorsAboveGround"},"geometry":{"type":"Polygon","coordinates":[[[603485.53,4108695.1],[603469.85,4108703.06],[603472.66,4108708.59],[603494.42,4108698.13],[603488.58,4108686.96],[603484.0,4108681.29],[603479.3,4108685.35],[603483.3,4108690.22],[603485.53,4108695.1]]]}},{"type":"Feature","properties":{"id":"3388018XG0038G_part6","floors":3,"height":9.3,"heightSource":"Catastro:numberOfFloorsAboveGround"},"geometry":{"type":"Polygon","coordinates":[[[603449.04,4108708.08],[603459.23,4108712.91],[603461.4,4108713.94],[603472.66,4108708.59],[603469.85,4108703.06],[603462.39,4108706.85],[603457.55,4108705.12],[603461.83,4108695.72],[603458.94,4108694.35],[603456.17,4108693.04],[603452.15,4108701.52],[603450.01,4108706.03],[603449.04,4108708.08]]]}},{"type":"Feature","properties":{"id":"3388018XG0038G_part7","floors":4,"height":12.4,"heightSource":"Catastro:numberOfFloorsAboveGround"},"geometry":{"type":"Polygon","coordinates":[[[603459.8,4108692.56],[603458.94,4108694.35],[603461.83,4108695.72],[603462.66,4108693.92],[603459.8,4108692.56]]]}},{"type":"Feature","properties":{"id":"3388018XG0038G_part8","floors":1,"height":3.1,"heightSource":"Catastro:numberOfFloorsAboveGround"},"geometry":{"type":"Polygon","coordinates":[[[603471.81,4108666.74],[603474.46,4108662.31],[603472.03,4108660.82],[603468.62,4108666.79],[603470.73,4108668.55],[603471.81,4108666.74]]]}},{"type":"Feature","properties":{"id":"3388019XG0038G_part1","floors":1,"height":3.1,"heightSource":"Catastro:numberOfFloorsAboveGround"},"geometry":{"type":"Polygon","coordinates":[[[603507.15,4108709.19],[603497.56,4108713.88],[603499.51,4108716.41],[603500.02,4108717.17],[603501.9543011723,4108720.0],[603514.4321856289,4108720.0],[603507.15,4108709.19]]]}},{"type":"Feature","properties":{"id":"3388021XG0038G_part1","floors":1,"height":3.1,"heightSource":"Catastro:numberOfFloorsAboveGround"},"geometry":{"type":"Polygon","coordinates":[[[603457.07,4108660.85],[603455.61,4108663.9],[603456.51,4108664.63],[603454.9,4108667.84],[603455.45,4108668.23],[603454.17,4108670.35],[603456.76,4108671.92],[603458.13,4108669.75],[603462.05,4108672.45],[603462.18,4108672.54],[603465.24,4108666.01],[603466.175,4108664.0155],[603457.969,4108658.882],[603457.07,4108660.85]]]}},{"type":"Feature","properties":{"id":"3388021XG0038G_part2","floors":1,"height":3.1,"heightSource":"Catastro:numberOfFloorsAboveGround"},"geometry":{"type":"Polygon","coordinates":[[[603460.05,4108654.33],[603457.969,4108658.882],[603466.175,4108664.0155],[603468.32,4108659.44],[603460.05,4108654.33]]]}},{"type":"Feature","properties":{"id":"3388021XG0038G_part3","floors":2,"height":6.2,"heightSource":"Catastro:numberOfFloorsAboveGround"},"geometry":{"type":"Polygon","coordinates":[[[603442.723,4108694.491],[603450.4,4108698.01],[603456.584,4108684.423],[603449.24,4108681.253],[603442.723,4108694.491]]]}},{"type":"Feature","properties":{"id":"3388021XG0038G_part4","floors":1,"height":3.1,"heightSource":"Catastro:numberOfFloorsAboveGround"},"geometry":{"type":"Polygon","coordinates":[[[603449.848,4108680.021],[603449.24,4108681.253],[603456.584,4108684.423],[603457.15,4108683.18],[603449.848,4108680.021]]]}},{"type":"Feature","properties":{"id":"3388022XG0038G_part1","floors":1,"height":3.1,"heightSource":"Catastro:numberOfFloorsAboveGround"},"geometry":{"type":"Polygon","coordinates":[[[603126.84,4108600.71],[603124.9,4108603.3595],[603125.37,4108603.64],[603129.82,4108606.27],[603132.5325,4108604.3335],[603126.84,4108600.71]]]}},{"type":"Feature","properties":{"id":"3388022XG0038G_part2","floors":1,"height":3.1,"heightSource":"Catastro:numberOfFloorsAboveGround"},"geometry":{"type":"Polygon","coordinates":[[[603132.81,4108586.69],[603133.36,4108587.47],[603131.35,4108588.99],[603132.48,4108590.78],[603132.93,4108590.44],[603133.68,4108591.53],[603140.17,4108587.04],[603137.56,4108583.28],[603135.29,4108584.83],[603132.81,4108586.69]]]}},{"type":"Feature","properties":{"id":"3388022XG0038G_part3","floors":1,"height":3.1,"heightSource":"Catastro:numberOfFloorsAboveGround"},"geometry":{"type":"Polygon","coordinates":[[[603134.54,4108600.5],[603132.07,4108602.2],[603133.21,4108603.85],[603135.651,4108602.1015],[603134.54,4108600.5]]]}},{"type":"Feature","properties":{"id":"3388022XG0038G_part4","floors":1,"height":3.1,"heightSource":"Catastro:numberOfFloorsAboveGround"},"geometry":{"type":"Polygon","coordinates":[[[603133.68,4108591.53],[603135.33,4108593.92],[603135.74,4108593.56],[603137.06,4108595.42],[603138.52,4108594.42],[603140.57,4108597.3],[603145.02,4108594.06],[603145.7,4108593.54],[603144.54,4108591.93],[603141.46,4108587.66],[603140.89,4108588.07],[603140.17,4108587.04],[603133.68,4108591.53]]]}},{"type":"Feature","properties":{"id":"3388022XG0038G_part5","floors":1,"height":3.1,"heightSource":"Catastro:numberOfFloorsAboveGround"},"geometry":{"type":"Polygon","coordinates":[[[603139.84,4108581.34],[603139.38,4108580.91],[603138.85,4108580.58],[603138.26,4108580.38],[603137.64,4108580.32],[603137.02,4108580.39],[603136.43,4108580.59],[603135.9,4108580.91],[603135.45,4108581.34],[603135.1,4108581.86],[603134.88,4108582.44],[603134.78,4108583.06],[603134.82,4108583.68],[603135.0,4108584.28],[603135.29,4108584.83],[603137.56,4108583.28],[603140.17,4108587.04],[603142.7,4108585.28],[603139.84,4108581.34]]]}},{"type":"Feature","properties":{"id":"3388022XG0038G_part6","floors":1,"height":3.1,"heightSource":"Catastro:numberOfFloorsAboveGround"},"geometry":{"type":"Polygon","coordinates":[[[603138.52,4108594.42],[603137.06,4108595.42],[603139.07,4108598.34],[603140.57,4108597.3],[603138.52,4108594.42]]]}},{"type":"Feature","properties":{"id":"3388022XG0038G_part7","floors":1,"height":3.1,"heightSource":"Catastro:numberOfFloorsAboveGround"},"geometry":{"type":"Polygon","coordinates":[[[603140.17,4108587.04],[603140.89,4108588.07],[603141.46,4108587.66],[603144.54,4108591.93],[603146.49,4108590.49],[603142.7,4108585.28],[603140.17,4108587.04]]]}},{"type":"Feature","properties":{"id":"3388022XG0038G_part8","floors":1,"height":3.1,"heightSource":"Catastro:numberOfFloorsAboveGround"},"geometry":{"type":"Polygon","coordinates":[[[603144.54,4108591.93],[603145.7,4108593.54],[603145.02,4108594.06],[603145.6275,4108594.957],[603146.57,4108594.28],[603149.6815,4108591.8925],[603147.85,4108589.44],[603146.49,4108590.49],[603144.54,4108591.93]]]}},{"type":"Feature","properties":{"id":"3388025XG0038G_part1","floors":1,"height":3.1,"heightSource":"Catastro:numberOfFloorsAboveGround"},"geometry":{"type":"Polygon","coordinates":[[[603083.94,4108519.37],[603084.34,4108523.59],[603085.76,4108523.46],[603086.14,4108527.52],[603096.51,4108527.01],[603096.23,4108522.45],[603093.03,4108522.65],[603092.95,4108521.43],[603090.75,4108521.57],[603090.83,4108522.94],[603087.61,4108523.14],[603087.49,4108519.04],[603083.94,4108519.37]]]}},{"type":"Feature","properties":{"id":"3388025XG0038G_part2","floors":2,"height":6.2,"heightSource":"Catastro:numberOfFloorsAboveGround"},"geometry":{"type":"Polygon","coordinates":[[[603100.36,4108520.02],[603096.18,4108520.41],[603095.88,4108517.25],[603092.9,4108517.53],[603092.77,4108516.14],[603090.08,4108516.39],[603090.22,4108517.97],[603087.41,4108518.24],[603087.49,4108519.04],[603087.61,4108523.14],[603090.83,4108522.94],[603090.75,4108521.57],[603092.95,4108521.43],[603093.03,4108522.65],[603096.23,4108522.45],[603096.51,4108527.01],[603100.8,4108526.81],[603100.36,4108520.02]]]}},{"type":"Feature","properties":{"id":"3388026XG0038G_part1","floors":3,"height":9.3,"heightSource":"Catastro:numberOfFloorsAboveGround"},"geometry":{"type":"Polygon","coordinates":[[[603094.68,4108434.73],[603097.24,4108442.01],[603111.31,4108436.96],[603108.82,4108429.81],[603099.06,4108433.19],[603094.68,4108434.73]]]}},{"type":"Feature","properties":{"id":"3388026XG0038G_part2","floors":4,"height":12.4,"heightSource":"Catastro:numberOfFloorsAboveGround"},"geometry":{"type":"Polygon","coordinates":[[[603097.24,4108442.01],[603107.37,4108470.71],[603110.04,4108478.15],[603114.91,4108476.44],[603112.18,4108468.85],[603121.31,4108465.7],[603111.31,4108436.96],[603097.24,4108442.01]]]}},{"type":"Feature","properties":{"id":"3388026XG0038G_part3","floors":5,"height":15.5,"heightSource":"Catastro:numberOfFloorsAboveGround"},"geometry":{"type":"Polygon","coordinates":[[[603112.18,4108468.85],[603114.91,4108476.44],[603110.04,4108478.15],[603111.55,4108482.33],[603112.08,4108483.65],[603112.69,4108484.94],[603113.36,4108486.19],[603114.03,4108487.29],[603114.91,4108488.59],[603115.78,4108489.72],[603116.71,4108490.8],[603117.7,4108491.83],[603118.74,4108492.81],[603119.83,4108493.73],[603120.97,4108494.59],[603121.95,4108495.19],[603122.95,4108495.76],[603123.98,4108496.29],[603125.03,4108496.77],[603126.1,4108497.21],[603127.18,4108497.61],[603128.28,4108497.97],[603129.39,4108498.29],[603130.51,4108498.56],[603132.79,4108498.97],[603134.68,4108499.12],[603135.62,4108499.14],[603137.52,4108499.05],[603139.4,4108498.82],[603141.26,4108498.43],[603143.08,4108497.89],[603156.73,4108493.63],[603155.64,4108490.21],[603154.48,4108488.78],[603152.41,4108489.43],[603151.51,4108486.46],[603150.8,4108486.69],[603146.62,4108481.35],[603136.81,4108484.06],[603135.54,4108484.12],[603134.28,4108484.05],[603133.04,4108483.84],[603131.82,4108483.49],[603130.66,4108483.0],[603129.56,4108482.38],[603128.53,4108481.64],[603127.6,4108480.78],[603126.78,4108479.83],[603126.06,4108478.78],[603125.48,4108477.67],[603121.31,4108465.7],[603112.18,4108468.85]]]}},{"type":"Feature","properties":{"id":"3388026XG0038G_part4","floors":3,"height":9.3,"heightSource":"Catastro:numberOfFloorsAboveGround"},"geometry":{"type":"Polygon","coordinates":[[[603156.76,4108489.31],[603159.15,4108492.47],[603167.71,4108485.49],[603131.74,4108440.84],[603123.12,4108447.68],[603126.5,4108451.77],[603125.11,4108452.77],[603154.48,4108488.78],[603155.64,4108490.21],[603156.76,4108489.31]]]}},{"type":"Feature","properties":{"id":"3388029XG0038N_part1","floors":1,"height":3.1,"heightSource":"Catastro:numberOfFloorsAboveGround"},"geometry":{"type":"Polygon","coordinates":[[[603199.78,4108571.35],[603195.13,4108566.96],[603193.47,4108570.67],[603197.96,4108574.31],[603199.78,4108571.35]]]}},{"type":"Feature","properties":{"id":"3388029XG0038N_part2","floors":1,"height":3.1,"heightSource":"Catastro:numberOfFloorsAboveGround"},"geometry":{"type":"Polygon","coordinates":[[[603217.27,4108578.46],[603219.24,4108579.44],[603222.62,4108572.68],[603220.65,4108571.7],[603217.27,4108578.46]]]}},{"type":"Feature","properties":{"id":"3388029XG0038N_part3","floors":1,"height":3.1,"heightSource":"Catastro:numberOfFloorsAboveGround"},"geometry":{"type":"Polygon","coordinates":[[[603223.33,4108566.33],[603225.3,4108567.32],[603228.67,4108560.56],[603226.71,4108559.58],[603223.33,4108566.33]]]}},{"type":"Feature","properties":{"id":"3388029XG0038N_part4","floors":1,"height":3.1,"heightSource":"Catastro:numberOfFloorsAboveGround"},"geometry":{"type":"Polygon","coordinates":[[[603232.01,4108513.75],[603228.91,4108511.38],[603227.58,4108513.12],[603225.0,4108511.15],[603221.71,4108515.44],[603223.46,4108516.77],[603225.74,4108513.8],[603229.67,4108516.81],[603230.67,4108515.5],[603232.01,4108513.75]]]}},{"type":"Feature","properties":{"id":"3388029XG0038N_part5","floors":1,"height":3.1,"heightSource":"Catastro:numberOfFloorsAboveGround"},"geometry":{"type":"Polygon","coordinates":[[[603229.39,4108554.21],[603231.35,4108555.19],[603234.73,4108548.44],[603232.76,4108547.46],[603229.39,4108554.21]]]}},{"type":"Feature","properties":{"id":"3388029XG0038N_part6","floors":1,"height":3.1,"heightSource":"Catastro:numberOfFloorsAboveGround"},"geometry":{"type":"Polygon","coordinates":[[[603232.53,4108491.75],[603230.37,4108494.88],[603231.65,4108495.77],[603232.68,4108494.17],[603233.76,4108492.61],[603232.53,4108491.75]]]}},{"type":"Feature","properties":{"id":"3388029XG0038N_part7","floors":1,"height":3.1,"heightSource":"Catastro:numberOfFloorsAboveGround"},"geometry":{"type":"Polygon","coordinates":[[[603235.37,4108487.65],[603233.18,4108490.81],[603234.41,4108491.67],[603236.09,4108489.24],[603236.6,4108488.5],[603235.37,4108487.65]]]}},{"type":"Feature","properties":{"id":"3388029XG0038N_part8","floors":1,"height":3.1,"heightSource":"Catastro:numberOfFloorsAboveGround"},"geometry":{"type":"Polygon","coordinates":[[[603234.32,4108520.81],[603240.31,4108525.4],[603241.52,4108523.81],[603242.86,4108522.06],[603236.87,4108517.47],[603235.53,4108519.22],[603234.32,4108520.81]]]}},{"type":"Feature","properties":{"id":"3388029XG0038N_part9","floors":1,"height":3.1,"heightSource":"Catastro:numberOfFloorsAboveGround"},"geometry":{"type":"Polygon","coordinates":[[[603224.87,4108502.88],[603256.74,4108524.92],[603260.1,4108520.05],[603261.58,4108517.92],[603260.71,4108517.32],[603260.24,4108517.0],[603256.26,4108522.75],[603243.16,4108513.7],[603246.86,4108508.36],[603243.75,4108506.21],[603240.05,4108511.55],[603226.96,4108502.5],[603228.7,4108500.0],[603230.97,4108496.75],[603229.71,4108495.88],[603226.86,4108500.0],[603224.87,4108502.88]]]}},{"type":"Feature","properties":{"id":"3388029XG0038N_part10","floors":1,"height":3.1,"heightSource":"Catastro:numberOfFloorsAboveGround"},"geometry":{"type":"Polygon","coordinates":[[[603245.07,4108529.05],[603248.07,4108531.34],[603250.62,4108528.01],[603247.63,4108525.71],[603246.29,4108527.46],[603245.07,4108529.05]]]}},{"type":"Feature","properties":{"id":"3388029XG0038N_part11","floors":1,"height":3.1,"heightSource":"Catastro:numberOfFloorsAboveGround"},"geometry":{"type":"Polygon","coordinates":[[[603261.04,4108515.84],[603260.92,4108516.01],[603262.57,4108517.15],[603264.73,4108514.02],[603263.08,4108512.88],[603262.0,4108514.45],[603261.04,4108515.84]]]}},{"type":"Feature","properties":{"id":"3388029XG0038N_part12","floors":1,"height":3.1,"heightSource":"Catastro:numberOfFloorsAboveGround"},"geometry":{"type":"Polygon","coordinates":[[[603263.71,4108511.98],[603264.97,4108512.86],[603267.16,4108509.69],[603265.9,4108508.82],[603265.41,4108509.51],[603263.71,4108511.98]]]}},{"type":"Feature","properties":{"id":"3388029XG0038N_part13","floors":1,"height":3.1,"heightSource":"Catastro:numberOfFloorsAboveGround"},"geometry":{"type":"Polygon","coordinates":[[[603218.86,4108570.81],[603217.17,4108574.18],[603215.49,4108577.56],[603217.27,4108578.46],[603220.65,4108571.7],[603218.86,4108570.81]]]}},{"type":"Feature","properties":{"id":"3388029XG0038N_part14","floors":1,"height":3.1,"heightSource":"Catastro:numberOfFloorsAboveGround"},"geometry":{"type":"Polygon","coordinates":[[[603224.91,4108558.69],[603221.54,4108565.44],[603223.33,4108566.33],[603226.71,4108559.58],[603224.91,4108558.69]]]}},{"type":"Feature","properties":{"id":"3388029XG0038N_part15","floors":1,"height":3.1,"heightSource":"Catastro:numberOfFloorsAboveGround"},"geometry":{"type":"Polygon","coordinates":[[[603230.97,4108546.56],[603229.28,4108549.94],[603227.6,4108553.32],[603229.39,4108554.21],[603232.76,4108547.46],[603230.97,4108546.56]]]}},{"type":"Feature","properties":{"id":"3388029XG0038N_part16","floors":1,"height":3.1,"heightSource":"Catastro:numberOfFloorsAboveGround"},"geometry":{"type":"Polygon","coordinates":[[[603241.21,4108481.84],[603244.62,4108484.2],[603245.19,4108483.37],[603241.78,4108481.01],[603241.21,4108481.84]]]}},{"type":"Feature","properties":{"id":"3388029XG0038N_part17","floors":1,"height":3.1,"heightSource":"Catastro:numberOfFloorsAboveGround"},"geometry":{"type":"Polygon","coordinates":[[[603248.07,4108531.34],[603251.07,4108533.64],[603252.28,4108532.05],[603253.62,4108530.3],[603250.62,4108528.01],[603248.07,4108531.34]]]}},{"type":"Feature","properties":{"id":"3388029XG0038N_part18","floors":1,"height":3.1,"heightSource":"Catastro:numberOfFloorsAboveGround"},"geometry":{"type":"Polygon","coordinates":[[[603254.87,4108490.07],[603251.46,4108487.71],[603250.89,4108488.53],[603254.3,4108490.89],[603254.87,4108490.07]]]}},{"type":"Feature","properties":{"id":"3388029XG0038N_part19","floors":1,"height":3.1,"heightSource":"Catastro:numberOfFloorsAboveGround"},"geometry":{"type":"Polygon","coordinates":[[[603261.42,4108494.6],[603258.01,4108492.24],[603257.44,4108493.06],[603260.85,4108495.42],[603261.42,4108494.6]]]}},{"type":"Feature","properties":{"id":"3388029XG0038N_part20","floors":1,"height":3.1,"heightSource":"Catastro:numberOfFloorsAboveGround"},"geometry":{"type":"Polygon","coordinates":[[[603267.69,4108498.93],[603267.12,4108499.75],[603267.48,4108500.0],[603270.53,4108502.11],[603271.1,4108501.29],[603269.23,4108500.0],[603267.69,4108498.93]]]}},{"type":"Feature","properties":{"id":"3388029XG0038N_part21","floors":2,"height":6.2,"heightSource":"Catastro:numberOfFloorsAboveGround"},"geometry":{"type":"Polygon","coordinates":[[[603189.32,4108572.28],[603187.51,4108570.3],[603186.4,4108571.32],[603185.51,4108570.35],[603186.62,4108569.33],[603184.81,4108567.35],[603183.7,4108568.36],[603182.81,4108567.39],[603183.92,4108566.38],[603182.11,4108564.4],[603181.0,4108565.41],[603180.12,4108564.44],[603181.23,4108563.43],[603179.41,4108561.45],[603178.3,4108562.46],[603177.42,4108561.49],[603178.53,4108560.48],[603176.71,4108558.49],[603175.6,4108559.51],[603174.72,4108558.54],[603175.83,4108557.52],[603174.02,4108555.54],[603172.91,4108556.56],[603172.02,4108555.58],[603165.2,4108561.81],[603167.9,4108564.76],[603170.6,4108567.72],[603173.3,4108570.67],[603175.99,4108573.62],[603178.69,4108576.57],[603181.39,4108579.52],[603189.32,4108572.28]]]}},{"type":"Feature","properties":{"id":"3388029XG0038N_part22","floors":2,"height":6.2,"heightSource":"Catastro:numberOfFloorsAboveGround"},"geometry":{"type":"Polygon","coordinates":[[[603222.07,4108542.56],[603222.17,4108542.61],[603222.83,4108542.94],[603221.03,4108546.55],[603219.81,4108548.98],[603219.05,4108548.6],[603216.01,4108554.69],[603216.77,4108555.07],[603215.56,4108557.5],[603213.76,4108561.1],[603213.0,4108560.72],[603209.96,4108566.81],[603210.72,4108567.19],[603207.7,4108573.23],[603206.94,4108572.85],[603205.42,4108575.89],[603206.05,4108576.2],[603211.38,4108578.86],[603215.93,4108581.14],[603217.27,4108578.46],[603215.49,4108577.56],[603217.17,4108574.18],[603218.86,4108570.81],[603220.65,4108571.7],[603223.33,4108566.33],[603221.54,4108565.44],[603224.91,4108558.69],[603226.71,4108559.58],[603229.39,4108554.21],[603227.6,4108553.32],[603229.28,4108549.94],[603230.97,4108546.56],[603232.76,4108547.46],[603234.1,4108544.77],[603229.78,4108542.61],[603223.59,4108539.52],[603222.07,4108542.56]]]}},{"type":"Feature","properties":{"id":"3388029XG0038N_part23","floors":2,"height":6.2,"heightSource":"Catastro:numberOfFloorsAboveGround"},"geometry":{"type":"Polygon","coordinates":[[[603243.75,4108539.24],[603241.79,4108541.8],[603241.58,4108542.38],[603241.74,4108542.61],[603242.25,4108543.35],[603243.38,4108543.02],[603243.69,4108542.61],[603244.82,4108541.13],[603246.75,4108542.61],[603247.52,4108543.2],[603247.97,4108542.61],[603254.66,4108533.87],[603252.28,4108532.05],[603251.07,4108533.64],[603248.07,4108531.34],[603242.66,4108538.41],[603243.75,4108539.24]]]}},{"type":"Feature","properties":{"id":"3388029XG0038N_part24","floors":2,"height":6.2,"heightSource":"Catastro:numberOfFloorsAboveGround"},"geometry":{"type":"Polygon","coordinates":[[[603218.37,4108519.8],[603224.02,4108524.13],[603223.5,4108524.81],[603228.7,4108528.79],[603229.22,4108528.11],[603234.58,4108532.22],[603234.06,4108532.89],[603239.46,4108537.03],[603239.98,4108536.35],[603242.66,4108538.41],[603248.07,4108531.34],[603245.07,4108529.05],[603246.29,4108527.46],[603241.52,4108523.81],[603240.31,4108525.4],[603234.32,4108520.81],[603235.53,4108519.22],[603230.67,4108515.5],[603229.67,4108516.81],[603225.74,4108513.8],[603223.46,4108516.77],[603221.71,4108515.44],[603218.37,4108519.8]]]}},{"type":"Feature","properties":{"id":"3388029XG0038N_part25","floors":2,"height":6.2,"heightSource":"Catastro:numberOfFloorsAboveGround"},"geometry":{"type":"Polygon","coordinates":[[[603226.96,4108502.5],[603240.05,4108511.55],[603243.75,4108506.21],[603243.46,4108506.01],[603244.43,4108504.61],[603239.04,4108500.88],[603237.91,4108502.53],[603236.16,4108501.32],[603237.07,4108500.0],[603237.3,4108499.67],[603231.65,4108495.77],[603230.97,4108496.75],[603228.7,4108500.0],[603226.96,4108502.5]]]}},{"type":"Feature","properties":{"id":"3388029XG0038N_part26","floors":2,"height":6.2,"heightSource":"Catastro:numberOfFloorsAboveGround"},"geometry":{"type":"Polygon","coordinates":[[[603231.65,4108495.77],[603237.3,4108499.67],[603237.07,4108500.0],[603236.16,4108501.32],[603237.91,4108502.53],[603239.04,4108500.88],[603244.43,4108504.61],[603245.51,4108503.05],[603241.1,4108500.0],[603232.68,4108494.17],[603231.65,4108495.77]]]}},{"type":"Feature","properties":{"id":"3388029XG0038N_part27","floors":2,"height":6.2,"heightSource":"Catastro:numberOfFloorsAboveGround"},"geometry":{"type":"Polygon","coordinates":[[[603243.16,4108513.7],[603256.26,4108522.75],[603260.24,4108517.0],[603260.92,4108516.01],[603255.25,4108512.09],[603254.11,4108513.73],[603253.24,4108513.13],[603252.36,4108512.52],[603253.5,4108510.88],[603248.17,4108507.19],[603247.2,4108508.6],[603246.86,4108508.36],[603243.16,4108513.7]]]}},{"type":"Feature","properties":{"id":"3388029XG0038N_part28","floors":2,"height":6.2,"heightSource":"Catastro:numberOfFloorsAboveGround"},"geometry":{"type":"Polygon","coordinates":[[[603261.63,4108514.19],[603249.25,4108505.63],[603248.17,4108507.19],[603253.5,4108510.88],[603252.36,4108512.52],[603253.24,4108513.13],[603254.11,4108513.73],[603255.25,4108512.09],[603260.92,4108516.01],[603261.04,4108515.84],[603262.0,4108514.45],[603261.63,4108514.19]]]}},{"type":"Feature","properties":{"id":"3388029XG0038N_part29","floors":1,"height":3.1,"heightSource":"Catastro:numberOfFloorsAboveGround"},"geometry":{"type":"Polygon","coordinates":[[[603238.94,4108485.12],[603242.35,4108487.48],[603241.84,4108488.22],[603244.1,4108489.79],[603241.82,4108493.08],[603243.57,4108494.28],[603245.84,4108490.99],[603248.1,4108492.56],[603248.62,4108491.82],[603252.03,4108494.18],[603249.7,4108497.55],[603252.83,4108499.72],[603255.16,4108496.34],[603258.58,4108498.71],[603258.07,4108499.45],[603258.86,4108500.0],[603260.33,4108501.01],[603258.05,4108504.3],[603259.8,4108505.51],[603262.07,4108502.22],[603264.33,4108503.78],[603264.84,4108503.04],[603268.26,4108505.4],[603268.35,4108505.27],[603270.53,4108502.11],[603267.48,4108500.0],[603267.12,4108499.75],[603264.86,4108498.19],[603263.6,4108500.0],[603262.64,4108501.4],[603260.89,4108500.19],[603261.02,4108500.0],[603263.11,4108496.98],[603260.85,4108495.42],[603257.44,4108493.06],[603255.67,4108495.61],[603252.54,4108493.44],[603254.3,4108490.89],[603250.89,4108488.53],[603248.63,4108486.97],[603246.41,4108490.17],[603244.67,4108488.97],[603246.88,4108485.76],[603244.62,4108484.2],[603241.21,4108481.84],[603238.94,4108485.12]]]}},{"type":"Feature","properties":{"id":"3388029XG0038N_part30","floors":1,"height":3.1,"heightSource":"Catastro:numberOfFloorsAboveGround"},"geometry":{"type":"Polygon","coordinates":[[[603236.09,4108489.24],[603239.53,4108491.61],[603239.02,4108492.35],[603241.28,4108493.92],[603239.01,4108497.21],[603240.75,4108498.41],[603243.02,4108495.12],[603245.29,4108496.69],[603245.8,4108495.95],[603249.21,4108498.31],[603248.04,4108500.0],[603246.88,4108501.68],[603249.99,4108503.83],[603252.32,4108500.46],[603255.73,4108502.82],[603255.22,4108503.56],[603257.48,4108505.12],[603255.21,4108508.41],[603256.95,4108509.62],[603259.23,4108506.33],[603261.49,4108507.89],[603262.0,4108507.15],[603265.0,4108509.23],[603265.41,4108509.51],[603265.9,4108508.82],[603268.26,4108505.4],[603264.84,4108503.04],[603264.33,4108503.78],[603262.07,4108502.22],[603259.8,4108505.51],[603258.05,4108504.3],[603260.33,4108501.01],[603258.86,4108500.0],[603258.07,4108499.45],[603258.58,4108498.71],[603255.16,4108496.34],[603252.83,4108499.72],[603249.7,4108497.55],[603252.03,4108494.18],[603248.62,4108491.82],[603248.1,4108492.56],[603245.84,4108490.99],[603243.57,4108494.28],[603241.82,4108493.08],[603244.1,4108489.79],[603241.84,4108488.22],[603242.35,4108487.48],[603238.94,4108485.12],[603236.6,4108488.5],[603236.09,4108489.24]]]}},{"type":"Feature","properties":{"id":"3388029XG0038N_part31","floors":3,"height":9.3,"heightSource":"Catastro:numberOfFloorsAboveGround"},"geometry":{"type":"Polygon","coordinates":[[[603232.68,4108494.17],[603241.1,4108500.0],[603245.51,4108503.05],[603244.43,4108504.61],[603243.46,4108506.01],[603243.75,4108506.21],[603246.86,4108508.36],[603247.2,4108508.6],[603248.17,4108507.19],[603249.25,4108505.63],[603261.63,4108514.19],[603262.0,4108514.45],[603263.08,4108512.88],[603263.71,4108511.98],[603265.41,4108509.51],[603265.0,4108509.23],[603262.0,4108507.15],[603261.49,4108507.89],[603259.23,4108506.33],[603256.95,4108509.62],[603255.21,4108508.41],[603257.48,4108505.12],[603255.22,4108503.56],[603255.73,4108502.82],[603252.32,4108500.46],[603249.99,4108503.83],[603246.88,4108501.68],[603248.04,4108500.0],[603249.21,4108498.31],[603245.8,4108495.95],[603245.29,4108496.69],[603243.02,4108495.12],[603240.75,4108498.41],[603239.01,4108497.21],[603241.28,4108493.92],[603239.02,4108492.35],[603239.53,4108491.61],[603236.09,4108489.24],[603234.41,4108491.67],[603233.76,4108492.61],[603232.68,4108494.17]]]}},{"type":"Feature","properties":{"id":"3388030XG0038G_part1","floors":1,"height":3.1,"heightSource":"Catastro:numberOfFloorsAboveGround"},"geometry":{"type":"Polygon","coordinates":[[[603129.68,4108423.98],[603133.44,4108431.26],[603181.16,4108490.32],[603185.43,4108486.87],[603183.5,4108484.47],[603182.33,4108485.42],[603178.38,4108480.52],[603179.54,4108479.57],[603175.82,4108474.96],[603174.65,4108475.91],[603170.69,4108471.01],[603171.86,4108470.06],[603168.14,4108465.46],[603166.97,4108466.4],[603163.01,4108461.5],[603164.18,4108460.55],[603160.6,4108456.12],[603159.43,4108457.06],[603155.47,4108452.16],[603156.64,4108451.22],[603152.91,4108446.61],[603151.75,4108447.55],[603147.79,4108442.65],[603148.95,4108441.71],[603145.23,4108437.1],[603144.06,4108438.04],[603140.1,4108433.14],[603141.27,4108432.2],[603137.69,4108427.77],[603136.44,4108428.77],[603132.49,4108423.87],[603133.73,4108422.87],[603132.98,4108421.93],[603131.73,4108422.94],[603131.43,4108422.57],[603129.68,4108423.98]]]}},{"type":"Feature","properties":{"id":"3388030XG0038G_part2","floors":1,"height":3.1,"heightSource":"Catastro:numberOfFloorsAboveGround"},"geometry":{"type":"Polygon","coordinates":[[[603198.27,4108476.5],[603197.22,4108475.21],[603144.07,4108409.41],[603141.44,4108411.53],[603195.64,4108478.62],[603198.27,4108476.5]]]}},{"type":"Feature","properties":{"id":"3388030XG0038G_part3","floors":2,"height":6.2,"heightSource":"Catastro:numberOfFloorsAboveGround"},"geometry":{"type":"Polygon","coordinates":[[[603139.17,4108413.37],[603141.66,4108416.46],[603142.44,4108415.83],[603146.4,4108420.73],[603145.62,4108421.36],[603149.21,4108425.79],[603149.98,4108425.16],[603153.94,4108430.06],[603153.16,4108430.69],[603156.89,4108435.3],[603157.67,4108434.67],[603161.63,4108439.57],[603160.85,4108440.2],[603164.57,4108444.81],[603165.35,4108444.18],[603169.31,4108449.08],[603168.53,4108449.71],[603172.11,4108454.14],[603172.89,4108453.52],[603176.85,4108458.42],[603176.07,4108459.05],[603179.79,4108463.65],[603180.57,4108463.03],[603184.53,4108467.93],[603183.75,4108468.56],[603187.48,4108473.16],[603188.25,4108472.54],[603192.21,4108477.44],[603191.44,4108478.06],[603193.37,4108480.46],[603195.64,4108478.62],[603141.44,4108411.53],[603139.17,4108413.37]]]}},{"type":"Feature","properties":{"id":"3388030XG0038G_part4","floors":2,"height":6.2,"heightSource":"Catastro:numberOfFloorsAboveGround"},"geometry":{"type":"Polygon","coordinates":[[[603135.55,4108416.29],[603134.36,4108414.81],[603128.79,4108419.3],[603131.43,4108422.57],[603131.73,4108422.94],[603132.98,4108421.93],[603133.73,4108422.87],[603132.49,4108423.87],[603136.44,4108428.77],[603137.69,4108427.77],[603141.27,4108432.2],[603140.1,4108433.14],[603144.06,4108438.04],[603145.23,4108437.1],[603148.95,4108441.71],[603147.79,4108442.65],[603151.75,4108447.55],[603152.91,4108446.61],[603156.64,4108451.22],[603155.47,4108452.16],[603159.43,4108457.06],[603160.6,4108456.12],[603164.18,4108460.55],[603163.01,4108461.5],[603166.97,4108466.4],[603168.14,4108465.46],[603171.86,4108470.06],[603170.69,4108471.01],[603174.65,4108475.91],[603175.82,4108474.96],[603179.54,4108479.57],[603178.38,4108480.52],[603182.33,4108485.42],[603183.5,4108484.47],[603185.43,4108486.87],[603193.37,4108480.46],[603191.44,4108478.06],[603192.21,4108477.44],[603188.25,4108472.54],[603187.48,4108473.16],[603183.75,4108468.56],[603184.53,4108467.93],[603180.57,4108463.03],[603179.79,4108463.65],[603176.07,4108459.05],[603176.85,4108458.42],[603172.89,4108453.52],[603172.11,4108454.14],[603168.53,4108449.71],[603169.31,4108449.08],[603165.35,4108444.18],[603164.57,4108444.81],[603160.85,4108440.2],[603161.63,4108439.57],[603157.67,4108434.67],[603156.89,4108435.3],[603153.16,4108430.69],[603153.94,4108430.06],[603149.98,4108425.16],[603149.21,4108425.79],[603145.62,4108421.36],[603146.4,4108420.73],[603142.44,4108415.83],[603141.66,4108416.46],[603139.17,4108413.37],[603135.55,4108416.29]]]}},{"type":"Feature","properties":{"id":"3388034XG0038G_part1","floors":1,"height":3.1,"heightSource":"Catastro:numberOfFloorsAboveGround"},"geometry":{"type":"Polygon","coordinates":[[[603086.14,4108527.52],[603086.44,4108531.62],[603088.55,4108531.49],[603088.89,4108536.09],[603091.25,4108536.09],[603091.25,4108537.81],[603093.95,4108537.81],[603093.95,4108536.46],[603096.82,4108536.46],[603096.9,4108533.34],[603101.29,4108533.17],[603100.8,4108526.81],[603096.51,4108527.01],[603086.14,4108527.52]]]}},{"type":"Feature","properties":{"id":"3388040XG0038G_part4","floors":3,"height":9.3,"heightSource":"Catastro:numberOfFloorsAboveGround"},"geometry":{"type":"Polygon","coordinates":[[[603495.7474946002,4108720.0],[603501.9543011723,4108720.0],[603500.02,4108717.17],[603495.7474946002,4108720.0]]]}},{"type":"Feature","properties":{"id":"3390073XG0039A_part1","floors":1,"height":3.1,"heightSource":"Catastro:numberOfFloorsAboveGround"},"geometry":{"type":"Polygon","coordinates":[[[603288.77,4108714.49],[603288.53,4108714.97],[603288.91,4108715.77],[603295.07,4108713.53],[603296.93,4108718.25],[603298.45,4108717.6],[603296.09,4108711.77],[603288.77,4108714.49]]]}},{"type":"Feature","properties":{"id":"3390073XG0039A_part2","floors":2,"height":6.2,"heightSource":"Catastro:numberOfFloorsAboveGround"},"geometry":{"type":"Polygon","coordinates":[[[603285.4,4108716.15],[603286.9456498952,4108720.0],[603299.4203504042,4108720.0],[603298.45,4108717.6],[603296.93,4108718.25],[603295.07,4108713.53],[603288.91,4108715.77],[603288.53,4108714.97],[603285.4,4108716.15]]]}},{"type":"Feature","properties":{"id":"3390074XG0039A_part1","floors":1,"height":3.1,"heightSource":"Catastro:numberOfFloorsAboveGround"},"geometry":{"type":"Polygon","coordinates":[[[603280.24,4108703.77],[603281.19,4108709.06],[603283.51,4108708.82],[603282.95,4108703.53],[603280.24,4108703.77]]]}},{"type":"Feature","properties":{"id":"3390074XG0039A_part2","floors":2,"height":6.2,"heightSource":"Catastro:numberOfFloorsAboveGround"},"geometry":{"type":"Polygon","coordinates":[[[603291.87,4108699.29],[603285.93,4108699.73],[603285.79,4108698.33],[603282.45,4108698.81],[603282.95,4108703.53],[603283.51,4108708.82],[603283.67,4108708.8],[603289.53,4108708.13],[603289.23,4108704.8],[603292.49,4108704.33],[603292.37,4108703.35],[603291.87,4108699.29]]]}},{"type":"Feature","properties":{"id":"3390074XG0039A_part3","floors":1,"height":3.1,"heightSource":"Catastro:numberOfFloorsAboveGround"},"geometry":{"type":"Polygon","coordinates":[[[603298.02,4108702.81],[603292.37,4108703.35],[603292.49,4108704.33],[603293.58,4108704.25],[603293.94,4108707.63],[603294.18,4108707.61],[603298.4,4108707.2415],[603298.02,4108702.81]]]}},{"type":"Feature","properties":{"id":"3390075XG0039A_part1","floors":1,"height":3.1,"heightSource":"Catastro:numberOfFloorsAboveGround"},"geometry":{"type":"Polygon","coordinates":[[[603278.33,4108703.2],[603272.3,4108704.42],[603272.08,4108703.31],[603272.08,4108703.29],[603272.01,4108703.3],[603268.96,4108703.94],[603269.68,4108707.98],[603270.04,4108710.0],[603274.19,4108709.26],[603279.25,4108708.0],[603278.33,4108703.2]]]}},{"type":"Feature","properties":{"id":"3390075XG0039A_part2","floors":1,"height":3.1,"heightSource":"Catastro:numberOfFloorsAboveGround"},"geometry":{"type":"Polygon","coordinates":[[[603274.19,4108709.26],[603270.04,4108710.0],[603270.26,4108711.24],[603273.96,4108710.57],[603274.38,4108712.9],[603274.97,4108712.78],[603279.97,4108711.7],[603279.25,4108708.0],[603274.19,4108709.26]]]}},{"type":"Feature","properties":{"id":"3390075XG0039A_part3","floors":2,"height":6.2,"heightSource":"Catastro:numberOfFloorsAboveGround"},"geometry":{"type":"Polygon","coordinates":[[[603273.96,4108710.57],[603270.26,4108711.24],[603270.7,4108713.66],[603274.38,4108712.9],[603273.96,4108710.57]]]}},{"type":"Feature","properties":{"id":"3390076XG0039A_part1","floors":1,"height":3.1,"heightSource":"Catastro:numberOfFloorsAboveGround"},"geometry":{"type":"Polygon","coordinates":[[[603254.03,4108713.36],[603254.55,4108716.02],[603256.35,4108715.67],[603256.2,4108714.92],[603256.16,4108714.7],[603255.83,4108713.01],[603254.03,4108713.36]]]}},{"type":"Feature","properties":{"id":"3390076XG0039A_part2","floors":1,"height":3.1,"heightSource":"Catastro:numberOfFloorsAboveGround"},"geometry":{"type":"Polygon","coordinates":[[[603262.91,4108713.35],[603263.56,4108716.59],[603266.1,4108716.06],[603265.49,4108712.83],[603262.91,4108713.35]]]}},{"type":"Feature","properties":{"id":"3390076XG0039A_part3","floors":2,"height":6.2,"heightSource":"Catastro:numberOfFloorsAboveGround"},"geometry":{"type":"Polygon","coordinates":[[[603258.65,4108709.22],[603258.31,4108707.71],[603254.94,4108708.24],[603255.13,4108709.44],[603255.83,4108713.01],[603256.16,4108714.7],[603262.91,4108713.35],[603265.49,4108712.83],[603264.56,4108707.96],[603258.65,4108709.22]]]}},{"type":"Feature","properties":{"id":"3390076XG0039A_part4","floors":2,"height":6.2,"heightSource":"Catastro:numberOfFloorsAboveGround"},"geometry":{"type":"Polygon","coordinates":[[[603256.16,4108714.7],[603256.2,4108714.92],[603256.35,4108715.67],[603256.81,4108717.99],[603260.03,4108717.32],[603263.56,4108716.59],[603262.91,4108713.35],[603256.16,4108714.7]]]}},{"type":"Feature","properties":{"id":"3390076XG0039A_part5","floors":1,"height":3.1,"heightSource":"Catastro:numberOfFloorsAboveGround"},"geometry":{"type":"Polygon","coordinates":[[[603263.82,4108704.22],[603254.51,4108706.05],[603254.94,4108708.24],[603258.31,4108707.71],[603258.65,4108709.22],[603264.56,4108707.96],[603263.82,4108704.22]]]}},{"type":"Feature","properties":{"id":"3390077XG0039A_part1","floors":2,"height":6.2,"heightSource":"Catastro:numberOfFloorsAboveGround"},"geometry":{"type":"Polygon","coordinates":[[[603232.58,4108719.43],[603232.13,4108719.53],[603232.2502325582,4108720.0],[603247.8375265957,4108720.0],[603246.25,4108713.94],[603238.13,4108715.53],[603238.43,4108716.49],[603236.15,4108717.18],[603235.39,4108713.82],[603231.67,4108714.53],[603232.58,4108719.43]]]}},{"type":"Feature","properties":{"id":"3790016XG0039B_part1","floors":1,"height":3.1,"heightSource":"Catastro:numberOfFloorsAboveGround"},"geometry":{"type":"Polygon","coordinates":[[[603589.133,4108717.766],[603583.4958037379,4108720.0],[603590.0067127597,4108720.0],[603589.133,4108717.766]]]}}]}
