{"type":"FeatureCollection","name":"mojacar-coast-buildings","crs":{"type":"name","properties":{"name":"EPSG:25830"}},"source":"Direcci\u00f3n General del Catastro, INSPIRE BU, municipio 04064","features":[{"type":"Feature","properties":{"id":"urban-mass","floors":2,"height":6.2,"heightSource":"overview-generalisation"},"geometry":{"type":"MultiPolygon","coordinates":[[[[604242.9252851463,4111535.817059179],[604299.2500986591,4111771.851767813],[604315.2112193445,4111787.685311103],[604323.4736102055,4111764.387666526],[604283.5237895022,4111566.66137621],[604269.6495023292,4111533.106728783],[604242.9252851463,4111535.817059179]]],[[[604318.8734395708,4111799.490953506],[604309.9242629939,4111855.39135721],[604325.0684243116,4111863.103345482],[604327.3114751836,4111900.7528227926],[604339.7927302095,4111913.6122395336],[604352.0581774297,4111906.520041694],[604348.1412358135,4111859.7605895693],[604333.8472968598,4111801.966862753],[604318.8734395708,4111799.490953506]]],[[[604340.4046884287,4111923.76241411],[604321.6791983916,4111936.8825742984],[604335.7307231819,4111959.292091708],[604356.4578994681,4111944.6221918464],[604340.4046884287,4111923.76241411]]],[[[604337.9434924241,4111964.516939117],[604326.437647519,4112007.214838368],[604352.2189174026,4112047.2015820947],[604342.8977580568,4112061.479645773],[604355.7133922059,4112157.5420836722],[604341.219719712,4112210.7903052894],[604369.2412387133,4112215.836210388],[604374.6511360477,4112242.0538272443],[604370.0180232519,4112265.072455736],[604341.2535214928,4112271.975947797],[604339.5008534319,4112314.858870066],[604327.5225304052,4112309.70542776],[604325.9605284054,4112261.5283689485],[604308.2049382636,4112267.3580585136],[604309.5914954215,4112343.3369163447],[604334.9317609472,4112356.566620929],[604360.5031957586,4112347.5068857125],[604356.6989744427,4112320.0005108095],[604392.8404219408,4112323.5008279863],[604386.2390815422,4112291.2062469088],[604395.1149700661,4112274.742203352],[604396.9685445055,4112178.703520606],[604375.8314216143,4112169.031636764],[604374.8762834199,4112144.3692669272],[604396.9370865377,4112134.822496225],[604398.1947687002,4112119.493918118],[604388.159503401,4112076.0668219374],[604362.89394121,4112056.8642470255],[604384.141689869,4112043.9805982667],[604382.4493033135,4112011.6976523884],[604361.071590445,4111991.5517257694],[604359.7105551873,4111972.1943101045],[604337.9434924241,4111964.516939117]]],[[[604338.0800049538,4114300.912961558],[604360.3484979639,4114340.2879334656],[604377.4281634745,4114337.9220169717],[604388.4388991974,4114265.2633098443],[604347.7419283742,4114268.5890736496],[604336.436215255,4114254.666489403],[604312.1356514812,4114262.8636918636],[604323.1143738803,4114303.045301895],[604338.0800049538,4114300.912961558]]],[[[604341.5756940991,4114119.2886879537],[604353.0885474704,4114160.964583829],[604382.0045838312,4114161.0114525273],[604377.8217239485,4114118.617448835],[604341.5756940991,4114119.2886879537]]],[[[604211.9899819023,4113317.669944583],[604229.4882275045,4113336.410442206],[604232.9122195975,4113412.347579031],[604235.6732556984,4113491.0017050803],[604218.9812830088,4113503.6685706144],[604220.005061114,4113523.718678047],[604321.3094269038,4113505.908162012],[604313.7278400109,4113303.976608953],[604268.4646650235,4113302.160227088],[604257.8249788248,4113315.854977441],[604244.8734935602,4113305.3353731586],[604217.4106647994,4113306.30046064],[604211.9899819023,4113317.669944583]],[[604273.8664501155,4113492.3893205384],[604260.7561502135,4113492.507453887],[604262.2418081169,4113476.5763148475],[604276.016160209,4113480.214147931],[604273.8664501155,4113492.3893205384]],[[604271.3873347937,4113440.913318621],[604258.6285927339,4113440.557948369],[604260.1479065577,4113425.105626246],[604274.1128395683,4113429.239389252],[604271.3873347937,4113440.913318621]],[[604269.3925691469,4113389.285158135],[604256.7103520571,4113388.825269844],[604258.4860939996,4113373.473697432],[604272.0964534868,4113377.619415188],[604269.3925691469,4113389.285158135]],[[604252.9156304869,4113330.0619701142],[604261.5711255835,4113320.4980908222],[604271.639996337,4113331.643623441],[604260.5765217112,4113341.2940649865],[604252.9156304869,4113330.0619701142]]],[[[603451.6705010752,4111689.455001608],[603471.6661146837,4111702.4866186106],[603466.1322955966,4111725.311441546],[603483.0178736554,4111765.9535424006],[603533.8868883569,4111754.521822978],[603575.0111957352,4111772.9112063777],[603613.0297757977,4111813.7704403405],[603645.1218074716,4111812.9223997747],[603647.862189561,4111798.534317278],[603661.0317411497,4111799.102856735],[603666.2812101023,4111812.5747412224],[603653.4835610335,4111825.2306921384],[603664.8288861939,4111841.2338661957],[603693.9961334845,4111818.2886302],[603725.0089520038,4111817.7356509003],[603727.1833173323,4111793.5962870307],[603754.4384583979,4111783.153558049],[603746.7832495102,4111758.7787913857],[603774.9446181498,4111719.493056196],[603787.1359417576,4111724.368373232],[603787.7131759119,4111775.863475023],[603803.2893036964,4111801.7026174413],[603813.3496640817,4111795.7693734686],[603812.3175462204,4111773.302523681],[603873.9025601416,4111754.3937355443],[603857.6165704302,4111723.0624081492],[603829.5623052756,4111711.273650487],[603831.2363758396,4111688.9460141016],[603845.5861252955,4111682.4408481987],[603856.903458519,4111693.682184997],[603928.6991930514,4111675.802088119],[603930.0586575485,4111700.3624121607],[603891.5637244785,4111713.3762163976],[603908.0460967554,4111737.9493474173],[603899.5702761002,4111754.4355733646],[603918.1057625215,4111773.029742575],[603936.4989000029,4111775.0549870897],[603949.2037280524,4111808.385410371],[603967.4047473429,4111811.028766069],[603965.9314752669,4111832.7932067174],[603987.5300777094,4111840.545992978],[603993.2878714518,4111866.232349687],[604014.9666500994,4111895.0624015364],[604032.2214312734,4111901.127183276],[604055.3317432108,4111939.526133299],[604039.3712579659,4111988.533159326],[604046.9543576805,4112002.294603055],[604024.5390125092,4112046.29832198],[603977.1999369744,4112067.5616132687],[603959.1371455065,4112085.656750483],[603960.4493045019,4112100.80633415],[603976.7072862439,4112109.7581533534],[603974.8486991015,4112129.664345093],[604025.3188436278,4112158.0755571793],[604023.4858833875,4112195.2926379004],[604048.1710322822,4112227.2330783186],[604136.332201371,4112251.37369107],[604138.1432656498,4112292.973396426],[604116.8659935879,4112297.770535853],[604114.8098774898,4112314.6198568647],[604144.2368124989,4112334.3927766364],[604145.154647234,4112307.6847965047],[604162.9595134993,4112305.906484666],[604159.4719180595,4112379.0392651176],[604202.0482204652,4112387.5950762955],[604205.0378557557,4112359.2117886846],[604194.9419798086,4112346.9119910407],[604207.1096558938,4112332.0609694836],[604221.045206354,4112256.042351696],[604287.2373367862,4112214.1860558144],[604309.4727929431,4112181.980448483],[604275.4351573285,4112179.1345398836],[604272.4345567055,4112165.044455733],[604319.1158020338,4112149.712012521],[604297.826815209,4111908.1056588516],[604292.3818767086,4111875.03258273],[604276.1547512008,4111867.5723064262],[604284.5268686886,4111843.273557066],[604238.0188976121,4111663.5501231686],[604234.4893580674,4111593.8505700366],[604219.6961406174,4111588.584353694],[604195.2845924179,4111535.2469980395],[604183.8520630919,4111476.4760217317],[604161.3853776557,4111476.3930134587],[604150.4968394466,4111441.8615114475],[604130.3597680076,4111440.147627049],[604131.4282313236,4111424.374219672],[604040.0986662535,4111298.8598294263],[603955.619876267,4111262.7206039894],[603952.6062765006,4111300.232027165],[603924.8643027928,4111300.22301546],[603925.6686108137,4111320.8405885343],[603904.9921064437,4111331.057267472],[603942.7709910502,4111418.196839883],[603925.8473533622,4111419.185987082],[603888.1612204423,4111360.688238107],[603878.3387733483,4111386.9534495603],[603844.0801137582,4111390.3723220252],[603795.6914727257,4111424.165857697],[603760.7474482241,4111427.362846609],[603756.64096379,4111486.8288275697],[603729.8843160636,4111483.3313441733],[603707.3534333727,4111516.4861478815],[603689.820034061,4111512.5029933183],[603677.9009769842,4111524.2106278786],[603685.0633315615,4111550.8047551517],[603703.9215941089,4111567.4752650275],[603735.5468733404,4111588.4716406288],[603751.132255642,4111583.678627337],[603771.2155149584,4111601.83635857],[603765.0390314284,4111626.171978473],[603735.7865117257,4111631.4139208407],[603672.5217510271,4111575.6710998286],[603656.9878226626,4111584.8566900487],[603618.1216046397,4111576.046288396],[603608.7997482327,4111600.721799989],[603616.2183828508,4111629.067143874],[603603.6305376464,4111641.07851852],[603543.7973888133,4111608.9056260088],[603498.9530447496,4111639.4532409986],[603467.8477627464,4111634.8665758413],[603470.0863827898,4111659.7766913758],[603451.6705010752,4111689.455001608]],[[604202.1435799755,4112105.6010864642],[604195.0185715032,4112072.1174191185],[604209.9512874027,4112068.3006323418],[604222.4168575453,4112101.337618292],[604244.2843847119,4112102.2184400377],[604266.6925082831,4112122.3497834057],[604266.2285865732,4112137.5415392504],[604222.120296931,4112131.8307393636],[604219.623526008,4112106.7121147583],[604202.1435799755,4112105.6010864642]],[[604235.804635539,4112069.6509259334],[604257.7238197882,4112059.278188701],[604267.162489597,4112068.540335726],[604245.6373477405,4112078.8797298176],[604235.804635539,4112069.6509259334]],[[604245.8737047808,4111966.9035567013],[604240.5604493155,4111917.367283487],[604256.1310553292,4111919.136799808],[604256.2981110754,4111971.0158308884],[604245.8737047808,4111966.9035567013]],[[604224.5351947679,4112000.9230944933],[604251.3188456221,4111990.1504982626],[604260.2866358642,4111997.0224853596],[604252.7870285946,4112015.4921029247],[604226.93285442,4112014.9438965702],[604224.5351947679,4112000.9230944933]],[[604245.8640812587,4112184.982721597],[604237.6948268214,4112177.0023245537],[604246.0565287756,4112168.926071734],[604253.9611325501,4112177.4444610295],[604245.8640812587,4112184.982721597]],[[604225.2395575019,4112213.3318054965],[604232.7427560413,4112204.5415401855],[604241.9082334336,4112211.9103080947],[604234.2452460041,4112221.101101786],[604225.2395575019,4112213.3318054965]],[[604222.9250332568,4112182.552222618],[604233.2376590563,4112188.7378428723],[604226.7012916018,4112199.4368057013],[604214.85903329,4112192.7299336907],[604222.9250332568,4112182.552222618]],[[604220.9227202322,4111945.425555354],[604208.6599315429,4111946.4105975884],[604203.5353703015,4111928.10726214],[604221.1969559784,4111926.057854376],[604220.9227202322,4111945.425555354]],[[604186.0967817182,4111664.6336597116],[604194.3893229234,4111656.2342541562],[604205.3667912701,4111665.8435560144],[604195.0669117204,4111675.7013501404],[604186.0967817182,4111664.6336597116]],[[604161.2459526105,4112042.6862797923],[604136.3361955811,4112011.9489122247],[604173.9657997144,4112006.9257114106],[604169.9677685522,4111978.013413544],[604195.2331033133,4111982.2633523378],[604201.500090324,4112016.5746862027],[604161.2459526105,4112042.6862797923]],[[604100.1075004241,4111983.9680035235],[604165.8000773529,4111931.5140742394],[604195.7437600543,4111929.347208153],[604181.3080728775,4111952.052504611],[604113.9595438977,4111992.0433203853],[604100.1075004241,4111983.9680035235]],[[604175.6316970246,4111734.79137223],[604176.9604004371,4111722.4589111065],[604191.7094015587,4111723.238407864],[604188.7637160381,4111739.0196161163],[604175.6316970246,4111734.79137223]],[[604155.5874619895,4111582.402094726],[604127.0392704365,4111568.5898829163],[604121.0879521449,4111546.483552461],[604162.7831215943,4111539.7281400226],[604175.6370990926,4111572.112875242],[604155.5874619895,4111582.402094726]],[[604136.1727314173,4112129.0339881927],[604139.5982093366,4112115.0113431453],[604157.15296108,4112118.2335170717],[604148.8623756274,4112136.1814991063],[604136.1727314173,4112129.0339881927]],[[604110.9465837338,4112206.967996041],[604110.1525782796,4112195.5941502983],[604135.2974735978,4112181.642835509],[604157.5567003652,4112212.80444481],[604148.2613701827,4112219.6097575026],[604110.9465837338,4112206.967996041]],[[604054.3610804703,4111901.98332702],[604051.3426584564,4111888.607507324],[604089.3727114279,4111865.4544036924],[604105.3855931667,4111899.01841151],[604146.5123364405,4111888.5618967414],[604155.3291325385,4111895.9057114953],[604125.034026434,4111919.4510720586],[604115.922694307,4111943.177778574],[604054.3610804703,4111901.98332702]],[[604135.6907788999,4111514.98716644],[604141.7515644354,4111505.238901834],[604151.9097511936,4111511.6563318195],[604145.4722467787,4111521.209724229],[604135.6907788999,4111514.98716644]],[[604117.5871123229,4111777.19327978],[604138.9954780289,4111766.7301545977],[604148.6819121937,4111791.83414951],[604127.9113600809,4111799.426333479],[604117.5871123229,4111777.19327978]],[[604120.3512518087,4111483.4969761455],[604115.0600782309,4111469.2018866395],[604131.6334280652,4111464.866187176],[604137.0564777484,4111486.710308458],[604120.3512518087,4111483.4969761455]],[[604052.127456402,4112049.805389617],[604076.2253825914,4112003.447085228],[604105.3333474195,4112019.068941135],[604098.1234460053,4112035.5965404212],[604128.8168814142,4112122.746995232],[604119.1867900697,4112136.409377687],[604126.476279297,4112172.4520906573],[604112.1653022317,4112165.739793688],[604081.3690763515,4112108.642499741],[604074.6292063048,4112053.409309247],[604052.127456402,4112049.805389617]],[[604121.7204701205,4111615.3658790044],[604109.4933097068,4111613.494758723],[604111.1776986468,4111597.7641305826],[604123.8801463618,4111601.35551732],[604121.7204701205,4111615.3658790044]],[[604018.0746590979,4111493.1697741244],[604065.939600904,4111540.398102683],[604084.2068937626,4111518.0426849765],[604061.2283135816,4111494.0936295316],[604088.2801910705,4111477.6963715972],[604119.0324391576,4111523.9472759957],[604080.2537375164,4111546.277654719],[604078.0468514586,4111570.861613996],[604056.6266232737,4111583.6105808415],[604041.5444985417,4111547.909737061],[604015.2045302568,4111547.004822631],[604006.8388235436,4111500.437488472],[604018.0746590979,4111493.1697741244]],[[604098.9640283958,4111736.288348745],[604113.5893473136,4111745.6936392495],[604098.9016004745,4111760.8777734153],[604085.7709738561,4111748.053040813],[604098.9640283958,4111736.288348745]],[[604058.1881147013,4112187.41157851],[604090.38619139,4112169.6342816195],[604100.9041913371,4112196.015090786],[604084.2675970523,4112201.56352509],[604058.1881147013,4112187.41157851]],[[604080.6847416318,4111638.258139621],[604078.014676689,4111626.1077254177],[604093.747200331,4111622.7733882004],[604097.3625024576,4111643.3832673207],[604080.6847416318,4111638.258139621]],[[604077.4175735262,4111828.0139050307],[604076.085365391,4111816.0533151273],[604092.8225324869,4111812.006633221],[604095.8200262499,4111837.613950493],[604077.4175735262,4111828.0139050307]],[[604053.7345313452,4111469.1041911384],[604048.9355393184,4111435.6749295807],[604079.4723455313,4111442.9004545435],[604070.2927569682,4111461.730519483],[604053.7345313452,4111469.1041911384]],[[604066.6449175986,4111724.189103644],[604053.0487209564,4111716.203204728],[604063.75848727,4111703.2332868585],[604079.4309307869,4111716.0660614474],[604066.6449175986,4111724.189103644]],[[604006.3990289739,4111703.5851758886],[604016.6612852742,4111689.126630109],[604033.2201953353,4111689.7444423423],[604052.194301594,4111719.959656798],[604012.8027469197,4111725.131480639],[604006.3990289739,4111703.5851758886]],[[603993.2563245931,4111764.0184997194],[604030.0815403385,4111745.260018287],[604048.4494209338,4111745.77334761],[604048.6159695331,4111784.3504044004],[603996.8376012847,4111785.6318399548],[603993.2563245931,4111764.0184997194]],[[604025.6820676395,4111472.6617867327],[604035.1714854767,4111464.1985081327],[604043.6499295182,4111471.734478629],[604034.0943906087,4111480.9751262204],[604025.6820676395,4111472.6617867327]],[[604027.0829556142,4111590.0668149684],[604024.3383844561,4111577.5281431554],[604040.0637288587,4111575.1058620284],[604039.3388008777,4111589.8825160125],[604027.0829556142,4111590.0668149684]],[[604030.865822382,4111841.005452572],[604019.8398573222,4111838.144008382],[604022.7799204632,4111827.066050708],[604033.9365767036,4111829.930007768],[604030.865822382,4111841.005452572]],[[603996.8313392913,4111663.343049009],[603993.0405092152,4111648.7606233843],[604022.0213039743,4111645.4962368594],[604019.6743844961,4111664.998867277],[603996.8313392913,4111663.343049009]],[[603981.4195072915,4111412.649212514],[603965.7938793881,4111400.3118789825],[603969.1724443878,4111389.6390345907],[604022.1958092971,4111400.772101946],[604017.05306891,4111410.7988810022],[603981.4195072915,4111412.649212514]],[[604013.7613186974,4111334.6707039597],[603984.5158876288,4111338.3104132316],[603979.5667821601,4111313.0688569774],[604015.3903443397,4111313.084495467],[604013.7613186974,4111334.6707039597]],[[603874.6028437486,4111460.281959245],[603911.1501354588,4111434.2943191477],[603992.1829346255,4111433.153816037],[603989.9696299223,4111459.9163623564],[604004.3962572363,4111474.879370496],[603980.7355987128,4111486.902725291],[603983.8768273381,4111513.665107847],[603959.0372364465,4111518.368994964],[603951.1897096711,4111496.560255358],[603931.6740930349,4111497.2334251595],[603929.7397114541,4111541.496629806],[603990.5294064041,4111551.4864305616],[603998.0287463292,4111582.4998817765],[604011.5690952617,4111590.5595267606],[604008.1893718923,4111610.127261397],[603926.366644706,4111635.552282595],[603911.3701165076,4111615.416085019],[603909.3721941932,4111467.2387060197],[603892.5083776069,4111463.5678923246],[603876.0938735419,4111476.307590197],[603874.6028437486,4111460.281959245]],[[603956.8053763722,4111352.2681921916],[603968.2404996138,4111350.606424388],[603970.4720063761,4111363.08084588],[603957.5743160703,4111364.216971127],[603956.8053763722,4111352.2681921916]],[[603915.7526499565,4111733.979185012],[603953.8956768422,4111718.6030606837],[603962.3229732183,4111728.4921947676],[603923.4828714831,4111742.1201994023],[603915.7526499565,4111733.979185012]],[[603881.3870384471,4111653.5952018327],[603897.6929552589,4111643.8034760305],[603909.0896647312,4111650.4851410287],[603890.9207722294,4111663.0802815054],[603881.3870384471,4111653.5952018327]],[[603898.3352290348,4111623.2594844396],[603874.1880868124,4111615.744315411],[603882.9203103242,4111604.87066726],[603900.8048945151,4111612.181711883],[603898.3352290348,4111623.2594844396]],[[603835.1179598093,4111543.514888383],[603839.0425831558,4111530.0668244776],[603887.2287047901,4111500.6847516824],[603891.0118396605,4111539.2607453177],[603866.9029662389,4111547.8171040034],[603890.0711528659,4111558.4921153393],[603889.9359194858,4111589.2406367697],[603867.675434729,4111584.501296613],[603835.1179598093,4111543.514888383]],[[603815.9099166496,4111438.174035017],[603852.5877153057,4111410.5444339644],[603873.7892725512,4111430.784202675],[603818.0934474267,4111475.3665345674],[603807.1702012508,4111464.963731555],[603815.9099166496,4111438.174035017]],[[603846.0828809427,4111612.0303245834],[603854.1535251868,4111601.910582109],[603867.9896993384,4111613.363586565],[603854.1188142238,4111622.7551559415],[603846.0828809427,4111612.0303245834]],[[603786.076497395,4111583.788940701],[603801.0493143514,4111558.207334106],[603787.1638881213,4111528.5376200452],[603810.3205697181,4111517.719575245],[603816.7854316408,4111549.8133934825],[603850.3138746744,4111598.3446626933],[603818.0030661438,4111609.3681934094],[603786.076497395,4111583.788940701]],[[603832.7331573912,4111490.9408945646],[603843.5257889798,4111496.3490011063],[603836.9325000617,4111507.0775399473],[603827.047441471,4111501.213150167],[603832.7331573912,4111490.9408945646]],[[603658.2437667156,4111751.0523985317],[603662.3469112861,4111739.0442260634],[603682.7475413217,4111743.7512817746],[603676.9173872399,4111754.0033147694],[603658.2437667156,4111751.0523985317]],[[603657.1772343077,4111709.449154878],[603666.2301231498,4111700.5680843857],[603679.8348265308,4111711.6746338215],[603664.055868591,4111720.637817242],[603657.1772343077,4111709.449154878]],[[603645.3736851098,4111604.200127017],[603656.8412656555,4111605.955517375],[603655.3447475665,4111617.55010953],[603642.1939135846,4111616.4200946717],[603645.3736851098,4111604.200127017]],[[603627.9630481757,4111666.06802348],[603622.5536455419,4111652.715584301],[603639.918965339,4111649.0993248536],[603643.2449733344,4111666.1998201264],[603627.9630481757,4111666.06802348]],[[603605.5267207538,4111738.0466150907],[603610.1700716146,4111724.9109735778],[603631.4762061227,4111721.2445477275],[603641.0431534149,4111747.0489025954],[603628.3468494343,4111755.097707022],[603605.5267207538,4111738.0466150907]],[[603586.3360297197,4111768.0319831455],[603556.0777103666,4111737.413503507],[603575.1981141289,4111726.6934859157],[603603.5738352913,4111749.059606753],[603586.3360297197,4111768.0319831455]],[[603487.3975259078,4111706.2719868333],[603510.1846472339,4111695.6141603203],[603513.8789464014,4111655.1395040364],[603535.1338614122,4111636.99137309],[603561.9503851844,4111654.946436041],[603556.1507970965,4111680.1167792315],[603524.6832720542,4111671.6270799176],[603527.966251427,4111720.8147412096],[603511.6981880432,4111736.3690790506],[603498.7872775744,4111733.0396197233],[603487.3975259078,4111706.2719868333]]],[[[603968.7768611341,4112134.828503376],[603949.1393076755,4112133.214197031],[603930.8617367838,4112190.4186886856],[603955.1555195963,4112192.908586544],[603968.7768611341,4112134.828503376]]],[[[604144.8823432045,4112794.4002320454],[604142.5121228723,4112809.1941260407],[604171.0359701883,4112807.368320896],[604180.9495457043,4112816.541523416],[604181.7504786806,4112849.0550627117],[604156.5744573913,4112873.762478163],[604158.1943829966,4112884.4698402537],[604184.0811172317,4112894.4489722135],[604182.3316695013,4112976.0552755254],[604231.5222142311,4112986.2368234987],[604231.4889438082,4113115.658164007],[604223.6085144127,4113124.9073396106],[604214.058676698,4113117.852341033],[604208.2945270515,4112997.8495595367],[604157.6820968991,4112999.489358882],[604165.3378584934,4113256.0702154646],[604308.0581466634,4113256.913392556],[604306.561557494,4113090.875130812],[604261.157069202,4113086.1746972064],[604257.1610991363,4113028.848384476],[604302.6239687997,4113016.5802609106],[604301.7307464902,4112991.962710666],[604290.7226328976,4112982.0664218017],[604294.7556019,4112948.919634744],[604235.2888611383,4112948.117608264],[604223.9862948513,4112938.159991987],[604227.2793341974,4112900.924839726],[604291.6851866636,4112894.2412152747],[604284.2793746671,4112859.0743093207],[604236.229016564,4112855.6388931363],[604270.6829421599,4112817.4837745493],[604269.4324127604,4112789.0322942887],[604144.8823432045,4112794.4002320454]],[[604265.8574093804,4113231.002982679],[604257.0144846034,4113203.810592658],[604273.8555341847,4113196.7634830903],[604281.7896315423,4113223.9788948856],[604265.8574093804,4113231.002982679]],[[604258.7377940774,4113169.1175357946],[604273.1310317958,4113159.288491783],[604279.4766150787,4113173.994399971],[604264.8521567208,4113181.8153085685],[604258.7377940774,4113169.1175357946]]],[[[604215.4800257572,4111414.610595649],[604223.4358318829,4111440.7124122954],[604217.441135677,4111468.9748190865],[604240.9764898615,4111477.315868659],[604255.6739037832,4111498.089132652],[604258.3841428022,4111461.9010440395],[604246.5486548113,4111429.174594644],[604232.4522910349,4111405.3722970355],[604215.4800257572,4111414.610595649]]],[[[604017.1685308329,4113003.870309478],[604021.5285882063,4113022.6470751637],[604057.675437357,4113034.3334841356],[604115.4405918027,4113027.284755541],[604123.7379787822,4113009.0768543384],[604120.1714649863,4112991.8166203266],[604100.9769018275,4112993.406373149],[604091.8141969745,4113009.0118547296],[604067.7769522982,4112994.3666416896],[604017.1685308329,4113003.870309478]]],[[[604123.4296620154,4112978.51932927],[604136.1261160776,4112974.422544073],[604131.0514432278,4112933.4737227396],[604118.7439141951,4112937.1972494097],[604123.4296620154,4112978.51932927]]],[[[603970.6389744562,4113467.836202713],[604011.9263585157,4113578.075228182],[604030.6321489156,4113573.9984945697],[604032.6010388137,4113555.4024653696],[604044.854164718,4113557.663941615],[604067.0294394172,4113634.687978547],[604113.8535310301,4113622.995607554],[604090.3281177735,4113533.318569977],[604053.8103118066,4113538.915394174],[604043.7707844027,4113515.231137937],[604020.8045910691,4113516.712415038],[604021.3477291088,4113499.7420766978],[603996.4351262568,4113467.2239757054],[603970.6389744562,4113467.836202713]]],[[[604079.6141339383,4112433.518695802],[604016.7735078542,4112458.724504796],[604018.9943801757,4112472.8363240804],[604065.2093645105,4112454.4264539382],[604086.6528947342,4112491.8690973935],[604102.411301827,4112486.7851379965],[604079.6141339383,4112433.518695802]]],[[[604056.2111368759,4111059.5069982223],[604079.09157546,4111069.4766623364],[604079.8015989969,4111041.697216495],[604055.8280631902,4111042.3659934094],[604056.2111368759,4111059.5069982223]]],[[[604012.3616285225,4112305.8311652294],[604037.9757221778,4112320.6912479033],[604075.7889140688,4112303.599763576],[604044.5617528433,4112283.2987514967],[604013.2683682073,4112294.2526080385],[604012.3616285225,4112305.8311652294]]],[[[604040.6434096998,4114049.2179747317],[604019.6566794004,4114071.272379558],[604038.0262719769,4114084.654195821],[604058.0235554203,4114067.139962064],[604040.6434096998,4114049.2179747317]]],[[[603531.7958938576,4110615.1820282065],[603535.6596666058,4110632.5214324286],[603552.2598883025,4110625.377307183],[603580.4374914964,4110634.9653088995],[603591.681080523,4110665.773099548],[603579.5979821662,4110681.5440743025],[603603.2797994877,4110748.7255578875],[603680.9580932644,4110736.92626359],[603685.279817938,4110714.9470964377],[603699.9362713612,4110718.073460692],[603711.0696548058,4110742.0348912166],[603687.1632441723,4110762.592483412],[603665.7357222744,4110759.340800156],[603653.6881543047,4110800.9484099764],[603668.948111399,4110804.824962044],[603682.6764199213,4110770.60986205],[603733.4395529274,4110771.748141816],[603739.0253935858,4110796.827334934],[603710.328660705,4110808.839974601],[603708.2633849683,4110858.39744482],[603725.2192037547,4110866.354343839],[603731.8328202454,4110886.9648826374],[603774.7992292971,4110893.4917060677],[603786.8394638335,4110936.2804401987],[603800.3527786965,4110934.8070152183],[603798.0956662694,4110878.0150490813],[603777.068517879,4110854.350209493],[603745.8353220909,4110850.5626891064],[603739.9565781315,4110805.15806718],[603769.0565024398,4110798.640336659],[603778.5686150225,4110814.1213134304],[603794.2904820472,4110815.4839694784],[603798.7466061824,4110841.6795199635],[603827.9341971449,4110846.729875418],[603848.8246594721,4110903.5986088556],[603861.3177143228,4110901.066306495],[603862.0862964073,4110882.899941289],[603844.0146677243,4110870.303339322],[603842.2811529421,4110844.940936222],[603867.2858476301,4110830.6187979416],[603887.2017828203,4110849.435331493],[603886.8675571386,4110890.416303234],[603902.2581002818,4110912.8497303165],[603899.011607367,4110965.362989118],[603924.7367094264,4110979.577407059],[603916.2425362889,4111009.3633468],[603926.5276213689,4111023.6809234493],[603909.1374960705,4111046.235146183],[603935.947774189,4111053.0284434636],[603949.1213267841,4111099.2018463723],[603939.1878610187,4111203.421682084],[603986.195864957,4111218.422869968],[604007.2966590271,4111263.001502965],[604037.2872571384,4111265.6599844703],[604046.3124704099,4111203.3325376557],[604027.2171330252,4111158.176428187],[604026.4931042863,4111126.5432289494],[604007.1282489882,4111108.7769536776],[604013.3897305478,4111060.0811643894],[603967.4871636102,4111042.120678271],[603964.2061309684,4111013.3863078137],[603929.885703963,4110963.904254503],[603938.0532285656,4110954.419898839],[603966.2360510643,4110960.946952287],[603984.0776149322,4111008.8766799644],[604027.079357597,4111008.6273630257],[604033.9537501076,4110999.64366403],[604024.5639894931,4110975.8084581783],[603995.6601307037,4110985.7239641044],[603984.7660623357,4110978.437783903],[603991.8947032995,4110963.448114705],[604030.2430848379,4110962.675752032],[604015.2750924256,4110940.7990663922],[604035.8637846413,4110928.15801556],[604023.080805728,4110870.9240232212],[603983.6803748248,4110872.5132846055],[603971.1462529785,4110853.661726532],[603987.2202707548,4110837.4195771087],[603965.1914193989,4110698.7822062415],[603913.4951770345,4110706.959705122],[603874.5636001921,4110691.814422068],[603906.8580668087,4110675.1441798005],[603946.3776714532,4110680.844405684],[603957.3421860102,4110673.030917013],[603942.6042294767,4110583.566619582],[603883.7899098606,4110589.3803749424],[603915.3786344472,4110569.2836517785],[603913.6019557745,4110534.45467281],[603891.1420972537,4110522.8365328405],[603814.2764434457,4110526.5427885237],[603806.143252721,4110551.669738062],[603786.2001940883,4110544.08096007],[603766.1935864623,4110552.9118306115],[603744.5177358753,4110523.035540928],[603741.8275492984,4110500.044180388],[603668.5804518813,4110490.0865314538],[603666.6228878702,4110521.6333833816],[603677.2595746337,4110534.0216992865],[603669.2291597432,4110567.345476486],[603657.1276439752,4110565.7918053237],[603658.8886566636,4110544.2253210135],[603650.5484613039,4110540.790933916],[603594.503779664,4110566.361294092],[603580.9992242359,4110561.938843202],[603567.4854892836,4110570.7994967164],[603566.7203252692,4110594.38065809],[603531.7958938576,4110615.1820282065]],[[603904.8427934468,4110862.03040517],[603906.4652263197,4110846.0883698296],[603966.723516755,4110846.2598280087],[603969.3466402974,4110896.481223108],[603993.7349459616,4110892.8990864926],[604006.4775416397,4110925.265249705],[603947.6431431362,4110927.1596091487],[603955.02181624,4110899.026776417],[603947.2745235042,4110870.693967476],[603904.8427934468,4110862.03040517]],[[603970.2158813833,4111160.6483424897],[603970.1107456831,4111129.558506945],[603987.9033440311,4111127.6970509347],[603998.2229212897,4111148.429575332],[603970.2158813833,4111160.6483424897]],[[603969.8918871032,4111087.1047477415],[603964.7469933243,4111066.076903508],[603983.063101145,4111061.5673242267],[603993.7084850875,4111079.8975467463],[603969.8918871032,4111087.1047477415]],[[603880.6380146585,4110740.420506663],[603894.8949853933,4110736.062159101],[603905.9425833125,4110783.621187435],[603925.4327954255,4110795.6862822026],[603919.4521064328,4110730.85641774],[603943.5578678842,4110724.8220898793],[603952.4456596844,4110813.321114462],[603898.4819729213,4110818.120175978],[603880.6380146585,4110740.420506663]],[[603866.3799343847,4110658.8250410105],[603861.5865737157,4110624.2883871347],[603919.7866900705,4110622.7146315556],[603907.8225693187,4110649.0953372843],[603866.3799343847,4110658.8250410105]],[[603823.8844706937,4110690.597593178],[603804.0357449228,4110629.592138018],[603821.9904877463,4110615.2529596468],[603848.0788636646,4110689.146399472],[603863.8294148983,4110692.4981724527],[603864.0264487191,4110704.0698301857],[603813.1953153257,4110712.2517392472],[603823.8844706937,4110690.597593178]],[[603725.0463053046,4110587.6973146764],[603723.2163096489,4110575.689342499],[603742.9541670112,4110566.8749158303],[603785.6348666183,4110578.4503853605],[603803.8730528139,4110567.8440199546],[603833.8291219234,4110587.7644432615],[603817.0437184965,4110608.1858535563],[603788.8934988761,4110600.878156802],[603783.1634964818,4110615.529176103],[603759.2396437519,4110622.9677116405],[603738.5476636764,4110589.4048686037],[603725.0463053046,4110587.6973146764]],[[603817.5986280895,4110812.639900873],[603827.9090040522,4110790.749019347],[603828.7942457239,4110811.0513285846],[603817.5986280895,4110812.639900873]],[[603798.4391333681,4110790.812922627],[603787.6598353483,4110786.983310533],[603781.2550253836,4110757.7260567453],[603793.746248409,4110747.857307278],[603805.5340099817,4110779.3691447233],[603798.4391333681,4110790.812922627]],[[603716.5366000542,4110729.1930416557],[603778.0237957876,4110707.684811198],[603788.3596844192,4110714.3235047185],[603778.1193276718,4110733.235408495],[603722.2970881462,4110742.143062332],[603716.5366000542,4110729.1930416557]],[[603749.2782494915,4110635.6721996632],[603754.4034151393,4110624.592768039],[603764.7032272102,4110628.7974796984],[603761.2575833367,4110642.1270674546],[603749.2782494915,4110635.6721996632]],[[603720.0696073467,4110670.8773992644],[603740.1281181164,4110662.396421564],[603745.6387326734,4110700.6448796936],[603723.6769083565,4110702.0625901227],[603720.0696073467,4110670.8773992644]],[[603706.698457694,4110624.3624373116],[603692.6915937397,4110580.7858357606],[603715.7676389639,4110578.015823911],[603717.5684165311,4110625.358183608],[603706.698457694,4110624.3624373116]],[[603601.6052068295,4110648.860262502],[603668.8080563988,4110592.03832606],[603685.9316479759,4110594.121550576],[603682.0810837941,4110638.387339074],[603621.3681682502,4110662.3421150628],[603603.0318462615,4110661.406862744],[603601.6052068295,4110648.860262502]],[[603666.6090461224,4110714.7245964194],[603630.4066302009,4110720.405869633],[603631.6426074851,4110705.7689380953],[603663.2752353163,4110691.68664565],[603666.6090461224,4110714.7245964194]]],[[[603940.1169049588,4110460.7363508623],[603975.4485414617,4110455.9142927662],[603986.2396112793,4110465.36962667],[603989.1218962759,4110479.8481980017],[603970.64967542,4110489.2906379392],[603985.3752895363,4110543.356331205],[604017.5615973584,4110528.42584246],[604001.6963477588,4110439.2032875917],[603981.3606283121,4110442.032707944],[603968.8179057715,4110431.8011237117],[603936.2212006336,4110447.3755763113],[603940.1169049588,4110460.7363508623]]],[[[603982.8839038328,4111936.6091141705],[603988.37458159,4111964.350656071],[604016.711460842,4111945.3935676366],[604004.5116860279,4111929.8687308473],[603982.8839038328,4111936.6091141705]]],[[[603932.4937174736,4110340.2282069977],[603966.3587743198,4110360.1103593796],[603978.1201877866,4110352.00911932],[603968.5709425386,4110334.4804348797],[603932.4937174736,4110340.2282069977]]],[[[603592.0288144897,4112916.3699823497],[603620.5774061092,4113042.4104672098],[603615.1978968785,4113110.8896806035],[603671.8893261258,4113194.1045652577],[603679.6247095875,4113225.0620794627],[603681.9307195139,4113272.490690576],[603669.1492240295,4113281.5782735273],[603663.8951649766,4113312.619044953],[603669.2402764881,4113346.4270175197],[603703.612239913,4113353.030924035],[603728.7448208705,4113333.1511062067],[603725.7597024812,4113241.647593925],[603751.2713253075,4113232.82898481],[603749.1126574359,4113198.316860583],[603772.1401427721,4113179.8909426606],[603767.0796240377,4113156.0471559362],[603789.5421770373,4113153.59015113],[603795.9581460935,4113196.349816555],[603771.584138856,4113198.792801213],[603765.0648089428,4113219.4994184687],[603800.1065132233,4113219.565842913],[603808.1900940806,4113260.7009754307],[603797.8167025337,4113266.6060751784],[603771.6106224991,4113246.951071456],[603760.349447773,4113253.2769894972],[603761.2102678462,4113270.546908809],[603866.4805324543,4113407.904486457],[603880.1264807003,4113412.140923539],[603892.918914757,4113401.462327489],[603891.1814140219,4113385.4993516062],[603910.2673680169,4113379.6461837585],[603926.7894509082,4113398.251340994],[603921.6655591441,4113414.8948364793],[603900.5938440533,4113425.571366837],[603901.6974804873,4113437.7776955813],[603915.0480477805,4113446.08235416],[603933.5956508409,4113431.924823366],[603952.7425433651,4113448.066646601],[603960.125683554,4113439.6865906795],[603931.5990341255,4113390.4750328315],[603925.159930027,4113349.92195607],[603938.994148808,4113334.825018991],[603950.593730315,4113380.2554169246],[603971.3589314942,4113377.1476562074],[603953.7539664002,4113294.771669417],[603934.4081783391,4113298.0419627842],[603940.662118046,4113323.8535629725],[603931.384981203,4113333.452295708],[603916.050226326,4113318.6827452024],[603913.5470777907,4113282.3029518523],[603893.5446060128,4113283.482029099],[603884.068710092,4113299.2363446117],[603837.7346190222,4113300.6584363384],[603828.0295401223,4113315.902048297],[603803.723288747,4113285.6374741644],[603831.2633072833,4113257.1687157885],[603845.5476682603,4113268.2356923744],[603864.1588522928,4113262.6526574874],[603857.0560086962,4113221.0193342706],[603836.9930240442,4113203.1719637653],[603849.6118495859,4113184.2720349273],[603843.8519906114,4113163.010027191],[603853.2653454334,4113144.7788140713],[603890.8487774533,4113158.082198891],[603888.2226945476,4113176.5546875456],[603867.5374674903,4113185.015756725],[603878.5012274426,4113234.7232918837],[603901.3160479999,4113234.847129305],[603912.1202122904,4113256.7382049686],[603958.849404665,4113242.7468360714],[603955.9982218452,4113223.0422878023],[603925.8344096844,4113224.0307130767],[603913.1445545647,4113187.0851287916],[603922.985886909,4113178.571164827],[603932.2079271008,4113200.541862064],[603957.7488228172,4113197.482507546],[603947.5320088741,4113161.4005654613],[603960.8049188878,4113148.6953489836],[603938.4842878148,4113069.763236912],[603920.96694239,4113077.1900659553],[603933.4938156769,4113139.856218185],[603917.637898395,4113163.1521774353],[603905.3123624745,4113151.642057344],[603904.9484230264,4113105.5898722587],[603847.7027067911,4113120.3177510174],[603818.3456586399,4113098.1191753475],[603851.8123412415,4113030.5939443833],[603863.5238126185,4113029.0429698327],[603871.1890459951,4113042.6795699145],[603891.9792802384,4113037.4183231876],[603874.5860980881,4113017.984930008],[603877.1398283405,4112999.2874171888],[603854.9531682238,4113008.1421547746],[603839.3084091927,4112984.2329914668],[603830.2596833103,4112990.474825602],[603834.7560048274,4113012.8840624867],[603808.9289836168,4113011.59794705],[603794.643511015,4113032.6537067136],[603750.8731269626,4113012.855707465],[603733.3660762996,4113022.9523642072],[603712.5082617044,4112995.4747642945],[603660.447028993,4112977.5515685882],[603652.5875251249,4112914.2477805614],[603635.4578445668,4112890.1065366706],[603592.0288144897,4112916.3699823497]],[[603876.85448831,4113311.6173540447],[603892.4122242855,4113308.1472102306],[603895.405705435,4113346.699981602],[603881.044713333,4113339.924957948],[603876.85448831,4113311.6173540447]],[[603875.5241245897,4113390.2977768285],[603870.4044948398,4113366.9876887538],[603884.2700429142,4113365.3185298936],[603891.9057969691,4113382.970434205],[603875.5241245897,4113390.2977768285]],[[603868.4474769185,4113011.3059437256],[603874.2779509017,4113021.0326668876],[603864.4595349177,4113026.887587882],[603858.6843320284,4113017.0845052907],[603868.4474769185,4113011.3059437256]],[[603860.1784852059,4113369.371321566],[603844.3954621581,4113350.210876995],[603849.4939314363,4113340.1940641403],[603866.2359687878,4113349.408432118],[603869.3052105906,4113364.1675593206],[603860.1784852059,4113369.371321566]],[[603836.880216912,4113336.8823170317],[603838.3971467573,4113325.488784454],[603849.3374947297,4113326.825138861],[603848.144612153,4113338.216915622],[603836.880216912,4113336.8823170317]],[[603753.1740963556,4113085.0376626095],[603759.482205476,4113052.6281896373],[603778.1196200768,4113055.616400971],[603770.83291146,4113087.370711096],[603753.1740963556,4113085.0376626095]]],[[[603864.0411294104,4112936.285817942],[603904.6872351322,4113002.3451428874],[603911.4215035603,4113050.681073581],[603931.1292280293,4113048.0917223264],[603942.6087943552,4113020.286851144],[603909.7184661017,4112997.3721683417],[603945.235344418,4112990.0796794887],[603944.7458233186,4112953.8040726716],[603916.5064418089,4112940.3678465313],[603930.0757661943,4112906.778922102],[603962.7336885515,4112901.255400724],[603964.6346606013,4112873.8483353304],[603927.0135960823,4112869.449134869],[603918.680127784,4112845.389296701],[603889.9155202669,4112846.2683876227],[603887.6854293795,4112912.64785406],[603864.0411294104,4112936.285817942]]],[[[603902.0306235641,4110103.6518938337],[603895.8293644927,4110067.8240793],[603882.1698404187,4110071.2011274],[603888.1831749175,4110106.7862510844],[603902.0306235641,4110103.6518938337]]],[[[603333.3562835228,4110165.574829847],[603359.6573324628,4110204.365695439],[603565.7469945877,4110184.389236004],[603576.5963658958,4110166.9660469396],[603591.8526721434,4110175.9075208697],[603593.4221715338,4110201.067225111],[603621.667064677,4110198.238869609],[603635.871023305,4110153.5526212365],[603617.4383860023,4110128.57677663],[603638.0267180997,4110090.3100609374],[603619.7968725233,4110072.286977421],[603634.3886894779,4110066.520216017],[603649.9027883101,4110075.066671927],[603669.8914548361,4110064.347332851],[603676.8854661259,4110078.39424767],[603656.6491812532,4110092.213834749],[603638.3095411994,4110137.4929883396],[603698.0047254683,4110170.943849777],[603780.2922199821,4110301.3785738377],[603774.468810783,4110353.4800748224],[603757.6120712449,4110364.1689222166],[603760.8934607893,4110444.348427255],[603752.0780581256,4110468.5437265914],[603837.0766801796,4110470.785470444],[603888.437975103,4110446.446646677],[603886.4483986214,4110424.08743443],[603900.5399654043,4110408.955292606],[603881.2322580533,4110251.1190160667],[603840.852025033,4110241.2836014396],[603813.6316566792,4110252.9970221356],[603799.2715034639,4110234.7316514743],[603762.0770138047,4110221.453105014],[603778.4681646203,4110188.9970434825],[603800.4534806322,4110205.4645990483],[603814.9169105008,4110196.1229021545],[603810.0422090096,4110168.5575211053],[603844.1203669474,4110178.690767217],[603834.7140037738,4110142.1636856305],[603865.6875932366,4110110.4447483546],[603858.9704576497,4110072.1467712517],[603832.5294993119,4110067.6096156975],[603824.4739795271,4110099.295553352],[603775.1610292486,4110128.3559122942],[603751.0080594389,4110121.789760696],[603778.8021320568,4110088.696952515],[603803.1393336108,4110080.4630483044],[603815.553327622,4110051.326136039],[603800.8018373172,4110028.0990158217],[603840.1822100721,4110023.070981722],[603854.8115199961,4109976.548776161],[603850.1493395378,4109968.9294853946],[603773.1667410695,4109980.739076824],[603731.5805974433,4109970.002588011],[603728.389219078,4109947.510248835],[603746.7083549468,4109913.9011600837],[603741.9704564351,4109875.787552663],[603759.7531704786,4109874.415993193],[603764.9917251247,4109891.958467497],[603780.242822165,4109894.2420605076],[603793.1250511118,4109914.3170376574],[603818.2925367687,4109908.4836554914],[603795.4542218948,4109860.770680624],[603770.5193788758,4109843.709066708],[603771.1858428101,4109811.5339221926],[603742.371936633,4109770.3654403766],[603685.1089839282,4109771.025835201],[603681.2819332238,4109818.9881649464],[603661.6223627328,4109820.319086917],[603654.541612515,4109836.0532507356],[603625.7469159282,4109846.1012708806],[603654.6836604219,4109890.9524016157],[603705.7797876988,4109889.3108343524],[603705.7704205964,4109927.837004898],[603688.0941029749,4109954.7847765354],[603668.5919741109,4109936.8302377127],[603646.833490062,4109934.7311504283],[603611.4595956003,4109860.5948300194],[603571.7999106497,4109853.1057622996],[603615.9306082994,4109824.1405542977],[603612.381889297,4109804.4241270465],[603588.2664384805,4109807.376256488],[603575.2330092085,4109793.3504709476],[603568.6435167458,4109808.3787656],[603552.679149585,4109811.859787964],[603486.9848098403,4109781.5079613496],[603468.9856259302,4109801.240190845],[603473.0393363253,4109809.0076445783],[603516.6969967176,4109833.2536009746],[603480.0442542337,4109849.7206375017],[603441.3043796419,4109831.8374602096],[603438.827320073,4109845.749029848],[603424.7963474263,4109841.9549455675],[603457.5116610024,4109800.013789196],[603440.3104425072,4109779.677888501],[603414.05282801,4109819.7319793883],[603400.1871605528,4109800.4998165374],[603375.2566454819,4109802.365678333],[603358.8815252834,4109852.2491487893],[603370.4583623792,4109965.571445873],[603357.8820296762,4110016.0907604564],[603366.276626971,4110029.4115751106],[603352.316264387,4110042.4148892844],[603362.3237128363,4110058.207174702],[603384.9182694166,4110050.798163864],[603392.5660499283,4110060.9744614367],[603377.9033954337,4110079.812958389],[603374.2982414109,4110110.2587266075],[603359.4365215095,4110119.235143858],[603354.5257195515,4110152.3296938348],[603333.3562835228,4110165.574829847]],[[603797.8862430573,4110449.134818227],[603784.6425520167,4110433.806411325],[603803.9428100251,4110411.5449564788],[603817.7746274645,4110409.6219514636],[603827.1187058801,4110422.197942805],[603848.0500513293,4110402.00371101],[603858.5333221742,4110404.4085287447],[603852.524602914,4110437.9381497586],[603797.8862430573,4110449.134818227]],[[603837.4268348761,4110375.3015882513],[603826.8425813735,4110371.6346986108],[603830.454260214,4110360.8344303467],[603841.3081487073,4110364.518958879],[603837.4268348761,4110375.3015882513]],[[603798.1560012896,4110346.414744243],[603796.6071273057,4110292.0548828477],[603827.9438378613,4110287.8676880025],[603839.3221035127,4110298.767882487],[603841.0638671924,4110325.163793873],[603798.1560012896,4110346.414744243]],[[603748.1768635222,4109989.1915071607],[603776.6850227072,4110030.080613315],[603771.7889320294,4110042.858907429],[603733.658650699,4110028.7413638984],[603748.1768635222,4109989.1915071607]],[[603697.418734771,4109828.3359716116],[603738.958007264,4109819.894519575],[603750.4708121486,4109844.5438685915],[603726.0291966854,4109873.0167464367],[603705.2934984936,4109861.8585859854],[603714.315692958,4109841.346257497],[603697.418734771,4109828.3359716116]],[[603726.7553771813,4110106.1764717875],[603715.6979103256,4110101.0332938167],[603719.791592101,4110081.3720036927],[603742.1343107916,4110089.183765216],[603726.7553771813,4110106.1764717875]],[[603690.6617054658,4110030.6447519907],[603730.6713050484,4110030.4458880452],[603735.3163389515,4110046.1939773574],[603701.505016612,4110052.0851346618],[603690.6617054658,4110030.6447519907]],[[603712.0423352579,4110161.1369645195],[603703.7208650879,4110145.511296983],[603719.4501244918,4110139.4831658546],[603724.433886031,4110156.9740418983],[603712.0423352579,4110161.1369645195]],[[603668.2118886318,4109993.1839312217],[603680.3305700314,4109986.026589304],[603690.6469927912,4110001.3118875297],[603671.7524920692,4110006.638411539],[603668.2118886318,4109993.1839312217]],[[603654.6944140025,4109855.856674188],[603681.6399234256,4109857.498879059],[603681.7226508186,4109869.217224887],[603655.4927864119,4109866.505746703],[603654.6944140025,4109855.856674188]],[[603580.8554010461,4109999.096630199],[603596.2221105068,4110036.712089971],[603614.609136301,4110030.9922694624],[603621.431056941,4110047.0450855233],[603563.7527097831,4110045.17420196],[603564.696540668,4110004.37697451],[603580.8554010461,4109999.096630199]],[[603562.3905756408,4110132.2312040376],[603580.4605839747,4110105.6490162234],[603562.3646682845,4110090.237671447],[603563.3438096452,4110075.4658619706],[603588.9768064844,4110084.380506131],[603602.9552966702,4110071.398766421],[603616.4318906975,4110074.765478431],[603618.0737477472,4110107.8340551257],[603607.2989038018,4110123.390111781],[603575.3618737906,4110142.9331672764],[603562.3905756408,4110132.2312040376]],[[603578.2408321868,4109912.819547726],[603568.3096407563,4109881.7891614228],[603603.3962374035,4109884.000932455],[603596.3204025003,4109913.4648074857],[603578.2408321868,4109912.819547726]],[[603531.8695654882,4109978.6347589754],[603530.744306302,4109958.3606402962],[603561.5372871242,4109961.8610638194],[603555.929629573,4109980.795030847],[603531.8695654882,4109978.6347589754]],[[603524.6562261863,4110036.0164300497],[603558.0495144357,4110036.9621477197],[603549.9444504052,4110075.2245323295],[603521.9213243322,4110047.185903862],[603524.6562261863,4110036.0164300497]],[[603480.9501840828,4110091.635465955],[603480.405886207,4110075.9960750947],[603534.0858962735,4110071.7975257616],[603554.0798104742,4110111.608709625],[603544.1132965038,4110117.1759410207],[603508.9021488383,4110094.924155603],[603480.9501840828,4110091.635465955]],[[603537.3370287993,4110168.371297942],[603530.7935975573,4110157.326498737],[603545.2725133696,4110150.598391413],[603550.5714761735,4110162.923250839],[603537.3370287993,4110168.371297942]],[[603507.2972606209,4110049.71346231],[603499.1240858543,4110041.6097364947],[603508.376353497,4110030.2598371827],[603519.158490765,4110042.206339176],[603507.2972606209,4110049.71346231]],[[603428.3281707442,4109884.1969111525],[603445.9155014878,4109857.8797625047],[603480.923853685,4109868.6067948127],[603480.0527197294,4109898.424759123],[603514.8235067205,4109935.1024649413],[603513.0660054405,4109969.2535251826],[603493.0270496348,4109969.841395926],[603480.3786698353,4109957.1732724737],[603477.6875547634,4109923.3970366344],[603459.0930525248,4109926.0350784487],[603453.1739312751,4109944.607539762],[603435.110786324,4109942.2221624977],[603448.5639434599,4109904.0764687317],[603428.3281707442,4109884.1969111525]],[[603408.7094085218,4110003.0903393542],[603403.820484896,4109968.885204685],[603438.4785139051,4109960.4431573884],[603487.5387332906,4109982.7564257407],[603461.4328302525,4110011.67],[603444.2713554925,4109992.615800126],[603408.7094085218,4110003.0903393542]],[[603427.9156350355,4110051.2171893218],[603463.9158085876,4110043.0295319776],[603471.9961087492,4110075.8737836513],[603434.3573346195,4110071.3952291906],[603427.9156350355,4110051.2171893218]],[[603418.0777405539,4110027.158236456],[603429.2021582496,4110037.104468583],[603412.8711151781,4110044.5493175844],[603407.0579025499,4110033.7004082575],[603418.0777405539,4110027.158236456]],[[603369.0967092304,4110176.757956391],[603378.4846192172,4110140.1065944177],[603404.4031853474,4110139.589774702],[603403.6034137709,4110177.336760032],[603369.0967092304,4110176.757956391]]],[[[603792.5194964425,4109752.0692556193],[603823.6321672864,4109824.1698172255],[603839.322385714,4109823.033826409],[603829.0709149552,4109755.6166901044],[603792.5194964425,4109752.0692556193]]],[[[603685.8905317601,4113374.002508758],[603708.0203147811,4113502.5821937374],[603767.8424973607,4113514.242069473],[603780.4688347767,4113533.13750172],[603795.9072594664,4113515.1128547234],[603812.8959130947,4113513.2827126854],[603800.3332692874,4113487.8877048185],[603785.3960743444,4113509.0437193806],[603769.2859823247,4113512.5953671504],[603761.5637520782,4113486.1697802986],[603775.9917749141,4113471.5219517504],[603757.2314702962,4113435.2641559956],[603729.1377175349,4113448.605685106],[603712.932581081,4113430.7203730205],[603704.3377880475,4113406.2020749855],[603734.1452804264,4113409.547689902],[603731.699272515,4113384.6363773635],[603685.8905317601,4113374.002508758]],[[603730.9735175717,4113466.383275594],[603741.5889682781,4113456.810174957],[603747.8854834548,4113472.158045204],[603736.488381718,4113477.644122088],[603730.9735175717,4113466.383275594]]],[[[603736.1306331485,4109530.990463284],[603733.6675704903,4109588.3767357217],[603799.9430875202,4109587.7493301197],[603797.847589064,4109561.3114510872],[603747.5061316781,4109557.8265587604],[603749.0373995228,4109529.4754193476],[603736.1306331485,4109530.990463284]]],[[[603752.8492742949,4109524.62964623],[603773.14236513,4109519.6305775507],[603767.3161589811,4109476.5698091397],[603758.3594790305,4109472.5650525573],[603752.8492742949,4109524.62964623]]],[[[603769.9169846046,4112493.4250543136],[603782.8163088924,4112490.4766690223],[603782.7665713647,4112454.869311228],[603760.10642529,4112472.3141310355],[603769.9169846046,4112493.4250543136]]],[[[603746.5426777165,4112237.464888156],[603761.6983230745,4112275.164982568],[603774.3629339887,4112279.435148095],[603763.5511521118,4112232.5518584405],[603746.5426777165,4112237.464888156]]],[[[603663.8955785686,4112568.7648604806],[603677.4093615751,4112605.2271936364],[603701.6512993803,4112596.198018773],[603674.2337019736,4112566.3372524036],[603663.8955785686,4112568.7648604806]]],[[[603711.3559846949,4112604.835667672],[603725.502075095,4112639.895808287],[603733.8803103179,4112639.9813280473],[603747.9725137114,4112596.508561272],[603711.3559846949,4112604.835667672]]],[[[603700.5207463669,4109684.8071586275],[603711.280720728,4109733.9552055746],[603735.6832601929,4109728.8911327645],[603723.7220974568,4109680.5256487844],[603700.5207463669,4109684.8071586275]]],[[[602834.5382875575,4108857.494076853],[602862.3480636973,4108884.7924385783],[602879.4312968261,4108864.816746602],[602899.7767841943,4108859.7776904358],[602922.8928155133,4108892.265229462],[602913.8250054023,4108906.6084587104],[602892.4306732574,4108889.3714370574],[602869.921994225,4108908.4305676464],[602852.9399009837,4108901.076701549],[602841.5446826324,4108910.008813401],[602874.5120473835,4108936.1897245054],[602861.1198417367,4108958.781285464],[602875.372468806,4108976.516108286],[602867.043933587,4108993.751736741],[602890.3444510896,4109015.851318645],[602878.9330297885,4109034.0440142453],[602896.9365027492,4109047.7974239686],[602893.5252027169,4109064.392545059],[602935.947833248,4109118.9889352415],[602952.6413375045,4109124.7149777226],[602988.3156432749,4109094.545858828],[603009.0502372568,4109097.672274485],[603013.0901618041,4109064.0100150104],[603036.7163704064,4109055.245704645],[603036.240303066,4109033.199486265],[603048.6857395798,4109027.2707281555],[603074.1303388102,4109054.7701337677],[603192.9140351835,4109064.7361499267],[603196.8106154484,4109009.5661195694],[603219.6205244049,4109005.830843921],[603233.4122695003,4109064.861121662],[603322.545834349,4109068.6378955217],[603334.7691966827,4109083.6549894577],[603379.4069951572,4109089.60055883],[603387.4803699371,4109105.0787229086],[603419.5439744763,4109097.648838994],[603428.7374760461,4109117.5143206134],[603450.1283924676,4109116.76100994],[603467.9481823118,4109152.4403934553],[603488.7704875924,4109160.312447417],[603482.3581399319,4109200.093605793],[603494.3204373256,4109231.4186663707],[603537.575896255,4109238.4484646376],[603541.5741357103,4109297.187755289],[603664.7991003646,4109293.1876363945],[603665.4475492486,4109262.6815821705],[603676.0752535089,4109252.063059144],[603668.1221941686,4109192.246249432],[603677.9769564036,4109184.2630889476],[603691.1037978439,4109210.5831937967],[603686.9972396011,4109253.1658424092],[603699.4385637487,4109294.1716807545],[603726.4717997588,4109297.3069664435],[603713.0089453801,4109253.9387235045],[603712.5808273416,4109172.828871532],[603698.299671082,4109133.8357888516],[603684.5974170447,4109136.0166680906],[603672.5278206693,4109173.316853112],[603642.9399968997,4109132.903078289],[603598.8329327856,4109135.000589565],[603650.6133238572,4109106.6577341137],[603622.1933193925,4109049.107917204],[603591.6576273734,4108932.1332135815],[603554.6590669189,4108930.7925956803],[603587.4510651574,4108908.198860093],[603567.9833862185,4108883.7037836835],[603569.785286223,4108852.6700677625],[603544.3517333439,4108844.565124982],[603566.5410103288,4108820.571158458],[603547.1699870304,4108792.7657744177],[603533.0561262486,4108740.4528880557],[603477.1655142144,4108659.3767128475],[603284.5574875666,4108499.6559489337],[603243.717490904,4108477.5216360553],[603221.2077275411,4108501.295478389],[603214.381876212,4108519.9334074142],[603221.8882221717,4108533.928908343],[603207.3044962767,4108562.360628448],[603188.2576927084,4108563.551860422],[603174.1936303064,4108551.5534592923],[603161.5857299118,4108560.1188859586],[603183.2159100914,4108595.7364376257],[603113.9640383135,4108664.2254558858],[603055.4562353945,4108691.9317978597],[603064.8429721033,4108760.6172838113],[603031.1984409002,4108754.897428814],[603017.2035282272,4108776.754741741],[603002.3283181277,4108768.9652987807],[602956.8237850112,4108780.8440930513],[602915.3606207073,4108675.8825936816],[602881.3439232758,4108693.793629483],[602871.8261274605,4108717.6617173203],[602838.0469081091,4108731.8567576795],[602850.3841496966,4108771.278153273],[602896.354761095,4108759.2010719534],[602910.5819859253,4108794.954966324],[602923.9918833924,4108792.5578336],[602939.5541694409,4108816.135494961],[602982.0024124816,4108806.765194683],[602992.6255982227,4108839.7443654183],[602981.4494972669,4108853.746476789],[602970.0143710279,4108852.8432494756],[602959.9172714145,4108828.3609995227],[602940.073081851,4108832.397145071],[602909.2062328074,4108798.0703637865],[602892.3021593388,4108800.8812883883],[602877.9515817029,4108785.4505106383],[602862.372200111,4108797.952516806],[602865.9390869901,4108839.680733816],[602837.4167983789,4108842.566960617],[602834.5382875575,4108857.494076853]],[[603628.472009924,4109213.925484187],[603622.5742507707,4109202.987503609],[603635.3942427258,4109198.006492572],[603639.557653782,4109210.263615695],[603628.472009924,4109213.925484187]],[[603559.7032933432,4109133.2995702033],[603540.9015970842,4109096.8889144906],[603563.8482554861,4109088.612942981],[603574.7463969843,4109070.3736475944],[603601.0128347798,4109110.949849397],[603596.3049617065,4109123.926514826],[603559.7032933432,4109133.2995702033]],[[603555.9089176703,4109165.6873006085],[603570.715357231,4109172.4794672267],[603565.7033528776,4109187.995413693],[603555.2533256278,4109183.4275052887],[603555.9089176703,4109165.6873006085]],[[603401.2514197652,4108974.54109964],[603410.7275044173,4108925.07100991],[603475.6583473046,4108910.1824672204],[603473.6472361083,4108882.7918592407],[603511.5587214994,4108870.3419630406],[603512.6217777415,4108847.605693012],[603536.9552167609,4108843.9952807985],[603543.5027056341,4108874.7507910645],[603523.9665447572,4108889.3475089194],[603527.8752109277,4108921.2799343825],[603501.5144355124,4108939.225962901],[603478.1362928032,4108932.2045730604],[603447.2871742762,4108954.8623680123],[603427.160606793,4108955.8876322308],[603421.7767989468,4108976.7007541587],[603401.2514197652,4108974.54109964]],[[603496.0276305963,4108769.8920905804],[603496.8110616442,4108758.5229943004],[603516.0604985084,4108754.1791529134],[603517.6454611652,4108774.312791228],[603496.0276305963,4108769.8920905804]],[[603486.8197390768,4108962.1359938825],[603501.358813358,4108943.0836829087],[603511.7042092432,4108967.4686506502],[603502.4476208632,4108973.832212772],[603486.8197390768,4108962.1359938825]],[[603473.5855957551,4109082.5223970017],[603491.2508663096,4109075.6100595407],[603492.365033765,4109102.163671231],[603473.5081042239,4109103.357651437],[603473.5855957551,4109082.5223970017]],[[603460.6787043617,4108751.582204175],[603423.7897954731,4108714.999060511],[603438.95713007,4108703.406994337],[603476.0840407623,4108716.9003238156],[603479.526736681,4108742.601086381],[603460.6787043617,4108751.582204175]],[[603449.2897697175,4109044.459528521],[603431.2438782296,4109004.725291282],[603439.7786197119,4108997.198831484],[603478.3323851137,4109041.9773957576],[603449.2897697175,4109044.459528521]],[[603429.4738484262,4109088.2589167967],[603437.309862895,4109080.132678218],[603447.3792635343,4109088.513706387],[603437.420073063,4109098.666888008],[603429.4738484262,4109088.2589167967]],[[603203.1406463437,4108783.77273846],[603197.3920257319,4108769.839949769],[603244.3933141413,4108747.5953367134],[603267.8005310659,4108746.54509898],[603281.724445595,4108759.071608163],[603299.9000353098,4108746.9825999276],[603325.2658241338,4108756.8881406263],[603425.0539583239,4108738.0957874423],[603440.559510472,4108759.6413100413],[603417.6738772002,4108776.0491613313],[603404.6154410456,4108764.697420035],[603384.9480436898,4108773.4281261824],[603356.7697041478,4108768.11985934],[603330.1965163989,4108784.720635713],[603271.0579803069,4108776.2847574763],[603203.1406463437,4108783.77273846]],[[603429.1375501207,4108856.573958683],[603434.8391270777,4108868.413938687],[603425.2697901028,4108874.3743677037],[603417.3065121719,4108861.834250671],[603429.1375501207,4108856.573958683]],[[603406.6429244562,4109058.9937188276],[603400.9967936112,4109023.793072586],[603411.4590937329,4109018.175306672],[603426.1391790778,4109054.250897568],[603406.6429244562,4109058.9937188276]],[[603391.5503287552,4108828.528557402],[603400.9934587325,4108819.5598962978],[603418.679029451,4108832.7858895995],[603422.082065943,4108854.162318165],[603400.2829809877,4108849.71479047],[603391.5503287552,4108828.528557402]],[[603383.0447393957,4108711.0930039566],[603401.5026385578,4108699.9750147676],[603413.9325452177,4108719.520786232],[603386.9888677051,4108729.6184076183],[603383.0447393957,4108711.0930039566]],[[603373.4294932644,4108951.2839050065],[603366.9377504839,4108929.797267506],[603383.6174932154,4108925.2033301974],[603388.7898087936,4108946.921224273],[603373.4294932644,4108951.2839050065]],[[603367.6093173817,4109069.5851949234],[603365.9450179945,4109057.2888368755],[603381.4029992023,4109054.241309709],[603380.3501890847,4109069.4139674855],[603367.6093173817,4109069.5851949234]],[[603348.7780615197,4108975.7922075447],[603374.5187475514,4108969.6283800276],[603383.681218637,4108979.6108175935],[603358.8300649521,4108998.2827250888],[603342.6516544626,4108988.328266226],[603348.7780615197,4108975.7922075447]],[[603372.0781747822,4108828.2846408854],[603378.0643396198,4108856.9103167583],[603350.721632389,4108858.207350979],[603348.333732977,4108829.2599320407],[603372.0781747822,4108828.2846408854]],[[603308.7321051556,4108582.0272783465],[603313.7873566871,4108567.7151850057],[603340.1820884909,4108576.7388885366],[603361.1798652215,4108602.9999918123],[603343.4022989466,4108614.0838283747],[603308.7321051556,4108582.0272783465]],[[603349.1482055271,4108711.3872497436],[603360.0501620506,4108714.3231211915],[603357.4579812139,4108725.3916034694],[603345.3508164437,4108722.6869023237],[603349.1482055271,4108711.3872497436]],[[603337.2898493746,4109057.3920396054],[603339.2411457441,4109030.28838457],[603351.1554559612,4109036.133505749],[603351.9789848045,4109058.641612778],[603337.2898493746,4109057.3920396054]],[[603302.1472925514,4108708.6502767676],[603321.6906360141,4108700.992906121],[603334.9672338509,4108718.381946632],[603308.985274746,4108725.6758183325],[603302.1472925514,4108708.6502767676]],[[603304.351547154,4108963.505531504],[603313.5011886777,4108954.5870896075],[603320.6422615384,4108966.7182150334],[603310.7538016669,4108972.870895282],[603304.351547154,4108963.505531504]],[[603282.6581435066,4108954.8937031715],[603282.4321861531,4108919.767471564],[603301.5040646922,4108921.8712629504],[603310.357040901,4108952.089439493],[603282.6581435066,4108954.8937031715]],[[603271.5041381003,4108872.9187341123],[603282.092694503,4108843.9918387085],[603308.7273862354,4108841.950976291],[603287.4726797387,4108883.261818086],[603271.5041381003,4108872.9187341123]],[[603122.0301550942,4108695.262488157],[603204.0429651936,4108602.821846608],[603226.3827777101,4108609.727117378],[603259.7917234459,4108571.254756188],[603307.4079149186,4108608.6861629207],[603290.348476262,4108626.8302347953],[603235.1782000858,4108640.019756876],[603189.213512401,4108691.7997677154],[603140.0802908991,4108715.5173921627],[603122.0301550942,4108695.262488157]],[[603278.3175846044,4108808.224010055],[603296.7278505649,4108806.495939111],[603303.7336962826,4108817.141198199],[603290.0321198823,4108824.202752607],[603278.3175846044,4108808.224010055]],[[603229.5380751146,4108826.938635937],[603227.3093508991,4108812.84319048],[603251.4182785901,4108808.7651972757],[603270.0262600658,4108823.299360801],[603259.8442605237,4108833.7963485196],[603229.5380751146,4108826.938635937]],[[603224.0885272198,4108971.0847602314],[603245.5651973531,4108962.6500515076],[603251.1722857727,4108981.657719306],[603225.6502214874,4108985.240462324],[603224.0885272198,4108971.0847602314]],[[603211.1338250217,4108908.646752592],[603226.4403209038,4108911.311417759],[603226.8601176583,4108922.4136865125],[603209.4568979181,4108921.6539413645],[603211.1338250217,4108908.646752592]],[[603175.0141944975,4108914.563242538],[603184.7138008102,4108881.523979439],[603198.3681320698,4108881.4956064397],[603194.6949986983,4108918.435625798],[603175.0141944975,4108914.563242538]],[[603171.829505791,4108786.822728872],[603157.6995512984,4108747.4382710787],[603169.7997566062,4108740.4112798353],[603189.5521836554,4108782.5458149207],[603171.829505791,4108786.822728872]],[[603111.1140760289,4108843.852194744],[603081.3798616034,4108811.1027926146],[603092.0909258021,4108802.133338663],[603121.5606490694,4108819.4200814343],[603131.199685116,4108793.473801426],[603154.4279879235,4108784.357315413],[603165.8557249315,4108790.9726373325],[603148.8481982212,4108820.7389940484],[603126.000072962,4108824.3898273325],[603111.1140760289,4108843.852194744]],[[603130.5015910256,4108961.3747713906],[603120.2083579617,4108952.2917490946],[603133.4078016148,4108942.5097946203],[603142.4580881814,4108954.841058236],[603130.5015910256,4108961.3747713906]],[[603036.9529537144,4108965.960495126],[603085.9449595596,4108879.9143193252],[603109.3875506088,4108887.286654135],[603107.7360790403,4108909.8104228955],[603084.9002779565,4108928.3999923593],[603081.4569583891,4108968.4471469903],[603044.033297072,4108979.1918234816],[603036.9529537144,4108965.960495126]],[[603081.4414469985,4108997.9660472674],[603091.3070996286,4108971.4373921943],[603106.9456034201,4108973.9531103726],[603107.1470502993,4108988.891207057],[603091.076001984,4109002.32568436],[603081.4414469985,4108997.9660472674]],[[603001.7442117499,4108858.8773882776],[603013.170000979,4108780.9189285715],[603056.4836414693,4108784.9677941855],[603065.9871382313,4108806.8487605914],[603045.7468849304,4108815.3892758377],[603043.8272390352,4108832.613020822],[603086.7459589215,4108855.445863494],[603090.1318129929,4108872.950662954],[603069.7038907112,4108871.372194424],[603049.4709436251,4108901.489588405],[603029.5216498555,4108890.7775848843],[603047.8670729594,4108855.933243273],[603034.5537461127,4108850.2875571693],[603008.5729921537,4108872.790785892],[603001.7442117499,4108858.8773882776]],[[603065.1478433843,4108818.3046391415],[603071.7906812901,4108809.352686316],[603081.5530118966,4108816.0917580123],[603074.1509394344,4108825.5223450186],[603065.1478433843,4108818.3046391415]],[[603035.5787193908,4109000.9327264936],[603051.7259075587,4108999.9015749893],[603052.8260409463,4109014.51024029],[603030.2267700799,4109018.797498929],[603035.5787193908,4109000.9327264936]],[[602971.3958043843,4108935.1794427456],[602987.1371857368,4108925.369801075],[602998.1511700926,4108945.903099732],[603018.0237934276,4108942.2799557466],[603023.4637890015,4108952.874973461],[603004.1308971423,4108975.3965443512],[602979.2178129794,4108978.8530436996],[602971.3958043843,4108935.1794427456]],[[603021.8323995159,4108909.551302279],[602996.9945631913,4108917.1962005277],[602995.5423475846,4108902.8849918097],[603015.8923974707,4108896.303288306],[603021.8323995159,4108909.551302279]],[[602998.8409859532,4108995.9822678585],[603009.3280220216,4109000.3227319005],[603004.8621202031,4109010.917594566],[602993.9869299164,4109006.875533488],[602998.8409859532,4108995.9822678585]],[[602950.7291403866,4109057.855274074],[602975.17674885,4109026.0988152567],[603006.4128573844,4109038.8978556637],[602983.341178259,4109088.21967767],[602951.875983385,4109070.9847070607],[602950.7291403866,4109057.855274074]],[[602946.3485376632,4108920.093811179],[602948.5964846215,4108892.463851929],[602983.8457057088,4108882.991666279],[602980.8945965931,4108900.72243637],[602946.3485376632,4108920.093811179]],[[602943.8404272358,4108951.4228575113],[602945.2120985222,4108939.3643556503],[602957.1186459771,4108941.738259485],[602955.1566669313,4108953.1633533966],[602943.8404272358,4108951.4228575113]],[[602924.5375186692,4108862.646062857],[602927.347483209,4108847.1208716147],[602955.9871501621,4108859.3903555647],[602940.7443063196,4108882.455041922],[602924.5375186692,4108862.646062857]]],[[[603123.9403920416,4108630.3432016145],[603127.6680792165,4108612.367300408],[603153.4539044235,4108593.1937107113],[603139.76237679,4108576.66570925],[603104.579585718,4108614.8286888874],[603123.9403920416,4108630.3432016145]]],[[[603679.8297774051,4110931.687981837],[603706.891252496,4110904.249146259],[603705.0578703164,4110887.8580962513],[603673.0967944941,4110888.0779488045],[603679.8297774051,4110931.687981837]]],[[[603648.9850664833,4109492.67335964],[603661.9992521182,4109543.6597407386],[603702.9978356055,4109534.855839151],[603702.3080211568,4109491.3463917803],[603682.126003914,4109470.0877766064],[603658.9125912747,4109470.1977428086],[603648.9850664833,4109492.67335964]]],[[[603649.42687951,4109704.6965040825],[603658.923973355,4109732.410073016],[603678.963445574,4109725.813005439],[603671.6634031243,4109698.7968090605],[603649.42687951,4109704.6965040825]]],[[[603566.0738572009,4110417.6467409465],[603584.7942805678,4110453.8097988614],[603611.2301115151,4110433.8078690404],[603606.6030250939,4110410.4409823352],[603620.7789923925,4110393.9704268575],[603673.2374029439,4110387.693124314],[603658.5463440997,4110318.2539643035],[603637.267609101,4110320.4092019033],[603633.8241899678,4110370.00037844],[603593.2981563573,4110381.572519645],[603566.0738572009,4110417.6467409465]]],[[[603634.8065506292,4108968.2327016783],[603645.9543881869,4109031.631192978],[603655.4999406728,4109033.0350784482],[603671.6889656261,4109012.655009032],[603656.3962212567,4108961.746060682],[603634.8065506292,4108968.2327016783]]],[[[603267.6098349196,4110227.073917621],[603274.4708611023,4110239.356662175],[603263.6502094988,4110258.9145878754],[603323.3256764729,4110266.539677452],[603329.7177114933,4110421.304037846],[603341.8329445476,4110431.613322461],[603359.4531602726,4110418.828125944],[603402.3986759882,4110447.8484570114],[603419.9392681633,4110438.4092692747],[603423.8517812402,4110416.613692871],[603464.6324301098,4110407.0743278572],[603485.4819531366,4110382.391958747],[603501.6825600932,4110398.436070085],[603547.5080329842,4110389.563250548],[603578.3630328868,4110368.3084881315],[603556.1056404706,4110338.9262000346],[603573.693059321,4110317.4252782213],[603547.2953994148,4110298.956185468],[603561.7862193482,4110282.445499549],[603558.4067759035,4110255.787314465],[603575.107001043,4110239.830895106],[603596.5781712462,4110261.03219275],[603615.8849083321,4110250.457278403],[603629.0829057775,4110258.4026514036],[603659.66897647,4110250.9026552862],[603652.522603117,4110218.02439806],[603619.7225184147,4110238.3533757045],[603602.4002939033,4110226.46312009],[603576.323645385,4110236.946978477],[603364.8735871431,4110230.4667973868],[603359.2903891235,4110254.413768044],[603332.1084043239,4110270.290898527],[603320.6644253128,4110242.544262261],[603285.0564644855,4110237.027612676],[603281.5803628421,4110215.1011249796],[603295.3846355907,4110194.928382485],[603282.9075249555,4110186.0634220843],[603266.7046563615,4110194.179093295],[603279.4152251271,4110209.4668472833],[603267.6098349196,4110227.073917621]],[[603457.544511871,4110306.55955906],[603450.1587479607,4110260.7471364127],[603460.2544868898,4110253.5001767534],[603510.1335960426,4110246.559035144],[603538.8662589376,4110256.576673205],[603528.0904458328,4110285.3672470483],[603483.6431165554,4110269.3252898245],[603478.8043083973,4110309.916030617],[603457.544511871,4110306.55955906]],[[603511.8323750002,4110334.673017294],[603510.9480091332,4110314.755385859],[603521.1819511127,4110310.0952200256],[603533.0496562995,4110337.8250820017],[603511.8323750002,4110334.673017294]],[[603457.4050881246,4110331.559892685],[603484.3728893655,4110324.1502525415],[603490.0911080982,4110339.3662487697],[603459.7785631086,4110347.8691969714],[603457.4050881246,4110331.559892685]],[[603443.0025989597,4110370.5308203623],[603456.9905261865,4110377.5807430693],[603444.8259863739,4110390.599051842],[603434.8199253369,4110383.3798026745],[603443.0025989597,4110370.5308203623]],[[603396.927602333,4110258.9760882575],[603442.6072635336,4110257.7251289305],[603449.488840162,4110266.6966500366],[603405.6644482042,4110285.8537685703],[603389.3765169794,4110270.8667796436],[603396.927602333,4110258.9760882575]],[[603427.1726389368,4110332.6625673342],[603439.4278319998,4110330.1960508414],[603443.9918847248,4110345.3845240744],[603430.9907636588,4110348.296251557],[603427.1726389368,4110332.6625673342]],[[603419.5002171186,4110330.1777523267],[603411.3460073132,4110350.88478415],[603400.0045793601,4110351.482524445],[603405.8429842835,4110327.97677404],[603419.5002171186,4110330.1777523267]],[[603386.474148314,4110402.572810703],[603388.5312087267,4110387.008797204],[603416.3274778415,4110370.7628878956],[603408.0729912949,4110408.615595756],[603386.474148314,4110402.572810703]],[[603347.3245657736,4110372.478807429],[603356.799564351,4110356.607391902],[603382.8470153952,4110376.045632693],[603359.0925824646,4110385.6274236985],[603347.3245657736,4110372.478807429]]],[[[603589.2231482299,4112613.9561906997],[603596.4616784548,4112662.5459590754],[603605.5980454329,4112664.3974042856],[603609.890583304,4112647.116079648],[603639.4623863223,4112625.644930476],[603627.681489036,4112603.5197596075],[603589.2231482299,4112613.9561906997]]],[[[603577.0736248599,4108729.5604809877],[603604.9593397055,4108768.676473334],[603585.7536836227,4108783.7233065576],[603592.3639767579,4108806.1416863753],[603621.9357162587,4108803.9608956203],[603616.8730230174,4108776.5541755785],[603625.7868373331,4108763.7622847343],[603608.8283707871,4108727.589376648],[603588.8063958725,4108713.7890920625],[603577.0736248599,4108729.5604809877]]],[[[603586.4929038177,4109477.681991682],[603599.0009742659,4109498.076881368],[603611.352282908,4109491.310506325],[603610.6280104655,4109454.3261733465],[603593.3647924167,4109457.0109060653],[603586.4929038177,4109477.681991682]]],[[[603437.0909215063,4113282.6391449166],[603464.3762984594,4113298.79339878],[603462.3156862084,4113322.895816752],[603534.2965544304,4113374.4283512235],[603584.9857597877,4113336.1103322776],[603503.0151091533,4113278.178472598],[603448.9834524003,4113257.8310165848],[603437.0909215063,4113282.6391449166]]],[[[603510.7635456806,4110808.5611189795],[603525.1446741212,4110838.9350445373],[603532.9565002236,4110817.6340661556],[603551.0343305132,4110810.117676481],[603539.3118229643,4110779.5108803473],[603554.2700835008,4110768.5759250633],[603550.7105998462,4110744.0871218033],[603571.501082671,4110731.3025212036],[603554.5281790341,4110718.5311070997],[603550.8422078436,4110699.62508233],[603525.5439251034,4110706.202531618],[603525.3857424608,4110723.3546201447],[603545.7127795686,4110724.956613412],[603551.4524789025,4110739.081419457],[603510.913410236,4110771.6555663384],[603510.7635456806,4110808.5611189795]]],[[[603481.3780707117,4111517.402332663],[603484.4639417772,4111529.1454322343],[603510.1802752825,4111526.819345937],[603532.691229485,4111540.5883990573],[603541.9825313701,4111522.507335851],[603481.3780707117,4111517.402332663]]],[[[603511.2014911033,4110468.541589754],[603521.7518625244,4110487.580441826],[603541.1501026354,4110479.178988796],[603529.3024459891,4110453.0212808507],[603511.2014911033,4110468.541589754]]],[[[603429.1538430416,4112579.2839452527],[603409.0540981798,4112589.4532531938],[603426.9790234405,4112616.867556881],[603442.4672150764,4112604.1607111474],[603429.1538430416,4112579.2839452527]]],[[[603373.2127338552,4112798.37639746],[603316.5296830102,4112798.4676618767],[603315.3450728169,4112819.5663536508],[603374.8821749039,4112812.3153568353],[603373.2127338552,4112798.37639746]]],[[[603236.011448784,4110817.9644496078],[603247.413797848,4110829.0198589764],[603269.8057180736,4110810.3522061496],[603318.1671371227,4110816.7570221866],[603326.8515474704,4110832.475583829],[603339.2908716507,4110833.2095180107],[603348.7715288099,4110782.0751619507],[603280.3117900572,4110778.314930021],[603274.5864375383,4110805.748011464],[603245.9981263588,4110800.3186947447],[603236.011448784,4110817.9644496078]]],[[[603308.4728579021,4109579.943834569],[603323.8083660795,4109615.017416567],[603346.3031166305,4109605.225921821],[603337.1958431681,4109583.2052214877],[603308.4728579021,4109579.943834569]]],[[[603193.1298249702,4110991.0045728255],[603166.9413378055,4111009.609499559],[603172.3284836148,4111022.6184435897],[603204.178159732,4111009.3960059653],[603193.1298249702,4110991.0045728255]]],[[[603138.8814088252,4112660.328889538],[603199.965276019,4112667.1374578434],[603203.7512599987,4112657.750557034],[603184.2857476015,4112644.072542319],[603138.530476597,4112642.9824449294],[603138.8814088252,4112660.328889538]]],[[[602538.4887937126,4108171.78052497],[602514.8161944799,4108202.534680957],[602534.9139994,4108206.063692914],[602548.3668470226,4108189.5746438005],[602559.3868489374,4108193.6524778786],[602560.1975365225,4108209.194701243],[602537.5056106348,4108211.057821031],[602536.4592242711,4108224.7284858273],[602560.7424102206,4108286.7495039552],[602586.609251868,4108271.223530759],[602586.6746932444,4108254.0429837313],[602623.3978112201,4108235.6491805958],[602618.781331691,4108220.867185501],[602590.7301392558,4108219.4083564426],[602588.8409148859,4108203.3333944743],[602641.8375848006,4108191.7831735015],[602650.9448259395,4108175.639996123],[602670.2885321267,4108182.7883116743],[602690.709170972,4108175.7756785895],[602741.8792702967,4108212.6068037013],[602784.6319111116,4108209.4524307954],[602793.3320666183,4108230.8205197356],[602779.5552957493,4108252.2089589997],[602788.6408738764,4108298.6298224153],[602825.2746324744,4108239.172701374],[602815.037098025,4108188.564543309],[602826.9139707156,4108188.677953371],[602853.256711302,4108229.1312583103],[602882.6373496752,4108217.5427841637],[602924.397345119,4108160.8437348953],[602835.5204874374,4107997.4671027865],[602798.6844586051,4108007.4431134327],[602796.7347487346,4107994.0301357955],[602814.1705157731,4107991.015070353],[602820.7839710157,4107976.524503168],[602810.665263146,4107948.0322195827],[602785.2701587736,4107929.949603499],[602719.1854331126,4107955.9312021467],[602735.7191449543,4107994.0372642074],[602719.6887036548,4108014.9826193065],[602698.9476354737,4108005.4089414035],[602706.2075609103,4107984.570722349],[602694.5040203036,4107973.206511505],[602657.2223750171,4107984.4278063155],[602634.1706120016,4107973.740103427],[602631.4731818625,4107991.653640352],[602614.5779341054,4108002.7147545973],[602624.4474585229,4108032.277477124],[602599.1888963222,4108035.5617801836],[602589.680324516,4108021.860856723],[602575.0960124485,4108024.2127059577],[602572.5448253753,4108039.343705693],[602547.8807352895,4108055.3066491457],[602557.7633093459,4108065.55036913],[602584.2696909071,4108042.9710674514],[602594.2221426589,4108066.84253179],[602558.9539203382,4108073.6086049145],[602552.7061165668,4108106.3950344804],[602513.2566989046,4108125.484324816],[602538.4887937126,4108171.78052497]],[[602845.3710196448,4108177.2736602277],[602847.2264983052,4108166.0552609432],[602883.6458993388,4108150.0663328595],[602896.9082619433,4108159.3163426127],[602865.1713070283,4108195.426141912],[602845.3710196448,4108177.2736602277]],[[602845.6073811678,4108096.5232116124],[602847.5330407534,4108083.7604312105],[602860.5614052152,4108087.30236578],[602857.5037140569,4108099.575222915],[602845.6073811678,4108096.5232116124]],[[602814.4061057811,4108103.56592128],[602828.8617030883,4108101.6353067206],[602832.437875932,4108117.9113292587],[602814.2449299839,4108121.9429604854],[602814.4061057811,4108103.56592128]],[[602696.3736775889,4108156.9181174887],[602690.3061253012,4108145.040940207],[602712.455532413,4108125.4330002903],[602733.0825575194,4108149.62132522],[602768.4271076594,4108135.8863064316],[602737.7469476684,4108085.970002052],[602710.1938450444,4108087.8529664194],[602727.8376462247,4108068.185249838],[602721.3931730262,4108047.449406792],[602731.2769026322,4108041.0107686347],[602778.6202254734,4108120.3376633716],[602774.0988783846,4108134.4595074425],[602813.4561850057,4108152.5942515875],[602811.0919768441,4108174.0751457177],[602748.3213220339,4108178.148441599],[602729.2069088909,4108161.6467114915],[602696.3736775889,4108156.9181174887]],[[602758.8710846233,4108050.3364320975],[602762.1905646308,4108038.2463508165],[602788.550618884,4108034.904013996],[602801.0549097238,4108050.467418991],[602773.9319564701,4108070.6031002407],[602758.8710846233,4108050.3364320975]],[[602709.4079652507,4108109.0561176226],[602703.689710303,4108119.4415900554],[602693.3929784173,4108112.959455968],[602699.7228100771,4108102.7196301315],[602709.4079652507,4108109.0561176226]],[[602668.0284010188,4108013.35295207],[602673.5302779315,4108002.7960889414],[602687.0284544803,4108006.219809439],[602680.1839758377,4108024.182658445],[602668.0284010188,4108013.35295207]],[[602644.3489063217,4108016.8492774297],[602666.9335143822,4108021.1910539586],[602667.4794968265,4108035.4176571337],[602641.6626441546,4108035.678999705],[602644.3489063217,4108016.8492774297]],[[602621.0569749206,4108159.3624658883],[602624.9865235907,4108131.722530954],[602643.9247225849,4108133.25120833],[602654.0636440548,4108155.701550131],[602648.1786257767,4108169.455097681],[602605.1919535067,4108179.7453855425],[602603.6921250095,4108168.6624331158],[602621.0569749206,4108159.3624658883]],[[602584.4707119433,4108171.194342247],[602596.8774680253,4108175.8633827777],[602591.8566429898,4108187.633577576],[602579.3651256999,4108181.996803605],[602584.4707119433,4108171.194342247]]],[[[602933.2629646295,4108176.010116289],[602904.2136356737,4108219.8850299483],[602884.3166093178,4108219.5279332763],[602881.5301356941,4108242.44193277],[602843.6505858075,4108251.839409095],[602813.2509553108,4108326.219092461],[602820.8069256687,4108359.1023265654],[602801.7891905452,4108372.3033802127],[602782.6594888272,4108477.9072776125],[602730.6691998416,4108573.2919345386],[602772.9108374494,4108593.200378816],[602787.9618385952,4108586.238030895],[602803.4730683852,4108607.84568073],[602792.4103799225,4108624.1607481446],[602725.0184651262,4108614.9530936126],[602726.3745796188,4108631.670052169],[602771.9083937855,4108656.400745973],[602807.5090090397,4108653.640097048],[602818.1319425121,4108674.0676638917],[602870.1625556499,4108606.4254942024],[602867.2349122072,4108592.148154155],[602879.8349408243,4108593.416479867],[602875.3773404263,4108606.7336548013],[602890.960926898,4108623.2518850323],[602924.9845985771,4108619.1802193546],[602935.0255288711,4108576.8492950643],[602956.8881600527,4108578.122139169],[602985.7761660235,4108555.766503101],[603001.5012396041,4108521.339813101],[603033.2917634497,4108492.127016035],[603067.0808459911,4108491.734065818],[603094.3411228933,4108541.781137393],[603105.2491278395,4108533.664391605],[603100.9437294184,4108488.7932481016],[603138.1534607984,4108503.002325318],[603182.6588215932,4108494.0181677733],[603202.1783136408,4108477.304690473],[603137.4535769001,4108401.5387341273],[603138.8350749895,4108374.46343882],[603116.3950197673,4108360.9218701134],[603083.4139567688,4108290.9394883877],[603064.8470244213,4108286.422874474],[603016.598800531,4108241.8224967485],[602988.253816469,4108262.5994289545],[602973.8604365786,4108256.9713683715],[602980.3496989621,4108211.8348121764],[602933.2629646295,4108176.010116289]],[[603113.589086113,4108411.0018621376],[603124.4035649771,4108415.70011501],[603119.7557874562,4108428.4397821855],[603106.9495865969,4108421.6541429562],[603113.589086113,4108411.0018621376]],[[603055.4861789466,4108441.8310791953],[603073.6746058824,4108383.5950225974],[603085.7380404546,4108379.2059395793],[603098.5543904934,4108426.615304028],[603086.1950010576,4108445.9381741774],[603055.4861789466,4108441.8310791953]],[[603009.3419487793,4108458.2507864153],[603023.9909467294,4108421.2138302685],[603038.6242968732,4108418.349743859],[603049.3827668655,4108431.134440156],[603022.1093471277,4108460.182078896],[603009.3419487793,4108458.2507864153]],[[603005.4349313852,4108366.7424549907],[602990.769050927,4108359.949541286],[602997.1824052992,4108341.3458925686],[603025.6509709615,4108341.5298934397],[603023.5335555167,4108357.560343202],[603005.4349313852,4108366.7424549907]],[[602969.411,4108384.091782065],[602984.1889871282,4108379.004348985],[603002.177347925,4108401.9030204597],[603017.0619035269,4108403.987581258],[603017.7004688147,4108418.837245661],[602990.9648880067,4108428.1565992204],[602980.9129684106,4108410.7584216483],[602963.5868836461,4108406.8120209053],[602969.411,4108384.091782065]],[[602890.8606606319,4108419.8262392995],[602896.9362531232,4108368.071758945],[602926.2630576256,4108310.3313738164],[602904.184659871,4108271.3300000723],[602925.2696137921,4108243.3956280313],[602937.2421158849,4108251.2946688626],[602927.3146116047,4108263.4362417357],[602932.6561918916,4108278.673875053],[602958.2497124594,4108270.0532601844],[602973.5433360909,4108279.1489768885],[602961.434823145,4108306.9900842216],[602942.7771286966,4108313.717557101],[602978.8390598153,4108339.9663025583],[602963.7372627966,4108359.1868201587],[602944.866118114,4108344.8301410824],[602935.7709152248,4108349.260786118],[602934.7782380914,4108370.1486268193],[602902.1934166002,4108425.2694419604],[602890.8606606319,4108419.8262392995]],[[602917.9567481376,4108553.519828221],[602957.9999874523,4108525.4692273596],[602970.9419672578,4108536.472616161],[602964.636625941,4108558.2779754573],[602937.9141742785,4108569.306835181],[602917.9567481376,4108553.519828221]],[[602892.2857210151,4108465.6025529946],[602906.2345955735,4108432.4895347483],[602922.9564594702,4108440.982544557],[602917.8696600479,4108462.6413560067],[602902.536947673,4108470.4189117947],[602892.2857210151,4108465.6025529946]],[[602788.0680444009,4108517.672725637],[602808.6888093943,4108480.040279988],[602817.2693709244,4108430.3752696984],[602832.531581145,4108449.5870460304],[602829.6242225617,4108470.3896254944],[602880.829887725,4108491.0851706695],[602894.5356292351,4108478.561017709],[602920.6969977075,4108491.387779012],[602912.2880025083,4108502.3166755107],[602893.0372264293,4108497.689680684],[602852.0512179317,4108543.082272675],[602847.892422643,4108561.343451107],[602831.8023277645,4108544.802660903],[602834.3130453902,4108517.0797481616],[602820.914830941,4108499.9474382135],[602811.7226246027,4108500.722934421],[602803.4857089616,4108526.8089725273],[602788.0680444009,4108517.672725637]],[[602889.3475345749,4108579.643314137],[602896.8178463848,4108570.4052312574],[602912.9903706707,4108578.749568327],[602902.927047416,4108592.276439532],[602889.3475345749,4108579.643314137]],[[602884.1853333777,4108263.4283263884],[602897.626475681,4108268.879220665],[602888.4111013557,4108282.9194125356],[602872.1918179541,4108272.659373396],[602884.1853333777,4108263.4283263884]],[[602872.2113722445,4108563.729762689],[602873.8726903574,4108552.6630956843],[602886.3572028425,4108553.7761938325],[602883.8341432215,4108566.3863040176],[602872.2113722445,4108563.729762689]],[[602837.2610398866,4108324.3545261943],[602852.7753461661,4108294.271080183],[602864.5654806001,4108299.884101412],[602847.7482201527,4108328.4549084776],[602837.2610398866,4108324.3545261943]],[[602845.9001316066,4108429.058529976],[602848.3269081803,4108417.59354946],[602861.9120026698,4108420.2055826453],[602857.9505283086,4108433.9985867334],[602845.9001316066,4108429.058529976]],[[602826.0341613785,4108411.808328819],[602838.3999988347,4108407.7488004277],[602843.6099169739,4108423.162485389],[602826.2828361802,4108426.1457993845],[602826.0341613785,4108411.808328819]],[[602821.3863367195,4108375.39248495],[602833.7314299121,4108368.326760339],[602839.823347774,4108383.4022685895],[602828.0645465562,4108388.7379780402],[602821.3863367195,4108375.39248495]],[[602810.3442046543,4108567.578374546],[602829.1762683494,4108572.9343104465],[602830.7464371246,4108584.2297075572],[602807.8612653477,4108581.452600949],[602810.3442046543,4108567.578374546]]],[[[602595.8051897567,4108277.4931559497],[602603.907440539,4108297.175415895],[602581.5222745335,4108313.9329572096],[602584.9081704121,4108330.913015051],[602642.0301700017,4108418.093260293],[602686.5862358789,4108384.8053571167],[602659.9887020354,4108385.281338964],[602641.6741105256,4108350.170565412],[602664.162909375,4108335.8739732495],[602633.6442047379,4108337.156709544],[602617.9261622255,4108307.2273518126],[602660.5646177019,4108280.5670840777],[602676.7281430702,4108289.0670014783],[602683.532974414,4108281.9168613483],[602654.292979247,4108244.3803469096],[602595.8051897567,4108277.4931559497]]],[[[602657.8548526658,4108232.845452617],[602693.498569708,4108218.939097614],[602694.090492845,4108211.211120488],[602666.1774963173,4108203.2683746885],[602653.992239674,4108214.9747455553],[602657.8548526658,4108232.845452617]]],[[[603076.3150768166,4112636.1424862156],[603080.2274645702,4112666.0258053793],[603116.5164700531,4112662.625244879],[603104.9082737489,4112637.6385497907],[603076.3150768166,4112636.1424862156]]],[[[602978.7299680577,4108163.6515858015],[603001.9559805156,4108180.4140400155],[603004.3110333654,4108200.194224013],[603041.0929733774,4108207.917522019],[603087.8630856146,4108257.029692783],[603101.5238157726,4108246.944908452],[603078.0617330599,4108201.5811048094],[603033.6881556133,4108184.3255376997],[603015.8734602433,4108191.2718656827],[603012.8891508143,4108168.635435926],[602994.601692764,4108154.8510270724],[602978.7299680577,4108163.6515858015]]],[[[603052.6064190395,4112636.0938909673],[602917.6111844564,4112579.092316942],[602910.967200436,4112592.965507825],[603019.3024691489,4112649.2015325716],[603024.3133763764,4112676.1574053066],[603034.9022396216,4112655.916351419],[603052.9069561705,4112653.0445321295],[603052.6064190395,4112636.0938909673]]],[[[602967.177684366,4110823.3998108115],[602971.5872126918,4110848.66903155],[602990.958359815,4110833.73779549],[603002.4017489386,4110839.2440780634],[602988.9344002815,4110863.0216856385],[602997.5148930771,4110880.7796293055],[602990.5467376562,4110910.9476334853],[603002.5168376175,4110913.1702846168],[603006.0264856812,4110891.3908032863],[603040.697856454,4110872.716920806],[603041.0666045663,4110848.972958389],[603008.2601032698,4110845.356458868],[603008.2475292529,4110812.732938688],[602990.7992678564,4110830.2160051446],[602967.177684366,4110823.3998108115]]],[[[602912.0704802935,4109460.1024327683],[602920.5493730081,4109469.5342677524],[602960.9292888406,4109465.1788709858],[602937.6606398132,4109447.798330502],[602917.600312277,4109397.1894900016],[602904.4898447081,4109402.0047006886],[602914.5970442139,4109424.7641772195],[602912.0704802935,4109460.1024327683]]],[[[602963.1918025725,4109447.7442139946],[602977.9696772587,4109443.8829658376],[602994.0431593291,4109416.1276165936],[603016.2529067066,4109414.171299731],[603013.0002787048,4109382.0582711734],[603002.9862088226,4109380.4040284636],[602990.0705834475,4109399.4571664124],[602963.8312475615,4109378.6302007786],[602946.2394912681,4109395.8571426435],[602971.9133018573,4109409.3970573703],[602963.1918025725,4109447.7442139946]]],[[[602909.9384500167,4109879.930670791],[602936.3398032672,4109888.9893227075],[602956.4115443404,4109880.049106403],[602977.5989298711,4109890.5350732226],[603006.8788933433,4109874.1024238826],[602986.1005899601,4109850.1325350706],[602979.8162774347,4109874.2125121],[602963.6692433262,4109874.7268396947],[602944.1078322758,4109838.3206548905],[602930.0622830124,4109848.3256477388],[602930.454128912,4109864.9540993553],[602910.8847347157,4109866.9143711515],[602909.9384500167,4109879.930670791]]],[[[602918.1564254265,4108094.44349147],[602937.4353415191,4108129.8145397757],[602959.5583474439,4108146.9582967544],[602971.8870159956,4108141.4184812317],[602960.5783437961,4108094.224205286],[602927.6622139873,4108083.9492794448],[602918.1564254265,4108094.44349147]]],[[[602878.6338058428,4109215.0981461583],[602879.3811265104,4109230.0251240754],[602888.8420651347,4109231.6141732726],[602923.8744695651,4109208.7785349046],[602930.8692870351,4109192.2517372984],[602912.1614394012,4109186.196585017],[602878.6338058428,4109215.0981461583]]],[[[602869.1326777225,4110909.8609290468],[602911.8962253513,4110908.5615253965],[602912.6060654491,4110890.8679526304],[602867.5766325729,4110891.102192566],[602869.1326777225,4110909.8609290468]]],[[[602849.6318835731,4110954.2984832637],[602880.245175641,4110982.2631250573],[602900.0429944431,4110947.904597963],[602872.662454725,4110943.217046268],[602849.6318835731,4110954.2984832637]]],[[[602850.0228612239,4109094.6471672854],[602858.0183798043,4109132.5095206285],[602876.620610097,4109139.526431552],[602855.7271218689,4109165.409392888],[602868.4441921146,4109183.764104173],[602886.8704601106,4109182.306121398],[602891.7235829482,4109141.5410862137],[602875.0716796939,4109132.689453765],[602876.1051627714,4109107.0376603385],[602850.0228612239,4109094.6471672854]]],[[[602831.7285350483,4112519.4951196117],[602818.2302543323,4112530.5530052558],[602837.7902196496,4112549.1242088014],[602871.1292936412,4112533.5959453164],[602864.5406867387,4112524.7098296443],[602848.164917053,4112533.8334843153],[602831.7285350483,4112519.4951196117]]],[[[602747.3907047706,4110805.8648395347],[602762.6669513485,4110855.7865849403],[602800.9062185669,4110864.1731349817],[602791.8726799571,4110820.5224588825],[602809.8582405974,4110810.7018519626],[602833.1304286036,4110832.1416437826],[602855.7716669281,4110827.789968627],[602885.8823155327,4110806.351627465],[602887.1469867984,4110776.5382169695],[602855.3818873069,4110772.751425373],[602831.9785833776,4110807.234194267],[602806.1148141357,4110809.3603336974],[602760.4055217912,4110785.783912743],[602747.3907047706,4110805.8648395347]]],[[[602819.4582610278,4109728.2947940277],[602808.3028208585,4109750.843166084],[602835.6257024272,4109776.8865408115],[602823.1441931832,4109801.4236568417],[602837.0900818203,4109814.5775203574],[602853.1235510239,4109774.7064323653],[602832.0929809184,4109752.544019283],[602834.1502176868,4109736.201579367],[602819.4582610278,4109728.2947940277]]],[[[602737.3391355402,4109012.540612148],[602737.4666955401,4109025.3335729977],[602750.8238172627,4109032.1812601625],[602782.7432233167,4109003.3122743843],[602805.9613888531,4109008.9224250223],[602818.0040498545,4109000.076256161],[602810.7611558271,4108988.7659943053],[602787.1342398814,4108998.119972527],[602770.1215652489,4108985.0124959364],[602737.3391355402,4109012.540612148]]],[[[602781.903493562,4112255.2249899157],[602760.111456318,4112302.6489925673],[602771.0376350104,4112315.361175722],[602813.9276140674,4112289.239828679],[602781.903493562,4112255.2249899157]]],[[[602781.7613703704,4110496.035897514],[602791.2568168691,4110524.2919813795],[602813.5297178942,4110503.3320983425],[602801.5069581718,4110486.7647065124],[602781.7613703704,4110496.035897514]]],[[[602766.47,4109317.712472709],[602792.0657676682,4109315.319647484],[602785.9248225287,4109283.0012674676],[602766.9508236947,4109298.368961074],[602766.47,4109317.712472709]]],[[[602731.7748934153,4110191.187906295],[602722.0422016027,4110216.1235620854],[602753.3291720556,4110218.521868824],[602761.9370703286,4110242.2332746177],[602785.1918175374,4110246.3811466205],[602785.8973173886,4110214.4959850986],[602760.8951230606,4110220.747844414],[602748.1136790123,4110188.775235578],[602731.7748934153,4110191.187906295]]],[[[602729.1373055574,4111014.9697881914],[602741.1920843492,4111023.5375645435],[602752.2785077012,4110982.7787329117],[602773.4022744138,4110971.337159199],[602774.5439121363,4110958.398689283],[602724.8580905483,4110958.0886411346],[602727.7333954544,4110984.6628915668],[602741.0344415485,4110994.1646657484],[602729.1373055574,4111014.9697881914]]],[[[602724.6855512202,4109370.605261045],[602747.5307705544,4109402.1225182246],[602761.5811534544,4109395.6363886367],[602750.1656896343,4109372.911098899],[602724.6855512202,4109370.605261045]]],[[[602731.7220844111,4111277.5715630283],[602737.3278995722,4111315.4137877324],[602757.0114538583,4111319.736729345],[602745.670975531,4111274.171961036],[602731.7220844111,4111277.5715630283]]],[[[602159.045794152,4107427.1081109405],[602181.8557386243,4107457.3419953533],[602206.7753851516,4107436.276922839],[602236.041638147,4107459.809209205],[602247.4364323813,4107441.705376251],[602209.3471713148,4107416.0395805454],[602188.0978346578,4107431.1354364366],[602159.045794152,4107427.1081109405]]],[[[602261.2836556479,4107461.4983772123],[602244.9212062991,4107484.164976144],[602210.9229145381,4107471.8722371254],[602210.0118206918,4107488.9749813867],[602191.2255869802,4107501.4181816787],[602180.651773283,4107526.7173427623],[602178.5758921982,4107551.3030440924],[602193.9706497733,4107554.0959078236],[602200.7075775067,4107530.8117529387],[602217.7129181817,4107521.285880831],[602219.1170024029,4107496.9420465515],[602234.1324124584,4107499.9138271776],[602239.1704206328,4107523.5223416653],[602269.0739650949,4107503.9328086674],[602277.4390106333,4107517.9423429067],[602256.2850514224,4107568.7756039873],[602256.3109361153,4107609.738041601],[602269.6122223429,4107598.9691308746],[602290.1622943995,4107535.8433682146],[602313.2912973687,4107530.1819701735],[602327.7314411483,4107542.293028743],[602354.4103869259,4107529.914475688],[602381.434214822,4107506.7519887458],[602397.7523461165,4107461.5458168103],[602421.4464887915,4107454.799711432],[602430.6602564397,4107413.391470578],[602421.232473809,4107395.2530464395],[602407.2856420849,4107391.3858216694],[602395.6050820223,4107409.3704177267],[602373.702533009,4107386.9902254376],[602358.1583297404,4107409.321367043],[602339.9462448157,4107397.714505553],[602350.0932417779,4107354.6482468406],[602370.9297563657,4107349.4953915714],[602374.0985903833,4107337.8267112663],[602353.3142353756,4107326.30286394],[602355.055620234,4107300.6033858703],[602328.5030102063,4107294.6153983353],[602334.1352197704,4107262.854986625],[602352.6733442525,4107257.0850323667],[602361.4280504212,4107294.0920731523],[602378.5044987778,4107298.419302242],[602382.1836724211,4107317.89241356],[602411.5966727465,4107321.8075179905],[602414.8729723408,4107371.9656396178],[602488.0498994696,4107386.2098880154],[602497.5491718434,4107429.1857020147],[602469.4017193151,4107443.862887367],[602445.8590742559,4107438.0894238506],[602433.7437327938,4107488.9740105933],[602416.0706002212,4107494.8790279934],[602410.5784580348,4107533.5966750053],[602373.0886651989,4107571.163941232],[602330.5401910653,4107573.8976128204],[602300.4287772261,4107648.969879449],[602276.0593475864,4107645.69865362],[602272.6260386908,4107663.5702371886],[602251.3707780225,4107672.725726997],[602247.413957569,4107687.476937393],[602216.3278709312,4107669.83496836],[602225.3768938084,4107701.103927329],[602239.7158767091,4107705.7686391217],[602252.9008871567,4107685.4746250794],[602301.0159003339,4107681.363493608],[602319.8616120552,4107647.2659114823],[602350.5657045277,4107643.612208636],[602337.0577354351,4107601.025588885],[602351.759735169,4107597.8959330684],[602367.1429681757,4107613.8537187865],[602383.9461967421,4107576.876269651],[602405.4180081749,4107558.903439494],[602416.4761286823,4107569.206265251],[602402.2623792316,4107587.95004995],[602419.2614816906,4107619.0130610396],[602409.9409297534,4107629.919960464],[602390.3468317719,4107614.663820221],[602381.1432186083,4107618.7633792595],[602370.3999273278,4107657.0761471563],[602382.8605868897,4107671.782263273],[602404.2893518846,4107666.854826087],[602423.0378668437,4107678.066691082],[602434.4747259878,4107652.0064820643],[602452.1489712512,4107650.3575840215],[602469.1762424823,4107676.4622533373],[602461.1992250552,4107704.536694431],[602476.6706875975,4107711.0824634433],[602476.6573193996,4107727.8431081055],[602505.8672001245,4107742.706834047],[602517.8722957427,4107766.8700450836],[602532.4558505403,4107755.8933283444],[602548.9405607239,4107767.4596530036],[602568.8742372612,4107754.142506233],[602593.565688688,4107759.381643803],[602622.7717909262,4107723.9576635226],[602641.1582758597,4107726.7229985776],[602624.3290470431,4107778.889107638],[602597.0036157457,4107788.9719399307],[602542.3328026371,4107783.391226439],[602540.2152967096,4107811.930316548],[602509.5362058572,4107822.8247485636],[602527.2559614,4107867.8649758324],[602509.7848160102,4107873.2662582053],[602503.4954718729,4107895.4898030097],[602484.6375611131,4107898.1048021875],[602493.9948658368,4107927.150718438],[602440.8267157624,4107972.191407932],[602450.6486079575,4107989.3999022525],[602490.3858037948,4107972.1280991496],[602505.0731795252,4107980.315114752],[602541.5005248489,4107958.4120103875],[602549.1273838615,4107948.299387021],[602537.368427181,4107921.9379520933],[602553.4632654825,4107918.087981747],[602556.7471452255,4107902.6348510263],[602579.188871426,4107885.624703681],[602600.672995843,4107891.720503008],[602609.116116919,4107868.037830697],[602623.7362485811,4107872.1486949916],[602622.3579167554,4107894.700817905],[602649.4236242401,4107909.3664166685],[602757.5274922639,4107881.8777653864],[602661.5764081815,4107709.6883163555],[602643.3433745598,4107714.3372421577],[602615.3045662959,4107681.316115965],[602637.9181313962,4107659.636560421],[602619.4594984469,4107622.7301950105],[602596.2661566234,4107629.4882401815],[602586.9186126691,4107620.404471669],[602606.0172288953,4107597.2253032485],[602596.8852682598,4107569.948982485],[602574.9039472266,4107586.162106904],[602554.5881828298,4107568.2502850997],[602537.1279841382,4107583.860070523],[602524.8850381927,4107577.97489587],[602528.2137128371,4107542.2301053777],[602545.4206253651,4107525.6971893613],[602504.4673117124,4107432.485943597],[602513.2110691429,4107408.565015922],[602497.3694323495,4107388.894718752],[602503.9945149446,4107365.8967191204],[602477.8729197381,4107296.0073060025],[602466.4910734529,4107221.3070083535],[602402.867384419,4107234.958079866],[602405.6231087322,4107262.0707531525],[602393.5310397015,4107272.830364182],[602379.0459888665,4107267.434689819],[602367.7246008156,4107232.555594137],[602353.0422884775,4107241.09998627],[602337.510245715,4107233.159957021],[602326.9892678419,4107256.3813966424],[602306.451982696,4107261.1409758385],[602281.8258661971,4107234.7742035654],[602253.6702839457,4107229.8200788014],[602237.9119263218,4107242.600502326],[602217.1321179172,4107234.8728109496],[602194.7626520903,4107256.785919163],[602191.4694674601,4107266.066948837],[602262.0502607052,4107331.715900716],[602256.2789100636,4107388.275052844],[602276.2705934017,4107418.5583686368],[602270.2297301731,4107432.5654497123],[602289.7762915274,4107488.579672289],[602258.4151741951,4107500.5400793594],[602252.5780386182,4107486.6498647593],[602271.5849875371,4107472.117227847],[602261.2836556479,4107461.4983772123]],[[602680.1969856188,4107860.690748681],[602692.0073354673,4107848.069665094],[602704.85665605,4107875.240684327],[602687.0689582656,4107879.3955420894],[602680.1969856188,4107860.690748681]],[[602626.2812482395,4107829.454622485],[602613.632301504,4107803.330092208],[602638.8964865723,4107798.3105710526],[602640.958479212,4107816.9026854914],[602626.2812482395,4107829.454622485]],[[602578.9407222077,4107726.8824047297],[602601.7210395207,4107700.460812062],[602611.970261473,4107711.156688208],[602591.0059594393,4107736.1047429424],[602578.9407222077,4107726.8824047297]],[[602564.3965060669,4107699.266665819],[602560.618146587,4107687.906237626],[602572.9229601005,4107684.5094950995],[602575.8876809075,4107695.348847352],[602564.3965060669,4107699.266665819]],[[602516.0680961988,4107621.9706137804],[602537.8089008266,4107596.2447437253],[602556.479812885,4107608.3738633674],[602524.6700848887,4107635.25517998],[602516.0680961988,4107621.9706137804]],[[602522.6697766462,4107885.746103245],[602534.6243566949,4107876.370641326],[602540.5579078727,4107893.903038275],[602526.2397694293,4107897.766984872],[602522.6697766462,4107885.746103245]],[[602484.0993545942,4107530.833158351],[602494.587699974,4107507.637985341],[602507.4888809496,4107519.122119222],[602504.1350452913,4107536.072791794],[602484.0993545942,4107530.833158351]],[[602492.8388077744,4107649.2767798062],[602502.9722951679,4107661.89063826],[602480.3119557446,4107670.2728465353],[602476.8894453301,4107652.7878903276],[602492.8388077744,4107649.2767798062]],[[602500.7926474388,4107710.6672870927],[602476.1959526587,4107704.0079166978],[602480.9626494481,4107692.242424557],[602500.7467485762,4107695.4302686863],[602500.7926474388,4107710.6672870927]],[[602447.2654470972,4107615.8758665877],[602442.920360356,4107593.0020485716],[602457.4425760494,4107588.0034382152],[602465.9746968123,4107616.9263608586],[602447.2654470972,4107615.8758665877]],[[602444.6152117042,4107534.3897938794],[602436.3732129546,4107518.045600804],[602461.1250158427,4107516.33286239],[602461.2732362016,4107532.377586245],[602444.6152117042,4107534.3897938794]],[[602428.5399053352,4107251.2701950604],[602439.7738760875,4107242.229934698],[602445.1062775989,4107258.721767371],[602433.3650802809,4107262.9077018565],[602428.5399053352,4107251.2701950604]],[[602427.7241638674,4107567.5557922903],[602432.1037942537,4107577.89316573],[602421.5427070414,4107582.3159813844],[602417.3040288067,4107571.807559977],[602427.7241638674,4107567.5557922903]],[[602334.6710531052,4107451.4824842974],[602334.6407448521,4107429.3426049966],[602354.0698932454,4107447.4642121787],[602371.5374592359,4107421.2648410974],[602402.7348816713,4107432.7301711747],[602396.5582754131,4107454.529421886],[602373.8735988013,4107458.0412839567],[602360.2489222273,4107500.3202616586],[602350.1436336347,4107496.6774864974],[602351.7118048109,4107470.836289034],[602334.6710531052,4107451.4824842974]],[[602278.7613961216,4107332.1573485616],[602278.5401393969,4107301.4822506336],[602326.4917012277,4107294.919050974],[602333.0806620716,4107334.373403845],[602307.9209785134,4107328.0929866307],[602290.6549350632,4107348.4605713505],[602278.7613961216,4107332.1573485616]],[[602305.5981865774,4107394.663315828],[602308.8666239167,4107358.8899833406],[602326.9159445064,4107352.394228999],[602334.6458288379,4107401.6452349448],[602321.7653096175,4107408.160134531],[602305.5981865774,4107394.663315828]],[[602304.272485604,4107499.512626859],[602319.0900343413,4107500.9843403217],[602318.7468753725,4107526.414123784],[602308.0212897324,4107523.268799484],[602304.272485604,4107499.512626859]],[[602285.4846570097,4107424.525625207],[602298.9084733406,4107401.535456098],[602318.3659346655,4107423.5114450934],[602301.8707509966,4107439.698886409],[602285.4846570097,4107424.525625207]]],[[[602335.1639530442,4107223.948999344],[602356.7477172888,4107210.8359781425],[602388.1521303173,4107215.0477887355],[602405.3097559308,4107197.0027816626],[602415.4635464883,4107213.552935557],[602433.1619209746,4107212.949295879],[602458.4157461552,4107178.163810581],[602447.9008293506,4107035.9095140095],[602402.5070322993,4106760.1582257845],[602351.2447795955,4106740.4266812988],[602360.941450209,4106708.264808443],[602395.1938161,4106703.869602711],[602405.3532935412,4106691.2502324088],[602398.5572606705,4106673.339744884],[602365.6602780955,4106672.2127436614],[602370.7769422819,4106654.572031913],[602389.6355629775,4106652.1131638642],[602399.5122248805,4106665.2512481557],[602407.3478903298,4106658.9507418866],[602392.1919678142,4106628.209145153],[602370.8661075836,4106625.1801091926],[602324.3700301388,4106637.5411294126],[602271.1865425291,4106632.719075947],[602270.3171832047,4106685.6688888837],[602327.5746661394,4106745.2284770855],[602352.8772842895,4106752.170134181],[602369.0198795111,4106840.3368838374],[602387.7108574881,4106848.5003147484],[602414.1212548575,4107003.5384442797],[602341.3458183233,4106991.604211701],[602330.2542058139,4107007.1840204983],[602347.4195310584,4107039.0977292196],[602346.0549128836,4107062.1193835842],[602328.5911187477,4107086.8692528326],[602301.7046192832,4107069.4067990268],[602291.8661706168,4107087.9255180852],[602269.1215384967,4107093.9566891706],[602208.4604628412,4107144.4857677924],[602216.2453804837,4107158.030481984],[602243.4983162294,4107143.588720574],[602264.100848291,4107164.131535482],[602291.745233402,4107140.498397055],[602296.9641250751,4107104.0867579533],[602322.5113484625,4107102.6533584697],[602322.5715279107,4107133.208511406],[602297.7360622687,4107169.2457708777],[602233.6176454892,4107180.86830948],[602238.644221116,4107202.9156939364],[602312.2289112095,4107195.856799641],[602316.4721986229,4107217.506058502],[602335.1639530442,4107223.948999344]],[[602411.716255041,4107034.322424684],[602405.9599930701,4107024.5683309427],[602417.1279313619,4107015.9870072086],[602426.8719117803,4107031.5092771486],[602411.716255041,4107034.322424684]],[[602341.5742755698,4107154.171760039],[602361.5007888081,4107077.0275983256],[602350.9885121337,4107060.999997542],[602387.6269566815,4107055.5529473373],[602387.1177307399,4107121.4922981444],[602354.2083439147,4107161.506209034],[602341.5742755698,4107154.171760039]]],[[[602228.1166448598,4107655.181557001],[602239.0358846098,4107641.558275408],[602228.6954090742,4107620.602015582],[602230.8229248588,4107582.938351057],[602247.5391845234,4107566.4377205055],[602237.7325588793,4107558.1503288904],[602211.408262004,4107615.2247325587],[602228.1166448598,4107655.181557001]]],[[[602242.1389153172,4107717.7364371596],[602232.7381996819,4107729.607909961],[602248.5394236138,4107745.4880253086],[602245.922224664,4107758.0466223117],[602201.6975211602,4107746.2611123724],[602191.62673617,4107733.5585714444],[602179.207949507,4107739.9276358536],[602183.4405788619,4107756.7119907453],[602245.9501432548,4107779.8290638234],[602258.3705834476,4107764.5732330624],[602285.5856277903,4107767.417997425],[602264.3662872905,4107741.424824709],[602265.5929656347,4107721.204045915],[602242.1389153172,4107717.7364371596]]],[[[602294.7939604089,4107774.8609248223],[602282.5707789042,4107812.882207329],[602329.017452122,4107840.796003751],[602346.8308214409,4107802.4192457916],[602320.658487038,4107774.473435521],[602294.7939604089,4107774.8609248223]]],[[[602683.3426402073,4107685.0803840775],[602724.8333972971,4107771.134049272],[602744.8059624712,4107765.559356033],[602708.1214653242,4107680.405561607],[602683.3426402073,4107685.0803840775]]],[[[602715.5043360165,4114596.1048440435],[602686.9313503404,4114567.4769084356],[602676.976545901,4114575.8703430644],[602707.1050211535,4114606.044367035],[602715.5043360165,4114596.1048440435]]],[[[602661.9411731339,4109555.999783895],[602673.7175259357,4109574.9192139534],[602690.6474561648,4109565.45373374],[602705.6989111782,4109571.963124355],[602714.1375477546,4109561.1125474516],[602689.559019501,4109542.0420886637],[602684.7046443538,4109505.891582539],[602667.6805985182,4109510.526275582],[602661.9411731339,4109555.999783895]]],[[[602638.4450552801,4111738.837310228],[602655.7206042627,4111764.675720628],[602685.1056459611,4111766.2070217733],[602685.1234700757,4111801.3006292884],[602693.801128642,4111804.70027817],[602713.6472136119,4111755.8938412652],[602691.2626470462,4111738.250451544],[602678.6824663281,4111755.0291504622],[602667.2713500275,4111747.7195675955],[602675.0427146758,4111724.385321377],[602698.133305229,4111720.164982477],[602684.23977423,4111708.1199391913],[602686.8233428198,4111686.376778163],[602675.1128333649,4111683.1543477485],[602645.1446019617,4111724.1585807684],[602638.4450552801,4111738.837310228]]],[[[602661.2799478278,4110827.883547909],[602686.8948929925,4110833.209585441],[602711.905633935,4110810.4998131576],[602666.9199834913,4110810.1915159537],[602661.2799478278,4110827.883547909]]],[[[602668.9284842721,4110235.891895374],[602683.4094449817,4110258.9509158884],[602696.8909525166,4110253.184465819],[602707.6473566337,4110224.9483269956],[602688.5006942108,4110214.3137317193],[602668.9284842721,4110235.891895374]]],[[[602594.3836668866,4111413.0051323795],[602627.7713229505,4111421.0474066753],[602640.4336209217,4111484.969520693],[602688.6503307755,4111464.999181535],[602685.9956044928,4111416.9171891725],[602658.9458231062,4111374.458312023],[602655.0751283879,4111343.097939799],[602630.8342342433,4111332.688542146],[602651.210880986,4111246.3681684798],[602665.0176415966,4111243.822749967],[602669.4288030053,4111259.0223169513],[602694.5876547748,4111271.355204889],[602703.4813979516,4111256.167924395],[602695.8200972236,4111239.287662798],[602677.2516722769,4111234.1323474213],[602659.9958249673,4111177.2295791632],[602642.5089065153,4111182.507006527],[602649.6946453401,4111198.249723087],[602638.845941062,4111223.7787857335],[602615.3890848736,4111223.5437193057],[602610.3594354049,4111303.330548653],[602593.9316678819,4111314.8330428386],[602602.3879514465,4111331.487549707],[602631.0459164615,4111334.480065272],[602648.5458975701,4111399.333721188],[602600.5691880314,4111403.6602721433],[602594.3836668866,4111413.0051323795]]],[[[602605.2534386299,4111527.9501386113],[602607.0548064524,4111552.266449386],[602628.8063891242,4111554.466074684],[602640.7142908081,4111609.4194968045],[602671.3000936477,4111621.1490200916],[602666.3215348189,4111577.808949755],[602647.4067131279,4111574.207997299],[602641.9817661233,4111562.141878869],[602667.960389464,4111544.9993299753],[602692.1628493733,4111545.8023467083],[602695.0781382156,4111529.035297574],[602670.2464955729,4111524.5731041743],[602659.4439508431,4111509.1295201974],[602645.7468935737,4111512.9962329627],[602642.6409067666,4111537.158984326],[602605.2534386299,4111527.9501386113]]],[[[602582.0598900642,4108963.559108905],[602621.910194671,4108986.6080080066],[602638.4361323278,4109002.640564521],[602636.1364139079,4109021.698609192],[602646.419857395,4109022.2125907484],[602655.2889503317,4108983.8925790046],[602635.0521263547,4108977.745795837],[602633.344477722,4108962.4533074955],[602599.2387187225,4108946.90014222],[602582.0598900642,4108963.559108905]]],[[[602588.7849994573,4109171.733373064],[602627.8019928009,4109179.2764641],[602634.3681352047,4109206.9034782415],[602650.2190939655,4109193.2935781693],[602640.5088766632,4109178.4228051035],[602641.5993978103,4109139.617594811],[602588.7849994573,4109171.733373064]]],[[[602607.9839903051,4112116.7933424055],[602637.7292402125,4112104.725951434],[602647.2317387585,4112091.24019271],[602626.5835627889,4112085.87297426],[602607.9839903051,4112116.7933424055]]],[[[602603.3649291985,4107923.160907525],[602608.6578902822,4107967.6302465703],[602641.5365722773,4107954.063344328],[602639.8286025557,4107932.656738896],[602603.3649291985,4107923.160907525]]],[[[602587.0036330355,4111717.0327587486],[602584.1972292366,4111745.248544969],[602605.8901852682,4111744.452129463],[602605.8713229764,4111722.918738492],[602587.0036330355,4111717.0327587486]]],[[[602610.9060229157,4111752.2499714037],[602607.9809616477,4111768.037609712],[602582.577378716,4111777.5636551385],[602601.0462744521,4111804.6864605574],[602611.020859213,4111775.1285628485],[602626.7488886004,4111766.554075615],[602622.7414487681,4111752.561518439],[602610.9060229157,4111752.2499714037]]],[[[602566.9652367382,4110786.0246881824],[602531.4896534338,4110833.9748504795],[602543.3492078142,4110851.566624449],[602582.1492424131,4110826.5541384504],[602584.7374259195,4110790.645749208],[602566.9652367382,4110786.0246881824]]],[[[602536.528447635,4111522.033648924],[602532.3942039766,4111543.2119342275],[602569.3469290767,4111549.0489937738],[602564.4239292138,4111517.6763568586],[602581.4472157308,4111502.256264784],[602575.3878821299,4111486.7844569627],[602567.0329491968,4111484.903424825],[602563.4771275712,4111505.6034672447],[602536.528447635,4111522.033648924]]],[[[602563.9530061098,4110949.7777135815],[602528.5804443463,4110958.7875611517],[602537.8348743778,4110974.860711499],[602565.1960104266,4110965.3978888537],[602563.9530061098,4110949.7777135815]]],[[[602360.6614200288,4111096.2919367524],[602384.5702111984,4111118.6197963087],[602437.7332164891,4111088.906769229],[602445.9715613287,4111111.0350361518],[602467.7288367779,4111109.5215274887],[602478.5410920375,4111124.9104053904],[602495.6020208666,4111187.023565385],[602539.8827844454,4111173.0052280137],[602535.1163615792,4111141.4394120234],[602565.3389206957,4111105.831679112],[602551.228819014,4111093.24756588],[602509.0085519277,4111126.578884799],[602493.0970222341,4111101.105221088],[602467.7063083898,4111100.985458243],[602464.8818120136,4111075.1702684574],[602430.6662533922,4111081.7109056883],[602386.2196629086,4111064.4308647946],[602363.0024345545,4111081.44900773],[602360.6614200288,4111096.2919367524]]],[[[602504.1366016921,4111542.336885533],[602493.8480570839,4111575.079476846],[602527.5923835209,4111603.2731472137],[602552.0297143856,4111578.6607209924],[602542.1945368074,4111566.021082849],[602512.8066829633,4111567.012454979],[602504.1366016921,4111542.336885533]]],[[[602481.9552212016,4107206.6444055024],[602497.7401930788,4107265.550494569],[602534.3512319718,4107252.272976405],[602530.2064069216,4107229.2033642125],[602514.8537436995,4107221.787093081],[602516.8007904305,4107191.3964841487],[602481.9552212016,4107206.6444055024]]],[[[602490.934959143,4111823.530516356],[602511.8410065795,4111838.244992476],[602527.640220762,4111836.522868261],[602534.1045223321,4111823.961354872],[602512.953741963,4111803.7716269195],[602499.138753586,4111805.808159456],[602490.934959143,4111823.530516356]]],[[[602369.4128713205,4111365.7302845167],[602388.3555063761,4111406.4335092683],[602368.3771524025,4111414.174339207],[602365.736049759,4111428.4560713805],[602383.5887421215,4111437.091982685],[602380.2811917866,4111458.765980195],[602403.4114636426,4111488.868028425],[602386.5624880778,4111514.0370222204],[602424.0865801147,4111535.2727317996],[602433.1646477627,4111514.445176448],[602453.2286240361,4111510.2917221384],[602431.3945417831,4111500.9016207065],[602437.4432981783,4111471.9607244707],[602424.6622666582,4111461.8450036007],[602427.1567814287,4111447.616062707],[602447.8749858647,4111436.2289361786],[602492.5431340672,4111459.20059311],[602510.7080999253,4111437.885772512],[602491.063055014,4111414.833852219],[602473.7192333085,4111432.225000973],[602436.7839204355,4111420.0674388506],[602440.5811799247,4111339.892605446],[602426.3856207007,4111323.922548312],[602414.461786259,4111325.554638639],[602394.9509880691,4111356.329114215],[602369.4128713205,4111365.7302845167]]],[[[602462.6214335059,4109295.278131506],[602483.3897656404,4109307.240501462],[602496.9071524598,4109285.851491684],[602473.5247877064,4109253.2262192615],[602462.6214335059,4109295.278131506]]],[[[602394.9925739039,4109456.6810482126],[602445.9008740934,4109482.582888861],[602470.1586333793,4109535.452768868],[602495.6599337945,4109533.057956123],[602492.6637082022,4109515.690918901],[602469.6808457318,4109513.6193923266],[602459.9335720066,4109477.895830193],[602442.1293514388,4109477.8808184103],[602408.3585238535,4109440.013881075],[602394.9925739039,4109456.6810482126]]],[[[602438.0538215175,4111705.2894615615],[602451.9632672099,4111741.433113256],[602458.8917074152,4111722.324008986],[602487.8248576142,4111728.9598846775],[602492.263281894,4111717.1992309303],[602469.7523869888,4111712.5786723187],[602464.7376470448,4111695.6266694935],[602451.0280772574,4111693.87976808],[602438.0538215175,4111705.2894615615]]],[[[602431.264251031,4109160.6432121783],[602409.2681531807,4109142.8896370204],[602391.9501545901,4109160.7250742023],[602423.2762230699,4109186.9094620184],[602460.1794686078,4109186.5008959584],[602484.7425911091,4109199.1926498683],[602476.8832678264,4109173.566608014],[602431.264251031,4109160.6432121783]]],[[[602411.3229115353,4107855.395376292],[602441.0866081411,4107882.531336951],[602469.9718488146,4107879.379337696],[602480.7087571488,4107850.300851812],[602465.1469821117,4107846.9680302683],[602451.046308768,4107864.8804101003],[602422.5131532453,4107847.6206532535],[602411.3229115353,4107855.395376292]]],[[[602453.0785332745,4111600.7139355214],[602439.3198720522,4111629.5215854417],[602449.5368728802,4111633.714217605],[602474.0381788845,4111605.9143248852],[602453.0785332745,4111600.7139355214]]],[[[602392.6885553481,4111294.939434788],[602399.4368165653,4111305.358200231],[602415.828885627,4111297.7805262655],[602421.2512958813,4111284.645659597],[602411.9435941683,4111270.002981905],[602392.6885553481,4111294.939434788]]],[[[602414.4533523953,4111262.633074799],[602448.8722058651,4111248.221233448],[602439.0351144907,4111225.455167938],[602411.9513513797,4111242.312468753],[602414.4533523953,4111262.633074799]]],[[[602291.5803482233,4109021.697475525],[602304.8892069114,4109054.3173403116],[602341.4026744548,4109019.6383273476],[602374.94472214,4109035.7561117187],[602375.9735432662,4109053.0589077454],[602402.6719803103,4109078.4373859013],[602439.1667752913,4109081.724756506],[602371.3551160675,4109003.983306001],[602341.6206924992,4109015.745201744],[602323.8166306482,4108991.6946247504],[602305.0591603563,4108986.8571733953],[602306.125955608,4109014.362480732],[602291.5803482233,4109021.697475525]]],[[[602396.20934689,4108779.0037097],[602367.3704101959,4108807.163614608],[602386.9974300384,4108813.1634474546],[602396.8687788676,4108800.1858224943],[602427.7346004111,4108799.31875117],[602430.2321611783,4108788.297934538],[602396.20934689,4108779.0037097]]],[[[601706.6419932971,4110914.0768314544],[601792.3946532274,4110975.4858532897],[601828.2461354845,4110926.3968440145],[601854.199194173,4110936.658050022],[601888.3049616625,4110975.171191215],[601884.6756860687,4111003.8228760827],[601855.1485955628,4111007.426453707],[601848.6909102107,4110975.4640437067],[601832.1677764945,4110974.7075592414],[601825.3251978193,4111017.3272647816],[601853.5814765893,4111021.7923658728],[601863.7845517001,4111041.561230082],[601892.7020435068,4111037.185467084],[601886.9042919682,4111012.4117317647],[601926.566122509,4110984.691353629],[601918.3357013611,4111028.0483312686],[601894.0556515257,4111038.092108742],[601905.5271281553,4111058.4692200413],[601895.3198526583,4111076.505218734],[601912.5311697064,4111092.195836687],[601932.9421061022,4111087.029662622],[601937.354945295,4111130.8223896534],[601950.988827764,4111145.7084820163],[601965.891165501,4111146.9056580183],[601979.4693355939,4111128.0025074724],[602001.2705556308,4111139.9611214222],[602019.6290321539,4111173.9827293176],[602050.6568977701,4111165.520362879],[602058.4054113877,4111218.348616014],[602044.3479199635,4111264.1945205373],[602063.2984795695,4111265.4950729297],[602074.6796189384,4111225.7205095007],[602099.0109202248,4111232.8282336425],[602097.8481895956,4111270.7928228853],[602141.0282754207,4111280.0495473817],[602187.0074274627,4111267.760910374],[602165.7695688084,4111215.4855209445],[602176.7510630192,4111207.2129761525],[602212.8989198748,4111224.1444259854],[602229.586569304,4111182.5213236827],[602199.7665785431,4111160.714573617],[602217.2392981545,4111116.615259839],[602198.7705877166,4111083.959276073],[602202.5676511644,4111068.8433997114],[602185.9348300778,4111052.246147148],[602201.0551682621,4111043.6101840497],[602222.638820688,4111059.2880705507],[602238.6809674078,4111029.8020866322],[602310.8515993656,4111067.341983827],[602312.0269941596,4111078.65731796],[602283.3950357151,4111108.447016823],[602293.2859044471,4111138.6527801408],[602322.802227475,4111174.5991493063],[602324.0614005461,4111199.4925613273],[602359.2897531198,4111229.2930107825],[602360.744152857,4111246.972239376],[602377.5879204877,4111249.4597771377],[602384.5452800109,4111212.348139324],[602364.1889028406,4111205.245794719],[602306.4391741393,4111112.5671973717],[602338.3932253836,4111071.670048116],[602343.6240158036,4111039.0170630263],[602378.6574298529,4111041.3594691735],[602386.3597383696,4111019.1709707966],[602409.3886290636,4111011.121413497],[602414.0803313834,4110992.6102118143],[602405.4098369614,4110987.196861803],[602387.4988351783,4111015.218485911],[602373.4853847252,4111012.3728981116],[602383.2180245852,4110968.5838470994],[602324.0115378522,4110956.0167562296],[602316.5284246807,4110942.887120402],[602295.8821628725,4110939.0258188196],[602279.6377649419,4111005.806376821],[602260.5364249194,4111000.3241416924],[602265.6435423986,4110980.522884881],[602239.6493401823,4110964.111876506],[602160.6129592183,4111006.4705357226],[602117.2554088115,4111004.2927517043],[602112.4260602596,4110985.560265396],[602138.0144825494,4110966.4038943555],[602133.4489545041,4110944.651539865],[602104.9363160778,4110943.248396249],[602096.0892930839,4110914.250161433],[602046.014917679,4110908.482765776],[602037.1523614965,4110893.6125938618],[602015.5105269327,4110898.3907800373],[601977.5691186738,4110880.452787248],[601988.4662053108,4110853.6495955074],[602009.4629937232,4110854.1597492853],[602026.4366008915,4110816.5201749075],[601983.4943628022,4110803.3947748295],[601956.9285113398,4110849.8917004783],[601937.5442747165,4110822.6330427295],[601923.7334737596,4110837.334478833],[601904.1810374197,4110833.457244671],[601916.9627074902,4110814.45534374],[601909.8938666944,4110798.0511139804],[601815.0808101842,4110767.9199531353],[601765.6129406011,4110861.990525672],[601742.2823507113,4110859.218117613],[601706.6419932971,4110914.0768314544]],[[602056.1050623846,4111118.065777994],[602060.0769010497,4111129.53005628],[602042.8389757078,4111140.096769821],[602042.9002604267,4111119.9706129534],[602056.1050623846,4111118.065777994]],[[602014.8381496357,4111099.6701860814],[602024.0013826976,4111107.7759307767],[602014.8218523125,4111118.4576321617],[601999.5927401466,4111106.0867708568],[602014.8381496357,4111099.6701860814]],[[601962.1052326686,4111041.770660136],[601943.2207794434,4111025.6465659076],[601962.6478716641,4111007.4941134867],[601973.9558788867,4111026.823169229],[601962.1052326686,4111041.770660136]],[[601891.9912658536,4110918.733010258],[601904.0229077531,4110899.4610936893],[601918.1603719131,4110904.424680063],[601915.0371686077,4110926.3135846965],[601891.9912658536,4110918.733010258]],[[601868.4715648218,4110874.9146900717],[601885.2911800881,4110865.167121799],[601893.0003867523,4110885.994196639],[601870.2132617899,4110888.706665794],[601868.4715648218,4110874.9146900717]],[[601784.6401226749,4110886.092469669],[601799.3084097417,4110851.1083711255],[601832.6782171996,4110847.994990574],[601851.5573916418,4110816.8446220867],[601872.7682102799,4110826.0626798864],[601875.7726024967,4110854.7612576266],[601857.0552444012,4110856.577629141],[601846.0614679338,4110877.7182654245],[601817.1284090674,4110878.5118919755],[601803.2252770634,4110904.044874517],[601784.6401226749,4110886.092469669]]],[[[602349.2344161827,4107707.2451843335],[602354.3436727407,4107716.644530676],[602377.0610034592,4107714.6237895866],[602378.6924623563,4107740.2347845407],[602406.1372830155,4107726.7964899037],[602403.3869928971,4107712.136415199],[602377.558760832,4107712.526886889],[602366.1212847105,4107690.50289804],[602349.2344161827,4107707.2451843335]]],[[[602346.7181445751,4111595.492319516],[602371.3562867041,4111601.66161184],[602373.2421882205,4111581.651706811],[602349.9056592352,4111567.2564969356],[602346.7181445751,4111595.492319516]]],[[[601988.1146378558,4108655.5858024685],[601994.0903190027,4108665.3163947817],[602025.459279681,4108660.57103598],[602012.8842882471,4108696.249372867],[602053.5897210267,4108716.9044705173],[602059.2797763179,4108697.600597093],[602047.4548596224,4108679.777780924],[602059.1836571187,4108669.8790150923],[602103.6575654757,4108665.4219590244],[602109.9708794323,4108685.053891573],[602126.7958164769,4108688.5898083886],[602128.382602225,4108674.528278562],[602106.882827303,4108662.4484971073],[602092.405870072,4108632.1327750175],[602122.099858184,4108620.0467502484],[602137.2705236785,4108641.5225438694],[602180.6081084711,4108642.3347270573],[602183.7851362791,4108663.3982609715],[602226.284137589,4108701.329347783],[602242.3004429007,4108698.5490780976],[602246.8305305142,4108675.2690457297],[602294.2558796094,4108652.7533231354],[602294.6362693359,4108699.1763918158],[602309.6463736017,4108707.113954005],[602347.1008479693,4108669.6040978786],[602334.1746406205,4108657.491621785],[602313.7137725989,4108666.05131621],[602320.6162630718,4108635.904970809],[602347.4421154257,4108633.491742011],[602352.2200965739,4108615.843878581],[602332.9663023932,4108606.7420554846],[602335.6081412856,4108567.5022334764],[602316.4253336696,4108557.4478013422],[602302.8307936921,4108571.164003498],[602291.324357697,4108647.546766798],[602268.2983936231,4108637.8021118063],[602269.6284371372,4108611.580344283],[602244.9984746673,4108611.5339949317],[602231.4747769416,4108596.274286869],[602236.4667523276,4108574.1121110767],[602276.2185282827,4108580.6380769755],[602285.7511720967,4108561.9798015766],[602288.2513624252,4108513.392657741],[602274.7822160982,4108492.450741749],[602253.6684370845,4108487.283802578],[602234.4703637437,4108494.930348611],[602254.1577183298,4108536.2097621537],[602246.905030879,4108565.772540889],[602216.5673490872,4108562.993857512],[602194.3744335407,4108536.8755235025],[602175.4593708812,4108532.3809240204],[602170.6782285882,4108545.4041605387],[602185.1886562062,4108572.322997027],[602149.7204867825,4108565.933576158],[602118.2156071328,4108604.3190508466],[602103.1545615279,4108595.023659571],[602115.7281751852,4108577.068470238],[602109.8953639381,4108547.4855382554],[602090.7941012676,4108542.087903986],[602086.100344116,4108563.6052328916],[602072.9057315068,4108567.751550335],[602057.073159875,4108547.211135289],[602069.5687187067,4108534.935128363],[602066.5861867835,4108523.0742949634],[602038.6628608113,4108525.7393210484],[602025.6687652398,4108535.7663471857],[602022.0817482504,4108562.702094345],[602045.1067061864,4108563.680977224],[602083.086224468,4108600.7157313935],[602055.9838337528,4108615.8611615426],[602033.7457565316,4108603.2762152525],[602024.6638154647,4108620.1315011755],[602030.1502900742,4108638.603231097],[601988.1146378558,4108655.5858024685]],[[602167.0890991588,4108615.629669171],[602143.9077461255,4108593.8070273786],[602153.3309437927,4108586.057757951],[602171.5186748634,4108598.674400431],[602184.1510206277,4108584.6688165856],[602196.6858473374,4108591.0866131475],[602208.2450805297,4108580.8039064864],[602225.7776784353,4108594.5687845685],[602213.4692978415,4108608.1603483087],[602196.8123557726,4108592.6530122417],[602187.8415032302,4108608.8379457425],[602167.0890991588,4108615.629669171]]],[[[602121.0406899423,4108538.352920394],[602136.2192466458,4108542.015820337],[602176.2230831895,4108498.6221070196],[602170.4077124756,4108449.3672105423],[602058.7663437361,4108484.111500339],[602066.8103639515,4108500.0637142994],[602166.2347604672,4108471.4217095776],[602167.7614611298,4108481.993821853],[602122.6359811216,4108523.7508233725],[602121.0406899423,4108538.352920394]]],[[[602218.651838127,4108432.2274178546],[602232.6966504902,4108462.3570570196],[602262.8836423338,4108475.9627879267],[602265.098086063,4108442.647588985],[602301.2114149977,4108439.354494048],[602311.5257268089,4108451.3350356226],[602300.1065495907,4108476.9889312927],[602335.9449242003,4108482.127471461],[602321.744417813,4108504.950802435],[602331.1665148347,4108521.1362084523],[602363.0136621022,4108495.119203166],[602340.3457868242,4108445.440109469],[602296.8909004799,4108405.0076500257],[602267.1729203222,4108400.7768586],[602228.9811999911,4108421.1524729435],[602218.651838127,4108432.2274178546]]],[[[602342.1785700836,4110846.340909244],[602312.4176100994,4110852.559354606],[602312.2015588006,4110863.0458256444],[602359.0509698796,4110877.2843300165],[602342.1785700836,4110846.340909244]]],[[[602295.5871450566,4108963.725448773],[602313.6145389074,4108956.978543969],[602326.9099914061,4108970.79702605],[602341.6104868121,4108969.019132942],[602352.8991460493,4108951.4800277804],[602340.3400365378,4108940.9118119515],[602321.7725941739,4108948.8029487813],[602313.4506756859,4108929.897523648],[602299.5678303618,4108925.5301625202],[602295.5871450566,4108963.725448773]]],[[[602182.8403416501,4111432.4849692886],[602211.8986778064,4111428.9468703293],[602239.6668573049,4111400.143421967],[602265.2416768381,4111405.991474123],[602285.2524614766,4111430.6090222625],[602287.0633844465,4111446.197598645],[602272.2124677362,4111458.9923763373],[602284.1227350921,4111473.9535427745],[602300.5671619792,4111465.3190739118],[602299.3186123449,4111442.835259924],[602334.7240198813,4111441.347754345],[602338.4301633148,4111395.088159024],[602297.5919393589,4111388.4855478527],[602283.9658473753,4111366.0689705694],[602290.1265339489,4111341.3730228096],[602275.2334341117,4111340.20324311],[602259.67665072,4111346.725530543],[602241.2876868381,4111384.052534199],[602182.8403416501,4111432.4849692886]]],[[[602307.7785210636,4109289.369780588],[602297.3831376687,4109301.4903282695],[602316.5193167096,4109321.3836200247],[602330.9953563488,4109306.023098686],[602307.7785210636,4109289.369780588]]],[[[602260.438541987,4108006.0006843056],[602285.9258182588,4108020.3686140594],[602318.4511985149,4108016.3810688434],[602311.4216081213,4107998.110637406],[602297.1972813173,4108012.1110311397],[602274.3983288335,4107999.037983928],[602260.438541987,4108006.0006843056]]],[[[602262.3976242013,4111649.740433234],[602210.9731905968,4111651.3728630617],[602225.8899493846,4111664.9919580566],[602227.8488786281,4111704.213747767],[602251.9961885421,4111698.4795334195],[602245.6452371075,4111671.6185507956],[602262.3976242013,4111649.740433234]]],[[[602017.3716848887,4108781.8331052014],[602020.3030831618,4108807.5683518224],[602043.7745871163,4108811.4073152966],[602053.7298587951,4108829.8402704746],[602077.4533743424,4108836.130560459],[602082.0692263853,4108850.7091454384],[602105.6286795771,4108851.152044017],[602119.4985076749,4108866.7597619137],[602141.108511458,4108850.6026476575],[602124.8548359383,4108831.3562870417],[602133.0402037456,4108811.4211419597],[602122.1259696624,4108799.230367366],[602110.0465574204,4108801.8152932553],[602107.4056109213,4108826.0668511894],[602080.3149791626,4108822.7898725253],[602096.360239671,4108805.707671462],[602074.7896465803,4108778.78271766],[602084.7973948815,4108765.4555992703],[602114.5770960449,4108767.3104794286],[602108.2196976942,4108736.6844063513],[602056.7145220736,4108757.0645556166],[602073.0073948813,4108782.0842755395],[602061.4307730774,4108802.19320362],[602040.4738017486,4108803.616865793],[602034.7323005798,4108780.5227657016],[602017.3716848887,4108781.8331052014]]],[[[602146.4367478462,4108849.218932657],[602186.6367092668,4108841.999819134],[602196.7941029938,4108825.09600049],[602214.4652550723,4108820.842146761],[602208.6408197952,4108806.2627094816],[602186.5134255822,4108795.449854226],[602180.3503139043,4108816.6528099123],[602150.4438274425,4108832.3752454272],[602146.4367478462,4108849.218932657]]],[[[602182.9171497423,4108392.7203622665],[602162.9465116265,4108405.9387173303],[602179.699571477,4108420.048149024],[602205.9401964243,4108393.6172434157],[602182.9171497423,4108392.7203622665]]],[[[602132.5853885919,4107195.914625951],[602134.4773615559,4107213.0410341294],[602163.5088834419,4107196.9452010496],[602168.9107436365,4107221.9705726327],[602183.7700888078,4107232.3111569993],[602192.184706031,4107226.779350822],[602193.4391181996,4107202.8729315763],[602173.708574065,4107166.141271015],[602132.5853885919,4107195.914625951]]],[[[602157.7347914312,4107889.6379772066],[602181.9644755988,4107890.6212938493],[602188.0568196819,4107840.1161759496],[602169.0965324087,4107836.9403486294],[602172.1524320416,4107869.716509982],[602157.7347914312,4107889.6379772066]]],[[[602147.2553260567,4107651.3359620427],[602168.8110138525,4107665.7622845857],[602178.5655485153,4107653.839356203],[602165.4108492362,4107632.977088675],[602147.2553260567,4107651.3359620427]]],[[[602140.7349722903,4108698.9333678465],[602157.6700500789,4108732.7415294284],[602174.2002274848,4108732.2407049267],[602178.1823871271,4108722.0086940136],[602157.5895560876,4108689.0721322857],[602140.7349722903,4108698.9333678465]]],[[[602084.5638045094,4111766.1050923453],[602074.9569071293,4111799.933208505],[602088.5091877057,4111805.0883520283],[602102.5865931803,4111790.4004222234],[602118.7027793587,4111798.63170748],[602138.9409387904,4111785.6781545607],[602139.4466146633,4111839.551780219],[602153.4206166657,4111844.4959844393],[602147.4873461478,4111825.3467742475],[602161.981841093,4111802.8473308664],[602148.5923075803,4111787.1681225686],[602152.5360492212,4111770.040177703],[602134.2426004474,4111765.1438966645],[602130.743368205,4111744.0494792573],[602097.7701049928,4111734.510671221],[602111.9057579221,4111767.9860265073],[602084.5638045094,4111766.1050923453]]],[[[602079.0932836531,4108317.60934618],[602092.2342169952,4108349.892224201],[602120.3872811741,4108344.2512525492],[602106.6598179841,4108372.4581868467],[602147.5430239079,4108398.152857201],[602155.1011138299,4108347.7487863214],[602141.6342531048,4108329.9658022653],[602156.5689096777,4108292.202157705],[602090.5813867697,4108301.297066642],[602079.0932836531,4108317.60934618]],[[602121.2287602792,4108337.821509138],[602108.470419786,4108330.8242045473],[602122.8100528597,4108308.178254524],[602132.0609417278,4108328.431015598],[602121.2287602792,4108337.821509138]]],[[[601983.8664192741,4106670.941641255],[601998.1557892913,4106707.798895682],[602054.2977949842,4106717.765161336],[602064.3272870235,4106698.8027775376],[602102.8369510769,4106704.1894214666],[602111.5359647736,4106685.616118483],[602134.1682684672,4106686.676671754],[602152.4408499906,4106646.9656085307],[602071.6272032417,4106637.295734629],[602052.2397126603,4106626.0368049853],[602038.265543149,4106632.958025472],[602032.7923899236,4106608.4402099666],[602012.9550258616,4106606.1069785464],[601986.8787244685,4106616.204321714],[601983.8664192741,4106670.941641255]]],[[[602113.3046902507,4107522.034070284],[602138.932927891,4107556.59025375],[602146.4288589562,4107554.999346245],[602147.4452411504,4107531.2956348667],[602121.6957525543,4107516.3960197237],[602113.3046902507,4107522.034070284]]],[[[602083.3140568192,4107266.8184671956],[602126.9476928089,4107288.9100367],[602137.7908082925,4107275.488030697],[602113.2065644644,4107258.305823006],[602085.3293614431,4107255.90707875],[602083.3140568192,4107266.8184671956]]],[[[602121.5301437982,4107867.703304374],[602107.2043820088,4107900.8447045786],[602116.9365421204,4107907.9079654147],[602133.6538928726,4107887.9271125323],[602121.5301437982,4107867.703304374]]],[[[602017.9719550234,4106396.6795791136],[602056.6320199404,4106485.378318232],[602036.5760212059,4106511.804436808],[602052.3766785996,4106531.9083285327],[602022.3215056395,4106568.808714902],[602040.5428619605,4106581.9046273297],[602057.9379333719,4106576.725181156],[602088.5705431844,4106535.3629114623],[602091.7690862801,4106512.108783155],[602116.8274718876,4106478.259900601],[602088.759359035,4106458.73223794],[602055.7166585336,4106402.7273522494],[602055.8486869363,4106348.1234692],[602039.5934563644,4106337.035108267],[602028.2962111955,4106338.6733616507],[602017.9719550234,4106396.6795791136]]],[[[602067.2102797418,4107889.5066178534],[602044.3597042103,4107930.776663865],[602051.4261010052,4107940.9602334253],[602083.1898475309,4107897.4576970306],[602067.2102797418,4107889.5066178534]]],[[[601876.8150216951,4111573.482615561],[601902.0484373515,4111602.0135115394],[601907.4881230947,4111630.965223587],[601931.7284168914,4111614.9512736164],[601967.8506731587,4111634.0526805655],[601980.7756823156,4111622.2802519132],[601946.4436803777,4111604.003164859],[601931.129173804,4111609.9356806427],[601904.571304323,4111578.4261108306],[601884.2850653821,4111567.5160822826],[601876.8150216951,4111573.482615561]]],[[[601989.1058604916,4111608.915531775],[602001.7741545014,4111620.75382972],[601980.0661415927,4111641.321686629],[601987.1405350491,4111656.65782869],[602022.73998274,4111631.073255944],[602004.8330804557,4111613.1653839615],[602005.7769201581,4111585.808758491],[601989.1058604916,4111608.915531775]]],[[[601988.1894706324,4107524.676898415],[601996.6444095306,4107551.1235043164],[602017.0637018783,4107537.5935983895],[602010.7499423865,4107520.159182803],[601988.1894706324,4107524.676898415]]],[[[601958.4679067809,4108379.6911953283],[601962.3044020851,4108397.1136455606],[601977.8004335125,4108393.3564162906],[601990.4457802591,4108345.836165271],[602011.3481497949,4108338.0192647674],[602007.3389746607,4108314.3164171963],[601992.0871752455,4108316.605849836],[601989.4224239942,4108339.713719044],[601971.655148559,4108344.59669252],[601970.392850794,4108369.949168865],[601958.4679067809,4108379.6911953283]]],[[[601935.3637863089,4108850.624339357],[601943.5850397542,4108861.4783959505],[601960.5783482591,4108846.5718374373],[601971.9499170146,4108852.363141779],[601963.7921230551,4108892.9116225042],[602011.9949240073,4108886.0267551253],[602002.3099432348,4108871.8741254164],[601979.1688813736,4108872.721549301],[601984.3772523025,4108844.67985532],[601975.0287087138,4108831.023015219],[601935.3637863089,4108850.624339357]]],[[[601766.7570779857,4108641.1034539873],[601781.6975479539,4108672.6811213186],[601801.7900809839,4108673.710598773],[601796.2198620789,4108641.945396039],[601820.9664671703,4108623.615690423],[601824.7454186204,4108598.835119379],[601845.6390363051,4108610.577575974],[601841.8270424963,4108631.2081438177],[601854.001555017,4108639.6773465094],[601850.9171470404,4108660.3449514294],[601864.564105069,4108675.8329035174],[601875.5987967552,4108660.1562071657],[601861.6677578521,4108636.179424573],[601883.7453135132,4108629.7887431295],[601906.2627581186,4108639.018099801],[601929.6660560869,4108697.4074799055],[601955.4944821307,4108709.201497767],[601917.3588100469,4108731.912530235],[601942.0213292226,4108759.625890423],[601962.9044753546,4108759.581688899],[601959.8486849662,4108739.1066991403],[601990.0241452999,4108693.7160739936],[601954.569272275,4108686.419336144],[601965.0273010104,4108666.335378668],[601940.8501126344,4108609.0657151835],[601964.1532498088,4108591.8515900355],[601958.5076081625,4108569.159925513],[601975.521274096,4108543.155994388],[601997.9464953757,4108536.4410437965],[601991.9224788087,4108521.8283263557],[602001.8355845135,4108507.055765902],[601968.0667944307,4108535.2243199362],[601927.1502373796,4108543.1091903704],[601926.2272161637,4108560.8622174603],[601887.6209055178,4108574.3815250564],[601869.3750105606,4108608.939015287],[601851.0732760227,4108599.428041351],[601869.0254412312,4108574.1776473755],[601858.7743749956,4108542.982864651],[601847.7335475519,4108534.1328609744],[601814.0859197867,4108544.809877494],[601784.708841162,4108525.532841555],[601790.8992438306,4108553.7477215384],[601777.0920888968,4108562.3840521355],[601777.1925235318,4108576.755074409],[601808.6403629457,4108589.561247644],[601782.9507330845,4108636.643977183],[601766.7570779857,4108641.1034539873]]],[[[601874.7911144431,4107697.974872881],[601874.6526849173,4107713.3039913056],[601904.6277241666,4107719.153333266],[601920.9934915226,4107744.8148928485],[601955.5755202923,4107731.470794344],[601950.4043664937,4107719.821912036],[601934.7810006451,4107728.659603872],[601921.3092399362,4107709.394260679],[601874.7911144431,4107697.974872881]]],[[[601895.1047725042,4111689.2226146734],[601913.6318682123,4111718.1149343685],[601938.6347082029,4111709.9162982553],[601931.9620716168,4111686.6766025675],[601951.4952932334,4111672.368458498],[601948.5311430573,4111662.121102466],[601895.1047725042,4111689.2226146734]]],[[[601874.9943597177,4108781.6080913115],[601880.063077515,4108813.3377647256],[601900.4564924625,4108793.8332601283],[601914.2760737342,4108819.252429936],[601930.7508335982,4108814.7971626897],[601909.338238593,4108761.311518948],[601874.9943597177,4108781.6080913115]]],[[[601852.6784608825,4111448.4110545544],[601887.9303829084,4111445.223858805],[601892.130857092,4111431.004612902],[601867.5470099883,4111418.539978468],[601844.3436078861,4111430.462088069],[601852.6784608825,4111448.4110545544]]],[[[601848.6234681786,4108709.2581681884],[601866.0657971364,4108753.042630998],[601883.4487809453,4108754.434248477],[601870.5333814726,4108731.7158031175],[601871.2279424793,4108697.606500452],[601857.1791880684,4108695.28961562],[601848.6234681786,4108709.2581681884]]],[[[601813.6709808075,4111515.242790308],[601810.1999427328,4111523.1648175023],[601829.8579493902,4111538.916018071],[601825.8634782033,4111559.2689701375],[601834.1648982299,4111564.109092707],[601844.8679272785,4111550.2646277705],[601836.1690569605,4111538.585160347],[601841.2621104437,4111524.046495603],[601813.6709808075,4111515.242790308]]],[[[601789.0308238711,4108918.380163662],[601820.1054356155,4108968.9294860656],[601836.6256844572,4108929.6314532245],[601858.601737805,4108922.1937766434],[601856.0901053342,4108904.7528956546],[601838.5909876025,4108897.909183025],[601829.0423943752,4108929.4391429285],[601806.8067292038,4108911.319321986],[601789.0308238711,4108918.380163662]]],[[[601837.7889335641,4108889.956724524],[601873.6161192701,4108860.559687131],[601868.8449638427,4108849.6173189934],[601825.3144081611,4108875.570511401],[601837.7889335641,4108889.956724524]]],[[[601818.8893072242,4113328.4988278644],[601838.6074450172,4113362.080374312],[601843.6672794617,4113344.3918423294],[601865.6696748137,4113329.6016991413],[601840.7789464205,4113302.399747075],[601818.8893072242,4113328.4988278644]]],[[[601793.0003387276,4112748.2218194986],[601800.8288872552,4112727.29239773],[601766.5584699,4112720.5136959753],[601762.6286165001,4112737.8644115888],[601793.0003387276,4112748.2218194986]]],[[[601746.5752229786,4111508.4633840946],[601737.246069098,4111562.8375517298],[601750.5257231193,4111565.8649232816],[601773.5308251757,4111506.948089643],[601757.664793228,4111500.559811263],[601746.5752229786,4111508.4633840946]]],[[[601697.930938665,4107836.6050516553],[601720.7714558921,4107850.8429884473],[601717.6830379224,4107869.0277328137],[601733.6745373873,4107867.420813093],[601736.8508668537,4107855.35046148],[601718.5913809296,4107847.374944126],[601719.0831403884,4107829.4437689018],[601705.2783206718,4107823.5692568505],[601697.930938665,4107836.6050516553]]],[[[601700.9402977604,4107560.428046406],[601718.4740722984,4107597.552900031],[601730.5919200882,4107589.9887665194],[601711.3706570069,4107553.6377472365],[601700.9402977604,4107560.428046406]]],[[[601596.0,4112864.3847194],[601643.3832977202,4112855.449450181],[601644.1493916861,4112838.0297180316],[601667.9376447547,4112814.9038510006],[601714.2722699656,4112810.0320745585],[601728.6282418194,4112795.0357019505],[601713.4964186465,4112779.6237848927],[601667.7811020857,4112805.52250824],[601659.8972715767,4112787.184799197],[601675.4363319052,4112768.6140919374],[601623.9141154164,4112756.866869027],[601619.9925913324,4112773.8316794005],[601596.1931154508,4112778.0176009308],[601596.0,4112864.3847194]],[[601611.8094752514,4112789.6869365205],[601627.1493895933,4112796.0825284165],[601624.6349277357,4112823.2215481354],[601606.1969178371,4112817.4532460053],[601611.8094752514,4112789.6869365205]]],[[[601600.3517011335,4112882.1848665383],[601596.1857205146,4112935.809546174],[601618.1872072548,4112947.2399654966],[601650.8353358003,4112892.950452885],[601600.3517011335,4112882.1848665383]]],[[[601659.2321674733,4112904.621952117],[601668.660274876,4112918.624073309],[601725.8738515818,4112923.697260923],[601726.5429390807,4112911.874768992],[601708.1494615331,4112903.272104304],[601713.3290826,4112880.529060342],[601697.7825959485,4112873.1580279116],[601687.7000674012,4112874.917620445],[601688.5198549238,4112900.796892711],[601659.2321674733,4112904.621952117]]],[[[601600.6569346092,4112700.673670131],[601630.6851017937,4112723.8124615517],[601647.8758319914,4112687.6791767045],[601622.653953834,4112669.189530398],[601600.6569346092,4112700.673670131]]],[[[601665.595561593,4110603.2877452294],[601659.4961284695,4110628.7996771345],[601665.9390575918,4110646.215481137],[601712.4100082262,4110638.7942465725],[601705.9916342746,4110624.7672816566],[601686.9626780725,4110625.4924829183],[601680.0903417323,4110599.1184285753],[601665.595561593,4110603.2877452294]]],[[[601670.3135126149,4107701.48081294],[601666.6809433453,4107714.6052872557],[601692.9096950035,4107721.2187447003],[601708.2432480911,4107695.971424887],[601698.1687626785,4107689.7635141797],[601670.3135126149,4107701.48081294]]],[[[601602.7035396266,4111527.6496645594],[601622.1250560043,4111561.448216251],[601636.7612740102,4111547.66817393],[601617.0673598655,4111521.932808188],[601602.7035396266,4111527.6496645594]]],[[[601613.1749679942,4111397.2460078914],[601625.6022780099,4111407.2171384273],[601636.1817960448,4111394.0081829517],[601655.8802754936,4111395.6295973277],[601656.0804579573,4111375.471385337],[601622.5841153566,4111383.3363046576],[601613.1749679942,4111397.2460078914]]],[[[601612.6792198995,4111431.675414221],[601604.1892186935,4111468.678888119],[601627.7088546075,4111480.1746082986],[601651.0243278729,4111441.919941193],[601612.6792198995,4111431.675414221]]]]}}]}
