{"type":"FeatureCollection","name":"piedra-villazar-buildings","crs":{"type":"name","properties":{"name":"EPSG:25830"}},"source":"Direcci\u00f3n General del Catastro, INSPIRE BU, municipio 04064","features":[{"type":"Feature","properties":{"id":"3608001XG0130N_part1","floors":2,"height":6.2,"heightSource":"Catastro:numberOfFloorsAboveGround"},"geometry":{"type":"Polygon","coordinates":[[[603805.46,4110689.78],[603805.56,4110691.08],[603808.65,4110690.86],[603808.56,4110689.56],[603805.46,4110689.78]]]}},{"type":"Feature","properties":{"id":"3608001XG0130N_part2","floors":2,"height":6.2,"heightSource":"Catastro:numberOfFloorsAboveGround"},"geometry":{"type":"Polygon","coordinates":[[[603805.98,4110696.77],[603806.12,4110698.56],[603810.8,4110698.21],[603810.67,4110696.42],[603805.98,4110696.77]]]}},{"type":"Feature","properties":{"id":"3608001XG0130N_part3","floors":2,"height":6.2,"heightSource":"Catastro:numberOfFloorsAboveGround"},"geometry":{"type":"Polygon","coordinates":[[[603813.61,4110688.07],[603813.51,4110686.73],[603811.42,4110686.88],[603810.91,4110687.56],[603811.06,4110687.81],[603811.13,4110688.02],[603811.17,4110688.26],[603811.39,4110691.26],[603816.22,4110690.9],[603816.05,4110687.9],[603813.61,4110688.07]]]}},{"type":"Feature","properties":{"id":"3608001XG0130N_part4","floors":2,"height":6.2,"heightSource":"Catastro:numberOfFloorsAboveGround"},"geometry":{"type":"Polygon","coordinates":[[[603819.88,4110690.65],[603818.09,4110690.76],[603818.37,4110694.95],[603820.14,4110694.83],[603819.88,4110690.65]]]}},{"type":"Feature","properties":{"id":"3608001XG0130N_part5","floors":3,"height":9.3,"heightSource":"Catastro:numberOfFloorsAboveGround"},"geometry":{"type":"Polygon","coordinates":[[[603808.65,4110690.86],[603805.56,4110691.08],[603805.98,4110696.77],[603810.67,4110696.42],[603810.61,4110695.52],[603812.4,4110695.38],[603818.37,4110694.95],[603818.09,4110690.76],[603816.22,4110690.9],[603811.39,4110691.26],[603811.17,4110688.26],[603811.13,4110688.02],[603811.06,4110687.81],[603810.91,4110687.56],[603810.79,4110687.42],[603810.51,4110687.2],[603810.19,4110687.06],[603809.96,4110687.01],[603809.72,4110687.01],[603809.37,4110687.08],[603809.16,4110687.18],[603808.97,4110687.31],[603808.8,4110687.48],[603808.66,4110687.67],[603808.56,4110687.88],[603808.49,4110688.11],[603808.47,4110688.34],[603808.56,4110689.56],[603808.65,4110690.86]]]}},{"type":"Feature","properties":{"id":"3608002XG0130H_part1","floors":1,"height":3.1,"heightSource":"Catastro:numberOfFloorsAboveGround"},"geometry":{"type":"Polygon","coordinates":[[[603810.46,4110667.77],[603807.1,4110668.48],[603807.94,4110672.39],[603808.33,4110672.38],[603808.92,4110672.56],[603809.4,4110672.91],[603809.68,4110673.28],[603811.67,4110672.94],[603810.68,4110668.71],[603810.46,4110667.77]]]}},{"type":"Feature","properties":{"id":"3608002XG0130H_part2","floors":1,"height":3.1,"heightSource":"Catastro:numberOfFloorsAboveGround"},"geometry":{"type":"Polygon","coordinates":[[[603811.67,4110672.94],[603812.73,4110677.55],[603816.08,4110676.81],[603814.96,4110672.21],[603811.67,4110672.94]]]}},{"type":"Feature","properties":{"id":"3608002XG0130H_part3","floors":2,"height":6.2,"heightSource":"Catastro:numberOfFloorsAboveGround"},"geometry":{"type":"Polygon","coordinates":[[[603805.26,4110668.88],[603805.94,4110672.0],[603804.7,4110672.33],[603804.42,4110672.45],[603804.2,4110672.63],[603804.0,4110672.85],[603803.88,4110673.11],[603803.8,4110673.39],[603803.8,4110673.68],[603803.86,4110673.97],[603803.96,4110674.24],[603804.14,4110674.47],[603804.36,4110674.66],[603804.62,4110674.8],[603804.9,4110674.87],[603805.2,4110674.89],[603805.48,4110674.84],[603806.4,4110678.96],[603812.73,4110677.55],[603811.67,4110672.94],[603809.68,4110673.28],[603809.4,4110672.91],[603808.92,4110672.56],[603808.33,4110672.38],[603807.94,4110672.39],[603807.1,4110668.48],[603805.26,4110668.88]]]}},{"type":"Feature","properties":{"id":"3608003XG0130H_part1","floors":1,"height":3.1,"heightSource":"Catastro:numberOfFloorsAboveGround"},"geometry":{"type":"Polygon","coordinates":[[[603797.8405,4110655.0215],[603797.672,4110654.838],[603797.4505,4110654.698],[603797.1975,4110654.631],[603796.9355,4110654.643],[603796.6895,4110654.733],[603796.482,4110654.8925],[603795.9395,4110655.6895],[603794.2835,4110656.0755],[603795.2945,4110660.4155],[603794.029,4110660.71],[603794.81,4110664.04],[603795.68,4110667.77],[603799.81,4110666.7665],[603799.113,4110663.9],[603801.2275,4110663.386],[603798.027,4110660.3725],[603798.234,4110660.0655],[603797.4915,4110659.563],[603796.6635,4110659.7555],[603796.0735,4110657.2235],[603797.2055,4110655.337],[603797.5335,4110655.5335],[603797.8405,4110655.0215]]]}},{"type":"Feature","properties":{"id":"3608003XG0130H_part2","floors":1,"height":3.1,"heightSource":"Catastro:numberOfFloorsAboveGround"},"geometry":{"type":"Polygon","coordinates":[[[603797.2055,4110655.337],[603796.0735,4110657.2235],[603796.6635,4110659.7555],[603797.4915,4110659.563],[603798.234,4110660.0655],[603799.7025,4110657.884],[603797.8365,4110656.6275],[603798.1325,4110656.1875],[603797.4035,4110655.7505],[603797.5335,4110655.5335],[603797.2055,4110655.337]]]}},{"type":"Feature","properties":{"id":"3608003XG0130H_part3","floors":2,"height":6.2,"heightSource":"Catastro:numberOfFloorsAboveGround"},"geometry":{"type":"Polygon","coordinates":[[[603797.8365,4110656.6275],[603799.7025,4110657.884],[603798.234,4110660.0655],[603801.8275,4110662.4995],[603803.901,4110659.4355],[603804.782,4110658.134],[603805.2095,4110658.0385],[603805.8535,4110657.895],[603804.5095,4110651.863],[603798.3715,4110653.231],[603798.651,4110654.5715],[603799.5085,4110655.086],[603798.787,4110656.286],[603798.2735,4110655.978],[603798.1325,4110656.1875],[603797.8365,4110656.6275]]]}},{"type":"Feature","properties":{"id":"3608003XG0130H_part4","floors":2,"height":6.2,"heightSource":"Catastro:numberOfFloorsAboveGround"},"geometry":{"type":"Polygon","coordinates":[[[603798.027,4110660.3725],[603801.2275,4110663.386],[603801.8275,4110662.4995],[603798.234,4110660.0655],[603798.027,4110660.3725]]]}},{"type":"Feature","properties":{"id":"3608003XG0130H_part5","floors":1,"height":3.1,"heightSource":"Catastro:numberOfFloorsAboveGround"},"geometry":{"type":"Polygon","coordinates":[[[603809.8065,4110657.014],[603809.056,4110653.6465],[603807.6965,4110652.643],[603806.184,4110652.9825],[603805.555,4110650.2335],[603798.1025,4110651.9385],[603798.1595,4110652.2125],[603804.283,4110650.848],[603804.5095,4110651.863],[603805.8535,4110657.895],[603809.8065,4110657.014]]]}},{"type":"Feature","properties":{"id":"3608003XG0130H_part6","floors":1,"height":3.1,"heightSource":"Catastro:numberOfFloorsAboveGround"},"geometry":{"type":"Polygon","coordinates":[[[603804.283,4110650.848],[603798.1595,4110652.2125],[603798.3715,4110653.231],[603804.5095,4110651.863],[603804.283,4110650.848]]]}},{"type":"Feature","properties":{"id":"3608003XG0130H_part9","floors":1,"height":3.1,"heightSource":"Catastro:numberOfFloorsAboveGround"},"geometry":{"type":"Polygon","coordinates":[[[603801.8275,4110662.4995],[603802.5315,4110662.976],[603804.518,4110660.0405],[603804.049,4110659.753],[603804.15,4110659.604],[603803.901,4110659.4355],[603801.8275,4110662.4995]]]}},{"type":"Feature","properties":{"id":"3608004XG0130H_part2","floors":1,"height":3.1,"heightSource":"Catastro:numberOfFloorsAboveGround"},"geometry":{"type":"Polygon","coordinates":[[[603795.84,4110634.76],[603794.45,4110635.1],[603794.85,4110636.76],[603796.23,4110636.42],[603795.84,4110634.76]]]}},{"type":"Feature","properties":{"id":"3608004XG0130H_part3","floors":1,"height":3.1,"heightSource":"Catastro:numberOfFloorsAboveGround"},"geometry":{"type":"Polygon","coordinates":[[[603800.07,4110639.29],[603800.42,4110639.2],[603799.58,4110635.6],[603797.31,4110636.16],[603796.77,4110636.29],[603797.57,4110639.66],[603799.74,4110639.13],[603799.79,4110639.36],[603800.07,4110639.29]]]}},{"type":"Feature","properties":{"id":"3608004XG0130H_part4","floors":1,"height":3.1,"heightSource":"Catastro:numberOfFloorsAboveGround"},"geometry":{"type":"Polygon","coordinates":[[[603796.52,4110640.16],[603797.07,4110642.39],[603798.18,4110642.12],[603797.63,4110639.89],[603796.52,4110640.16]]]}},{"type":"Feature","properties":{"id":"3608004XG0130H_part6","floors":2,"height":6.2,"heightSource":"Catastro:numberOfFloorsAboveGround"},"geometry":{"type":"Polygon","coordinates":[[[603792.11,4110641.0],[603792.7,4110643.49],[603793.48,4110643.31],[603794.37,4110646.92],[603802.21,4110644.99],[603801.32,4110641.37],[603800.35,4110641.6],[603798.18,4110642.12],[603797.07,4110642.39],[603796.52,4110640.16],[603797.63,4110639.89],[603797.57,4110639.66],[603795.34,4110640.21],[603794.9,4110640.32],[603792.11,4110641.0]]]}},{"type":"Feature","properties":{"id":"3608004XG0130H_part7","floors":2,"height":6.2,"heightSource":"Catastro:numberOfFloorsAboveGround"},"geometry":{"type":"Polygon","coordinates":[[[603792.52,4110635.58],[603793.4,4110639.29],[603794.59,4110639.01],[603795.03,4110638.9],[603795.34,4110640.21],[603797.57,4110639.66],[603796.77,4110636.29],[603796.23,4110636.42],[603794.85,4110636.76],[603794.45,4110635.1],[603792.52,4110635.58]]]}},{"type":"Feature","properties":{"id":"3707026XG0140E_part1","floors":1,"height":3.1,"heightSource":"Catastro:numberOfFloorsAboveGround"},"geometry":{"type":"Polygon","coordinates":[[[603763.85,4110431.51],[603763.96,4110432.66],[603765.29,4110432.55],[603765.52,4110435.14],[603766.55,4110435.05],[603767.05,4110435.01],[603766.73,4110431.25],[603763.85,4110431.51]]]}},{"type":"Feature","properties":{"id":"3707026XG0140E_part2","floors":1,"height":3.1,"heightSource":"Catastro:numberOfFloorsAboveGround"},"geometry":{"type":"Polygon","coordinates":[[[603764.64,4110440.89],[603764.91,4110443.94],[603768.04,4110443.66],[603767.86,4110440.61],[603767.05,4110440.68],[603764.64,4110440.89]]]}},{"type":"Feature","properties":{"id":"3707026XG0140E_part3","floors":1,"height":3.1,"heightSource":"Catastro:numberOfFloorsAboveGround"},"geometry":{"type":"Polygon","coordinates":[[[603769.99,4110448.97],[603769.73,4110446.0],[603768.14,4110446.14],[603768.56,4110450.84],[603770.29,4110452.06],[603771.08,4110452.07],[603771.87,4110451.99],[603771.61,4110448.83],[603769.99,4110448.97]]]}},{"type":"Feature","properties":{"id":"3707026XG0140E_part4","floors":1,"height":3.1,"heightSource":"Catastro:numberOfFloorsAboveGround"},"geometry":{"type":"Polygon","coordinates":[[[603776.19,4110434.96],[603774.11,4110435.15],[603774.46,4110439.02],[603776.54,4110438.83],[603776.89,4110442.55],[603777.74,4110442.47],[603777.94,4110444.6],[603779.93,4110444.41],[603780.61,4110451.74],[603778.55,4110451.93],[603778.72,4110453.83],[603783.77,4110453.37],[603783.67,4110452.15],[603784.27,4110452.09],[603783.46,4110442.89],[603782.77,4110442.95],[603782.67,4110441.88],[603780.51,4110442.07],[603779.46,4110430.13],[603778.86,4110430.18],[603775.77,4110430.45],[603776.19,4110434.96]]]}},{"type":"Feature","properties":{"id":"3707026XG0140E_part5","floors":1,"height":3.1,"heightSource":"Catastro:numberOfFloorsAboveGround"},"geometry":{"type":"Polygon","coordinates":[[[603784.12,4110457.28],[603781.94,4110457.48],[603782.26,4110461.15],[603784.45,4110460.95],[603784.79,4110464.89],[603787.53,4110464.65],[603787.43,4110463.56],[603788.2,4110463.49],[603787.36,4110454.06],[603786.75,4110454.11],[603786.66,4110453.12],[603783.77,4110453.37],[603784.12,4110457.28]]]}},{"type":"Feature","properties":{"id":"3707026XG0140E_part6","floors":1,"height":3.1,"heightSource":"Catastro:numberOfFloorsAboveGround"},"geometry":{"type":"Polygon","coordinates":[[[603803.71,4110465.82],[603803.59,4110464.83],[603800.57,4110465.15],[603801.21,4110471.18],[603804.7,4110470.79],[603804.16,4110466.89],[603806.89,4110466.51],[603806.75,4110465.44],[603803.71,4110465.82]]]}},{"type":"Feature","properties":{"id":"3707026XG0140E_part7","floors":1,"height":3.1,"heightSource":"Catastro:numberOfFloorsAboveGround"},"geometry":{"type":"Polygon","coordinates":[[[603816.47,4110450.87],[603816.89,4110454.37],[603834.71,4110452.23],[603834.26,4110448.79],[603816.47,4110450.87]]]}},{"type":"Feature","properties":{"id":"3707026XG0140E_part8","floors":1,"height":3.1,"heightSource":"Catastro:numberOfFloorsAboveGround"},"geometry":{"type":"Polygon","coordinates":[[[603833.68,4110445.34],[603834.26,4110448.79],[603837.64,4110448.33],[603837.21,4110444.9],[603833.68,4110445.34]]]}},{"type":"Feature","properties":{"id":"3707026XG0140E_part9","floors":1,"height":3.1,"heightSource":"Catastro:numberOfFloorsAboveGround"},"geometry":{"type":"Polygon","coordinates":[[[603838.2,4110458.12],[603838.1,4110457.34],[603834.99,4110457.77],[603835.45,4110461.05],[603834.37,4110461.19],[603834.79,4110464.3],[603836.18,4110464.1],[603836.55,4110466.83],[603839.79,4110466.07],[603838.69,4110459.42],[603841.35,4110459.08],[603841.11,4110457.7],[603838.2,4110458.12]]]}},{"type":"Feature","properties":{"id":"3707026XG0140E_part10","floors":1,"height":3.1,"heightSource":"Catastro:numberOfFloorsAboveGround"},"geometry":{"type":"Polygon","coordinates":[[[603845.68,4110456.18],[603846.13,4110459.4],[603848.41,4110459.08],[603847.97,4110455.89],[603845.68,4110456.18]]]}},{"type":"Feature","properties":{"id":"3707026XG0140E_part11","floors":1,"height":3.1,"heightSource":"Catastro:numberOfFloorsAboveGround"},"geometry":{"type":"Polygon","coordinates":[[[603857.13,4110442.4],[603839.65,4110444.6],[603840.08,4110448.01],[603849.68,4110446.72],[603849.91,4110448.75],[603853.62,4110448.33],[603853.41,4110446.44],[603857.54,4110445.96],[603857.13,4110442.4]]]}},{"type":"Feature","properties":{"id":"3707026XG0140E_part12","floors":1,"height":3.1,"heightSource":"Catastro:numberOfFloorsAboveGround"},"geometry":{"type":"Polygon","coordinates":[[[603860.81,4110441.58],[603859.64,4110441.71],[603860.18,4110446.44],[603861.39,4110446.28],[603861.3,4110445.47],[603863.88,4110445.17],[603863.12,4110438.56],[603861.95,4110438.68],[603862.03,4110439.43],[603860.58,4110439.58],[603860.81,4110441.58]]]}},{"type":"Feature","properties":{"id":"3707026XG0140E_part13","floors":2,"height":6.2,"heightSource":"Catastro:numberOfFloorsAboveGround"},"geometry":{"type":"Polygon","coordinates":[[[603799.27,4110452.89],[603799.64,4110456.44],[603816.89,4110454.37],[603816.47,4110450.87],[603799.27,4110452.89]]]}},{"type":"Feature","properties":{"id":"3707026XG0140E_part14","floors":2,"height":6.2,"heightSource":"Catastro:numberOfFloorsAboveGround"},"geometry":{"type":"Polygon","coordinates":[[[603837.21,4110444.9],[603837.64,4110448.33],[603840.08,4110448.01],[603839.65,4110444.6],[603837.21,4110444.9]]]}},{"type":"Feature","properties":{"id":"3707026XG0140E_part15","floors":2,"height":6.2,"heightSource":"Catastro:numberOfFloorsAboveGround"},"geometry":{"type":"Polygon","coordinates":[[[603867.3,4110431.78],[603867.6,4110434.35],[603864.32,4110434.73],[603864.0,4110432.0],[603859.76,4110432.49],[603860.58,4110439.58],[603862.03,4110439.43],[603861.95,4110438.68],[603863.12,4110438.56],[603863.88,4110445.17],[603865.32,4110445.01],[603865.27,4110444.6],[603868.92,4110444.18],[603868.67,4110441.96],[603872.35,4110441.53],[603872.04,4110438.84],[603873.42,4110438.68],[603873.01,4110435.14],[603871.72,4110435.29],[603871.32,4110431.31],[603867.3,4110431.78]]]}},{"type":"Feature","properties":{"id":"3707026XG0140E_part16","floors":3,"height":9.3,"heightSource":"Catastro:numberOfFloorsAboveGround"},"geometry":{"type":"Polygon","coordinates":[[[603771.4,4110454.83],[603769.2,4110455.0],[603769.23,4110454.1],[603768.73,4110453.48],[603767.89,4110452.88],[603766.31,4110452.91],[603766.55,4110455.14],[603763.56,4110455.36],[603763.53,4110454.94],[603760.0,4110455.194305317],[603760.0,4110465.1068421053],[603763.35,4110464.86],[603763.41,4110465.73],[603767.37,4110465.44],[603767.31,4110464.56],[603771.12,4110464.29],[603770.99,4110462.36],[603772.92,4110462.22],[603772.35,4110454.39],[603775.12,4110454.18],[603775.32,4110456.91],[603774.21,4110456.99],[603774.63,4110462.8],[603775.91,4110462.71],[603775.98,4110465.67],[603779.19,4110465.39],[603784.79,4110464.89],[603784.45,4110460.95],[603782.26,4110461.15],[603781.94,4110457.48],[603784.12,4110457.28],[603783.77,4110453.37],[603778.72,4110453.83],[603778.55,4110451.93],[603780.61,4110451.74],[603779.93,4110444.41],[603777.94,4110444.6],[603777.74,4110442.47],[603776.89,4110442.55],[603776.54,4110438.83],[603774.46,4110439.02],[603774.11,4110435.15],[603776.19,4110434.96],[603775.77,4110430.45],[603766.73,4110431.25],[603767.05,4110435.01],[603766.55,4110435.05],[603767.05,4110440.68],[603767.86,4110440.61],[603768.04,4110443.66],[603770.18,4110443.47],[603770.41,4110446.16],[603771.36,4110446.07],[603771.61,4110448.83],[603771.87,4110451.99],[603771.08,4110452.07],[603771.4,4110454.83]]]}},{"type":"Feature","properties":{"id":"3707026XG0140E_part17","floors":1,"height":3.1,"heightSource":"Catastro:numberOfFloorsAboveGround"},"geometry":{"type":"Polygon","coordinates":[[[603873.43,4110446.64],[603873.92,4110450.49],[603878.61,4110449.97],[603878.19,4110446.16],[603873.43,4110446.64]]]}},{"type":"Feature","properties":{"id":"3707026XG0140E_part18","floors":1,"height":3.1,"heightSource":"Catastro:numberOfFloorsAboveGround"},"geometry":{"type":"Polygon","coordinates":[[[603883.98,4110445.54],[603884.83,4110444.74],[603884.53,4110442.23],[603883.66,4110441.74],[603881.06,4110442.06],[603881.45,4110445.8],[603883.98,4110445.54]]]}},{"type":"Feature","properties":{"id":"3707026XG0140E_part19","floors":3,"height":9.3,"heightSource":"Catastro:numberOfFloorsAboveGround"},"geometry":{"type":"Polygon","coordinates":[[[603799.64,4110456.44],[603800.57,4110465.15],[603803.59,4110464.83],[603803.71,4110465.82],[603806.75,4110465.44],[603809.54,4110465.05],[603809.43,4110464.26],[603815.04,4110463.49],[603815.16,4110464.34],[603821.02,4110463.54],[603821.36,4110466.01],[603825.22,4110465.48],[603824.78,4110462.31],[603826.65,4110462.06],[603826.76,4110462.92],[603832.68,4110462.11],[603832.59,4110461.43],[603834.37,4110461.19],[603835.45,4110461.05],[603834.99,4110457.77],[603838.1,4110457.34],[603838.2,4110458.12],[603841.11,4110457.7],[603844.1,4110457.28],[603843.98,4110456.41],[603845.68,4110456.18],[603847.97,4110455.89],[603849.63,4110455.66],[603849.77,4110456.69],[603855.56,4110455.88],[603855.43,4110454.98],[603858.42,4110454.68],[603866.47,4110453.86],[603866.39,4110453.34],[603874.15,4110452.48],[603873.92,4110450.49],[603873.43,4110446.64],[603878.19,4110446.16],[603881.45,4110445.8],[603881.06,4110442.06],[603880.72,4110438.16],[603883.45,4110437.91],[603882.54,4110429.97],[603871.32,4110431.31],[603871.72,4110435.29],[603873.01,4110435.14],[603873.42,4110438.68],[603872.04,4110438.84],[603872.35,4110441.53],[603868.67,4110441.96],[603868.92,4110444.18],[603865.27,4110444.6],[603865.32,4110445.01],[603863.88,4110445.17],[603861.3,4110445.47],[603861.39,4110446.28],[603860.18,4110446.44],[603857.63,4110446.73],[603857.54,4110445.96],[603853.41,4110446.44],[603853.62,4110448.33],[603849.91,4110448.75],[603849.68,4110446.72],[603840.08,4110448.01],[603837.64,4110448.33],[603834.26,4110448.79],[603834.71,4110452.23],[603816.89,4110454.37],[603799.64,4110456.44]]]}},{"type":"Feature","properties":{"id":"3707027XG0140E_part1","floors":1,"height":3.1,"heightSource":"Catastro:numberOfFloorsAboveGround"},"geometry":{"type":"Polygon","coordinates":[[[603892.981749187,4110401.23607428],[603895.771749187,4110403.24607428],[603895.121749187,4110398.28607428],[603892.981749187,4110401.23607428]]]}},{"type":"Feature","properties":{"id":"3707027XG0140E_part2","floors":1,"height":3.1,"heightSource":"Catastro:numberOfFloorsAboveGround"},"geometry":{"type":"Polygon","coordinates":[[[603892.891749187,4110396.51607428],[603895.121749187,4110398.24607428],[603894.601749187,4110394.33607428],[603892.891749187,4110396.51607428]]]}},{"type":"Feature","properties":{"id":"3707027XG0140E_part3","floors":1,"height":3.1,"heightSource":"Catastro:numberOfFloorsAboveGround"},"geometry":{"type":"Polygon","coordinates":[[[603894.46175,4110407.07605],[603889.34175,4110413.55605],[603888.80175,4110413.11605],[603887.92175,4110414.19605],[603888.92175,4110414.84605],[603890.25175,4110414.79605],[603892.37175,4110414.71605],[603896.55175,4110409.09605],[603895.9437,4110404.505],[603894.09525,4110406.78925],[603894.46175,4110407.07605]]]}},{"type":"Feature","properties":{"id":"3707027XG0140E_part4","floors":2,"height":6.2,"heightSource":"Catastro:numberOfFloorsAboveGround"},"geometry":{"type":"Polygon","coordinates":[[[603895.9437,4110404.505],[603895.89135,4110404.10975],[603895.86175,4110403.88605],[603895.77175,4110403.24605],[603892.98175,4110401.23605],[603895.12175,4110398.28605],[603895.12175,4110398.24605],[603892.89175,4110396.51605],[603894.60175,4110394.33605],[603894.42175,4110392.93605],[603892.65175,4110391.36605],[603886.45175,4110396.83605],[603879.73175,4110405.55605],[603876.78175,4110403.22605],[603872.30175,4110409.24605],[603878.15175,4110414.16605],[603880.66175,4110411.18605],[603884.17175,4110414.14605],[603886.50175,4110415.97605],[603887.92175,4110414.19605],[603888.80175,4110413.11605],[603889.34175,4110413.55605],[603894.46175,4110407.07605],[603894.09525,4110406.78925],[603895.9437,4110404.505]]]}},{"type":"Feature","properties":{"id":"3707027XG0140E_part5","floors":1,"height":3.1,"heightSource":"Catastro:numberOfFloorsAboveGround"},"geometry":{"type":"Polygon","coordinates":[[[603876.94175,4110415.12605],[603879.35175,4110415.07605],[603881.46175,4110415.03605],[603883.53175,4110414.99605],[603884.17175,4110414.14605],[603880.66175,4110411.18605],[603878.15175,4110414.16605],[603872.30175,4110409.24605],[603871.96175,4110409.70605],[603870.15175,4110407.94605],[603863.10175,4110413.41605],[603864.08175,4110415.42605],[603864.3328,4110417.54595],[603877.17085,4110416.7498],[603876.94175,4110415.12605]]]}},{"type":"Feature","properties":{"id":"3707028XG0140E_part1","floors":1,"height":3.1,"heightSource":"Catastro:numberOfFloorsAboveGround"},"geometry":{"type":"Polygon","coordinates":[[[603884.82,4110370.34],[603884.01,4110366.6],[603882.29,4110366.98],[603883.09,4110370.71],[603884.82,4110370.34]]]}},{"type":"Feature","properties":{"id":"3707028XG0140E_part2","floors":1,"height":3.1,"heightSource":"Catastro:numberOfFloorsAboveGround"},"geometry":{"type":"Polygon","coordinates":[[[603891.83,4110364.5],[603891.38,4110362.41],[603894.09,4110361.83],[603893.71,4110360.11],[603889.3,4110361.07],[603890.12,4110364.86],[603891.83,4110364.5]]]}},{"type":"Feature","properties":{"id":"3707028XG0140E_part3","floors":2,"height":6.2,"heightSource":"Catastro:numberOfFloorsAboveGround"},"geometry":{"type":"Polygon","coordinates":[[[603884.16,4110375.65],[603881.32,4110376.26],[603883.5,4110389.97],[603887.15,4110389.2],[603887.64,4110390.87],[603894.03,4110389.49],[603892.1,4110380.54],[603892.56,4110380.44],[603891.49,4110375.51],[603891.95,4110375.41],[603890.61,4110369.2],[603891.04,4110369.11],[603890.12,4110364.86],[603889.3,4110361.07],[603881.38,4110362.78],[603882.29,4110366.98],[603884.01,4110366.6],[603884.82,4110370.34],[603883.09,4110370.71],[603884.16,4110375.65]]]}},{"type":"Feature","properties":{"id":"3707029XG0140E_part1","floors":1,"height":3.1,"heightSource":"Catastro:numberOfFloorsAboveGround"},"geometry":{"type":"Polygon","coordinates":[[[603866.47,4110371.51],[603867.92,4110376.04],[603869.76,4110375.64],[603868.69,4110370.72],[603866.47,4110371.51]]]}},{"type":"Feature","properties":{"id":"3707029XG0140E_part2","floors":3,"height":9.3,"heightSource":"Catastro:numberOfFloorsAboveGround"},"geometry":{"type":"Polygon","coordinates":[[[603869.76,4110375.64],[603867.92,4110376.04],[603869.11,4110380.18],[603876.07,4110378.6],[603876.32,4110378.54],[603874.27,4110369.52],[603868.69,4110370.72],[603869.76,4110375.64]]]}},{"type":"Feature","properties":{"id":"3707029XG0140E_part3","floors":1,"height":3.1,"heightSource":"Catastro:numberOfFloorsAboveGround"},"geometry":{"type":"Polygon","coordinates":[[[603869.11,4110380.18],[603873.4,4110394.13],[603883.45,4110391.87],[603883.97,4110391.75],[603883.5,4110389.97],[603878.83,4110391.0],[603876.57,4110383.99],[603877.28,4110383.82],[603876.07,4110378.6],[603869.11,4110380.18]]]}},{"type":"Feature","properties":{"id":"3707029XG0140E_part4","floors":2,"height":6.2,"heightSource":"Catastro:numberOfFloorsAboveGround"},"geometry":{"type":"Polygon","coordinates":[[[603879.62,4110368.36],[603874.27,4110369.52],[603876.32,4110378.54],[603876.07,4110378.6],[603877.28,4110383.82],[603876.57,4110383.99],[603878.83,4110391.0],[603883.5,4110389.97],[603881.32,4110376.26],[603879.62,4110368.36]]]}},{"type":"Feature","properties":{"id":"3707030XG0140E_part1","floors":1,"height":3.1,"heightSource":"Catastro:numberOfFloorsAboveGround"},"geometry":{"type":"Polygon","coordinates":[[[603844.84,4110383.68],[603843.73,4110378.09],[603838.76,4110379.08],[603839.87,4110384.66],[603844.84,4110383.68]]]}},{"type":"Feature","properties":{"id":"3707030XG0140E_part2","floors":1,"height":3.1,"heightSource":"Catastro:numberOfFloorsAboveGround"},"geometry":{"type":"Polygon","coordinates":[[[603857.13,4110386.7],[603856.74,4110387.9],[603859.67,4110389.41],[603860.14,4110389.29],[603860.43,4110389.21],[603861.12,4110388.84],[603861.7,4110388.32],[603861.93,4110388.01],[603862.29,4110387.31],[603862.46,4110386.55],[603862.3,4110381.39],[603856.97,4110381.55],[603857.13,4110386.7]]]}},{"type":"Feature","properties":{"id":"3707030XG0140E_part3","floors":2,"height":6.2,"heightSource":"Catastro:numberOfFloorsAboveGround"},"geometry":{"type":"Polygon","coordinates":[[[603855.35,4110387.19],[603854.77,4110388.31],[603852.95,4110387.38],[603849.83,4110393.84],[603856.09,4110397.06],[603857.71,4110393.91],[603857.8,4110393.73],[603857.53,4110393.59],[603859.67,4110389.41],[603856.74,4110387.9],[603855.35,4110387.19]]]}},{"type":"Feature","properties":{"id":"3707030XG0140E_part4","floors":1,"height":3.1,"heightSource":"Catastro:numberOfFloorsAboveGround"},"geometry":{"type":"Polygon","coordinates":[[[603862.14,4110376.38],[603856.81,4110376.55],[603856.97,4110381.55],[603862.3,4110381.39],[603862.14,4110376.38]]]}},{"type":"Feature","properties":{"id":"3707030XG0140E_part5","floors":1,"height":3.1,"heightSource":"Catastro:numberOfFloorsAboveGround"},"geometry":{"type":"Polygon","coordinates":[[[603857.53,4110393.59],[603857.8,4110393.73],[603857.71,4110393.91],[603858.32,4110393.91],[603858.91,4110393.78],[603859.47,4110393.53],[603859.95,4110393.16],[603860.35,4110392.69],[603860.63,4110392.15],[603860.79,4110391.56],[603860.82,4110390.96],[603860.72,4110390.35],[603860.48,4110389.79],[603860.14,4110389.29],[603859.67,4110389.41],[603857.53,4110393.59]]]}},{"type":"Feature","properties":{"id":"3707031XG0140E_part1","floors":1,"height":3.1,"heightSource":"Catastro:numberOfFloorsAboveGround"},"geometry":{"type":"Polygon","coordinates":[[[603818.16,4110377.91],[603819.44,4110383.49],[603826.46,4110381.77],[603825.11,4110376.26],[603818.16,4110377.91]]]}},{"type":"Feature","properties":{"id":"3707031XG0140E_part2","floors":1,"height":3.1,"heightSource":"Catastro:numberOfFloorsAboveGround"},"geometry":{"type":"Polygon","coordinates":[[[603828.17,4110418.02],[603827.84,4110415.55],[603826.05,4110415.8],[603826.39,4110418.26],[603828.17,4110418.02]]]}},{"type":"Feature","properties":{"id":"3707031XG0140E_part3","floors":1,"height":3.1,"heightSource":"Catastro:numberOfFloorsAboveGround"},"geometry":{"type":"Polygon","coordinates":[[[603830.55,4110388.83],[603826.43,4110394.4],[603829.65,4110397.2],[603834.08,4110391.53],[603833.84,4110391.34],[603830.55,4110388.83]]]}},{"type":"Feature","properties":{"id":"3707031XG0140E_part4","floors":1,"height":3.1,"heightSource":"Catastro:numberOfFloorsAboveGround"},"geometry":{"type":"Polygon","coordinates":[[[603836.78,4110397.85],[603834.03,4110401.01],[603836.7,4110403.34],[603838.87,4110400.84],[603839.45,4110400.18],[603836.78,4110397.85]]]}},{"type":"Feature","properties":{"id":"3707031XG0140E_part5","floors":2,"height":6.2,"heightSource":"Catastro:numberOfFloorsAboveGround"},"geometry":{"type":"Polygon","coordinates":[[[603829.65,4110397.2],[603834.03,4110401.01],[603836.78,4110397.85],[603839.45,4110400.18],[603840.76,4110398.67],[603840.45,4110396.37],[603839.26,4110395.47],[603834.08,4110391.53],[603829.65,4110397.2]]]}},{"type":"Feature","properties":{"id":"3707031XG0140E_part6","floors":1,"height":3.1,"heightSource":"Catastro:numberOfFloorsAboveGround"},"geometry":{"type":"Polygon","coordinates":[[[603840.97,4110393.22],[603835.55,4110389.09],[603833.84,4110391.34],[603834.08,4110391.53],[603839.26,4110395.47],[603840.97,4110393.22]]]}},{"type":"Feature","properties":{"id":"3707031XG0140E_part7","floors":1,"height":3.1,"heightSource":"Catastro:numberOfFloorsAboveGround"},"geometry":{"type":"Polygon","coordinates":[[[603836.7,4110403.34],[603839.33,4110405.62],[603841.5,4110403.12],[603838.87,4110400.84],[603836.7,4110403.34]]]}},{"type":"Feature","properties":{"id":"3707032XG0140E_part1","floors":1,"height":3.1,"heightSource":"Catastro:numberOfFloorsAboveGround"},"geometry":{"type":"Polygon","coordinates":[[[603805.91,4110406.3],[603817.85,4110403.55],[603816.58,4110398.05],[603804.64,4110400.81],[603804.78,4110401.41],[603805.91,4110406.3]]]}},{"type":"Feature","properties":{"id":"3707032XG0140E_part2","floors":1,"height":3.1,"heightSource":"Catastro:numberOfFloorsAboveGround"},"geometry":{"type":"Polygon","coordinates":[[[603806.44,4110386.04],[603807.23,4110389.33],[603802.32,4110390.51],[603802.53,4110392.0],[603807.57,4110390.79],[603808.32,4110393.95],[603805.23,4110394.79],[603806.15,4110398.6],[603809.16,4110397.88],[603809.42,4110398.96],[603816.33,4110397.3],[603815.26,4110392.83],[603817.15,4110392.38],[603815.05,4110383.63],[603813.12,4110384.09],[603812.1,4110379.41],[603804.85,4110381.14],[603805.1,4110382.18],[603802.37,4110382.83],[603803.32,4110386.79],[603806.44,4110386.04]]]}},{"type":"Feature","properties":{"id":"3707032XG0140E_part3","floors":2,"height":6.2,"heightSource":"Catastro:numberOfFloorsAboveGround"},"geometry":{"type":"Polygon","coordinates":[[[603801.53,4110387.21],[603802.32,4110390.51],[603807.23,4110389.33],[603806.44,4110386.04],[603803.32,4110386.79],[603801.53,4110387.21]]]}},{"type":"Feature","properties":{"id":"3707032XG0140E_part4","floors":2,"height":6.2,"heightSource":"Catastro:numberOfFloorsAboveGround"},"geometry":{"type":"Polygon","coordinates":[[[603808.32,4110393.95],[603807.57,4110390.79],[603802.53,4110392.0],[603803.31,4110395.25],[603805.23,4110394.79],[603808.32,4110393.95]]]}},{"type":"Feature","properties":{"id":"3707035XG0130F_part1","floors":1,"height":3.1,"heightSource":"Catastro:numberOfFloorsAboveGround"},"geometry":{"type":"Polygon","coordinates":[[[603774.62,4110402.8],[603771.65,4110403.52],[603772.25,4110405.95],[603775.21,4110405.23],[603774.62,4110402.8]]]}},{"type":"Feature","properties":{"id":"3707035XG0130F_part2","floors":1,"height":3.1,"heightSource":"Catastro:numberOfFloorsAboveGround"},"geometry":{"type":"Polygon","coordinates":[[[603780.96,4110416.85],[603780.44,4110414.71],[603773.31,4110416.45],[603772.73,4110414.07],[603765.45,4110415.85],[603765.53,4110416.18],[603766.73,4110422.66],[603777.79,4110424.01],[603786.0,4110425.01],[603785.13,4110420.94],[603795.53,4110418.7],[603794.58,4110414.86],[603794.26,4110413.58],[603788.53,4110415.0],[603780.96,4110416.85]]]}},{"type":"Feature","properties":{"id":"3707035XG0130F_part3","floors":1,"height":3.1,"heightSource":"Catastro:numberOfFloorsAboveGround"},"geometry":{"type":"Polygon","coordinates":[[[603782.37,4110403.48],[603779.52,4110404.17],[603780.11,4110406.6],[603782.97,4110405.9],[603782.37,4110403.48]]]}},{"type":"Feature","properties":{"id":"3707035XG0130F_part4","floors":1,"height":3.1,"heightSource":"Catastro:numberOfFloorsAboveGround"},"geometry":{"type":"Polygon","coordinates":[[[603791.69,4110404.31],[603793.59,4110412.94],[603794.08,4110412.83],[603798.38,4110411.89],[603796.48,4110403.26],[603791.69,4110404.31]]]}},{"type":"Feature","properties":{"id":"3707035XG0130F_part5","floors":2,"height":6.2,"heightSource":"Catastro:numberOfFloorsAboveGround"},"geometry":{"type":"Polygon","coordinates":[[[603760.0,4110406.175428571],[603760.0,4110415.070505529],[603765.53,4110416.18],[603765.45,4110415.85],[603763.13,4110405.46],[603760.0,4110406.175428571]]]}},{"type":"Feature","properties":{"id":"3707035XG0130F_part6","floors":2,"height":6.2,"heightSource":"Catastro:numberOfFloorsAboveGround"},"geometry":{"type":"Polygon","coordinates":[[[603774.83,4110388.13],[603767.48,4110389.86],[603767.13,4110388.37],[603760.0,4110390.0368783786],[603760.0,4110391.250041841],[603762.12,4110400.28],[603768.21,4110398.85],[603768.75,4110401.18],[603770.07,4110400.87],[603769.88,4110400.06],[603777.23,4110398.34],[603775.13,4110389.4],[603774.83,4110388.13]]]}},{"type":"Feature","properties":{"id":"3707035XG0130F_part7","floors":2,"height":6.2,"heightSource":"Catastro:numberOfFloorsAboveGround"},"geometry":{"type":"Polygon","coordinates":[[[603788.88,4110388.08],[603788.46,4110386.21],[603781.02,4110387.99],[603783.38,4110398.28],[603788.86,4110397.02],[603789.12,4110398.14],[603790.97,4110397.72],[603791.14,4110398.46],[603798.59,4110396.75],[603796.21,4110386.4],[603788.88,4110388.08]]]}},{"type":"Feature","properties":{"id":"3707035XG0130F_part8","floors":3,"height":9.3,"heightSource":"Catastro:numberOfFloorsAboveGround"},"geometry":{"type":"Polygon","coordinates":[[[603763.13,4110405.46],[603765.45,4110415.85],[603772.73,4110414.07],[603773.31,4110416.45],[603780.44,4110414.71],[603780.96,4110416.85],[603788.53,4110415.0],[603786.12,4110405.13],[603782.97,4110405.9],[603780.11,4110406.6],[603779.52,4110404.17],[603775.21,4110405.23],[603772.25,4110405.95],[603771.65,4110403.52],[603763.13,4110405.46]]]}},{"type":"Feature","properties":{"id":"3804025XG0130D_part1","floors":1,"height":3.1,"heightSource":"Catastro:numberOfFloorsAboveGround"},"geometry":{"type":"Polygon","coordinates":[[[603769.99,4110366.73],[603771.5,4110366.54],[603771.18,4110362.16],[603765.46,4110362.57],[603765.58,4110364.28],[603761.57,4110364.68],[603762.31,4110376.33],[603770.54,4110375.8],[603770.24,4110371.38],[603769.99,4110366.73]]]}},{"type":"Feature","properties":{"id":"3804026XG0130D_part1","floors":1,"height":3.1,"heightSource":"Catastro:numberOfFloorsAboveGround"},"geometry":{"type":"Polygon","coordinates":[[[603784.99,4110373.64],[603784.78,4110371.03],[603787.17,4110370.83],[603787.39,4110373.55],[603794.32,4110372.98],[603794.13,4110370.77],[603797.1,4110370.51],[603796.58,4110364.59],[603790.61,4110365.11],[603790.63,4110365.42],[603789.5,4110365.62],[603789.16,4110362.6],[603788.81,4110359.39],[603784.74,4110359.86],[603784.39,4110356.84],[603782.24,4110357.08],[603782.3,4110357.62],[603780.42,4110357.82],[603780.77,4110361.19],[603780.06,4110361.26],[603780.26,4110363.36],[603784.0,4110363.0],[603784.28,4110366.04],[603784.36,4110366.78],[603781.51,4110367.05],[603781.64,4110368.49],[603780.75,4110368.56],[603781.17,4110373.94],[603784.99,4110373.64]]]}},{"type":"Feature","properties":{"id":"3804027XG0130D_part1","floors":1,"height":3.1,"heightSource":"Catastro:numberOfFloorsAboveGround"},"geometry":{"type":"Polygon","coordinates":[[[603810.27,4110355.96],[603809.53,4110356.05],[603809.31,4110356.07],[603809.81,4110359.98],[603811.42,4110359.77],[603811.92,4110363.63],[603812.3,4110366.54],[603817.42,4110365.87],[603816.88,4110361.81],[603820.33,4110361.34],[603820.0,4110358.79],[603818.09,4110359.0],[603817.6,4110359.06],[603816.95,4110353.78],[603816.84,4110352.81],[603817.33,4110352.75],[603816.92,4110349.36],[603809.54,4110350.31],[603810.27,4110355.96]]]}},{"type":"Feature","properties":{"id":"3804027XG0130D_part2","floors":2,"height":6.2,"heightSource":"Catastro:numberOfFloorsAboveGround"},"geometry":{"type":"Polygon","coordinates":[[[603816.84,4110352.81],[603816.95,4110353.78],[603817.6,4110359.06],[603818.09,4110359.0],[603820.0,4110358.79],[603820.33,4110361.34],[603824.46,4110360.8],[603823.7,4110355.13],[603824.77,4110354.98],[603824.32,4110351.84],[603820.03,4110352.4],[603817.33,4110352.75],[603816.84,4110352.81]]]}},{"type":"Feature","properties":{"id":"3804027XG0130D_part3","floors":1,"height":3.1,"heightSource":"Catastro:numberOfFloorsAboveGround"},"geometry":{"type":"Polygon","coordinates":[[[603819.62,4110349.01],[603819.23,4110346.0],[603809.15,4110347.3],[603809.54,4110350.31],[603816.92,4110349.36],[603817.33,4110352.75],[603820.03,4110352.4],[603819.62,4110349.01]]]}},{"type":"Feature","properties":{"id":"3804028XG0130D_part1","floors":1,"height":3.1,"heightSource":"Catastro:numberOfFloorsAboveGround"},"geometry":{"type":"Polygon","coordinates":[[[603844.91,4110351.43],[603845.26,4110354.51],[603842.89,4110354.77],[603843.53,4110360.6],[603844.06,4110360.54],[603844.13,4110361.2],[603846.08,4110360.99],[603845.98,4110360.29],[603847.17,4110360.18],[603847.0,4110358.51],[603848.9,4110358.31],[603849.13,4110360.38],[603853.23,4110359.95],[603852.98,4110357.66],[603852.11,4110357.77],[603851.94,4110356.27],[603854.94,4110355.92],[603854.48,4110351.78],[603852.09,4110352.06],[603851.87,4110350.0],[603851.15,4110350.07],[603850.01,4110339.99],[603848.37,4110340.18],[603847.89,4110335.95],[603842.78,4110336.46],[603842.48,4110333.93],[603839.77,4110334.2],[603837.47,4110334.43],[603837.43,4110333.98],[603833.88,4110334.37],[603833.97,4110335.22],[603832.52,4110335.37],[603827.61,4110335.88],[603828.04,4110339.68],[603831.31,4110339.34],[603831.86,4110344.79],[603830.47,4110344.95],[603830.89,4110348.56],[603830.31,4110348.65],[603830.92,4110354.15],[603836.72,4110353.53],[603836.62,4110352.64],[603841.47,4110352.14],[603841.44,4110352.11],[603841.41,4110352.07],[603841.38,4110352.04],[603841.36,4110352.0],[603841.33,4110351.96],[603841.31,4110351.92],[603841.29,4110351.88],[603841.27,4110351.84],[603841.25,4110351.8],[603841.24,4110351.75],[603841.23,4110351.71],[603841.01,4110349.8],[603837.29,4110350.2],[603836.88,4110346.67],[603835.69,4110346.79],[603834.82,4110339.27],[603839.25,4110338.8],[603839.54,4110341.52],[603840.04,4110341.47],[603840.59,4110346.28],[603843.54,4110345.95],[603844.14,4110351.2],[603844.15,4110351.28],[603844.13,4110351.42],[603844.12,4110351.5],[603844.91,4110351.43]]]}},{"type":"Feature","properties":{"id":"3804028XG0130D_part2","floors":1,"height":3.1,"heightSource":"Catastro:numberOfFloorsAboveGround"},"geometry":{"type":"Polygon","coordinates":[[[603863.19,4110321.78],[603863.45,4110324.71],[603866.1,4110324.4],[603865.77,4110321.5],[603863.19,4110321.78]]]}},{"type":"Feature","properties":{"id":"3804028XG0130D_part3","floors":2,"height":6.2,"heightSource":"Catastro:numberOfFloorsAboveGround"},"geometry":{"type":"Polygon","coordinates":[[[603836.88,4110346.67],[603837.29,4110350.2],[603841.01,4110349.8],[603841.23,4110351.71],[603841.24,4110351.75],[603841.25,4110351.8],[603841.27,4110351.84],[603841.29,4110351.88],[603841.31,4110351.92],[603841.33,4110351.96],[603841.36,4110352.0],[603841.38,4110352.04],[603841.41,4110352.07],[603841.44,4110352.11],[603841.47,4110352.14],[603841.69,4110352.36],[603841.95,4110352.53],[603842.23,4110352.64],[603842.54,4110352.69],[603842.84,4110352.68],[603843.14,4110352.61],[603843.42,4110352.48],[603843.67,4110352.29],[603843.87,4110352.06],[603844.02,4110351.79],[603844.12,4110351.5],[603844.13,4110351.42],[603844.15,4110351.28],[603844.14,4110351.2],[603843.54,4110345.95],[603840.59,4110346.28],[603836.88,4110346.67]]]}},{"type":"Feature","properties":{"id":"3804029XG0130D_part1","floors":2,"height":6.2,"heightSource":"Catastro:numberOfFloorsAboveGround"},"geometry":{"type":"Polygon","coordinates":[[[603869.23,4110344.89],[603869.7,4110349.29],[603870.67,4110349.18],[603871.04,4110352.57],[603870.06,4110352.67],[603870.49,4110356.83],[603874.0,4110356.1],[603873.84,4110354.73],[603873.4,4110348.78],[603872.42,4110348.87],[603872.05,4110344.59],[603869.23,4110344.89]]]}},{"type":"Feature","properties":{"id":"3804029XG0130D_part2","floors":2,"height":6.2,"heightSource":"Catastro:numberOfFloorsAboveGround"},"geometry":{"type":"Polygon","coordinates":[[[603874.14,4110354.73],[603879.29,4110354.11],[603879.23,4110353.42],[603883.08,4110353.05],[603886.98,4110352.68],[603886.82,4110351.17],[603886.46,4110347.66],[603886.01,4110343.17],[603881.39,4110343.64],[603881.4,4110343.75],[603876.93,4110344.15],[603872.05,4110344.59],[603872.42,4110348.87],[603873.4,4110348.78],[603873.84,4110354.73],[603874.14,4110354.73]]]}},{"type":"Feature","properties":{"id":"3804030XG0130D_part1","floors":1,"height":3.1,"heightSource":"Catastro:numberOfFloorsAboveGround"},"geometry":{"type":"Polygon","coordinates":[[[603867.04,4110332.92],[603867.86,4110343.34],[603868.16,4110343.29],[603872.24,4110342.88],[603872.33,4110342.87],[603872.2,4110341.15],[603875.19,4110340.91],[603875.23,4110341.41],[603881.21,4110340.92],[603881.17,4110340.42],[603885.41,4110340.08],[603884.85,4110332.98],[603880.61,4110333.32],[603880.5,4110331.83],[603867.04,4110332.92]]]}},{"type":"Feature","properties":{"id":"3804030XG0130D_part2","floors":1,"height":3.1,"heightSource":"Catastro:numberOfFloorsAboveGround"},"geometry":{"type":"Polygon","coordinates":[[[603880.47,4110331.25],[603880.5,4110331.83],[603880.61,4110333.32],[603884.85,4110332.98],[603885.41,4110340.08],[603885.45,4110340.58],[603888.02,4110340.37],[603888.41,4110340.19],[603889.14,4110339.85],[603888.58,4110332.68],[603888.41,4110332.69],[603886.71,4110332.83],[603886.54,4110330.74],[603880.47,4110331.25]]]}},{"type":"Feature","properties":{"id":"3804031XG0130D_part1","floors":2,"height":6.2,"heightSource":"Catastro:numberOfFloorsAboveGround"},"geometry":{"type":"Polygon","coordinates":[[[603877.89,4110321.56],[603877.94,4110322.27],[603874.5,4110322.51],[603874.76,4110326.47],[603883.08,4110325.92],[603882.61,4110321.19],[603877.89,4110321.56]]]}},{"type":"Feature","properties":{"id":"3804031XG0130D_part2","floors":1,"height":3.1,"heightSource":"Catastro:numberOfFloorsAboveGround"},"geometry":{"type":"Polygon","coordinates":[[[603874.45,4110321.88],[603870.58,4110322.18],[603870.73,4110324.22],[603869.28,4110324.32],[603869.65,4110329.81],[603873.56,4110329.54],[603873.61,4110330.29],[603875.42,4110330.16],[603875.44,4110330.54],[603879.84,4110330.3],[603879.72,4110328.27],[603883.46,4110328.04],[603883.49,4110328.64],[603886.62,4110328.33],[603886.82,4110328.34],[603886.24,4110320.91],[603882.61,4110321.19],[603883.08,4110325.92],[603874.76,4110326.47],[603874.5,4110322.51],[603874.45,4110321.88]]]}},{"type":"Feature","properties":{"id":"3804032XG0130D_part1","floors":1,"height":3.1,"heightSource":"Catastro:numberOfFloorsAboveGround"},"geometry":{"type":"Polygon","coordinates":[[[603853.8,4110302.46],[603848.64,4110302.98],[603843.63,4110303.49],[603843.89,4110306.42],[603854.1,4110305.43],[603853.8,4110302.46]]]}},{"type":"Feature","properties":{"id":"3804032XG0130D_part2","floors":1,"height":3.1,"heightSource":"Catastro:numberOfFloorsAboveGround"},"geometry":{"type":"Polygon","coordinates":[[[603863.6,4110301.49],[603864.1,4110306.35],[603868.87,4110305.88],[603868.66,4110303.17],[603868.49,4110300.98],[603863.6,4110301.49]]]}},{"type":"Feature","properties":{"id":"3804032XG0130D_part3","floors":1,"height":3.1,"heightSource":"Catastro:numberOfFloorsAboveGround"},"geometry":{"type":"Polygon","coordinates":[[[603874.35,4110310.69],[603864.82,4110311.62],[603865.28,4110316.29],[603866.42,4110316.26],[603868.54,4110316.02],[603871.39,4110315.73],[603874.81,4110315.36],[603874.35,4110310.69]]]}},{"type":"Feature","properties":{"id":"3804032XG0130D_part4","floors":1,"height":3.1,"heightSource":"Catastro:numberOfFloorsAboveGround"},"geometry":{"type":"Polygon","coordinates":[[[603873.71,4110300.45],[603868.49,4110300.98],[603868.66,4110303.17],[603873.93,4110302.58],[603873.71,4110300.45]]]}},{"type":"Feature","properties":{"id":"3804032XG0130D_part5","floors":1,"height":3.1,"heightSource":"Catastro:numberOfFloorsAboveGround"},"geometry":{"type":"Polygon","coordinates":[[[603883.74,4110303.33],[603879.88,4110303.74],[603879.97,4110304.61],[603880.18,4110306.43],[603884.03,4110306.13],[603883.74,4110303.33]]]}},{"type":"Feature","properties":{"id":"3804032XG0130D_part6","floors":2,"height":6.2,"heightSource":"Catastro:numberOfFloorsAboveGround"},"geometry":{"type":"Polygon","coordinates":[[[603849.64,4110313.12],[603844.53,4110313.59],[603845.0,4110318.67],[603851.54,4110318.07],[603851.07,4110312.99],[603849.64,4110313.12]]]}},{"type":"Feature","properties":{"id":"3804032XG0130D_part7","floors":2,"height":6.2,"heightSource":"Catastro:numberOfFloorsAboveGround"},"geometry":{"type":"Polygon","coordinates":[[[603843.89,4110306.42],[603844.05,4110308.21],[603844.53,4110313.59],[603849.64,4110313.12],[603851.07,4110312.99],[603854.67,4110312.66],[603855.11,4110317.51],[603856.99,4110317.33],[603857.11,4110318.58],[603860.59,4110318.24],[603860.47,4110317.07],[603865.31,4110316.57],[603865.28,4110316.29],[603864.82,4110311.62],[603874.35,4110310.69],[603874.81,4110315.36],[603875.18,4110315.32],[603882.02,4110314.76],[603884.01,4110314.61],[603884.93,4110314.54],[603884.48,4110310.25],[603884.03,4110306.13],[603880.18,4110306.43],[603879.97,4110304.61],[603874.2,4110305.2],[603873.93,4110302.58],[603868.66,4110303.17],[603868.87,4110305.88],[603864.1,4110306.35],[603854.3,4110307.35],[603854.1,4110305.43],[603843.89,4110306.42]]]}},{"type":"Feature","properties":{"id":"3804035XG0130D_part1","floors":1,"height":3.1,"heightSource":"Catastro:numberOfFloorsAboveGround"},"geometry":{"type":"Polygon","coordinates":[[[603776.52,4110334.1],[603777.1,4110342.98],[603778.09,4110342.91],[603778.31,4110346.21],[603779.31,4110346.14],[603779.64,4110351.23],[603788.42,4110350.66],[603788.09,4110345.57],[603789.09,4110345.51],[603788.85,4110341.91],[603784.86,4110342.17],[603784.66,4110339.08],[603782.66,4110339.21],[603782.59,4110338.01],[603781.59,4110338.08],[603781.31,4110333.79],[603776.52,4110334.1]]]}},{"type":"Feature","properties":{"id":"3804035XG0130D_part2","floors":1,"height":3.1,"heightSource":"Catastro:numberOfFloorsAboveGround"},"geometry":{"type":"Polygon","coordinates":[[[603781.31,4110333.79],[603781.59,4110338.08],[603782.59,4110338.01],[603782.31,4110333.72],[603781.31,4110333.79]]]}},{"type":"Feature","properties":{"id":"3804035XG0130D_part3","floors":1,"height":3.1,"heightSource":"Catastro:numberOfFloorsAboveGround"},"geometry":{"type":"Polygon","coordinates":[[[603784.66,4110339.08],[603784.86,4110342.17],[603788.85,4110341.91],[603788.65,4110338.82],[603784.66,4110339.08]]]}},{"type":"Feature","properties":{"id":"3804035XG0130D_part4","floors":2,"height":6.2,"heightSource":"Catastro:numberOfFloorsAboveGround"},"geometry":{"type":"Polygon","coordinates":[[[603784.58,4110337.88],[603782.59,4110338.01],[603782.66,4110339.21],[603784.66,4110339.08],[603784.58,4110337.88]]]}},{"type":"Feature","properties":{"id":"3804035XG0130D_part5","floors":2,"height":6.2,"heightSource":"Catastro:numberOfFloorsAboveGround"},"geometry":{"type":"Polygon","coordinates":[[[603788.29,4110333.33],[603782.31,4110333.72],[603782.59,4110338.01],[603784.58,4110337.88],[603784.66,4110339.08],[603788.65,4110338.82],[603788.29,4110333.33]]]}},{"type":"Feature","properties":{"id":"3804036XG0130D_part1","floors":1,"height":3.1,"heightSource":"Catastro:numberOfFloorsAboveGround"},"geometry":{"type":"Polygon","coordinates":[[[603780.124,4110312.31],[603780.224,4110313.81],[603779.714,4110313.84],[603779.854,4110315.98],[603781.424,4110315.88],[603781.184,4110312.23],[603780.124,4110312.31]]]}},{"type":"Feature","properties":{"id":"3804036XG0130D_part2","floors":1,"height":3.1,"heightSource":"Catastro:numberOfFloorsAboveGround"},"geometry":{"type":"Polygon","coordinates":[[[603780.914,4110323.24],[603780.994,4110324.47],[603780.374,4110324.51],[603780.604,4110328.08],[603782.214,4110327.93],[603781.904,4110323.18],[603780.914,4110323.24]]]}},{"type":"Feature","properties":{"id":"3804036XG0130D_part3","floors":2,"height":6.2,"heightSource":"Catastro:numberOfFloorsAboveGround"},"geometry":{"type":"Polygon","coordinates":[[[603792.984,4110312.33],[603786.594,4110312.75],[603786.544,4110311.86],[603781.184,4110312.23],[603781.424,4110315.88],[603781.904,4110323.18],[603782.214,4110327.93],[603787.294,4110327.6],[603787.184,4110325.99],[603793.824,4110325.55],[603793.494,4110320.6],[603790.184,4110320.82],[603789.924,4110316.83],[603793.274,4110316.61],[603792.984,4110312.33]]]}},{"type":"Feature","properties":{"id":"3804036XG0130D_part4","floors":1,"height":3.1,"heightSource":"Catastro:numberOfFloorsAboveGround"},"geometry":{"type":"Polygon","coordinates":[[[603789.924,4110316.83],[603790.184,4110320.82],[603793.494,4110320.6],[603793.274,4110316.61],[603789.924,4110316.83]]]}},{"type":"Feature","properties":{"id":"3804037XG0130D_part1","floors":2,"height":6.2,"heightSource":"Catastro:numberOfFloorsAboveGround"},"geometry":{"type":"Polygon","coordinates":[[[603783.58,4110288.76],[603779.31,4110291.38],[603782.47,4110296.46],[603785.2,4110294.8],[603783.67,4110292.24],[603786.34,4110290.73],[603784.7085,4110288.0675],[603783.58,4110288.76]]]}},{"type":"Feature","properties":{"id":"3804037XG0130D_part2","floors":1,"height":3.1,"heightSource":"Catastro:numberOfFloorsAboveGround"},"geometry":{"type":"Polygon","coordinates":[[[603783.67,4110292.24],[603785.2,4110294.8],[603787.84,4110293.2],[603786.34,4110290.73],[603783.67,4110292.24]]]}},{"type":"Feature","properties":{"id":"3804037XG0130D_part3","floors":2,"height":6.2,"heightSource":"Catastro:numberOfFloorsAboveGround"},"geometry":{"type":"Polygon","coordinates":[[[603784.7085,4110288.0675],[603786.34,4110290.73],[603787.84,4110289.88],[603786.1775,4110287.166],[603784.7085,4110288.0675]]]}},{"type":"Feature","properties":{"id":"3804037XG0130D_part4","floors":1,"height":3.1,"heightSource":"Catastro:numberOfFloorsAboveGround"},"geometry":{"type":"Polygon","coordinates":[[[603786.1775,4110287.166],[603787.84,4110289.88],[603789.31,4110292.31],[603792.38,4110290.45],[603789.17,4110285.33],[603786.1775,4110287.166]]]}},{"type":"Feature","properties":{"id":"3804037XG0130D_part5","floors":1,"height":3.1,"heightSource":"Catastro:numberOfFloorsAboveGround"},"geometry":{"type":"Polygon","coordinates":[[[603786.34,4110290.73],[603787.84,4110293.2],[603789.31,4110292.31],[603787.84,4110289.88],[603786.34,4110290.73]]]}},{"type":"Feature","properties":{"id":"3804038XG0130D_part1","floors":1,"height":3.1,"heightSource":"Catastro:numberOfFloorsAboveGround"},"geometry":{"type":"Polygon","coordinates":[[[603787.48,4110282.62],[603786.0,4110280.26],[603783.47,4110281.75],[603780.42,4110283.56],[603783.58,4110288.76],[603789.17,4110285.33],[603787.48,4110282.62]]]}},{"type":"Feature","properties":{"id":"3804038XG0130D_part2","floors":2,"height":6.2,"heightSource":"Catastro:numberOfFloorsAboveGround"},"geometry":{"type":"Polygon","coordinates":[[[603776.07,4110286.15],[603779.31,4110291.38],[603783.58,4110288.76],[603780.42,4110283.56],[603776.07,4110286.15]]]}},{"type":"Feature","properties":{"id":"3804040XG0130D_part1","floors":1,"height":3.1,"heightSource":"Catastro:numberOfFloorsAboveGround"},"geometry":{"type":"Polygon","coordinates":[[[603800.81,4110268.57],[603803.15,4110272.46],[603806.91,4110270.18],[603807.56,4110269.78],[603810.22,4110268.2],[603810.74,4110269.06],[603812.61,4110267.92],[603813.21,4110268.9],[603815.22,4110267.66],[603815.39,4110267.56],[603813.86,4110265.07],[603810.85,4110266.98],[603809.55,4110264.92],[603808.0,4110265.89],[603807.34,4110264.82],[603800.81,4110268.57]]]}},{"type":"Feature","properties":{"id":"3804040XG0130D_part2","floors":1,"height":3.1,"heightSource":"Catastro:numberOfFloorsAboveGround"},"geometry":{"type":"Polygon","coordinates":[[[603817.45,4110266.22],[603815.94,4110263.78],[603813.86,4110265.07],[603815.39,4110267.56],[603816.45,4110266.99],[603817.56,4110266.4],[603817.45,4110266.22]]]}},{"type":"Feature","properties":{"id":"3804040XG0130D_part3","floors":1,"height":3.1,"heightSource":"Catastro:numberOfFloorsAboveGround"},"geometry":{"type":"Polygon","coordinates":[[[603816.45,4110266.99],[603818.12,4110269.79],[603820.95,4110268.2],[603824.0,4110266.48],[603823.57,4110265.84],[603822.09,4110263.58],[603818.74,4110265.66],[603817.56,4110266.4],[603816.45,4110266.99]]]}},{"type":"Feature","properties":{"id":"3804040XG0130D_part4","floors":1,"height":3.1,"heightSource":"Catastro:numberOfFloorsAboveGround"},"geometry":{"type":"Polygon","coordinates":[[[603825.55,4110257.73],[603823.37,4110254.54],[603821.63,4110255.59],[603823.64,4110258.92],[603825.55,4110257.73]]]}},{"type":"Feature","properties":{"id":"3804040XG0130D_part6","floors":1,"height":3.1,"heightSource":"Catastro:numberOfFloorsAboveGround"},"geometry":{"type":"Polygon","coordinates":[[[603762.38,4110239.3],[603761.53,4110239.83],[603763.18,4110242.39],[603765.73,4110240.84],[603764.15,4110238.19],[603762.38,4110239.3]]]}},{"type":"Feature","properties":{"id":"3804040XG0130D_part7","floors":1,"height":3.1,"heightSource":"Catastro:numberOfFloorsAboveGround"},"geometry":{"type":"Polygon","coordinates":[[[603762.7,4110245.64],[603764.9,4110249.22],[603766.63,4110248.18],[603764.46,4110244.5],[603762.7,4110245.64]]]}},{"type":"Feature","properties":{"id":"3804040XG0130D_part8","floors":1,"height":3.1,"heightSource":"Catastro:numberOfFloorsAboveGround"},"geometry":{"type":"Polygon","coordinates":[[[603783.18,4110234.31],[603779.86,4110236.21],[603780.9,4110237.94],[603781.76,4110239.38],[603783.35,4110242.03],[603785.39,4110245.44],[603786.14,4110246.7],[603787.52,4110248.99],[603790.62,4110253.72],[603790.81,4110254.04],[603792.67,4110257.17],[603794.87,4110260.86],[603797.66,4110265.75],[603799.71,4110269.18],[603799.73,4110269.22],[603800.81,4110268.57],[603807.34,4110264.82],[603807.17,4110264.4],[603808.82,4110263.35],[603806.87,4110260.13],[603805.42,4110257.6],[603807.98,4110255.99],[603806.6,4110253.62],[603804.36,4110249.88],[603802.48,4110246.73],[603799.8,4110248.21],[603798.44,4110246.0],[603796.75,4110243.23],[603799.47,4110241.62],[603797.28,4110238.19],[603794.64,4110239.75],[603791.41,4110241.69],[603790.24,4110239.83],[603787.48,4110235.28],[603785.91,4110232.67],[603783.18,4110234.31]]]}},{"type":"Feature","properties":{"id":"3804040XG0130D_part9","floors":2,"height":6.2,"heightSource":"Catastro:numberOfFloorsAboveGround"},"geometry":{"type":"Polygon","coordinates":[[[603766.49,4110236.72],[603764.37,4110233.23],[603762.38,4110229.95],[603760.0,4110231.376111111],[603760.0,4110240.792847966],[603761.3,4110239.98],[603761.53,4110239.83],[603762.38,4110239.3],[603764.15,4110238.19],[603766.49,4110236.72]]]}},{"type":"Feature","properties":{"id":"3804040XG0130D_part10","floors":2,"height":6.2,"heightSource":"Catastro:numberOfFloorsAboveGround"},"geometry":{"type":"Polygon","coordinates":[[[603764.9,4110249.22],[603762.7,4110245.64],[603761.87,4110246.17],[603760.54,4110244.02],[603763.18,4110242.39],[603761.53,4110239.83],[603761.3,4110239.98],[603760.0,4110240.792847966],[603760.0,4110252.2158885943],[603764.9,4110249.22]]]}},{"type":"Feature","properties":{"id":"3804040XG0130D_part11","floors":1,"height":3.1,"heightSource":"Catastro:numberOfFloorsAboveGround"},"geometry":{"type":"Polygon","coordinates":[[[603760.54,4110244.02],[603761.87,4110246.17],[603762.7,4110245.64],[603764.46,4110244.5],[603763.18,4110242.39],[603760.54,4110244.02]]]}},{"type":"Feature","properties":{"id":"3804040XG0130D_part12","floors":1,"height":3.1,"heightSource":"Catastro:numberOfFloorsAboveGround"},"geometry":{"type":"Polygon","coordinates":[[[603766.92,4110242.92],[603764.46,4110244.5],[603766.63,4110248.18],[603769.27,4110246.59],[603766.92,4110242.92]]]}},{"type":"Feature","properties":{"id":"3804040XG0130D_part13","floors":2,"height":6.2,"heightSource":"Catastro:numberOfFloorsAboveGround"},"geometry":{"type":"Polygon","coordinates":[[[603807.17,4110264.4],[603807.34,4110264.82],[603808.0,4110265.89],[603809.55,4110264.92],[603810.85,4110266.98],[603813.86,4110265.07],[603812.51,4110262.97],[603811.68,4110261.6],[603811.46,4110261.75],[603808.82,4110263.35],[603807.17,4110264.4]]]}},{"type":"Feature","properties":{"id":"3804040XG0130D_part14","floors":2,"height":6.2,"heightSource":"Catastro:numberOfFloorsAboveGround"},"geometry":{"type":"Polygon","coordinates":[[[603820.87,4110256.05],[603818.92,4110257.22],[603811.68,4110261.6],[603812.51,4110262.97],[603813.86,4110265.07],[603815.94,4110263.78],[603817.45,4110266.22],[603817.56,4110266.4],[603818.74,4110265.66],[603822.09,4110263.58],[603824.54,4110262.07],[603822.88,4110259.39],[603823.64,4110258.92],[603821.63,4110255.59],[603820.87,4110256.05]]]}},{"type":"Feature","properties":{"id":"3804040XG0130D_part15","floors":1,"height":3.1,"heightSource":"Catastro:numberOfFloorsAboveGround"},"geometry":{"type":"Polygon","coordinates":[[[603783.02,4110230.15],[603778.1,4110233.33],[603779.86,4110236.21],[603783.18,4110234.31],[603785.91,4110232.67],[603783.02,4110230.15]]]}},{"type":"Feature","properties":{"id":"3804040XG0130D_part16","floors":1,"height":3.1,"heightSource":"Catastro:numberOfFloorsAboveGround"},"geometry":{"type":"Polygon","coordinates":[[[603803.15,4110272.46],[603804.83,4110275.22],[603808.58,4110272.94],[603806.91,4110270.18],[603803.15,4110272.46]]]}},{"type":"Feature","properties":{"id":"3804062XG0130D_part18","floors":1,"height":3.1,"heightSource":"Catastro:numberOfFloorsAboveGround"},"geometry":{"type":"Polygon","coordinates":[[[603764.5506,4110204.6735],[603767.932,4110207.58725],[603768.3516,4110207.4063],[603769.3639513603,4110200.0],[603765.1266659457,4110200.0],[603764.5506,4110204.6735]]]}},{"type":"Feature","properties":{"id":"3804062XG0130D_part38","floors":2,"height":6.2,"heightSource":"Catastro:numberOfFloorsAboveGround"},"geometry":{"type":"MultiPolygon","coordinates":[[[[603764.5506,4110204.6735],[603765.1266659457,4110200.0],[603760.0,4110200.0],[603760.0,4110200.752271454],[603764.5506,4110204.6735]]],[[[603801.3524,4110201.57675],[603803.4120041162,4110200.0],[603800.1320541786,4110200.0],[603801.3524,4110201.57675]]]]}},{"type":"Feature","properties":{"id":"3804063XG0130D_part1","floors":2,"height":6.2,"heightSource":"Catastro:numberOfFloorsAboveGround"},"geometry":{"type":"Polygon","coordinates":[[[603876.85,4110263.52],[603877.15,4110263.45],[603877.44,4110263.35],[603877.72,4110263.2],[603878.19,4110262.79],[603878.52,4110262.27],[603878.7,4110261.67],[603878.72,4110261.36],[603878.49,4110259.46],[603878.17,4110256.72],[603877.74,4110253.05],[603870.74,4110253.75],[603870.58,4110252.38],[603866.58,4110252.85],[603866.85,4110254.96],[603863.93,4110255.18],[603863.95,4110255.4],[603864.52,4110260.82],[603865.66,4110260.66],[603866.18,4110264.7],[603870.03,4110264.32],[603870.37,4110267.39],[603872.1,4110267.23],[603877.18,4110266.77],[603876.85,4110263.52]]]}},{"type":"Feature","properties":{"id":"3804064XG0130D_part1","floors":1,"height":3.1,"heightSource":"Catastro:numberOfFloorsAboveGround"},"geometry":{"type":"Polygon","coordinates":[[[603866.46,4110267.74],[603860.78,4110268.25],[603862.23,4110284.09],[603862.26,4110284.43],[603864.35,4110284.25],[603864.85,4110289.97],[603870.65,4110289.39],[603870.57,4110288.49],[603876.03,4110288.01],[603875.97,4110287.34],[603880.43,4110286.95],[603878.64,4110266.68],[603878.37,4110266.7],[603877.18,4110266.77],[603872.1,4110267.23],[603870.37,4110267.39],[603866.46,4110267.74]],[[603865.42,4110286.1],[603863.81,4110271.41],[603876.2,4110270.05],[603877.81,4110284.74],[603865.42,4110286.1]]]}},{"type":"Feature","properties":{"id":"3804064XG0130D_part2","floors":2,"height":6.2,"heightSource":"Catastro:numberOfFloorsAboveGround"},"geometry":{"type":"Polygon","coordinates":[[[603876.2,4110270.05],[603863.81,4110271.41],[603865.42,4110286.1],[603877.81,4110284.74],[603876.2,4110270.05]]]}},{"type":"Feature","properties":{"id":"3804065XG0130D_part1","floors":1,"height":3.1,"heightSource":"Catastro:numberOfFloorsAboveGround"},"geometry":{"type":"Polygon","coordinates":[[[603843.85,4110269.71],[603835.05,4110270.68],[603835.65,4110275.45],[603838.79,4110275.06],[603840.45,4110274.9],[603840.28,4110273.24],[603848.34,4110272.41],[603848.62,4110274.96],[603849.85,4110274.82],[603850.08,4110276.84],[603851.24,4110276.7],[603851.71,4110280.61],[603852.61,4110280.56],[603851.15,4110269.08],[603843.85,4110269.71]]]}},{"type":"Feature","properties":{"id":"3804065XG0130D_part2","floors":1,"height":3.1,"heightSource":"Catastro:numberOfFloorsAboveGround"},"geometry":{"type":"Polygon","coordinates":[[[603835.15,4110279.92],[603836.35,4110289.55],[603836.47,4110290.47],[603838.2,4110290.25],[603837.88,4110287.48],[603837.33,4110282.72],[603838.18,4110282.62],[603837.83,4110279.67],[603835.15,4110279.92]]]}},{"type":"Feature","properties":{"id":"3804065XG0130D_part3","floors":3,"height":9.3,"heightSource":"Catastro:numberOfFloorsAboveGround"},"geometry":{"type":"Polygon","coordinates":[[[603837.33,4110282.72],[603837.88,4110287.48],[603842.92,4110286.89],[603842.8,4110285.82],[603842.36,4110282.12],[603838.18,4110282.62],[603837.33,4110282.72]]]}},{"type":"Feature","properties":{"id":"3804065XG0130D_part4","floors":2,"height":6.2,"heightSource":"Catastro:numberOfFloorsAboveGround"},"geometry":{"type":"Polygon","coordinates":[[[603839.33,4110279.49],[603837.83,4110279.67],[603838.18,4110282.62],[603842.36,4110282.12],[603842.8,4110285.82],[603848.88,4110285.11],[603848.4,4110281.0],[603851.71,4110280.61],[603851.24,4110276.7],[603850.08,4110276.84],[603849.85,4110274.82],[603848.62,4110274.96],[603848.34,4110272.41],[603840.28,4110273.24],[603840.45,4110274.9],[603838.79,4110275.06],[603839.33,4110279.49]]]}},{"type":"Feature","properties":{"id":"3804065XG0130D_part5","floors":2,"height":6.2,"heightSource":"Catastro:numberOfFloorsAboveGround"},"geometry":{"type":"Polygon","coordinates":[[[603837.88,4110287.48],[603838.2,4110290.25],[603843.25,4110289.67],[603842.92,4110286.89],[603837.88,4110287.48]]]}},{"type":"Feature","properties":{"id":"3804066XG0130D_part1","floors":1,"height":3.1,"heightSource":"Catastro:numberOfFloorsAboveGround"},"geometry":{"type":"Polygon","coordinates":[[[603834.69,4110247.01],[603834.44,4110250.87],[603834.89,4110250.9],[603834.69,4110253.99],[603836.79,4110254.13],[603836.73,4110255.04],[603840.26,4110255.29],[603840.53,4110251.42],[603838.67,4110251.37],[603839.01,4110247.28],[603834.69,4110247.01]]]}},{"type":"Feature","properties":{"id":"3804066XG0130D_part2","floors":2,"height":6.2,"heightSource":"Catastro:numberOfFloorsAboveGround"},"geometry":{"type":"Polygon","coordinates":[[[603838.67,4110251.37],[603840.53,4110251.42],[603843.56,4110251.63],[603843.31,4110255.3],[603841.86,4110255.2],[603841.47,4110260.66],[603845.5,4110260.95],[603848.18,4110261.15],[603848.28,4110259.77],[603849.18,4110248.59],[603848.91,4110248.57],[603844.43,4110248.21],[603844.58,4110245.46],[603841.03,4110245.27],[603840.98,4110246.18],[603839.08,4110246.07],[603839.01,4110247.28],[603838.67,4110251.37]]]}},{"type":"Feature","properties":{"id":"3804066XG0130D_part3","floors":1,"height":3.1,"heightSource":"Catastro:numberOfFloorsAboveGround"},"geometry":{"type":"Polygon","coordinates":[[[603841.39,4110262.2],[603845.51,4110262.52],[603845.5,4110260.95],[603841.47,4110260.66],[603841.39,4110262.2]]]}},{"type":"Feature","properties":{"id":"3804066XG0130D_part4","floors":1,"height":3.1,"heightSource":"Catastro:numberOfFloorsAboveGround"},"geometry":{"type":"Polygon","coordinates":[[[603848.28,4110259.77],[603851.13,4110259.97],[603851.91,4110248.82],[603849.18,4110248.59],[603848.28,4110259.77]]]}},{"type":"Feature","properties":{"id":"3804068XG0130D_part1","floors":1,"height":3.1,"heightSource":"Catastro:numberOfFloorsAboveGround"},"geometry":{"type":"Polygon","coordinates":[[[603821.77,4110279.64],[603820.38,4110277.42],[603818.75,4110274.82],[603817.1,4110275.84],[603816.05,4110274.14],[603813.34,4110275.8],[603814.91,4110278.26],[603813.48,4110279.13],[603814.77,4110281.26],[603817.51,4110279.38],[603818.64,4110281.02],[603819.71,4110280.28],[603820.04,4110280.76],[603820.38,4110280.51],[603821.77,4110279.64]]]}},{"type":"Feature","properties":{"id":"3804068XG0130D_part2","floors":2,"height":6.2,"heightSource":"Catastro:numberOfFloorsAboveGround"},"geometry":{"type":"Polygon","coordinates":[[[603812.92,4110275.13],[603804.03,4110280.72],[603809.36,4110289.3],[603814.19,4110286.15],[603813.46,4110284.97],[603816.07,4110283.39],[603814.77,4110281.26],[603813.48,4110279.13],[603814.91,4110278.26],[603813.34,4110275.8],[603812.92,4110275.13]]]}},{"type":"Feature","properties":{"id":"3804068XG0130D_part3","floors":1,"height":3.1,"heightSource":"Catastro:numberOfFloorsAboveGround"},"geometry":{"type":"Polygon","coordinates":[[[603809.36,4110289.3],[603810.86,4110291.7],[603815.75,4110288.65],[603814.97,4110287.4],[603814.19,4110286.15],[603809.36,4110289.3]]]}},{"type":"Feature","properties":{"id":"3804068XG0130D_part4","floors":1,"height":3.1,"heightSource":"Catastro:numberOfFloorsAboveGround"},"geometry":{"type":"Polygon","coordinates":[[[603816.07,4110283.39],[603813.46,4110284.97],[603814.19,4110286.15],[603814.97,4110287.4],[603821.96,4110283.05],[603820.38,4110280.51],[603820.04,4110280.76],[603819.71,4110280.28],[603818.64,4110281.02],[603817.51,4110279.38],[603814.77,4110281.26],[603816.07,4110283.39]]]}},{"type":"Feature","properties":{"id":"3804095XG0130D_part1","floors":2,"height":6.2,"heightSource":"Catastro:numberOfFloorsAboveGround"},"geometry":{"type":"Polygon","coordinates":[[[603769.12,4110271.87],[603765.61,4110273.96],[603765.43,4110274.0695],[603770.29,4110282.11],[603774.21,4110279.75],[603769.3705,4110271.7205],[603769.12,4110271.87]]]}},{"type":"Feature","properties":{"id":"3804095XG0130D_part2","floors":2,"height":6.2,"heightSource":"Catastro:numberOfFloorsAboveGround"},"geometry":{"type":"Polygon","coordinates":[[[603772.13,4110270.06],[603772.11,4110270.08],[603769.64,4110271.56],[603769.3705,4110271.7205],[603774.21,4110279.75],[603777.19,4110277.95],[603772.3475,4110269.926],[603772.13,4110270.06]]]}},{"type":"Feature","properties":{"id":"3804095XG0130D_part3","floors":1,"height":3.1,"heightSource":"Catastro:numberOfFloorsAboveGround"},"geometry":{"type":"Polygon","coordinates":[[[603774.66,4110268.5],[603772.3475,4110269.926],[603777.19,4110277.95],[603779.71,4110276.43],[603774.85,4110268.38],[603774.66,4110268.5]]]}},{"type":"Feature","properties":{"id":"3804098XG0130D_part1","floors":1,"height":3.1,"heightSource":"Catastro:numberOfFloorsAboveGround"},"geometry":{"type":"Polygon","coordinates":[[[603762.25,4110268.99],[603760.0,4110270.300606061],[603760.0,4110271.93485342],[603762.35,4110275.9],[603763.68,4110275.11],[603765.37,4110274.1],[603765.13,4110273.69],[603762.39,4110268.91],[603762.25,4110268.99]]]}},{"type":"Feature","properties":{"id":"3804098XG0130D_part2","floors":1,"height":3.1,"heightSource":"Catastro:numberOfFloorsAboveGround"},"geometry":{"type":"Polygon","coordinates":[[[603772.01,4110263.4],[603771.67,4110263.59],[603766.08,4110266.79],[603769.12,4110271.87],[603769.64,4110271.56],[603772.11,4110270.08],[603772.13,4110270.06],[603774.66,4110268.5],[603774.85,4110268.38],[603772.01,4110263.4]]]}},{"type":"Feature","properties":{"id":"3804098XG0130D_part3","floors":2,"height":6.2,"heightSource":"Catastro:numberOfFloorsAboveGround"},"geometry":{"type":"Polygon","coordinates":[[[603762.39,4110268.91],[603765.13,4110273.69],[603765.37,4110274.1],[603765.38,4110274.1],[603765.61,4110273.96],[603769.12,4110271.87],[603766.08,4110266.79],[603762.39,4110268.91]]]}},{"type":"Feature","properties":{"id":"3807201XG0130H_part13","floors":1,"height":3.1,"heightSource":"Catastro:numberOfFloorsAboveGround"},"geometry":{"type":"Polygon","coordinates":[[[603763.72,4110560.86],[603760.0,4110554.985022026],[603760.0,4110563.221391304],[603763.72,4110560.86]]]}},{"type":"Feature","properties":{"id":"3807201XG0130H_part17","floors":2,"height":6.2,"heightSource":"Catastro:numberOfFloorsAboveGround"},"geometry":{"type":"Polygon","coordinates":[[[603767.24,4110566.4],[603763.72,4110560.86],[603760.0,4110563.221391304],[603760.0,4110570.581046397],[603767.24,4110566.4]]]}},{"type":"Feature","properties":{"id":"3808401XG0130H_part17","floors":2,"height":6.2,"heightSource":"Catastro:numberOfFloorsAboveGround"},"geometry":{"type":"MultiPolygon","coordinates":[[[[603760.0,4110669.502444795],[603760.0,4110672.5084210522],[603760.88,4110672.3],[603760.18,4110669.46],[603760.0,4110669.502444795]]],[[[603760.06,4110676.4],[603760.29,4110676.1],[603760.44,4110675.77],[603760.52,4110675.41],[603760.5,4110675.05],[603760.42,4110674.7],[603760.26,4110674.37],[603760.02,4110674.09],[603760.0,4110674.073571428],[603760.0,4110676.453076923],[603760.06,4110676.4]]]]}},{"type":"Feature","properties":{"id":"3808401XG0130H_part18","floors":2,"height":6.2,"heightSource":"Catastro:numberOfFloorsAboveGround"},"geometry":{"type":"Polygon","coordinates":[[[603763.6,4110684.67],[603762.44,4110684.88],[603762.2,4110683.88],[603761.6,4110683.47],[603761.73,4110683.2],[603761.79,4110682.91],[603761.79,4110682.61],[603761.73,4110682.32],[603761.58,4110682.05],[603761.4,4110681.82],[603761.17,4110681.64],[603760.9,4110681.51],[603760.6,4110681.45],[603760.3,4110681.45],[603760.02,4110681.52],[603760.0,4110681.530769231],[603760.0,4110688.481573927],[603764.2,4110687.49],[603763.6,4110684.67]]]}},{"type":"Feature","properties":{"id":"3808401XG0130H_part19","floors":2,"height":6.2,"heightSource":"Catastro:numberOfFloorsAboveGround"},"geometry":{"type":"Polygon","coordinates":[[[603760.0,4110688.481573927],[603760.0,4110695.7276602085],[603761.94,4110695.32],[603762.08,4110694.68],[603762.35,4110694.85],[603762.64,4110694.95],[603762.94,4110694.99],[603763.26,4110694.97],[603763.56,4110694.88],[603763.82,4110694.72],[603764.06,4110694.52],[603764.24,4110694.26],[603764.38,4110693.98],[603764.44,4110693.67],[603764.42,4110693.36],[603764.36,4110693.06],[603764.23,4110692.77],[603764.04,4110692.53],[603763.8,4110692.33],[603764.14,4110691.88],[603763.88,4110690.67],[603764.86,4110690.46],[603764.2,4110687.49],[603760.0,4110688.481573927]]]}},{"type":"Feature","properties":{"id":"3808401XG0130H_part20","floors":2,"height":6.2,"heightSource":"Catastro:numberOfFloorsAboveGround"},"geometry":{"type":"Polygon","coordinates":[[[603767.67,4110702.84],[603766.6,4110703.08],[603766.36,4110702.09],[603766.18,4110701.94],[603765.77,4110701.6],[603765.92,4110701.31],[603766.0,4110701.01],[603766.02,4110700.69],[603765.96,4110700.37],[603765.82,4110700.09],[603765.62,4110699.84],[603765.36,4110699.64],[603765.08,4110699.51],[603764.76,4110699.44],[603764.44,4110699.46],[603764.14,4110699.54],[603763.5,4110700.06],[603762.85,4110699.7],[603760.0,4110700.404791345],[603760.0,4110707.4545346065],[603768.27,4110705.54],[603767.67,4110702.84]]]}},{"type":"Feature","properties":{"id":"3808401XG0130H_part21","floors":2,"height":6.2,"heightSource":"Catastro:numberOfFloorsAboveGround"},"geometry":{"type":"Polygon","coordinates":[[[603760.0,4110707.4545346065],[603760.0,4110710.0],[603767.8763636365,4110710.0],[603768.08,4110709.65],[603767.82,4110708.59],[603768.9,4110708.32],[603768.27,4110705.54],[603760.0,4110707.4545346065]]]}},{"type":"Feature","properties":{"id":"3808601XG0130H_part1","floors":2,"height":6.2,"heightSource":"Catastro:numberOfFloorsAboveGround"},"geometry":{"type":"Polygon","coordinates":[[[603787.4805,4110697.765],[603787.407,4110697.4745],[603783.529,4110698.456],[603785.136,4110704.8055],[603790.129,4110703.542],[603790.3015,4110704.2245],[603798.348,4110702.188],[603798.175,4110701.5055],[603796.6415,4110695.4465],[603787.4805,4110697.765]]]}},{"type":"Feature","properties":{"id":"3808601XG0130H_part2","floors":1,"height":3.1,"heightSource":"Catastro:numberOfFloorsAboveGround"},"geometry":{"type":"Polygon","coordinates":[[[603790.3015,4110704.2245],[603790.6205,4110705.485],[603798.667,4110703.4485],[603798.348,4110702.188],[603790.3015,4110704.2245]]]}},{"type":"Feature","properties":{"id":"3808602XG0130H_part1","floors":1,"height":3.1,"heightSource":"Catastro:numberOfFloorsAboveGround"},"geometry":{"type":"Polygon","coordinates":[[[603791.06,4110682.26],[603786.37,4110683.37],[603786.84,4110685.45],[603788.0,4110686.24],[603791.77,4110685.37],[603791.06,4110682.26]]]}},{"type":"Feature","properties":{"id":"3808602XG0130H_part2","floors":2,"height":6.2,"heightSource":"Catastro:numberOfFloorsAboveGround"},"geometry":{"type":"Polygon","coordinates":[[[603780.27,4110684.83],[603782.15,4110692.68],[603785.31,4110691.91],[603784.3,4110687.81],[603787.11,4110687.11],[603788.12,4110691.22],[603790.0,4110690.75],[603789.81,4110689.96],[603794.0,4110688.98],[603793.12,4110685.06],[603791.77,4110685.37],[603788.0,4110686.24],[603786.84,4110685.45],[603786.37,4110683.37],[603780.27,4110684.83]]]}},{"type":"Feature","properties":{"id":"3808602XG0130H_part3","floors":3,"height":9.3,"heightSource":"Catastro:numberOfFloorsAboveGround"},"geometry":{"type":"Polygon","coordinates":[[[603787.11,4110687.11],[603784.3,4110687.81],[603785.31,4110691.91],[603788.12,4110691.22],[603787.11,4110687.11]]]}},{"type":"Feature","properties":{"id":"3808603XG0130H_part1","floors":1,"height":3.1,"heightSource":"Catastro:numberOfFloorsAboveGround"},"geometry":{"type":"Polygon","coordinates":[[[603787.91,4110668.54],[603786.7,4110668.82],[603787.32,4110671.45],[603788.53,4110671.17],[603787.91,4110668.54]]]}},{"type":"Feature","properties":{"id":"3808603XG0130H_part2","floors":1,"height":3.1,"heightSource":"Catastro:numberOfFloorsAboveGround"},"geometry":{"type":"Polygon","coordinates":[[[603779.43,4110674.84],[603778.16,4110675.15],[603779.04,4110678.84],[603780.31,4110678.55],[603779.43,4110674.84]]]}},{"type":"Feature","properties":{"id":"3808603XG0130H_part3","floors":1,"height":3.1,"heightSource":"Catastro:numberOfFloorsAboveGround"},"geometry":{"type":"Polygon","coordinates":[[[603783.92,4110669.47],[603784.54,4110672.1],[603787.32,4110671.45],[603786.7,4110668.82],[603783.92,4110669.47]]]}},{"type":"Feature","properties":{"id":"3808603XG0130H_part4","floors":2,"height":6.2,"heightSource":"Catastro:numberOfFloorsAboveGround"},"geometry":{"type":"Polygon","coordinates":[[[603777.21,4110671.06],[603778.16,4110675.15],[603779.43,4110674.84],[603780.31,4110678.55],[603781.58,4110678.25],[603780.78,4110674.91],[603783.67,4110674.22],[603784.45,4110677.57],[603788.53,4110676.61],[603787.32,4110671.45],[603784.54,4110672.1],[603783.92,4110669.47],[603777.21,4110671.06]]]}},{"type":"Feature","properties":{"id":"3808603XG0130H_part5","floors":3,"height":9.3,"heightSource":"Catastro:numberOfFloorsAboveGround"},"geometry":{"type":"Polygon","coordinates":[[[603783.67,4110674.22],[603780.78,4110674.91],[603781.58,4110678.25],[603784.45,4110677.57],[603783.67,4110674.22]]]}},{"type":"Feature","properties":{"id":"3808603XG0130H_part6","floors":2,"height":6.2,"heightSource":"Catastro:numberOfFloorsAboveGround"},"geometry":{"type":"Polygon","coordinates":[[[603787.32,4110671.45],[603788.53,4110676.61],[603789.75,4110676.32],[603788.53,4110671.17],[603787.32,4110671.45]]]}},{"type":"Feature","properties":{"id":"3808604XG0130H_part1","floors":1,"height":3.1,"heightSource":"Catastro:numberOfFloorsAboveGround"},"geometry":{"type":"Polygon","coordinates":[[[603784.9,4110654.96],[603783.69,4110655.23],[603784.28,4110657.86],[603785.49,4110657.59],[603784.9,4110654.96]]]}},{"type":"Feature","properties":{"id":"3808604XG0130H_part2","floors":1,"height":3.1,"heightSource":"Catastro:numberOfFloorsAboveGround"},"geometry":{"type":"Polygon","coordinates":[[[603776.36,4110661.16],[603775.08,4110661.45],[603775.91,4110665.16],[603777.19,4110664.88],[603776.36,4110661.16]]]}},{"type":"Feature","properties":{"id":"3808604XG0130H_part3","floors":1,"height":3.1,"heightSource":"Catastro:numberOfFloorsAboveGround"},"geometry":{"type":"Polygon","coordinates":[[[603780.91,4110655.85],[603781.5,4110658.48],[603784.28,4110657.86],[603783.69,4110655.23],[603780.91,4110655.85]]]}},{"type":"Feature","properties":{"id":"3808604XG0130H_part4","floors":2,"height":6.2,"heightSource":"Catastro:numberOfFloorsAboveGround"},"geometry":{"type":"Polygon","coordinates":[[[603774.18,4110657.35],[603775.08,4110661.45],[603776.36,4110661.16],[603777.19,4110664.88],[603778.22,4110664.65],[603777.4,4110661.22],[603780.58,4110660.46],[603781.39,4110663.94],[603785.43,4110663.03],[603784.28,4110657.86],[603781.5,4110658.48],[603780.91,4110655.85],[603774.18,4110657.35]]]}},{"type":"Feature","properties":{"id":"3808604XG0130H_part5","floors":3,"height":9.3,"heightSource":"Catastro:numberOfFloorsAboveGround"},"geometry":{"type":"Polygon","coordinates":[[[603780.58,4110660.46],[603777.4,4110661.22],[603778.22,4110664.65],[603781.39,4110663.94],[603780.58,4110660.46]]]}},{"type":"Feature","properties":{"id":"3808604XG0130H_part6","floors":2,"height":6.2,"heightSource":"Catastro:numberOfFloorsAboveGround"},"geometry":{"type":"Polygon","coordinates":[[[603784.28,4110657.86],[603785.43,4110663.03],[603786.65,4110662.76],[603785.49,4110657.59],[603784.28,4110657.86]]]}},{"type":"Feature","properties":{"id":"3808605XG0130H_part1","floors":1,"height":3.1,"heightSource":"Catastro:numberOfFloorsAboveGround"},"geometry":{"type":"Polygon","coordinates":[[[603773.51,4110640.88],[603775.79,4110651.0],[603777.69,4110650.58],[603775.37,4110640.46],[603773.51,4110640.88]]]}},{"type":"Feature","properties":{"id":"3808605XG0130H_part2","floors":1,"height":3.1,"heightSource":"Catastro:numberOfFloorsAboveGround"},"geometry":{"type":"Polygon","coordinates":[[[603784.72,4110638.04],[603780.85,4110639.04],[603781.16,4110640.39],[603785.09,4110639.48],[603784.72,4110638.04]]]}},{"type":"Feature","properties":{"id":"3808605XG0130H_part3","floors":1,"height":3.1,"heightSource":"Catastro:numberOfFloorsAboveGround"},"geometry":{"type":"Polygon","coordinates":[[[603782.84,4110647.99],[603783.14,4110649.32],[603787.14,4110648.34],[603786.85,4110647.07],[603782.84,4110647.99]]]}},{"type":"Feature","properties":{"id":"3808605XG0130H_part4","floors":2,"height":6.2,"heightSource":"Catastro:numberOfFloorsAboveGround"},"geometry":{"type":"Polygon","coordinates":[[[603775.37,4110640.46],[603777.69,4110650.58],[603783.14,4110649.32],[603782.84,4110647.99],[603786.85,4110647.07],[603785.09,4110639.48],[603781.16,4110640.39],[603780.85,4110639.04],[603775.37,4110640.46]]]}},{"type":"Feature","properties":{"id":"3808606XG0130H_part1","floors":1,"height":3.1,"heightSource":"Catastro:numberOfFloorsAboveGround"},"geometry":{"type":"Polygon","coordinates":[[[603767.76,4110623.54],[603768.54,4110626.96],[603769.94,4110626.64],[603769.18,4110623.22],[603767.76,4110623.54]]]}},{"type":"Feature","properties":{"id":"3808606XG0130H_part2","floors":1,"height":3.1,"heightSource":"Catastro:numberOfFloorsAboveGround"},"geometry":{"type":"Polygon","coordinates":[[[603771.06,4110631.51],[603769.64,4110631.83],[603770.42,4110635.25],[603771.82,4110634.93],[603771.06,4110631.51]]]}},{"type":"Feature","properties":{"id":"3808606XG0130H_part3","floors":2,"height":6.2,"heightSource":"Catastro:numberOfFloorsAboveGround"},"geometry":{"type":"Polygon","coordinates":[[[603769.94,4110626.64],[603768.54,4110626.96],[603769.64,4110631.83],[603771.06,4110631.51],[603771.82,4110634.93],[603781.04,4110632.84],[603780.38,4110629.92],[603783.46,4110629.22],[603782.12,4110623.37],[603779.06,4110624.06],[603778.4,4110621.14],[603769.18,4110623.22],[603769.94,4110626.64]]]}},{"type":"Feature","properties":{"id":"4008002XG0140G_part1","floors":1,"height":3.1,"heightSource":"Catastro:numberOfFloorsAboveGround"},"geometry":{"type":"Polygon","coordinates":[[[603777.23,4110561.13],[603780.8,4110566.68],[603781.67,4110566.12],[603782.62,4110567.59],[603784.82,4110566.18],[603782.86,4110563.38],[603783.24,4110563.1],[603780.54,4110559.27],[603778.79,4110560.51],[603778.56,4110560.19],[603777.23,4110561.13]]]}},{"type":"Feature","properties":{"id":"4008002XG0140G_part2","floors":1,"height":3.1,"heightSource":"Catastro:numberOfFloorsAboveGround"},"geometry":{"type":"Polygon","coordinates":[[[603779.83,4110553.74],[603780.9,4110555.25],[603782.67,4110554.0],[603781.61,4110552.49],[603779.83,4110553.74]]]}},{"type":"Feature","properties":{"id":"4008002XG0140G_part3","floors":1,"height":3.1,"heightSource":"Catastro:numberOfFloorsAboveGround"},"geometry":{"type":"Polygon","coordinates":[[[603788.78,4110553.41],[603788.2,4110553.02],[603787.23,4110552.62],[603786.21,4110552.42],[603785.51,4110552.42],[603785.17,4110552.46],[603783.11,4110553.69],[603784.49,4110555.65],[603785.14,4110555.2],[603788.0,4110559.26],[603788.9,4110558.63],[603790.27,4110560.45],[603790.73,4110560.26],[603792.0,4110560.51],[603790.42,4110558.27],[603791.6,4110557.44],[603789.7,4110554.73],[603788.78,4110553.41]]]}},{"type":"Feature","properties":{"id":"4008002XG0140G_part4","floors":2,"height":6.2,"heightSource":"Catastro:numberOfFloorsAboveGround"},"geometry":{"type":"Polygon","coordinates":[[[603778.72,4110552.16],[603775.35,4110554.53],[603777.88,4110558.13],[603777.37,4110558.49],[603778.56,4110560.19],[603778.79,4110560.51],[603780.54,4110559.27],[603783.24,4110563.1],[603782.86,4110563.38],[603784.82,4110566.18],[603782.62,4110567.59],[603780.96,4110568.65],[603783.14,4110572.03],[603783.74,4110571.62],[603788.85,4110568.22],[603791.26,4110566.62],[603790.56,4110565.59],[603789.52,4110565.38],[603788.35,4110563.43],[603788.76,4110561.39],[603790.27,4110560.45],[603788.9,4110558.63],[603788.0,4110559.26],[603785.14,4110555.2],[603784.49,4110555.65],[603783.11,4110553.69],[603782.67,4110554.0],[603780.9,4110555.25],[603779.83,4110553.74],[603778.72,4110552.16]]]}},{"type":"Feature","properties":{"id":"4008002XG0140G_part5","floors":3,"height":9.3,"heightSource":"Catastro:numberOfFloorsAboveGround"},"geometry":{"type":"Polygon","coordinates":[[[603788.76,4110561.39],[603788.35,4110563.43],[603789.52,4110565.38],[603790.56,4110565.59],[603791.5,4110565.73],[603793.26,4110564.61],[603793.71,4110562.56],[603792.42,4110560.6],[603792.0,4110560.51],[603790.73,4110560.26],[603790.27,4110560.45],[603788.76,4110561.39]]]}},{"type":"Feature","properties":{"id":"4008002XG0140G_part6","floors":1,"height":3.1,"heightSource":"Catastro:numberOfFloorsAboveGround"},"geometry":{"type":"Polygon","coordinates":[[[603793.12,4110552.33],[603791.48,4110549.99],[603789.35,4110548.65],[603786.65,4110548.06],[603784.98,4110548.17],[603783.55,4110548.76],[603782.08,4110550.18],[603781.59,4110551.08],[603781.61,4110552.49],[603782.67,4110554.0],[603783.11,4110553.69],[603785.17,4110552.46],[603785.51,4110552.42],[603786.21,4110552.42],[603787.23,4110552.62],[603788.2,4110553.02],[603788.78,4110553.41],[603789.7,4110554.73],[603793.12,4110552.33]]]}},{"type":"Feature","properties":{"id":"4008002XG0140G_part7","floors":1,"height":3.1,"heightSource":"Catastro:numberOfFloorsAboveGround"},"geometry":{"type":"Polygon","coordinates":[[[603783.74,4110571.62],[603785.64,4110574.46],[603790.74,4110571.07],[603788.85,4110568.22],[603783.74,4110571.62]]]}},{"type":"Feature","properties":{"id":"4008002XG0140G_part8","floors":1,"height":3.1,"heightSource":"Catastro:numberOfFloorsAboveGround"},"geometry":{"type":"Polygon","coordinates":[[[603790.42,4110558.27],[603792.0,4110560.51],[603792.42,4110560.6],[603793.71,4110562.56],[603794.92,4110561.6],[603791.96,4110557.19],[603791.6,4110557.44],[603790.42,4110558.27]]]}},{"type":"Feature","properties":{"id":"4008010XG0140G_part1","floors":1,"height":3.1,"heightSource":"Catastro:numberOfFloorsAboveGround"},"geometry":{"type":"Polygon","coordinates":[[[603835.08,4110627.13],[603832.24,4110627.76],[603832.58,4110629.27],[603835.44,4110628.61],[603835.08,4110627.13]]]}},{"type":"Feature","properties":{"id":"4008010XG0140G_part2","floors":1,"height":3.1,"heightSource":"Catastro:numberOfFloorsAboveGround"},"geometry":{"type":"Polygon","coordinates":[[[603833.3,4110632.69],[603833.52,4110633.68],[603836.41,4110633.12],[603836.18,4110632.07],[603833.3,4110632.69]]]}},{"type":"Feature","properties":{"id":"4008010XG0140G_part3","floors":1,"height":3.1,"heightSource":"Catastro:numberOfFloorsAboveGround"},"geometry":{"type":"Polygon","coordinates":[[[603838.05,4110640.7],[603835.29,4110641.33],[603835.58,4110642.72],[603838.36,4110642.12],[603838.05,4110640.7]]]}},{"type":"Feature","properties":{"id":"4008010XG0140G_part4","floors":1,"height":3.1,"heightSource":"Catastro:numberOfFloorsAboveGround"},"geometry":{"type":"Polygon","coordinates":[[[603836.3,4110645.8],[603836.59,4110647.15],[603839.3,4110646.54],[603839.02,4110645.21],[603836.3,4110645.8]]]}},{"type":"Feature","properties":{"id":"4008010XG0140G_part5","floors":1,"height":3.1,"heightSource":"Catastro:numberOfFloorsAboveGround"},"geometry":{"type":"Polygon","coordinates":[[[603840.93,4110654.1],[603838.26,4110654.69],[603838.6,4110656.22],[603841.26,4110655.64],[603840.93,4110654.1]]]}},{"type":"Feature","properties":{"id":"4008010XG0140G_part6","floors":1,"height":3.1,"heightSource":"Catastro:numberOfFloorsAboveGround"},"geometry":{"type":"Polygon","coordinates":[[[603839.3,4110659.23],[603839.58,4110660.57],[603842.21,4110660.02],[603841.92,4110658.66],[603839.3,4110659.23]]]}},{"type":"Feature","properties":{"id":"4008010XG0140G_part7","floors":1,"height":3.1,"heightSource":"Catastro:numberOfFloorsAboveGround"},"geometry":{"type":"Polygon","coordinates":[[[603852.68,4110666.61],[603849.1,4110667.52],[603849.74,4110670.28],[603851.18,4110669.95],[603850.97,4110669.04],[603853.14,4110668.5],[603852.68,4110666.61]]]}},{"type":"Feature","properties":{"id":"4008010XG0140G_part8","floors":1,"height":3.1,"heightSource":"Catastro:numberOfFloorsAboveGround"},"geometry":{"type":"Polygon","coordinates":[[[603850.77,4110683.0],[603851.74,4110687.56],[603865.68,4110684.25],[603864.66,4110679.83],[603862.9,4110680.24],[603863.35,4110682.11],[603853.14,4110684.53],[603852.71,4110682.55],[603850.77,4110683.0]]]}},{"type":"Feature","properties":{"id":"4008010XG0140G_part9","floors":1,"height":3.1,"heightSource":"Catastro:numberOfFloorsAboveGround"},"geometry":{"type":"Polygon","coordinates":[[[603859.51,4110665.0],[603858.16,4110665.32],[603858.85,4110668.2],[603860.2,4110667.89],[603859.51,4110665.0]]]}},{"type":"Feature","properties":{"id":"4008010XG0140G_part10","floors":1,"height":3.1,"heightSource":"Catastro:numberOfFloorsAboveGround"},"geometry":{"type":"Polygon","coordinates":[[[603868.09,4110678.47],[603868.75,4110681.01],[603869.9,4110680.73],[603869.29,4110678.18],[603868.09,4110678.47]]]}},{"type":"Feature","properties":{"id":"4008010XG0140G_part11","floors":1,"height":3.1,"heightSource":"Catastro:numberOfFloorsAboveGround"},"geometry":{"type":"Polygon","coordinates":[[[603874.2,4110677.01],[603872.63,4110677.38],[603873.28,4110680.08],[603874.84,4110679.72],[603874.2,4110677.01]]]}},{"type":"Feature","properties":{"id":"4008010XG0140G_part12","floors":1,"height":3.1,"heightSource":"Catastro:numberOfFloorsAboveGround"},"geometry":{"type":"Polygon","coordinates":[[[603881.38,4110675.3],[603881.99,4110677.95],[603883.46,4110677.6],[603882.85,4110674.94],[603881.38,4110675.3]]]}},{"type":"Feature","properties":{"id":"4008010XG0140G_part13","floors":1,"height":3.1,"heightSource":"Catastro:numberOfFloorsAboveGround"},"geometry":{"type":"Polygon","coordinates":[[[603887.63,4110672.59],[603886.16,4110672.92],[603886.81,4110675.85],[603888.33,4110675.49],[603887.63,4110672.59]]]}},{"type":"Feature","properties":{"id":"4008010XG0140G_part14","floors":1,"height":3.1,"heightSource":"Catastro:numberOfFloorsAboveGround"},"geometry":{"type":"Polygon","coordinates":[[[603895.05,4110670.91],[603895.68,4110673.75],[603896.91,4110673.47],[603896.26,4110670.64],[603895.05,4110670.91]]]}},{"type":"Feature","properties":{"id":"4008010XG0140G_part15","floors":1,"height":3.1,"heightSource":"Catastro:numberOfFloorsAboveGround"},"geometry":{"type":"Polygon","coordinates":[[[603901.04,4110669.55],[603899.59,4110669.88],[603900.23,4110672.73],[603901.7,4110672.39],[603901.04,4110669.55]]]}},{"type":"Feature","properties":{"id":"4008010XG0140G_part16","floors":1,"height":3.1,"heightSource":"Catastro:numberOfFloorsAboveGround"},"geometry":{"type":"Polygon","coordinates":[[[603908.37,4110667.89],[603909.04,4110670.6],[603910.24,4110670.32],[603909.6,4110667.61],[603908.37,4110667.89]]]}},{"type":"Feature","properties":{"id":"4008010XG0140G_part17","floors":1,"height":3.1,"heightSource":"Catastro:numberOfFloorsAboveGround"},"geometry":{"type":"Polygon","coordinates":[[[603914.36,4110666.53],[603912.91,4110666.86],[603913.54,4110669.64],[603915.04,4110669.29],[603914.36,4110666.53]]]}},{"type":"Feature","properties":{"id":"4008010XG0140G_part18","floors":1,"height":3.1,"heightSource":"Catastro:numberOfFloorsAboveGround"},"geometry":{"type":"Polygon","coordinates":[[[603917.33,4110635.65],[603918.25,4110639.78],[603924.11,4110638.47],[603923.18,4110634.34],[603917.33,4110635.65]]]}},{"type":"Feature","properties":{"id":"4008010XG0140G_part19","floors":1,"height":3.1,"heightSource":"Catastro:numberOfFloorsAboveGround"},"geometry":{"type":"Polygon","coordinates":[[[603922.83,4110670.32],[603923.52,4110672.98],[603924.79,4110672.66],[603924.17,4110669.98],[603922.83,4110670.32]]]}},{"type":"Feature","properties":{"id":"4008010XG0140G_part20","floors":1,"height":3.1,"heightSource":"Catastro:numberOfFloorsAboveGround"},"geometry":{"type":"Polygon","coordinates":[[[603922.72,4110591.98],[603923.47,4110595.42],[603926.0,4110594.86],[603925.74,4110593.64],[603925.24,4110593.76],[603924.78,4110591.54],[603922.72,4110591.98]]]}},{"type":"Feature","properties":{"id":"4008010XG0140G_part21","floors":1,"height":3.1,"heightSource":"Catastro:numberOfFloorsAboveGround"},"geometry":{"type":"Polygon","coordinates":[[[603924.18,4110598.78],[603924.93,4110602.22],[603926.98,4110601.77],[603926.46,4110599.42],[603926.95,4110599.34],[603926.73,4110598.28],[603924.18,4110598.78]]]}},{"type":"Feature","properties":{"id":"4008010XG0140G_part22","floors":1,"height":3.1,"heightSource":"Catastro:numberOfFloorsAboveGround"},"geometry":{"type":"Polygon","coordinates":[[[603925.62,4110605.47],[603926.36,4110608.91],[603928.88,4110608.36],[603928.66,4110607.33],[603928.19,4110607.42],[603927.69,4110605.04],[603925.62,4110605.47]]]}},{"type":"Feature","properties":{"id":"4008010XG0140G_part23","floors":1,"height":3.1,"heightSource":"Catastro:numberOfFloorsAboveGround"},"geometry":{"type":"Polygon","coordinates":[[[603926.26,4110626.79],[603927.01,4110630.27],[603928.73,4110629.92],[603928.26,4110627.66],[603929.06,4110627.5],[603928.8,4110626.28],[603926.26,4110626.79]]]}},{"type":"Feature","properties":{"id":"4008010XG0140G_part24","floors":1,"height":3.1,"heightSource":"Catastro:numberOfFloorsAboveGround"},"geometry":{"type":"Polygon","coordinates":[[[603929.02,4110669.98],[603927.55,4110670.36],[603927.98,4110672.05],[603929.42,4110671.66],[603929.02,4110669.98]]]}},{"type":"Feature","properties":{"id":"4008010XG0140G_part25","floors":1,"height":3.1,"heightSource":"Catastro:numberOfFloorsAboveGround"},"geometry":{"type":"Polygon","coordinates":[[[603927.08,4110612.3],[603927.82,4110615.74],[603929.9,4110615.29],[603929.39,4110612.86],[603929.83,4110612.78],[603929.62,4110611.8],[603927.08,4110612.3]]]}},{"type":"Feature","properties":{"id":"4008010XG0140G_part26","floors":1,"height":3.1,"heightSource":"Catastro:numberOfFloorsAboveGround"},"geometry":{"type":"Polygon","coordinates":[[[603927.43,4110633.68],[603928.18,4110637.12],[603930.03,4110636.72],[603929.8,4110635.6],[603930.03,4110635.55],[603929.55,4110633.27],[603927.43,4110633.68]]]}},{"type":"Feature","properties":{"id":"4008010XG0140G_part27","floors":1,"height":3.1,"heightSource":"Catastro:numberOfFloorsAboveGround"},"geometry":{"type":"Polygon","coordinates":[[[603928.53,4110619.09],[603929.28,4110622.53],[603931.8,4110621.97],[603931.53,4110620.73],[603931.08,4110620.81],[603930.62,4110618.65],[603928.53,4110619.09]]]}},{"type":"Feature","properties":{"id":"4008010XG0140G_part28","floors":1,"height":3.1,"heightSource":"Catastro:numberOfFloorsAboveGround"},"geometry":{"type":"Polygon","coordinates":[[[603929.74,4110643.69],[603930.48,4110647.1],[603932.14,4110646.76],[603931.42,4110643.34],[603929.74,4110643.69]]]}},{"type":"Feature","properties":{"id":"4008010XG0140G_part29","floors":1,"height":3.1,"heightSource":"Catastro:numberOfFloorsAboveGround"},"geometry":{"type":"Polygon","coordinates":[[[603931.36,4110650.36],[603932.11,4110653.8],[603934.62,4110653.24],[603934.36,4110651.98],[603933.51,4110652.16],[603933.06,4110650.02],[603931.36,4110650.36]]]}},{"type":"Feature","properties":{"id":"4008010XG0140G_part30","floors":1,"height":3.1,"heightSource":"Catastro:numberOfFloorsAboveGround"},"geometry":{"type":"Polygon","coordinates":[[[603932.73,4110657.04],[603933.48,4110660.48],[603935.3,4110660.06],[603934.84,4110657.84],[603935.57,4110657.69],[603935.31,4110656.5],[603932.73,4110657.04]]]}},{"type":"Feature","properties":{"id":"4008010XG0140G_part31","floors":1,"height":3.1,"heightSource":"Catastro:numberOfFloorsAboveGround"},"geometry":{"type":"Polygon","coordinates":[[[603934.15,4110663.91],[603934.91,4110667.17],[603937.59,4110666.58],[603937.35,4110665.42],[603936.51,4110665.6],[603936.06,4110663.46],[603934.15,4110663.91]]]}},{"type":"Feature","properties":{"id":"4008010XG0140G_part32","floors":1,"height":3.1,"heightSource":"Catastro:numberOfFloorsAboveGround"},"geometry":{"type":"Polygon","coordinates":[[[603935.54,4110670.64],[603936.29,4110674.0],[603938.27,4110673.54],[603937.78,4110671.22],[603938.54,4110671.06],[603938.31,4110669.97],[603935.54,4110670.64]]]}},{"type":"Feature","properties":{"id":"4008010XG0140G_part33","floors":2,"height":6.2,"heightSource":"Catastro:numberOfFloorsAboveGround"},"geometry":{"type":"Polygon","coordinates":[[[603862.54,4110680.32],[603862.35,4110679.51],[603852.53,4110681.79],[603852.71,4110682.55],[603853.14,4110684.53],[603863.35,4110682.11],[603862.9,4110680.24],[603862.54,4110680.32]]]}},{"type":"Feature","properties":{"id":"4008010XG0140G_part34","floors":2,"height":6.2,"heightSource":"Catastro:numberOfFloorsAboveGround"},"geometry":{"type":"Polygon","coordinates":[[[603924.86,4110589.5],[603925.14,4110590.88],[603925.27,4110591.44],[603924.78,4110591.54],[603925.24,4110593.76],[603925.74,4110593.64],[603926.0,4110594.86],[603926.73,4110598.28],[603926.95,4110599.34],[603926.46,4110599.42],[603926.98,4110601.77],[603927.45,4110601.67],[603928.16,4110604.94],[603927.69,4110605.04],[603928.19,4110607.42],[603928.66,4110607.33],[603928.88,4110608.36],[603929.62,4110611.8],[603929.83,4110612.78],[603929.39,4110612.86],[603929.9,4110615.29],[603930.35,4110615.19],[603931.08,4110618.56],[603930.62,4110618.65],[603931.08,4110620.81],[603931.53,4110620.73],[603931.8,4110621.97],[603932.19,4110623.8],[603928.44,4110624.6],[603928.8,4110626.28],[603929.06,4110627.5],[603928.26,4110627.66],[603928.73,4110629.92],[603929.26,4110629.82],[603929.98,4110633.18],[603929.55,4110633.27],[603930.03,4110635.55],[603929.8,4110635.6],[603930.03,4110636.72],[603931.42,4110643.34],[603932.14,4110646.76],[603932.78,4110646.63],[603933.49,4110649.93],[603933.06,4110650.02],[603933.51,4110652.16],[603934.36,4110651.98],[603934.62,4110653.24],[603935.31,4110656.5],[603935.57,4110657.69],[603934.84,4110657.84],[603935.3,4110660.06],[603936.01,4110659.91],[603936.73,4110663.32],[603936.06,4110663.46],[603936.51,4110665.6],[603937.35,4110665.42],[603937.59,4110666.58],[603938.24,4110669.62],[603938.31,4110669.97],[603938.54,4110671.06],[603937.78,4110671.22],[603938.27,4110673.54],[603938.8,4110673.43],[603939.18,4110675.22],[603945.55,4110673.87],[603946.15,4110676.86],[603951.29,4110675.56],[603950.57,4110672.67],[603950.93,4110672.58],[603949.79,4110667.64],[603950.26,4110667.53],[603950.24,4110667.45],[603950.07,4110666.73],[603949.4,4110663.81],[603949.37,4110663.65],[603949.06,4110663.72],[603946.88,4110654.18],[603947.41,4110654.06],[603947.38,4110653.93],[603946.55,4110650.34],[603946.5,4110650.11],[603946.15,4110650.19],[603943.99,4110640.72],[603944.49,4110640.6],[603944.46,4110640.47],[603943.97,4110638.34],[603939.82,4110639.29],[603939.19,4110636.52],[603943.44,4110635.54],[603943.02,4110633.71],[603942.95,4110633.4],[603942.54,4110633.49],[603940.39,4110624.02],[603940.94,4110623.89],[603940.91,4110623.77],[603940.45,4110621.73],[603944.52,4110620.8],[603944.1,4110618.93],[603944.06,4110618.76],[603943.57,4110618.87],[603941.38,4110609.29],[603941.98,4110609.15],[603941.97,4110609.07],[603941.13,4110605.43],[603941.1,4110605.31],[603940.64,4110605.42],[603938.46,4110595.84],[603939.14,4110595.68],[603939.11,4110595.55],[603938.29,4110591.96],[603938.24,4110591.73],[603937.85,4110591.82],[603936.96,4110587.98],[603936.74,4110587.0],[603936.7,4110586.8],[603924.86,4110589.5]]]}},{"type":"Feature","properties":{"id":"4008010XG0140G_part35","floors":3,"height":9.3,"heightSource":"Catastro:numberOfFloorsAboveGround"},"geometry":{"type":"Polygon","coordinates":[[[603825.27,4110602.8],[603827.98,4110614.65],[603828.06,4110615.0],[603829.24,4110614.74],[603829.86,4110617.45],[603833.12,4110616.71],[603832.67,4110614.74],[603833.8,4110614.49],[603833.54,4110613.4],[603834.4,4110613.2],[603835.12,4110616.32],[603836.76,4110615.94],[603836.98,4110616.94],[603838.06,4110616.69],[603838.52,4110618.66],[603836.52,4110619.11],[603837.35,4110622.71],[603833.92,4110623.5],[603834.3,4110625.14],[603831.76,4110625.72],[603832.24,4110627.76],[603835.08,4110627.13],[603835.44,4110628.61],[603836.18,4110632.07],[603836.41,4110633.12],[603833.52,4110633.68],[603833.98,4110635.78],[603836.86,4110635.16],[603837.6,4110638.59],[603834.82,4110639.19],[603835.29,4110641.33],[603838.05,4110640.7],[603838.36,4110642.12],[603839.02,4110645.21],[603839.3,4110646.54],[603836.59,4110647.15],[603837.06,4110649.32],[603839.77,4110648.74],[603840.5,4110652.12],[603837.83,4110652.7],[603838.26,4110654.69],[603840.93,4110654.1],[603841.26,4110655.64],[603841.92,4110658.66],[603842.21,4110660.02],[603839.58,4110660.57],[603840.06,4110662.75],[603842.68,4110662.18],[603843.12,4110664.19],[603846.38,4110663.45],[603847.18,4110666.7],[603854.89,4110665.03],[603854.18,4110661.79],[603855.06,4110661.6],[603853.92,4110656.44],[603854.56,4110656.3],[603854.47,4110655.9],[603853.8,4110652.82],[603853.7,4110652.41],[603853.0,4110652.57],[603850.88,4110642.9],[603851.54,4110642.76],[603851.47,4110642.45],[603851.45,4110642.38],[603850.81,4110639.42],[603850.68,4110638.87],[603849.86,4110639.04],[603847.76,4110629.42],[603848.42,4110629.28],[603848.33,4110628.91],[603847.68,4110625.91],[603847.54,4110625.31],[603846.83,4110625.47],[603845.77,4110620.63],[603844.83,4110620.83],[603844.08,4110617.39],[603847.04,4110616.74],[603846.6,4110614.75],[603847.62,4110614.53],[603847.36,4110613.4],[603848.5,4110613.15],[603849.18,4110616.22],[603850.7,4110615.89],[603850.92,4110616.91],[603851.9,4110616.69],[603852.36,4110618.76],[603855.56,4110618.05],[603854.96,4110615.34],[603857.14,4110614.86],[603857.74,4110617.52],[603860.9,4110616.82],[603860.44,4110614.76],[603861.6,4110614.5],[603861.38,4110613.56],[603862.88,4110613.22],[603864.0,4110618.16],[603865.77,4110617.76],[603866.33,4110620.25],[603869.7,4110619.49],[603869.38,4110618.09],[603875.65,4110616.68],[603875.96,4110618.05],[603879.54,4110617.24],[603878.98,4110614.8],[603880.32,4110614.49],[603880.74,4110616.38],[603882.14,4110616.07],[603882.38,4110617.17],[603883.54,4110616.91],[603884.02,4110619.01],[603887.12,4110618.31],[603886.5,4110615.51],[603887.86,4110615.2],[603889.12,4110614.92],[603889.76,4110617.69],[603892.9,4110616.98],[603892.42,4110614.83],[603893.44,4110614.6],[603893.24,4110613.76],[603895.82,4110613.17],[603896.04,4110614.09],[603897.12,4110613.84],[603897.58,4110615.88],[603900.71,4110615.16],[603900.1,4110612.48],[603901.32,4110612.2],[603902.35,4110611.97],[603902.98,4110614.71],[603905.98,4110614.03],[603905.48,4110611.89],[603906.58,4110611.63],[603906.38,4110610.77],[603908.88,4110610.19],[603909.1,4110611.11],[603910.21,4110610.85],[603910.7,4110612.96],[603913.76,4110612.25],[603913.12,4110609.51],[603915.38,4110608.99],[603916.0,4110611.74],[603919.18,4110611.01],[603918.68,4110608.87],[603919.82,4110608.61],[603919.62,4110607.78],[603920.85,4110607.5],[603918.04,4110595.48],[603913.2,4110596.61],[603909.62,4110597.44],[603899.93,4110599.7],[603898.46,4110600.05],[603896.65,4110600.47],[603886.92,4110602.73],[603885.0,4110603.18],[603883.11,4110603.62],[603878.46,4110604.7],[603877.92,4110602.43],[603877.87,4110602.2],[603877.8,4110601.88],[603872.61,4110603.08],[603870.83,4110603.5],[603870.98,4110604.13],[603871.33,4110605.63],[603872.14,4110609.08],[603869.26,4110609.75],[603868.44,4110606.27],[603868.1,4110604.83],[603867.96,4110604.17],[603866.3,4110604.55],[603861.12,4110605.76],[603860.58,4110603.42],[603860.56,4110603.35],[603860.08,4110601.31],[603855.62,4110602.34],[603855.02,4110602.48],[603851.62,4110603.27],[603846.88,4110604.38],[603846.33,4110602.07],[603846.12,4110601.17],[603840.94,4110602.37],[603839.54,4110602.7],[603837.75,4110603.12],[603832.82,4110604.27],[603832.31,4110602.08],[603832.28,4110601.98],[603832.1,4110601.17],[603827.32,4110602.31],[603827.2,4110602.34],[603825.27,4110602.8]],[[603841.68,4110617.94],[603841.07,4110615.25],[603842.33,4110614.98],[603843.46,4110614.73],[603844.08,4110617.39],[603841.68,4110617.94]]]}},{"type":"Feature","properties":{"id":"4008010XG0140G_part36","floors":3,"height":9.3,"heightSource":"Catastro:numberOfFloorsAboveGround"},"geometry":{"type":"Polygon","coordinates":[[[603847.93,4110670.69],[603850.77,4110683.0],[603852.71,4110682.55],[603852.53,4110681.79],[603862.35,4110679.51],[603862.54,4110680.32],[603862.9,4110680.24],[603864.66,4110679.83],[603864.54,4110679.32],[603865.97,4110678.98],[603866.58,4110681.53],[603868.75,4110681.01],[603868.09,4110678.47],[603869.29,4110678.18],[603869.51,4110678.13],[603872.63,4110677.38],[603874.2,4110677.01],[603874.84,4110679.72],[603876.8,4110679.26],[603876.17,4110676.54],[603879.5,4110675.74],[603880.11,4110678.4],[603881.99,4110677.95],[603881.38,4110675.3],[603882.85,4110674.94],[603884.77,4110674.49],[603884.48,4110673.31],[603886.16,4110672.92],[603887.63,4110672.59],[603888.33,4110675.49],[603890.43,4110675.0],[603889.76,4110672.11],[603892.88,4110671.4],[603893.56,4110674.24],[603895.68,4110673.75],[603895.05,4110670.91],[603896.26,4110670.64],[603899.59,4110669.88],[603901.04,4110669.55],[603901.7,4110672.39],[603903.77,4110671.91],[603903.12,4110669.08],[603906.17,4110668.39],[603906.82,4110671.11],[603909.04,4110670.6],[603908.37,4110667.89],[603909.6,4110667.61],[603911.43,4110667.2],[603912.06,4110667.05],[603912.91,4110666.86],[603914.36,4110666.53],[603915.04,4110669.29],[603916.88,4110668.86],[603916.24,4110666.11],[603917.66,4110665.79],[603918.91,4110671.32],[603920.64,4110670.88],[603921.33,4110673.54],[603923.52,4110672.98],[603922.83,4110670.32],[603924.17,4110669.98],[603927.25,4110669.2],[603927.55,4110670.36],[603929.02,4110669.98],[603929.42,4110671.66],[603931.31,4110671.16],[603930.61,4110668.34],[603932.06,4110667.98],[603929.27,4110655.74],[603924.63,4110656.8],[603924.47,4110656.83],[603922.92,4110657.19],[603922.83,4110656.81],[603919.82,4110657.5],[603919.53,4110656.27],[603916.04,4110657.07],[603915.39,4110654.22],[603910.53,4110655.34],[603910.41,4110654.8],[603910.24,4110654.83],[603908.67,4110655.2],[603907.03,4110655.57],[603906.67,4110655.66],[603906.78,4110656.11],[603897.31,4110658.28],[603897.2,4110657.82],[603896.9,4110657.88],[603893.43,4110658.68],[603893.54,4110659.17],[603883.96,4110661.36],[603883.85,4110660.86],[603883.62,4110660.91],[603881.8,4110661.33],[603881.94,4110661.96],[603880.29,4110662.33],[603878.36,4110662.77],[603878.58,4110663.74],[603871.62,4110665.32],[603871.46,4110664.59],[603869.86,4110664.95],[603866.84,4110665.64],[603866.36,4110665.75],[603866.54,4110666.55],[603861.85,4110667.51],[603861.67,4110667.55],[603861.55,4110667.58],[603860.2,4110667.89],[603858.85,4110668.2],[603858.16,4110665.32],[603856.04,4110665.83],[603856.72,4110668.68],[603853.36,4110669.45],[603853.14,4110668.5],[603850.97,4110669.04],[603851.18,4110669.95],[603849.74,4110670.28],[603847.93,4110670.69]]]}},{"type":"Feature","properties":{"id":"4008010XG0140G_part37","floors":1,"height":3.1,"heightSource":"Catastro:numberOfFloorsAboveGround"},"geometry":{"type":"Polygon","coordinates":[[[603831.58,4110599.02],[603827.77,4110599.93],[603827.92,4110600.54],[603826.83,4110600.8],[603827.2,4110602.34],[603827.32,4110602.31],[603832.1,4110601.17],[603831.58,4110599.02]]]}},{"type":"Feature","properties":{"id":"4008010XG0140G_part38","floors":1,"height":3.1,"heightSource":"Catastro:numberOfFloorsAboveGround"},"geometry":{"type":"Polygon","coordinates":[[[603837.28,4110601.34],[603836.25,4110601.62],[603836.1,4110601.06],[603832.31,4110602.08],[603832.82,4110604.27],[603837.75,4110603.12],[603837.28,4110601.34]]]}},{"type":"Feature","properties":{"id":"4008010XG0140G_part39","floors":1,"height":3.1,"heightSource":"Catastro:numberOfFloorsAboveGround"},"geometry":{"type":"Polygon","coordinates":[[[603845.62,4110599.05],[603841.88,4110599.94],[603841.94,4110600.16],[603840.49,4110600.5],[603840.94,4110602.37],[603846.12,4110601.17],[603845.62,4110599.05]]]}},{"type":"Feature","properties":{"id":"4008010XG0140G_part40","floors":1,"height":3.1,"heightSource":"Catastro:numberOfFloorsAboveGround"},"geometry":{"type":"Polygon","coordinates":[[[603849.6,4110625.45],[603849.3,4110624.17],[603849.73,4110624.07],[603848.75,4110619.95],[603845.77,4110620.63],[603846.83,4110625.47],[603847.54,4110625.31],[603847.68,4110625.91],[603849.6,4110625.45]]]}},{"type":"Feature","properties":{"id":"4008010XG0140G_part41","floors":1,"height":3.1,"heightSource":"Catastro:numberOfFloorsAboveGround"},"geometry":{"type":"Polygon","coordinates":[[[603851.11,4110601.26],[603850.12,4110601.5],[603850.02,4110601.11],[603846.33,4110602.07],[603846.88,4110604.38],[603851.62,4110603.27],[603851.11,4110601.26]]]}},{"type":"Feature","properties":{"id":"4008010XG0140G_part42","floors":1,"height":3.1,"heightSource":"Catastro:numberOfFloorsAboveGround"},"geometry":{"type":"Polygon","coordinates":[[[603848.42,4110629.28],[603847.76,4110629.42],[603849.86,4110639.04],[603850.68,4110638.87],[603850.81,4110639.42],[603852.64,4110639.01],[603852.32,4110637.58],[603852.76,4110637.48],[603851.02,4110629.75],[603850.58,4110629.85],[603850.27,4110628.47],[603848.33,4110628.91],[603848.42,4110629.28]]]}},{"type":"Feature","properties":{"id":"4008010XG0140G_part43","floors":1,"height":3.1,"heightSource":"Catastro:numberOfFloorsAboveGround"},"geometry":{"type":"Polygon","coordinates":[[[603851.54,4110642.76],[603850.88,4110642.9],[603853.0,4110652.57],[603853.7,4110652.41],[603853.8,4110652.82],[603855.65,4110652.38],[603855.32,4110650.98],[603855.82,4110650.86],[603853.99,4110643.2],[603853.63,4110643.29],[603853.32,4110642.01],[603851.47,4110642.45],[603851.54,4110642.76]]]}},{"type":"Feature","properties":{"id":"4008010XG0140G_part44","floors":1,"height":3.1,"heightSource":"Catastro:numberOfFloorsAboveGround"},"geometry":{"type":"Polygon","coordinates":[[[603854.56,4110656.3],[603853.92,4110656.44],[603855.06,4110661.6],[603857.95,4110660.93],[603857.1,4110656.75],[603856.67,4110656.83],[603856.38,4110655.44],[603854.47,4110655.9],[603854.56,4110656.3]]]}},{"type":"Feature","properties":{"id":"4008010XG0140G_part45","floors":1,"height":3.1,"heightSource":"Catastro:numberOfFloorsAboveGround"},"geometry":{"type":"Polygon","coordinates":[[[603859.55,4110599.06],[603855.67,4110599.99],[603855.74,4110600.28],[603854.56,4110600.57],[603855.02,4110602.48],[603855.62,4110602.34],[603860.08,4110601.31],[603859.55,4110599.06]]]}},{"type":"Feature","properties":{"id":"4008010XG0140G_part46","floors":1,"height":3.1,"heightSource":"Catastro:numberOfFloorsAboveGround"},"geometry":{"type":"Polygon","coordinates":[[[603865.8,4110602.46],[603864.64,4110602.73],[603864.56,4110602.39],[603860.56,4110603.35],[603860.58,4110603.42],[603861.12,4110605.76],[603866.3,4110604.55],[603865.8,4110602.46]]]}},{"type":"Feature","properties":{"id":"4008010XG0140G_part47","floors":1,"height":3.1,"heightSource":"Catastro:numberOfFloorsAboveGround"},"geometry":{"type":"Polygon","coordinates":[[[603866.42,4110663.85],[603865.07,4110664.18],[603865.01,4110663.96],[603861.04,4110664.91],[603861.67,4110667.55],[603861.85,4110667.51],[603866.54,4110666.55],[603866.36,4110665.75],[603866.84,4110665.64],[603866.42,4110663.85]]]}},{"type":"Feature","properties":{"id":"4008010XG0140G_part48","floors":1,"height":3.1,"heightSource":"Catastro:numberOfFloorsAboveGround"},"geometry":{"type":"Polygon","coordinates":[[[603868.44,4110606.27],[603869.26,4110609.75],[603872.14,4110609.08],[603871.33,4110605.63],[603868.44,4110606.27]]]}},{"type":"Feature","properties":{"id":"4008010XG0140G_part49","floors":1,"height":3.1,"heightSource":"Catastro:numberOfFloorsAboveGround"},"geometry":{"type":"Polygon","coordinates":[[[603879.88,4110660.52],[603878.24,4110660.88],[603878.31,4110661.2],[603871.3,4110662.78],[603871.24,4110662.48],[603869.42,4110662.89],[603869.86,4110664.95],[603871.46,4110664.59],[603871.62,4110665.32],[603878.58,4110663.74],[603878.36,4110662.77],[603880.29,4110662.33],[603879.88,4110660.52]]]}},{"type":"Feature","properties":{"id":"4008010XG0140G_part50","floors":1,"height":3.1,"heightSource":"Catastro:numberOfFloorsAboveGround"},"geometry":{"type":"Polygon","coordinates":[[[603877.28,4110599.63],[603873.32,4110600.53],[603873.37,4110600.74],[603872.12,4110601.03],[603872.61,4110603.08],[603877.8,4110601.88],[603877.28,4110599.63]]]}},{"type":"Feature","properties":{"id":"4008010XG0140G_part51","floors":1,"height":3.1,"heightSource":"Catastro:numberOfFloorsAboveGround"},"geometry":{"type":"Polygon","coordinates":[[[603882.62,4110601.47],[603881.56,4110601.71],[603881.48,4110601.38],[603877.87,4110602.2],[603877.92,4110602.43],[603878.46,4110604.7],[603883.11,4110603.62],[603882.62,4110601.47]]]}},{"type":"Feature","properties":{"id":"4008010XG0140G_part52","floors":1,"height":3.1,"heightSource":"Catastro:numberOfFloorsAboveGround"},"geometry":{"type":"Polygon","coordinates":[[[603892.88,4110656.41],[603891.54,4110656.73],[603891.62,4110657.1],[603884.63,4110658.77],[603884.55,4110658.41],[603883.08,4110658.76],[603883.62,4110660.91],[603883.85,4110660.86],[603883.96,4110661.36],[603893.54,4110659.17],[603893.43,4110658.68],[603892.88,4110656.41]]]}},{"type":"Feature","properties":{"id":"4008010XG0140G_part53","floors":1,"height":3.1,"heightSource":"Catastro:numberOfFloorsAboveGround"},"geometry":{"type":"Polygon","coordinates":[[[603896.14,4110598.35],[603895.15,4110598.58],[603895.07,4110598.25],[603887.58,4110600.04],[603887.66,4110600.4],[603886.41,4110600.7],[603886.92,4110602.73],[603896.65,4110600.47],[603896.14,4110598.35]]]}},{"type":"Feature","properties":{"id":"4008010XG0140G_part54","floors":1,"height":3.1,"heightSource":"Catastro:numberOfFloorsAboveGround"},"geometry":{"type":"Polygon","coordinates":[[[603906.5,4110653.36],[603905.1,4110653.69],[603905.18,4110654.03],[603897.98,4110655.75],[603897.85,4110655.22],[603896.31,4110655.59],[603896.9,4110657.88],[603897.2,4110657.82],[603897.31,4110658.28],[603906.78,4110656.11],[603906.67,4110655.66],[603907.03,4110655.57],[603906.5,4110653.36]]]}},{"type":"Feature","properties":{"id":"4008010XG0140G_part55","floors":1,"height":3.1,"heightSource":"Catastro:numberOfFloorsAboveGround"},"geometry":{"type":"Polygon","coordinates":[[[603909.11,4110595.4],[603908.13,4110595.65],[603908.03,4110595.27],[603900.54,4110597.16],[603900.62,4110597.46],[603899.48,4110597.74],[603899.93,4110599.7],[603909.62,4110597.44],[603909.11,4110595.4]]]}},{"type":"Feature","properties":{"id":"4008010XG0140G_part56","floors":1,"height":3.1,"heightSource":"Catastro:numberOfFloorsAboveGround"},"geometry":{"type":"Polygon","coordinates":[[[603914.71,4110651.3],[603910.87,4110652.18],[603910.94,4110652.45],[603909.76,4110652.73],[603910.24,4110654.83],[603910.41,4110654.8],[603910.53,4110655.34],[603915.39,4110654.22],[603914.71,4110651.3]]]}},{"type":"Feature","properties":{"id":"4008010XG0140G_part57","floors":1,"height":3.1,"heightSource":"Catastro:numberOfFloorsAboveGround"},"geometry":{"type":"Polygon","coordinates":[[[603917.53,4110593.21],[603913.74,4110594.07],[603913.81,4110594.38],[603912.72,4110594.62],[603913.2,4110596.61],[603918.04,4110595.48],[603917.53,4110593.21]]]}},{"type":"Feature","properties":{"id":"4008010XG0140G_part58","floors":1,"height":3.1,"heightSource":"Catastro:numberOfFloorsAboveGround"},"geometry":{"type":"Polygon","coordinates":[[[603928.73,4110653.29],[603924.89,4110654.13],[603924.97,4110654.5],[603924.0,4110654.71],[603924.47,4110656.83],[603924.63,4110656.8],[603929.27,4110655.74],[603928.73,4110653.29]]]}},{"type":"Feature","properties":{"id":"4008010XG0140G_part59","floors":1,"height":3.1,"heightSource":"Catastro:numberOfFloorsAboveGround"},"geometry":{"type":"Polygon","coordinates":[[[603940.36,4110591.48],[603940.14,4110590.47],[603940.53,4110590.38],[603939.58,4110586.17],[603936.7,4110586.8],[603936.74,4110587.0],[603936.96,4110587.98],[603937.85,4110591.82],[603938.24,4110591.73],[603938.29,4110591.96],[603940.36,4110591.48]]]}},{"type":"Feature","properties":{"id":"4008010XG0140G_part60","floors":1,"height":3.1,"heightSource":"Catastro:numberOfFloorsAboveGround"},"geometry":{"type":"Polygon","coordinates":[[[603939.14,4110595.68],[603938.46,4110595.84],[603940.64,4110605.42],[603941.1,4110605.31],[603941.13,4110605.43],[603943.24,4110604.97],[603943.03,4110603.98],[603943.41,4110603.9],[603941.74,4110596.12],[603941.34,4110596.2],[603941.11,4110595.12],[603939.11,4110595.55],[603939.14,4110595.68]]]}},{"type":"Feature","properties":{"id":"4008010XG0140G_part61","floors":1,"height":3.1,"heightSource":"Catastro:numberOfFloorsAboveGround"},"geometry":{"type":"Polygon","coordinates":[[[603940.94,4110623.89],[603940.39,4110624.02],[603942.54,4110633.49],[603942.95,4110633.4],[603943.02,4110633.71],[603945.31,4110633.18],[603945.06,4110632.1],[603945.39,4110632.02],[603943.66,4110624.44],[603943.34,4110624.51],[603943.06,4110623.31],[603940.91,4110623.77],[603940.94,4110623.89]]]}},{"type":"Feature","properties":{"id":"4008010XG0140G_part62","floors":1,"height":3.1,"heightSource":"Catastro:numberOfFloorsAboveGround"},"geometry":{"type":"Polygon","coordinates":[[[603941.38,4110609.29],[603943.57,4110618.87],[603944.06,4110618.76],[603944.1,4110618.93],[603946.1,4110618.48],[603945.87,4110617.46],[603946.24,4110617.38],[603944.47,4110609.54],[603944.25,4110609.59],[603944.04,4110608.65],[603941.98,4110609.15],[603941.38,4110609.29]]]}},{"type":"Feature","properties":{"id":"4008010XG0140G_part63","floors":1,"height":3.1,"heightSource":"Catastro:numberOfFloorsAboveGround"},"geometry":{"type":"Polygon","coordinates":[[[603944.49,4110640.6],[603943.99,4110640.72],[603946.15,4110650.19],[603946.5,4110650.11],[603946.55,4110650.34],[603948.68,4110649.86],[603948.44,4110648.84],[603948.89,4110648.74],[603947.09,4110640.81],[603946.68,4110640.9],[603946.48,4110639.99],[603944.46,4110640.47],[603944.49,4110640.6]]]}},{"type":"Feature","properties":{"id":"4008010XG0140G_part64","floors":1,"height":3.1,"heightSource":"Catastro:numberOfFloorsAboveGround"},"geometry":{"type":"Polygon","coordinates":[[[603947.41,4110654.06],[603946.88,4110654.18],[603949.06,4110663.72],[603949.37,4110663.65],[603949.4,4110663.81],[603951.5,4110663.33],[603951.29,4110662.36],[603951.73,4110662.26],[603950.0,4110654.62],[603949.71,4110654.69],[603949.44,4110653.46],[603947.38,4110653.93],[603947.41,4110654.06]]]}},{"type":"Feature","properties":{"id":"4008010XG0140G_part65","floors":1,"height":3.1,"heightSource":"Catastro:numberOfFloorsAboveGround"},"geometry":{"type":"Polygon","coordinates":[[[603950.26,4110667.53],[603949.79,4110667.64],[603950.93,4110672.58],[603953.49,4110671.99],[603952.57,4110668.01],[603952.32,4110668.06],[603952.08,4110667.03],[603950.24,4110667.45],[603950.26,4110667.53]]]}},{"type":"Feature","properties":{"id":"4008013XG0140G_part1","floors":2,"height":6.2,"heightSource":"Catastro:numberOfFloorsAboveGround"},"geometry":{"type":"MultiPolygon","coordinates":[[[[603962.04,4110701.23],[603959.36,4110701.96],[603958.0,4110701.03],[603949.82,4110703.12],[603949.09,4110704.32],[603946.12,4110702.57],[603943.89,4110706.37],[603942.82,4110705.72],[603940.33,4110704.22],[603938.19,4110707.8],[603937.47,4110707.37],[603934.8,4110705.77],[603932.49,4110709.46],[603931.65,4110708.93],[603929.11,4110707.33],[603927.38454039,4110710.0],[603964.4612757973,4110710.0],[603963.42,4110706.25],[603962.04,4110701.23]]],[[[603923.1,4110708.9],[603922.4411458333,4110710.0],[603924.7217142859,4110710.0],[603923.1,4110708.9]]],[[[603902.67,4110709.74],[603901.9,4110709.26],[603904.25,4110705.47],[603901.64,4110703.85],[603902.44,4110702.55],[603898.95,4110700.4],[603898.12,4110701.73],[603896.86,4110700.94],[603895.86,4110702.52],[603894.12,4110701.42],[603892.42,4110704.09],[603893.01,4110706.91],[603894.87,4110708.06],[603893.6157674418,4110710.0],[603902.5091366908,4110710.0],[603902.67,4110709.74]]]]}},{"type":"Feature","properties":{"id":"4008014XG0140G_part1","floors":1,"height":3.1,"heightSource":"Catastro:numberOfFloorsAboveGround"},"geometry":{"type":"Polygon","coordinates":[[[603833.32,4110578.69],[603846.26,4110578.83],[603846.3,4110576.1],[603844.83,4110576.04],[603833.85,4110575.95],[603833.36,4110575.95],[603833.32,4110578.69]]]}},{"type":"Feature","properties":{"id":"4008014XG0140G_part2","floors":1,"height":3.1,"heightSource":"Catastro:numberOfFloorsAboveGround"},"geometry":{"type":"Polygon","coordinates":[[[603834.66,4110528.63],[603834.59,4110530.86],[603855.04,4110531.2],[603855.04,4110528.8],[603834.66,4110528.63]]]}},{"type":"Feature","properties":{"id":"4008014XG0140G_part3","floors":1,"height":3.1,"heightSource":"Catastro:numberOfFloorsAboveGround"},"geometry":{"type":"Polygon","coordinates":[[[603866.32,4110579.17],[603879.04,4110579.38],[603879.08,4110576.6],[603877.83,4110576.6],[603872.83,4110576.51],[603866.38,4110576.4],[603866.32,4110579.17]]]}},{"type":"Feature","properties":{"id":"4008014XG0140G_part4","floors":1,"height":3.1,"heightSource":"Catastro:numberOfFloorsAboveGround"},"geometry":{"type":"Polygon","coordinates":[[[603875.6,4110531.55],[603880.6,4110531.64],[603880.7,4110526.64],[603875.68,4110526.55],[603875.6,4110531.55]]]}},{"type":"Feature","properties":{"id":"4008014XG0140G_part5","floors":1,"height":3.1,"heightSource":"Catastro:numberOfFloorsAboveGround"},"geometry":{"type":"Polygon","coordinates":[[[603911.85,4110567.42],[603911.85,4110558.57],[603910.12,4110558.54],[603909.96,4110567.45],[603911.85,4110567.42]]]}},{"type":"Feature","properties":{"id":"4008014XG0140G_part6","floors":2,"height":6.2,"heightSource":"Catastro:numberOfFloorsAboveGround"},"geometry":{"type":"Polygon","coordinates":[[[603905.0,4110563.46],[603907.54,4110563.83],[603908.94,4110564.91],[603909.56,4110565.73],[603909.96,4110567.45],[603910.12,4110558.54],[603905.14,4110558.46],[603905.0,4110563.46]]]}},{"type":"Feature","properties":{"id":"4008014XG0140G_part7","floors":3,"height":9.3,"heightSource":"Catastro:numberOfFloorsAboveGround"},"geometry":{"type":"Polygon","coordinates":[[[603900.06,4110563.37],[603905.0,4110563.46],[603905.14,4110558.46],[603900.14,4110558.37],[603900.06,4110563.37]]]}},{"type":"Feature","properties":{"id":"4008014XG0140G_part8","floors":3,"height":9.3,"heightSource":"Catastro:numberOfFloorsAboveGround"},"geometry":{"type":"Polygon","coordinates":[[[603894.14,4110558.27],[603894.04,4110563.26],[603900.06,4110563.37],[603900.14,4110558.37],[603894.14,4110558.27]]]}},{"type":"Feature","properties":{"id":"4008014XG0140G_part9","floors":2,"height":6.2,"heightSource":"Catastro:numberOfFloorsAboveGround"},"geometry":{"type":"Polygon","coordinates":[[[603902.76,4110552.02],[603902.68,4110557.02],[603905.17,4110557.06],[603907.67,4110557.1],[603907.76,4110552.1],[603905.26,4110552.06],[603902.76,4110552.02]]]}},{"type":"Feature","properties":{"id":"4008014XG0140G_part10","floors":2,"height":6.2,"heightSource":"Catastro:numberOfFloorsAboveGround"},"geometry":{"type":"Polygon","coordinates":[[[603900.46,4110539.99],[603910.44,4110540.16],[603910.48,4110536.94],[603900.5,4110536.76],[603900.46,4110539.99]]]}},{"type":"Feature","properties":{"id":"4008014XG0140G_part11","floors":2,"height":6.2,"heightSource":"Catastro:numberOfFloorsAboveGround"},"geometry":{"type":"Polygon","coordinates":[[[603910.4,4110542.6],[603910.23,4110552.2],[603911.96,4110552.2],[603911.96,4110542.6],[603911.96,4110541.97],[603910.4,4110541.94],[603910.4,4110542.6]]]}},{"type":"Feature","properties":{"id":"4008014XG0140G_part12","floors":3,"height":9.3,"heightSource":"Catastro:numberOfFloorsAboveGround"},"geometry":{"type":"Polygon","coordinates":[[[603900.5,4110536.76],[603900.54,4110534.21],[603900.58,4110531.77],[603890.58,4110531.61],[603890.5,4110536.81],[603900.5,4110536.76]]]}},{"type":"Feature","properties":{"id":"4008014XG0140G_part13","floors":3,"height":9.3,"heightSource":"Catastro:numberOfFloorsAboveGround"},"geometry":{"type":"Polygon","coordinates":[[[603909.96,4110567.45],[603909.56,4110565.73],[603908.94,4110564.91],[603907.54,4110563.83],[603905.0,4110563.46],[603905.0,4110567.05],[603909.96,4110567.45]]]}},{"type":"Feature","properties":{"id":"4008014XG0140G_part14","floors":3,"height":9.3,"heightSource":"Catastro:numberOfFloorsAboveGround"},"geometry":{"type":"Polygon","coordinates":[[[603900.42,4110541.97],[603905.42,4110542.06],[603905.42,4110542.6],[603905.26,4110552.06],[603907.76,4110552.1],[603907.67,4110557.1],[603905.17,4110557.06],[603905.14,4110558.46],[603910.12,4110558.54],[603910.14,4110557.35],[603910.23,4110552.2],[603910.4,4110542.6],[603910.4,4110541.94],[603910.44,4110540.16],[603900.46,4110539.99],[603900.42,4110541.97]]]}},{"type":"Feature","properties":{"id":"4008014XG0140G_part15","floors":3,"height":9.3,"heightSource":"Catastro:numberOfFloorsAboveGround"},"geometry":{"type":"Polygon","coordinates":[[[603895.24,4110551.88],[603895.15,4110556.88],[603897.65,4110556.92],[603897.74,4110551.92],[603895.24,4110551.88]]]}},{"type":"Feature","properties":{"id":"4008014XG0140G_part16","floors":4,"height":12.4,"heightSource":"Catastro:numberOfFloorsAboveGround"},"geometry":{"type":"Polygon","coordinates":[[[603890.4,4110541.61],[603900.42,4110541.97],[603900.46,4110539.99],[603900.5,4110536.76],[603890.5,4110536.81],[603890.4,4110541.61]]]}},{"type":"Feature","properties":{"id":"4008014XG0140G_part17","floors":4,"height":12.4,"heightSource":"Catastro:numberOfFloorsAboveGround"},"geometry":{"type":"Polygon","coordinates":[[[603900.0,4110566.97],[603901.54,4110567.0],[603905.0,4110567.05],[603905.0,4110563.46],[603900.06,4110563.37],[603900.0,4110566.97]]]}},{"type":"Feature","properties":{"id":"4008014XG0140G_part18","floors":4,"height":12.4,"heightSource":"Catastro:numberOfFloorsAboveGround"},"geometry":{"type":"Polygon","coordinates":[[[603897.65,4110556.92],[603900.15,4110556.97],[603900.14,4110558.37],[603905.14,4110558.46],[603905.17,4110557.06],[603902.68,4110557.02],[603902.76,4110552.02],[603905.26,4110552.06],[603905.42,4110542.6],[603905.42,4110542.06],[603900.42,4110541.97],[603900.42,4110542.6],[603900.24,4110551.97],[603897.74,4110551.92],[603897.65,4110556.92]]]}},{"type":"Feature","properties":{"id":"4008014XG0140G_part19","floors":4,"height":12.4,"heightSource":"Catastro:numberOfFloorsAboveGround"},"geometry":{"type":"Polygon","coordinates":[[[603890.4,4110542.6],[603890.14,4110556.83],[603889.98,4110566.81],[603900.0,4110566.97],[603900.06,4110563.37],[603894.04,4110563.26],[603894.14,4110558.27],[603900.14,4110558.37],[603900.15,4110556.97],[603897.65,4110556.92],[603895.15,4110556.88],[603895.24,4110551.88],[603897.74,4110551.92],[603900.24,4110551.97],[603900.42,4110542.6],[603900.42,4110541.97],[603890.4,4110541.61],[603890.4,4110542.6]]]}},{"type":"Feature","properties":{"id":"4008014XG0140G_part20","floors":5,"height":15.5,"heightSource":"Catastro:numberOfFloorsAboveGround"},"geometry":{"type":"Polygon","coordinates":[[[603889.98,4110567.11],[603889.88,4110571.83],[603896.36,4110571.94],[603899.92,4110572.0],[603900.0,4110566.97],[603889.98,4110566.81],[603889.98,4110567.11]]]}},{"type":"Feature","properties":{"id":"4008014XG0140G_part21","floors":2,"height":6.2,"heightSource":"Catastro:numberOfFloorsAboveGround"},"geometry":{"type":"Polygon","coordinates":[[[603865.6,4110531.38],[603870.6,4110531.47],[603870.68,4110526.47],[603865.68,4110526.38],[603865.6,4110531.38]]]}},{"type":"Feature","properties":{"id":"4008014XG0140G_part22","floors":2,"height":6.2,"heightSource":"Catastro:numberOfFloorsAboveGround"},"geometry":{"type":"Polygon","coordinates":[[[603888.42,4110531.62],[603890.58,4110531.61],[603890.68,4110526.8],[603888.42,4110526.76],[603885.68,4110526.72],[603885.6,4110531.63],[603888.42,4110531.62]]]}},{"type":"Feature","properties":{"id":"4008014XG0140G_part23","floors":2,"height":6.2,"heightSource":"Catastro:numberOfFloorsAboveGround"},"geometry":{"type":"Polygon","coordinates":[[[603833.85,4110575.95],[603844.83,4110576.04],[603844.92,4110571.26],[603833.92,4110571.08],[603833.85,4110575.95]]]}},{"type":"Feature","properties":{"id":"4008014XG0140G_part24","floors":2,"height":6.2,"heightSource":"Catastro:numberOfFloorsAboveGround"},"geometry":{"type":"Polygon","coordinates":[[[603871.02,4110566.43],[603872.98,4110566.46],[603876.02,4110566.5],[603876.08,4110561.5],[603871.08,4110561.43],[603871.08,4110561.5],[603871.02,4110566.43]]]}},{"type":"Feature","properties":{"id":"4008014XG0140G_part25","floors":2,"height":6.2,"heightSource":"Catastro:numberOfFloorsAboveGround"},"geometry":{"type":"Polygon","coordinates":[[[603873.14,4110549.16],[603873.18,4110559.16],[603883.18,4110559.13],[603883.14,4110549.13],[603880.64,4110549.14],[603873.14,4110549.16]]]}},{"type":"Feature","properties":{"id":"4008014XG0140G_part26","floors":3,"height":9.3,"heightSource":"Catastro:numberOfFloorsAboveGround"},"geometry":{"type":"Polygon","coordinates":[[[603847.33,4110576.12],[603859.83,4110576.29],[603859.92,4110571.51],[603853.92,4110571.41],[603847.42,4110571.3],[603847.33,4110576.12]]]}},{"type":"Feature","properties":{"id":"4008014XG0140G_part27","floors":3,"height":9.3,"heightSource":"Catastro:numberOfFloorsAboveGround"},"geometry":{"type":"Polygon","coordinates":[[[603855.52,4110536.21],[603865.52,4110536.38],[603865.6,4110531.38],[603855.6,4110531.21],[603855.52,4110536.21]]]}},{"type":"Feature","properties":{"id":"4008014XG0140G_part28","floors":3,"height":9.3,"heightSource":"Catastro:numberOfFloorsAboveGround"},"geometry":{"type":"Polygon","coordinates":[[[603879.9,4110576.62],[603884.88,4110576.7],[603884.98,4110571.74],[603879.98,4110571.64],[603879.9,4110576.62]]]}},{"type":"Feature","properties":{"id":"4008014XG0140G_part29","floors":3,"height":9.3,"heightSource":"Catastro:numberOfFloorsAboveGround"},"geometry":{"type":"Polygon","coordinates":[[[603836.94,4110566.9],[603841.94,4110566.97],[603842.0,4110561.97],[603837.0,4110561.9],[603836.94,4110566.9]]]}},{"type":"Feature","properties":{"id":"4008014XG0140G_part30","floors":3,"height":9.3,"heightSource":"Catastro:numberOfFloorsAboveGround"},"geometry":{"type":"Polygon","coordinates":[[[603844.83,4110576.04],[603846.3,4110576.1],[603847.33,4110576.12],[603847.42,4110571.3],[603844.92,4110571.26],[603844.83,4110576.04]]]}},{"type":"Feature","properties":{"id":"4008014XG0140G_part31","floors":3,"height":9.3,"heightSource":"Catastro:numberOfFloorsAboveGround"},"geometry":{"type":"Polygon","coordinates":[[[603869.8,4110561.5],[603869.8,4110569.0],[603877.3,4110569.0],[603877.3,4110561.5],[603876.08,4110561.5],[603876.02,4110566.5],[603872.98,4110566.46],[603871.02,4110566.43],[603871.08,4110561.5],[603869.8,4110561.5]]]}},{"type":"Feature","properties":{"id":"4008014XG0140G_part32","floors":3,"height":9.3,"heightSource":"Catastro:numberOfFloorsAboveGround"},"geometry":{"type":"Polygon","coordinates":[[[603875.5,4110536.55],[603880.5,4110536.64],[603880.6,4110531.64],[603875.6,4110531.55],[603875.5,4110536.55]]]}},{"type":"Feature","properties":{"id":"4008014XG0140G_part33","floors":3,"height":9.3,"heightSource":"Catastro:numberOfFloorsAboveGround"},"geometry":{"type":"Polygon","coordinates":[[[603877.92,4110571.6],[603877.83,4110576.6],[603879.08,4110576.6],[603879.9,4110576.62],[603879.98,4110571.64],[603877.92,4110571.6]]]}},{"type":"Feature","properties":{"id":"4008014XG0140G_part34","floors":4,"height":12.4,"heightSource":"Catastro:numberOfFloorsAboveGround"},"geometry":{"type":"Polygon","coordinates":[[[603814.6,4110530.52],[603814.52,4110535.25],[603834.52,4110535.58],[603834.59,4110530.86],[603814.6,4110530.52]]]}},{"type":"Feature","properties":{"id":"4008014XG0140G_part35","floors":4,"height":12.4,"heightSource":"Catastro:numberOfFloorsAboveGround"},"geometry":{"type":"Polygon","coordinates":[[[603853.92,4110571.41],[603859.92,4110571.51],[603859.83,4110576.29],[603864.83,4110576.38],[603865.0,4110566.38],[603859.0,4110566.5],[603854.0,4110566.41],[603853.92,4110571.41]]]}},{"type":"Feature","properties":{"id":"4008014XG0140G_part36","floors":4,"height":12.4,"heightSource":"Catastro:numberOfFloorsAboveGround"},"geometry":{"type":"Polygon","coordinates":[[[603855.4,4110542.6],[603855.35,4110546.21],[603860.35,4110546.3],[603860.4,4110542.6],[603860.42,4110541.3],[603875.42,4110541.55],[603875.5,4110536.55],[603875.6,4110531.55],[603870.6,4110531.47],[603865.6,4110531.38],[603865.52,4110536.38],[603855.52,4110536.21],[603855.4,4110542.6]]]}},{"type":"Feature","properties":{"id":"4008014XG0140G_part37","floors":4,"height":12.4,"heightSource":"Catastro:numberOfFloorsAboveGround"},"geometry":{"type":"Polygon","coordinates":[[[603880.4,4110541.44],[603888.42,4110541.58],[603890.4,4110541.61],[603890.5,4110536.81],[603890.58,4110531.61],[603888.42,4110531.62],[603885.6,4110531.63],[603880.6,4110531.64],[603880.5,4110536.64],[603880.4,4110541.44]]]}},{"type":"Feature","properties":{"id":"4008014XG0140G_part38","floors":4,"height":12.4,"heightSource":"Catastro:numberOfFloorsAboveGround"},"geometry":{"type":"Polygon","coordinates":[[[603835.86,4110561.9],[603835.88,4110569.4],[603843.38,4110569.4],[603843.36,4110561.9],[603840.86,4110561.9],[603837.0,4110561.9],[603835.86,4110561.9]],[[603842.0,4110561.97],[603841.94,4110566.97],[603836.94,4110566.9],[603837.0,4110561.9],[603842.0,4110561.97]]]}},{"type":"Feature","properties":{"id":"4008014XG0140G_part39","floors":4,"height":12.4,"heightSource":"Catastro:numberOfFloorsAboveGround"},"geometry":{"type":"Polygon","coordinates":[[[603834.1,4110561.08],[603854.1,4110561.41],[603854.18,4110556.41],[603859.18,4110556.5],[603859.0,4110566.5],[603865.0,4110566.38],[603864.83,4110576.38],[603866.38,4110576.4],[603872.83,4110576.51],[603877.83,4110576.6],[603877.92,4110571.6],[603879.98,4110571.64],[603884.98,4110571.74],[603888.42,4110571.8],[603889.88,4110571.83],[603889.98,4110567.11],[603889.98,4110566.81],[603890.14,4110556.83],[603890.4,4110542.6],[603890.4,4110541.61],[603888.42,4110541.58],[603880.4,4110541.44],[603880.5,4110536.64],[603875.5,4110536.55],[603875.42,4110541.55],[603860.42,4110541.3],[603860.4,4110542.6],[603860.35,4110546.3],[603855.35,4110546.21],[603852.35,4110546.16],[603852.14,4110558.66],[603836.64,4110558.4],[603836.85,4110545.9],[603834.35,4110545.86],[603834.3,4110548.27],[603834.27,4110550.0],[603834.23,4110553.02],[603834.2,4110554.78],[603834.1,4110561.08]],[[603877.3,4110561.5],[603877.3,4110569.0],[603869.8,4110569.0],[603869.8,4110561.5],[603871.08,4110561.5],[603871.08,4110561.43],[603876.08,4110561.5],[603877.3,4110561.5]],[[603883.14,4110549.13],[603883.18,4110559.13],[603873.18,4110559.16],[603873.14,4110549.16],[603880.64,4110549.14],[603883.14,4110549.13]]]}},{"type":"Feature","properties":{"id":"4008014XG0140G_part40","floors":5,"height":15.5,"heightSource":"Catastro:numberOfFloorsAboveGround"},"geometry":{"type":"Polygon","coordinates":[[[603814.18,4110555.25],[603816.7,4110555.29],[603816.77,4110550.29],[603814.27,4110550.25],[603814.18,4110555.25]]]}},{"type":"Feature","properties":{"id":"4008014XG0140G_part41","floors":5,"height":15.5,"heightSource":"Catastro:numberOfFloorsAboveGround"},"geometry":{"type":"Polygon","coordinates":[[[603814.4,4110542.6],[603814.36,4110545.22],[603819.36,4110545.3],[603819.4,4110542.6],[603819.44,4110540.3],[603829.44,4110540.47],[603829.4,4110542.6],[603829.36,4110545.47],[603834.36,4110545.55],[603834.4,4110542.6],[603834.52,4110535.58],[603814.52,4110535.25],[603814.4,4110542.6]]]}},{"type":"Feature","properties":{"id":"4008014XG0140G_part42","floors":5,"height":15.5,"heightSource":"Catastro:numberOfFloorsAboveGround"},"geometry":{"type":"Polygon","coordinates":[[[603854.0,4110566.41],[603859.0,4110566.5],[603859.18,4110556.5],[603854.18,4110556.41],[603854.1,4110561.41],[603854.0,4110566.41]]]}},{"type":"Feature","properties":{"id":"4008014XG0140G_part43","floors":5,"height":15.5,"heightSource":"Catastro:numberOfFloorsAboveGround"},"geometry":{"type":"Polygon","coordinates":[[[603813.85,4110575.74],[603833.36,4110575.95],[603833.85,4110575.95],[603833.92,4110571.08],[603834.1,4110561.08],[603834.2,4110554.78],[603828.98,4110554.69],[603829.08,4110548.18],[603834.3,4110548.27],[603834.35,4110545.86],[603834.36,4110545.55],[603829.36,4110545.47],[603829.4,4110542.6],[603829.44,4110540.47],[603819.44,4110540.3],[603819.4,4110542.6],[603819.36,4110545.3],[603814.36,4110545.22],[603814.27,4110550.25],[603816.77,4110550.29],[603816.7,4110555.29],[603814.18,4110555.25],[603813.85,4110575.74]]]}},{"type":"Feature","properties":{"id":"4008014XG0140G_part44","floors":5,"height":15.5,"heightSource":"Catastro:numberOfFloorsAboveGround"},"geometry":{"type":"Polygon","coordinates":[[[603833.92,4110571.08],[603844.92,4110571.26],[603847.42,4110571.3],[603853.92,4110571.41],[603854.0,4110566.41],[603854.1,4110561.41],[603834.1,4110561.08],[603833.92,4110571.08]],[[603840.86,4110561.9],[603843.36,4110561.9],[603843.38,4110569.4],[603835.88,4110569.4],[603835.86,4110561.9],[603837.0,4110561.9],[603840.86,4110561.9]]]}},{"type":"Feature","properties":{"id":"4008014XG0140G_part45","floors":5,"height":15.5,"heightSource":"Catastro:numberOfFloorsAboveGround"},"geometry":{"type":"Polygon","coordinates":[[[603829.08,4110548.18],[603828.98,4110554.69],[603834.2,4110554.78],[603834.23,4110553.02],[603830.6,4110552.96],[603830.65,4110549.94],[603834.27,4110550.0],[603834.3,4110548.27],[603829.08,4110548.18]]]}},{"type":"Feature","properties":{"id":"4008014XG0140G_part46","floors":6,"height":18.6,"heightSource":"Catastro:numberOfFloorsAboveGround"},"geometry":{"type":"Polygon","coordinates":[[[603830.65,4110549.94],[603830.6,4110552.96],[603834.23,4110553.02],[603834.27,4110550.0],[603830.65,4110549.94]]]}},{"type":"Feature","properties":{"id":"4008018XG0140G_part1","floors":1,"height":3.1,"heightSource":"Catastro:numberOfFloorsAboveGround"},"geometry":{"type":"Polygon","coordinates":[[[603803.56,4110607.91],[603802.393,4110608.18],[603800.976,4110602.057],[603789.649,4110604.811],[603791.966,4110614.812],[603794.237,4110614.232],[603804.416,4110611.634],[603803.56,4110607.91]],[[603799.467,4110611.747],[603795.251,4110612.764],[603794.247,4110608.6],[603798.463,4110607.583],[603799.467,4110611.747]]]}},{"type":"Feature","properties":{"id":"4008018XG0140G_part2","floors":2,"height":6.2,"heightSource":"Catastro:numberOfFloorsAboveGround"},"geometry":{"type":"Polygon","coordinates":[[[603794.237,4110614.232],[603796.005,4110621.845],[603801.169,4110620.647],[603801.722,4110623.033],[603806.794,4110621.857],[603804.416,4110611.634],[603794.237,4110614.232]]]}},{"type":"Feature","properties":{"id":"4010002XG0141A_part1","floors":1,"height":3.1,"heightSource":"Catastro:numberOfFloorsAboveGround"},"geometry":{"type":"Polygon","coordinates":[[[603869.39,4110703.0],[603870.32,4110706.46],[603871.34,4110707.27],[603878.19,4110705.49],[603877.91,4110704.42],[603876.96,4110700.85],[603869.39,4110703.0]]]}},{"type":"Feature","properties":{"id":"4106601XG0140E_part1","floors":1,"height":3.1,"heightSource":"Catastro:numberOfFloorsAboveGround"},"geometry":{"type":"Polygon","coordinates":[[[603940.02,4110344.29],[603936.59,4110345.31],[603937.35,4110347.87],[603937.63,4110347.79],[603940.69,4110346.88],[603940.84,4110347.41],[603943.63,4110346.61],[603942.05,4110341.46],[603941.98,4110341.48],[603939.37,4110342.25],[603940.02,4110344.29]]]}},{"type":"Feature","properties":{"id":"4106601XG0140E_part2","floors":1,"height":3.1,"heightSource":"Catastro:numberOfFloorsAboveGround"},"geometry":{"type":"Polygon","coordinates":[[[603954.85,4110347.5],[603956.08,4110349.93],[603956.9,4110351.55],[603957.01,4110351.75],[603962.44,4110348.86],[603966.35,4110356.12],[603970.02,4110354.15],[603974.13,4110351.95],[603972.26,4110348.26],[603970.52,4110344.81],[603971.48,4110344.32],[603968.49,4110338.47],[603964.55,4110340.47],[603964.57,4110340.51],[603965.37,4110342.08],[603960.69,4110344.52],[603961.57,4110346.33],[603960.17,4110346.98],[603959.31,4110345.24],[603954.85,4110347.5]]]}},{"type":"Feature","properties":{"id":"4106601XG0140E_part3","floors":2,"height":6.2,"heightSource":"Catastro:numberOfFloorsAboveGround"},"geometry":{"type":"Polygon","coordinates":[[[603935.89,4110343.29],[603934.37,4110343.75],[603934.96,4110345.74],[603935.3,4110346.89],[603935.74,4110348.36],[603937.35,4110347.87],[603936.59,4110345.31],[603940.02,4110344.29],[603939.37,4110342.25],[603935.89,4110343.29]]]}},{"type":"Feature","properties":{"id":"4106601XG0140E_part4","floors":2,"height":6.2,"heightSource":"Catastro:numberOfFloorsAboveGround"},"geometry":{"type":"Polygon","coordinates":[[[603959.31,4110345.24],[603960.17,4110346.98],[603961.57,4110346.33],[603960.69,4110344.52],[603959.31,4110345.24]]]}},{"type":"Feature","properties":{"id":"4107006XG0140N_part1","floors":2,"height":6.2,"heightSource":"Catastro:numberOfFloorsAboveGround"},"geometry":{"type":"Polygon","coordinates":[[[603990.32,4110463.83],[603991.02,4110467.21],[603993.1,4110466.84],[603992.85,4110465.42],[603995.4,4110464.94],[603995.04,4110462.97],[603990.32,4110463.83]]]}},{"type":"Feature","properties":{"id":"4107006XG0140N_part2","floors":2,"height":6.2,"heightSource":"Catastro:numberOfFloorsAboveGround"},"geometry":{"type":"Polygon","coordinates":[[[603995.4,4110464.94],[603992.85,4110465.42],[603993.1,4110466.84],[603993.9,4110471.32],[603995.67,4110471.01],[603998.46,4110470.5],[603997.74,4110466.55],[604000.0,4110466.13],[604001.86,4110465.79],[604001.14,4110461.86],[604000.0,4110462.06],[603995.86,4110462.82],[603995.26,4110462.93],[603995.04,4110462.97],[603995.4,4110464.94]]]}},{"type":"Feature","properties":{"id":"4107006XG0140N_part3","floors":2,"height":6.2,"heightSource":"Catastro:numberOfFloorsAboveGround"},"geometry":{"type":"Polygon","coordinates":[[[603995.67,4110471.01],[603996.44,4110475.39],[604001.02,4110474.57],[604000.3,4110470.65],[603998.54,4110470.97],[603998.46,4110470.5],[603995.67,4110471.01]]]}},{"type":"Feature","properties":{"id":"4107006XG0140N_part4","floors":2,"height":6.2,"heightSource":"Catastro:numberOfFloorsAboveGround"},"geometry":{"type":"Polygon","coordinates":[[[604000.3,4110470.65],[604001.02,4110474.57],[604004.94,4110473.87],[604004.23,4110470.0],[604000.3,4110470.65]]]}},{"type":"Feature","properties":{"id":"4107008XG0130S_part1","floors":1,"height":3.1,"heightSource":"Catastro:numberOfFloorsAboveGround"},"geometry":{"type":"Polygon","coordinates":[[[603939.04,4110450.2],[603943.74,4110459.03],[603949.39,4110456.04],[603944.72,4110447.17],[603939.04,4110450.2]]]}},{"type":"Feature","properties":{"id":"4107008XG0130S_part2","floors":1,"height":3.1,"heightSource":"Catastro:numberOfFloorsAboveGround"},"geometry":{"type":"Polygon","coordinates":[[[603961.97,4110439.8],[603962.58,4110440.99],[603956.27,4110444.09],[603962.12,4110455.41],[603967.11,4110452.83],[603967.4,4110453.39],[603970.1,4110452.0],[603970.51,4110452.78],[603974.07,4110450.95],[603973.45,4110449.76],[603975.76,4110448.56],[603974.7,4110446.51],[603976.15,4110445.76],[603974.29,4110442.15],[603973.83,4110442.39],[603970.29,4110435.51],[603961.97,4110439.8]]]}},{"type":"Feature","properties":{"id":"4107009XG0130N_part1","floors":1,"height":3.1,"heightSource":"Catastro:numberOfFloorsAboveGround"},"geometry":{"type":"Polygon","coordinates":[[[603999.56,4110484.32],[603974.64,4110489.33],[603975.04,4110491.47],[603982.79,4110490.01],[603984.05,4110494.18],[603992.88,4110492.0],[603995.64,4110506.04],[603995.91,4110507.46],[604004.52,4110505.58],[603999.56,4110484.32]]]}},{"type":"Feature","properties":{"id":"4107009XG0130N_part2","floors":1,"height":3.1,"heightSource":"Catastro:numberOfFloorsAboveGround"},"geometry":{"type":"Polygon","coordinates":[[[603979.49,4110495.31],[603982.2,4110509.66],[603995.64,4110506.04],[603992.88,4110492.0],[603984.05,4110494.18],[603979.49,4110495.31]]]}},{"type":"Feature","properties":{"id":"4107009XG0130N_part3","floors":1,"height":3.1,"heightSource":"Catastro:numberOfFloorsAboveGround"},"geometry":{"type":"Polygon","coordinates":[[[603980.02,4110517.83],[603983.35,4110526.94],[603991.36,4110527.22],[603999.69,4110525.28],[603999.5,4110524.48],[603996.92,4110513.96],[603980.02,4110517.83]]]}},{"type":"Feature","properties":{"id":"4107009XG0130N_part4","floors":1,"height":3.1,"heightSource":"Catastro:numberOfFloorsAboveGround"},"geometry":{"type":"Polygon","coordinates":[[[603990.19,4110529.11],[603984.91,4110530.75],[603987.88,4110540.25],[603993.15,4110538.6],[603990.19,4110529.11]]]}},{"type":"Feature","properties":{"id":"4107009XG0130N_part5","floors":1,"height":3.1,"heightSource":"Catastro:numberOfFloorsAboveGround"},"geometry":{"type":"Polygon","coordinates":[[[603995.37,4110507.58],[603996.92,4110513.96],[604010.938,4110510.5305],[604009.427,4110504.511],[604004.52,4110505.58],[603995.91,4110507.46],[603995.37,4110507.58]]]}},{"type":"Feature","properties":{"id":"4107009XG0130N_part6","floors":1,"height":3.1,"heightSource":"Catastro:numberOfFloorsAboveGround"},"geometry":{"type":"Polygon","coordinates":[[[603996.92,4110513.96],[603999.5,4110524.48],[604005.86,4110522.92],[604006.13,4110523.99],[604010.29,4110522.97],[604011.18,4110526.58],[604014.6195,4110525.73],[604011.5,4110512.77],[604010.938,4110510.5305],[603996.92,4110513.96]]]}},{"type":"Feature","properties":{"id":"4107009XG0130N_part7","floors":2,"height":6.2,"heightSource":"Catastro:numberOfFloorsAboveGround"},"geometry":{"type":"Polygon","coordinates":[[[604010.29,4110522.97],[604006.13,4110523.99],[604005.86,4110522.92],[603999.5,4110524.48],[603999.69,4110525.28],[604000.58,4110529.23],[604011.18,4110526.58],[604010.29,4110522.97]]]}},{"type":"Feature","properties":{"id":"4107010XG0130S_part1","floors":1,"height":3.1,"heightSource":"Catastro:numberOfFloorsAboveGround"},"geometry":{"type":"Polygon","coordinates":[[[603992.48,4110459.06],[603992.36,4110458.5],[603994.6,4110458.03],[603994.77,4110458.92],[603998.7,4110458.09],[603998.38,4110456.61],[604000.98,4110456.05],[604000.52,4110453.91],[604001.44,4110453.71],[603999.18,4110442.3],[603990.01,4110444.24],[603990.3,4110445.62],[603983.41,4110447.08],[603985.25,4110455.47],[603990.76,4110454.3],[603991.8,4110459.2],[603992.48,4110459.06]]]}},{"type":"Feature","properties":{"id":"4107010XG0130S_part2","floors":2,"height":6.2,"heightSource":"Catastro:numberOfFloorsAboveGround"},"geometry":{"type":"Polygon","coordinates":[[[603990.76,4110454.3],[603985.25,4110455.47],[603986.08,4110459.3],[603990.62,4110458.35],[603990.86,4110459.4],[603991.8,4110459.2],[603990.76,4110454.3]]]}}]}
