{"type":"FeatureCollection","name":"vera-playazo-roads","crs":{"type":"name","properties":{"name":"EPSG:25830"}},"source":"\u00a9 OpenStreetMap contributors, ODbL 1.0","features":[{"type":"Feature","properties":{"class":"cycleway","widthMeters":2.5},"geometry":{"type":"Polygon","coordinates":[[[605511.9230956743,4120496.7274141354],[605511.8655468964,4120496.7199602854],[605451.6520298404,4120490.338199325],[605451.6213676581,4120490.335331061],[605437.0,4120489.1490822206],[605437.0,4120491.6572965607],[605451.4038551961,4120492.825898358],[605511.5731979136,4120499.2029774785],[605613.8776796974,4120514.8761329716],[605613.8852319946,4120514.8772663907],[605654.015645811,4120520.7745884997],[605654.1270308075,4120520.7858893843],[605685.0371548438,4120522.5284098415],[605685.1339756048,4120522.5301111764],[605685.2306375379,4120522.524312469],[605688.0924126087,4120522.2410450736],[605688.8614719581,4120528.55159711],[605690.1022915911,4120528.400379921],[605688.8702343572,4120528.611413028],[605690.5730456568,4120538.5527962022],[605691.2204300541,4120542.3302239226],[605691.3504973998,4120545.766879228],[605691.3611958332,4120545.889449506],[605691.3838922966,4120546.0103742764],[605691.4183669006,4120546.1284819865],[605691.4642856458,4120546.2426283765],[605691.5212036585,4120546.351707565],[605691.5885695016,4120546.4546627626],[605691.6657305163,4120546.550496511],[605691.7519391454,4120546.638280347],[605691.846360176,4120546.7171637956],[605691.9480788312,4120546.7863826132],[605692.0561096327,4120546.845266189],[605692.1694059485,4120546.8932440416],[605692.2868701325,4120546.9298513494],[605692.4073641597,4120546.954733451],[605692.5297206506,4120546.9676492806],[605692.6527541821,4120546.9684737064],[605699.8862307325,4120546.6606216505],[605703.6241407153,4120546.567033018],[605708.8371812543,4120547.1519183726],[605713.3847797393,4120548.905462377],[605719.8500335636,4120552.219676294],[605719.9390120672,4120552.2609634525],[605726.3296516606,4120554.9267913415],[605726.4565310219,4120554.9718610058],[605733.4536519848,4120557.0403222465],[605737.8791243837,4120560.3690668214],[605737.9807941451,4120560.4379892033],[605744.629130653,4120564.482998402],[605744.7630883222,4120564.5537553155],[605744.9046219365,4120564.607787103],[605752.1254866166,4120566.8735276884],[605752.8739484587,4120564.488196502],[605745.7984333918,4120562.2680632686],[605739.3327686209,4120558.334195986],[605734.7759650445,4120554.906666941],[605734.6838128843,4120554.843593731],[605734.5863993573,4120554.7889965223],[605734.4845019173,4120554.7433110527],[605734.3789338033,4120554.706901936],[605727.2299076081,4120552.593535071],[605720.9467920943,4120549.9725603904],[605714.4663945914,4120546.6505835312],[605714.3458978296,4120546.596648544],[605709.5863402556,4120544.76137358],[605709.4851804771,4120544.727252792],[605709.3814781414,4120544.7018883587],[605709.2759896964,4120544.6854652986],[605703.8178074543,4120544.0730758817],[605703.647148878,4120544.0656734626],[605699.8127210005,4120544.16167868],[605699.7908572359,4120544.1624175864],[605693.8012108867,4120544.417333038],[605693.7155190572,4120542.1531730457],[605692.4664133472,4120542.2004480413],[605693.69845065,4120541.989298605],[605693.0371501705,4120538.1306718737],[605691.339453462,4120528.2191487965],[605690.5502172204,4120521.743034338],[605697.8453470578,4120519.3384281667],[605697.9503870663,4120519.29848624],[605698.0514153491,4120519.249271944],[605698.1476153545,4120519.1911830483],[605698.2382095549,4120519.1246890505],[605705.5618651144,4120513.224911196],[605705.662675402,4120513.134259568],[605705.7530751822,4120513.0332233794],[605705.8320010393,4120512.9229911664],[605705.8985245309,4120512.804859643],[605708.5663710437,4120507.40131244],[605708.6213991389,4120507.2720156116],[605708.6615675179,4120507.137359522],[605709.9544222794,4120501.705415785],[605709.9785232878,4120501.5727433716],[605709.9881928653,4120501.4382468024],[605709.9833184867,4120501.3034912157],[605709.9639568754,4120501.1700447625],[605708.6781008061,4120494.7624812485],[605708.6559299115,4120494.670282232],[605708.0019731354,4120492.3429579074],[605707.9625059653,4120492.2252805126],[605707.9115629317,4120492.112097325],[605707.8496463128,4120492.0045242845],[605707.7773665816,4120491.903622019],[605707.6954363874,4120491.810385385],[605707.6046635293,4120491.7257336574],[605707.5059429915,4120491.6505014696],[605705.447380025,4120490.237580992],[605704.0326504525,4120492.2987797293],[605705.717725763,4120493.455352276],[605706.2363047486,4120495.300889369],[605707.4588968985,4120501.393201751],[605706.2621963359,4120506.4211525465],[605703.7788743961,4120511.4509573937],[605696.846858026,4120517.0352392234],[605688.9250456382,4120519.6464112494],[605685.0809654626,4120520.026910259],[605654.3236876316,4120518.2930063196],[605614.2524908902,4120512.404386393],[605511.9230956743,4120496.7274141354]]]}},{"type":"Feature","properties":{"class":"footway","widthMeters":2},"geometry":{"type":"MultiPolygon","coordinates":[[[[605440.5523125633,4118902.1421215925],[605439.9769800092,4118905.60385782],[605439.9650620865,4118905.7110275584],[605439.9647527958,4118905.8188574896],[605440.0393618253,4118907.2784173866],[605437.0,4118907.282116638],[605437.0,4118909.2821181193],[605440.6823654198,4118909.2776362584],[605442.1695069075,4118910.742804864],[605442.2393008248,4118910.8053984363],[605442.3146497523,4118910.8611809183],[605442.3948914375,4118910.9096620297],[605442.4793206244,4118910.9504156625],[605442.5671952523,4118910.9830836277],[605442.649418977,4118911.00514536],[605437.0,4118912.613589689],[605437.0,4118914.6930700163],[605447.021736115,4118911.839784627],[605453.6426587354,4118909.95020194],[605455.7703532618,4118917.8866427005],[605460.6246563905,4118935.962965106],[605441.5495108801,4118941.15330614],[605441.5417275281,4118941.1554577784],[605437.0,4118942.430739225],[605437.0,4118944.5080877584],[605442.0785143093,4118943.0820807964],[605461.1406553144,4118937.8952782843],[605467.8659282441,4118963.221652428],[605449.0025216854,4118968.467113076],[605448.9972771602,4118968.4685868537],[605437.0,4118971.8752602995],[605437.0,4118973.9543272136],[605449.5409671809,4118970.393270875],[605468.4120863634,4118965.1456655315],[605470.5149601088,4118972.0958804307],[605474.0153090503,4118983.633003104],[605475.6325706723,4118990.9250933086],[605456.580046252,4118996.199956186],[605437.0,4119001.270062253],[605437.0,4119003.3360256767],[605457.0894873957,4118998.134003648],[605457.1056343111,4118998.129678201],[605476.1265818146,4118992.863557677],[605477.9024233746,4118999.04949007],[605481.8357392721,4119012.7800980154],[605485.8892135272,4119028.27669692],[605487.8241157507,4119027.7705809395],[605483.7677119372,4119012.2627822123],[605483.7615943283,4119012.2404533904],[605480.1052177903,4118999.4765986553],[605519.5410287981,4118988.916279882],[605523.3471041603,4119001.919048161],[605527.8914412089,4119019.3322247984],[605529.4885418508,4119027.357084022],[605529.4926978222,4119027.376914686],[605530.3574855824,4119031.3047026135],[605532.3107041132,4119030.874659162],[605531.4480947951,4119026.956765522],[605529.8472289441,4119018.9129874697],[605529.8340569632,4119018.855664589],[605525.2785683039,4119001.399756753],[605525.2707047523,4119001.3713456257],[605521.4729503131,4118988.3970042765],[605541.9471475343,4118982.8741670866],[605562.1818302145,4118977.441637006],[605567.322777343,4118996.703494635],[605567.3530851146,4118996.7979648807],[605567.3926048462,4118996.8889669636],[605567.4409475375,4118996.9756051335],[605567.4976373424,4118997.057026595],[605567.5621162524,4118997.1324299],[605567.6337495894,4118997.2010728414],[605567.7118322531,4118997.262279752],[605567.7955956612,4118997.315448162],[605567.8842153144,4118997.360054724],[605573.276752254,4118999.7468747133],[605574.0862349579,4118997.918012293],[605569.1316365859,4118995.7250306658],[605564.1133676872,4118976.922818028],[605576.5983284574,4118973.567703134],[605583.9839390222,4118976.4624689845],[605584.7137749247,4118974.600389621],[605577.0216542991,4118971.585488157],[605576.9210885942,4118971.5521016414],[605576.8175547104,4118971.5295438194],[605576.7122151387,4118971.5180679727],[605576.6062526444,4118971.5178029537],[605576.5008569873,4118971.528751738],[605576.3972115624,4118971.550791391],[605562.6303480563,4118975.2503952608],[605541.4279877063,4118980.942723735],[605541.4268441136,4118980.943031488],[605520.9386976941,4118986.469631421],[605517.6035586977,4118973.7196856304],[605514.418232478,4118961.356078695],[605534.821331367,4118955.3881059424],[605552.1979556276,4118951.0508756316],[605552.2292482053,4118951.042524384],[605572.3761469072,4118945.3147374615],[605572.4084587665,4118945.3049587402],[605580.4549330777,4118942.7207653527],[605579.8433808998,4118940.816558449],[605571.8129799796,4118943.3955897307],[605551.6978984082,4118949.1143310056],[605534.3175995222,4118953.4524785085],[605534.2790312677,4118953.4629280446],[605513.9164143184,4118959.4190596985],[605507.4922530269,4118934.7498305873],[605527.4826264115,4118928.670189683],[605544.8834128684,4118923.732431637],[605569.185152349,4118916.9812563416],[605569.1962023883,4118916.978118097],[605573.0441887662,4118915.861355309],[605572.4867500105,4118913.9406101326],[605568.6442796395,4118915.0557720647],[605544.345412688,4118921.8061493537],[605544.3400938428,4118921.8076428003],[605526.92763462,4118926.7487131846],[605526.9096533011,4118926.7539982423],[605506.9749515806,4118932.816707811],[605503.4958113193,4118920.1348412316],[605503.4879149599,4118920.1075804145],[605499.643051255,4118907.505852484],[605520.0066900783,4118901.749744365],[605537.2835391138,4118896.978654918],[605557.7338310111,4118892.0242029447],[605557.7449253757,4118892.021447907],[605557.8292316926,4118892.0],[605549.3395992982,4118892.0],[605536.797195212,4118895.038623555],[605536.766460399,4118895.046588231],[605519.4713964076,4118899.8227078305],[605519.4655797913,4118899.824333038],[605499.0870863291,4118905.5846400587],[605495.5940704364,4118892.817559134],[605495.5921688768,4118892.810704743],[605495.3641530729,4118892.0],[605493.2865534025,4118892.0],[605493.6659071824,4118893.3487833007],[605497.1567055186,4118906.107758988],[605457.4452738285,4118916.4106346644],[605455.3112981779,4118908.4507648973],[605455.310744666,4118908.4490459515],[605455.3108295159,4118908.4490230395],[605450.869162868,4118892.0],[605448.7975317214,4118892.0],[605453.1229881361,4118908.0186572513],[605446.7155554445,4118909.8473110385],[605443.3672718802,4118909.115263036],[605442.070562916,4118907.8377132667],[605441.9676738755,4118905.824917788],[605442.6602779682,4118901.6575668156],[605442.6650921701,4118901.6160638877],[605442.6662664077,4118901.616208933],[605443.2095612328,4118897.2178673386],[605443.2168908671,4118897.1159190866],[605443.2137755579,4118897.013755177],[605443.2002478515,4118896.9124429333],[605442.2866899489,4118892.0],[605440.252399752,4118892.0],[605441.2056943256,4118897.126117543],[605440.8367043235,4118900.1133428924],[605437.0,4118898.6798757254],[605437.0,4118900.8149087047],[605440.5523125633,4118902.1421215925]],[[605511.9901079312,4118959.958188972],[605472.1490660484,4118970.5906249117],[605470.0482135133,4118963.6470903214],[605462.8154407132,4118936.409547407],[605462.8145884816,4118936.4068761766],[605462.814718083,4118936.4068413726],[605457.963598357,4118918.3423735625],[605497.7119301576,4118908.02992439],[605501.5708300627,4118920.6776566496],[605505.3164346799,4118934.330816467],[605511.9901079312,4118959.958188972]],[[605519.0072002965,4118986.9887637547],[605479.553822551,4118997.553786637],[605477.7840646087,4118991.389045297],[605475.9595979424,4118983.162685798],[605475.9402466413,4118983.0888772584],[605472.7293419156,4118972.505761378],[605512.4916007337,4118961.8943503876],[605515.6672648671,4118974.2204546523],[605515.6681931788,4118974.2240304733],[605519.0072002965,4118986.9887637547]]],[[[605498.0680963645,4119053.802134784],[605497.9963295001,4119053.8567029],[605493.5927228263,4119057.529726893],[605493.5263661761,4119057.5903330795],[605493.4657185592,4119057.656651866],[605493.4112697851,4119057.7281476413],[605493.3634595991,4119057.8042429825],[605493.3226741313,4119057.8843233204],[605490.9587515175,4119063.0920212995],[605490.9253348705,4119063.175397803],[605490.8995346682,4119063.2614365336],[605490.8815590749,4119063.3494433044],[605490.871553123,4119063.4387080483],[605490.8695975438,4119063.52851055],[605491.0019732573,4119069.2446728717],[605491.0081323329,4119069.3347151363],[605491.0223845997,4119069.4238353726],[605491.0446139653,4119069.5113076475],[605491.0746393594,4119069.596419452],[605491.112216209,4119069.6784775048],[605493.7284684856,4119074.771144483],[605493.7730697766,4119074.849131599],[605493.8244903806,4119074.9228010434],[605493.8823152684,4119074.991558209],[605493.9460777199,4119075.054848139],[605494.0152630913,4119075.112160004],[605497.9142636952,4119078.057007144],[605483.7985512359,4119105.3929880583],[605479.8354535007,4119112.0069037746],[605481.5510400475,4119113.034893463],[605485.5303779865,4119106.3938748725],[605485.5611150182,4119106.338697963],[605499.730982262,4119078.8978428417],[605504.6197837853,4119079.8938431856],[605504.7083567721,4119079.907785886],[605504.797822611,4119079.9137387457],[605504.887462035,4119079.911653907],[605504.9765543813,4119079.901548131],[605505.0643833855,4119079.883502663],[605510.6287399599,4119078.4775675605],[605510.7144541087,4119078.4517784417],[605510.7975188226,4119078.41842807],[605510.8772685874,4119078.3777836487],[605510.9530644485,4119078.330170821],[605511.0242991302,4119078.2759710597],[605515.427903485,4119074.602955486],[605515.4942599821,4119074.542349563],[605515.5549074893,4119074.4760310696],[605515.6093562016,4119074.4045356126],[605515.6571663766,4119074.3284406075],[605515.6979518868,4119074.2483606176],[605518.0618863128,4119069.040668758],[605518.0954054161,4119068.9569996228],[605518.121254631,4119068.870652228],[605518.139223957,4119068.782328065],[605518.1491674104,4119068.692744684],[605518.1510042102,4119068.6026298646],[605518.0097721991,4119062.8863553833],[605518.0035866224,4119062.797304326],[605517.9894844135,4119062.709159673],[605517.9675779436,4119062.6226237924],[605517.9380417712,4119062.5383862313],[605517.9081385437,4119062.4725822387],[605575.9629344783,4119049.7897943836],[605578.8397505563,4119049.4438610505],[605578.6009733314,4119047.4581658477],[605575.676757938,4119047.8097988856],[605575.5827178572,4119047.8256878424],[605516.9683985867,4119060.6307104873],[605515.2925582585,4119057.362239855],[605515.2478361729,4119057.283928753],[605515.1962409173,4119057.209965091],[605515.1381920999,4119057.1409503934],[605515.0741618141,4119057.077445936],[605515.0046707984,4119057.01996818],[605510.4242682615,4119053.5670564645],[605510.3506413978,4119053.516545153],[605510.2728024757,4119053.4728026125],[605510.1913720515,4119053.4361775713],[605510.1069993132,4119053.406962016],[605510.0203569065,4119053.385388862],[605504.3991424479,4119052.249599953],[605504.3109559348,4119052.235845036],[605504.2218942295,4119052.2300079553],[605504.1326668031,4119052.2321352093],[605504.0439844463,4119052.2422098527],[605503.9565536081,4119052.26015163],[605502.2405133958,4119052.692926381],[605499.7244734587,4119040.7712822156],[605499.7040047046,4119040.69093981],[605499.0736936957,4119038.5858620643],[605497.1577377047,4119039.159545462],[605497.7761476305,4119041.2248766306],[605500.2991991563,4119053.179743507],[605498.3950273257,4119053.6543183713],[605498.3086187505,4119053.6800422953],[605498.2248781637,4119053.713444035],[605498.1444862221,4119053.754252096],[605498.0680963645,4119053.802134784]],[[605513.6175368222,4119058.4789057965],[605515.5393253096,4119062.2270607534],[605516.0159896791,4119063.162707109],[605516.1459506045,4119068.422791666],[605513.9712904609,4119073.2135167397],[605509.918073284,4119076.5942768203],[605504.7955651012,4119077.888570953],[605499.6112633414,4119076.8323680554],[605495.4030161162,4119073.653952337],[605492.9961210045,4119068.9688096372],[605492.8743514767,4119063.7106367555],[605495.0493376451,4119058.919163884],[605499.1012493424,4119055.539486727],[605501.718622116,4119054.887161496],[605501.7213278536,4119054.886483138],[605504.2255311441,4119054.254938523],[605509.4016713804,4119055.3007984012],[605513.6175368222,4119058.4789057965]]],[[[605437.0,4119155.5522815385],[605445.4397262778,4119153.0830408456],[605453.7746322259,4119180.8703199443],[605437.0,4119185.7378296866],[605437.0,4119187.8203273583],[605454.3508068243,4119182.785628527],[605454.9085117069,4119184.6340738344],[605456.8232577674,4119184.0563649773],[605455.9799818135,4119181.2614289303],[605447.3628301508,4119152.5331865507],[605465.6091477718,4119147.434086647],[605465.0708540849,4119145.507888343],[605446.7886193391,4119150.617025615],[605439.0803619629,4119124.868743968],[605457.1009048037,4119119.650944183],[605456.544658138,4119117.7298534387],[605438.5163787992,4119122.949893306],[605437.0,4119117.692660953],[605437.0,4119123.636489115],[605437.0,4119124.893253798],[605437.0,4119125.4788752757],[605437.1610234892,4119125.431128696],[605444.8656160011,4119151.1671684124],[605437.0,4119153.4684396223],[605437.0,4119155.5522815385]]],[[[605437.0,4119237.733233714],[605437.0,4119239.8176091854],[605456.0127882103,4119234.236933942],[605456.0228046776,4119234.233936925],[605477.4391067276,4119227.703814877],[605485.1648838248,4119252.7416969426],[605463.4295833195,4119259.446456531],[605443.2148249276,4119264.849537294],[605438.212819737,4119247.897689131],[605438.2121281383,4119247.897893202],[605438.2075834621,4119247.8805130026],[605437.0,4119244.04323243],[605437.0,4119248.2555575217],[605437.0,4119249.30812455],[605437.0,4119250.8543652007],[605441.2960616545,4119265.4137633],[605437.0,4119266.7935420843],[605437.0,4119268.8941630037],[605441.8459426934,4119267.3377773054],[605444.876048244,4119278.2708995156],[605439.4237197004,4119279.619049425],[605438.8892685485,4119278.708816661],[605438.842223331,4119278.636100301],[605438.7890626541,4119278.567727325],[605438.7301852719,4119278.5042105922],[605438.6660328191,4119278.446026537],[605437.2695423426,4119277.285606775],[605437.2002045705,4119277.2329202974],[605437.1265459249,4119277.186466067],[605437.0491250027,4119277.146596375],[605437.0,4119277.1264926638],[605437.0,4119279.6620024913],[605437.2532097253,4119279.8724082005],[605437.9861943845,4119281.1207667263],[605438.2391140072,4119282.540300869],[605437.9924409795,4119283.975682886],[605437.2709604934,4119285.232270328],[605437.0,4119285.459610745],[605437.0,4119287.986696054],[605437.0164616795,4119287.980587087],[605437.1210680568,4119287.934814191],[605437.2197745823,4119287.87741494],[605437.3112943548,4119287.8091376857],[605438.6925071931,4119286.650276855],[605438.7572614502,4119286.590909874],[605438.816555503,4119286.5260888315],[605438.869931747,4119286.4563139873],[605438.9169782479,4119286.382123833],[605439.8151808081,4119284.8177432586],[605439.8554820726,4119284.7398236226],[605439.8887993494,4119284.6586717856],[605439.9148762402,4119284.5749122645],[605439.9335120659,4119284.4891896443],[605440.2398606284,4119282.706557707],[605440.2508186608,4119282.6206533634],[605440.2543032268,4119282.534123065],[605440.2502881933,4119282.4476157576],[605440.2388036716,4119282.3617802146],[605440.0879400626,4119281.515044633],[605445.4697888405,4119280.1843216433],[605448.7747154334,4119289.6721463976],[605438.3924656425,4119293.0549985],[605437.0,4119288.8741267696],[605437.0,4119293.5056865155],[605437.0,4119294.5659247334],[605437.0,4119295.6050622556],[605438.0616663308,4119295.2662515696],[605438.0674416864,4119295.2643891475],[605449.4839104441,4119291.5445571155],[605450.6345760825,4119294.3312356514],[605454.4395443841,4119307.306456762],[605458.2012336778,4119320.55388904],[605437.0,4119327.2198159876],[605437.0,4119329.3163417266],[605458.747118048,4119322.4787820624],[605459.4949393963,4119325.118945769],[605461.4192358613,4119324.5738924555],[605460.6604389558,4119321.8949798313],[605503.3679698824,4119309.2745959377],[605503.4601245975,4119309.24239518],[605503.5487005793,4119309.201362562],[605503.6328537537,4119309.151889099],[605503.7117821932,4119309.0944462423],[605503.7847337583,4119309.029581387],[605503.8510132662,4119308.957912655],[605503.909989114,4119308.8801230052],[605503.9610992986,4119308.7969537238],[605504.0038567715,4119308.7091973634],[605504.0378540806,4119308.617690187],[605504.0627672523,4119308.523304202],[605504.0783588799,4119308.426938848],[605504.0844803846,4119308.329512427],[605504.0810734325,4119308.2319533527],[605504.0681704894,4119308.1351913027],[605504.0458945126,4119308.040148359],[605496.3593166926,4119281.2134595644],[605504.1166258109,4119278.863686189],[605512.5135985464,4119279.240967173],[605512.6033691701,4119277.24298288],[605504.0354136332,4119276.8580195373],[605503.9224728338,4119276.859330146],[605503.8104002415,4119276.8733685194],[605503.7006256047,4119276.8999555646],[605495.7811972958,4119279.2988366075],[605491.7259254893,4119266.5253996383],[605491.723960307,4119266.5192779424],[605487.3686991241,4119253.100677443],[605479.0591880069,4119226.171016291],[605475.0064468908,4119212.0730246073],[605470.5463899404,4119196.262945292],[605468.621516159,4119196.805956274],[605473.082247065,4119212.6184246372],[605473.0836068409,4119212.6231994014],[605476.8678253653,4119225.78710002],[605455.4444912967,4119232.319366226],[605437.0,4119237.733233714]],[[605464.0009442882,4119261.363200742],[605485.7683760709,4119254.6485295123],[605489.8206588574,4119267.1336507336],[605493.8662706409,4119279.876660225],[605471.2411645182,4119286.6781522236],[605471.2251887983,4119286.683100836],[605452.1522110839,4119292.7663721214],[605450.9897953589,4119289.9512372613],[605447.0693926327,4119278.6964958967],[605443.7647399587,4119266.7727622367],[605463.9643961558,4119261.3737180484],[605464.0009442882,4119261.363200742]],[[605460.1147151598,4119319.970748074],[605456.3623116552,4119306.7560165585],[605456.3599330991,4119306.7477747593],[605452.8136453999,4119294.6546734846],[605471.8249529656,4119288.591071715],[605494.4443996317,4119281.7912810454],[605501.8500873956,4119307.637644096],[605460.1147151598,4119319.970748074]]],[[[605552.2591765395,4119222.4104432384],[605557.6132495108,4119245.513239978],[605557.614983429,4119245.5205953494],[605563.1804663369,4119268.736516948],[605564.75112859,4119275.318154177],[605559.9131431661,4119273.251684007],[605559.836587976,4119273.222630072],[605554.613608668,4119271.481516955],[605554.5123994795,4119271.453588074],[605554.4088198558,4119271.4364246316],[605549.7296587758,4119270.911622014],[605549.6251437478,4119270.905415202],[605549.5205526052,4119270.910170041],[605549.4170318673,4119270.9258344094],[605549.3157163197,4119270.9522365956],[605544.2369936827,4119272.563970839],[605544.1259851798,4119272.6066177627],[605544.0208241405,4119272.6621407634],[605539.486900117,4119275.41252398],[605539.3942691458,4119275.4760975456],[605539.3093538643,4119275.5496603763],[605535.7966349518,4119278.9564444977],[605535.7342094748,4119279.0227653375],[605535.6780770922,4119279.0944908536],[605535.6287034445,4119279.171026054],[605533.5244449826,4119282.784131467],[605533.4824115562,4119282.8644729243],[605533.4478282154,4119282.9482914857],[605533.4209792891,4119283.0348980315],[605533.4020855173,4119283.123580522],[605532.490041445,4119288.615805584],[605532.4774989594,4119288.735659624],[605532.4794647373,4119288.8561521154],[605532.8355003855,4119293.4948079367],[605517.6349608038,4119295.8018737473],[605511.8601091398,4119296.4481975613],[605512.0825610758,4119298.4357878454],[605517.8768782563,4119297.7872854425],[605517.9157090528,4119297.7821676834],[605533.2098323472,4119295.460898181],[605534.6327647291,4119299.9283180735],[605534.6677238562,4119300.021696426],[605537.0625262277,4119305.560379143],[605538.9362088359,4119310.059635073],[605540.336685893,4119314.6513250307],[605540.8971533686,4119319.2649970073],[605540.9119691749,4119319.353541522],[605541.4513208427,4119321.875442983],[605530.9665570051,4119324.7088332055],[605530.5354788759,4119323.150466106],[605528.6078694825,4119323.68368466],[605529.0359974417,4119325.2313867607],[605524.5296804019,4119326.453073872],[605524.5232939665,4119326.454827993],[605517.9598817995,4119328.280953989],[605518.4959750928,4119330.207765858],[605525.0561969284,4119328.3825275023],[605530.5290535433,4119326.898805907],[605541.9529449346,4119323.811626961],[605546.4947144323,4119338.734986787],[605548.4080665723,4119338.1526779444],[605543.5965158752,4119322.3428702448],[605542.8771387865,4119318.97920561],[605542.3425265782,4119314.578369751],[605543.6956933895,4119311.2171327127],[605545.767409073,4119308.5743529988],[605549.4475922117,4119306.7598392004],[605549.5611948912,4119306.69423351],[605554.0897168576,4119303.6663844893],[605554.2051597447,4119303.5763006033],[605558.5677884257,4119299.625391941],[605558.6506637122,4119299.540887774],[605558.7229740414,4119299.447183539],[605561.8783519532,4119294.8153461874],[605561.9236840748,4119294.742229574],[605563.9297900766,4119291.1722821426],[605563.9729577726,4119291.085955522],[605564.0076020295,4119290.9958693916],[605565.2807248719,4119287.1393126063],[605565.3121934882,4119287.0195189775],[605566.155690566,4119282.747009375],[605566.1583779181,4119282.732861982],[605566.2756644051,4119282.0902099786],[605568.9101364005,4119294.078239514],[605572.1329487137,4119308.7985151797],[605574.0866724664,4119308.370772853],[605571.0705815775,4119294.594702452],[605577.155648318,4119293.0465942575],[605577.1773078,4119293.086928385],[605577.2364600453,4119293.1737752636],[605577.304398815,4119293.253935678],[605577.3803739722,4119293.326524547],[605577.4635466471,4119293.390740391],[605580.4548987428,4119295.458909815],[605580.5436267774,4119295.513647986],[605580.6375715464,4119295.558850993],[605580.7357119707,4119295.5940275276],[605580.8369813686,4119295.6187952585],[605580.9402790503,4119295.6328849867],[605581.0444822799,4119295.6361435726],[605584.6928627577,4119295.559919782],[605584.7969165426,4119295.55230204],[605584.8996103092,4119295.5338843744],[605584.9998262133,4119295.5048672645],[605585.0964733829,4119295.465566568],[605585.188499792,4119295.4164100816],[605585.2749037133,4119295.357932885],[605588.1778064361,4119293.164080955],[605588.2579142204,4119293.0966700995],[605588.3305349116,4119293.021253153],[605588.3948724791,4119292.9386567976],[605588.4502216881,4119292.8497864106],[605588.4959758292,4119292.755616144],[605588.5316333693,4119292.6571782427],[605589.5869342152,4119289.1862526243],[605589.6121928741,4119289.0841659764],[605589.6265907636,4119288.9799911985],[605589.6299686475,4119288.8748804308],[605589.6222891675,4119288.7699961653],[605589.6036372561,4119288.666498389],[605589.5742191976,4119288.565531754],[605588.3749126606,4119285.1328575565],[605588.3351624495,4119285.0357687655],[605588.2854593333,4119284.943378762],[605588.2263503602,4119284.856704418],[605588.1584861019,4119284.7766996995],[605588.0826134935,4119284.7042451627],[605587.9995676131,4119284.640138265],[605585.008213645,4119282.5719666267],[605584.9199298822,4119282.517471641],[605584.826475096,4119282.4724169048],[605584.7288552085,4119282.437287376],[605584.628120973,4119282.412461178],[605584.5253566655,4119282.3982055346],[605584.4216684127,4119282.3946738886],[605581.5752492696,4119282.4454890466],[605579.6551405689,4119274.4884770415],[605594.8238482377,4119270.395087553],[605594.3027730039,4119268.464160159],[605578.1966950903,4119272.810506036],[605566.9197749115,4119275.789503833],[605565.3471335068,4119269.1995732496],[605592.674575846,4119261.2975130365],[605592.1190121002,4119259.376224687],[605564.8813326642,4119267.2523288717],[605559.7801765379,4119245.9733055327],[605587.0962572392,4119237.767168882],[605586.5208337655,4119235.851734773],[605559.3208880854,4119244.0229828223],[605554.4259794226,4119222.901477662],[605581.9318667044,4119215.5632901234],[605581.4163259907,4119213.6308777],[605553.9901261454,4119220.947805741],[605548.302104332,4119194.5105732623],[605547.9183439931,4119190.940514247],[605545.9297997945,4119191.1542710485],[605546.3191677532,4119194.776496825],[605546.3358112738,4119194.879957108],[605552.2557293962,4119222.3950153817],[605552.2591765395,4119222.4104432384]],[[605561.9812265192,4119276.9776328397],[605561.8981747202,4119277.030183483],[605561.8206825216,4119277.0906328876],[605551.5137392693,4119285.9790115296],[605550.9609255464,4119285.42944498],[605550.8919363618,4119285.366968596],[605550.817437358,4119285.3111769785],[605550.7380739055,4119285.2625534395],[605550.6545335143,4119285.2215191955],[605550.5675398789,4119285.1884297174],[605550.4778466083,4119285.163571654],[605547.4337150423,4119284.4706701785],[605547.3407548482,4119284.454083095],[605547.246644559,4119284.4463382578],[605547.1522233306,4119284.447504727],[605547.0583330913,4119284.457572101],[605546.9658110352,4119284.476450612],[605546.8754821564,4119284.503971925],[605543.933699858,4119285.554448413],[605543.8462858854,4119285.59040628],[605543.7626573651,4119285.634456721],[605543.6835614484,4119285.686206183],[605543.6097047918,4119285.7451923257],[605543.5417472434,4119285.810888158],[605543.4802959472,4119285.8827067423],[605541.5679873568,4119288.344223852],[605541.5135467898,4119288.42159367],[605541.46666112,4119288.503761778],[605541.4277499679,4119288.5899927835],[605541.3971615831,4119288.6795149306],[605541.3751697275,4119288.7715270077],[605541.3619712252,4119288.86520552],[605541.0746533381,4119291.957416125],[605541.0736010127,4119291.983913385],[605534.8153779418,4119293.15599877],[605534.4828724233,4119288.8239082405],[605535.3450186932,4119283.6321620354],[605537.2877550233,4119280.2963973098],[605540.6207202862,4119277.063945919],[605544.9559145052,4119274.4341168],[605549.7180304645,4119272.922857786],[605554.0811313022,4119273.412211904],[605559.165220355,4119275.1070250776],[605562.9393666843,4119276.719092937],[605562.2554958324,4119276.872039326],[605562.1607541192,4119276.8981770226],[605562.0690357068,4119276.933488554],[605561.9812265192,4119276.9776328397]],[[605563.3620840771,4119286.5712743485],[605562.138774619,4119290.2769359187],[605560.2012100355,4119293.724911101],[605557.1370627736,4119298.222829302],[605552.9170439102,4119302.0445868475],[605548.5041951045,4119304.9950947696],[605546.3852576807,4119306.0398365795],[605547.6385402768,4119297.4539868166],[605548.0988974795,4119297.51315071],[605548.1975941148,4119297.520894144],[605548.2965727475,4119297.5188406487],[605548.3948632895,4119297.507010351],[605548.4915023964,4119297.485519199],[605548.5855429097,4119297.454577828],[605548.6760631393,4119297.414489493],[605552.0519723586,4119295.7147952984],[605552.137366579,4119295.666408454],[605552.217606023,4119295.6098833163],[605552.291917707,4119295.5457644174],[605552.3595857524,4119295.4746694444],[605552.419958282,4119295.3972832877],[605552.4724536994,4119295.3143514437],[605552.5165662921,4119295.2266728333],[605554.0418480646,4119291.7838380164],[605554.0795058738,4119291.6850375603],[605554.1065212417,4119291.582813245],[605554.1225921464,4119291.478307902],[605554.1275389206,4119291.3726898627],[605554.1213062614,4119291.2671398995],[605554.1039638476,4119291.162838023],[605553.4321535153,4119288.1251585796],[605553.4076329197,4119288.034646701],[605553.3747417643,4119287.9468296664],[605553.3337692828,4119287.862479708],[605553.2850757734,4119287.782338571],[605553.22908943,4119287.707110989],[605553.1663025774,4119287.6374584883],[605552.9298975049,4119287.398730412],[605562.9368347598,4119278.76906736],[605564.9301097789,4119278.3232752704],[605564.19216872,4119282.36670186],[605563.3620840771,4119286.5712743485]],[[605541.5068817019,4119308.5740619693],[605541.6068046695,4119308.60553697],[605541.7094721831,4119308.626385394],[605541.8137574384,4119308.6363784247],[605543.1328840475,4119308.6933035036],[605542.0340715613,4119310.095001319],[605541.9796154919,4119310.1716303653],[605541.9325958188,4119310.253034448],[605541.8934280769,4119310.338494159],[605541.4489585884,4119311.442546737],[605540.8348189938,4119309.4289910025],[605540.8014700048,4119309.336286438],[605540.1294625339,4119307.7226013956],[605541.3196139743,4119308.480726863],[605541.4107999624,4119308.5323058385],[605541.5068817019,4119308.5740619693]],[[605542.342547752,4119294.967742373],[605542.3899022266,4119295.055884742],[605542.4458279264,4119295.13885365],[605542.5097649497,4119295.2158184513],[605542.5810731896,4119295.286008611],[605542.6590387421,4119295.348721418],[605544.9016180522,4119296.974726006],[605544.9847296505,4119297.0289077563],[605545.0728011174,4119297.074587255],[605545.1649655479,4119297.111314869],[605545.2603157487,4119297.138729082],[605545.3579131692,4119297.156560049],[605545.6550427461,4119297.195732205],[605544.2618357628,4119306.74016048],[605542.1679285114,4119306.6498008175],[605538.7791656093,4119304.491161698],[605536.5232846931,4119299.2737755827],[605535.1998586947,4119295.11876463],[605541.8255181228,4119293.8778631],[605542.342547752,4119294.967742373]],[[605547.2737968421,4119286.485425863],[605549.7542941209,4119287.0500335963],[605550.7576869632,4119288.047532608],[605551.5417692448,4119288.839319572],[605552.0802251479,4119291.2740192916],[605550.8329412278,4119294.0893630427],[605548.0501483455,4119295.490436531],[605546.9201003497,4119295.3452057433],[605545.8705036404,4119295.206831884],[605544.0399734544,4119293.87958764],[605543.3035484037,4119292.3272309597],[605543.0911617917,4119291.872463632],[605543.3263964169,4119289.3407904054],[605544.8808322558,4119287.339925884],[605547.2737968421,4119286.485425863]],[[605576.966993751,4119285.264822114],[605576.9313649155,4119285.3634210587],[605575.8759288389,4119288.845442297],[605575.85077552,4119288.947454291],[605575.8364643606,4119289.051542365],[605575.8331533436,4119289.1565574757],[605575.8408790199,4119289.261340348],[605575.8595561046,4119289.364734269],[605575.8889784189,4119289.465597859],[605576.4796731215,4119291.1548595824],[605570.6418117889,4119292.6400759905],[605567.3673650103,4119277.7398728],[605577.722243073,4119275.0044487263],[605579.6654177874,4119283.057047271],[605577.2854389419,4119284.8557037367],[605577.2052275697,4119284.9232115257],[605577.1325247083,4119284.99874602],[605577.0681294469,4119285.081477006],[605577.0127495647,4119285.1704951753],[605576.966993751,4119285.264822114]],[[605578.7282127552,4119291.526038034],[605578.7277952625,4119291.524841661],[605577.8845681445,4119289.1133907237],[605578.7509586528,4119286.2550554653],[605581.1345413864,4119284.4536753804],[605584.1355634356,4119284.400100203],[605586.5942608033,4119286.1000020597],[605587.5784292943,4119288.9169047284],[605586.7126626424,4119291.7644449947],[605584.3273655256,4119293.567119484],[605581.3261686332,4119293.629821991],[605578.8693095137,4119291.931191824],[605578.7282127552,4119291.526038034]]],[[[605560.8968129295,4119387.6609738083],[605560.8651904404,4119387.5608687517],[605560.8232475689,4119387.464630508],[605560.7714465675,4119387.3733197176],[605558.8132006333,4119384.308384891],[605558.7525774759,4119384.223591073],[605558.6834570965,4119384.145568436],[605558.6065904986,4119384.075164708],[605558.5228128503,4119384.0131448368],[605558.433034409,4119383.9601826784],[605558.3382306314,4119383.9168536747],[605554.9472970715,4119382.576016965],[605554.8485196561,4119382.5427979347],[605554.7468214529,4119382.520039261],[605554.6433069534,4119382.5079881144],[605554.5391003748,4119382.506775376],[605554.4353334508,4119382.5164142167],[605554.3331331402,4119382.536799954],[605550.7987031351,4119383.435579972],[605550.698656901,4119383.4666840346],[605550.6024140485,4119383.508084819],[605550.5110310074,4119383.559327882],[605550.4255108631,4119383.619850742],[605550.3467923456,4119383.688989057],[605550.2757395252,4119383.765983917],[605547.9509719902,4119386.5662989877],[605547.8884136959,4119386.6502319034],[605547.8349723701,4119386.740244676],[605547.7912336378,4119386.8353509204],[605547.7576768,4119386.9345084373],[605547.7346695818,4119387.036630631],[605547.7224641024,4119387.140598418],[605547.6402932806,4119388.412856438],[605534.3901527767,4119388.2775263693],[605534.3697268785,4119390.277422062],[605547.5128905366,4119390.411659525],[605547.490466551,4119390.767717791],[605547.4893597267,4119390.8722863654],[605547.4991791953,4119390.9763987563],[605547.5198175728,4119391.078916409],[605547.551049162,4119391.178718211],[605547.5925324202,4119391.2747127484],[605547.643813694,4119391.3658502423],[605549.5930491724,4119394.4417657815],[605549.6537410062,4119394.5272685513],[605549.7230521316,4119394.6059463136],[605549.8002205269,4119394.6769340667],[605549.8843977855,4119394.7394513558],[605549.9746584442,4119394.792810852],[605550.0700101568,4119394.83642591],[605553.4609400473,4119396.1772610475],[605553.5600870695,4119396.210583201],[605553.6621723549,4119396.2333668014],[605553.7660790395,4119396.2453625845],[605553.8706703326,4119396.2464393107],[605553.9748019533,4119396.2365852],[605554.0773346499,4119396.2159080612],[605557.6207728382,4119395.306146361],[605557.7200870941,4119395.275057328],[605557.8156326248,4119395.233815347],[605557.9063746864,4119395.1828670627],[605557.9913305561,4119395.1227642377],[605558.0695801747,4119395.0541577763],[605558.1402761107,4119394.9777906756],[605560.4649054001,4119392.1885723234],[605560.5277720258,4119392.1045401874],[605560.5814857901,4119392.014382303],[605560.6254551103,4119391.919091635],[605560.6591957253,4119391.8197176773],[605560.6823360292,4119391.7173548965],[605560.6946211635,4119391.6131306766],[605560.7841973439,4119390.2334388657],[605562.6020154009,4119390.342377219],[605562.7216569224,4119388.3459589495],[605560.9105661159,4119388.237423748],[605560.9268634403,4119387.973317477],[605560.9278202956,4119387.8683408676],[605560.9177665244,4119387.7638424183],[605560.8968129295,4119387.6609738083]],[[605558.7199330704,4119391.158409031],[605556.8106464938,4119393.4492763034],[605553.8944457402,4119394.1979976343],[605551.1081552225,4119393.0962478635],[605549.5069141496,4119390.5694714156],[605549.575141247,4119389.4861304592],[605549.6973617412,4119387.5937798587],[605551.6068146117,4119385.2937349854],[605554.512608398,4119384.554812616],[605557.3019915036,4119385.6577853523],[605558.9105852685,4119388.1754645496],[605558.8527621824,4119389.112516503],[605558.7199330704,4119391.158409031]]],[[[605437.0,4119622.0989293666],[605437.131031914,4119622.040537077],[605445.8883862274,4119642.266253812],[605447.7237332063,4119641.471583146],[605438.9458458325,4119621.198443885],[605442.8681187723,4119619.301456682],[605441.9973267792,4119617.5009786054],[605437.225809655,4119619.8086984055],[605437.0,4119619.909326888],[605437.0,4119622.0989293666]]],[[[605554.7743546811,4119599.656469033],[605554.7507318878,4119599.7487131204],[605554.735989787,4119599.84278585],[605554.7302620457,4119599.9378342642],[605554.6876197903,4119603.3327145646],[605554.6914563413,4119603.433679788],[605554.7054616163,4119603.5337425065],[605555.5015544351,4119607.6820623004],[605553.9964548853,4119611.6414784743],[605548.9932728104,4119614.7706844215],[605547.215283635,4119615.6949202223],[605547.1300488213,4119615.7447184524],[605547.0501391949,4119615.8026778237],[605546.9763334619,4119615.8682335326],[605546.9093508472,4119615.9407467484],[605546.8498440855,4119616.0195108424],[605546.7983930605,4119616.1037582704],[605546.7554991539,4119616.192668056],[605546.7215803601,4119616.285373787],[605546.696967212,4119616.380972062],[605546.6818995608,4119616.47853129],[605546.6765242384,4119616.5771007733],[605546.6808936264,4119616.6757199685],[605546.6949651458,4119616.773427847],[605546.7186016717,4119616.8692722614],[605551.581917616,4119633.097418688],[605551.5836811011,4119633.103238755],[605553.8216027931,4119640.408979037],[605522.5791159704,4119649.863664255],[605522.0356957692,4119648.4464833396],[605521.9952123335,4119648.3549072044],[605521.9457742226,4119648.267838436],[605521.8878770582,4119648.186149909],[605521.8221012651,4119648.1106605576],[605521.749106252,4119648.04212717],[605521.6696238009,4119647.9812368006],[605521.5844507312,4119647.9285998805],[605521.494440911,4119647.8847441007],[605521.4004966979,4119647.850109119],[605521.3035598913,4119647.825042155],[605521.2046022924,4119647.8097945075],[605521.1046159607,4119647.804519035],[605521.0046032688,4119647.809268625],[605520.9055668537,4119647.823995662],[605520.8084995651,4119647.848552507],[605497.717756117,4119654.9375633174],[605498.3047300756,4119656.8494894593],[605520.5026588812,4119650.0345786433],[605521.0447371801,4119651.448260023],[605521.0851004156,4119651.53959728],[605521.1343718162,4119651.626453566],[605521.1920600629,4119651.707962777],[605521.2575899068,4119651.7833121293],[605521.3303079049,4119651.851750263],[605521.4094889362,4119651.9125947338],[605521.4943434322,4119651.96523882],[605521.5840252509,4119652.0091575715],[605521.677640113,4119652.0439130445],[605521.774254521,4119652.069158668],[605521.8729050661,4119652.084642701],[605521.9726080362,4119652.0902107414],[605522.0723692249,4119652.085807266],[605522.1711938445,4119652.0714761857],[605522.2680964475,4119652.047360405],[605555.361282867,4119642.0326115075],[605555.4538991476,4119641.999531082],[605555.5428181139,4119641.95751314],[605555.6271797337,4119641.9069640837],[605555.7061680538,4119641.8483728273],[605555.779019092,4119641.7823060714],[605555.8450282266,4119641.7094028196],[605555.9035570113,4119641.6303681983],[605555.9540393503,4119641.5459666373],[605555.995986974,4119641.457014477],[605556.0289941612,4119641.36437207],[605556.0527416633,4119641.268935462],[605556.0669997926,4119641.1716277245],[605556.0716306429,4119641.073390027],[605556.0665894242,4119640.975172533],[605556.0519248958,4119640.877925211],[605556.0277788943,4119640.7825886463],[605553.4968638343,4119632.5203656335],[605548.871974597,4119617.0878129043],[605549.9510336637,4119616.5268955296],[605550.0200751614,4119616.487443065],[605555.3420142788,4119613.1588727096],[605555.4181865811,4119613.106171499],[605555.4891558363,4119613.0466483766],[605555.5543131537,4119612.98081403],[605555.6130995074,4119612.909233293],[605555.6650105318,4119612.8325203033],[605555.709600849,4119612.7513332297],[605555.7464878904,4119612.666368629],[605557.4718439801,4119608.127530777],[605557.5005733568,4119608.0400142614],[605557.5211281377,4119607.9502255167],[605557.5333339253,4119607.858926358],[605557.5370871595,4119607.7668914148],[605557.5323559958,4119607.674901558],[605557.5191805762,4119607.5837372784],[605556.6887359328,4119603.2564153],[605556.7211535014,4119600.6755535733],[605565.0806783926,4119597.9062492703],[605564.4517404329,4119596.007713771],[605555.415714189,4119599.0011262777],[605555.3268522687,4119599.0353398295],[605555.2416473528,4119599.0778501853],[605555.1608719951,4119599.128271903],[605555.0852585866,4119599.1861478086],[605555.0154927142,4119599.2509531407],[605554.952206946,4119599.3221003087],[605554.8959750944,4119599.3989442214],[605554.8473070142,4119599.4807881336],[605554.806643979,4119599.5668899664],[605554.7743546811,4119599.656469033]]],[[[605449.2784068838,4119672.903964302],[605449.2030758543,4119672.9857204785],[605449.1372851338,4119673.075333075],[605445.8051365133,4119678.1871321783],[605439.1250749646,4119678.011157246],[605439.0196303107,4119678.0139445867],[605438.9150658674,4119678.0278234],[605438.8125450544,4119678.0526392665],[605438.7132085536,4119678.0881160744],[605438.6181616174,4119678.133859098],[605438.5284617704,4119678.189359384],[605437.0,4119679.2504690792],[605437.0,4119682.0747030224],[605437.6867621001,4119681.208411636],[605439.3999036752,4119680.0190909933],[605445.325313492,4119680.175185901],[605445.1369941803,4119695.1830053926],[605444.8882925052,4119707.226228431],[605444.8881783641,4119707.260946936],[605445.1508889662,4119725.927929942],[605445.1546778812,4119726.0019529066],[605446.1960433407,4119737.7769157593],[605446.2081494041,4119737.8669559425],[605448.2434645507,4119749.1098839254],[605449.3915406284,4119759.535293836],[605449.8578946587,4119768.725070041],[605447.7390151692,4119775.7127125394],[605444.8650989581,4119783.95540714],[605442.2765236364,4119791.296362502],[605437.0,4119796.350715471],[605437.0,4119799.1202366375],[605443.8320985293,4119792.5758070345],[605443.8965507691,4119792.5080098836],[605443.9543859134,4119792.43448682],[605444.0050978732,4119792.355881209],[605444.0482428912,4119792.272880894],[605444.083443425,4119792.1862121727],[605446.7518552553,4119784.6188480053],[605446.7530217613,4119784.6155212186],[605449.6342786944,4119776.3517726534],[605449.6469978534,4119776.312732319],[605451.8224138173,4119769.1386437896],[605451.8438602997,4119769.055098547],[605451.8580275939,4119768.970015959],[605451.8648102987,4119768.8840290178],[605451.8641579523,4119768.7977774465],[605451.3874753548,4119759.404470844],[605451.3827515792,4119759.345691525],[605450.2276463142,4119748.856451212],[605450.2176612436,4119748.7877770658],[605448.184261603,4119737.555430194],[605447.1501690594,4119725.8627039026],[605446.888224649,4119707.2501628813],[605447.1366514852,4119695.2202487458],[605447.1367859261,4119695.212149482],[605447.3338884655,4119679.504364093],[605450.7517603438,4119674.2610582286],[605454.9927228626,4119670.1432693074],[605455.0575162254,4119670.074097465],[605455.115469948,4119669.9991022],[605458.7480144738,4119664.807315634],[605458.7637687962,4119664.7841128674],[605463.2146336432,4119658.02694748],[605463.2739335771,4119657.9241112974],[605463.3206296603,4119657.814972677],[605466.7137119632,4119648.370367302],[605466.7397066541,4119648.2866467508],[605466.7582692957,4119648.2009712993],[605466.769257237,4119648.113999351],[605467.5865052381,4119638.1488377433],[605467.5898378884,4119638.0619358183],[605467.5856075885,4119637.9750729627],[605467.5738463324,4119637.888906125],[605465.4410009513,4119626.111340197],[605465.4200266977,4119626.020108823],[605465.3906134125,4119625.9312384594],[605465.353018847,4119625.8455078844],[605460.2292724685,4119615.5061933575],[605460.1860941328,4119615.428040141],[605460.1361167487,4119615.354049905],[605460.0797387505,4119615.2848125217],[605453.2277274801,4119607.5979807638],[605453.1519396983,4119607.521653006],[605453.0683922074,4119607.4539069263],[605452.978051628,4119607.395526328],[605452.8819631747,4119607.3471866585],[605444.4975135312,4119603.6801222977],[605444.411271938,4119603.6470587724],[605444.3223476324,4119603.622093257],[605444.2314992106,4119603.605438727],[605444.1395016833,4119603.597237259],[605444.0471398637,4119603.5975588188],[605443.9552016731,4119603.606400662],[605443.8644714184,4119603.6236873623],[605437.0,4119605.263355458],[605437.0,4119607.319619568],[605444.0031475982,4119605.646826867],[605451.8802373726,4119609.0919898064],[605458.4970940937,4119616.515016765],[605463.4982075159,4119626.606867695],[605465.5824705401,4119638.1161619914],[605464.7867629919,4119647.8186688176],[605461.4787616343,4119657.026452365],[605457.1012578245,4119663.672243294],[605453.531271635,4119668.7746188347],[605449.2784068838,4119672.903964302]]],[[[605530.6176624289,4119679.215657617],[605530.6239289074,4119679.318931782],[605530.6408327073,4119679.4210056937],[605531.6900096536,4119684.2055177893],[605531.7153016449,4119684.2989743366],[605531.7495128041,4119684.389547001],[605533.2386341206,4119687.819641851],[605531.9767882981,4119689.9907246125],[605529.8411157266,4119691.413591597],[605526.8062574597,4119692.3334394917],[605523.2865637848,4119692.688825939],[605523.1598876753,4119692.7099040193],[605503.2057620466,4119697.363847416],[605503.6600343531,4119699.311573442],[605523.5515000282,4119694.67224436],[605527.1038215702,4119694.31356345],[605527.1995422556,4119694.299190111],[605527.2934249154,4119694.275629791],[605530.5626577009,4119693.284744343],[605530.6547217844,4119693.251846531],[605530.7431334701,4119693.210116022],[605530.8270477136,4119693.1599516794],[605533.2790630069,4119691.5263250396],[605533.3526457294,4119691.472294454],[605533.420994574,4119691.411778698],[605533.4835399403,4119691.3452820936],[605533.5397605929,4119691.273358805],[605533.5891880043,4119691.19660822],[605534.7179737202,4119689.2544634943],[605536.7419243986,4119690.437959624],[605536.8174374276,4119690.477889285],[605536.8960826464,4119690.511228825],[605536.9772862126,4119690.5377349793],[605542.1681375942,4119691.989944482],[605542.2580667849,4119692.010681213],[605542.3495247349,4119692.0230389936],[605542.4417324718,4119692.0269125695],[605542.5339046374,4119692.022268948],[605547.6071770649,4119691.531181872],[605547.7031516331,4119691.5171658723],[605553.3316578437,4119690.4140813267],[605557.8323471433,4119689.641552933],[605566.1764231509,4119688.304822753],[605566.261093811,4119688.287475776],[605566.3439503366,4119688.262882394],[605566.4243737863,4119688.23122632],[605566.5017633939,4119688.192744026],[605567.0507487444,4119687.8894898104],[605567.3385654808,4119690.9573867465],[605567.3509962022,4119691.04652663],[605567.3713912569,4119691.1341878152],[605569.3589565177,4119698.216297502],[605569.3664259794,4119698.241622705],[605572.5948645761,4119708.6778395595],[605569.063745814,4119709.580882146],[605549.6010017574,4119714.5639495817],[605549.5066140052,4119714.164372873],[605549.4788139293,4119714.0683993213],[605549.4415750407,4119713.9756791396],[605549.3952691241,4119713.887138025],[605549.3403584866,4119713.8036599513],[605549.2773913435,4119713.726078344],[605549.2069963439,4119713.6551677603],[605549.1298762952,4119713.591636154],[605549.0468011459,4119713.5361178108],[605548.958600299,4119713.489167012],[605548.866154331,4119713.4512525043],[605548.7703862012,4119713.4227528167],[605548.672252036,4119713.4039524836],[605548.5727315843,4119713.395039203],[605548.4728184349,4119713.3961019632],[605548.3735100974,4119713.4071301543],[605548.2757980431,4119713.4280136726],[605527.8264803637,4119718.87974317],[605522.6559999486,4119719.1519992296],[605522.6560545899,4119719.1530369353],[605522.6250579301,4119719.154110106],[605522.5279296049,4119719.1670689564],[605522.4325358848,4119719.1894716686],[605512.9563670909,4119721.9110912383],[605512.863913768,4119721.942607764],[605512.7749762734,4119721.982993781],[605512.6904031518,4119722.0318639707],[605512.6110013075,4119722.0887520667],[605512.5375283064,4119722.1531153047],[605512.4706851474,4119722.2243396016],[605512.4111095752,4119722.301745412],[605512.3593699948,4119722.384594215],[605512.3159600487,4119722.4720955575],[605512.2812939073,4119722.563414597],[605512.255702317,4119722.657680067],[605512.2394294449,4119722.753992589],[605512.232630549,4119722.851433255],[605512.2353704969,4119722.9490723917],[605512.247623147,4119723.045978433],[605512.2692715978,4119723.141226808],[605512.3001093037,4119723.23390876],[605512.5773900433,4119723.9486701377],[605501.6669952142,4119727.1640827367],[605502.2323753258,4119729.082505352],[605514.1855790889,4119725.559765563],[605514.2774348411,4119725.5277626663],[605514.3657467667,4119725.486986835],[605514.4496792875,4119725.437823876],[605514.5284382624,4119725.3807389527],[605514.6012785003,4119725.316272183],[605514.6675108112,4119725.2450335305],[605514.7265085274,4119725.1676970315],[605514.7777134321,4119725.0849944176],[605514.8206410417,4119724.9977081935],[605514.8548851897,4119724.906664232],[605514.8801218694,4119724.8127239603],[605514.8961122996,4119724.7167762103],[605514.9027051844,4119724.619728807],[605514.8998381442,4119724.5224999804],[605514.8875383058,4119724.4260096774],[605514.8659220464,4119724.3311708565],[605514.8351938913,4119724.2388808513],[605514.5606532712,4119723.531182826],[605522.0257366368,4119721.387160551],[605523.0217197611,4119724.824592191],[605518.3467129429,4119724.7658876027],[605518.2517279965,4119724.769211817],[605518.1574876454,4119724.781538482],[605518.0648431806,4119724.8027562476],[605506.7105637847,4119727.977933335],[605507.2491910637,4119729.9040383827],[605518.4651826229,4119726.7675329144],[605523.3169033009,4119726.8284565182],[605523.4159926225,4119726.824784317],[605523.5142311342,4119726.811316818],[605523.6106529374,4119726.788186436],[605524.55477623,4119726.511542821],[605524.5578385422,4119726.5106402026],[605536.155035472,4119723.072229713],[605536.2510572041,4119723.0383536573],[605536.3431363096,4119722.9948887457],[605536.4303181346,4119722.9422856127],[605536.5116987986,4119722.8810896347],[605536.5864345666,4119722.811935277],[605536.653750596,4119722.7355395155],[605536.7129489703,4119722.6526944027],[605537.4160900051,4119721.5544945514],[605548.6583852225,4119718.9680018043],[605549.2375254624,4119720.7398360237],[605549.2734300642,4119720.833492245],[605549.3185362037,4119720.9230805496],[605549.3723900848,4119721.0076996237],[605549.4344499037,4119721.086498146],[605549.5040912996,4119721.158683353],[605549.5806136363,4119721.2235290175],[605549.6632470511,4119721.2803827506],[605549.7511601998,4119721.3286725683],[605549.8434686209,4119721.3679126445],[605549.9392436338,4119721.3977081995],[605550.0375216817,4119721.417759471],[605550.1373140257,4119721.427864731],[605550.2376166921,4119721.427922314],[605550.337420573,4119721.4179316415],[605550.4357215788,4119721.3979932247],[605557.2313549264,4119719.660699353],[605562.9905387356,4119739.7123327935],[605561.5029000081,4119740.0619457075],[605561.4094435831,4119740.0887645376],[605561.3190333641,4119740.124532474],[605561.2325240306,4119740.168911391],[605561.150733386,4119740.2214817577],[605561.0744346263,4119740.2817466087],[605561.0043490304,4119740.349136239],[605558.004992291,4119743.527864126],[605554.5715371092,4119745.589481162],[605548.5186137831,4119746.6505332747],[605544.4468268054,4119747.1507493383],[605544.3607184897,4119747.165167598],[605544.276195972,4119747.1870416063],[605540.3743787152,4119748.380802401],[605540.2854402508,4119748.412680465],[605540.1999071722,4119748.45280968],[605540.1185429703,4119748.5008318415],[605535.9846949293,4119751.211850426],[605535.9080988499,4119751.267438565],[605535.8371008538,4119751.3300187937],[605535.7723368696,4119751.399030582],[605535.7143869887,4119751.4738557907],[605535.663770268,4119751.55382421],[605535.6209400815,4119751.6382195633],[605533.5486133974,4119756.2503765305],[605533.5166571287,4119756.3305943953],[605533.4917402494,4119756.4132700143],[605533.4740485424,4119756.49778695],[605533.4637139189,4119756.5835150345],[605533.2197945673,4119759.7539455043],[605533.2170483525,4119759.8506667144],[605533.2236627968,4119759.947200559],[605533.2395759723,4119760.0426432383],[605533.2646388912,4119760.136101166],[605534.7334621998,4119764.7150584166],[605534.7683734674,4119764.8078133776],[605534.8122946915,4119764.896657091],[605536.1221797826,4119767.245562035],[605532.8411839163,4119768.3215997587],[605513.9363240914,4119773.191036119],[605513.8401371781,4119773.2210537368],[605513.7474593506,4119773.2605986474],[605513.6592315651,4119773.3092693524],[605513.5763495964,4119773.366571699],[605513.4996549435,4119773.431923898],[605513.4299262856,4119773.504662429],[605513.3678715766,4119773.58404878],[605513.3141208563,4119773.669276943],[605513.269219855,4119773.7594815977],[605513.2336244514,4119773.8537468985],[605513.207696045,4119773.951115771],[605513.1916978866,4119774.0505996323],[605513.1857924049,4119774.1511884234],[605513.1900395582,4119774.2518608696],[605513.2043962253,4119774.3515948444],[605513.608592588,4119776.415752611],[605509.0798761301,4119777.626418191],[605509.5963994196,4119779.5585682085],[605515.0277676383,4119778.106595974],[605515.1231075564,4119778.0759171033],[605515.214900535,4119778.0358553734],[605515.3022258085,4119777.98681264],[605515.3842074265,4119777.9292808454],[605515.4600230402,4119777.8638370843],[605515.5289121511,4119777.791137817],[605515.5901837401,4119777.7119122813],[605515.6432231984,4119777.626955181],[605515.6874984928,4119777.5371187106],[605515.7225655025,4119777.4433040107],[605515.7480724741,4119777.3464521263],[605515.7637635501,4119777.2475345684],[605515.7694813348,4119777.1475435686],[605515.7651684737,4119777.047482126],[605515.7508682287,4119776.9483539457],[605515.3483213184,4119774.8926196345],[605533.3714450035,4119770.2502972577],[605533.4336401112,4119770.2321092505],[605537.3216601303,4119768.9569914564],[605539.9735316489,4119771.545875559],[605540.0592174794,4119771.6205041483],[605540.1528163987,4119771.6849303087],[605540.2531199052,4119771.7383222035],[605542.8735127312,4119772.947423933],[605542.966576687,4119772.9848259636],[605543.0629191912,4119773.0127174254],[605543.1615710567,4119773.030817734],[605548.3619852295,4119773.7175198663],[605548.4631865328,4119773.7256843317],[605548.5646940965,4119773.723544985],[605548.6654615437,4119773.7111238795],[605554.1616901609,4119772.7482211823],[605554.2495065043,4119772.7287288937],[605554.3352159295,4119772.701424061],[605559.4258615169,4119770.8235470797],[605559.4977674227,4119770.793794592],[605559.567142078,4119770.75854084],[605563.4915127872,4119768.568163227],[605568.0422280177,4119766.80983192],[605572.1414089738,4119765.771918005],[605576.591107296,4119764.813978225],[605580.1348103,4119764.5096313404],[605580.2159123329,4119764.4993116646],[605580.2959003317,4119764.4824014455],[605584.3450527766,4119763.4517988143],[605587.5597537503,4119763.0714673134],[605587.9872492732,4119765.8523754356],[605588.0097192946,4119765.959277203],[605592.6536198414,4119783.2888941336],[605589.496064027,4119784.068511455],[605573.108754491,4119788.1012384263],[605573.0130528415,4119788.129929386],[605572.9206917683,4119788.168026749],[605572.8325932174,4119788.2151502273],[605572.7496365865,4119788.2708294364],[605572.672649947,4119788.3345085867],[605572.6024017774,4119788.405552035],[605572.5395932936,4119788.4832506278],[605572.4848514482,4119788.566828778],[605572.4387226731,4119788.655452212],[605572.4016674248,4119788.7482362916],[605572.3740555879,4119788.844254849],[605572.356162783,4119788.942549429],[605572.3481676157,4119789.042138857],[605572.3501498937,4119789.142029034],[605572.3620898298,4119789.2412228584],[605572.3838682398,4119789.33873018],[605572.4152677322,4119789.433577683],[605572.8104880138,4119790.453538117],[605552.959070656,4119795.2481580153],[605552.9504732046,4119795.250274843],[605535.9196024108,4119799.5235996144],[605525.9908583908,4119801.468523926],[605525.9736641635,4119801.4720490347],[605523.3100619926,4119802.042535662],[605523.0125649057,4119800.781250284],[605522.9855688788,4119800.687518725],[605522.9495694181,4119800.5968631716],[605522.9049090366,4119800.5101461555],[605522.8520126505,4119800.4281927366],[605522.7913835366,4119800.351782651],[605522.7235985443,4119800.281642895],[605522.6493026061,4119800.2184408056],[605522.5692026028,4119800.1627777116],[605522.4840606371,4119800.1151832137],[605522.3946867828,4119800.0761101446],[605522.3019313778,4119800.0459302603],[605522.2066769331,4119800.024930705],[605522.1098297369,4119800.0133112753],[605522.012311231,4119800.0111825243],[605521.9150492448,4119800.018564705],[605521.8189691666,4119800.0353875803],[605513.1155436125,4119802.001074954],[605513.556150181,4119803.951937802],[605521.2933760238,4119802.204468711],[605521.5883549276,4119803.4550778577],[605521.5893843761,4119803.4548350438],[605521.6052485664,4119803.5175730083],[605522.0253857342,4119804.8933634777],[605514.1180624645,4119806.50285938],[605514.0944297123,4119806.5079680043],[605510.187533005,4119807.4020825136],[605510.633708781,4119809.351679184],[605514.5288199893,4119808.46026185],[605523.5026442404,4119806.6336850342],[605523.5975857471,4119806.6094613993],[605523.6897008476,4119806.5760625605],[605523.7781051749,4119806.5338091687],[605523.8619499876,4119806.483106885],[605523.9404303192,4119806.424442486],[605524.0127927054,4119806.3583791885],[605524.0783424188,4119806.285551246],[605524.1364501377,4119806.2066578544],[605524.186557989,4119806.1224564444],[605524.2281849033,4119806.0337554063],[605524.2609312345,4119805.9414063296],[605524.2844825954,4119805.8462958275],[605524.2986128773,4119805.7493370255],[605524.3031864198,4119805.651460793],[605524.2981593139,4119805.5536068077],[605524.2835798232,4119805.456714534],[605524.2595879207,4119805.361714204],[605523.8361792318,4119803.975210739],[605526.3839404422,4119803.429534768],[605536.3297901559,4119801.481259652],[605536.3809275163,4119801.4698436786],[605553.4329233657,4119797.1912182844],[605573.3928817352,4119792.3703829837],[605573.6975798525,4119793.7923992127],[605573.723758536,4119793.8901402745],[605573.7596805794,4119793.98473544],[605573.8049781898,4119794.0752161844],[605573.8591875812,4119794.1606561076],[605573.9217537235,4119794.240180421],[605573.9920360243,4119794.3129749047],[605574.0693148887,4119794.378294241],[605574.1527990863,4119794.4354696497],[605574.2416338525,4119794.4839157322],[605574.3349096404,4119794.5231364667],[605574.4316714327,4119794.552730286],[605574.5309285205,4119794.57239419],[605574.6316646463,4119794.581926847],[605574.7328484094,4119794.581230655],[605574.8334438258,4119794.570312743],[605574.9324209354,4119794.549284895],[605577.8488306786,4119793.7736013606],[605583.9245814799,4119814.9523446853],[605583.8953617319,4119814.9620344117],[605583.8099967866,4119814.999488122],[605583.7284903876,4119815.0447281618],[605578.7470562826,4119818.121797817],[605572.4506553794,4119820.988971528],[605566.0756183267,4119821.7211198946],[605565.9804040764,4119821.7367403572],[605565.8871384542,4119821.7614643537],[605560.2385276456,4119823.554653889],[605560.149749295,4119823.5875390917],[605560.0644786663,4119823.628672435],[605559.9834800428,4119823.67768524],[605559.9074794177,4119823.7341382033],[605559.8371579872,4119823.797525335],[605556.6455863079,4119826.960751073],[605554.5795929364,4119825.4774048175],[605554.4886385353,4119825.419273302],[605554.3919482125,4119825.3712841603],[605554.2906486017,4119825.3339965614],[605551.8690803848,4119824.58835918],[605549.1604207717,4119822.831102796],[605548.0719130044,4119824.508943921],[605550.8974250115,4119826.342008876],[605550.9770337777,4119826.388585301],[605551.0605952423,4119826.427628875],[605551.1473985546,4119826.4588074572],[605553.5458973435,4119827.1973414137],[605555.5631852783,4119828.6457180376],[605553.5729089939,4119834.484372569],[605553.5442347034,4119834.5856653433],[605553.526367933,4119834.689411281],[605553.5195066901,4119834.794460624],[605553.4492677728,4119840.3860301157],[605553.4524883169,4119840.479757049],[605553.4644749521,4119840.5727701155],[605553.4851222546,4119840.664251255],[605553.5142486291,4119840.7533958806],[605553.5515979059,4119840.8394199554],[605553.5968415942,4119840.9215668887],[605556.6304907169,4119845.8658122774],[605558.2395293142,4119853.1894992706],[605558.262707579,4119853.276221561],[605561.1886010765,4119862.5355876386],[605563.6002666899,4119872.407033629],[605564.2098966719,4119880.521450983],[605566.2042760524,4119880.3716147826],[605565.5884653992,4119872.1749302386],[605565.578929397,4119872.0931952423],[605565.5627054535,4119872.01252103],[605563.1235724429,4119862.028645304],[605563.1056696604,4119861.9646649086],[605560.183298783,4119852.7164466153],[605558.6979028379,4119845.955530512],[605563.9500502713,4119842.620224807],[605568.9943706865,4119839.96167671],[605576.0416599147,4119839.117821818],[605582.4349052344,4119839.198149876],[605582.5384051275,4119839.194085506],[605582.6409293872,4119839.1793368408],[605590.5761411986,4119837.614625341],[605590.6515139712,4119837.596703993],[605590.7252731438,4119837.5730013778],[605597.6614336092,4119835.0436588414],[605606.7445885848,4119832.4831639444],[605606.7522548663,4119832.4809698267],[605613.3608803488,4119830.561017259],[605615.8706207672,4119829.9316461054],[605627.7986924783,4119826.952587529],[605627.3140743354,4119825.012189308],[605616.5995399737,4119827.6881646253],[605616.4797379272,4119822.3461785293],[605616.4750572783,4119822.2694039717],[605616.4644895672,4119822.193216278],[605615.4283484011,4119816.37691371],[605615.4056873686,4119816.278681584],[605615.3732510939,4119816.1832302306],[605615.3313692292,4119816.091529727],[605613.0873393607,4119811.7691207468],[605613.0269375253,4119811.667861384],[605612.95503721,4119811.574415223],[605608.6513657187,4119806.6158340145],[605608.584741666,4119806.546160384],[605608.5117183776,4119806.4832256683],[605608.432974472,4119806.4276147294],[605608.3492417305,4119806.379844371],[605608.2612982965,4119806.340358531],[605608.169961444,4119806.3095241585],[605608.0760799828,4119806.2876278027],[605607.9805263701,4119806.2748729507],[605607.8841886028,4119806.2713781353],[605607.787961965,4119806.277175835],[605607.6927407079,4119806.2922121696],[605602.0519175999,4119807.464088547],[605601.9573152087,4119807.488619784],[605601.8655592138,4119807.5222684294],[605601.7775260129,4119807.5647130935],[605601.6940564455,4119807.6155483695],[605601.6159477626,4119807.6742887106],[605601.5439460109,4119807.7403730634],[605601.4787389075,4119807.8131702314],[605601.4209492712,4119807.8919848995],[605601.3711290736,4119807.976064278],[605600.0809617783,4119810.418182034],[605585.8494752944,4119814.409332694],[605579.7813030968,4119793.2570067304],[605590.9530482249,4119790.2559753237],[605591.0440781097,4119790.2267911877],[605591.1319054412,4119790.1890484593],[605591.2157276399,4119790.1430920376],[605591.2947787254,4119790.089341879],[605591.368336317,4119790.0282891607],[605591.435728234,4119789.960491792],[605591.4963386388,4119789.886569315],[605591.5496136642,4119789.807197246],[605591.5950664745,4119789.723100898],[605591.6322817154,4119789.635048757],[605591.6609193081,4119789.5438454566],[605591.6807175578,4119789.450324427],[605591.6914955451,4119789.3553402773],[605591.6931547793,4119789.2597609875],[605591.6856800977,4119789.1644599754],[605591.6691398054,4119789.070308117],[605590.9263942919,4119785.7754154936],[605594.1232542342,4119784.9860940096],[605594.2184233728,4119784.957510902],[605594.3102858925,4119784.919623748],[605594.3979347281,4119784.8728066506],[605594.4805044212,4119784.8175218897],[605594.5571796653,4119784.7543153563],[605594.6272033569,4119784.6838111607],[605594.6898840711,4119784.6067054733],[605594.7446028886,4119784.5237596473],[605594.7908195067,4119784.4357927036],[605594.8280775757,4119784.343673242],[605594.8560092031,4119784.2483108635],[605594.8743385877,4119784.1506471927],[605594.8828847422,4119784.0516465753],[605594.8815632807,4119783.9522865596],[605594.8703872513,4119783.8535482422],[605594.849467008,4119783.7564065806],[605589.9557173843,4119765.4944292884],[605589.442535895,4119762.1561239837],[605592.5383541061,4119756.695908969],[605592.5626342708,4119756.6503866874],[605594.7654334994,4119752.25070881],[605594.8097011719,4119752.148417998],[605594.8423103949,4119752.0418362194],[605594.8628560625,4119751.9322875426],[605595.4029903957,4119747.789120425],[605595.4081119545,4119747.7406444983],[605595.5196076826,4119746.365218475],[605605.0143657798,4119743.749479158],[605604.4831691309,4119741.8213116033],[605595.2672781108,4119744.360224995],[605594.2056266888,4119740.6668578084],[605594.1604907203,4119740.5418189494],[605592.5473120894,4119736.8598238584],[605592.5056863672,4119736.775775708],[605592.4563694261,4119736.695997066],[605592.3997950968,4119736.6211897293],[605592.3364610521,4119736.552011762],[605592.2669244283,4119736.4890717086],[605589.1049759098,4119733.8861335563],[605589.0213774167,4119733.824315619],[605586.6803520789,4119732.274730123],[605586.5948946669,4119732.2240808215],[605586.5048336536,4119732.1821602434],[605586.4110577896,4119732.1493820744],[605586.3144924856,4119732.12606978],[605586.2160906788,4119732.1124534137],[605586.1168234299,4119732.1086673457],[605586.01767034,4119732.1147489385],[605585.9196098836,4119732.130638177],[605585.8236097527,4119732.1561782607],[605582.6873355288,4119733.159808432],[605582.5918652606,4119733.195825562],[605582.5005623404,4119733.241384123],[605582.4143773962,4119733.2960097683],[605582.3342077691,4119733.3591337465],[605582.2608881696,4119733.430098823],[605581.0968212538,4119734.6779512414],[605572.1875209296,4119737.5762035768],[605567.8960232774,4119738.576985225],[605564.9409458069,4119739.2581394333],[605559.162763125,4119719.1403580033],[605570.5933177203,4119715.9076165254],[605570.6893230225,4119715.875126952],[605570.7815465027,4119715.833086256],[605570.8690407871,4119715.7819263046],[605570.9509070826,4119715.722172643],[605571.0263044105,4119715.654439096],[605571.0944582447,4119715.5794214625],[605571.1546684689,4119715.4978903686],[605571.206316568,4119715.410683349],[605571.2488719823,4119715.3186962456],[605571.2818975576,4119715.222874005],[605571.3050540354,4119715.1242009695],[605571.318103539,4119715.023690766],[605571.3209120159,4119714.9223758965],[605571.313450616,4119714.8212971254],[605571.295795987,4119714.7214927943],[605570.5045578732,4119711.276777567],[605574.1085405182,4119710.355100889],[605574.1996237506,4119710.327121824],[605574.2876305899,4119710.2906008773],[605574.3717620234,4119710.245869622],[605574.4512542232,4119710.193334172],[605574.5253854811,4119710.1334714964],[605574.5934827604,4119710.066825087],[605574.6549278072,4119709.994000026],[605574.7091627629,4119709.91565749],[605574.7556952292,4119709.8325087507],[605574.7941027386,4119709.745308713],[605574.82403659,4119709.6548490655],[605574.8452250146,4119709.561951089],[605574.8574756429,4119709.467458204],[605574.8606772517,4119709.372228308],[605574.8548007737,4119709.2771259933],[605574.8398995611,4119709.183014691],[605574.8161089021,4119709.0907488368],[605571.2809937189,4119697.663172455],[605569.32138942,4119690.680693509],[605568.960983842,4119686.8390573952],[605570.195551142,4119686.1672946108],[605570.298720542,4119686.102725211],[605570.3932816852,4119686.026100654],[605572.9967479778,4119683.6398508693],[605573.0651912953,4119683.57069722],[605573.1265901672,4119683.4952194523],[605573.1803633479,4119683.4141320926],[605573.2260017818,4119683.3282027715],[605575.2957175717,4119678.9268480563],[605575.338312896,4119678.820961393],[605575.3685653184,4119678.710910777],[605575.3860807609,4119678.5981297665],[605575.7019735366,4119675.3509315643],[605575.7060087622,4119675.2176902373],[605575.6297399808,4119673.124747858],[605584.9726471704,4119670.722723855],[605584.4746502371,4119668.7857160973],[605575.2510938992,4119671.1570554744],[605573.811499246,4119666.8992563738],[605573.7690487475,4119666.7938578525],[605573.7149156049,4119666.69395542],[605573.6497987257,4119666.600838906],[605571.1167125106,4119663.3844260126],[605571.0534757812,4119663.311643074],[605570.9835236296,4119663.2452884456],[605570.9075063478,4119663.1859789775],[605570.8261306104,4119663.1342660245],[605570.7401529063,4119663.0906303218],[605566.9456506243,4119661.3896381287],[605566.8524761577,4119661.3533485886],[605566.7561433616,4119661.3265455225],[605566.6576154109,4119661.3094969187],[605566.5578774285,4119661.3023732365],[605566.4579266361,4119661.3052457017],[605566.3587623826,4119661.318085593],[605566.2613761534,4119661.3407645333],[605566.166741656,4119661.373055768],[605566.075805085,4119661.414636437],[605565.9894756617,4119661.4650907987],[605563.8241597593,4119662.8803868997],[605563.7459457077,4119662.937083518],[605561.9424363476,4119664.382303825],[605557.2399499833,4119665.693229011],[605552.633190754,4119666.4581090133],[605552.5383296396,4119666.478633636],[605552.4459050093,4119666.5082575935],[605552.3567874929,4119666.5467018313],[605548.0976091118,4119668.6347580883],[605548.0320760887,4119668.6699673384],[605547.9693419017,4119668.7099509626],[605544.5671455442,4119671.060746198],[605542.0953421443,4119671.145553727],[605538.2899160563,4119670.695207942],[605538.2040929039,4119670.688780672],[605538.1180349533,4119670.689756603],[605538.0323796293,4119670.698128506],[605537.9477613742,4119670.7138343714],[605533.7025218083,4119671.692459829],[605533.6140796056,4119671.717174802],[605533.5282775093,4119671.7498986977],[605533.4458390756,4119671.790355561],[605533.3674594961,4119671.8382042246],[605533.2937997341,4119671.8930411884],[605533.2254809516,4119671.9544040193],[605533.1630792706,4119672.0217752545],[605531.2616659857,4119674.273762827],[605530.3015235161,4119673.7712474405],[605530.2232001631,4119673.734479775],[605528.419587074,4119672.981215193],[605525.4090469765,4119671.2437077193],[605524.4093182787,4119672.975915135],[605527.4752866612,4119674.7454125695],[605527.5897688961,4119674.80206594],[605529.412478188,4119675.5633058986],[605530.8858453528,4119676.334430699],[605530.6221003531,4119679.11228873],[605530.6176624289,4119679.215657617]],[[605550.056258203,4119716.5119012618],[605568.5663942975,4119711.7727310387],[605569.1335778482,4119714.2420077077],[605557.6644849546,4119717.4856484253],[605550.8476156886,4119719.2283712286],[605550.2892436283,4119717.5200756285],[605550.056258203,4119716.5119012618]],[[605548.1252230544,4119717.0384165603],[605536.569832623,4119719.6969425073],[605536.4766037897,4119719.7232046807],[605536.3863529571,4119719.758362956],[605536.2999267967,4119719.8020875016],[605536.2181360997,4119719.8539681244],[605536.1417481707,4119719.913518115],[605536.0714796289,4119719.9801788167],[605536.007989686,4119720.0533248642],[605535.9518739613,4119720.132270051],[605535.2294394316,4119721.260603421],[605524.9540446165,4119724.3071176372],[605524.0198553916,4119721.0829549767],[605528.0358433352,4119720.8714897037],[605528.1391937574,4119720.8606407135],[605528.240860253,4119720.8391248113],[605547.7967381349,4119715.6255838037],[605547.8882386928,4119716.012937999],[605548.1252230544,4119717.0384165603]],[[605538.2275670521,4119672.701785755],[605541.9359609991,4119673.1406484595],[605542.0117467605,4119673.1467069183],[605542.0877737707,4119673.1469902266],[605544.9287125444,4119673.0495176697],[605545.0234153811,4119673.041751289],[605545.1169535504,4119673.0250313957],[605545.2084825016,4119672.9995089537],[605545.2971758248,4119672.965414403],[605545.3822327128,4119672.9230555817],[605545.462885192,4119672.8728149454],[605549.044935921,4119670.397746812],[605553.1054737414,4119668.4070738126],[605557.6205285408,4119667.65741989],[605557.7252701059,4119667.6341953236],[605562.6766168693,4119666.253894633],[605562.77230021,4119666.221938457],[605562.864277098,4119666.1805047635],[605562.9516115305,4119666.130015203],[605563.0334147488,4119666.0709835812],[605564.9588723839,4119664.528041506],[605566.6262411899,4119663.43821412],[605569.6976326535,4119664.815051585],[605571.972019813,4119667.702978628],[605573.6070614093,4119672.538838933],[605573.7049027523,4119675.2237683283],[605573.4122273006,4119678.232305634],[605571.5000286307,4119682.2986922716],[605569.1321376414,4119684.4690216435],[605567.4258031815,4119685.3974862057],[605567.4202327536,4119685.4005402043],[605565.6875971503,4119686.35763141],[605557.5104795496,4119687.667614669],[605557.4994910194,4119687.6694378704],[605552.9817123055,4119688.444899605],[605552.9585618441,4119688.4491543802],[605547.3661524489,4119689.5451646084],[605542.5271097247,4119690.0135785122],[605537.6402334395,4119688.646410073],[605535.1442885145,4119687.1869174135],[605533.6227793917,4119683.682219342],[605532.6279410376,4119679.1455049627],[605532.9404029622,4119675.854542602],[605532.9410924877,4119675.8469747948],[605532.9860787482,4119675.3315688428],[605534.4763502396,4119673.5665275943],[605538.2275670521,4119672.701785755]],[[605574.6911079101,4119789.771508984],[605588.984128936,4119786.2541621453],[605589.5069679598,4119788.573527812],[605578.2813729185,4119791.589024755],[605575.4331755791,4119792.346565695],[605575.1334765307,4119790.947879959],[605575.1322830347,4119790.9481356917],[605575.1195842169,4119790.891178207],[605575.0881172454,4119790.796086499],[605574.6911079101,4119789.771508984]],[[605590.7858141981,4119755.731922576],[605587.781174575,4119761.0313223684],[605584.044698336,4119761.473385138],[605583.9155301006,4119761.497356762],[605579.8820116656,4119762.5239801775],[605577.4951872636,4119762.7289698645],[605577.5260802116,4119762.073638904],[605577.5271105831,4119762.0391131043],[605577.5445341533,4119760.6523152366],[605577.5398546417,4119760.5423140884],[605577.5231106618,4119760.433494101],[605577.4945051869,4119760.3271744074],[605577.4543849769,4119760.22464383],[605576.3748580738,4119757.8587004174],[605574.5553142593,4119758.6889174418],[605575.5418785543,4119760.851119503],[605575.5274854167,4119761.996715517],[605575.479841113,4119763.0073923655],[605571.7029178636,4119763.8204958085],[605571.667923588,4119763.8286901154],[605567.4927312514,4119764.885850136],[605567.3777685061,4119764.9224670483],[605562.7051065727,4119766.7279168176],[605562.578152315,4119766.7875132817],[605558.6605043684,4119768.9741386017],[605553.7276858437,4119770.793795107],[605548.4715784113,4119771.71463017],[605543.5737462814,4119771.0678832657],[605541.24742346,4119769.9944713255],[605538.3888513435,4119767.2037961907],[605536.6074965398,4119764.0094449194],[605535.2289405222,4119759.711889839],[605535.4444359678,4119756.910909422],[605537.3256042304,4119752.7241934114],[605541.0959893058,4119750.251537448],[605544.7775962882,4119749.1251499755],[605548.7879411657,4119748.632482029],[605548.8386715851,4119748.6249246006],[605555.0997743324,4119747.527379507],[605555.1893458094,4119747.5074027316],[605555.2767087156,4119747.4792985735],[605555.3611272699,4119747.4433037303],[605555.4418904893,4119747.3997213547],[605559.1526016229,4119745.171626074],[605559.2285615198,4119745.121165919],[605559.2996087519,4119745.063995787],[605559.3651524807,4119745.0005911123],[605562.252865959,4119741.940183111],[605564.4682644065,4119741.4195379484],[605567.4990537256,4119740.7209319323],[605567.8324680551,4119741.5915286574],[605567.8654384435,4119742.6002017776],[605567.8712188265,4119742.6797307064],[605567.8833173256,4119742.758546248],[605568.2751037036,4119744.771868402],[605568.300359543,4119744.8731387365],[605568.3360332159,4119744.9712250615],[605568.3817361096,4119745.0650588693],[605568.9197133546,4119746.037181092],[605570.6696232009,4119745.0687723304],[605570.2081128979,4119744.234825494],[605569.8617596163,4119742.4549761317],[605569.8259090726,4119741.3581895484],[605569.8161361477,4119741.247655643],[605569.7941768777,4119741.138885037],[605569.7603016526,4119741.0332170506],[605569.4659220296,4119740.2645460214],[605572.6833465317,4119739.5142393317],[605572.7655887041,4119739.491318003],[605581.9611824628,4119736.499932584],[605582.055600764,4119736.4638456586],[605582.1458937358,4119736.4184115184],[605582.2311388473,4119736.3640943686],[605582.3104651424,4119736.3014491717],[605582.3830621375,4119736.231115978],[605583.5453817536,4119734.985136624],[605585.9763724498,4119734.207202223],[605587.874048315,4119735.463323184],[605590.811314773,4119737.8813014915],[605592.3018648311,4119741.2834033365],[605593.5679473777,4119745.687963662],[605593.4166207603,4119747.5547487936],[605592.901466298,4119751.5063047265],[605590.7858141981,4119755.731922576]],[[605566.40000376,4119823.6970119094],[605572.8355887883,4119822.957909842],[605572.9384203946,4119822.9406277896],[605573.0388933434,4119822.912731641],[605573.1359151916,4119822.8745247102],[605579.6333263739,4119819.9158175346],[605579.7444339715,4119819.856507927],[605584.6597615086,4119816.8202728005],[605585.4324714465,4119816.6034403793],[605601.034557966,4119812.2279116544],[605601.1306539224,4119812.1956253527],[605601.2229872892,4119812.1537757707],[605601.3106091714,4119812.1027929904],[605601.392619093,4119812.0432009534],[605601.4681742514,4119811.9756120774],[605601.5364981785,4119811.9007209623],[605601.5968887203,4119811.819297252],[605601.6487252528,4119811.732177725],[605602.9196274035,4119809.326526365],[605607.5253430513,4119808.369692714],[605611.3669095354,4119812.795848246],[605613.4860845035,4119816.877764018],[605614.4819690702,4119822.4680891125],[605614.6101972427,4119828.185797077],[605612.8564376056,4119828.6255895323],[605612.8206903948,4119828.6352608413],[605606.1981096445,4119830.5592677244],[605597.0827252169,4119833.128847939],[605597.0114533685,4119833.1518528573],[605590.1130379476,4119835.6674312735],[605582.3560419502,4119837.1970011364],[605576.0008276411,4119837.11715092],[605575.869371654,4119837.1241648584],[605568.5728951995,4119837.9978578696],[605568.4827003202,4119838.012868036],[605568.394253499,4119838.0360538336],[605568.3082941888,4119838.067221419],[605568.2255410457,4119838.1061102175],[605562.9818237411,4119840.869748035],[605562.9119924668,4119840.910234299],[605557.8922460239,4119844.097956876],[605555.452741575,4119840.1220492693],[605555.5173478845,4119834.978879589],[605557.6198321781,4119828.811052768],[605561.0736667025,4119825.3878934723],[605566.40000376,4119823.6970119094]]],[[[605476.8347697906,4119865.90024564],[605478.1891073958,4119864.4285902283],[605439.47563169,4119828.8012853903],[605438.1212940848,4119830.272940802],[605476.8347697906,4119865.90024564]]],[[[605437.0,4119831.233975252],[605437.0,4119832.2114687804],[605468.0857933494,4119869.6887906906],[605469.6251672029,4119868.411947654],[605438.0590484929,4119830.355541017],[605437.0,4119831.233975252]]],[[[605437.0,4119833.0447835377],[605437.0,4119837.1476255073],[605457.6747306496,4119874.1798026175],[605459.42101349,4119873.2048686496],[605437.0,4119833.0447835377]]],[[[605454.6368526005,4120811.7938133436],[605456.0521190929,4120810.3806534954],[605452.0913622144,4120806.413992184],[605450.676095722,4120807.8271520324],[605454.6368526005,4120811.7938133436]]],[[[605616.7452079357,4118914.2080163164],[605610.8427385848,4118892.0],[605608.773304311,4118892.0],[605614.7907760416,4118914.64071229],[605615.0096966526,4118917.001221162],[605615.0100501842,4118917.0049568736],[605615.2534845471,4118919.526835181],[605615.26427652,4118919.60567976],[605615.2813037824,4118919.683416539],[605619.5889443605,4118936.17915685],[605618.9121577344,4118936.369865126],[605618.8958746972,4118936.374602832],[605609.6018678898,4118939.164474366],[605603.4415134087,4118918.495037155],[605601.5248308836,4118919.066288499],[605607.9713720852,4118940.695949422],[605608.0040293619,4118940.7886214615],[605608.0456237516,4118940.877641186],[605608.0957536768,4118940.962149146],[605608.1539351529,4118941.0413294495],[605608.2196064607,4118941.1144176424],[605608.2921335698,4118941.1807080875],[605608.3708162595,4118941.239560776],[605608.4548948797,4118941.290407509],[605608.5435576844,4118941.3327573813],[605608.6359486694,4118941.366201522],[605608.7311758363,4118941.39041704],[605608.8283198043,4118941.405170145],[605608.9264426868,4118941.4103184016],[605609.0245971463,4118941.405812105],[605609.1218355403,4118941.3916947623],[605609.2172190704,4118941.36810267],[605619.4627647062,4118938.2925985614],[605621.0755721515,4118937.8381337193],[605621.1674896568,4118937.807351606],[605621.2559949639,4118937.767814574],[605621.3402564446,4118937.7198941275],[605621.419482347,4118937.6640405445],[605621.4929282354,4118937.6007786468],[605621.5599039855,4118937.5307028648],[605621.6197802686,4118937.454471657],[605621.6719944652,4118937.37280132],[605621.7160559515,4118937.286459258],[605621.7515507098,4118937.196256772],[605621.7781452183,4118937.1030414384],[605621.7955895851,4118937.007689142],[605621.8037198967,4118936.911095849],[605621.8024597575,4118936.814169184],[605621.7918210087,4118936.7178199063],[605621.7719036153,4118936.622953349],[605617.2365668917,4118919.255270168],[605617.0808263834,4118917.6418635626],[605627.8231729349,4118914.5757247526],[605627.9152058674,4118914.5445466023],[605628.0037782823,4118914.504583307],[605628.088053867,4118914.456212205],[605628.1672368795,4118914.399890023],[605628.2405796631,4118914.336148562],[605628.3073897051,4118914.265589679],[605628.3670361758,4118914.1888796003],[605628.4189558851,4118914.106742632],[605628.4626585998,4118914.0199543242],[605633.1745509577,4118903.408448888],[605645.8696459967,4118899.94816678],[605645.9645789294,4118899.9171210392],[605646.0559413391,4118899.8767600455],[605646.1428217856,4118899.8274864447],[605646.2243535408,4118899.769791795],[605646.2997232357,4118899.7042516633],[605646.3681789746,4118899.6315198853],[605646.4290378365,4118899.5523220403],[605646.4816926873,4118899.467448214],[605646.5256182366,4118899.3777451157],[605646.5603762792,4118899.284107633],[605646.5856200651,4118899.187469902],[605646.6010977599,4118899.088795991],[605646.6066549565,4118898.989070281],[605646.6022362157,4118898.889287645],[605646.5878856196,4118898.7904435247],[605646.5637463308,4118898.693523999],[605644.5366833939,4118892.0],[605642.4469832095,4118892.0],[605644.351538037,4118898.2889924203],[605633.1696114971,4118901.336832568],[605630.7730683291,4118892.0],[605628.7082364258,4118892.0],[605631.398316625,4118902.4804406404],[605626.8245464735,4118912.7808853746],[605616.8898562032,4118915.616498549],[605616.7744871492,4118914.372533103],[605616.7632899442,4118914.289662062],[605616.7452079357,4118914.2080163164]]],[[[605667.4059354336,4118925.7526079714],[605666.0332047124,4118922.494931974],[605664.5723637189,4118917.4665153855],[605739.6078540505,4118892.0],[605733.3848346396,4118892.0],[605664.0143306314,4118915.5438590436],[605657.1868950762,4118892.0],[605655.1044993268,4118892.0],[605662.1350739732,4118916.2443677625],[605658.4011029503,4118917.7843839023],[605645.1841779073,4118921.3736375375],[605645.7083243345,4118923.303733526],[605658.9861324162,4118919.6979461913],[605659.1053378845,4118919.657358346],[605662.695929041,4118918.17647692],[605664.1288211384,4118923.108689896],[605664.1675910245,4118923.21802336],[605665.5636760792,4118926.531122355],[605665.565270317,4118926.5348842028],[605666.298977119,4118928.256380449],[605663.3559522807,4118933.7181548267],[605665.1166159381,4118934.6668715836],[605668.2879413322,4118928.781408588],[605668.330777376,4118928.6914472426],[605668.3644482365,4118928.5976696154],[605668.3886196305,4118928.5010067266],[605668.4030515852,4118928.4024182437],[605668.4076008204,4118928.30288295],[605668.4022221715,4118928.2033890286],[605668.3869690377,4118928.1049242523],[605668.3619928516,4118928.008466176],[605668.3275415759,4118927.914972434],[605667.4059354336,4118925.7526079714]]],[[[605591.141209541,4118967.4528120602],[605596.9814775847,4118969.463357967],[605600.1269000304,4118970.7360212444],[605600.8770404657,4118968.8820284377],[605597.7070820219,4118967.5994376973],[605597.657519218,4118967.5808946127],[605591.569076112,4118965.484913012],[605591.480148471,4118965.4588404316],[605591.3891891054,4118965.4411119637],[605591.2969791655,4118965.4318798576],[605591.2043105417,4118965.4312233985],[605591.1119790633,4118965.439148224],[605586.4537875764,4118966.057494913],[605586.7169668463,4118968.0401034653],[605591.141209541,4118967.4528120602]]],[[[605635.4775605364,4119119.916220605],[605635.5702510149,4119119.8845277634],[605635.6593958942,4119119.843918017],[605635.7441397435,4119119.7947810553],[605635.823669364,4119119.7375883944],[605635.8972215927,4119119.6728888527],[605635.9640906254,4119119.601303285],[605636.0236347892,4119119.523518624],[605636.0752827008,4119119.440281287],[605636.1185387487,4119119.352390017],[605636.1529878498,4119119.260688215],[605636.1782994317,4119119.1660558484],[605636.1942306054,4119119.0694010053],[605636.200628496,4119118.9716511816],[605636.1974317097,4119118.873744381],[605636.1846709227,4119118.7766201138],[605636.1624685869,4119118.68121038],[605632.2576859994,4119104.9800125575],[605647.0272670557,4119100.449429967],[605647.0354233022,4119100.4468898643],[605662.057897599,4119095.697952397],[605662.0791713384,4119095.6909643654],[605664.954808275,4119094.7105669864],[605715.3930780623,4119078.9477385706],[605718.7352677499,4119085.7137235394],[605723.3357591865,4119100.553221908],[605725.9699749947,4119110.760504224],[605725.9953053452,4119110.843567274],[605729.6046966488,4119121.0657570586],[605678.3467024605,4119136.385724252],[605678.9194281864,4119138.3019667324],[605730.2093221621,4119122.9724653442],[605732.7035570551,4119131.8593567875],[605732.7165743405,4119131.902050764],[605735.7341156675,4119141.061031245],[605735.7654038165,4119141.1435530214],[605735.8038459106,4119141.2229948062],[605735.8491425324,4119141.2987378445],[605738.8013521301,4119145.774330628],[605738.863480931,4119145.8585698633],[605738.9340747917,4119145.9358533896],[605739.0123602693,4119146.0053344704],[605739.0974796494,4119146.0662518553],[605743.8779776873,4119149.122350915],[605743.9583437803,4119149.1686241846],[605749.9806764356,4119152.27363925],[605750.8971963578,4119150.496002833],[605744.9161207025,4119147.412259194],[605740.353820443,4119144.4956506267],[605737.5919948153,4119140.308682717],[605734.6231203821,4119131.2974182344],[605731.8601151208,4119121.45290524],[605731.8392257823,4119121.390546414],[605731.8402625701,4119121.3901803307],[605727.8956658568,4119110.218652271],[605725.2663044196,4119100.0301800827],[605725.2531817269,4119099.9839518056],[605720.6221032692,4119085.0457909233],[605720.5957203093,4119084.97124731],[605720.563529927,4119084.8990213433],[605716.8075315532,4119077.2953151157],[605716.8064924299,4119077.2934545437],[605716.8065868084,4119077.2934076735],[605713.7581564123,4119071.155053911],[605708.9535305504,4119060.667341588],[605708.8978135319,4119060.5626141224],[605708.8300869727,4119060.4652214055],[605701.0033126448,4119050.5245253146],[605700.9424364966,4119050.454199918],[605700.8752895311,4119050.389834929],[605700.8024526744,4119050.331987205],[605700.7245560797,4119050.2811572202],[605700.6422736746,4119050.237784733],[605700.5563173307,4119050.202244984],[605700.4674307051,4119050.1748454473],[605693.1428828776,4119048.2851648293],[605693.068926862,4119048.269043211],[605692.993963292,4119048.258561703],[605683.5011864014,4119047.295891582],[605683.2993997447,4119049.2856860803],[605692.7167078409,4119050.2407028503],[605699.6408223369,4119052.0270745507],[605707.1849233861,4119061.6087505603],[605711.9464095726,4119072.0022960287],[605711.9599132602,4119072.03059225],[605714.4940283794,4119077.1333149816],[605664.3459753606,4119092.8054456566],[605664.3215717693,4119092.81341746],[605661.4443819472,4119093.7943442673],[605647.4278205622,4119098.2252903422],[605646.5378510023,4119094.924285119],[605644.6068013159,4119095.444906967],[605645.5169452934,4119098.8207415566],[605631.7098562798,4119103.0560788265],[605627.9180022891,4119089.728107451],[605627.8862198688,4119089.6343150567],[605627.8453163363,4119089.5441261632],[605627.7956928381,4119089.4584252657],[605627.7378360386,4119089.3780528437],[605627.6723133472,4119089.3037971207],[605627.5997673539,4119089.236386333],[605627.520909527,4119089.176481587],[605624.8283976982,4119087.3339765547],[605624.7435922876,4119087.28194141],[605624.6540357276,4119087.238591249],[605624.5606145936,4119087.2043552212],[605624.4642537185,4119087.1795722498],[605624.365907038,4119087.1644876767],[605624.2665481461,4119087.1592508336],[605624.1671606576,4119087.163913563],[605624.0687284702,4119087.1784297056],[605623.9722260247,4119087.202655558],[605579.340559861,4119100.8000649274],[605577.9480124194,4119101.219464536],[605577.2976214052,4119098.9042595117],[605577.2921565686,4119098.8855113047],[605573.7050416017,4119087.011987375],[605571.7905046606,4119087.59038888],[605575.3747956733,4119099.454565385],[605576.2922835426,4119102.7205584226],[605577.4088816836,4119107.4703948186],[605561.3213912275,4119112.087187951],[605561.309921048,4119112.090553998],[605541.5335997484,4119118.0227370732],[605541.4416668622,4119118.0552782444],[605541.353340856,4119118.096619507],[605541.2694617616,4119118.1463676817],[605541.190827318,4119118.2040496343],[605541.1181853849,4119118.2691167756],[605541.0522268292,4119118.3409502795],[605540.9935789554,4119118.418866968],[605540.942799539,4119118.502125806],[605540.9003715217,4119118.589934956],[605540.8666984189,4119118.6814592998],[605540.8421004814,4119118.775828388],[605540.8268116498,4119118.872144716],[605540.82097733,4119118.9694922585],[605540.8246530095,4119119.0669451845],[605540.8378037309,4119119.163576659],[605540.8603044228,4119119.2584676608],[605546.2953034505,4119138.0458748504],[605546.3017568198,4119138.067282967],[605550.8446737375,4119152.5498056235],[605543.5067436752,4119154.730532469],[605544.0764873872,4119156.6476636864],[605551.4299641916,4119154.462316573],[605555.7856830761,4119169.064584999],[605555.787380359,4119169.0702145565],[605560.7053328301,4119185.2102637263],[605560.7388681564,4119185.3034854336],[605560.7814630654,4119185.392931387],[605560.832699492,4119185.4777236823],[605560.8920745556,4119185.557030092],[605560.9590054956,4119185.630072231],[605561.0328353914,4119185.6961331973],[605561.1128396093,4119185.7545646094],[605561.1982329155,4119185.8047929686],[605561.2881771831,4119185.8463252876],[605566.3477299144,4119187.8849835703],[605566.4375490472,4119187.9162971694],[605566.5299370498,4119187.938935082],[605566.6240579939,4119187.9526924794],[605566.7190602715,4119187.957444885],[605566.8140843003,4119187.953149298],[605566.9082703012,4119187.939844586],[605567.0007660773,4119187.91765113],[605601.7725618182,4119177.803307805],[605602.2302541799,4119179.3448191695],[605602.2310260426,4119179.347406007],[605603.3298105805,4119183.011837168],[605605.2455415244,4119182.437402707],[605604.4353019575,4119179.7352650138],[605648.7073151426,4119166.6824833048],[605649.3404366989,4119168.9075119444],[605651.2640774427,4119168.3601489128],[605650.3546648219,4119165.164128959],[605650.3543383331,4119165.162984143],[605646.3392926413,4119151.116142824],[605660.7431775191,4119146.68469136],[605661.6714886727,4119149.58643577],[605663.5763840398,4119148.977031437],[605662.6547501929,4119146.0961591643],[605676.6027127856,4119141.7988544004],[605676.6038538917,4119141.798502085],[605679.7399399205,4119140.8281856985],[605679.1487820203,4119138.9175490667],[605676.0132662184,4119139.887689023],[605661.1000578755,4119144.4823817606],[605645.7576646619,4119149.202571587],[605641.5418709181,4119136.115143176],[605641.5060263543,4119136.020553688],[605641.4608093713,4119135.930069278],[605641.4066826296,4119135.844615783],[605641.3441999542,4119135.765067563],[605641.274000668,4119135.692238556],[605641.1968030505,4119135.6268739495],[605641.1133969878,4119135.569642553],[605641.0246358913,4119135.5211299593],[605640.9314279648,4119135.4818325494],[605640.8347269122,4119135.4521524142],[605640.735522179,4119135.432393241],[605640.6348288285,4119135.422757206],[605640.5336771555,4119135.423342905],[605640.4331021442,4119135.434144345],[605640.3341328786,4119135.455051006],[605627.675413649,4119138.8060334763],[605625.581912318,4119131.5069011333],[605625.5812331783,4119131.507095921],[605625.5770786195,4119131.49057395],[605623.1290960029,4119123.4732330316],[605635.4775605364,4119119.916220605]],[[605579.8092650739,4119106.7809798024],[605579.3334734645,4119106.917699569],[605578.4494460057,4119103.157183011],[605578.9054404084,4119103.0198491807],[605579.8092650739,4119106.7809798024]],[[605633.9657471532,4119118.270381759],[605621.5993501409,4119121.832559746],[605609.9582118333,4119125.1815074957],[605609.9367960315,4119125.1879285094],[605589.7763005432,4119131.4790411987],[605585.5097185768,4119117.309315175],[605585.4958953223,4119117.266863471],[605581.9656598705,4119107.1948591922],[605580.8228506314,4119102.4392301547],[605624.0954577009,4119089.2558694743],[605626.0932216974,4119090.622953614],[605630.0654950815,4119104.5850803438],[605633.9657471532,4119118.270381759]],[[605617.2021383857,4119132.6951327333],[605617.1663566958,4119132.5965901786],[605617.1204548618,4119132.502335279],[605617.0649373893,4119132.4134039865],[605617.0004144689,4119132.330773742],[605616.9275952697,4119132.2553527323],[605615.0942701881,4119130.545704319],[605615.0142944963,4119130.478577306],[605614.9277553598,4119130.420155349],[605614.8355962409,4119130.3710753736],[605614.7388218722,4119130.3318724562],[605614.6384873018,4119130.302973993],[605614.535686392,4119130.2846950395],[605612.0546528585,4119129.9761160905],[605611.9508290289,4119129.9686622],[605611.8467928303,4119129.972041176],[605611.7436714896,4119129.986216408],[605611.6425823212,4119130.0110343075],[605611.544620621,4119130.046225974],[605611.4508477991,4119130.091410108],[605609.2525467892,4119131.2954574535],[605609.1638599087,4119131.3502268004],[605609.0813559744,4119131.4139303714],[605609.0059313952,4119131.4858760247],[605608.9384056625,4119131.565282067],[605608.8795124465,4119131.6512857485],[605608.8298916243,4119131.7429526355],[605607.7542671108,4119134.00414276],[605607.7139515232,4119134.101912872],[605607.6841867021,4119134.2033938887],[605607.6653055476,4119134.307450813],[605607.6575192328,4119134.412919835],[605607.6609148427,4119134.518621355],[605607.6754543995,4119134.6233731695],[605607.8461642395,4119135.5070929253],[605592.3944346807,4119140.1963762366],[605590.3522179694,4119133.394439751],[605610.5218938491,4119127.1004623068],[605621.206898979,4119124.0265770103],[605623.3636164229,4119131.0900009475],[605617.2212151748,4119132.7719487767],[605617.2021383857,4119132.6951327333]],[[605610.438865307,4119139.4457426956],[605610.5306372541,4119139.494977496],[605610.6270321107,4119139.5344006806],[605610.727004363,4119139.5635846592],[605610.8294696965,4119139.582212898],[605613.3192348578,4119139.9019974833],[605613.4236945966,4119139.9098821804],[605613.5284060071,4119139.9067957574],[605613.6322199856,4119139.892772086],[605613.7339972769,4119139.8679650617],[605613.8326209764,4119139.8326469166],[605613.9270087873,4119139.787205233],[605616.1253086466,4119138.583158873],[605616.2139954552,4119138.5283895913],[605616.2964993309,4119138.464686101],[605616.371923867,4119138.392740541],[605616.4394495743,4119138.3133346024],[605616.4983427842,4119138.2273310325],[605616.5479636205,4119138.135664262],[605617.6235896667,4119135.8744749883],[605617.6639032267,4119135.776710863],[605617.6936673048,4119135.675236202],[605617.712549049,4119135.571185796],[605617.7203373046,4119135.4657232417],[605617.7169449755,4119135.360027928],[605617.7024099983,4119135.255281846],[605617.6030872667,4119134.741007738],[605623.9318233327,4119133.008036631],[605625.7509509585,4119139.3505467093],[605595.0358139848,4119148.602326234],[605592.9834021826,4119142.1077082586],[605608.3139406857,4119137.455203949],[605608.3766344887,4119137.5356541174],[605608.448659129,4119137.610539124],[605610.2731106956,4119139.320074907],[605610.3527116422,4119139.387230288],[605610.438865307,4119139.4457426956]],[[605603.8634423112,4119177.818752757],[605603.4067825349,4119176.280719148],[605597.5484653483,4119156.5777012045],[605597.5437525321,4119156.562305598],[605595.6375778221,4119150.5098268595],[605627.2565002076,4119140.985815979],[605639.929020749,4119137.6311800624],[605644.1515016519,4119150.73936796],[605648.1587956635,4119164.7590896324],[605603.8634423112,4119177.818752757]],[[605615.6764045437,4119135.3119943193],[605614.8808439573,4119136.9844278484],[605613.2514689004,4119137.8768643816],[605611.4047931281,4119137.6396779777],[605610.051393854,4119136.3715245607],[605609.9804689062,4119136.01095001],[605609.7014616457,4119134.566603109],[605610.4970119558,4119132.8941881703],[605612.1283265074,4119132.0006890786],[605613.9672546291,4119132.2294060625],[605615.3255479825,4119133.4960685326],[605615.4637428285,4119134.2108725538],[605615.6764045437,4119135.3119943193]],[[605601.2029199657,4119175.886111855],[605566.774330922,4119185.900623972],[605562.479127832,4119184.169947009],[605557.7013946333,4119168.4900783645],[605553.347100263,4119153.8925855313],[605591.0677478784,4119142.683108591],[605593.4259095116,4119150.145234865],[605595.6337047016,4119157.155417812],[605601.2029199657,4119175.886111855]],[[605590.4789523033,4119140.7716390328],[605552.7620272111,4119151.980009747],[605548.2134194737,4119137.479345129],[605543.0567061323,4119119.6539006694],[605561.8788284203,4119114.0079428805],[605578.8761783275,4119109.1300379937],[605580.3738103907,4119108.699690183],[605583.6010873643,4119117.9073331095],[605588.1523357398,4119133.0224623643],[605590.4789523033,4119140.7716390328]]],[[[605639.1664193354,4119129.650129242],[605639.1008901459,4119129.723026031],[605639.0428125514,4119129.801988108],[605638.9927445624,4119129.886256804],[605638.9511672332,4119129.975022463],[605638.9184800391,4119130.0674322243],[605638.8949970395,4119130.1625982127],[605638.8809438593,4119130.2596060717],[605638.796542649,4119131.1469094413],[605637.4779652389,4119130.694615247],[605637.3761078409,4119130.66560546],[605637.2717536278,4119130.647530741],[605637.1660730881,4119130.6405938254],[605633.3683087379,4119130.5928624175],[605633.2764733613,4119130.5959301107],[605633.1853072568,4119130.6074143834],[605633.0955801532,4119130.627218272],[605629.7117423019,4119131.53895746],[605629.6820227074,4119131.547459901],[605626.2700321098,4119132.580904005],[605626.849793871,4119134.495029471],[605630.2469903833,4119133.466066288],[605633.4819220215,4119132.594448298],[605636.9806629164,4119132.638421492],[605638.8620064297,4119133.28375391],[605639.3872236604,4119135.0310258777],[605641.3025634914,4119134.4552886705],[605640.6859864878,4119132.404084614],[605640.821411987,4119130.9803668563],[605642.8807777596,4119129.867698475],[605645.8238678953,4119128.9130453886],[605645.2067781569,4119127.0106258094],[605642.1770320657,4119127.9933875743],[605642.0920059264,4119128.025303145],[605642.0102259797,4119128.0648010983],[605639.4010993693,4119129.4745034063],[605639.3172485319,4119129.525268095],[605639.2387705145,4119129.5839981334],[605639.1664193354,4119129.650129242]]],[[[605681.9511466803,4119246.3261404587],[605681.8762849969,4119246.326477655],[605674.9593504729,4119246.6167731853],[605674.8612728406,4119246.625743501],[605668.7358094772,4119247.4918982503],[605668.6965498981,4119247.4982483317],[605663.0571588952,4119248.5258642468],[605663.0159853483,4119248.5342643852],[605653.3418542253,4119250.7206405597],[605653.2735541558,4119250.73863377],[605644.231601539,4119253.4655814646],[605644.1130687604,4119253.50968284],[605634.7958128405,4119257.6645803475],[605634.7129509464,4119257.706240512],[605634.634305049,4119257.7553982744],[605629.8818115301,4119261.041939639],[605629.3486487654,4119259.9175497913],[605627.5415196039,4119260.774453633],[605628.5789676325,4119262.9623334096],[605628.5796923853,4119262.9638585174],[605629.338196312,4119264.5565193086],[605630.496227043,4119268.1352847274],[605630.6501781027,4119268.617378125],[605631.751666606,4119273.982898092],[605633.7108095224,4119273.58070531],[605632.7116829925,4119268.713806265],[605639.9036710782,4119268.0310734147],[605640.0201264182,4119268.0130436765],[605648.4738740051,4119266.1885799537],[605648.551955882,4119266.1684017032],[605656.596201151,4119263.739607388],[605656.6153989936,4119263.7335996483],[605664.6262487812,4119261.137951079],[605664.7083029135,4119261.1073326943],[605671.6229326174,4119258.176120895],[605671.6966021676,4119258.1412849077],[605678.0482375297,4119254.81463508],[605678.1489825727,4119254.7540711705],[605682.9738820947,4119251.452612599],[605683.049027358,4119251.39581884],[605686.4270926774,4119248.5832261764],[605691.1115147034,4119246.022430961],[605696.2976119824,4119244.4591416],[605697.7849234545,4119244.0600820007],[605705.8077435254,4119255.3193005845],[605710.9216470217,4119262.8817843096],[605712.5956722703,4119267.1977566327],[605706.0283065717,4119270.035333522],[605696.0729731793,4119273.4590673367],[605695.9741102487,4119273.4990816973],[605688.9127712988,4119276.8056962346],[605689.7609264855,4119278.6169479503],[605696.7739024111,4119275.3329803757],[605706.7149749342,4119271.9141510096],[605706.7863929018,4119271.8864882183],[605713.1267331662,4119269.147002734],[605715.0868040108,4119279.466013295],[605715.6832257404,4119290.823734961],[605713.9749562433,4119293.7323869797],[605708.8992029426,4119298.2297289427],[605705.0124907529,4119301.1751557314],[605697.4210035087,4119300.582951119],[605697.316744796,4119300.5802730457],[605697.2127741723,4119300.588468208],[605690.4391919862,4119301.479743389],[605690.3774347593,4119301.48984434],[605683.8296719842,4119302.7723291493],[605683.7147118177,4119302.8020288446],[605674.2515828776,4119305.856530604],[605674.2206891596,4119305.8670621845],[605666.6698856358,4119308.579445133],[605666.5895318752,4119308.6123139425],[605657.7972307899,4119312.6628234778],[605657.752891791,4119312.684593095],[605652.3778134004,4119315.490481826],[605652.2402637876,4119315.150728724],[605650.3864280453,4119315.901257232],[605650.937290581,4119317.261909955],[605650.9784884807,4119317.3508656193],[605651.0281984834,4119317.435359955],[605651.0859428571,4119317.51458094],[605651.1511666568,4119317.58776723],[605651.2232430569,4119317.654215478],[605651.3014793763,4119317.713287091],[605651.3851237344,4119317.7644143687],[605651.4733722771,4119317.807105958],[605651.5653769029,4119317.8409515773],[605651.6602534127,4119317.8656259575],[605651.7570900073,4119317.880891968],[605651.8549560505,4119317.8866028967],[605651.9529110128,4119317.88270386],[605652.05001351,4119317.8692323286],[605652.1453303506,4119317.8463177695],[605652.2379455037,4119317.8141803993],[605652.3269689027,4119317.773129071],[605658.6565121011,4119314.468992342],[605667.3869119594,4119310.4469999727],[605674.8814636284,4119307.754823691],[605684.2724628331,4119304.7236039145],[605690.7311418649,4119303.458567591],[605697.369861539,4119302.5850377637],[605705.2358195161,4119303.198653573],[605705.3395006127,4119303.2013467834],[605705.4429030126,4119303.193286582],[605705.544914414,4119303.1745596714],[605705.6444374776,4119303.1453674985],[605705.7404016317,4119303.106024084],[605705.8317745877,4119303.0569526455],[605705.9175734444,4119302.9986810456],[605710.1376909403,4119299.8005931717],[605710.1968833937,4119299.7520601796],[605715.420060749,4119295.124093983],[605715.4947880765,4119295.0505374097],[605715.5614023727,4119294.969560385],[605715.6191712305,4119294.8820532314],[605717.4395188797,4119291.7825669535],[605724.1380685169,4119287.4598930185],[605730.1060316232,4119283.606816008],[605730.1767894191,4119283.5566556975],[605735.7361920134,4119279.2414805335],[605741.2985773425,4119278.2415090674],[605744.7317781637,4119278.583326725],[605744.8389165436,4119278.5882139835],[605744.9459621464,4119278.5815990986],[605753.2379936579,4119277.6207040697],[605753.3268668068,4119277.6063255863],[605753.4140866246,4119277.5840123445],[605759.365071268,4119275.7725523664],[605759.4981276647,4119275.7214315566],[605767.3629673342,4119272.0366215096],[605767.4561013104,4119271.9868283006],[605767.5434646271,4119271.92749069],[605774.9893683144,4119266.273399489],[605775.0640258649,4119266.210743895],[605775.1322293248,4119266.1411180273],[605775.193330797,4119266.065183296],[605775.2467498498,4119265.98366104],[605775.2919790304,4119265.897325679],[605779.1963630951,4119257.469017966],[605779.2449805994,4119257.342093846],[605780.8971427372,4119251.959055207],[605781.9962495969,4119249.286666214],[605783.6646938401,4119245.2410402764],[605787.7989835308,4119238.7777125225],[605787.8130807921,4119238.755011006],[605790.6939369855,4119233.974461769],[605794.805419136,4119232.6262769103],[605794.1822518866,4119230.72583944],[605789.7176575725,4119232.1898123417],[605789.6228368246,4119232.226337755],[605789.5322122346,4119232.272297126],[605789.4467195083,4119232.3272159183],[605789.367241365,4119232.390527093],[605789.2945984231,4119232.461576956],[605789.2295407265,4119232.539631912],[605789.1727400015,4119232.6238860376],[605786.1069753568,4119237.711275983],[605781.93182571,4119244.2384820106],[605781.8872862929,4119244.3154503456],[605781.8497607212,4119244.39607116],[605780.274556488,4119248.215609709],[605779.2135191099,4119248.8437547726],[605772.1598321764,4119252.0556932883],[605762.9353104137,4119255.983342061],[605756.6777819191,4119257.4560820684],[605745.0956530577,4119258.745431283],[605745.0242915982,4119258.755993487],[605734.358867549,4119260.7300741877],[605734.3348456396,4119260.734825347],[605723.4435512071,4119263.027865936],[605723.3675213875,4119263.047014143],[605723.2932253946,4119263.0720599554],[605714.4489288692,4119266.4451392046],[605712.7455206169,4119262.0534116137],[605712.6991271668,4119261.9512164225],[605712.6415743248,4119261.8548635305],[605707.4576361721,4119254.1888119634],[605707.4436558008,4119254.1686741053],[605699.201882834,4119242.602177221],[605699.3302476128,4119235.0992336045],[605699.3294778564,4119235.039333675],[605698.8629754436,4119224.148162946],[605698.850435125,4119224.027458426],[605697.3301300689,4119214.853989063],[605699.0202069615,4119209.4002626007],[605704.3755805118,4119203.222684309],[605712.3167034956,4119201.4621298965],[605724.3398407866,4119201.7671434786],[605724.3811249062,4119201.7673383285],[605740.3408798033,4119201.5131726316],[605740.4538289891,4119201.5049605775],[605740.5651253895,4119201.4840305126],[605743.4672837809,4119200.7660063086],[605743.5555924472,4119200.7397869574],[605743.6411136931,4119200.705552597],[605751.736718132,4119197.023629557],[605751.8157749341,4119196.9833499207],[605751.8909501913,4119196.9362212904],[605761.470031904,4119190.3214017465],[605761.5407396734,4119190.2677902645],[605761.60641658,4119190.208121817],[605761.6665454984,4119190.1428662213],[605766.8028932051,4119184.0466546575],[605769.1841292224,4119181.7727662423],[605773.3072349471,4119180.234469714],[605772.6081240228,4119178.3606383675],[605768.2925364214,4119179.970748286],[605768.1995708691,4119180.010905825],[605768.111143468,4119180.0602598176],[605768.0281610606,4119180.1183041274],[605767.9514746501,4119180.1844434976],[605765.3824570774,4119182.637648159],[605765.3083297644,4119182.7165350285],[605760.2233568938,4119188.7517709946],[605750.8277151014,4119195.2399163954],[605742.8972375048,4119198.846738888],[605740.1952521037,4119199.51523821],[605724.3699221818,4119199.7672631335],[605712.2450910893,4119199.459669693],[605712.1234752752,4119199.463991359],[605712.0032849108,4119199.4830533452],[605703.6200238682,4119201.34163018],[605703.5320090335,4119201.365399862],[605703.4465247537,4119201.3970865603],[605703.3642815406,4119201.4364269064],[605703.2859629678,4119201.4830939188],[605703.2122199883,4119201.53669972],[605703.1436655254,4119201.5967987594],[605703.0808693764,4119201.662891517],[605697.3715412001,4119208.248766708],[605697.3079501488,4119208.330279281],[605697.2531147102,4119208.417921713],[605697.2076209721,4119208.5107572726],[605697.1719551772,4119208.6077937214],[605696.1452207403,4119211.9209736083],[605694.5643362188,4119208.302838299],[605694.525373582,4119208.223434779],[605694.4795471553,4119208.147784632],[605694.4272154392,4119208.07647967],[605694.368787825,4119208.0100777126],[605690.2428038026,4119203.719470686],[605690.1963850046,4119203.674230491],[605685.3594406152,4119199.2565529644],[605680.9780909008,4119194.2498454493],[605680.9517187042,4119194.2208744083],[605676.5287742642,4119189.549272357],[605676.4537564557,4119189.477840621],[605676.3717516911,4119189.414552525],[605676.2836398951,4119189.360087161],[605676.1903665216,4119189.3150289506],[605676.0929324093,4119189.2798613766],[605675.9923830422,4119189.254961793],[605675.8897973316,4119189.240597375],[605672.9289315697,4119188.9814473097],[605672.8301636585,4119188.977705862],[605672.7315088358,4119188.983732858],[605672.6339308703,4119188.99946942],[605672.538383011,4119189.0247618156],[605672.445798674,4119189.059362961],[605672.3570823252,4119189.1029348345],[605666.6405469889,4119192.270362392],[605660.2324366432,4119195.4301081826],[605660.134150995,4119195.4856782043],[605653.8450967822,4119199.526248534],[605643.2371419305,4119204.276795847],[605632.8775629216,4119208.2674667677],[605622.0192022714,4119210.5251115626],[605614.060252488,4119211.6295406944],[605613.9631258685,4119211.647951628],[605613.8682916457,4119211.675862431],[605613.7766765913,4119211.7130003427],[605613.6891760172,4119211.7590024327],[605613.6066450265,4119211.8134191423],[605613.5298901569,4119211.8757186825],[605613.4596614985,4119211.945292228],[605613.3966453641,4119212.021459869],[605613.3414575815,4119212.1034772536],[605613.2946374755,4119212.190542863],[605613.2566425976,4119212.2818058454],[605613.2278442546,4119212.3763743294],[605613.2085238793,4119212.47332414],[605613.198870281,4119212.5717078317],[605613.1989777999,4119212.670563945],[605613.4691012065,4119218.0111951316],[605615.4665478765,4119217.910166418],[605615.2427085015,4119213.4846204733],[605622.3273494706,4119212.5015154043],[605622.3934650084,4119212.4900681134],[605633.3645139148,4119210.208993442],[605633.443399357,4119210.1892139707],[605633.5204166379,4119210.1630896726],[605643.980973773,4119206.133520407],[605644.0302229696,4119206.113024146],[605654.7311170292,4119201.3208559826],[605654.7983628971,4119201.2876602714],[605654.862931973,4119201.2495184774],[605661.1676413378,4119197.1988900783],[605667.5465094417,4119194.0535632106],[605667.5889215239,4119194.031373143],[605673.0590393228,4119191.0004810314],[605675.3373533731,4119191.1998906913],[605679.4859114146,4119195.581680361],[605683.8912054098,4119200.6157497666],[605683.9693656373,4119200.6955881],[605688.8236807942,4119205.1291306936],[605692.8032384522,4119209.2674690774],[605694.912992509,4119214.096016351],[605686.6926084372,4119216.113934019],[605686.6499534233,4119216.125409387],[605679.7231516461,4119218.15398653],[605671.0446541883,4119220.460443692],[605670.9413989956,4119220.4939833498],[605670.8423882064,4119220.538518809],[605666.6083218215,4119222.726703213],[605667.5265551643,4119224.5034551737],[605671.6637455431,4119222.3653367218],[605680.2489974023,4119220.083661151],[605680.2732012204,4119220.0769018605],[605687.190861688,4119218.0510018338],[605695.4948582483,4119216.012559198],[605696.8674089953,4119224.2944840514],[605697.3300276534,4119235.094982931],[605697.2094331513,4119242.1437525214],[605695.7645266998,4119242.5314344564],[605695.7350591006,4119242.5398268774],[605690.434598904,4119244.137589624],[605690.3369935093,4119244.1726278854],[605690.2435416782,4119244.2175861774],[605685.6576834364,4119246.724500324],[605682.0258238126,4119246.331404608],[605681.9511466803,4119246.3261404587]],[[605631.172191398,4119263.7560202833],[605630.7513155588,4119262.8722905843],[605635.695342852,4119259.453295873],[605644.869750565,4119255.3620994883],[605653.8172074943,4119252.6636505933],[605663.4363721568,4119250.489696967],[605669.0355214848,4119249.4694139333],[605675.0924742201,4119248.612946746],[605681.8851945793,4119248.327864337],[605683.4098781939,4119248.4928890513],[605681.8055534612,4119249.8286571745],[605677.0681551003,4119253.0702426946],[605670.8047996172,4119256.3506562025],[605663.9680710048,4119259.2488445994],[605656.0084880433,4119261.8278818647],[605648.0125056755,4119264.24210419],[605639.655901764,4119266.0456026415],[605632.1526234885,4119266.757886158],[605631.2207809153,4119263.8781301314],[605631.172191398,4119263.7560202833]],[[605763.6397755038,4119257.857137223],[605772.9547277539,4119253.8909846446],[605772.9773908341,4119253.881001806],[605779.0886477858,4119251.098204416],[605779.0298868761,4119251.2410767283],[605778.9987356005,4119251.3280339004],[605777.3529939738,4119256.6901533697],[605773.581781039,4119264.8309875033],[605766.4184102714,4119270.270535653],[605758.7143079657,4119273.880037534],[605752.9180676304,4119275.644393858],[605744.8227382429,4119276.5824947027],[605741.357960406,4119276.2375331623],[605741.2657533997,4119276.2326369425],[605741.1734878571,4119276.236266627],[605741.0819504437,4119276.248391268],[605735.1403233577,4119277.3165404876],[605735.0463777405,4119277.338150321],[605734.9549493751,4119277.3687054827],[605734.866887884,4119277.4079220314],[605734.7830116017,4119277.4554355363],[605734.7040999708,4119277.5108044664],[605728.9847580657,4119281.9501235704],[605723.0535399417,4119285.7794770636],[605717.6057061732,4119289.295045404],[605717.0805005374,4119279.293499295],[605717.0643103693,4119279.1593285673],[605715.0148688765,4119268.3698163074],[605723.9324950615,4119264.9687702493],[605734.7349082284,4119262.6944426196],[605745.3528021117,4119260.7291593547],[605756.9589037929,4119259.4371414306],[605757.0773603348,4119259.41668473],[605763.4771197917,4119257.9104699683],[605763.5595909067,4119257.8872903395],[605763.6397755038,4119257.857137223]]],[[[605657.2199448664,4119374.089664184],[605660.0321101773,4119375.307075468],[605663.607904242,4119377.5018195803],[605663.1876565224,4119377.855734572],[605663.1144040042,4119377.9239766197],[605663.0483420396,4119377.9992011194],[605662.9901327617,4119378.0806541024],[605662.9403595967,4119378.1675191736],[605662.8995214165,4119378.2589256917],[605662.8680275385,4119378.353957498],[605662.8461936229,4119378.4516620967],[605662.5681105822,4119380.0738134477],[605624.3981744159,4119379.8545231484],[605624.386684395,4119381.8544901432],[605662.2233278657,4119382.071865641],[605661.8031959743,4119384.495173401],[605661.7938091658,4119384.572080637],[605624.343255291,4119384.3144699885],[605624.3294982419,4119386.3144226735],[605662.7522664751,4119386.5787208807],[605665.0364755223,4119390.470822974],[605665.091098582,4119390.5540982527],[605665.1537339679,4119390.6315273107],[605665.2237604342,4119390.702342173],[605665.3004834268,4119390.7658404647],[605665.3831419724,4119390.8213923816],[605665.4709162264,4119390.868446935],[605665.5629356042,4119390.906537416],[605667.5484928418,4119391.614825828],[605660.7850430513,4119403.0503690247],[605660.7374740861,4119403.141107182],[605660.6994387835,4119403.2362362277],[605659.5938108421,4119406.4735023486],[605659.5947431452,4119406.4738207594],[605659.5738963678,4119406.539077608],[605659.5534404475,4119406.634155462],[605659.5423169814,4119406.7307707383],[605659.5406311775,4119406.828009625],[605659.5483989808,4119406.924952414],[605659.8446118907,4119409.2155564283],[605630.8591828484,4119415.893402274],[605630.763763005,4119415.920432309],[605630.6714898067,4119415.956780984],[605630.5832708129,4119416.0020907884],[605630.4999737074,4119416.0559160756],[605630.4224177649,4119416.117727442],[605630.3513657922,4119416.186916939],[605630.2875166257,4119416.2628040477],[605630.2314982587,4119416.344642375],[605630.1838616633,4119416.4316269946],[605630.1450753728,4119416.5229023634],[605630.1155208723,4119416.6175707364],[605630.0954888472,4119416.7147009955],[605630.085176324,4119416.81333781],[605630.084684732,4119416.91251103],[605630.0940189065,4119417.011245231],[605630.1130870404,4119417.1085693063],[605630.1417015878,4119417.2035260173],[605630.7957568427,4119419.039097689],[605610.0566656237,4119423.9555776482],[605610.5180062038,4119425.9016415905],[605632.342999347,4119420.727734004],[605632.4378940319,4119420.7002217034],[605632.5296105748,4119420.6634793077],[605632.6172536457,4119420.6178654935],[605632.6999676791,4119420.5638255402],[605632.7769452266,4119420.5018869815],[605632.8474348391,4119420.4326544567],[605632.9107484019,4119420.3568038098],[605632.9662678526,4119420.2750754887],[605633.0134512144,4119420.188267319],[605633.0518378866,4119420.0972267166],[605633.0810531414,4119420.0028424133],[605633.1008117815,4119419.906035781],[605633.1109209246,4119419.8077518395],[605633.1112818858,4119419.7089500297],[605633.1018911415,4119419.6105948477],[605633.0828403635,4119419.51364643],[605633.0543155242,4119419.419051179],[605632.4026546265,4119417.5901991446],[605661.1771369085,4119410.960952543],[605661.2715925307,4119410.9342475524],[605661.3629749584,4119410.898410798],[605661.4504037203,4119410.853787568],[605661.5330364382,4119410.8008078076],[605661.6100769442,4119410.7399819787],[605661.6807829515,4119410.6718961387],[605661.7444732062,4119410.5972062964],[605661.8005340514,4119410.5166320903],[605661.8484253394,4119410.430949854],[605661.887685637,4119410.340985138],[605661.9179366701,4119410.2476047543],[605661.9388869696,4119410.151708425],[605661.9503346788,4119410.0542201125],[605661.9521694988,4119409.95607912],[605661.944373751,4119409.8582310365],[605661.6465832066,4119407.5554272314],[605689.5840643258,4119400.718033111],[605689.6767286689,4119400.69054554],[605689.7663064502,4119400.654240332],[605689.8519608122,4119400.6094566598],[605689.9328915506,4119400.556612903],[605690.0083425904,4119400.4962027413],[605690.0776090494,4119400.428790541],[605690.1400438232,4119400.3550060843],[605690.1950636307,4119400.2755386834],[605690.2421544633,4119400.191130742],[605690.2808763868,4119400.1025708206],[605690.3108676515,4119400.0106862676],[605690.3318480714,4119399.916335491],[605690.3436216423,4119399.8203999395],[605690.3460783728,4119399.7237758664],[605690.3391953113,4119399.6273659575],[605689.9096841059,4119396.0538558615],[605702.6407001234,4119394.24449951],[605702.7373444535,4119394.225872006],[605702.8316895256,4119394.1978342133],[605702.9228214088,4119394.160657738],[605703.0098572983,4119394.1147027123],[605703.091954068,4119394.0604143078],[605703.1683164373,4119393.998318422],[605703.2382046755,4119393.929016585],[605703.3009417675,4119393.8531801314],[605703.3559199722,4119393.7715436965],[605703.4026067096,4119393.684898102],[605703.4405497203,4119393.594082694],[605703.4693814459,4119393.4999772105],[605703.4888225904,4119393.403493262],[605703.4986848255,4119393.305565499],[605703.4988726143,4119393.2071425584],[605703.4893841379,4119393.1091778744],[605703.4703113121,4119393.012620442],[605700.9614951492,4119382.946155252],[605703.5664472007,4119378.7118517444],[605713.6867986546,4119372.6568763866],[605723.3324455242,4119369.0435183253],[605734.9552481653,4119365.840048871],[605735.0119391804,4119365.822598948],[605738.5690164508,4119364.6110971044],[605738.968618399,4119365.3724296554],[605739.015394121,4119365.452326364],[605739.0693584534,4119365.5275547034],[605739.1300488436,4119365.5974698574],[605739.1969450869,4119365.6614725515],[605739.2694737853,4119365.71901419],[605739.3470132624,4119365.769601557],[605747.3457985062,4119370.475139657],[605747.4330920776,4119370.5208597756],[605747.5244616902,4119370.5577662885],[605747.6190200998,4119370.585500816],[605756.6259396123,4119372.751621739],[605756.7220260581,4119372.7698119837],[605756.8194297956,4119372.778529896],[605756.9172193051,4119372.7776921014],[605757.0144593776,4119372.7673066133],[605765.5418461992,4119371.4321197094],[605765.6406625583,4119371.4114902043],[605765.7368956083,4119371.381003331],[605765.8295647103,4119371.3409697595],[605765.917725543,4119371.291797441],[605766.0004797257,4119371.2339874543],[605770.992325978,4119367.357681765],[605771.0605625174,4119367.2996119047],[605771.1233272521,4119367.2356672245],[605771.180116286,4119367.1663610945],[605771.2304736977,4119367.092249927],[605771.273995201,4119367.013928712],[605775.1706533199,4119359.1958097955],[605773.3806646462,4119358.3036547936],[605769.5856696749,4119365.917800317],[605764.9775892711,4119369.4961012867],[605756.9008904566,4119370.7607211177],[605748.2315069501,4119368.675775985],[605740.6069515848,4119364.1903904323],[605739.9421717908,4119362.923833803],[605737.6692903284,4119358.5954148783],[605734.5381499081,4119347.267033113],[605734.3569689342,4119341.636157693],[605734.2108664933,4119337.229982922],[605734.8103894654,4119329.8827263718],[605737.2470218779,4119326.9036220615],[605747.5926773442,4119318.7922199424],[605754.2604381479,4119313.567930164],[605757.3384867499,4119312.751953269],[605757.4213601915,4119312.7260851352],[605757.5016776442,4119312.6931264573],[605763.354665,4119309.988797109],[605772.9707350794,4119306.49836705],[605782.464312151,4119303.832139871],[605782.556348618,4119303.8014019527],[605782.6449726988,4119303.7618886232],[605782.7293499503,4119303.7139719212],[605782.8086859162,4119303.6581030088],[605782.8822336062,4119303.5948079205],[605782.9493005296,4119303.5246826136],[605783.0092552158,4119303.4483873546],[605783.0615331596,4119303.3666405044],[605783.1056421363,4119303.280211753],[605783.1411668366,4119303.189914873],[605783.1677727766,4119303.096600057],[605783.1852094472,4119303.001145914],[605783.1933126729,4119302.9044511956],[605783.1920061575,4119302.807426333],[605783.1813022025,4119302.710984868],[605783.1613015914,4119302.6160348468],[605783.1321926406,4119302.5234702756],[605778.0604941747,4119288.7670062534],[605778.0231253123,4119288.6788888075],[605777.9775032353,4119288.5947476034],[605777.9240458929,4119288.5153534682],[605777.863243014,4119288.4414337412],[605777.7956516208,4119288.3736656094],[605777.7218909259,4119288.3126699044],[605777.6426366598,4119288.259005415],[605777.5586148797,4119288.213163768],[605777.4705953192,4119288.1755649233],[605777.3793843355,4119288.1465533297],[605777.285817523,4119288.1263947645],[605777.1907520583,4119288.115273903],[605777.0950588471,4119288.113292625],[605776.999614546,4119288.1204690807],[605776.9052935314,4119288.136737527],[605776.8129598888,4119288.161948925],[605773.4624254667,4119289.2515861467],[605773.3856988499,4119289.280060152],[605773.311557534,4119289.314712829],[605770.1761499931,4119290.93967321],[605770.0824040831,4119290.99492659],[605769.995216831,4119291.0600389135],[605769.9156206412,4119291.1342391707],[605762.2902784446,4119299.0607825313],[605762.2477402093,4119299.1079076976],[605754.0771213799,4119308.7585931704],[605754.0172472255,4119308.83682286],[605753.9653608863,4119308.920564167],[605753.9219659088,4119309.0090043987],[605753.8874834325,4119309.101285261],[605752.9461709037,4119312.056894315],[605746.3590484817,4119317.218002722],[605735.9603572184,4119325.3709869315],[605729.5099468883,4119329.5750608756],[605718.5936429668,4119335.72603718],[605676.1416091454,4119335.787659453],[605676.1445122907,4119337.7876573466],[605718.7288670109,4119337.7258429998],[605725.6890532048,4119339.5447743083],[605727.9924211003,4119341.241306236],[605711.9457959224,4119347.9673584197],[605698.2115392359,4119353.394255632],[605698.1149244672,4119353.4385024793],[605683.7412300658,4119360.969552343],[605683.652570202,4119361.021994895],[605683.5697755835,4119361.083279835],[605683.4937247266,4119361.152756881],[605683.4252245914,4119361.2296888265],[605678.015744686,4119367.974691024],[605677.9599694093,4119368.051428618],[605677.9117166956,4119368.1331061265],[605677.8714207974,4119368.21898849],[605677.8394443592,4119368.3083028067],[605677.816075154,4119368.400245289],[605676.5034206307,4119374.8278718772],[605675.3272974401,4119373.8579168753],[605675.2478982856,4119373.798787678],[605675.1630417443,4119373.7477989034],[605675.0735594515,4119373.705450267],[605674.9803283775,4119373.672156806],[605674.8842622322,4119373.648244812],[605674.7863025106,4119373.6339486353],[605674.687409266,4119373.629408384],[605668.5282741467,4119373.6518309903],[605668.428715125,4119373.6571636903],[605668.3301819518,4119373.672383752],[605668.2336540897,4119373.6973398807],[605668.1400910681,4119373.731784002],[605668.050422944,4119373.7753737257],[605667.9655410579,4119373.8276757514],[605667.8862891726,4119373.8881701743],[605665.2184596116,4119376.143665926],[605661.0177314903,4119373.5653509717],[605660.8919069732,4119373.499922164],[605658.3990238954,4119372.420730988],[605656.8323961974,4119368.365759476],[605656.0172319607,4119361.8306989027],[605654.0326120475,4119362.0782545544],[605654.8629893418,4119368.735276137],[605654.8854998035,4119368.855401857],[605654.9224960724,4119368.9718844118],[605656.6844210984,4119373.5323526044],[605656.7246967007,4119373.622959232],[605656.7737473533,4119373.7091318406],[605656.831090806,4119373.7900232095],[605656.8961632758,4119373.864838039],[605656.9683249908,4119373.932840774],[605657.0468664797,4119373.993362833],[605657.1310155472,4119374.0458091814],[605657.2199448664,4119374.089664184]],[[605722.6727666527,4119367.1549134324],[605712.9003349936,4119370.8157663736],[605712.8172558851,4119370.851246047],[605712.7377176683,4119370.894078483],[605702.329556354,4119377.121249601],[605702.2496484019,4119377.174426335],[605702.1752068144,4119377.235019205],[605702.1069174253,4119377.302469966],[605702.0454093878,4119377.3761571916],[605701.9912493781,4119377.455401997],[605699.0378071658,4119382.2561701],[605698.989981824,4119382.34334323],[605698.9510498395,4119382.4348348603],[605698.9213961106,4119382.529740467],[605698.9013138061,4119382.627121774],[605698.8910014683,4119382.7260160283],[605698.8905610492,4119382.8254455207],[605698.8999969029,4119382.924427249],[605698.9192157427,4119383.0219826386],[605701.2615402583,4119392.4204106894],[605688.659332973,4119394.211460497],[605688.5642776678,4119394.2297011246],[605688.4714310475,4119394.257045898],[605688.3816629208,4119394.2932386454],[605688.2958142561,4119394.337940304],[605688.2146893038,4119394.3907320993],[605688.139048061,4119394.451119465],[605688.0695991525,4119394.518536678],[605688.0069931918,4119394.592352159],[605687.951816686,4119394.6718743867],[605687.9045865412,4119394.756358379],[605687.8657452206,4119394.8450126704],[605687.8356565986,4119394.9370067264],[605687.8146025523,4119395.0314787254],[605687.802780321,4119395.127543633],[605687.800300658,4119395.224301489],[605687.8071867933,4119395.320845845],[605688.2477204928,4119398.9860624983],[605662.0769189178,4119405.3910810486],[605662.5588558363,4119403.979975196],[605669.4668934032,4119392.2999650757],[605671.3576526034,4119392.9764011335],[605671.4527709566,4119393.00518604],[605671.5502766771,4119393.0243877703],[605671.6492067914,4119393.033816686],[605671.7485842585,4119393.0333796665],[605671.8474276195,4119393.0230810284],[605671.9447606902,4119393.003022481],[605672.0396222023,4119392.9734021253],[605677.8169527667,4119390.8490123055],[605677.9086397985,4119390.810009115],[605677.9959903269,4119390.7620753497],[605678.0781371567,4119390.705686884],[605678.1542647538,4119390.64140353],[605678.2236173416,4119390.569863477],[605678.2855064042,4119390.4917769567],[605678.339317522,4119390.4079191945],[605681.3970439263,4119385.0758406804],[605681.4424013727,4119384.986690039],[605681.478625722,4119384.893454148],[605681.5053545448,4119384.797065845],[605681.5223204157,4119384.698489509],[605681.5293535887,4119384.5987114087],[605681.526383696,4119384.4987298376],[605681.5134404519,4119384.3995451247],[605680.417815246,4119378.371664366],[605680.395091125,4119378.2744880794],[605680.3627942597,4119378.180060705],[605680.3212463142,4119378.0893227053],[605680.2708610904,4119378.003177794],[605680.2121404057,4119377.922483943],[605680.1456690955,4119377.8480448313],[605680.0721091887,4119377.7806018437],[605678.2501206795,4119376.270331013],[605679.727246297,4119369.0373449335],[605684.8546318496,4119362.6440821015],[605698.9959989027,4119355.2347593876],[605712.6903529736,4119349.823629129],[605712.709436747,4119349.815860202],[605730.179575254,4119342.4931327156],[605732.3874589698,4119342.6159174363],[605732.5430214403,4119347.4506021873],[605732.5538702977,4119347.568785563],[605732.5786440715,4119347.684851356],[605735.7701669879,4119359.231695367],[605735.8041059526,4119359.33304547],[605735.8486680546,4119359.430194406],[605737.6280304112,4119362.818767792],[605734.3952206622,4119363.919827644],[605722.7578585235,4119367.1273099775],[605722.6727666527,4119367.1549134324]],[[605726.6417346586,4119337.7680971404],[605726.5582346276,4119337.723277023],[605726.4708667863,4119337.68656247],[605726.3804157942,4119337.658283218],[605721.5014291322,4119336.3832395123],[605730.5198479237,4119331.301658724],[605730.5749672102,4119331.2682153117],[605732.8095268979,4119329.8118344494],[605732.212827953,4119337.1244820617],[605732.2100646483,4119337.2389504304],[605732.3218168884,4119340.6091766506],[605730.3583698204,4119340.4999855286],[605726.7206169575,4119337.8206202877],[605726.6417346586,4119337.7680971404]],[[605668.8995625629,4119375.6504925517],[605674.3334756367,4119375.6307101487],[605676.5131744257,4119377.428319243],[605678.5152191238,4119379.0878410754],[605679.4803546075,4119384.3977970527],[605676.7853073954,4119389.0974337873],[605671.6898255476,4119390.9711001185],[605669.3632841087,4119390.138759057],[605666.577339105,4119389.144955696],[605664.1896301833,4119385.0764984307],[605663.8364420707,4119384.475498632],[605664.3957388334,4119381.249492197],[605664.3960593598,4119381.247632992],[605664.7556567539,4119379.1499811644],[605665.9559253763,4119378.139165306],[605665.9573915107,4119378.1379281837],[605668.8995625629,4119375.6504925517]],[[605762.5542314877,4119308.1554670725],[605756.741841461,4119310.8410387263],[605755.3116326648,4119311.2201806707],[605755.7325674198,4119309.8984957524],[605763.753628916,4119300.424459174],[605771.2427187373,4119292.6395501597],[605774.1589875573,4119291.1281608967],[605776.5167162718,4119290.361396959],[605780.8811194967,4119302.1993948896],[605772.3941361494,4119304.58292488],[605772.323323576,4119304.605685519],[605762.6324697619,4119308.123260492],[605762.5542314877,4119308.1554670725]]],[[[605657.0338118834,4119526.1519492585],[605656.9330322065,4119526.1940354044],[605651.4193798543,4119528.858964499],[605646.601387096,4119531.0170476306],[605644.9571007771,4119526.8894779035],[605644.9129408252,4119526.7936633085],[605642.7721084084,4119522.7277588495],[605641.002430334,4119523.659552557],[605643.1186521092,4119527.678716077],[605644.5761114861,4119531.337303473],[605639.8859892588,4119531.278344653],[605633.2549087396,4119530.848826594],[605632.0412403527,4119524.036126723],[605631.0567407085,4119524.2115132976],[605630.4559516959,4119523.4121056655],[605626.0572133361,4119526.7179456027],[605620.590580449,4119529.9381389422],[605614.162605375,4119532.6943072695],[605614.9507633077,4119534.532460439],[605621.4373045329,4119531.751180289],[605621.5507756871,4119531.6937259384],[605627.1206791762,4119528.4126996673],[605627.2139180682,4119528.350485065],[605630.3574688033,4119525.987972291],[605631.3466828011,4119531.5407395447],[605626.8326082516,4119537.497219742],[605612.5773063612,4119541.5061587305],[605613.1187518733,4119543.4314734465],[605627.6948935422,4119539.3323064777],[605634.1610017325,4119537.5505698062],[605635.8696324881,4119544.8621163317],[605635.878889717,4119544.8986144583],[605638.2291428923,4119553.4832766606],[605638.2592708744,4119553.5755001716],[605638.2981940481,4119553.664370064],[605638.3455460343,4119553.7490498177],[605638.4008811148,4119553.828742353],[605638.4636784276,4119553.902697534],[605638.53334687,4119553.97021923],[605638.6092306614,4119554.0306718675],[605638.690615518,4119554.083486415],[605641.8862415287,4119555.9434575983],[605644.2195048325,4119558.3261638177],[605647.0903922182,4119561.719120451],[605647.1649668316,4119561.79812049],[605647.2476711608,4119561.8685646025],[605647.3375290981,4119561.9296213808],[605647.4334801061,4119561.9805702097],[605651.2008374591,4119563.7256410955],[605651.3065481713,4119563.7674846756],[605651.4163252396,4119563.7970589073],[605651.528749725,4119563.813981524],[605661.9137244719,4119564.77761862],[605665.4494556271,4119566.0579545638],[605670.0731857858,4119571.4724993682],[605671.3003490656,4119573.2368698013],[605670.0598222665,4119575.5739728073],[605668.9883840093,4119577.5831318893],[605665.0694354061,4119584.258197484],[605661.9574596351,4119588.8872023416],[605661.9066239871,4119588.97150444],[605659.1624544852,4119594.0745117385],[605659.1205266445,4119594.1625111047],[605659.0873657496,4119594.254174551],[605659.0632868897,4119594.3486311063],[605658.2971639612,4119598.1116844895],[605658.2826109028,4119598.20598424],[605658.2771115617,4119598.301241742],[605658.2807160051,4119598.3965897486],[605658.2933914175,4119598.49116019],[605658.3150223987,4119598.584092074],[605659.9851435549,4119604.4714787826],[605658.4670076072,4119604.8847920573],[605658.374228714,4119604.9149841443],[605658.2848336941,4119604.9540739837],[605658.199673542,4119605.00168946],[605658.1195589384,4119605.0573772993],[605658.0452525333,4119605.1206073817],[605657.9774616853,4119605.190777789],[605657.9168317283,4119605.267220535],[605657.8639398284,4119605.3492079247],[605657.8192894892,4119605.43595948],[605657.7833057588,4119605.5266493703],[605657.7563311841,4119605.6204142757],[605657.7386225489,4119605.716361602],[605657.7303484303,4119605.8135779793],[605657.7315875939,4119605.911137959],[605657.7423282432,4119606.0081128194],[605657.762468133,4119606.1035794104],[605658.2516000149,4119607.9668705375],[605655.8909116025,4119608.564894535],[605655.7961321168,4119608.5939742806],[605655.7046978426,4119608.6322960244],[605655.6175074676,4119608.6794831096],[605655.535417967,4119608.7350717452],[605655.4592361806,4119608.7985155624],[605655.3897108827,4119608.869190986],[605655.3275254223,4119608.946403362],[605655.2732910067,4119609.029393787],[605655.2275406942,4119609.1173465666],[605655.1907241547,4119609.2093972317],[605655.1632032499,4119609.3046410363],[605655.145248477,4119609.40214185],[605655.1370363092,4119609.500941358],[605655.1386474625,4119609.600068482],[605655.1500661009,4119609.698548923],[605655.1711799932,4119609.7954147374],[605660.9121726982,4119631.0168311032],[605660.9409781725,4119631.1063704914],[605660.9780688732,4119631.1928073894],[605661.0231166567,4119631.2753770845],[605661.075722983,4119631.3533490784],[605661.1354224406,4119631.426033548],[605661.201686865,4119631.49278745],[605663.1405250083,4119633.2703551315],[605663.2192579706,4119633.3354590987],[605663.3042226225,4119633.3921901644],[605666.265855462,4119635.1578926225],[605668.1244317169,4119637.490105593],[605670.6690868879,4119641.135826617],[605670.7278389346,4119641.211926022],[605670.7936272089,4119641.2820318374],[605670.8658436352,4119641.345496081],[605670.9438207223,4119641.4017321575],[605671.0268377343,4119641.450220281],[605671.1141273513,4119641.49051228],[605671.2048827623,4119641.522235738],[605671.2982651219,4119641.545097438],[605677.0346891637,4119642.6602699854],[605677.1536943965,4119642.676064097],[605683.6729124325,4119643.145514946],[605687.8691213104,4119643.5757967844],[605690.7161513616,4119645.339357307],[605693.5334680608,4119647.7550650258],[605693.5051195697,4119650.008976901],[605692.1655633616,4119654.4529979643],[605689.7228002949,4119657.963009072],[605687.1487603905,4119660.2277116715],[605683.734998831,4119661.8201821223],[605683.6350361467,4119661.873919652],[605679.4854455135,4119664.4182303357],[605679.4077651716,4119664.4710342647],[605679.3353817974,4119664.530893579],[605679.2689339926,4119664.5972801717],[605679.2090079922,4119664.6696083467],[605679.1561324929,4119664.7472399897],[605679.1107739882,4119664.829490196],[605679.073332653,4119664.9156333143],[605679.0441388133,4119665.0049093477],[605678.2909871888,4119667.736183779],[605678.2696017763,4119667.831789747],[605678.2576741248,4119667.929029492],[605678.2553187141,4119668.0269697243],[605678.262558151,4119668.124670428],[605678.914975694,4119673.4035402867],[605678.9354072164,4119673.515791243],[605679.981848128,4119677.845820201],[605681.3152911839,4119685.6409626813],[605681.346873464,4119685.771838364],[605681.5005984392,4119686.2615721305],[605679.1292922687,4119687.2558604605],[605679.9026593718,4119689.100285391],[605682.1048106407,4119688.176923686],[605684.2206398745,4119694.8565264144],[605684.4191114275,4119695.9959367597],[605672.6986390187,4119699.359716763],[605664.885267967,4119701.436211523],[605654.8522643986,4119701.759882938],[605654.916752189,4119703.758842999],[605665.0639434771,4119703.4314878117],[605665.1771848084,4119703.4213682055],[605665.288545597,4119703.398460121],[605673.2218658744,4119701.2900874508],[605673.240883683,4119701.2848318396],[605685.4667129565,4119697.7760142256],[605686.5700804169,4119698.3104103985],[605686.1841015291,4119699.1526030586],[605686.1452902576,4119699.250627072],[605686.1170147684,4119699.3521924145],[605686.0995893441,4119699.456170184],[605686.0932076686,4119699.5614046664],[605686.0979406744,4119699.666726177],[605686.113735754,4119699.770964066],[605686.6155391135,4119702.2073294125],[605686.6420459853,4119702.3087764485],[605686.6790295277,4119702.406890326],[605686.7260831393,4119702.50059237],[605686.7826895075,4119702.588852409],[605686.8482262951,4119702.6707001016],[605686.9219729833,4119702.7452356056],[605688.7644451057,4119704.4217329174],[605688.845369807,4119704.4879743783],[605688.9327699618,4119704.5454021706],[605689.0256896975,4119704.593388222],[605689.1231127753,4119704.631407722],[605689.2239737043,4119704.65904486],[605689.327169395,4119704.675997377],[605691.8084495106,4119704.9513200535],[605691.912325999,4119704.9573993157],[605692.0162718535,4119704.952651518],[605692.1191616232,4119704.937128066],[605692.2198812913,4119704.910997037],[605692.3173403377,4119704.8745413576],[605692.4104835459,4119704.8281557453],[605693.4581559332,4119704.236479359],[605694.9382995216,4119709.769651381],[605694.9743616292,4119709.8788662273],[605695.0227257295,4119709.9832179025],[605696.4880186457,4119712.7202023035],[605696.5323120008,4119712.7949409746],[605696.5829252079,4119712.865553109],[605696.6394762502,4119712.9315057425],[605697.86904831,4119714.245405998],[605696.8890677553,4119717.3576491354],[605696.8650749738,4119717.4485646216],[605696.8497274113,4119717.541331704],[605696.5348025741,4119720.222428764],[605696.0991276922,4119721.455878892],[605694.5655454802,4119722.1352414484],[605694.1695241699,4119722.178116314],[605694.0736908352,4119722.1932252725],[605693.9797726079,4119722.217549648],[605693.8886534756,4119722.2508604927],[605693.8011910793,4119722.2928442745],[605693.7182086423,4119722.3431058284],[605693.640487221,4119722.4011720777],[605693.5687583532,4119722.4664964853],[605693.5036971732,4119722.538464197],[605693.4459160571,4119722.6163978307],[605693.3959588583,4119722.699563851],[605693.3542957896,4119722.787179474],[605693.3213189965,4119722.878420034],[605693.297338867,4119722.9724267465],[605693.2825811091,4119723.068314792],[605693.2771846277,4119723.1651816424],[605693.281200216,4119723.2621155563],[605693.2945900782,4119723.3582041627],[605693.3172281845,4119723.4525430454],[605697.6297369698,4119738.224761005],[605694.6678216048,4119739.0744987507],[605694.5746482611,4119739.1062698495],[605694.4850501688,4119739.1470479877],[605694.3998955939,4119739.1964379977],[605694.3200097415,4119739.2539612562],[605694.2461667595,4119739.3190603247],[605694.1790822363,4119739.391104349],[605694.119406266,4119739.4693951737],[605694.0677171492,4119739.5531741083],[605694.0245157881,4119739.6416292787],[605693.9902208332,4119739.7339034937],[605693.9651646258,4119739.8291025544],[605693.9495899773,4119739.9263039175],[605693.9436478167,4119740.0245656366],[605693.9473957274,4119740.122935489],[605693.9607973897,4119740.2204602044],[605693.9837229325,4119740.316194703],[605696.3003643246,4119748.244504312],[605688.5974322942,4119750.3113914896],[605689.1157471784,4119752.2430616682],[605696.8606217174,4119750.1649202784],[605697.8713750639,4119753.635246002],[605697.9029501182,4119753.7268646066],[605697.9432449617,4119753.8149967706],[605697.9918811875,4119753.898814849],[605698.0484020553,4119753.9775317106],[605698.1122767801,4119754.0504081286],[605698.1829055174,4119754.116759724],[605698.2596249962,4119754.1759633925],[605698.3417147474,4119754.2274631546],[605698.42840387,4119754.270775379],[605698.5188782705,4119754.3054933227],[605698.6122883082,4119754.3312909505],[605698.7077567739,4119754.3479259987],[605698.8043871275,4119754.355242248],[605698.9012719182,4119754.3531709923],[605698.9975013053,4119754.3417316824],[605699.0921716032,4119754.321031744],[605702.263219022,4119753.4647616],[605705.944885966,4119766.3591436986],[605705.9760307985,4119766.451067705],[605706.0159402773,4119766.539539492],[605706.064238454,4119766.623725653],[605706.1204703588,4119766.702833153],[605706.1841062858,4119766.7761167963],[605706.254546783,4119766.8428862495],[605706.3311282994,4119766.902512544],[605706.4131294352,4119766.954433997],[605710.8163105887,4119769.4516834575],[605711.6785216765,4119773.8183780373],[605711.679054104,4119773.8210553005],[605712.5056615195,4119777.9481223514],[605712.5209189928,4119778.012992923],[605717.0740930615,4119794.8354877722],[605711.3722133215,4119795.1469072807],[605711.4812847415,4119797.1439309227],[605718.4166329957,4119796.765143077],[605718.5149781927,4119796.7548758755],[605718.6118286436,4119796.7349464158],[605718.6201643589,4119796.7323508533],[605718.620265974,4119796.73273111],[605778.8954947273,4119780.6255174777],[605782.6187987832,4119796.253387626],[605782.6256653882,4119796.280519095],[605786.2872477192,4119809.941583576],[605788.2190600848,4119809.4237988875],[605784.5611009069,4119795.7762520947],[605780.8283971627,4119780.108928519],[605839.0702450009,4119764.5411385614],[605841.9805853465,4119773.6247562543],[605844.4055139009,4119781.365236429],[605844.8798416702,4119786.254950531],[605842.3553035416,4119790.100838263],[605837.9774883225,4119793.850262047],[605834.6454196094,4119796.5719804517],[605830.9891163777,4119799.110875762],[605830.9121743798,4119799.170037707],[605830.8413301464,4119799.2363800113],[605827.9732518194,4119802.1962183164],[605829.4095540161,4119803.587992723],[605832.2098514201,4119800.6981038926],[605835.8181860743,4119798.192517416],[605835.8804295299,4119798.1455978546],[605839.2517341889,4119795.391830532],[605839.2696182253,4119795.376871439],[605843.7639728851,4119791.5276362817],[605843.832317226,4119791.463302452],[605843.8943287662,4119791.3928442416],[605843.9494611968,4119791.316882372],[605846.7320035509,4119787.0779503537],[605850.785262647,4119781.5055453703],[605852.8959700471,4119779.5772159626],[605853.1923454541,4119780.5821266975],[605853.2319115405,4119780.6921276757],[605853.2840444453,4119780.7967596534],[605855.4533115258,4119784.5790547337],[605856.466185377,4119786.526599251],[605856.50934181,4119786.601484872],[605856.5588034458,4119786.6723642093],[605858.7762439232,4119789.5742006805],[605860.3653851843,4119788.3598572146],[605858.2005707636,4119785.526889429],[605857.2181941168,4119783.6379846553],[605857.1984614928,4119783.601877654],[605855.0774161385,4119779.9036611086],[605854.565213872,4119778.1669530557],[605857.8870123,4119775.8431260595],[605865.4182840827,4119773.1213656613],[605870.3226653137,4119771.6771680056],[605871.7843470273,4119774.373537716],[605871.8367993105,4119774.459633315],[605871.8976537454,4119774.540010127],[605871.9662918262,4119774.613851227],[605872.0420159365,4119774.680406116],[605872.1240564396,4119774.738998351],[605872.2115795009,4119774.7890324183],[605872.3036955628,4119774.829999787],[605872.3994683858,4119774.8614840773],[605872.4979245642,4119774.8831652924],[605872.5980634196,4119774.894823071],[605872.6988671712,4119774.896338927],[605872.7993112805,4119774.887697454],[605872.8983748644,4119774.8689864813],[605872.9950510708,4119774.8403961807],[605873.0883573125,4119774.8022171366],[605878.6140509412,4119772.20876258],[605878.7019587312,4119772.1620289152],[605878.7847839118,4119772.106785776],[605878.8617055351,4119772.043580722],[605878.9319611681,4119771.97304023],[605878.99485445,4119771.8958634846],[605879.0497619943,4119771.812815447],[605879.0961395676,4119771.7247192743],[605879.1335274837,4119771.632448159],[605879.1615551609,4119771.536916676],[605879.1799447937,4119771.439071715],[605879.1885141077,4119771.3398830974],[605879.1871781653,4119771.2403339627],[605879.1759502082,4119771.141411023],[605879.1549415258,4119771.044094785],[605879.1243603522,4119770.9493498285],[605878.2174874902,4119768.5546931727],[605884.3653076263,4119766.2550376793],[605884.4729094644,4119766.20739559],[605894.3338493252,4119761.1275603245],[605894.3990918002,4119761.090796571],[605899.7794890945,4119757.7876265054],[605906.4691002335,4119754.127907847],[605914.1899667723,4119754.829938883],[605918.5641647108,4119758.813518062],[605921.5700306961,4119765.757036322],[605921.5842491658,4119774.5994400876],[605917.0055732154,4119781.127579058],[605911.6313699818,4119786.9743935103],[605905.555377163,4119793.001727058],[605895.2412023537,4119797.7264452297],[605885.8229164584,4119801.110423644],[605885.7464160091,4119801.14153367],[605878.2937694656,4119804.537330542],[605873.5340734991,4119806.2709476487],[605872.3831253359,4119806.524960159],[605869.8474172873,4119806.231753343],[605868.1469782713,4119805.684498873],[605868.0451218052,4119805.657549157],[605867.9409951774,4119805.641465864],[605867.8357543006,4119805.636427536],[605867.7305674565,4119805.642490104],[605864.8797943138,4119805.9581471053],[605862.4015483592,4119806.089912851],[605854.1678007909,4119795.2094779727],[605854.1057109777,4119795.135196058],[605854.0367290492,4119795.067266379],[605853.9615015695,4119795.006325637],[605853.8807336419,4119794.9529450266],[605853.7951822998,4119794.907624881],[605853.7056494115,4119794.870789984],[605853.6129741643,4119794.842785586],[605853.5180251981,4119794.8238741723],[605853.421692465,4119794.814232998],[605853.3248788862,4119794.813952429],[605853.2284918907,4119794.823035096],[605853.1334349087,4119794.841395866],[605853.0405989041,4119794.868862646],[605852.9508540243,4119794.905177991],[605852.8650414429,4119794.9500015187],[605852.7839654773,4119795.0029131006],[605848.2344879425,4119798.2966411645],[605849.4073390953,4119799.9166473905],[605853.1637798982,4119797.1970615922],[605861.1270894101,4119807.7201277707],[605861.1896938954,4119807.7949676747],[605861.2592939712,4119807.8633501446],[605861.3352270218,4119807.924624157],[605861.4167701391,4119807.978206363],[605861.5031470055,4119808.023586642],[605861.5935352845,4119808.060332959],[605861.6870744496,4119808.0880954764],[605861.7828739769,4119808.1066098856],[605861.8800218229,4119808.115699924],[605861.9775931078,4119808.1152790505],[605865.0145290238,4119807.953808344],[605865.0714892677,4119807.94914441],[605867.7379755134,4119807.653892908],[605869.3284086575,4119808.1657440467],[605869.4231361209,4119808.191177271],[605869.5198994866,4119808.2072082497],[605872.3199983236,4119808.5309868744],[605872.4305230086,4119808.537596431],[605872.5411009127,4119808.5319467112],[605872.6503764183,4119808.5141069763],[605874.0296789405,4119808.2096970063],[605874.1564010769,4119808.172810476],[605879.0150188168,4119806.403163236],[605879.0874199963,4119806.3735361686],[605886.5380798926,4119802.978644512],[605895.9573135413,4119799.594325571],[605896.0356427986,4119799.5623800275],[605906.5499075647,4119794.74600463],[605906.6281601645,4119794.7059067367],[605906.7025879532,4119794.6590899164],[605906.7726155067,4119794.6059161243],[605906.83770142,4119794.5467964634],[605913.0562585772,4119788.378040296],[605913.088236529,4119788.344821061],[605918.5226576616,4119782.4324931055],[605918.605123983,4119782.329986323],[605921.9471964814,4119777.5649595],[605922.9136669423,4119784.446401972],[605922.9228020963,4119784.5005897526],[605924.5157970948,4119792.587571498],[605924.5508275097,4119792.7181323115],[605927.3238724514,4119800.8199900747],[605927.3609874628,4119800.912955716],[605927.4072107809,4119801.0017450135],[605927.4620792419,4119801.085468287],[605932.347087912,4119807.7825479764],[605932.419243925,4119807.8704906036],[605936.5424196871,4119812.349834855],[605936.6048439924,4119812.411928091],[605939.7327631271,4119815.260558461],[605931.748125017,4119816.0797803025],[605931.6588738719,4119816.09302947],[605931.5711802818,4119816.1142695644],[605931.4857581871,4119816.143327663],[605931.4033030354,4119816.1799671953],[605923.7769058901,4119819.989674453],[605923.7073520387,4119820.0279418933],[605923.6410528608,4119820.0716060004],[605917.0412847962,4119824.80414464],[605916.9988477374,4119824.836320253],[605910.9299019687,4119829.697611993],[605910.8730798506,4119829.7467418737],[605910.8201059055,4119829.799998417],[605903.928511973,4119837.269617759],[605903.8786540681,4119837.328003991],[605903.8334225498,4119837.390043273],[605899.5666073302,4119843.7409449606],[605896.8469891177,4119846.258917957],[605890.2434537496,4119850.4195564534],[605890.1834634264,4119850.4604701367],[605882.6595233246,4119856.0025035446],[605882.6369385573,4119856.01963826],[605878.437041807,4119859.3008627044],[605872.4609218278,4119863.4707551356],[605873.6053785003,4119865.1109438213],[605879.6036425843,4119860.925600138],[605879.6470647109,4119860.8935251525],[605883.8570685494,4119857.6044044127],[605891.3403428679,4119852.0923248758],[605897.9914912308,4119847.9016872277],[605898.067237557,4119847.848926562],[605898.1377959957,4119847.7894059727],[605901.0109824117,4119845.129251038],[605901.0914427933,4119845.0455740555],[605901.1616637841,4119844.9531363854],[605905.4506340815,4119838.5692581767],[605912.239005664,4119831.211518854],[605918.2284097947,4119826.413940833],[605924.7418640907,4119821.743295769],[605932.1338062924,4119818.0507086515],[605941.7843195512,4119817.060568443],[605947.3939570888,4119821.0895969286],[605950.7042660675,4119826.6106693675],[605953.4198272934,4119833.50196224],[605954.1474061548,4119838.098121448],[605943.627779676,4119844.8844777094],[605943.5986597962,4119844.903994545],[605886.1865805092,4119884.858826854],[605887.3290176571,4119886.500422834],[605944.7267080673,4119846.555604187],[605954.8312699024,4119840.037011857],[605957.0105573153,4119844.5158002367],[605957.0419419296,4119844.575149817],[605960.4881014802,4119850.593945447],[605963.2865933473,4119855.949538469],[605963.3306373615,4119856.0255029113],[605963.3811755275,4119856.0973107484],[605963.437818172,4119856.164408308],[605963.5001285537,4119856.226278236],[605967.9920735129,4119860.310828411],[605969.3375929308,4119858.83110631],[605964.9769769011,4119854.8659742502],[605962.2517775167,4119849.650644173],[605962.233300108,4119849.6168823964],[605958.7942659493,4119843.6105314246],[605956.7708274652,4119839.4520378197],[605961.6983152253,4119839.0112440437],[605969.2349913884,4119838.973871878],[605969.3333813403,4119838.968529369],[605969.4307678677,4119838.9535297253],[605969.5262054326,4119838.9290185804],[605975.1322377473,4119837.1906730076],[605979.8422663199,4119836.082280611],[605979.3841287562,4119834.135460133],[605974.6402302779,4119835.2518230006],[605974.5731263699,4119835.2700988315],[605969.0761266414,4119836.9746350534],[605961.6462435381,4119837.0114776636],[605961.5621018937,4119837.01544271],[605956.8172879228,4119837.4398952033],[605958.7056858242,4119833.043482651],[605961.1081797617,4119828.1477059424],[605961.1430342572,4119828.0681105303],[605961.1708474775,4119827.985789875],[605961.1914094251,4119827.9013655195],[605962.8828126277,4119819.35766025],[605970.2124727556,4119823.237429494],[605977.687137344,4119828.3706641127],[605977.7775782316,4119828.425958636],[605977.8733642267,4119828.471368785],[605982.4728768952,4119830.360244265],[605983.6479585622,4119830.8414649465],[605984.3478348946,4119829.1324512437],[605990.2443302477,4119821.473029823],[605996.541565936,4119815.92512998],[606001.4468541265,4119812.406583008],[606007.2118485016,4119810.615375948],[606013.1638623503,4119810.3180430974],[606020.8777258645,4119811.9321717233],[606026.7326269156,4119814.715491609],[606030.2841673222,4119817.2509025643],[606030.3649178738,4119817.3028837717],[606030.4502823066,4119817.3468793514],[606030.5394733308,4119817.382483546],[606030.6316683645,4119817.409367989],[606030.7260171205,4119817.427284732],[606030.8216494492,4119817.436068536],[606030.9176833621,4119817.435638389],[606031.0132331679,4119817.4259982593],[606031.1074176393,4119817.407237055],[606031.1993681417,4119817.3795278035],[606033.6774213575,4119816.5009118835],[606033.6826294886,4119816.499049064],[606037.1593109486,4119815.244669898],[606036.4824190112,4119813.368572372],[606036.5389433443,4119813.4698753725],[606048.6634403806,4119806.7047340972],[606075.128523795,4119794.215423519],[606074.2749632917,4119792.4067127993],[606047.7791134417,4119804.9105425677],[606047.7186384622,4119804.941638321],[606035.564432882,4119811.72335616],[606036.4796901742,4119813.363681746],[606033.0064634229,4119814.6168144606],[606031.0221284853,4119815.3203781517],[606027.8227767886,4119813.0363913705],[606027.7489011522,4119812.9884188776],[606027.6710905577,4119812.9471335155],[606021.6286546355,4119810.0746627576],[606021.5186409611,4119810.030161023],[606021.4041300969,4119809.999005367],[606013.4474225891,4119808.334061551],[606013.36319225,4119808.320159258],[606013.2780830914,4119808.313491809],[606013.1927153907,4119808.3141077966],[606006.9858873663,4119808.6241698894],[606006.9024864259,4119808.6318478915],[606006.8200204968,4119808.6464779666],[606006.7390680502,4119808.667957491],[606000.6988315645,4119810.544683387],[606000.5985441557,4119810.5818315437],[606000.5027974485,4119810.629477299],[606000.4126865508,4119810.6870757015],[605995.3351968668,4119814.3291422343],[605995.2570009595,4119814.3913777065],[605988.8497803878,4119820.036174847],[605988.7807315134,4119820.1031757467],[605988.7184410956,4119820.1765022185],[605982.5262174194,4119828.220068409],[605978.7316032783,4119826.6617394895],[605971.2972623332,4119821.55619718],[605971.1989802794,4119821.4967073947],[605963.2465007639,4119817.2872645417],[605964.1629996524,4119810.445216361],[605964.1709937674,4119810.3538756715],[605964.1705880713,4119810.2621867256],[605963.652577815,4119799.969521255],[605963.6415877009,4119799.863714663],[605963.6194204353,4119799.7596741426],[605963.5863268587,4119799.658576997],[605963.5426814521,4119799.561567224],[605957.6697600036,4119788.1694367784],[605957.6318283498,4119788.1023404277],[605957.5888416814,4119788.038364831],[605951.9362000026,4119780.2885543257],[605951.8842712181,4119780.2232644735],[605951.8270812073,4119780.162530083],[605942.9632286134,4119771.5032895873],[605937.0651525207,4119764.1875631814],[605932.6459107074,4119751.225480919],[605933.2416338844,4119744.285546953],[605933.2452959395,4119744.2019974696],[605933.2419640814,4119744.118434167],[605933.2316616131,4119744.0354414806],[605932.142568285,4119737.5082722944],[605932.1082804224,4119737.3669904],[605929.7372660004,4119729.9865847193],[605929.3826207466,4119728.0471881367],[605932.5034455231,4119726.621425437],[605932.5340772563,4119726.6067977804],[605936.545614503,4119724.6068495517],[605943.103997359,4119722.5252284296],[605950.7871141006,4119721.093361882],[605959.285132002,4119721.5834102524],[605959.3163314331,4119721.5847210335],[605968.9858594429,4119721.839806055],[605969.0750004682,4119721.8381818593],[605969.1636425507,4119721.8286245773],[605969.2510810955,4119721.8112101783],[605978.8203994919,4119719.4574468923],[605978.9106749193,4119719.4306765767],[605978.9980322162,4119719.395533935],[605984.5140843121,4119716.868602144],[605984.5641143153,4119716.843972963],[605988.6556690872,4119714.685992308],[605990.9209609345,4119713.605763719],[606014.6164135276,4119704.107902518],[606013.87230319,4119702.251481282],[605990.1472570064,4119711.761204498],[605990.0888855422,4119711.786789549],[605987.7765896526,4119712.8894325173],[605987.740503028,4119712.907543878],[605983.6557593115,4119715.061932225],[605978.2509574419,4119717.537899716],[605968.9040666181,4119719.8369525373],[605959.3846836312,4119719.585828386],[605950.7809368412,4119719.0896830326],[605950.6600840093,4119719.0900288047],[605950.5401554485,4119719.1049508294],[605942.6769960248,4119720.57037109],[605942.5576812262,4119720.6003034855],[605935.8664770813,4119722.7240818907],[605935.7935234957,4119722.750392327],[605935.7228282166,4119722.7822771547],[605931.6569199595,4119724.809332001],[605929.0148845167,4119726.016357661],[605928.8947414445,4119725.3488882743],[605928.8718241582,4119725.2504183054],[605928.8390812521,4119725.1547656064],[605928.796847409,4119725.062907894],[605925.9893716648,4119719.690270779],[605925.9763314428,4119719.6661286666],[605921.3682876922,4119711.407990565],[605921.3061382989,4119711.3103565783],[605915.532407659,4119703.303836721],[605915.4787173604,4119703.2358042942],[605915.4193381126,4119703.1726761376],[605911.2054377313,4119699.064922681],[605913.8195881984,4119698.88214442],[605913.8903920389,4119698.8746530605],[605920.5667871265,4119697.926861483],[605920.6464210614,4119697.9122460755],[605920.7246116368,4119697.891236372],[605928.3330761304,4119695.5126997735],[605928.417568671,4119695.482054114],[605928.4989683368,4119695.443945843],[605934.5556328212,4119692.2691231878],[605934.6455011306,4119692.2158542094],[605934.7293216415,4119692.1535002273],[605934.8061795457,4119692.082741767],[605934.8752360237,4119692.0043510795],[605938.8610251537,4119686.9725610595],[605938.8790165808,4119686.9491459476],[605943.3638840741,4119680.930383719],[605948.0423344465,4119675.7640727917],[605952.713609572,4119672.3401771775],[605961.7318651992,4119669.3823210825],[605967.3302338192,4119667.775425558],[605969.6859310447,4119667.164968072],[605969.435076251,4119666.1969433445],[605969.9210416802,4119667.0709213773],[605977.4049857338,4119662.909560397],[605995.2437215593,4119656.3380874093],[605995.2507046096,4119656.3354853867],[606009.2675039759,4119651.052987423],[606009.2827773881,4119651.047088104],[606022.5448515301,4119645.799475581],[606021.8089920667,4119643.9397683865],[606008.5545304845,4119649.1843687287],[605994.5488786725,4119654.4626655243],[605976.6410014173,4119661.0596089847],[605976.5696113489,4119661.089086499],[605976.5007092574,4119661.1239858908],[605969.0606641467,4119665.260937369],[605966.8159625641,4119665.842631345],[605966.7909278974,4119665.8494667024],[605961.1621028478,4119667.465104113],[605961.1263416548,4119667.4760967297],[605951.9391191183,4119670.4893715023],[605951.8410712347,4119670.5273472797],[605951.7475527925,4119670.5754081593],[605951.6595976894,4119670.6330228015],[605946.7780873907,4119674.2110140896],[605946.6996282453,4119674.274865785],[605946.6280213535,4119674.346317374],[605941.84933337,4119679.623318514],[605941.7887077832,4119679.697053699],[605937.2841120065,4119685.7422915916],[605933.4392096014,4119690.5962216216],[605927.6502771409,4119693.630702724],[605920.205324419,4119695.9581227363],[605913.6445558092,4119696.889499796],[605909.0431615865,4119697.2112237546],[605903.3781692414,4119695.251246363],[605897.6883879228,4119693.2826974075],[605891.6308784074,4119688.330087475],[605890.5892889281,4119683.5739527605],[605890.5553488977,4119683.4548318563],[605888.7109281494,4119678.233030482],[605888.4109460788,4119671.741252313],[605888.4032786412,4119671.655539507],[605888.3882704038,4119671.570803284],[605887.0279161838,4119665.439685467],[605887.0019416275,4119665.3449096913],[605886.9667900614,4119665.2531410004],[605884.4303407324,4119659.495569782],[605884.3820065849,4119659.400064304],[605881.8549781954,4119655.0074386955],[605881.8044450002,4119654.928420182],[605881.7467306907,4119654.8544838056],[605878.5282516389,4119651.1078198827],[605878.4792490528,4119651.054776932],[605874.3168350052,4119646.8634722116],[605874.2342619955,4119646.7890899307],[605874.1439452015,4119646.724329585],[605869.2491371764,4119643.6112224907],[605869.1633678759,4119643.5624421346],[605869.0732087678,4119643.522351845],[605868.979537632,4119643.4913419373],[605868.8832664407,4119643.4697143207],[605861.7728473877,4119642.2372361277],[605861.6855831984,4119642.2260381924],[605861.5976725029,4119642.2225536434],[605861.5097957677,4119642.2268094523],[605861.422633197,4119642.2387726773],[605855.6651480573,4119643.288860872],[605853.655877472,4119643.2278733193],[605856.6782311865,4119641.4786926555],[605856.7474371609,4119641.4347578576],[605856.8128121288,4119641.385302353],[605856.8739167878,4119641.33065847],[605859.784744462,4119638.504520312],[605859.8552964185,4119638.4285276937],[605859.9175996875,4119638.3456376507],[605859.9709843554,4119638.256741454],[605862.5160103583,4119633.4730746374],[605862.5598857487,4119633.379169228],[605862.5938052615,4119633.281226682],[605862.6174044901,4119633.180299222],[605863.4571858395,4119628.5083050937],[605863.4692562679,4119628.417371091],[605863.4729431678,4119628.3257136038],[605863.4682155153,4119628.2341039022],[605863.455113092,4119628.143312853],[605863.0875652306,4119626.2239731564],[605866.7981041857,4119625.386126197],[605866.9080409105,4119625.3545975448],[605873.6557037416,4119622.9941753307],[605882.8222135354,4119621.446060969],[605889.7581829634,4119620.891282128],[605894.4351069259,4119621.3746901047],[605894.4407239922,4119621.375254666],[605898.615325358,4119621.7829371346],[605898.7508327977,4119621.786937646],[605905.2853865974,4119621.5364018916],[605905.3804218448,4119621.5282054436],[605905.4742437815,4119621.5109913745],[605913.1463430286,4119619.7213368933],[605913.2340383487,4119619.6966182156],[605913.3191198267,4119619.6640202976],[605913.4008811602,4119619.6238137493],[605918.1370107504,4119617.020430743],[605918.2248988984,4119616.966023763],[605918.3067012344,4119616.9028349672],[605918.381543746,4119616.831539494],[605922.2010020637,4119612.7965096734],[605925.878511123,4119609.357583054],[605925.940015683,4119609.2947790124],[605925.9957672077,4119609.226816331],[605926.0453348962,4119609.154220169],[605929.6505419457,4119603.340897802],[605929.6936147235,4119603.264086468],[605929.7297627386,4119603.1837835032],[605929.7587056542,4119603.100611676],[605929.7802190109,4119603.015216005],[605930.7539711528,4119598.2783392696],[605930.7693810908,4119598.1775742127],[605930.7744526728,4119598.0757638896],[605930.7691745578,4119593.740531363],[605931.2632538762,4119592.217563646],[605933.5161644245,4119591.116614757],[605932.6380493342,4119589.3196968716],[605930.0039302912,4119590.606934146],[605929.9161575489,4119590.65542259],[605929.8336821819,4119590.7124576443],[605929.7573334951,4119590.777465809],[605929.6878791885,4119590.849793417],[605929.6260176379,4119590.928713199],[605929.5723708726,4119591.013431604],[605929.5274783206,4119591.103096772],[605929.4917913849,4119591.1968071028],[605928.8177855386,4119593.2743867678],[605928.7906874466,4119593.3757535797],[605928.7743599246,4119593.4794017784],[605928.7689827312,4119593.5841902457],[605928.774329562,4119597.975863188],[605927.8570314011,4119602.4381160866],[605924.4155754468,4119607.987393174],[605920.8127017078,4119611.3565265215],[605920.7694782983,4119611.3994881758],[605917.0365608103,4119615.343092773],[605912.5580272613,4119617.804878903],[605905.1131179243,4119619.541537271],[605898.7420984154,4119619.7858030964],[605894.6379242233,4119619.3849983923],[605889.8726331227,4119618.892456767],[605889.7814096854,4119618.8872246756],[605889.6900894898,4119618.8903411143],[605882.6191159938,4119619.455918359],[605882.5323173086,4119619.466698345],[605873.2390262496,4119621.036224553],[605873.1563030109,4119621.053822582],[605873.0753626355,4119621.0783476816],[605866.3017194732,4119623.447858161],[605861.8867503863,4119624.4447668227],[605856.6204653333,4119623.6488544126],[605852.014884644,4119621.369381562],[605848.4386426707,4119618.0301650036],[605847.2625420056,4119615.8039428983],[605853.8098547963,4119611.1544107012],[605852.6518552938,4119609.5237552645],[605845.3899342855,4119614.6807619054],[605845.3144831997,4119614.7399850665],[605845.2450532246,4119614.806164577],[605845.1822831334,4119614.8786915704],[605845.1267504264,4119614.9568987796],[605845.0789660183,4119615.040066679],[605845.0393695378,4119615.1274301033],[605845.0083252823,4119615.2181852865],[605844.9861188665,4119615.311497259],[605844.9729545952,4119615.4065075275],[605844.9689535829,4119615.502341973],[605844.9741526399,4119615.598118896],[605844.9885039335,4119615.692957124],[605845.0118754284,4119615.785984122],[605845.0440521009,4119615.8763440186],[605845.0847379176,4119615.9632054796],[605846.7489041013,4119619.1132789846],[605846.8062077671,4119619.2085232185],[605846.8737278333,4119619.296819396],[605846.9506300777,4119619.377076601],[605850.7572536332,4119622.9314055596],[605850.8313941775,4119622.9941765964],[605850.9112755425,4119623.0494576134],[605850.9961438858,4119623.0967269232],[605855.8731573651,4119625.510541938],[605855.9678418364,4119625.5514687668],[605856.0662386087,4119625.5824240516],[605856.1673007252,4119625.603078422],[605861.0743425647,4119626.3446971267],[605861.4558948644,4119628.3371681813],[605860.6766932561,4119632.672136255],[605858.2790038019,4119637.1788672144],[605855.569424594,4119639.8096121596],[605849.679622863,4119643.2183221504],[605770.4087638614,4119674.5928287026],[605770.3728200943,4119674.6078712493],[605766.5733935416,4119676.2856573593],[605764.243545071,4119676.215969295],[605759.9271191811,4119665.8162933635],[605757.7193563143,4119660.4417846086],[605757.6673093663,4119654.4734279495],[605758.3350686819,4119650.439686029],[605758.9227610662,4119646.8779276884],[605761.2377926556,4119638.244338057],[605759.3060343501,4119637.7263517166],[605756.978243195,4119646.407526381],[605756.9574631511,4119646.5037201974],[605756.491081919,4119649.330262938],[605752.7271050226,4119649.5762322024],[605752.6674365498,4119649.581931669],[605748.0476459,4119650.163391741],[605744.801950855,4119650.382065541],[605740.7778193565,4119650.201224363],[605738.1188508716,4119649.8939526747],[605738.0613649255,4119649.888985303],[605735.0906737252,4119649.7184530045],[605734.9931268863,4119649.7176192096],[605734.895962939,4119649.726293789],[605731.6690181044,4119650.1739221816],[605731.558916342,4119650.1955504073],[605731.4519306734,4119650.2293770975],[605728.7323463956,4119651.2603893396],[605728.6341807382,4119651.3037634403],[605726.8638689376,4119652.2024395964],[605720.8290160026,4119654.570942074],[605716.11600969,4119656.083977268],[605711.8364957933,4119656.4043636792],[605707.3639538334,4119656.348102266],[605707.3387972388,4119658.3479440464],[605711.8550156733,4119658.404754879],[605711.9422501877,4119658.4020433193],[605716.3834989858,4119658.0695486018],[605716.5003358668,4119658.0538332313],[605716.6145114093,4119658.0244772243],[605721.4705262195,4119656.465531443],[605721.5301982338,4119656.4442673833],[605727.6391452376,4119654.04668516],[605727.7264578854,4119654.007497864],[605729.4915699352,4119653.111461295],[605732.0554882116,4119652.1394630554],[605735.0737917812,4119651.720776513],[605737.9179291286,4119651.8840439976],[605740.583079358,4119652.1920300513],[605740.6529820033,4119652.197632786],[605744.7682557898,4119652.382569824],[605744.8803707599,4119652.381316166],[605748.2109969996,4119652.1569202547],[605748.2686535286,4119652.1513543027],[605752.8874430127,4119651.5700202403],[605756.1560900563,4119651.35641991],[605755.6800191508,4119654.232227291],[605755.6696068085,4119654.317958349],[605755.6666302136,4119654.4042680883],[605755.7211141539,4119660.6520808847],[605755.7264774203,4119660.7471557315],[605755.7408596991,4119660.841289366],[605755.7641305717,4119660.9336281857],[605755.7960790183,4119661.0233348627],[605758.077817996,4119666.5779287443],[605758.0792102171,4119666.581300414],[605761.7128356391,4119675.335887614],[605759.1426913304,4119674.26025811],[605759.0376646753,4119674.2230333625],[605758.9291485902,4119674.1977244825],[605758.8184904415,4119674.184645712],[605754.7750478006,4119673.934028563],[605754.6707931285,4119673.933012205],[605754.5669992631,4119673.942856145],[605747.232214637,4119675.0267439415],[605747.1049639815,4119675.0541110677],[605694.9605936821,4119689.877208074],[605694.8686613578,4119689.9082353227],[605694.7801687067,4119689.9480259386],[605694.6959488201,4119689.9962053234],[605694.6167945645,4119690.052319905],[605694.5434511174,4119690.1158414064],[605694.4766089515,4119690.186171822],[605694.4168973352,4119690.2626490425],[605694.3648784083,4119690.344553094],[605694.3210418894,4119690.4311129116],[605692.1535533019,4119695.28151579],[605690.4068541535,4119695.087085507],[605690.3029216479,4119695.0809696284],[605690.1989165489,4119695.085692876],[605690.0959662062,4119695.1012040535],[605689.9951865366,4119695.127335029],[605689.8976699281,4119695.16380256],[605689.8044733997,4119695.2102113604],[605687.6326433728,4119696.436759807],[605687.5433692542,4119696.493610058],[605687.4918896196,4119696.5346412444],[605686.4556388912,4119696.0327518526],[605686.179431033,4119694.4470631927],[605686.1475817162,4119694.316694893],[605683.6812966361,4119686.5307146795],[605683.2752802196,4119685.237236191],[605681.9475033168,4119677.475217338],[605681.9338383295,4119677.408920835],[605680.8928651848,4119673.101516746],[605680.2718117968,4119668.076421934],[605680.8672801234,4119665.916979715],[605684.6320086796,4119663.608646211],[605688.1243188522,4119661.979533967],[605688.2083987804,4119661.935333608],[605688.2879055222,4119661.8833549195],[605688.3621216799,4119661.824066911],[605691.1349093559,4119659.3845012123],[605691.2204506093,4119659.299562017],[605691.295149634,4119659.2049468565],[605693.8979375113,4119655.4649957805],[605693.9533224163,4119655.375757578],[605693.9990422428,4119655.2812026097],[605694.0345926578,4119655.1823739065],[605695.4607158946,4119650.4511639243],[605695.4834584334,4119650.3606133983],[605695.497657015,4119650.268336526],[605695.5031878755,4119650.17513765],[605695.5349428941,4119647.650381988],[605699.6783883895,4119642.353152029],[605703.5049236179,4119638.384178678],[605709.0234538215,4119635.481133013],[605718.0336814207,4119633.67608062],[605724.9572536468,4119632.590522914],[605725.0561733687,4119632.569844395],[605725.1525009117,4119632.5392876114],[605725.2452525102,4119632.499164631],[605730.3708769905,4119629.9671551585],[605730.4575580716,4119629.9188437243],[605730.5390240675,4119629.8621789557],[605730.614472733,4119629.7977188644],[605735.5090334695,4119625.1767310062],[605735.5324300999,4119625.1539074844],[605739.1022643115,4119621.5558000538],[605741.0963661927,4119619.6292094155],[605747.7323607117,4119616.4894216587],[605746.8769842474,4119614.6815690366],[605740.0922162187,4119617.8917482384],[605739.99663531,4119617.943507074],[605739.9072366627,4119618.005334002],[605739.8250764936,4119618.076498556],[605737.7049985457,4119620.124800283],[605737.6899361331,4119620.139664085],[605734.124161149,4119623.733680139],[605729.3505733383,4119628.2404566407],[605724.4964750384,4119630.6383347767],[605717.7030391501,4119631.7034882028],[605717.6615075277,4119631.7109007942],[605708.4891361069,4119633.5484360624],[605708.3965159466,4119633.5716400365],[605708.30653104,4119633.603571762],[605708.220001772,4119633.6439401195],[605702.4312451172,4119636.6891395277],[605702.3398361081,4119636.7436233074],[605702.2547343235,4119636.807512081],[605702.1769034634,4119636.880082367],[605698.2026798534,4119641.0022416203],[605698.1349219353,4119641.080208228],[605694.3960857686,4119645.8601612826],[605691.9593517259,4119643.7707840973],[605691.898940901,4119643.722898788],[605691.8350209589,4119643.679809211],[605688.7266636208,4119641.75437246],[605688.6476947581,4119641.7102679564],[605688.5650637374,4119641.673479331],[605688.479446587,4119641.644307563],[605688.3915437653,4119641.622991315],[605688.3020744307,4119641.6097049806],[605683.8618531507,4119641.1544019603],[605683.8316717264,4119641.1517684716],[605677.3573205201,4119640.6855484964],[605672.0773667359,4119639.6591146993],[605669.746273146,4119636.319362812],[605669.7083095415,4119636.268492186],[605667.7164318716,4119633.7690074723],[605667.6571963517,4119633.701182247],[605667.5920994983,4119633.6389608067],[605667.5216691887,4119633.582847711],[605667.4464765502,4119633.533297988],[605664.4164971865,4119631.726847864],[605662.7670365251,4119630.2145875585],[605657.3671602854,4119610.2540985113],[605658.7623111501,4119609.900670379],[605659.1948014657,4119611.528296674],[605659.224873203,4119611.622448302],[605659.2640923924,4119611.7131714723],[605659.3120759081,4119611.7995799244],[605659.3683550068,4119611.880829549],[605659.4323799071,4119611.9561266312],[605659.5035251601,4119612.024735606],[605659.5810957594,4119612.0859862426],[605659.6643339302,4119612.139280195],[605659.7524265324,4119612.184096842],[605659.8445130036,4119612.2199983774],[605659.9396937658,4119612.246634085],[605660.0370390137,4119612.2637437647],[605660.1355977971,4119612.271160275],[605660.2344073113,4119612.268811165],[605660.3325023021,4119612.256719383],[605660.4289244955,4119612.2350030513],[605665.5094999963,4119610.823638653],[605665.9257351002,4119612.284715813],[605665.9568900617,4119612.3768229573],[605665.9968430598,4119612.4654689697],[605666.0452163644,4119612.54981576],[605666.1015526372,4119612.629065883],[605666.1653192549,4119612.7024700795],[605666.2359133449,4119612.7693343605],[605666.3126674856,4119612.829026567],[605666.3948560158,4119612.8809823473],[605666.4817018958,4119612.924710493],[605666.5723840537,4119612.9597975826],[605666.6660451478,4119612.9859118904],[605666.7617996727,4119613.002806522],[605666.8587423308,4119613.01032175],[605666.9559565916,4119613.008386522],[605667.0525233569,4119612.997019135],[605667.1475296495,4119612.9763270603],[605727.4811971621,4119596.72687971],[605737.3313577109,4119595.072948803],[605737.0001757796,4119593.1005597627],[605727.102282363,4119594.762505449],[605727.0078137885,4119594.7831073864],[605667.5791535329,4119610.788812422],[605667.1607818765,4119609.320235491],[605667.1588995468,4119609.313712221],[605665.5934069642,4119603.9567868053],[605665.5616898794,4119603.8650491266],[605665.5212281096,4119603.776818631],[605665.4724028767,4119603.6929266066],[605665.4156742011,4119603.614163465],[605665.3515765674,4119603.541271295],[605665.2807138892,4119603.4749368695],[605665.2037538188,4119603.415785177],[605665.1214214565,4119603.364373532],[605665.0344925195,4119603.3211863227],[605664.9437860325,4119603.28663045],[605664.8501566118,4119603.2610314903],[605664.7544864126,4119603.2446306325],[605664.6576768182,4119603.2375824014],[605664.5606399467,4119603.2399532036],[605664.4642900577,4119603.2517207023],[605664.3695349381,4119603.2727740263],[605661.9146405379,4119603.9447573684],[605660.3054914832,4119598.272304971],[605660.99369195,4119594.891992232],[605663.6447446122,4119589.9621433015],[605666.7462456723,4119585.3487193775],[605666.7787114995,4119585.2970939684],[605670.7234781182,4119578.578053072],[605670.7434909395,4119578.5423083017],[605671.2728624187,4119577.549631861],[605673.9509457526,4119579.582042336],[605674.0560250044,4119579.6518022716],[605677.0074893055,4119581.3533372],[605677.0895439988,4119581.3957196097],[605677.1751587652,4119581.430351288],[605677.2636033755,4119581.4569368525],[605677.3541234644,4119581.4752495494],[605677.4459469642,4119581.4851331846],[605677.53829069,4119581.486503458],[605682.0836798615,4119581.343933228],[605682.1480247409,4119581.339835443],[605686.3328380705,4119580.9375218605],[605686.4507852297,4119580.919023099],[605691.1047988731,4119579.901228958],[605691.1611898708,4119579.8871679734],[605695.8188326932,4119578.5809224704],[605695.9121838743,4119578.5497107273],[605700.1838898159,4119576.883537145],[605700.3113515066,4119576.8231440964],[605702.9024289566,4119575.3633717387],[605705.2043644607,4119574.133534977],[605707.7972426183,4119573.3201384246],[605711.0884104068,4119573.0502639017],[605711.1443211163,4119573.044091884],[605713.9047577761,4119572.6605056855],[605720.6616170093,4119572.0266160793],[605720.752125349,4119572.013930428],[605720.8410975259,4119571.993034566],[605720.9277903833,4119571.9641030296],[605721.0114798032,4119571.927377476],[605721.0914667541,4119571.883164661],[605725.5362914297,4119569.1539522805],[605724.4897837214,4119567.449598557],[605720.2431985672,4119570.057087856],[605713.6957762982,4119570.671329293],[605713.6515443714,4119570.6764747],[605710.8969175693,4119571.059253569],[605707.5226234698,4119571.3359444183],[605707.4126438411,4119571.351146707],[605707.305027288,4119571.3784469967],[605704.5163923649,4119572.2532532527],[605704.4287554247,4119572.2853084123],[605704.3444880283,4119572.3253929783],[605701.9501067494,4119573.6046200083],[605701.9304862025,4119573.6153864646],[605699.3912547135,4119575.0459496216],[605695.2313210778,4119576.6685265554],[605690.6491139468,4119577.953615964],[605686.0819206415,4119578.9524232177],[605681.9887403658,4119579.345927513],[605677.759932133,4119579.478567897],[605675.1096704782,4119577.9506779024],[605672.224696232,4119575.761256907],[605673.3516072317,4119573.6382015357],[605674.3134882544,4119571.8513284083],[605677.5655518767,4119567.866803832],[605682.3708402778,4119562.1391804046],[605690.1054293034,4119557.259954275],[605696.6563301086,4119553.787463618],[605696.7384958643,4119553.738745667],[605696.8156383774,4119553.682410218],[605696.8870537496,4119553.618971312],[605696.9520903407,4119553.5490078074],[605702.3094491756,4119547.203210909],[605708.8620577931,4119542.6092651305],[605712.063185169,4119540.4934896687],[605710.9604003903,4119538.824997615],[605707.7478337606,4119540.948333817],[605707.725166855,4119540.963766113],[605701.0550294836,4119545.64010972],[605700.9867681056,4119545.692487444],[605700.9232618543,4119545.7505391254],[605700.8649808692,4119545.8138350053],[605695.5486863934,4119552.110991129],[605689.1354251895,4119555.5105220145],[605689.0702315687,4119555.548292257],[605681.171619905,4119560.530989112],[605681.0872351193,4119560.5905269305],[605681.0094408515,4119560.658450386],[605680.9390668195,4119560.7340350375],[605676.029015427,4119566.586529839],[605676.02039056,4119566.5969525557],[605672.7035741112,4119570.6608142112],[605672.6468924744,4119570.7374465093],[605672.5977643782,4119570.8191272737],[605672.3609363341,4119571.2590794694],[605671.6867885072,4119570.2898144065],[605671.6262907184,4119570.211419462],[605666.7988019804,4119564.5582664516],[605666.7277724813,4119564.483300168],[605666.6493901516,4119564.4160592295],[605666.5644909495,4119564.3572607697],[605666.4739803362,4119564.3075318816],[605666.3788236197,4119564.2674029307],[605662.4741929667,4119562.853483503],[605662.3931710524,4119562.827981071],[605662.3102771814,4119562.809446487],[605662.2261094267,4119562.7980134776],[605651.885105666,4119561.8384565143],[605648.4745115129,4119560.258641274],[605645.7228137996,4119557.006548888],[605645.6739000179,4119556.952826256],[605643.2206081578,4119554.4475480206],[605643.1551430552,4119554.386428032],[605643.0844719808,4119554.331410472],[605643.0091618106,4119554.2829366545],[605640.0501608503,4119552.5606899024],[605637.8128763762,4119544.388663304],[605635.8718468087,4119536.0826393473],[605635.8440595386,4119535.9859644934],[605635.8067007205,4119535.8925702837],[605635.7601483568,4119535.803401695],[605635.7048734719,4119535.71936095],[605635.6414353456,4119535.6412983863],[605635.5704758554,4119535.570003853],[605635.4927129805,4119535.50619872],[605635.4089335381,4119535.4505285774],[605635.3199852221,4119535.403556705],[605635.2267680255,4119535.365758371],[605635.1302251352,4119535.337516026],[605635.0313333874,4119535.31911543],[605634.9310933845,4119535.3107427633],[605634.8305193709,4119535.3124827417],[605634.7306289705,4119535.3243177603],[605634.6324328906,4119535.34612807],[605630.0061660118,4119536.6208963087],[605632.8800271458,4119532.828735424],[605639.7827211027,4119533.2758468264],[605639.8347892552,4119533.2778590457],[605645.0819878216,4119533.3438207884],[605645.1462786164,4119535.9986659493],[605647.1456924401,4119535.9502473427],[605647.0741692911,4119532.996746975],[605652.2502333906,4119530.6782759475],[605652.2766149791,4119530.665995126],[605657.6034153496,4119528.0913777254],[605658.8238334159,4119528.0753281387],[605660.2807660599,4119532.150930175],[605662.1640506759,4119531.4776998623],[605660.9368211863,4119528.044666065],[605666.7297406367,4119527.9565702304],[605666.8166199924,4119527.9514615135],[605666.9027261432,4119527.9388182457],[605674.89106608,4119526.4081328926],[605674.9729500319,4119526.3888397226],[605675.0529226055,4119526.362732339],[605683.8867528947,4119523.061614038],[605691.5690522006,4119521.9432920497],[605691.592585364,4119521.93957951],[605703.6874600356,4119519.883569241],[605703.3522878112,4119517.911854358],[605691.2691575979,4119519.9658681843],[605683.4928243799,4119521.097878807],[605683.3884183811,4119521.118806361],[605683.2868295527,4119521.1507169404],[605674.4318405442,4119524.459742054],[605666.6120617202,4119525.958128578],[605660.2158904481,4119526.055398366],[605658.4706501898,4119521.3660399388],[605656.5962538766,4119522.063634707],[605658.092800886,4119526.08476893],[605657.3550507311,4119526.094471003],[605657.2460871327,4119526.101868381],[605657.1385800764,4119526.12110428],[605657.0338118834,4119526.1519492585]],[[605846.3861461048,4119781.0688010845],[605846.3708552382,4119780.966538268],[605846.345086311,4119780.866401079],[605843.8881550629,4119773.0237668776],[605843.8862019727,4119773.017602462],[605840.6843172486,4119763.0240301383],[605839.7320021911,4119763.3291465607],[605840.6788634693,4119763.007504337],[605839.0458493492,4119758.200182027],[605837.1181115597,4119751.1253883485],[605838.0697355617,4119745.383720195],[605839.8639020611,4119735.89046612],[605843.1846265866,4119727.9965251493],[605846.3175362985,4119721.8135799775],[605852.1659638159,4119715.511411866],[605859.7849175971,4119708.234199632],[605867.6779886063,4119701.8577782083],[605867.7849962773,4119701.757509556],[605872.1087573692,4119697.064889884],[605881.6842302292,4119694.1389521137],[605881.795630786,4119694.097526435],[605888.1046928248,4119691.31421627],[605888.1486574304,4119691.2935306616],[605890.5969153364,4119690.0681040813],[605896.5602497841,4119694.9437166317],[605896.6307990522,4119694.99639113],[605896.7057080725,4119695.0426560263],[605896.7843961653,4119695.082152685],[605896.866253356,4119695.1145749353],[605902.7242412823,4119697.141319966],[605908.3711185989,4119699.0950299096],[605913.9610426844,4119704.544145433],[605919.6500338311,4119712.43315575],[605924.223146846,4119720.6286940034],[605926.9534590315,4119725.853664019],[605927.2746916948,4119727.6383109805],[605927.2751869882,4119727.6410409156],[605927.6526766742,4119729.7053635004],[605922.3537886093,4119732.655297284],[605922.2735169898,4119732.7050914075],[605922.1983018834,4119732.7622374957],[605922.1288144335,4119732.8262256347],[605922.0656746756,4119732.8964848593],[605916.5034066319,4119739.7072943905],[605911.4910844937,4119745.21660954],[605911.4605559594,4119745.251776433],[605905.608321448,4119752.319089426],[605898.7976563983,4119756.0450336463],[605898.7544077516,4119756.070118556],[605893.3846322406,4119759.3667676244],[605883.6093992795,4119764.4024512228],[605877.4208431616,4119766.7173444303],[605876.2903012884,4119764.4429082167],[605876.2408904221,4119764.3549384275],[605876.182866512,4119764.2723954488],[605876.1168202484,4119764.196119577],[605876.0434239899,4119764.1268873103],[605875.9634249192,4119764.065403441],[605875.877637436,4119764.012293882],[605875.7869348672,4119763.968099295],[605875.6922405754,4119763.9332695864],[605875.5945185598,4119763.9081593263],[605875.4947636419,4119763.8930241396],[605875.3939913384,4119763.8880181056],[605875.2932275234,4119763.893192185],[605875.1934979844,4119763.908493706],[605875.0958179795,4119763.933766897],[605875.001181903,4119763.968754473],[605869.0857888856,4119766.501820477],[605868.9972359635,4119766.5450204965],[605868.9133641351,4119766.596725217],[605868.8349876165,4119766.6564326957],[605868.7628672764,4119766.723563302],[605868.6977032488,4119766.79746534],[605868.6401281373,4119766.877421379],[605868.5907008729,4119766.9626552174],[605868.5499012889,4119767.052339417],[605868.5181254618,4119767.1456033355],[605868.495681867,4119767.24154158],[605868.4827883838,4119767.3392227953],[605868.4795701804,4119767.437698705],[605868.4860584986,4119767.5360133196],[605868.5021903508,4119767.633212214],[605868.5278091312,4119767.7283517946],[605868.5626661361,4119767.8205084596],[605869.44694961,4119769.8501301478],[605864.8243425316,4119771.211353509],[605864.7669404971,4119771.2301585013],[605857.0825527513,4119774.0072541703],[605857.0013201567,4119774.040714638],[605856.923337853,4119774.0811757008],[605856.849207734,4119774.1283250675],[605853.9136129528,4119776.181975989],[605852.7289156291,4119772.767235097],[605852.1766685444,4119770.4031706904],[605852.1555058556,4119770.326486947],[605851.0883544489,4119766.984200513],[605849.1831126936,4119767.5925210323],[605850.2381564941,4119770.896886804],[605850.7932401049,4119773.2730938382],[605850.8222663142,4119773.3733878755],[605852.2420262516,4119777.4656671593],[605849.3615883946,4119780.0972176176],[605849.2907009698,4119780.168859091],[605849.2273847464,4119780.247271996],[605846.6501585585,4119783.7904326264],[605846.3861461048,4119781.0688010845]],[[605660.4417791847,4119608.4331994206],[605659.9485345263,4119606.554241148],[605661.4856922616,4119606.135749182],[605661.4856748234,4119606.13568513],[605661.4870224067,4119606.135386064],[605663.9494411043,4119605.4613430803],[605664.95491796,4119608.9019627185],[605660.8680152606,4119610.037288622],[605660.4417791847,4119608.4331994206]],[[605716.5986496588,4119770.8687972156],[605727.0882005474,4119766.1858933223],[605731.9468568871,4119764.440384827],[605732.0374561521,4119764.402721804],[605737.3224322337,4119761.8949160413],[605737.414700854,4119761.8450449635],[605737.501238495,4119761.7857840206],[605743.1422445896,4119757.4714412834],[605750.1898610385,4119753.123376545],[605768.6142137056,4119749.486678406],[605768.7045677389,4119749.4644309054],[605768.7924626454,4119749.433881142],[605768.8771373606,4119749.395293641],[605768.9578587027,4119749.3490025233],[605769.0339277217,4119749.2954086154],[605769.1046857507,4119749.234975976],[605769.1695201102,4119749.168227879],[605769.227869412,4119749.095742283],[605769.6483927763,4119748.520466007],[605772.2894357357,4119754.7814726676],[605774.0408254889,4119764.129925685],[605774.0654201461,4119764.231531114],[605778.3777448795,4119778.693695221],[605719.0669412848,4119794.54318769],[605714.4601663073,4119777.5226549446],[605713.7409116513,4119773.9315763544],[605716.5986496588,4119770.8687972156]],[[605771.5934114615,4119745.8381592627],[605771.6310535555,4119745.74543751],[605774.2088157558,4119738.35456449],[605774.2455633791,4119738.2194248247],[605776.197755749,4119728.3573345407],[605776.2028197654,4119728.3297229903],[605778.1780586711,4119716.6370597407],[605778.1889765464,4119716.5485642254],[605778.1919680346,4119716.4594479688],[605778.1870093513,4119716.370419503],[605777.4791078784,4119709.3318991493],[605783.8877219707,4119708.9639954804],[605783.9840184309,4119708.9537708284],[605792.5020596999,4119707.629600619],[605792.592796719,4119707.6111569405],[605792.6814388612,4119707.5843997635],[605792.7672261641,4119707.5495584863],[605798.8100661068,4119704.7628310607],[605798.8833822029,4119704.7252846146],[605798.9533594594,4119704.6818315466],[605806.3233805631,4119699.67334994],[605815.103787095,4119697.51089177],[605820.5090253539,4119697.1970800334],[605820.6103655862,4119697.185991376],[605820.7100502494,4119697.164642631],[605820.8070433406,4119697.1332556717],[605820.9003368301,4119697.0921566957],[605820.9889611371,4119697.0417728373],[605830.9995165587,4119690.6544012967],[605831.0192776686,4119690.6414615307],[605839.0605827639,4119685.239178053],[605844.7008320926,4119683.610497822],[605850.8629421464,4119685.015423482],[605856.1041928332,4119689.346000023],[605862.7042226075,4119694.8967793337],[605862.7762399305,4119694.9519691668],[605862.8529631791,4119695.0004042326],[605862.9337607359,4119695.041685794],[605863.017967442,4119695.075474004],[605863.1048900733,4119695.1014907034],[605869.6806051508,4119696.748646964],[605866.3639757428,4119700.3482168927],[605858.4958128957,4119706.704516245],[605858.4335215794,4119706.759258617],[605850.7627620711,4119714.0859528775],[605850.7204635541,4119714.1288644136],[605844.7559944617,4119720.556076994],[605844.6959762864,4119720.627107973],[605844.6428158126,4119720.7034070254],[605844.5969727497,4119720.7843143484],[605841.3845733425,4119727.1241361853],[605841.3548341818,4119727.188370497],[605837.9792375105,4119735.212752122],[605837.9434717676,4119735.312167365],[605837.918394507,4119735.414801229],[605836.1024316357,4119745.023383784],[605836.0984951521,4119745.0455807066],[605835.1092986087,4119751.0139445546],[605835.09744625,4119751.120804542],[605835.0971348637,4119751.2283193707],[605835.108368049,4119751.3352462193],[605835.1310159557,4119751.4403490624],[605837.1242794063,4119758.755621781],[605837.142242554,4119758.814368917],[605838.4414432892,4119762.639000071],[605780.310720809,4119778.1770867114],[605775.9969866439,4119763.710195819],[605774.235458393,4119754.3076261953],[605774.2101746002,4119754.203719721],[605774.1739396789,4119754.103107316],[605771.0259970818,4119746.6404155414],[605771.4913591106,4119746.0100372294],[605771.5466906886,4119745.926654574],[605771.5934114615,4119745.8381592627]],[[605773.968189734,4119704.5306227235],[605773.8812011335,4119704.478246153],[605773.7893495276,4119704.4349610014],[605773.6935819358,4119704.401213554],[605770.4460996771,4119703.439157773],[605771.3278440732,4119699.5625145566],[605771.3445979398,4119699.4681455386],[605771.352240477,4119699.3726060432],[605771.3507014794,4119699.2767737154],[605771.016922287,4119694.06848203],[605771.0066540372,4119693.9759784834],[605770.9878301251,4119693.8848302336],[605769.1187078712,4119686.57113944],[605769.0901374683,4119686.4783723983],[605769.0527076584,4119686.3888123557],[605765.1745619086,4119678.2447113935],[605766.7401317131,4119678.29153913],[605766.8292405403,4119678.2902316405],[605766.9178791065,4119678.280995993],[605767.005343436,4119678.263905538],[605767.0909388791,4119678.2390960087],[605767.1739856289,4119678.206764446],[605771.1629073694,4119676.4452992887],[605850.29249722,4119645.126705464],[605855.7101866275,4119645.291149028],[605855.8154853178,4119645.288795938],[605855.9199524552,4119645.2753807064],[605861.6065161832,4119644.2382276277],[605868.34460341,4119645.4061680133],[605872.9764160422,4119648.352009544],[605877.0346935077,4119652.4384548864],[605880.1683087674,4119656.086328013],[605882.6216839222,4119660.350925347],[605885.0967632293,4119665.969190699],[605886.4170613834,4119671.9197757863],[605886.7198798211,4119678.4729345134],[605886.7291586946,4119678.5702407425],[605886.7478933274,4119678.666176207],[605886.7759047172,4119678.759824281],[605888.6488648595,4119684.0624244893],[605889.5852023305,4119688.33795457],[605887.2752029398,4119689.4941786127],[605881.0428417451,4119692.24365138],[605871.5306095382,4119695.1502649644],[605863.8148236824,4119693.21753144],[605857.388159529,4119687.812556669],[605857.3814639146,4119687.8069751435],[605851.9537560714,4119683.3223386197],[605851.8791848975,4119683.2663632133],[605851.7997242941,4119683.217576754],[605851.7160651002,4119683.1764033963],[605851.6289346576,4119683.1432011058],[605851.5390904875,4119683.118258547],[605844.8937170088,4119681.6031516055],[605844.7942236719,4119681.58570035],[605844.6934773832,4119681.5783753432],[605844.5925061045,4119681.581251326],[605844.4923400932,4119681.5942989537],[605844.3940013903,4119681.6173850945],[605838.3553920197,4119683.3610959006],[605838.2576334046,4119683.3948927596],[605838.1638888763,4119683.438607035],[605838.0751614053,4119683.4917710302],[605829.9137692841,4119688.9747309834],[605820.1328986104,4119695.2155490355],[605814.8960224192,4119695.5195861813],[605814.8048064706,4119695.5290943612],[605814.714845199,4119695.546919186],[605805.6707190792,4119697.7743268064],[605805.5855015122,4119697.799377027],[605805.5028429526,4119697.8318902524],[605805.423395539,4119697.8716099677],[605805.3477860759,4119697.918222802],[605797.8975224283,4119702.98123523],[605792.0566603928,4119705.674818144],[605783.724699283,4119706.970061304],[605776.7761649558,4119707.3689605417],[605774.1240497837,4119704.6604018803],[605774.0494184488,4119704.5915506952],[605773.968189734,4119704.5306227235]],[[605767.1166567428,4119702.4639990116],[605767.0161116624,4119702.459966834],[605766.9156703926,4119702.4660596964],[605766.8163499587,4119702.482215904],[605757.6423669119,4119704.4528288734],[605757.5878971877,4119704.4661371047],[605745.7890177076,4119707.7019767626],[605745.7677169861,4119707.708072985],[605732.5112113805,4119711.6614565384],[605719.5829289792,4119711.8830870395],[605719.4482418472,4119711.8945331518],[605712.4447847555,4119712.9703235077],[605704.6854684368,4119712.9935774333],[605699.4324312353,4119712.9889849126],[605698.1893552092,4119711.660654543],[605696.8404960658,4119709.141153907],[605695.1488647056,4119702.8173841145],[605696.0241475556,4119700.880899172],[605696.062172675,4119700.7835005387],[605696.0898200484,4119700.6826639078],[605696.1067874235,4119700.5794916656],[605696.112889306,4119700.4751117323],[605696.1080589878,4119700.370665232],[605696.0923492758,4119700.2672940157],[605695.5905479668,4119697.8309281785],[605695.5640411509,4119697.729481025],[605695.5270576419,4119697.631367029],[605695.4800040418,4119697.5376648684],[605695.4233976641,4119697.4494047174],[605695.3578608471,4119697.3675569207],[605695.2841141114,4119697.293021324],[605693.9768391647,4119696.103508598],[605695.9565435397,4119691.673328963],[605747.5891046237,4119676.9957241276],[605754.7558093,4119675.9366741166],[605758.5262832611,4119676.170372358],[605762.8291107599,4119677.971146032],[605767.2051063498,4119687.160731002],[605769.0269885197,4119694.289576012],[605769.3455338209,4119699.260158006],[605768.5253875053,4119702.8659814904],[605767.3139952872,4119702.502173064],[605767.2162875573,4119702.4781154003],[605767.1166567428,4119702.4639990116]],[[605707.6281493452,4119751.9641143195],[605707.7092834974,4119751.9071378442],[605707.784377115,4119751.8424074957],[605707.8526920975,4119751.7705595135],[605707.9135569724,4119751.692300096],[605707.9663734944,4119751.608398461],[605708.0106225263,4119751.5196792823],[605708.0458691414,4119751.4270145884],[605708.0717668982,4119751.331315186],[605708.0880612457,4119751.2335217115],[605708.094592026,4119751.134595384],[605708.0912950473,4119751.0355085568],[605708.0782027158,4119750.937235161],[605708.0554437173,4119750.8407411333],[605704.1692347234,4119737.3877192675],[605704.1374518957,4119737.295002946],[605704.096745282,4119737.205843337],[605704.0475059287,4119737.1210969477],[605703.9902068521,4119737.0415778924],[605703.9253984935,4119736.9680500673],[605703.8537034325,4119736.9012198155],[605703.7758104047,4119736.841729139],[605703.6924676868,4119736.790149533],[605703.6044759079,4119736.7469764953],[605703.5126803577,4119736.7126247655],[605703.4179628668,4119736.687424343],[605703.3212333355,4119736.6716173147],[605703.2234209927,4119736.66535553],[605703.125465469,4119736.6686991425],[605703.0283077707,4119736.681616032],[605702.9328812399,4119736.703982113],[605699.5522459623,4119737.673355179],[605695.5300101589,4119723.8954484127],[605697.3034475337,4119723.1098322654],[605697.3942497709,4119723.063947429],[605697.4799199327,4119723.009074049],[605697.5595712933,4119722.94578009],[605697.6323794241,4119722.874720674],[605697.697590727,4119722.7966312994],[605697.754530235,4119722.712320227],[605697.8026085974,4119722.622660116],[605697.8413281811,4119722.5285789897],[605698.4578446724,4119720.783143629],[605698.4890039047,4119720.6763478434],[605698.5081078393,4119720.5667518703],[605698.8250656704,4119717.868347016],[605699.73163423,4119714.989247258],[605704.6856554942,4119714.993578361],[605704.6895266444,4119714.9935742524],[605712.5256276336,4119714.9700902104],[605712.6002595779,4119714.9670770303],[605712.6744584305,4119714.958501679],[605719.6849413428,4119713.8816320975],[605732.6826652603,4119713.6588111552],[605732.7733505755,4119713.6531278603],[605732.8631456668,4119713.6392365745],[605732.9513091744,4119713.6172519852],[605746.32866934,4119709.627826926],[605758.089816447,4119706.4023353616],[605766.9849896232,4119704.491612011],[605768.9754216896,4119705.0893836883],[605768.9790084133,4119705.0904535484],[605772.8766210162,4119706.2451082747],[605775.4197862217,4119708.8423982477],[605776.1835793495,4119716.436637957],[605774.2330986328,4119727.9827421424],[605772.2972627671,4119737.7622025977],[605769.7924466023,4119744.9439272],[605769.0788226451,4119745.910600538],[605769.0760414649,4119745.914386497],[605767.8437450228,4119747.60016895],[605749.6250952479,4119751.196264342],[605749.5382024775,4119751.2174934065],[605749.4535543299,4119751.246402191],[605749.3718280771,4119751.282759395],[605749.2936776129,4119751.3262741244],[605742.0494698061,4119755.7956269546],[605741.9670302238,4119755.8523731604],[605736.3698822411,4119760.1331724264],[605731.224430801,4119762.574771513],[605726.3766968296,4119764.316356066],[605726.3071417559,4119764.344330329],[605715.5981738773,4119769.125189672],[605715.5090205373,4119769.1704655173],[605715.4248344046,4119769.2244184157],[605715.3464571909,4119769.286508935],[605715.2746725287,4119769.35611628],[605713.2619787378,4119771.5132197444],[605712.689594416,4119768.614361737],[605712.666638709,4119768.5216488317],[605712.6349425681,4119768.431548876],[605712.5947951459,4119768.344883821],[605712.5465626933,4119768.262444281],[605712.4906852178,4119768.184982322],[605712.42767247,4119768.1132046035],[605712.358099293,4119768.0477659274],[605712.2826003783,4119767.9892632677],[605712.2018644759,4119767.938230324],[605707.7556934502,4119765.4165993016],[605704.1938853526,4119752.9420014443],[605707.3567277398,4119752.083333541],[605707.451000864,4119752.0526472665],[605707.5417721315,4119752.0127768964],[605707.6281493452,4119751.9641143195]],[[605694.0679969961,4119700.352881747],[605693.3140293721,4119702.0209676134],[605691.7081157005,4119702.927912579],[605689.8703662223,4119702.723996019],[605688.508754493,4119701.4850419117],[605688.1386710105,4119699.6882054512],[605688.7960825275,4119698.2537561283],[605688.7995372871,4119698.2461339147],[605688.9024427467,4119698.0165441227],[605690.5066737675,4119697.110549159],[605692.3355776995,4119697.3141299016],[605693.697332042,4119698.5532143987],[605694.0679969961,4119700.352881747]],[[605702.524777883,4119738.9016003245],[605705.8519714692,4119750.419459539],[605702.6928135756,4119751.277127153],[605699.5173995085,4119752.1345764124],[605698.5070812536,4119748.665744534],[605696.1852964173,4119740.7198310206],[605699.1469104593,4119739.870179721],[605702.524777883,4119738.9016003245]],[[605955.3207593743,4119832.870713954],[605952.5347421385,4119825.8006245242],[605952.5014243202,4119825.7253212826],[605952.4620238928,4119825.653014564],[605949.0029260376,4119819.883785784],[605948.946133497,4119819.7991636926],[605948.8810229881,4119819.7207614444],[605948.8082707673,4119819.649393347],[605948.7286324606,4119819.5858006505],[605942.6900485563,4119815.2486886],[605937.9840809422,4119810.962912118],[605933.9293322784,4119806.5579058398],[605929.1670905253,4119800.0291328784],[605926.4649959883,4119792.134567135],[605924.8904061224,4119784.1410206934],[605923.5846446233,4119774.843765368],[605923.5696963453,4119765.547496997],[605923.5643625795,4119765.4459465872],[605923.5487430486,4119765.3454629323],[605923.5229992729,4119765.247085126],[605923.4873974673,4119765.151830488],[605920.3141495178,4119757.821661682],[605920.2670210056,4119757.726893919],[605920.2101403312,4119757.6376380264],[605920.1441446735,4119757.5548938503],[605920.0697733174,4119757.4795882935],[605915.2883080769,4119753.125111051],[605915.2170783052,4119753.0660336157],[605915.1406923078,4119753.0137937544],[605915.0598042412,4119752.96883884],[605914.975106816,4119752.9315538574],[605914.8873253665,4119752.9022581098],[605914.7972116374,4119752.8812024803],[605914.7055373467,4119752.868567286],[605908.2370418038,4119752.280409907],[605912.9861232601,4119746.545293685],[605918.0007327672,4119741.0334643642],[605918.0355764553,4119740.9930501943],[605923.4937367779,4119734.309717055],[605928.186201106,4119731.6973842634],[605930.1818361542,4119737.909322963],[605931.2381733947,4119744.2401779126],[605930.6352684381,4119751.2637767047],[605930.6317650231,4119751.3672229745],[605930.6389732923,4119751.470477251],[605930.6568160205,4119751.5724333283],[605930.6851020516,4119751.6719989106],[605935.22919403,4119765.0002793083],[605935.2610093494,4119765.081745292],[605935.2998210379,4119765.160119867],[605935.3453322281,4119765.234803551],[605935.3971948083,4119765.305225095],[605941.4434734868,4119772.8047757773],[605941.523172626,4119772.8924478577],[605950.3696464731,4119781.5347107756],[605955.9274774615,4119789.154535174],[605961.6659693882,4119800.2859029546],[605962.1684928564,4119810.270851873],[605961.1758335748,4119817.6814692956],[605959.2549505173,4119827.38433534],[605956.8990958907,4119832.1850709543],[605956.8780025413,4119832.230948562],[605955.6836867562,4119835.0114562637],[605955.3780892508,4119833.0809785337],[605955.3551695556,4119832.974279769],[605955.3207593743,4119832.870713954]],[[605871.7158563406,4119770.0505598234],[605870.7981462759,4119767.9442168856],[605874.9199080811,4119766.1792124854],[605876.0091082517,4119768.37047702],[605876.9260390243,4119770.7916922416],[605873.092881853,4119772.5907639237],[605871.7158563406,4119770.0505598234]]],[[[605633.9267055575,4119581.9909929507],[605623.2748779906,4119582.212182643],[605623.1583809833,4119582.221431774],[605623.0437585213,4119582.2442087443],[605614.9506327659,4119584.3506228537],[605615.4543935969,4119586.2861395874],[605623.4338406085,4119584.209312873],[605633.9682274499,4119583.990561887],[605633.9267055575,4119581.9909929507]]],[[[605655.2611534388,4119869.2448907755],[605661.5631103248,4119868.2973136874],[605661.2657285507,4119866.3195462385],[605654.6599261919,4119867.3128102478],[605654.5625576009,4119867.3324392415],[605654.4676166179,4119867.3616308435],[605654.376039925,4119867.4000970526],[605654.2887310123,4119867.447458362],[605654.2065512643,4119867.503247509],[605654.1303114614,4119867.5669140806],[605650.6557812651,4119870.774396181],[605650.5875992232,4119870.8437768132],[605650.5264807933,4119870.9194537615],[605650.473004306,4119871.000710935],[605650.4276757807,4119871.086779441],[605648.5581454547,4119875.098561061],[605646.7106493862,4119878.008095943],[605643.3887265339,4119879.3405602],[605644.1332875241,4119881.196800737],[605647.7543496389,4119879.7443480296],[605647.8486279855,4119879.700717923],[605647.9378712323,4119879.647542406],[605648.021116267,4119879.5853953464],[605648.0974647098,4119879.5149474363],[605648.1660926087,4119879.436958948],[605648.2262593322,4119879.3522715336],[605650.2813252126,4119876.115844693],[605650.3435461262,4119876.002197552],[605652.157234121,4119872.1102466914],[605655.2611534388,4119869.2448907755]]],[[[605653.9582891227,4119903.660594492],[605663.157334826,4119906.0287821796],[605663.2598353847,4119906.0495231864],[605663.3639415273,4119906.059446138],[605677.3416446456,4119906.6568781123],[605677.3843474418,4119905.657790293],[605677.457846598,4119906.655085572],[605687.1038090496,4119905.9441927043],[605687.2004064894,4119905.932324819],[605687.2953927892,4119905.9111230513],[605819.5213091118,4119869.5598502383],[605819.5327598784,4119869.5566288442],[605831.2816272449,4119866.175834865],[605834.5565685369,4119866.744741949],[605837.6288531027,4119868.8748170366],[605839.2354694636,4119870.46534392],[605843.6448483671,4119875.4329249347],[605881.7294226264,4119927.571637824],[605885.7337787234,4119933.048478585],[605885.7464812467,4119933.065470795],[605894.2232028464,4119944.1574844536],[605927.2219539458,4119987.3379865335],[605928.0165038154,4119986.730787633],[605929.0056869251,4119986.8774736086],[605930.7178905101,4119975.3311559926],[605939.4569224074,4119958.0754944067],[605946.7060388323,4119958.72518635],[605946.8506139785,4119958.727647778],[605955.988164496,4119958.2214811426],[605956.0026743843,4119958.220571536],[605966.7494918298,4119957.468401554],[605966.8572274907,4119957.4549527937],[605975.3913697778,4119955.9152090168],[605991.0189105376,4119954.0968347555],[605991.1056639063,4119954.0828535324],[606005.3245346554,4119951.1451813276],[606007.5192543942,4119955.690087465],[606007.5602297405,4119955.7663269015],[606007.6076441782,4119955.838737548],[606007.6611425056,4119955.906776945],[606011.7364816581,4119960.6518672723],[606011.8148914276,4119960.7333498],[606011.9019993161,4119960.8054588153],[606020.7908197566,4119967.3533815583],[606021.3839169707,4119966.5482507027],[606020.8589229384,4119967.39935661],[606026.1357282241,4119970.6542879418],[606035.4550696033,4119979.3923026104],[606035.477810649,4119979.4129776587],[606039.8920361333,4119983.3039651737],[606039.1094258518,4119983.97910165],[606032.4942154334,4119987.199330085],[606033.3695904192,4119988.9975844147],[606040.101792614,4119985.7204053733],[606040.1776278784,4119985.679354183],[606040.2496444914,4119985.6319221784],[606040.3173069236,4119985.578462073],[606041.406464298,4119984.638875807],[606050.9970451363,4119993.092560521],[606061.525073627,4120003.607222556],[606063.3012159901,4120005.6776921907],[606062.2203092873,4120006.4983749385],[606062.133808994,4120006.572166332],[606049.2909623453,4120018.8560918486],[606010.4394289602,4120037.057997639],[606010.4244561379,4120037.065164537],[606005.6369786856,4120039.4057766465],[606003.327291419,4120023.6080966284],[606001.3483303918,4120023.8974290546],[606003.7931108972,4120040.61911285],[605997.6833848953,4120048.2213321035],[605997.6196196693,4120048.3102265554],[605997.5659464612,4120048.4055544864],[605997.523007644,4120048.5061749895],[605997.4913171194,4120048.610883816],[605996.1157077932,4120054.2525709975],[605996.0987270466,4120054.33835323],[605996.0893054307,4120054.4252909683],[605995.7867176429,4120059.1310362606],[605982.7090220733,4120058.800731558],[605962.7147658949,4120058.1572520644],[605962.7389169356,4120056.242164693],[605960.7390759522,4120056.2169448296],[605960.7153924796,4120058.0949557973],[605948.4625990447,4120057.725289576],[605948.3626179743,4120057.727275506],[605948.2633351634,4120057.739237187],[605948.1657434558,4120057.761054999],[605948.0708187838,4120057.792510762],[605947.9795104095,4120057.8332899124],[605947.8927314309,4120057.882984653],[605947.8113496517,4120057.941098028],[605947.7361789022,4120058.007048894],[605944.0288303612,4120061.6032369244],[605939.7511845882,4120057.034971349],[605939.6814807829,4120056.9674238],[605939.6055566625,4120056.906952155],[605939.5241275305,4120056.8541261354],[605939.4379605545,4120056.8094434305],[605939.3478675386,4120056.7733250093],[605939.2546972753,4120056.7461111536],[605939.1593275492,4120056.7280582534],[605939.062656866,4120056.71933639],[605932.907511484,4120056.464194649],[605932.7855546196,4120056.4665853046],[605932.6647961349,4120056.483806814],[605908.6528125342,4120061.418410571],[605902.8483905774,4120062.60647467],[605903.2348703252,4120061.685177921],[605905.972592558,4120056.384742087],[605906.0113075324,4120056.300404163],[605906.0420377232,4120056.2128405287],[605906.0645184902,4120056.1228052587],[605906.078556235,4120056.031073713],[605906.0840300682,4120055.93843586],[605906.1866694546,4120047.7951523894],[605906.1833914515,4120047.7006738186],[605904.8447431904,4120031.4057436185],[605904.8283450203,4120031.28982895],[605904.7985124924,4120031.176625016],[605902.9273352879,4120025.458221927],[605903.5464655119,4120020.1941399756],[605906.5795370701,4120014.279202583],[605908.9323562655,4120011.45439585],[605907.3955963255,4120010.1744080037],[605904.9718755285,4120013.084339561],[605904.9060773636,4120013.1728383894],[605904.850424007,4120013.2680441933],[605901.684538906,4120019.4419876058],[605901.6474347604,4120019.5230565285],[605901.617698722,4120019.6071080356],[605901.5955671596,4120019.6934740115],[605901.5812159943,4120019.7814679425],[605900.9153153878,4120025.443209573],[605900.9085080499,4120025.5512711457],[605900.9134239068,4120025.65943527],[605900.9300053268,4120025.766433867],[605900.9580579151,4120025.8710125247],[605902.8610926868,4120031.686773796],[605904.1862319111,4120047.8172628824],[605904.0871675553,4120055.6769077973],[605901.4396372216,4120060.802725341],[605901.4059721396,4120060.8747978383],[605900.4887778632,4120063.0612205677],[605883.8586514998,4120065.5789497728],[605881.2095719352,4120065.9782652385],[605881.1201576871,4120065.9959439607],[605881.0327244973,4120066.0216904613],[605865.1953589614,4120071.481170122],[605865.1759580137,4120071.488082381],[605859.7002784893,4120073.5027650436],[605849.2073494638,4120074.4709738092],[605849.9741738079,4120045.4640212255],[605850.2407172606,4120038.382532967],[605848.2421324865,4120038.3073072988],[605848.0132594464,4120044.3879734348],[605845.2243902081,4120044.2631629356],[605841.7327013958,4120044.1011049473],[605837.1740597457,4120042.792556613],[605833.52831551,4120041.2407071064],[605829.932405672,4120039.6661517536],[605829.8225544357,4120039.6255378267],[605829.7087081156,4120039.598045999],[605825.8042564888,4120038.894196943],[605825.7124743739,4120038.882006897],[605823.4432546904,4120038.6869848827],[605823.3497484357,4120038.683343218],[605823.2563111798,4120038.688457963],[605823.1637611232,4120038.7022843296],[605823.0729086971,4120038.7247012444],[605822.9845494673,4120038.7555124094],[605822.0213080534,4120039.142842428],[605822.394386593,4120040.0706421924],[605821.5033917932,4120040.524655702],[605826.2544771103,4120049.8485903926],[605823.7224182024,4120051.337662553],[605823.6392165438,4120051.3923421092],[605823.5618644435,4120051.4550240245],[605823.4911286441,4120051.5250869715],[605823.4277103052,4120051.6018364616],[605823.3722380527,4120051.6845117244],[605823.325261748,4120051.7722932524],[605823.2872470379,4120051.864310923],[605823.258570738,4120051.9596526227],[605823.2395170985,4120052.0573732895],[605823.2302749861,4120052.15650428],[605823.1075342534,4120054.9984890786],[605815.674454492,4120055.2205013963],[605815.5684858796,4120055.229322584],[605815.4640530446,4120055.2493461487],[605815.3623368257,4120055.280345681],[605815.2644873448,4120055.321970665],[605815.1716110014,4120055.373750439],[605814.1519244983,4120056.0155818835],[605814.068058172,4120056.074582804],[605813.9906748191,4120056.141861969],[605813.9205881,4120056.21671196],[605813.8585349532,4120056.298345754],[605813.8051678474,4120056.3859049985],[605803.9770516583,4120074.5449615973],[605797.3136681439,4120086.6188182714],[605797.3144683775,4120086.6192599083],[605797.2824995744,4120086.680198772],[605794.3506997954,4120092.9822189463],[605785.936589303,4120089.0010950607],[605785.9277835889,4120088.996980904],[605782.5399663164,4120087.4341561887],[605781.7021961166,4120089.250234681],[605785.0856005148,4120090.8110237056],[605794.4051392768,4120095.220549633],[605794.4961814728,4120095.258254889],[605794.5904926506,4120095.286816568],[605794.6871570142,4120095.3059573257],[605794.7852359168,4120095.315491298],[605794.8837769765,4120095.3153259074],[605794.9818233231,4120095.305462759],[605795.0784228906,4120095.2859976273],[605795.1726376617,4120095.257119527],[605795.2635527764,4120095.2191088744],[605795.3502854153,4120095.172334767],[605795.4319933727,4120095.1172513985],[605795.5078832344,4120095.0543936486],[605795.5772180817,4120094.98437189],[605795.6393246478,4120094.9078660584],[605795.6935998552,4120094.8256190545],[605795.7395166715,4120094.738429527],[605798.8240658508,4120088.108068444],[605816.0136784827,4120088.2710551745],[605816.032641028,4120086.2711450714],[605799.8744584686,4120086.11793805],[605805.4475122794,4120076.019727013],[605816.0713840089,4120075.9326511337],[605816.054992065,4120073.932718309],[605806.5403410947,4120074.010702741],[605815.439256242,4120057.568497468],[605816.0064597252,4120057.211476923],[605824.0963506447,4120056.969846873],[605824.1958433572,4120056.9618919482],[605824.294047499,4120056.9440586315],[605824.3899847525,4120056.916524579],[605824.4826993832,4120056.8795640874],[605824.5712677602,4120056.8335453602],[605824.6548075584,4120056.7789268396],[605824.7324865476,4120056.71625264],[605824.8035308833,4120056.6461471263],[605824.8672328162,4120056.569308696],[605824.9229577424,4120056.486502819],[605824.9701505258,4120056.3985544145],[605825.008341028,4120056.3063396313],[605825.0371487923,4120056.210777121],[605825.0562868332,4120056.112818885],[605825.0655644962,4120056.0134407906],[605825.2049517619,4120052.7860159464],[605828.079806105,4120051.0953500797],[605828.163890932,4120051.0400242037],[605828.2419881093,4120050.9765258445],[605828.3133064178,4120050.905498318],[605828.3771233166,4120050.827661218],[605828.4327922635,4120050.7438031295],[605828.4797492644,4120050.654773636],[605828.5175185883,4120050.5614747135],[605828.5457175861,4120050.464851594],[605828.5640605678,4120050.3658831865],[605828.5723616967,4120050.2655721605],[605828.5705368725,4120050.1649347884],[605828.5586045827,4120050.064990648],[605828.536685716,4120049.9667522954],[605828.5050023369,4120049.871215003],[605828.4638754367,4120049.7793466803],[605823.8524671237,4120040.7295260453],[605825.4950474865,4120040.87069322],[605829.2380328607,4120041.545435021],[605832.7308177906,4120043.07483466],[605832.740268769,4120043.078915155],[605836.4473601584,4120044.656877725],[605836.5631095442,4120044.6979503646],[605841.2934512966,4120046.0557848457],[605841.407121851,4120046.081352298],[605841.522994701,4120046.0935248975],[605845.1324921987,4120046.2610506807],[605845.1341464503,4120046.261126086],[605847.9490726017,4120046.3871027124],[605847.1782901178,4120075.543781346],[605848.177940873,4120075.5702079944],[605847.1782953764,4120075.5968328156],[605847.4965503106,4120087.54591257],[605846.2172029193,4120112.641854578],[605830.8212342267,4120111.975460503],[605830.9472218748,4120101.9728290043],[605828.9473805014,4120101.947640102],[605828.8216085308,4120111.9331481596],[605823.9075079215,4120111.9359370484],[605823.8764536987,4120111.93643698],[605817.1441623037,4120112.1494303346],[605809.2659920173,4120111.7521708217],[605809.165269286,4120113.7496329444],[605817.084415356,4120114.1489586756],[605817.1663984722,4120114.1497275215],[605823.924173968,4120113.9359279117],[605828.8429515993,4120113.9331363686],[605828.8486716014,4120114.099291619],[605828.8489263583,4120114.106030847],[605829.2974097526,4120124.997004785],[605831.295716166,4120124.9147157953],[605830.847371513,4120114.027111053],[605830.845694322,4120113.9783918248],[605847.1221401099,4120114.6828961833],[605847.2197946642,4120114.682350212],[605847.3169303131,4120114.6722816573],[605847.412620702,4120114.6527865417],[605847.5059532594,4120114.6240507835],[605847.5960378998,4120114.5863484275],[605847.6820155121,4120114.540039031],[605847.7630661527,4120114.485564232],[605847.8384168652,4120114.4234435414],[605847.9073490517,4120114.3542693863],[605847.9692053258,4120114.2787014605],[605848.0233957823,4120114.197460433],[605848.0694036224,4120114.1113210768],[605848.1067900829,4120114.0211048773],[605848.1351986197,4120113.9276722004],[605848.1543583089,4120113.8319140864],[605848.1640864301,4120113.734743753],[605849.4517488519,4120088.475692393],[605854.7871746343,4120087.9923126777],[605863.0075598814,4120087.8556081494],[605871.6439557616,4120089.356741716],[605878.9158871769,4120091.8875156557],[605882.4922867314,4120093.3768222868],[605887.1371594795,4120095.9387698285],[605892.9638105906,4120099.54195568],[605896.7568845775,4120103.126863645],[605896.8320499915,4120103.19117182],[605896.9132012929,4120103.2477390105],[605896.9995443851,4120103.2960116863],[605897.0902343683,4120103.33551748],[605897.1843838064,4120103.3658698127],[605897.2810714113,4120103.386771675],[605897.3793510579,4120103.398018535],[605897.4782610426,4120103.399500337],[605897.5768334934,4120103.3912025816],[605901.1373090888,4120102.9131727987],[605905.3074551524,4120102.9121962166],[605910.4045245992,4120103.7799475845],[605912.1121067413,4120105.9534244435],[605912.2553436318,4120127.150844126],[605912.2609295422,4120127.2498509935],[605912.2762938611,4120127.3478178247],[605912.3012855023,4120127.4437812557],[605912.3356587088,4120127.5367976245],[605912.3790754699,4120127.6259522494],[605912.431108844,4120127.710368422],[605912.4912471577,4120127.789216031],[605912.5588990371,4120127.861719724],[605912.6333992232,4120127.9271665304],[605920.9749729029,4120134.5520423935],[605927.9777704255,4120141.6985261817],[605933.6570355763,4120148.68470544],[605939.1742355465,4120156.1697957553],[605939.2363911947,4120156.2459751656],[605943.2948469385,4120160.748735528],[605936.0826111314,4120167.1254459373],[605937.4073690792,4120168.6237838096],[605945.3759684433,4120161.5783332903],[605945.3755692554,4120161.5778817977],[605945.435075086,4120161.5215937765],[605967.8816092794,4120138.13314286],[605971.6703043183,4120140.4268677374],[605971.7734227909,4120140.4813470687],[605977.7818230996,4120143.220208436],[605977.8961002597,4120143.26406734],[605978.0148797851,4120143.293635857],[605985.1681011266,4120144.615537912],[605985.2564240327,4120144.6278166515],[605985.3454896149,4120144.6321784463],[605992.0447160172,4120144.6612050277],[605992.1479677816,4120144.6563099045],[605992.2501626078,4120144.640782297],[605997.9529319123,4120143.4699541633],[605998.0245121259,4120143.452487092],[605998.0946119312,4120143.4297969434],[606005.119376164,4120140.8664389877],[606005.2136197219,4120140.826471667],[606005.3032834625,4120140.7770788684],[606007.6375507815,4120139.3307399102],[606007.7203095998,4120139.2735062307],[606007.7547444323,4120139.2441643495],[606007.755552581,4120139.2451225827],[606012.8499897963,4120134.948607869],[606012.945930158,4120134.8560731015],[606017.45433197,4120129.886397208],[606017.5088714821,4120129.820868548],[606017.5576311575,4120129.75093245],[606017.6002565831,4120129.67709725],[606021.4195502308,4120122.3574383925],[606021.4596733563,4120122.2706639944],[606021.4913268394,4120122.1804546914],[606021.5142213785,4120122.0876349662],[606023.0409278343,4120114.3173946245],[606023.0551089464,4120114.220196166],[606023.0596856036,4120114.1220753305],[606023.0546136472,4120114.02397885],[606021.942217203,4120103.0247435067],[606021.9243855505,4120102.912552403],[606021.8939446942,4120102.8031075955],[606021.8512874679,4120102.697821449],[606018.178651696,4120094.9324115873],[606023.1260567033,4120092.544689171],[606069.6269391715,4120070.979100806],[606073.38037671,4120069.9578128923],[606072.5188669097,4120074.496963544],[606072.5082412087,4120074.5660495283],[606070.7795862964,4120089.191160824],[606070.773949145,4120089.258043229],[606069.3666062136,4120117.0916448715],[606069.3696636817,4120117.2351369457],[606071.3317449923,4120138.2427510945],[606071.3319966357,4120138.24540712],[606073.0496529758,4120156.120818798],[606073.057575249,4120156.1828332357],[606074.1758936382,4120163.1871532025],[606074.7994240191,4120167.112010156],[606074.2250817146,4120175.8253032747],[606076.22075095,4120175.956849092],[606076.8024698248,4120167.1316467198],[606076.8035835933,4120167.0200249115],[606076.792249797,4120166.908974411],[606076.1510620642,4120162.872971982],[606075.0374916532,4120155.89838794],[606073.3229543071,4120138.0554352],[606071.3676877525,4120117.120785287],[606072.7697017828,4120089.3925755178],[606074.4903103441,4120074.8355395664],[606075.642093277,4120068.7669884623],[606078.5499734906,4120054.6324454877],[606082.4614222186,4120042.8315471266],[606082.4717515007,4120042.798475833],[606084.2268348617,4120036.8170025744],[606089.5109399467,4120032.129203567],[606096.0820032987,4120027.3974510096],[606104.1187826348,4120021.7758448767],[606114.371437236,4120018.4536513663],[606121.7384008864,4120017.9794377903],[606128.1157230674,4120019.444394193],[606131.5280627391,4120021.22700981],[606132.4541193029,4120019.4543227986],[606128.9278785059,4120017.612204921],[606128.8507699446,4120017.576016059],[606128.7708613953,4120017.546520505],[606128.6887326236,4120017.5239322605],[606122.0438088172,4120015.9975041766],[606121.948671656,4120015.9804426413],[606121.8523317341,4120015.972645533],[606121.7556890761,4120015.9741856935],[606114.1180357465,4120016.4658236424],[606114.0354986495,4120016.4745883043],[606113.9539727097,4120016.4901675475],[606113.874019575,4120016.512454044],[606103.3599477742,4120019.9193552285],[606103.2674245737,4120019.954483715],[606103.1788268018,4120019.998585733],[606103.0950222345,4120020.051229324],[606094.9300313425,4120025.76251751],[606094.9188579326,4120025.7704476933],[606088.3009798819,4120030.535911015],[606088.2216950543,4120030.5993564753],[606083.8591772034,4120034.4695684644],[606083.3363203532,4120032.7112271977],[606083.3206317332,4120032.6629820867],[606080.8188499936,4120025.585334305],[606080.7812903429,4120025.4937711065],[606080.7348639613,4120025.406368945],[606075.2602726173,4120016.22730632],[606075.2069973572,4120016.1470406554],[606075.1462457334,4120016.072273881],[606067.935168988,4120008.0230982015],[606066.2644548252,4120006.0649923426],[606067.4089947129,4120005.3487088694],[606111.0184968208,4119979.5472500273],[606113.0019086144,4119978.4340489293],[606136.3332173254,4119966.5440997956],[606138.8180743629,4119971.1776334476],[606140.5806213672,4119970.2324202135],[606138.1154060215,4119965.635512588],[606152.2375114673,4119958.4331110925],[606151.3288465092,4119956.6514467034],[606136.2974837488,4119964.3175777085],[606112.0759210916,4119976.661212242],[606112.0405371267,4119976.6801482267],[606110.0296765927,4119977.808755086],[606110.009912955,4119977.820145893],[606066.3798619952,4120003.6337624146],[606066.3585596557,4120003.6467271764],[606064.9501528651,4120004.5281455684],[606063.0179794687,4120002.275788759],[606062.9656437957,4120002.219331567],[606052.3883170034,4119991.6554338196],[606052.3429031831,4119991.6128184213],[606042.0747864838,4119982.5619149734],[606036.8118345445,4119977.922804362],[606027.4303242718,4119969.126498803],[606027.35387774,4119969.061704051],[606027.2713300111,4119969.0048858803],[606021.9439078253,4119965.718732147],[606013.179678678,4119959.262589204],[606009.263466696,4119954.7027773946],[606007.3924292139,4119950.828164347],[606036.2636178706,4119947.232178893],[606036.2806998186,4119947.229901653],[606094.5888574867,4119938.944735175],[606094.3074981639,4119936.9646248417],[606036.0078716647,4119945.248579102],[606005.7623236976,4119949.015744765],[606005.6835907777,4119949.028759902],[605990.744071885,4119952.115320725],[605975.1290824545,4119953.9322345504],[605975.0671048362,4119953.941422143],[605966.5556199766,4119955.4770780304],[605955.8702875597,4119956.224944674],[605946.8123720979,4119956.726699995],[605939.0015490201,4119956.0266658776],[605924.5722285645,4119953.5182905104],[605908.0874401355,4119948.8516796925],[605901.3754293722,4119945.6790068387],[605895.6747699938,4119942.7631216305],[605887.3420119771,4119931.8594881156],[605883.3443189334,4119926.3917607246],[605845.2318189096,4119874.214816781],[605845.1721801702,4119874.140825659],[605840.7098086549,4119869.1135434713],[605840.6654717821,4119869.066725361],[605839.6737775976,4119868.084962509],[605853.7293860635,4119853.446380294],[605852.2867379375,4119852.0611848617],[605838.1395070745,4119866.795189626],[605835.5148294875,4119864.9754492273],[605835.4224378262,4119864.918555274],[605835.3244258987,4119864.8720063423],[605835.2219476135,4119864.836350458],[605835.1162094618,4119864.8120074044],[605831.3973004206,4119864.165976374],[605831.3076200226,4119864.154545349],[605831.2172737377,4119864.151260396],[605831.126999988,4119864.1561483634],[605831.0375366027,4119864.1691693],[605830.9496147876,4119864.190216783],[605818.9854083239,4119867.6329756393],[605686.859403894,4119903.9567808835],[605677.3688970935,4119904.6562169045],[605663.5542604702,4119904.0657546828],[605654.4621741425,4119901.725102447],[605647.4690436049,4119899.84347809],[605643.853590523,4119897.1671387265],[605641.3087903451,4119893.4344658875],[605639.6562936186,4119894.5610778746],[605642.2963929471,4119898.4335340075],[605642.3643506177,4119898.522144593],[605642.4417642347,4119898.6026257253],[605642.5276684436,4119898.6739737997],[605646.4313372291,4119901.5636648554],[605646.5090601245,4119901.615753439],[605646.5913110618,4119901.660349989],[605646.6773700105,4119901.697064105],[605646.7664836049,4119901.7255743886],[605653.9477721294,4119903.65782595],[605653.9582891227,4119903.660594492]],[[605849.2025248818,4120076.4799151532],[605860.0145049179,4120075.4822667544],[605860.1005320665,4120075.4705437534],[605860.1852181171,4120075.45140291],[605860.2679246976,4120075.424988509],[605865.8568970332,4120073.3686216935],[605881.5980879794,4120067.9422954773],[605882.7440182357,4120067.7695608865],[605882.4662691297,4120069.1395320995],[605880.3606642393,4120077.036737047],[605879.7237564728,4120076.9318347415],[605879.626801428,4120076.9206920806],[605879.5292219515,4120076.919053368],[605879.4319474332,4120076.926934211],[605877.4143033355,4120077.190009622],[605877.6728893468,4120079.1732224887],[605879.5442675005,4120078.929218317],[605879.9061375823,4120078.988820363],[605878.7228327947,4120084.8001432307],[605878.7096216906,4120084.8824292654],[605878.703308212,4120084.9655295946],[605878.7039362093,4120085.0488670436],[605878.8731484034,4120088.4841447687],[605878.5741190056,4120089.6509168753],[605872.2242686297,4120087.4410451185],[605872.1463810279,4120087.417445253],[605872.0668322959,4120087.400257135],[605863.2568094061,4120085.868944621],[605863.1632174368,4120085.8571924376],[605863.0689345241,4120085.854310957],[605854.7170462004,4120085.9932023734],[605854.6434452338,4120085.997143044],[605849.4684964628,4120086.465983839],[605849.2025248818,4120076.4799151532]],[[605928.7846854157,4119974.7723654853],[605928.7633147523,4119974.877352053],[605927.3743877725,4119984.2436401476],[605898.4932269249,4119946.451209086],[605900.4785691607,4119947.466710921],[605900.5066054119,4119947.4805031754],[605907.3078132097,4119950.6953382096],[605907.3840925846,4119950.7276008315],[605907.4627800937,4119950.7534406404],[605924.0774222476,4119955.4568112143],[605924.1785342587,4119955.4798461697],[605937.3683823835,4119957.772753187],[605928.8603821299,4119974.572231078],[605928.8171654866,4119974.670267838],[605928.7846854157,4119974.7723654853]],[[606014.5717014619,4120092.741163023],[606014.4795839711,4120092.7271285243],[606014.3865600689,4120092.7217291836],[606014.2934374446,4120092.725011881],[606014.2010246447,4120092.736948114],[606014.1101240524,4120092.7574342447],[606014.0215249211,4120092.786292401],[606013.9359965215,4120092.8232720187],[606013.8542814626,4120092.868052019],[606010.118664242,4120095.147675023],[605996.7692654852,4120075.7932193615],[605997.7209813549,4120060.2175807375],[605998.0795559456,4120054.6411471847],[605999.381688963,4120049.300803082],[606005.4853380307,4120041.7061452456],[606011.2954402055,4120038.8655688376],[606050.2879303215,4120020.5976249552],[606050.3833600064,4120020.546441373],[606050.4726956526,4120020.485239035],[606050.5548896583,4120020.414735636],[606063.4750735122,4120008.0568386326],[606064.6037264714,4120007.1999043482],[606066.4215612712,4120009.330438135],[606066.437467902,4120009.3486311054],[606073.5921006525,4120017.334802653],[606078.9662907805,4120026.345525946],[606081.4265116547,4120033.305596258],[606082.3054930316,4120036.2615663814],[606080.5575365651,4120042.2187505784],[606076.6330873477,4120054.0588716073],[606076.6028178347,4120054.1719844877],[606073.805430895,4120067.7694448405],[606069.0203152158,4120069.0714462087],[606068.940010098,4120069.096976176],[606068.8621394788,4120069.1291764523],[606022.2776204393,4120090.733552723],[606022.2636961276,4120090.7401411487],[606016.7654711059,4120093.3937009675],[606014.662112722,4120092.763710823],[606014.5717014619,4120092.741163023]],[[605921.6647273288,4120132.545826193],[605914.2520636722,4120126.6586904526],[605914.1097497334,4120105.597857048],[605914.1046840327,4120105.503861171],[605914.0908025348,4120105.4107580557],[605914.0682282421,4120105.319372677],[605914.0371611827,4120105.2305147904],[605913.9978766383,4120105.1449717563],[605913.9507227049,4120105.063501561],[605913.8961172081,4120104.986826103],[605912.3621264899,4120103.0343031497],[605914.7891711082,4120101.161478468],[605925.3571652868,4120093.0164171476],[605940.2302315024,4120091.0016969414],[605940.3342854981,4120090.9819417074],[605940.4356664863,4120090.9512920985],[605940.5332372253,4120090.9100919263],[605940.625903215,4120090.858803354],[605940.7126249744,4120090.7980017117],[605940.7924297019,4120090.7283690413],[605941.3344696327,4120090.20233333],[605952.9869618479,4120104.349239474],[605967.5691432961,4120126.4156442676],[605969.109118936,4120128.7449946366],[605969.3344139155,4120130.706551507],[605968.6522003633,4120133.758730452],[605966.9382396388,4120136.2277178015],[605944.7365702954,4120159.3610286824],[605940.7549520112,4120154.9435176584],[605935.2528947331,4120147.478971173],[605935.2238861552,4120147.441507614],[605929.5004244733,4120140.400961307],[605929.4387239153,4120140.3318642434],[605923.1607020202,4120133.9250273257],[605937.4989148444,4120123.228244823],[605936.3029884864,4120121.6251976783],[605921.6647273288,4120132.545826193]],[[605943.312292382,4120088.2532937587],[605943.3617973342,4120088.175631896],[605943.4039473917,4120088.093744914],[605943.4383850335,4120088.008327387],[605943.4648181559,4120087.920103834],[605943.4830225502,4120087.829822578],[605943.492843805,4120087.738249393],[605944.9691469842,4120063.4774608547],[605948.8250878507,4120059.737135866],[605961.6713183586,4120060.124706057],[605981.6311181304,4120060.7670766325],[605980.4334444389,4120084.9062474254],[605973.7856952708,4120089.3092439813],[605953.9912190634,4120102.4227104555],[605942.7729794,4120088.803016],[605943.1929562422,4120088.393348607],[605943.2558524415,4120088.3260717657],[605943.312292382,4120088.2532937587]],[[605907.152746815,4120093.1894332096],[605907.1854009371,4120093.2849788493],[605907.2275236929,4120093.3767444994],[605907.2786856295,4120093.463794584],[605907.3383651379,4120093.5452416055],[605912.7552980657,4120100.2046978073],[605910.6885234587,4120101.799520622],[605905.5596838428,4120100.926360537],[605905.4759511356,4120100.9157189084],[605905.3916192821,4120100.912176452],[605901.0701281099,4120100.9131884766],[605900.9372961549,4120100.922081289],[605897.7837606985,4120101.3454752513],[605894.2634248707,4120098.0183374225],[605894.186109054,4120097.952371062],[605894.1024968395,4120097.8945930917],[605888.1678895467,4120094.224647419],[605888.1249050668,4120094.199523221],[605883.4102568886,4120091.5990900192],[605883.3117128836,4120091.55157107],[605880.456378851,4120090.362535046],[605880.8480680115,4120088.8342171265],[605880.8680188962,4120088.736234311],[605880.8780846628,4120088.6367488834],[605880.8781646673,4120088.536755566],[605880.7076985645,4120085.076021493],[605881.8957422307,4120079.24142554],[605882.6019065961,4120079.3004455306],[605884.901683263,4120080.1095369365],[605885.5654305173,4120078.222889226],[605883.1447697891,4120077.3712692317],[605883.0635163888,4120077.3465076042],[605882.9804547001,4120077.3287309585],[605882.8961840342,4120077.3180675576],[605882.3673089076,4120077.2738650935],[605884.406558429,4120069.6255301735],[605884.4203745514,4120069.5666019926],[605884.8491341962,4120067.451785571],[605901.3433856856,4120064.954627435],[605901.1936957865,4120063.9658944407],[605901.3942209723,4120064.945582988],[605907.8235822213,4120063.6296046986],[605907.1144234005,4120092.8899902855],[605907.1170762111,4120092.9909270164],[605907.1298942437,4120093.091081692],[605907.152746815,4120093.1894332096]],[[605939.6356937023,4120089.063967353],[605924.8240227249,4120091.0703709],[605924.7214872926,4120091.089754802],[605924.6215301129,4120091.1197183263],[605924.5252396446,4120091.1599351913],[605924.4336644185,4120091.209967466],[605924.3478016204,4120091.2692703367],[605914.339570081,4120098.982906266],[605909.1227781776,4120092.569498964],[605909.8341589874,4120063.217432564],[605932.9472396004,4120058.4675589628],[605938.5709828113,4120058.7006731373],[605942.97023379,4120063.398805678],[605941.5199917908,4120087.231318518],[605940.719236827,4120088.0124168205],[605939.6356937023,4120089.063967353]],[[605994.7825469183,4120075.5148115056],[605982.5032632444,4120083.5486309123],[605983.6307218355,4120060.824648843],[605995.6615906752,4120061.1285137357],[605994.7825469183,4120075.5148115056]],[[605995.4809561536,4120077.447895545],[606008.4546722956,4120096.2576725553],[605989.2040486757,4120110.2174780658],[605975.7341916432,4120090.4175978927],[605981.9570081289,4120086.2960465434],[605995.4809561536,4120077.447895545]],[[605968.6743070879,4120124.460406126],[605955.1772477687,4120104.036056346],[605974.0666911457,4120091.522157015],[605987.5722062011,4120111.3744523386],[605968.6743070879,4120124.460406126]],[[605978.4993700311,4120141.349305088],[605972.6561290683,4120138.6857297425],[605969.1430362435,4120136.5588580025],[605970.4068502861,4120134.7383140204],[605970.4580849614,4120134.6563122515],[605970.5011605155,4120134.5697456375],[605970.5356742226,4120134.4794235136],[605970.5613034046,4120134.3861903274],[605971.3230510949,4120130.978180835],[605971.3412537705,4120130.868317383],[605971.3471280325,4120130.757111229],[605971.3406010324,4120130.645941477],[605971.0687490957,4120128.2790310583],[605971.053661481,4120128.186325868],[605971.0299426977,4120128.095445135],[605970.9978019901,4120128.007190598],[605970.9575229002,4120127.922340829],[605970.9094607654,4120127.8416443635],[605969.7773779202,4120126.129268217],[605988.694848863,4120113.029761809],[606005.6995478466,4120138.178747614],[606004.3372429875,4120139.0228474196],[605997.4783818693,4120141.5256668213],[605991.9495985159,4120142.660774126],[605985.4435935867,4120142.63258474],[605978.4993700311,4120141.349305088]],[[606019.5795924028,4120121.560305534],[606015.8866224966,4120128.6378655164],[606011.5095233229,4120133.462804631],[606007.3163060435,4120136.999254091],[605990.3272889527,4120111.8734609163],[606010.3872379229,4120097.326764056],[606014.5154472436,4120094.8075656537],[606016.1368915018,4120095.2932146573],[606019.9696905606,4120103.397273284],[606021.0498240252,4120114.0774963656],[606019.5795924028,4120121.560305534]]],[[[605625.0191933269,4120027.9981626505],[605607.3816888524,4119992.565693073],[605641.5229606009,4119981.778981775],[605654.1009347994,4120026.80492542],[605654.1057389536,4120026.8215655945],[605657.5456313955,4120038.3604243733],[605659.4622761243,4120037.789046229],[605656.0248578127,4120026.258486733],[605643.4348648975,4119981.189519144],[605679.0248190665,4119970.501945263],[605688.271098715,4119967.7220496135],[605687.6952605608,4119965.8067401294],[605678.449446287,4119968.586495918],[605641.9202298028,4119979.556127914],[605641.9065741954,4119979.5603352515],[605606.4805688256,4119990.752949727],[605592.2349063406,4119962.0423537167],[605590.4433237655,4119962.9313035896],[605605.0695696482,4119992.4089243826],[605605.9653609358,4119991.964449446],[605605.070139494,4119992.410071001],[605623.2287504434,4120028.88940576],[605625.0191933269,4120027.9981626505]]],[[[605703.3710857475,4120104.0349047957],[605703.4741526115,4120104.0052519906],[605703.5734511152,4120103.9647319405],[605703.6678391206,4120103.91381071],[605703.7562309705,4120103.853073998],[605721.8116310231,4120089.9645874402],[605730.0255183005,4120084.4834087263],[605728.915381334,4120082.8197994228],[605720.673518036,4120088.3196467115],[605720.6188835558,4120088.358821376],[605702.7546974175,4120102.1002233014],[605693.8532375679,4120103.1662411764],[605690.599273438,4120100.062087461],[605690.5229356168,4120099.996283332],[605690.4403618489,4120099.9384973547],[605690.3523908898,4120099.889316498],[605690.2599163171,4120099.849240324],[605690.1638774548,4120099.818675912],[605690.065249832,4120099.7979337247],[605689.965035273,4120099.787224454],[605689.8642517218,4120099.7866568803],[605689.7639229022,4120099.7962367693],[605689.6650679187,4120099.815866812],[605689.5686909055,4120099.8453476136],[605657.7182209988,4120111.3730905917],[605597.4495839452,4120133.1738509177],[605597.3578382792,4120133.2122992743],[605597.270366518,4120133.2596726245],[605597.188034242,4120133.3155021835],[605597.111656174,4120133.3792354874],[605597.0419881163,4120133.450241861],[605596.9797194725,4120133.5278186575],[605595.3000661812,4120135.8479949213],[605595.2490051223,4120135.9259297084],[605595.2054191689,4120136.008278524],[605595.1696866935,4120136.094326493],[605595.1421178918,4120136.1833266276],[605595.1229520905,4120136.274506312],[605595.1123556689,4120136.3670740095],[605594.828833509,4120140.5689484687],[605594.8272929499,4120140.6744249878],[605594.8368719575,4120140.7794769364],[605594.8574639399,4120140.882935332],[605594.8888397565,4120140.9836489237],[605594.9306502672,4120141.0804970036],[605603.9050987401,4120159.180136905],[605609.7794891149,4120171.0090957307],[605611.0530134467,4120175.1969997976],[605610.4110904111,4120182.0721864733],[605607.0110770948,4120189.1878131772],[605600.9936108404,4120198.9838625262],[605600.0256842838,4120200.3694778164],[605594.4826733589,4120203.1571970815],[605595.3812792504,4120204.9439560054],[605601.1500568474,4120202.0426930166],[605601.2361665965,4120201.993904134],[605601.3170318477,4120201.93684228],[605601.3918605059,4120201.8720663902],[605601.4599196065,4120201.80021096],[605601.5205424937,4120201.7219798313],[605601.6808931013,4120201.4924332276],[605615.1019046922,4120228.743410147],[605608.6574285664,4120232.339069083],[605609.6319009259,4120234.085609555],[605615.986714365,4120230.5399774066],[605630.0366588322,4120259.067583846],[605629.8571469252,4120259.2479972984],[605623.2776836094,4120262.1161381844],[605624.0768941864,4120263.9495127928],[605630.8311422041,4120261.005179195],[605630.9155985279,4120260.963525808],[605630.9957622535,4120260.914112729],[605631.0709224994,4120260.8573781475],[605631.1404127536,4120260.7938251784],[605631.9580392151,4120259.9720921717],[605639.9921605643,4120251.9065394746],[605640.0112462124,4120251.886846315],[605641.4965503697,4120250.311605817],[605670.0111659374,4120260.4884778266],[605660.3016062018,4120272.0349455723],[605633.2372857456,4120261.98921559],[605633.1405119575,4120261.958783776],[605633.0411529242,4120261.9383132155],[605632.9402311753,4120261.928014576],[605632.8387853231,4120261.927993844],[605632.7378593733,4120261.9382512323],[605632.6384919812,4120261.9586811797],[605632.5417057627,4120261.9890734362],[605632.44849677,4120262.029115227],[605632.359824241,4120262.078394472],[605625.249609014,4120266.5162305087],[605626.308568822,4120268.2128754705],[605632.4770186114,4120264.3628416965],[605643.333892975,4120286.628608953],[605636.604366659,4120289.4408903513],[605637.3755391368,4120291.286233953],[605644.2256642465,4120288.4235540982],[605657.217931298,4120314.0284596593],[605657.2673226998,4120314.1148557193],[605657.3250568147,4120314.1959147207],[605657.390561856,4120314.2708338727],[605657.4631890755,4120314.3388711913],[605657.5422191885,4120314.3993528495],[605657.6268694976,4120314.451679849],[605657.7163016436,4120314.4953339556],[605657.8096299096,4120314.529882827],[605657.9059299919,4120314.554984299],[605658.0042481548,4120314.5703897714],[605658.1036106759,4120314.5759466724],[605658.2030334896,4120314.571599967],[605658.3015319334,4120314.557392704],[605658.3981304993,4120314.5334655894],[605658.4918724955,4120314.5000555925],[605658.581829521,4120314.457493599],[605658.6671106601,4120314.406201133],[605673.057112991,4120304.7448966815],[605673.1273165456,4120304.693184054],[605673.1927485041,4120304.63555252],[605680.6209154167,4120297.494295095],[605680.6202906808,4120297.4936452596],[605680.6723194561,4120297.441079647],[605692.254917616,4120284.526611032],[605692.2544930453,4120284.526230247],[605692.3075126165,4120284.4628523877],[605702.9008608473,4120270.4818189084],[605702.9002316953,4120270.4813422034],[605702.9132578268,4120270.465098756],[605712.8208305959,4120256.807646472],[605722.88929315,4120243.647477279],[605724.7917966206,4120244.2850492885],[605725.4273051854,4120242.3887031004],[605723.597650321,4120241.775544309],[605724.9586636038,4120226.9757824326],[605725.4443587654,4120227.152604946],[605726.1285491525,4120225.2732743435],[605725.0961369383,4120224.897413645],[605725.3976021125,4120210.201561554],[605725.433717436,4120210.2140312404],[605726.086453216,4120208.3235455877],[605725.6925549415,4120208.1875427053],[605730.322291949,4120194.543052473],[605730.5229900675,4120194.6114973975],[605731.1685498448,4120192.7185492804],[605730.9659898432,4120192.6494694212],[605737.5038975478,4120173.4520910527],[605737.9711108414,4120173.6183527666],[605738.6416365247,4120171.7341034976],[605737.222581791,4120171.2291211365],[605706.1506568632,4120159.9317654236],[605677.6861937566,4120149.5885268254],[605676.9471943552,4120147.4630276533],[605694.2076770869,4120105.1380851706],[605703.2654360053,4120104.0533492872],[605703.3710857475,4120104.0349047957]],[[605661.481821436,4120116.899252289],[605661.4526294696,4120116.8172907196],[605661.4164236774,4120116.738176812],[605660.628302757,4120115.196998065],[605660.6268151746,4120115.1941007306],[605659.6876794624,4120113.372272778],[605659.4451025132,4120112.875040383],[605689.6669331172,4120101.936756081],[605692.3208354152,4120104.468474425],[605675.3516105158,4120146.0792149235],[605670.7038119185,4120143.8800177826],[605670.9114233196,4120143.1182055064],[605669.9466094974,4120142.8552715057],[605670.9408377334,4120142.9625571743],[605671.1417229773,4120141.10093125],[605671.1474932978,4120140.991946531],[605671.14135267,4120140.8829820487],[605671.1233742345,4120140.7753356765],[605670.988953358,4120140.1744532892],[605670.9887342515,4120140.173476145],[605670.5694748396,4120138.308091017],[605669.8491992374,4120134.974236939],[605669.8199874077,4120134.867847302],[605669.7792335668,4120134.765323108],[605668.1723926003,4120131.294213943],[605668.1269259425,4120131.2074226053],[605668.0731839752,4120131.1254973086],[605668.0116826186,4120131.0492245317],[605667.9430122833,4120130.9793364904],[605666.723725247,4120129.85438811],[605666.6513826532,4120129.793708051],[605666.5736393995,4120129.7401216077],[605666.4911886075,4120129.6941065304],[605665.0273283034,4120128.965543822],[605664.1361977005,4120130.7560427045],[605665.4723582823,4120131.4210493104],[605666.440852855,4120132.3146095374],[605667.9177088669,4120135.5049242885],[605668.524818033,4120138.314978333],[605666.5354049169,4120137.1028405707],[605666.4419308507,4120137.0524876034],[605659.5507615262,4120133.7998205037],[605651.514430333,4120127.1747718514],[605651.425447213,4120127.10932199],[605651.3297883287,4120127.054085608],[605651.2286208792,4120127.0097366828],[605650.6904525259,4120126.808468288],[605652.8355033721,4120124.491096439],[605652.8676705315,4120124.4546032934],[605656.4719091398,4120120.159399365],[605659.4588661355,4120117.3028834383],[605659.5960190481,4120117.5710874014],[605660.1490597943,4120119.3675583117],[605660.3257730582,4120122.2577997185],[605662.322045242,4120122.1357449405],[605662.1380483591,4120119.1263759905],[605662.1237821883,4120119.0085180015],[605662.095649326,4120118.893181228],[605661.481821436,4120116.899252289]],[[605645.9043860403,4120245.636686738],[605651.8103417677,4120238.1766673685],[605651.866204635,4120238.098693712],[605651.9143399299,4120238.0157265835],[605651.9543047813,4120237.928529326],[605652.4206424247,4120236.766973675],[605680.2505190087,4120246.679600933],[605671.337057351,4120258.8381278105],[605642.9957022468,4120248.723092495],[605645.8474826504,4120245.702469297],[605645.9043860403,4120245.636686738]],[[605655.3692785237,4120229.4218585207],[605655.3895190214,4120229.347894578],[605657.2319325957,4120221.4350673505],[605682.2581161202,4120229.827308105],[605686.2339431583,4120231.3959960025],[605681.2543996988,4120244.9140881384],[605653.1667519184,4120234.9096462517],[605655.3434299012,4120229.494054028],[605655.3692785237,4120229.4218585207]],[[605657.7554285938,4120219.1923499056],[605660.4241517435,4120219.2004349385],[605660.5015593113,4120219.197669646],[605665.8484443809,4120218.7988742474],[605665.9377826313,4120218.788151595],[605666.0257953857,4120218.769441883],[605666.1117700669,4120218.7428965927],[605670.3547199671,4120217.220605808],[605670.4610312516,4120217.175372696],[605673.8574899744,4120215.492285583],[605678.3376918081,4120219.6917091296],[605682.0371588622,4120224.6655754526],[605682.5617203263,4120226.591942266],[605682.0696667611,4120227.6546571325],[605657.6885548583,4120219.478733674],[605657.7529591672,4120219.203611773],[605657.7554285938,4120219.1923499056]],[[605665.6037852996,4120210.7555341907],[605671.8835226812,4120214.2383741494],[605669.6248482165,4120215.3576416555],[605665.5642234415,4120216.814517608],[605660.3914534454,4120217.2003266993],[605658.1706860748,4120217.1935987715],[605660.0428212179,4120208.266005366],[605665.6037852996,4120210.7555341907]],[[605688.2996418129,4120213.6441306015],[605686.6523756146,4120229.411044933],[605683.9534655788,4120228.346172777],[605684.5298665136,4120227.101288306],[605684.5672552458,4120227.0086650737],[605684.5952173533,4120226.912773984],[605684.6134738589,4120226.8145717415],[605684.6218426178,4120226.7150381072],[605684.6202401349,4120226.6151661263],[605684.6086823982,4120226.51595222],[605684.5872847192,4120226.4183862433],[605683.9172273705,4120223.957709415],[605683.8885134095,4120223.8688555206],[605683.8516366574,4120223.7830673438],[605683.806918661,4120223.701092915],[605683.7547493392,4120223.623647012],[605679.8891452461,4120218.4264124543],[605679.8328486729,4120218.3573714765],[605679.7706311404,4120218.293614599],[605674.7190275094,4120213.558599521],[605674.6567918425,4120213.504895143],[605674.5903554877,4120213.456483892],[605674.5201673844,4120213.4136929046],[605666.5364252706,4120208.985785436],[605666.4600131474,4120208.947579036],[605660.463338774,4120206.262991708],[605660.9220677164,4120204.0818128074],[605688.2996418129,4120213.6441306015]],[[605664.3394841085,4120189.42319196],[605691.8344124056,4120198.746161231],[605688.667441882,4120211.65411036],[605661.3369154136,4120202.1082251533],[605661.936335186,4120199.254579347],[605664.3394841085,4120189.42319196]],[[605665.6500902784,4120184.0449630716],[605668.1529029532,4120173.0753218266],[605696.564834519,4120183.002507007],[605692.3675382384,4120196.815085816],[605664.8154394492,4120187.4727311977],[605665.646748207,4120184.0591345895],[605665.6500902784,4120184.0449630716]],[[605671.1685808186,4120168.0578085748],[605671.2168157059,4120167.9512655297],[605677.4793117105,4120151.6412991397],[605704.5200389825,4120161.4671894955],[605697.2055059664,4120181.107791681],[605668.9903668903,4120171.249366186],[605671.1082365947,4120168.157991405],[605671.1685808186,4120168.0578085748]],[[605669.3918579789,4120167.1246163137],[605666.6018063094,4120171.1971498374],[605666.5523597108,4120171.2771501634],[605666.5106473344,4120171.361441895],[605666.4770381267,4120171.449279469],[605666.451829362,4120171.5398859615],[605663.7018178044,4120183.5929814684],[605662.655684184,4120187.8887132662],[605659.989651982,4120198.7955676527],[605659.9824099273,4120198.8274455084],[605659.1990285442,4120202.5568738505],[605658.3402061408,4120206.6404298088],[605655.961301824,4120217.984636988],[605655.9602987475,4120217.989479918],[605655.8023918063,4120218.761474135],[605655.5336639648,4120219.9094239515],[605655.5333934139,4120219.910582796],[605653.4590518393,4120228.819498101],[605650.922881904,4120235.1295091766],[605650.1522974035,4120237.0488839024],[605644.3633252581,4120244.3611372155],[605640.490124795,4120248.46365477],[605638.565510883,4120250.504805283],[605631.5282825311,4120257.5695649064],[605617.600917632,4120229.29084925],[605623.9403762893,4120221.585169113],[605623.9921566902,4120221.516397202],[605624.0378304181,4120221.4434266854],[605624.0770589944,4120221.366798333],[605624.109551705,4120221.2870800197],[605625.7556839213,4120216.6917781727],[605625.7795015787,4120216.6159155085],[605631.3163203074,4120196.1687524104],[605631.3184176884,4120196.160879926],[605637.0555922252,4120174.2683813255],[605645.3285387486,4120146.64435742],[605649.6194765329,4120141.465279282],[605652.524911231,4120140.905641742],[605660.3883686073,4120141.785847671],[605669.1158787454,4120145.341246818],[605675.0718936289,4120148.1594521753],[605675.8331553454,4120150.34898189],[605669.3918579789,4120167.1246163137]],[[605660.9281114832,4120139.8506832807],[605660.8391844463,4120139.828055887],[605660.7485576749,4120139.8136751647],[605652.596302813,4120138.9011423285],[605652.4959469001,4120138.894994981],[605652.3954809437,4120138.898956134],[605652.2959205641,4120138.912985743],[605648.889072889,4120139.569204192],[605648.7935441716,4120139.592528446],[605648.7007681387,4120139.6251223776],[605648.6116419119,4120139.6666708114],[605648.52702732,4120139.7167719835],[605648.4477425657,4120139.774941429],[605648.374554313,4120139.840616663],[605648.3081702748,4120139.9131626217],[605643.6588244586,4120145.524832257],[605643.5988525052,4120145.6050832085],[605643.5472112913,4120145.690932119],[605643.5044191319,4120145.781517335],[605643.4709055257,4120145.875929668],[605635.1346916377,4120173.711208317],[605635.1253188045,4120173.744601458],[605629.3847801005,4120195.649937392],[605623.8594257006,4120216.0547633623],[605622.2853731968,4120220.4488492724],[605616.631102609,4120227.3216759465],[605602.9711789032,4120199.585594869],[605608.7427680045,4120190.1898177653],[605608.7929756552,4120190.097540675],[605612.2924837753,4120182.773688939],[605612.3269402424,4120182.692569256],[605612.3541204069,4120182.608730782],[605612.3738131429,4120182.522824744],[605612.385865484,4120182.435518432],[605613.062632005,4120175.187147662],[605613.0669545957,4120175.090204997],[605613.061860696,4120174.9932997995],[605613.0473982727,4120174.8973445836],[605613.0237035122,4120174.803242918],[605611.6688080588,4120170.3477550745],[605611.6414453001,4120170.269567244],[605611.6077050945,4120170.193912397],[605606.0489541312,4120159.000540889],[605607.0351747256,4120158.183344058],[605607.1390355305,4120158.08385116],[605610.2526031429,4120154.638797591],[605610.3248453188,4120154.5489531006],[605610.3862667813,4120154.4513909747],[605611.7315542016,4120152.013244193],[605616.4061145954,4120145.846328974],[605621.6094978123,4120141.3659517947],[605621.694068347,4120141.2839796096],[605625.6001543445,4120137.0238925596],[605628.4777625505,4120134.179316813],[605635.0552322436,4120131.5094775013],[605642.0376179185,4120129.974283596],[605642.0646859714,4120129.9679365195],[605648.8846264781,4120128.268402347],[605650.3713257662,4120128.8244097335],[605658.3749006712,4120135.4224545206],[605658.4409050167,4120135.472426422],[605658.5108166744,4120135.516767426],[605658.5841564862,4120135.5551736304],[605665.5401638813,4120138.8384446306],[605669.1299435234,4120141.025676346],[605669.1355356277,4120141.0506739286],[605668.9609052414,4120142.668993165],[605668.8506394312,4120143.0736041227],[605661.0145900188,4120139.881366823],[605660.9281114832,4120139.8506832807]],[[605651.3512449157,4120123.1503620115],[605648.4128583219,4120126.324801622],[605641.5945646227,4120128.023925409],[605634.5429502486,4120129.5743403984],[605634.4612071123,4120129.5959733417],[605634.3815837908,4120129.6244347407],[605627.5406020664,4120132.401235363],[605627.451296451,4120132.442717409],[605627.3665035656,4120132.492781565],[605627.2870455831,4120132.550942395],[605627.2136929483,4120132.616635957],[605624.1766668496,4120135.618799616],[605624.1426125834,4120135.6541572413],[605620.259800957,4120139.888860609],[605615.0207547712,4120144.399945415],[605614.9444756131,4120144.472984691],[605614.8763246733,4120144.553661176],[605610.0940078745,4120150.8627340654],[605610.0153728151,4120150.983704016],[605608.6911176114,4120153.3837328237],[605605.7035824272,4120156.6893359227],[605605.1357316796,4120157.15986537],[605596.8424824525,4120140.434065999],[605597.088487354,4120136.7882073736],[605598.4192957013,4120134.9499054127],[605657.5536769725,4120113.5594354076],[605657.8950182332,4120114.259114141],[605657.904917467,4120114.2788496106],[605658.5066531459,4120115.446155747],[605655.0499764836,4120118.751878579],[605654.9750940545,4120118.8317880356],[605651.3512449157,4120123.1503620115]],[[605658.4902549292,4120312.1159865097],[605646.0714105095,4120287.6411710456],[605646.0784802685,4120287.637706862],[605646.1722983946,4120287.577983484],[605646.2589044716,4120287.508211641],[605647.5397804893,4120286.353146528],[605678.0673852762,4120297.174854754],[605671.8696902426,4120303.1331667034],[605658.4902549292,4120312.1159865097]],[[605658.7179632521,4120273.5804594764],[605646.6427848291,4120284.4689327776],[605645.1585504945,4120285.8073818353],[605634.8827511388,4120264.7333093937],[605658.7179632521,4120273.5804594764]],[[605693.7350687155,4120199.3928317735],[605723.4111931435,4120209.51851326],[605723.1105422805,4120224.174669235],[605690.5613977693,4120212.328090508],[605693.7350687155,4120199.3928317735]],[[605721.6489891845,4120241.125513381],[605688.588228812,4120230.1292227586],[605690.2379594027,4120214.338720336],[605723.0152815342,4120226.268346531],[605721.6489891845,4120241.125513381]],[[605699.0964333984,4120181.760998089],[605706.3997786785,4120162.1504366286],[605735.6216421223,4120172.775133576],[605729.0732271894,4120192.0033645113],[605699.0964333984,4120181.760998089]],[[605694.2620422416,4120197.4594212514],[605698.4565865992,4120183.655898547],[605728.4295261187,4120193.8969480554],[605723.8008689384,4120207.5382558834],[605694.2620422416,4120197.4594212514]],[[605683.1461358259,4120245.564642539],[605688.1136846732,4120232.0791124785],[605720.8829471321,4120242.9784484105],[605711.6577389638,4120255.0364264464],[605683.1461358259,4120245.564642539]],[[605673.3276056409,4120259.5055961856],[605682.226696557,4120247.366671911],[605710.4073941734,4120256.7285263427],[605701.7209139701,4120268.7027193825],[605673.3276056409,4120259.5055961856]],[[605649.2289219036,4120284.8299840344],[605660.8455789194,4120274.3549703048],[605689.7594955425,4120284.313515564],[605679.6306471367,4120295.6070693103],[605649.2289219036,4120284.8299840344]],[[605662.3165613735,4120272.7463049553],[605672.0350494651,4120261.1892197384],[605700.4569273225,4120270.3955971394],[605691.1510146286,4120282.677481402],[605662.3165613735,4120272.7463049553]]],[[[605691.9380289632,4120519.5578628173],[605692.035031198,4120519.5276794992],[605692.1284705229,4120519.4878102276],[605692.2173826005,4120519.438666472],[605701.8491037673,4120513.4569615526],[605701.9370141642,4120513.395600742],[605702.0178505031,4120513.3251814744],[605702.0906837006,4120513.2465131055],[605702.1546766568,4120513.1604998014],[605702.2090938756,4120513.068130146],[605706.2830612877,4120505.2189280316],[605706.3234957628,4120505.1308246986],[605706.3552096543,4120505.0392202605],[605706.3779049424,4120504.944975537],[605707.5371848441,4120498.8455816656],[605707.5500707647,4120498.75571256],[605707.5547529326,4120498.665045143],[605707.5511927551,4120498.574326742],[605707.5394195769,4120498.484305104],[605707.5195304385,4120498.395722231],[605707.4916892761,4120498.309308269],[605705.7994343577,4120493.7734859185],[605705.7397367308,4120491.2445808193],[605703.7402937467,4120491.291779902],[605703.8039633653,4120493.98894613],[605703.812751954,4120494.0997042498],[605703.8337732134,4120494.208803778],[605703.8667676445,4120494.3148979247],[605705.5201879132,4120498.746630123],[605704.440434177,4120504.4276078665],[605700.5605322904,4120511.9029092155],[605691.337319131,4120517.6309134397],[605682.8028437146,4120518.913916543],[605658.0972833545,4120516.8169607488],[605603.4153919822,4120507.691397103],[605603.3970485751,4120507.6885106615],[605560.9111088285,4120501.406760559],[605560.8935652457,4120501.4043252156],[605498.0492988556,4120493.247079964],[605498.0237588477,4120493.244098211],[605437.0,4120486.9138121135],[605437.0,4120488.9245442236],[605497.8046074753,4120495.232096702],[605560.6273404346,4120503.386546894],[605603.0953341051,4120509.665643583],[605657.8078813122,4120518.7963232147],[605657.8879156234,4120518.806381385],[605682.7507559618,4120520.9166867714],[605682.8675939004,4120520.9197489293],[605682.9839910952,4120520.9091577185],[605691.8384649266,4120519.578048676],[605691.9380289632,4120519.5578628173]]],[[[605740.7764592186,4119471.6914153066],[605740.8026390009,4119471.598180287],[605740.8196776564,4119471.502850155],[605740.8274153941,4119471.4063189304],[605740.8257796483,4119471.309491898],[605740.8147857592,4119471.2132771155],[605740.7945368292,4119471.1185769006],[605738.8883026703,4119463.9264885504],[605736.9550549616,4119464.438888098],[605738.633579776,4119470.7718449947],[605733.2347893297,4119472.907584998],[605733.147947705,4119472.9468220845],[605733.0652352121,4119472.994147134],[605732.9874029646,4119473.049130386],[605732.9151577585,4119473.1112725376],[605732.8491556535,4119473.180009274],[605732.7899960161,4119473.254716396],[605732.7382160758,4119473.334715487],[605732.6942860471,4119473.4192800736],[605732.6586048594,4119473.507642224],[605732.6314965341,4119473.59899952],[605732.6132072423,4119473.6925223437],[605732.6039030696,4119473.7873614132],[605732.6036685071,4119473.8826554934],[605732.612505685,4119473.9775392176],[605732.6303343527,4119474.071150944],[605732.6569926079,4119474.162640584],[605732.9196239846,4119474.926412944],[605732.4563445253,4119473.6390422555],[605732.4190991087,4119473.549446027],[605732.3733457874,4119473.463881204],[605732.3195153156,4119473.3831533547],[605732.2581144914,4119473.308022509],[605732.1897213852,4119473.2391959997],[605732.1149798982,4119473.17732181],[605732.0345936993,4119473.1229824657],[605731.9493196011,4119473.0766895562],[605731.8599604338,4119473.0388789163],[605731.7673574878,4119473.009906521],[605731.6723825926,4119472.9900451372],[605731.5759299087,4119472.9794817544],[605731.4789075097,4119472.9783158232],[605731.382228833,4119472.986558321],[605731.2868040799,4119473.0041316464],[605727.5242780203,4119473.8876910466],[605725.2140357853,4119467.710804772],[605723.3407709135,4119468.4114321484],[605725.9593615691,4119475.4127484756],[605725.9973563204,4119475.5011263783],[605726.0436672937,4119475.585444517],[605726.0978659155,4119475.6649225904],[605726.1594506181,4119475.7388250884],[605726.2278514808,4119475.806468098],[605726.3024355046,4119475.867225634],[605726.3825124701,4119475.9205354303],[605726.4673413244,4119475.9659041446],[605726.55613704,4119476.0029119235],[605726.6480778784,4119476.031216287],[605726.7423129958,4119476.0505553],[605726.8379703165,4119476.060749994],[605726.9341646032,4119476.0617060247],[605727.0300056494,4119476.0534145446],[605727.1246065177,4119476.0359522854],[605730.8763003293,4119475.1549366373],[605731.5091146994,4119476.913414496],[605733.372316925,4119476.2429135074],[605733.4617346679,4119476.5029540304],[605735.3530434328,4119475.8526070807],[605734.859003348,4119474.4158626744],[605740.1957706355,4119472.304658786],[605740.2839906705,4119472.2647166364],[605740.3679335404,4119472.216428496],[605740.4468120165,4119472.160247219],[605740.5198863647,4119472.096699681],[605740.5864712826,4119472.0263818414],[605740.6459423271,4119471.9499531505],[605740.6977417697,4119471.8681303686],[605740.7413838274,4119471.781680842],[605740.7764592186,4119471.6914153066]]],[[[605732.8870024721,4119501.0869058063],[605732.7698740079,4119501.107196322],[605732.6559808318,4119501.141242271],[605725.7199311482,4119503.6726678545],[605725.6304916281,4119503.7103227368],[605725.5451230819,4119503.75646956],[605725.4646294523,4119503.8106737435],[605719.7099911905,4119508.105891838],[605717.551925778,4119509.6700191274],[605716.3172259061,4119510.3571227505],[605717.2897653556,4119512.1047402774],[605718.5766716239,4119511.388584085],[605718.677253845,4119511.324469581],[605720.8893722843,4119509.7211656226],[605720.9006684282,4119509.7128569526],[605726.5433947304,4119505.5011690906],[605733.2294095971,4119503.060997832],[605741.7085847681,4119502.1068315716],[605749.0087659991,4119503.9772247537],[605754.9046584534,4119508.060113971],[605754.2454464631,4119510.236941866],[605754.2215463916,4119510.3326523644],[605754.2071929093,4119510.430252008],[605754.2025257002,4119510.5287909852],[605754.2075901843,4119510.6273103436],[605754.2223370753,4119510.72485132],[605754.2466228609,4119510.820464674],[605754.2802111986,4119510.9132199246],[605754.3227752165,4119511.0022144034],[605755.7537123198,4119513.6500063036],[605755.8044144412,4119513.7337467824],[605755.863061457,4119513.8121285434],[605755.9290913426,4119513.8844004404],[605756.0018713223,4119513.9498698795],[605756.0807039328,4119514.007909456],[605756.1648337077,4119514.0579629657],[605756.2534544168,4119514.0995507385],[605756.3457167925,4119514.1322742305],[605758.1342054078,4119514.669627129],[605757.3391177501,4119516.3933679704],[605757.3013685535,4119516.4874826297],[605757.273344672,4119516.584936377],[605757.255334263,4119516.684727139],[605757.2475225198,4119516.7858288083],[605757.2499897672,4119516.8872018005],[605757.2627106356,4119516.987803741],[605757.2855543217,4119517.0866001826],[605757.3182859337,4119517.1825752445],[605767.2028221161,4119541.9736896],[605767.2033458705,4119541.973480772],[605767.2079848831,4119541.9863846228],[605767.2489387839,4119542.0731320125],[605770.4436310267,4119548.0760502727],[605773.1915072898,4119554.6262954893],[605773.2404133646,4119554.7267429004],[605773.3002187493,4119554.821108162],[605773.3701769841,4119554.9082134543],[605778.2361653964,4119560.317800214],[605778.3097769882,4119560.3915207363],[605778.3906588581,4119560.4571827874],[605778.4779331642,4119560.5140737123],[605778.5706526851,4119560.5615760516],[605778.6678111006,4119560.5991742453],[605792.3396711014,4119565.0861839466],[605790.4232478178,4119574.33825863],[605790.4071829929,4119574.4440324325],[605789.9245616222,4119579.3932060725],[605789.4877639709,4119580.3272535927],[605787.4595095158,4119584.6041403525],[605776.7033439083,4119588.9291549255],[605767.9068589205,4119592.197984846],[605767.8079356506,4119592.2409498477],[605758.9086267359,4119596.69113494],[605756.9793396461,4119597.4488933035],[605757.7104973978,4119599.310454031],[605759.6814370601,4119598.536335953],[605759.7631144435,4119598.499961447],[605768.6541466744,4119594.0539151905],[605777.412440215,4119590.7992774555],[605777.4371739965,4119590.789711093],[605788.5685278004,4119586.313834728],[605788.6532615199,4119586.275085185],[605788.7340209221,4119586.2286174623],[605788.810104908,4119586.1748349615],[605788.8808529674,4119586.1142045865],[605788.9456509129,4119586.047252689],[605789.0039362124,4119585.974560501],[605789.0552028717,4119585.8967590877],[605789.0990058281,4119585.8145238683],[605790.9102811643,4119581.995170983],[605806.9625892144,4119587.635161818],[605807.6255602323,4119585.7482411973],[605791.7663367074,4119580.1760907597],[605791.8090146689,4119580.084828263],[605791.8511327753,4119579.9795990777],[605791.8810722883,4119579.8702796292],[605791.8984485712,4119579.7582743564],[605792.3925417424,4119574.6914599813],[605794.4433409517,4119564.790647563],[605813.534072058,4119533.969424983],[605817.1009280636,4119535.0936825424],[605821.0160954228,4119542.3031158885],[605834.3662026565,4119570.0674459785],[605834.4135109122,4119570.154505769],[605834.4692025132,4119570.2364565083],[605834.5327307085,4119570.312493648],[605834.6034718113,4119570.381870694],[605834.6807313224,4119570.443906539],[605834.7637507482,4119570.497992148],[605834.8517150475,4119570.543596536],[605834.9437606325,4119570.5802719835],[605835.0389838477,4119570.6076584295],[605835.1364498413,4119570.6254870086],[605835.2352017432,4119570.633582689],[605835.3342700585,4119570.6318659913],[605835.4326821864,4119570.6203537695],[605835.5294719677,4119570.5991590447],[605835.6236891712,4119570.568489895],[605860.020760455,4119561.266518828],[605860.0402795699,4119561.2588412785],[605912.764361819,4119539.8794554626],[605915.9474907113,4119539.0717511955],[605915.4555888966,4119537.133186622],[605912.2060894537,4119537.9577321103],[605912.0762634304,4119538.000304249],[605859.7353238311,4119559.224327388],[605857.9787292996,4119558.2350158244],[605857.8871000765,4119558.1894212747],[605857.7912904292,4119558.1534311515],[605857.6923039422,4119558.127422444],[605852.939330071,4119557.135477007],[605852.9262512239,4119557.132838379],[605845.0150687386,4119555.591627708],[605838.320911338,4119552.361574798],[605832.3107033862,4119548.3885334134],[605826.6427505012,4119542.920836046],[605826.5772216364,4119542.862934697],[605826.5068849764,4119542.810979403],[605826.4322783571,4119542.7653674455],[605826.3539722655,4119542.7264476004],[605822.6230815072,4119541.071393167],[605818.6656671026,4119533.7841656352],[605818.6158800123,4119533.702134334],[605818.5584596656,4119533.6252526557],[605818.4939347828,4119533.5542285177],[605818.4228995017,4119533.489715902],[605818.3460079073,4119533.4323088345],[605818.2639680088,4119533.3825359126],[605818.1775352205,4119533.3408554397],[605818.087505406,4119533.307651205],[605813.8258125761,4119531.9643840888],[605809.711813841,4119522.6267171134],[605805.8284371832,4119513.8107523215],[605807.2439555646,4119508.0459348676],[605807.2603134575,4119507.965030365],[605807.2699433272,4119507.8830524124],[605807.2727795644,4119507.8005595347],[605807.2395051717,4119502.988354675],[605831.338711968,4119491.9838414215],[605870.3887103159,4119474.1447951],[605870.4772008461,4119474.0989084146],[605870.5606834339,4119474.0444398974],[605876.1493836672,4119469.9870809843],[605874.9743950346,4119468.368624401],[605869.4666609161,4119472.367202457],[605831.4048844455,4119489.7548035528],[605827.5653362497,4119481.6489548516],[605827.5199090776,4119481.5639095875],[605827.4665027447,4119481.483634507],[605827.4056137338,4119481.408875873],[605827.3378080889,4119481.340328667],[605827.2637161532,4119481.2786301253],[605827.1840267096,4119481.2243538178],[605827.099480577,4119481.178004315],[605827.0108637237,4119481.140012497],[605826.9189999606,4119481.110731547],[605826.8247432834,4119481.090433672],[605826.7289699327,4119481.0793075664],[605826.6325702484,4119481.077456662],[605826.5364403938,4119481.084898166],[605826.4414740228,4119481.1015628995],[605826.348553974,4119481.127295942],[605826.258544062,4119481.16185807],[605801.9633969001,4119491.8616401143],[605793.4284747684,4119475.2973399926],[605793.4043185031,4119475.253220197],[605791.0849354459,4119471.25890926],[605790.5826944741,4119469.9015233135],[605788.7069744638,4119470.5955510093],[605789.2390801553,4119472.033651101],[605789.2722889229,4119472.1127899704],[605789.312161155,4119472.188789891],[605791.6621273784,4119476.2357694353],[605800.6163404039,4119493.6138153924],[605805.2367246005,4119502.593137808],[605805.2719666347,4119507.6899066307],[605803.989016268,4119512.914829714],[605797.4074364416,4119513.018074972],[605764.5843265507,4119506.7309488067],[605764.4915516584,4119506.7176500377],[605764.3979392013,4119506.713095284],[605764.3043114748,4119506.717324555],[605764.2114909084,4119506.7303007003],[605764.1202928415,4119506.7519097375],[605762.7777522015,4119507.1372862635],[605762.4941504212,4119506.6202235445],[605762.4434242271,4119506.5375255025],[605762.3849231609,4119506.460132104],[605762.3191978417,4119506.3887717836],[605762.2468668834,4119506.324116193],[605762.1686110732,4119506.266773878],[605762.0851669636,4119506.217284551],[605761.9973199401,4119506.176114011],[605761.9058968287,4119506.1436497597],[605759.0238067672,4119505.2751691947],[605758.9289019628,4119505.2515652897],[605758.8321453893,4119505.2373444713],[605758.7344624327,4119505.232642748],[605758.6367873393,4119505.2375050876],[605758.5400542803,4119505.2518849866],[605758.445188417,4119505.2756449142],[605758.3530970527,4119505.3085576296],[605758.2646609553,4119505.350308353],[605756.140589677,4119506.4832558497],[605749.9999793583,4119502.230900188],[605749.9249026108,4119502.183693132],[605749.8459386651,4119502.1433233484],[605749.7637085745,4119502.1101083467],[605749.6788590805,4119502.0843093633],[605742.027259774,4119500.123878694],[605741.9384793219,4119500.105377052],[605741.8483877998,4119500.0949945142],[605741.7577261453,4119500.092816471],[605741.6672399855,4119500.0988608343],[605732.8870024721,4119501.0869058063]],[[605806.6876582738,4119501.0416975464],[605802.880625446,4119493.6430541105],[605826.1743143586,4119483.3843224915],[605829.5854739638,4119490.585780123],[605806.6876582738,4119501.0416975464]],[[605764.0058229194,4119510.026676521],[605764.0295518908,4119509.9313135976],[605764.0438062133,4119509.8340820926],[605764.0484482305,4119509.7359209857],[605764.043433114,4119509.637778233],[605764.0288092953,4119509.5406016144],[605764.0047179989,4119509.445329579],[605763.9713918781,4119509.3528821836],[605763.9291527685,4119509.264152206],[605763.7536896551,4119508.9379102234],[605764.4425946348,4119508.7401599283],[605797.132178794,4119515.0017098114],[605797.2336295161,4119515.015801491],[605797.3359895297,4119515.0194418267],[605804.1284830843,4119514.912887965],[605807.4838307494,4119522.5301317936],[605768.6716119021,4119540.2573632263],[605759.3351805096,4119516.840934367],[605760.2920002894,4119514.7665601564],[605762.6498336007,4119513.5046233847],[605762.7340783612,4119513.454059938],[605762.8129544184,4119513.3954731696],[605762.8857003154,4119513.329428667],[605762.9516137746,4119513.256564014],[605763.0100584783,4119513.177582634],[605763.0604702103,4119513.0932470006],[605763.1023623038,4119513.0043712766],[605763.1353303391,4119512.9118134542],[605764.0058229194,4119510.026676521]],[[605757.316814636,4119512.3357208157],[605756.2803533833,4119510.417863138],[605756.9096698319,4119508.339755306],[605758.8418373852,4119507.309166354],[605760.9372731161,4119507.9405988106],[605761.4066140655,4119508.796301152],[605761.9712459041,4119509.8461321215],[605761.3403929906,4119511.93701386],[605759.416653468,4119512.966619147],[605757.316814636,4119512.3357208157]],[[605808.2902061284,4119524.3605652894],[605811.9658047525,4119532.7031823196],[605793.064228498,4119563.2190219495],[605779.5448027451,4119558.7820401117],[605774.970319176,4119553.6965233264],[605772.2701395688,4119547.25997493],[605772.230767093,4119547.177019072],[605769.5136627591,4119542.0715021766],[605808.2902061284,4119524.3605652894]],[[605844.3410720109,4119557.4829872064],[605844.4223890968,4119557.5100237],[605844.5057223435,4119557.529998947],[605852.5372642901,4119559.09465735],[605857.1321668201,4119560.053613305],[605857.3161978517,4119560.1572593227],[605835.7702456218,4119568.3721725773],[605823.9857394448,4119543.8638361483],[605825.3814034589,4119544.482964411],[605830.988297851,4119549.8917605546],[605831.0570857595,4119549.9522858085],[605831.1311247125,4119550.006260952],[605837.274209549,4119554.067140456],[605837.391087648,4119554.133569932],[605844.2623682328,4119557.449088006],[605844.3410720109,4119557.4829872064]]],[[[605702.6551946781,4119943.447391253],[605702.6532537579,4119948.508237538],[605702.6581718748,4119948.607677566],[605702.6729537472,4119948.706135696],[605702.6974528498,4119948.8026359603],[605705.1782795663,4119956.8674524007],[605705.2063498542,4119956.9466881254],[605705.24097571,4119957.023286371],[605707.8901951825,4119962.2828979064],[605707.9458455836,4119962.379556407],[605708.011913776,4119962.469416447],[605708.0875778828,4119962.551360183],[605715.1099283287,4119969.352874559],[605715.1238901934,4119969.3661391926],[605723.2107151379,4119976.9023027658],[605723.2193478423,4119976.9102535],[605763.2956974447,4120013.38830955],[605763.377503063,4120013.455218721],[605763.4659131524,4120013.5131208156],[605763.559940261,4120013.561369124],[605763.6585342002,4120013.5994247617],[605763.7605937746,4120013.626862685],[605764.2530487158,4120013.7317053014],[605762.8612928854,4120019.5414463105],[605760.6556768407,4120024.957777569],[605760.6429831726,4120024.9905904424],[605758.5213687253,4120030.7753395843],[605756.0267803181,4120037.448594864],[605753.4282654853,4120044.1556503195],[605750.7488212275,4120049.802435627],[605747.5116395047,4120055.1782489875],[605747.4586309696,4120055.2788005644],[605744.7940551147,4120061.115127654],[605744.760528479,4120061.198229773],[605744.7345757762,4120061.2839995506],[605744.7164054064,4120061.371748255],[605743.8691815047,4120066.6428518016],[605743.858150564,4120066.744277901],[605743.8575114766,4120066.8463000893],[605743.8672708946,4120066.9478564234],[605743.8873272327,4120067.047889811],[605745.3246871707,4120072.702822163],[605745.3566187895,4120072.805133681],[605745.3993168637,4120072.9034400866],[605745.4522909091,4120072.996612108],[605745.514932398,4120073.0835794513],[605745.5865217503,4120073.1633431],[605748.9779293942,4120076.5570624187],[605749.0474972546,4120076.6204153495],[605749.1227115585,4120076.6769493166],[605749.2029064128,4120076.72616381],[605753.3272092316,4120078.997301933],[605753.4090119806,4120079.037601796],[605753.4941457595,4120079.0702821943],[605753.5819026154,4120079.0950713647],[605753.6715527826,4120079.111763166],[605753.7623507512,4120079.1202187934],[605758.879424615,4120079.362163635],[605758.9679887617,4120079.3624248942],[605759.05622869,4120079.354849181],[605759.143452274,4120079.3394959164],[605763.966474725,4120078.268397027],[605764.0764043914,4120078.237299002],[605764.1820697257,4120078.1938656517],[605764.2820916242,4120078.1386638535],[605767.9314513417,4120075.843313507],[605767.9996125607,4120075.796397492],[605771.4575547049,4120073.1990430388],[605771.526309849,4120073.142439475],[605771.5897563663,4120073.079943293],[605771.6473910478,4120073.0120501653],[605771.6987567792,4120072.939298568],[605771.7434461672,4120072.8622655105],[605773.1073894756,4120070.2496481384],[605773.1433930733,4120070.1729231416],[605773.1727705714,4120070.093425049],[605775.1741507418,4120063.8794003483],[605778.9098616902,4120052.906531514],[605781.5796283456,4120046.6257876377],[605784.818329128,4120040.259418716],[605789.3934963536,4120033.03623008],[605794.98704804,4120027.91855683],[605801.8940620195,4120023.4695125963],[605801.973068957,4120023.4130102927],[605806.010883215,4120020.217906062],[605811.2678081718,4120017.946109001],[605815.9762037402,4120016.049186028],[605821.5865393674,4120014.602061453],[605826.679440451,4120014.034469601],[605829.5259847066,4120014.8959308276],[605826.9564689529,4120017.740919865],[605828.4407136216,4120019.081448777],[605831.2028943446,4120016.0231394963],[605841.644640878,4120031.807537968],[605841.8103029088,4120034.8125489024],[605843.8072706566,4120034.7024588757],[605843.6266892657,4120031.4268196025],[605843.6152816879,4120031.3216136075],[605843.5928204012,4120031.2182021732],[605843.5595569368,4120031.1177433454],[605843.5158637934,4120031.0213621054],[605843.462230266,4120030.9301377726],[605832.6630481067,4120014.605417208],[605854.4415646833,4119997.1620044718],[605876.116903955,4119979.808623654],[605898.3073200317,4120008.800250007],[605898.3682820265,4120008.8725402206],[605900.7846135349,4120011.477301827],[605902.2508671655,4120010.1171179092],[605899.8667275697,4120007.5470586014],[605877.0864144006,4119977.784735745],[605826.0407973169,4119909.924587689],[605809.5628806312,4119888.013065537],[605809.5017281934,4119887.939376335],[605809.4338078452,4119887.871874147],[605809.3597423972,4119887.8111779485],[605809.2802110085,4119887.757844307],[605805.4667828887,4119885.457308548],[605804.433673808,4119887.169817125],[605806.5858554299,4119888.4681687984],[605804.6724864043,4119889.2975195884],[605733.3727213955,4119909.1860512816],[605733.3376269826,4119909.196536995],[605724.6329384767,4119911.972006082],[605724.5474902386,4119912.0036069024],[605724.4652725968,4119912.042853209],[605716.5765949193,4119916.2599999923],[605716.4668838487,4119916.3281034217],[605711.1838435009,4119920.10090337],[605711.1100698782,4119920.1590057537],[605711.0420717143,4119920.223772135],[605710.9804486467,4119920.294631376],[605706.0569561167,4119926.524205226],[605706.0093000799,4119926.590884836],[605706.0088016688,4119926.5905534127],[605705.3575642915,4119927.5699175503],[605705.3078869566,4119927.653101633],[605705.2664929315,4119927.7407027963],[605703.6832708815,4119931.5600514757],[605703.6500026683,4119931.653043831],[605703.6260698133,4119931.7488643434],[605702.6973956297,4119936.441946457],[605702.680234405,4119936.5750925727],[605702.4567295496,4119940.234008147],[605702.4569235266,4119940.359047434],[605702.6551946781,4119943.447391253]],[[605827.0623174825,4120012.0607600557],[605826.9641241854,4120012.036390552],[605826.863971074,4120012.0220674733],[605826.7628832951,4120012.0179374274],[605826.6618955627,4120012.024042689],[605821.2946097995,4120012.622214068],[605821.1556076052,4120012.647754324],[605815.4133789641,4120014.1288992562],[605815.2894498692,4120014.169653603],[605810.5088609342,4120016.0956619093],[605810.4858589154,4120016.105263894],[605805.919017077,4120018.0788393114],[605805.1208795648,4120016.6777591435],[605805.0693611169,4120016.5966484942],[605805.0102956686,4120016.5208569327],[605804.9442285765,4120016.45108425],[605804.8717698439,4120016.3879746627],[605804.7935884885,4120016.3321108674],[605804.7104063658,4120016.28400866],[605804.6229915036,4120016.244112171],[605785.4000757067,4120008.563923679],[605786.5270977918,4120005.5481055146],[605792.8009142164,4119988.74897822],[605795.6237516035,4119987.891192673],[605795.626420946,4119987.890377459],[605835.9871102165,4119975.5026771333],[605852.4147131633,4119996.2229709653],[605831.1110567142,4120013.286046421],[605827.0623174825,4120012.0607600557]],[[605837.1458201489,4119973.7449133247],[605817.627961812,4119946.38943852],[605817.0507459539,4119945.581906966],[605803.1486266964,4119925.0265130056],[605808.1776389239,4119922.9833201054],[605808.2475813275,4119922.9517249414],[605820.3119447286,4119916.9341905434],[605820.4089846854,4119916.878813341],[605820.4992413667,4119916.8129565315],[605820.5815880634,4119916.7374422327],[605825.143483631,4119912.058743648],[605874.9073796564,4119978.214969113],[605853.9758792396,4119994.9728289675],[605837.1458201489,4119973.7449133247]],[[605716.494455241,4119967.9095527106],[605709.6003941001,4119961.2322932486],[605707.065100353,4119956.1988634495],[605704.6533113399,4119948.3584788092],[605704.6547697432,4119944.5557698584],[605723.1831138011,4119946.995565401],[605723.28635179,4119947.003750852],[605723.3898827251,4119947.0012152204],[605723.4925962285,4119946.9879857018],[605736.9322286961,4119944.5437828507],[605739.0076507279,4119944.765342582],[605738.7906936773,4119947.690926186],[605738.7882452505,4119947.7889643004],[605738.795411501,4119947.8867708007],[605738.8121235076,4119947.9834050364],[605738.8382205432,4119948.077937631],[605738.8734516206,4119948.16945942],[605740.9270079843,4119952.8112980877],[605740.9667901924,4119952.891346457],[605741.0135617444,4119952.9675224866],[605741.0669489182,4119953.039217502],[605741.1265251308,4119953.1058586333],[605747.4870575015,4119959.6105722985],[605747.5225421522,4119959.64510783],[605761.6359848753,4119972.7164609376],[605782.3325987834,4119991.867457002],[605784.5596970634,4120005.099377716],[605783.3869049114,4120008.237672805],[605766.8223615851,4120010.9789255327],[605766.7202613039,4120011.0013602297],[605766.6210609162,4120011.0343309157],[605766.5258444622,4120011.077477294],[605766.4356524468,4120011.13032787],[605765.2637321415,4120011.9020544365],[605764.4417881459,4120011.727064297],[605724.5699423663,4119975.435150498],[605716.494455241,4119967.9095527106]],[[605785.9577684726,4120001.3559855996],[605784.3831534702,4119992.00068186],[605790.31773456,4119989.6814926546],[605785.9577684726,4120001.3559855996]],[[605766.3377698474,4119969.5961768106],[605766.4020088097,4119969.514205789],[605766.4573742306,4119969.4259982905],[605766.5032656225,4119969.3325110036],[605766.5391852524,4119969.2347578816],[605766.5647435398,4119969.1337991445],[605766.5796632821,4119969.0307297795],[605766.5837826616,4119968.9266676665],[605766.5310304116,4119964.7168964013],[605766.7793662102,4119959.4039570284],[605767.7468082396,4119955.9500490623],[605769.2192667648,4119951.3981026555],[605770.8425113593,4119948.311218834],[605772.5053023761,4119946.555340044],[605777.4079656577,4119946.075914557],[605780.6923927265,4119946.774921685],[605783.9960701488,4119948.7833646545],[605787.2664474422,4119951.642460493],[605787.3212085123,4119951.6870243154],[605789.826381928,4119953.582717092],[605789.9041707385,4119953.636006047],[605789.9866328333,4119953.6817314746],[605790.0730350572,4119953.7194868387],[605792.7807502408,4119954.7535571787],[605794.7042577682,4119955.7687328826],[605796.6565182451,4119957.544331678],[605797.7936763236,4119960.1103926552],[605798.3161084311,4119964.9197215023],[605798.6753579262,4119969.3707394996],[605798.159569289,4119973.643431518],[605796.738327088,4119979.475945689],[605794.7863824957,4119982.8665390518],[605794.7375597132,4119982.9630737337],[605794.6994503066,4119983.06431741],[605794.6725002556,4119983.169085266],[605794.6570249458,4119983.276151244],[605794.3972123833,4119986.1736048977],[605791.746347625,4119986.979132516],[605791.6734538792,4119987.005413104],[605791.6731080724,4119987.0045282175],[605783.4815375122,4119990.2057317616],[605763.7853562204,4119971.980456395],[605766.2653540723,4119969.671022306],[605766.3377698474,4119969.5961768106]],[[605740.8037285337,4119947.5892129624],[605741.0737762718,4119943.947721558],[605741.0762698425,4119943.8516366896],[605741.0695271556,4119943.7557562646],[605741.0536105038,4119943.660966075],[605741.0286669334,4119943.5681418427],[605740.9949268859,4119943.4781411258],[605740.9527020695,4119943.391795398],[605740.9023825789,4119943.3099023663],[605740.8444332919,4119943.2332186005],[605740.779389574,4119943.162452545],[605740.707852333,4119943.0982579743],[605740.6304824669,4119943.0412279502],[605740.5479947588,4119942.9918893464],[605740.4611512732,4119942.950697978],[605740.3707543152,4119942.918034393],[605740.277639019,4119942.894200354],[605740.182665632,4119942.8794160523],[605737.3295568195,4119942.5748350983],[605728.4883717926,4119934.433918461],[605725.6097908553,4119931.3095514737],[605725.5410663411,4119931.24182852],[605725.4661350442,4119931.1810439983],[605725.3856945342,4119931.12776378],[605722.8137870823,4119929.597424419],[605722.7176633031,4119929.5470793042],[605722.6166505241,4119929.5074456064],[605722.5119381115,4119929.4789899886],[605708.6227739126,4119926.503213862],[605712.4615943747,4119921.646048868],[605717.5765445839,4119917.9932878413],[605725.3275679667,4119913.849728596],[605733.9277350323,4119911.10758592],[605805.2759310124,4119891.2055447726],[605805.4049437691,4119891.159833125],[605808.4381671307,4119889.845080896],[605823.9270596646,4119910.4414474354],[605819.2677827819,4119915.2200206914],[605807.389257419,4119921.144861696],[605801.9746125822,4119923.344729858],[605800.481249417,4119921.30779444],[605800.41767305,4119921.2296578055],[605800.3465582407,4119921.158313766],[605800.2686266117,4119921.0944862696],[605800.1846689576,4119921.0388229927],[605800.095537221,4119920.9918887666],[605800.0021358471,4119920.954159846],[605799.9054126068,4119920.9260190777],[605799.8063489784,4119920.9077520133],[605799.7059501895,4119920.8995440146],[605799.605235015,4119920.9014783707],[605799.5052254413,4119920.913535453],[605799.406936294,4119920.9355929145],[605761.6407695062,4119931.434248317],[605761.5485654796,4119931.4647758263],[605761.4597578814,4119931.5041042115],[605761.375184479,4119931.551862467],[605761.2956430968,4119931.6076000654],[605761.2218840892,4119931.6707912055],[605761.1546032627,4119931.7408397724],[605761.0944353116,4119931.8170849625],[605761.0419478312,4119931.8988075163],[605760.9976359624,4119931.9852365023],[605760.961917722,4119932.0755565926],[605760.9351300583,4119932.168915751],[605760.9175256732,4119932.2644332726],[605760.9092706377,4119932.3612080924],[605760.9104428256,4119932.4583272836],[605760.9210311795,4119932.5548746716],[605760.9409358137,4119932.6499394756],[605760.9699689576,4119932.7426249],[605761.007856727,4119932.8320565964],[605761.0542417069,4119932.9173909095],[605761.1086863242,4119932.9978228374],[605761.1706769749,4119933.0725936242],[605766.1077058824,4119938.470835397],[605770.3134521252,4119944.8089779173],[605763.2341951571,4119945.7159404415],[605763.4883488541,4119947.699726191],[605769.3821714822,4119946.9446361763],[605769.295512045,4119947.036147055],[605769.2358125085,4119947.1052530995],[605769.1826662191,4119947.179517168],[605769.1365163996,4119947.2583199227],[605767.409140311,4119950.5432280134],[605767.3725777455,4119950.6206304645],[605767.3427689939,4119950.7008763305],[605765.8377726491,4119955.3534098906],[605765.8262924086,4119955.391466812],[605764.8228259262,4119958.9739872855],[605764.7985223335,4119959.084482816],[605764.7868553717,4119959.197016406],[605764.5318282885,4119964.653110289],[605764.5308161847,4119964.7123309313],[605764.5783927259,4119968.5090667354],[605762.3136324965,4119970.618066335],[605748.8997157345,4119958.194588521],[605742.6828802535,4119951.8368290835],[605740.8037285337,4119947.5892129624]],[[605704.4568279659,4119940.2934251316],[605704.6724115604,4119936.7641855986],[605705.5687840973,4119932.2343408],[605707.07681454,4119928.596383585],[605707.29740978,4119928.2646411597],[605721.9322897951,4119931.400188118],[605724.2377012226,4119932.771956705],[605727.0453287704,4119935.8193119867],[605727.1033981843,4119935.877364507],[605734.7405078576,4119942.909574896],[605723.28888303,4119944.9922281327],[605704.6005029546,4119942.5313591924],[605704.4568279659,4119940.2934251316]],[[605798.6210462947,4119980.17858167],[605798.647703021,4119980.0880121053],[605800.116800418,4119974.0591090936],[605800.1380217229,4119973.9422082],[605800.6730081838,4119969.5104851713],[605800.6800198543,4119969.4104359783],[605800.6769744919,4119969.310187635],[605800.3085127032,4119964.745031455],[605800.305905659,4119964.7174880034],[605799.7651637219,4119959.739605213],[605799.7487953508,4119959.637980161],[605799.7220668043,4119959.538576138],[605799.685261287,4119959.442446389],[605799.0706736064,4119958.0555948205],[605799.643496534,4119958.094224649],[605799.7366960311,4119958.096154998],[605799.8296703328,4119958.0893983934],[605799.9216115045,4119958.074013549],[605800.0117205891,4119958.0501341564],[605800.09921455,4119958.017967725],[605800.183333076,4119957.9777937774],[605802.4295648625,4119956.773371712],[605804.8296002094,4119955.872739921],[605807.2724109847,4119955.7257993645],[605807.2938631498,4119955.7242772947],[605809.7633286192,4119955.5223543677],[605809.8605701659,4119955.509577499],[605809.9560924075,4119955.4873363622],[605810.0489764996,4119955.455844899],[605810.1383289746,4119955.4154060315],[605810.2232903361,4119955.3664087476],[605812.0483516809,4119954.191006876],[605812.1303157199,4119954.1321646543],[605812.205933008,4119954.065362435],[605812.274433723,4119953.991280299],[605812.3351204921,4119953.910672441],[605812.3873754937,4119953.8243594896],[605812.4306667446,4119953.733220155],[605813.3734131516,4119951.459024935],[605814.8468909076,4119949.4393224115],[605816.5557055168,4119948.330077139],[605834.7264691767,4119973.797516184],[605796.4618840767,4119985.541869957],[605796.6293923174,4119983.6738026114],[605798.5427782437,4119980.3501869473],[605798.5859671438,4119980.2662337106],[605798.6210462947,4119980.17858167]],[[605809.3508368541,4119953.549408094],[605807.1415892766,4119953.7300535585],[605804.5592031985,4119953.885389883],[605804.4602063545,4119953.8963135816],[605804.3627871455,4119953.917030725],[605804.267911941,4119953.9473358057],[605801.6644542733,4119954.924303393],[605801.5432375232,4119954.979250281],[605799.4914229357,4119956.0794264865],[605797.900355436,4119955.9721286427],[605795.9560727429,4119954.2037857147],[605795.8915188055,4119954.149855559],[605795.8226608196,4119954.10154148],[605795.7499860019,4119954.059185331],[605793.6607728151,4119952.9565546233],[605793.5507838094,4119952.9067474375],[605790.9196353034,4119951.9019177393],[605788.5562152584,4119950.113491326],[605785.2474642633,4119947.2208476486],[605785.1803006389,4119947.1670486024],[605785.1087603621,4119947.1192231006],[605781.5861883851,4119944.9777050233],[605781.4872672729,4119944.9249228598],[605781.3830592114,4119944.883546259],[605781.2748742362,4119944.8540953784],[605777.672875387,4119944.0875011394],[605777.5718113905,4119944.071346971],[605777.4696255481,4119944.065607444],[605777.3673882453,4119944.070342679],[605772.5370207155,4119944.5426984522],[605767.7312678334,4119937.3003340955],[605767.6859737871,4119937.2375005763],[605767.6359523631,4119937.178361258],[605763.745884197,4119932.924886371],[605799.2768537931,4119923.047595726],[605800.8112491982,4119925.140498791],[605815.3928203407,4119946.7005166444],[605813.6032495023,4119947.862183323],[605813.5291323429,4119947.9152482953],[605813.4601552262,4119947.974841935],[605813.3968912999,4119948.0404690653],[605813.3398662395,4119948.1115843733],[605811.6874329182,4119950.376582087],[605811.6233455417,4119950.4763566516],[605811.5715196158,4119950.583016058],[605810.7027650437,4119952.6787201418],[605809.3508368541,4119953.549408094]],[[605787.8825479265,4120031.713141809],[605787.8258108934,4120031.780885498],[605787.7752756671,4120031.8533733534],[605783.1035692882,4120039.228976203],[605783.0570662825,4120039.31064779],[605779.7814611772,4120045.7495601634],[605779.7524506701,4120045.811784263],[605777.0548076803,4120052.1581084463],[605777.0284719353,4120052.227020618],[605773.2781967163,4120063.2426689477],[605773.2729903909,4120063.2583867707],[605771.2951246297,4120069.3994022943],[605770.0753199029,4120071.735923908],[605766.8315684673,4120074.1723938906],[605763.3638369442,4120076.3535049264],[605758.8403539188,4120077.3580819718],[605754.0886438597,4120077.133412216],[605750.2921538528,4120075.0427914327],[605747.195383893,4120071.9439106314],[605745.8766901708,4120066.7558407583],[605746.6695938513,4120061.8226968823],[605749.2543452122,4120056.161212575],[605752.4877092771,4120050.791738994],[605752.5344892968,4120050.7045677393],[605755.2509100877,4120044.979856368],[605755.2799237928,4120044.912426686],[605757.8938547166,4120038.165580587],[605757.8980837022,4120038.154469486],[605760.3958403934,4120031.4727387526],[605760.3979959679,4120031.466917365],[605762.5146209911,4120025.695772281],[605764.7422414768,4120020.2254047175],[605764.768140248,4120020.154192798],[605764.7885724409,4120020.0812242473],[605766.3448176774,4120013.584839196],[605767.3583225881,4120012.917431471],[605784.0091101056,4120010.1619062624],[605803.5561826593,4120017.971606064],[605804.1994708142,4120019.1008579317],[605800.7701507601,4120021.8144634403],[605793.8329082077,4120026.282978933],[605793.7639821069,4120026.3316086284],[605793.699399709,4120026.3858743496],[605787.9450437465,4120031.65067125],[605787.8825479265,4120031.713141809]]],[[[605687.1166900037,4120056.0870927386],[605687.2134723993,4120056.110018679],[605687.312053497,4120056.123217088],[605687.4114580901,4120056.1265574023],[605690.4223164974,4120056.0778968106],[605693.2405441654,4120056.4727152977],[605695.2616160224,4120057.025216981],[605697.5814788884,4120058.6827729424],[605698.2154911655,4120059.216983933],[605696.7801344468,4120060.699718162],[605695.6037554187,4120060.0684540747],[605695.5197718102,4120060.0283041326],[605695.4324186683,4120059.996137489],[605693.5321308252,4120059.3952340316],[605693.4368438395,4120059.370192865],[605693.3395551919,4120059.3546497393],[605692.0812234296,4120059.21676369],[605691.977112832,4120059.210825099],[605691.8729498655,4120059.2157606655],[605691.7698672279,4120059.2315167184],[605690.1506843505,4120059.5662168893],[605688.6827434733,4120059.8695326285],[605688.8850956236,4120060.8488454525],[605688.5801992965,4120059.896459906],[605676.3740770387,4120063.804122991],[605676.9838696929,4120065.708894084],[605689.1394345774,4120061.8174164165],[605690.5554245005,4120061.52483513],[605692.0202125191,4120061.2220498165],[605693.0234079488,4120061.3319784207],[605694.7403692777,4120061.8749109046],[605696.3584641168,4120062.743206868],[605697.9256632599,4120064.3947235313],[605698.9183149608,4120066.2286908985],[605699.2563373842,4120067.655405004],[605699.3480750832,4120069.0056370157],[605699.3619697642,4120069.1170920413],[605699.3882754281,4120069.2262858916],[605699.4266602217,4120069.331841055],[605700.0818338091,4120070.8602549797],[605700.0852643249,4120070.8681635093],[605709.2724029747,4120091.8001119834],[605711.1037714476,4120090.9963150457],[605701.9183650954,4120070.0683134333],[605701.3319390415,4120068.7002763757],[605701.2461390573,4120067.4374380177],[605701.2371749388,4120067.355552367],[605701.2215016397,4120067.27468233],[605700.8338921961,4120065.638672934],[605700.809920748,4120065.5542125753],[605700.7786335332,4120065.472180309],[605700.740271719,4120065.393208455],[605699.6215648064,4120063.326348579],[605699.5764926242,4120063.2511495897],[605699.5250071506,4120063.1801873776],[605699.4675041229,4120063.114007385],[605698.3582139775,4120061.9450358683],[605700.3977296596,4120059.8382009105],[605700.4613756314,4120059.7657708535],[605700.5177501219,4120059.6875478406],[605700.5663290218,4120059.6042591054],[605700.6066606968,4120059.516678977],[605700.6383701863,4120059.425621681],[605700.6611626898,4120059.3319337694],[605700.6748263071,4120059.236486253],[605700.6792340087,4120059.1401664983],[605700.6743448164,4120059.043869984],[605700.6602041846,4120058.9484919705],[605700.6369435777,4120058.8549191803],[605700.6047792479,4120058.764021552],[605700.5640102243,4120058.6766441544],[605700.5150155337,4120058.593599328],[605700.4582506755,4120058.515659134],[605700.3942433886,4120058.443548177],[605700.3235887436,4120058.3779368666],[605698.8396609554,4120057.1275974605],[605698.7766662207,4120057.078678141],[605696.2789821086,4120055.2940678303],[605696.2048911032,4120055.2459269026],[605696.1268398598,4120055.204513989],[605696.0454377267,4120055.1701524006],[605695.9613202123,4120055.1431104],[605693.7062785714,4120054.52664825],[605693.581323323,4120054.500925487],[605690.6227175747,4120054.0864407886],[605690.5454532716,4120054.0786610697],[605690.4678182533,4120054.0769002414],[605688.1341468995,4120054.1146163386],[605687.262112609,4120051.228580297],[605685.3476000604,4120051.8070625365],[605686.4380422257,4120055.4159290968],[605686.4715095503,4120055.5095900227],[605686.5141153932,4120055.5994631164],[605686.5654382791,4120055.684659315],[605686.6249704997,4120055.7643358205],[605686.6921231368,4120055.8377044387],[605686.7662318876,4120055.904039376],[605686.8465636363,4120055.962684418],[605686.9323237068,4120056.0130594233],[605687.0226637233,4120056.0546660605],[605687.1166900037,4120056.0870927386]]],[[[605748.098766011,4120136.9197377944],[605748.6053422703,4120134.984956025],[605732.7117984263,4120130.8236122928],[605732.205222167,4120132.758394062],[605748.098766011,4120136.9197377944]]],[[[605697.5870410937,4120142.0158440163],[605699.7786562556,4120144.8507397524],[605699.8483654489,4120144.9315932095],[605699.926296631,4120145.0045547336],[605700.011561647,4120145.068792808],[605700.1031887615,4120145.123575333],[605700.2001337318,4120145.1682779714],[605703.8290270558,4120146.612045495],[605703.9270338154,4120146.645274827],[605704.0279499626,4120146.668197406],[605704.1306947346,4120146.6805677433],[605704.2341677849,4120146.6822533584],[605707.9272412553,4120146.551177093],[605708.0293868133,4120146.5422920566],[605708.1300856645,4120146.522994382],[605708.2282791963,4120146.493486939],[605712.0076848308,4120145.1429223097],[605712.1069391851,4120145.101303453],[605712.2011458608,4120145.049258681],[605712.2892136099,4120144.987390857],[605712.3701222945,4120144.916416631],[605712.4429347045,4120144.837158136],[605714.5876037463,4120142.2343547796],[605714.6444909666,4120142.158212607],[605714.6938923836,4120142.0770135527],[605714.7353617154,4120141.991491153],[605714.768524337,4120141.9024179988],[605714.788072918,4120141.8293233593],[605717.2395867904,4120141.3797822],[605721.4155839167,4120141.089501396],[605726.002491204,4120141.6294788835],[605728.1098409097,4120142.1826637783],[605729.2320910258,4120142.5919496305],[605729.9173437859,4120140.713006136],[605728.7513766021,4120140.287776621],[605728.6626507537,4120140.260018034],[605726.4427043982,4120139.6772762197],[605726.30571801,4120139.6513645286],[605721.5564911418,4120139.09227854],[605721.4634657471,4120139.0857059425],[605721.3702325937,4120139.0878277863],[605717.0449953622,4120139.388482529],[605716.9339742648,4120139.4024756514],[605714.7308723365,4120139.8064647974],[605715.2629630399,4120138.6051289625],[605717.1532397469,4120137.085842023],[605717.2320945063,4120137.0152808274],[605717.3030517767,4120136.9367822846],[605717.3653170527,4120136.8512253393],[605717.4181931526,4120136.7595679695],[605717.4610880252,4120136.6628364576],[605717.4935213785,4120136.562113903],[605718.6022211305,4120132.370623974],[605718.6216397819,4120132.2806421914],[605718.632701819,4120132.189255997],[605718.6353135043,4120132.09723978],[605718.6294527068,4120132.0053732665],[605718.61516909,4120131.9144349163],[605717.6203750932,4120127.052902054],[605717.5923304628,4120126.9462043424],[605717.5527033331,4120126.8432451584],[605717.501976002,4120126.7452776087],[605715.312516571,4120123.033809251],[605715.2577697947,4120122.950744381],[605715.1950405712,4120122.87353022],[605715.1249497306,4120122.802930955],[605715.0481909607,4120122.739645305],[605714.9655239417,4120122.6842996087],[605714.8777668276,4120122.6374416198],[605714.785788149,4120122.599535092],[605714.6904982172,4120122.570955185],[605708.4273798356,4120121.0274650003],[605708.3408676622,4120121.0101533104],[605708.2531663202,4120121.0005343007],[605708.1649584812,4120120.998682846],[605708.0769307595,4120121.004613357],[605702.9051936037,4120121.5831256527],[605702.8082534013,4120121.59882137],[605702.7133201344,4120121.6239497056],[605702.6213093168,4120121.6582683274],[605702.5331082783,4120121.701446275],[605702.4495676084,4120121.7530671516],[605698.1888397133,4120124.6843297915],[605698.1131162972,4120124.7419181117],[605698.0432079438,4120124.8064415385],[605697.9797473554,4120124.8773161047],[605697.9233088791,4120124.953900364],[605697.8744033084,4120125.0355011947],[605697.8334732606,4120125.1213800726],[605697.8008891714,4120125.2107597543],[605696.3306099426,4120129.930318259],[605696.3034312472,4120130.0384637746],[605696.2884619046,4120130.148962883],[605696.2858880457,4120130.2604416218],[605696.4140661192,4120134.1789936638],[605696.4218419096,4120134.274953766],[605696.4388094773,4120134.369721407],[605696.4648115529,4120134.462418204],[605697.0033438826,4120136.0786406277],[605697.2027759836,4120137.3252396933],[605678.508382248,4120146.5094218915],[605679.3902651374,4120148.304493637],[605697.3390349061,4120139.4866215987],[605697.3783953737,4120141.4245260144],[605697.3861933646,4120141.530490172],[605697.405190206,4120141.6350288317],[605697.4351714383,4120141.7369618346],[605697.4757985972,4120141.835138438],[605697.526613034,4120141.928450304],[605697.5870410937,4120142.0158440163]],[[605713.8035973962,4120124.412224412],[605715.6944741373,4120127.6175494767],[605716.6087856008,4120132.0857662535],[605715.64407841,4120135.7328857435],[605713.8205874139,4120137.198494479],[605713.74921358,4120137.2616900546],[605713.684181684,4120137.3313948424],[605713.6260827293,4120137.4069753718],[605713.5754447139,4120137.4877447737],[605713.532727831,4120137.572969024],[605712.6285544721,4120139.6143801026],[605712.5931681679,4120139.7062379527],[605712.5669846622,4120139.801129887],[605712.5502576748,4120139.8981363974],[605712.543149291,4120139.996317485],[605712.5457283914,4120140.0947217704],[605712.5579699845,4120140.1923957104],[605712.7312250467,4120141.1785078184],[605712.7540816421,4120141.314477974],[605711.0748644762,4120143.35240177],[605707.701308443,4120144.557936686],[605704.3731724274,4120144.6760604233],[605701.1936444548,4120143.4110744298],[605699.3712782927,4120141.053809271],[605699.306747199,4120137.8766343296],[605699.2996822287,4120137.7765687536],[605699.2932275763,4120137.739155904],[605699.2943969669,4120137.7389688236],[605698.9653278803,4120135.6820421107],[605698.9491900539,4120135.6021799585],[605698.9266043183,4120135.523896644],[605698.4082407634,4120133.9682039684],[605698.2903417455,4120130.3638945553],[605699.6074696159,4120126.135947971],[605703.3766398845,4120123.5428633476],[605708.1220022283,4120123.012045485],[605713.8035973962,4120124.412224412]]],[[[605690.8365970419,4120389.544277546],[605702.1631939141,4120413.3716349145],[605699.6300270262,4120414.574751933],[605700.4880607885,4120416.3813448763],[605703.0163731534,4120415.180533493],[605714.6356324446,4120440.0089217722],[605714.6419590163,4120440.020865722],[605714.641440347,4120440.0211170455],[605737.9409348398,4120488.1054662876],[605737.988333115,4120488.192102131],[605738.0440454733,4120488.273640459],[605738.1075285876,4120488.3492860803],[605738.1781633471,4120488.4183012713],[605738.2552608958,4120488.4800129705],[605738.3380693505,4120488.5338193425],[605738.4257811325,4120488.5791956484],[605769.3401086136,4120502.6831943016],[605769.4358980448,4120502.7210652474],[605769.5350750035,4120502.7488816907],[605769.6365872397,4120502.7663485045],[605769.7393577264,4120502.7732803687],[605769.8422960868,4120502.769603737],[605790.3620861702,4120500.975182199],[605790.4571952577,4120500.962240879],[605790.5506254672,4120500.9402406006],[605790.6415160059,4120500.9093840574],[605792.4428483057,4120500.199720904],[605791.7097568833,4120498.338920817],[605790.0433678885,4120498.9954209356],[605769.930541607,4120500.7542541656],[605739.5836787676,4120486.9091490805],[605716.8787557763,4120440.051847221],[605753.80312517,4120422.307999485],[605755.7745076201,4120423.844241848],[605757.0038566603,4120422.266680142],[605755.8107557117,4120421.336930453],[605791.7311925195,4120403.9188859053],[605792.7338146921,4120406.0326888165],[605794.5408445946,4120405.1755756787],[605793.5326701925,4120403.050067143],[605828.6372563099,4120386.212947788],[605828.3908935611,4120388.747485652],[605828.3871300826,4120388.8011734956],[605827.2222426599,4120415.829729648],[605820.134175776,4120419.1169666117],[605820.0495672517,4120419.161230943],[605819.9695663414,4120419.213363349],[605819.8949024881,4120419.2728884905],[605819.8262564719,4120419.3392636203],[605819.7642542027,4120419.4118835353],[605819.7094610129,4120419.490086091],[605819.6623765032,4120419.5731582427],[605819.6234299871,4120419.660342544],[605819.5929765763,4120419.750844053],[605819.5712939429,4120419.8438375844],[605819.5585797877,4120419.9384752284],[605819.5549500377,4120420.033894086],[605819.5604377886,4120420.1292241337],[605819.5749930035,4120420.2235961584],[605819.5984829688,4120420.3161496837],[605819.6306935046,4120420.406040811],[605825.6709724691,4120435.024195861],[605818.7759275641,4120438.218353366],[605818.6871182764,4120438.2650419557],[605818.6034345614,4120438.3203949127],[605818.5257188559,4120438.383855004],[605818.4547535174,4120438.454783381],[605818.3912529476,4120438.5324660153],[605818.3358564016,4120438.616120882],[605818.2891215513,4120438.7049058345],[605818.2515188727,4120438.797927082],[605818.2234269086,4120438.894248189],[605818.2051284584,4120438.9928994975],[605818.1968077312,4120439.0928878943],[605818.1985484908,4120439.193206805],[605818.2103332132,4120439.2928463267],[605818.2320432626,4120439.3908033976],[605818.2634600858,4120439.4860918922],[605818.3042674124,4120439.5777525497],[605825.4237872,4120453.6267717564],[605823.9886049619,4120485.967561597],[605792.3498693319,4120499.792878164],[605793.1506983769,4120501.625546394],[605825.3604117754,4120487.5507271765],[605825.4510392457,4120487.5055289646],[605825.5366304829,4120487.451396194],[605825.6163076448,4120487.388884062],[605825.6892535449,4120487.318633707],[605825.7547200345,4120487.241365631],[605825.812035675,4120487.1578723136],[605825.8606126248,4120487.0690100794],[605825.899952668,4120486.9756903183],[605825.9296523249,4120486.878870139],[605825.949406989,4120486.77954255],[605825.9590140526,4120486.678726276],[605827.4334576584,4120453.4532100186],[605827.4327401211,4120453.3505794415],[605827.4215069485,4120453.2485629427],[605827.3998764658,4120453.148235118],[605827.3680765185,4120453.050652776],[605827.3264420733,4120452.956843804],[605820.5565114748,4120439.597672421],[605827.381703637,4120436.435874482],[605827.4663539113,4120436.3916327097],[605827.546397148,4120436.3395166504],[605827.6211031125,4120436.2800017595],[605827.6897902617,4120436.213630991],[605827.7518319626,4120436.1410098462],[605827.8066622087,4120436.0628008475],[605827.8537807834,4120435.979717496],[605827.8927578237,4120435.8925177613],[605827.9232377419,4120435.801997167],[605827.9449424699,4120435.708981533],[605827.957673995,4120435.6143194414],[605827.9613161678,4120435.5188744944],[605827.9558357606,4120435.4235174363],[605827.9412827711,4120435.3291182104],[605827.9177899663,4120435.2365380204],[605827.8855716713,4120435.146621477],[605821.8451369054,4120420.5280893706],[605828.6158355,4120417.3880384853],[605828.7037908733,4120417.3418054734],[605828.7867237023,4120417.2870717095],[605828.863815138,4120417.224377614],[605828.9343040074,4120417.1543422057],[605828.9974943289,4120417.07765699],[605829.0527621841,4120416.995079128],[605829.099561878,4120416.9074239642],[605829.1374313274,4120416.815556974],[605829.1659966231,4120416.7203852194],[605829.1849757215,4120416.6228483906],[605829.19418123,4120416.5239095325],[605830.3841160812,4120388.9141849233],[605830.799485583,4120384.6409344636],[605831.1564209306,4120380.961310164],[605831.1610825879,4120380.8692786456],[605831.1572528004,4120380.7772087585],[605831.1449640889,4120380.6858823164],[605831.1243208033,4120380.5960748214],[605831.095498237,4120380.508548876],[605831.0587411375,4120380.42404771],[605820.6127379197,4120359.147504128],[605822.9926511663,4120358.0150293517],[605822.1332895627,4120356.209067659],[605819.7380334772,4120357.3488432807],[605807.9962489129,4120332.9676425112],[605810.3086813145,4120331.8550849427],[605809.4415789327,4120330.052827065],[605806.2276724345,4120331.5991018866],[605806.2261182865,4120331.59985127],[605799.8999331605,4120334.6569585833],[605786.4155933652,4120328.2298783306],[605785.5035661831,4120322.315441036],[605785.4844089039,4120322.2214159365],[605785.4563278584,4120322.129659871],[605785.419581609,4120322.0410177037],[605785.3745085049,4120321.956305627],[605785.3215235667,4120321.8763036453],[605785.2611146648,4120321.8017483954],[605785.1938380277,4120321.7333263615],[605785.1203131197,4120321.6716675535],[605785.0412169376,4120321.617339709],[605784.9572777771,4120321.5708430638],[605775.1736503802,4120316.7495974433],[605777.6745285189,4120315.5428585606],[605776.8053701264,4120313.7415913157],[605772.458205488,4120315.8392115543],[605766.3524086514,4120318.775176836],[605753.0735263769,4120312.269607071],[605751.0364201964,4120305.3196249856],[605751.00376528,4120305.225770406],[605750.961956491,4120305.1356202485],[605750.9114066919,4120305.050064749],[605750.8526150635,4120304.9699487695],[605750.7861621748,4120304.896063458],[605750.7127042494,4120304.8291384336],[605750.6329666865,4120304.769834582],[605750.5477368964,4120304.718737532],[605750.4578565256,4120304.676351866],[605739.5998368388,4120300.201096456],[605739.511539606,4120300.169461309],[605739.4206668565,4120300.1462378893],[605739.3280180143,4120300.1316304975],[605739.2344081285,4120300.125767638],[605739.1406607025,4120300.1287008864],[605739.0476004495,4120300.1404044395],[605738.9560460377,4120300.1607753388],[605738.8668028882,4120300.189634377],[605738.7806560893,4120300.2267276766],[605704.3821463508,4120316.9919856247],[605666.334616451,4120335.3426270583],[605666.2461816584,4120335.390915732],[605666.1630551547,4120335.447858623],[605666.0860808827,4120335.5128776203],[605666.0160403242,4120335.5853126165],[605665.9536445666,4120335.6644282155],[605665.8995270834,4120335.7494211947],[605665.8542373028,4120335.8394286623],[605665.8182350295,4120335.9335368173],[605665.7918857771,4120336.0307902256],[605665.7754570566,4120336.1302015213],[605665.7691156606,4120336.2307614298],[605665.7389763179,4120338.627150412],[605665.7423610131,4120338.7228862112],[605665.7548907212,4120338.8178588697],[605665.7764504597,4120338.9111968423],[605665.8068423794,4120339.002043585],[605665.8457875794,4120339.0895654154],[605677.2056141781,4120361.643346899],[605674.630126995,4120362.8881018218],[605675.5004281092,4120364.6888172273],[605678.0945467195,4120363.4350575767],[605689.9683680203,4120387.7425542194],[605687.2814686546,4120389.046200466],[605688.1545075198,4120390.8455901234],[605690.8365970419,4120389.544277546]],[[605728.1687448176,4120369.2980799978],[605691.7686173468,4120386.8712590323],[605679.8961394483,4120362.5665125363],[605716.5787204794,4120344.925788996],[605722.3283505279,4120357.0338924015],[605722.3288259462,4120357.034892153],[605728.1687448176,4120369.2980799978]],[[605703.9693019529,4120412.5125808083],[605692.6368758788,4120388.6729607563],[605729.0280142837,4120371.1041214447],[605740.4509635447,4120395.1352423197],[605703.9693019529,4120412.5125808083]],[[605704.8225196574,4120414.3214692017],[605741.309877933,4120396.9414172075],[605752.5978375066,4120420.668254856],[605716.0188503142,4120438.2461306523],[605704.8225196574,4120414.3214692017]],[[605790.8750694048,4120402.111293637],[605754.3989854611,4120419.798774957],[605743.1154502304,4120396.081237219],[605779.7649651631,4120378.6186518935],[605790.8750694048,4120402.111293637]],[[605749.1731507838,4120361.3772312216],[605767.2436586387,4120352.6525012683],[605778.9028321484,4120376.8140104194],[605742.2565362419,4120394.275061966],[605730.8291383274,4120370.2345821997],[605739.7901198434,4120365.9084552703],[605749.1731507838,4120361.3772312216]],[[605817.9323551027,4120358.2088435194],[605780.708296415,4120375.9535495867],[605769.0446397004,4120351.782749812],[605800.3378748943,4120336.666610168],[605806.1947398992,4120333.836300209],[605817.9323551027,4120358.2088435194]],[[605743.1229149116,4120346.7069001207],[605743.1216011152,4120346.704517036],[605743.1217181954,4120346.704459432],[605737.3376526886,4120334.948374464],[605766.7817097718,4120320.7879509935],[605772.8868046683,4120317.8523232387],[605783.606265245,4120323.134735402],[605784.5195636707,4120329.0574166295],[605784.5390441275,4120329.152709265],[605784.5676899615,4120329.2456586636],[605784.6052301786,4120329.3353855084],[605784.6513096414,4120329.4210409676],[605784.7054924306,4120329.5018147253],[605784.7672659672,4120329.576942648],[605784.8360458629,4120329.6457140115],[605784.9111814478,4120329.707478228],[605784.9919619262,4120329.7616509967],[605785.0776231007,4120329.8077198337],[605797.5913782688,4120335.772187501],[605767.2747150545,4120350.416595868],[605749.1998335747,4120359.143437477],[605743.1229149116,4120346.7069001207]],[[605751.7978908311,4120313.8717734558],[605764.058367818,4120319.878407655],[605735.5617252373,4120333.5831946074],[605726.0631847418,4120338.1461368394],[605717.5224019218,4120342.2527881484],[605706.1472037262,4120318.356623902],[605739.2530579634,4120302.221384611],[605749.2521245042,4120306.342612784],[605751.278220081,4120313.2550300634],[605751.3125160668,4120313.3529145983],[605751.35676639,4120313.4467202784],[605751.4104950237,4120313.5354379807],[605751.4731239767,4120313.6181133157],[605751.5439795121,4120313.6938568954],[605751.6222993946,4120313.7618539007],[605751.7072410905,4120313.821372848],[605751.7978908311,4120313.8717734558]],[[605667.7418901223,4120338.4080493688],[605667.7611705314,4120336.875057743],[605704.3475130455,4120319.229159189],[605715.719950934,4120343.119523808],[605679.0074346042,4120360.7746432894],[605667.7418901223,4120338.4080493688]],[[605723.6979924572,4120355.2556867176],[605718.3811792141,4120344.0590490224],[605726.0397024377,4120340.376613163],[605731.4996905398,4120351.371400948],[605723.6979924572,4120355.2556867176]],[[605724.5570188684,4120357.06216956],[605732.3874529626,4120353.1635767925],[605738.0117675425,4120364.5461229617],[605729.9698613461,4120368.428544424],[605724.5570188684,4120357.06216956]],[[605747.3987868853,4120360.01310289],[605739.8128847209,4120363.676463116],[605734.1777218699,4120352.2719621034],[605741.7683787356,4120348.49035836],[605747.3987868853,4120360.01310289]],[[605740.8878840188,4120346.694560591],[605733.2899513217,4120350.4797891267],[605727.8424745045,4120339.510195338],[605735.534993249,4120335.8148361756],[605740.8878840188,4120346.694560591]],[[605818.8069434122,4120360.007546915],[605829.138361946,4120381.05070305],[605828.8632912674,4120383.886389721],[605792.6765873997,4120401.242522337],[605781.5704161379,4120377.7581969947],[605818.8069434122,4120360.007546915]]],[[[605712.4576841758,4120690.129751213],[605731.6688227536,4120681.0449219565],[605738.2491092178,4120695.7612184],[605713.754153397,4120706.7720248965],[605714.574144248,4120708.596200054],[605739.0749625453,4120697.582758297],[605754.2851471409,4120730.6706018555],[605756.2194502972,4120743.6833989383],[605755.4086165656,4120755.0369310137],[605755.4068356364,4120755.1471344675],[605755.4171934532,4120755.256864539],[605756.1350675921,4120760.03092243],[605756.4128370029,4120762.4580604285],[605756.4265421684,4120762.5442910586],[605756.4477169663,4120762.6289974987],[605756.4761999693,4120762.7115339856],[605756.5117740359,4120762.7912712973],[605757.2144626183,4120764.197834289],[605746.285422194,4120768.8664838374],[605745.4336208095,4120769.2209794964],[605745.0365778115,4120768.074454583],[605744.9991643945,4120767.9817013843],[605744.9526730317,4120767.8931492926],[605744.8975687727,4120767.809684088],[605744.8344028208,4120767.7321406663],[605744.7638070199,4120767.6612946885],[605744.6864875344,4120767.59785482],[605744.6032177847,4120767.5424556457],[605744.5148307114,4120767.495651319],[605744.4222104435,4120767.45791002],[605744.3262834538,4120767.429609271],[605744.2280092926,4120767.411032163],[605744.1283709882,4120767.402364521],[605744.0283652147,4120767.4036930464],[605743.9289923217,4120767.415004451],[605743.8312463284,4120767.4361855863],[605743.7361049801,4120767.4670245806],[605743.644519968,4120767.5072129527],[605738.4477590543,4120770.104876174],[605739.3419887166,4120771.893829307],[605743.5195539221,4120769.8056232748],[605743.8915633173,4120770.879859671],[605743.9272754459,4120770.9689169405],[605743.9713584573,4120771.054141593],[605744.0234064987,4120771.1347490046],[605744.0829403871,4120771.2099970574],[605744.1494120206,4120771.279192977],[605744.2222094244,4120771.341699708],[605744.3006623855,4120771.3969417773],[605744.3840486225,4120771.444410597],[605744.4716004354,4120771.4836691422],[605744.562511774,4120771.514355978],[605744.6559456581,4120771.5361885834],[605744.7510418836,4120771.548965956],[605744.8469249421,4120771.55257046],[605744.942712081,4120771.54696891],[605745.0375214311,4120771.5322128776],[605745.130480125,4120771.5084382147],[605745.2207323333,4120771.4758638036],[605747.0581880641,4120770.711166667],[605747.0667987954,4120770.70753583],[605758.9762498019,4120765.6200760985],[605759.0625048457,4120765.5782326804],[605759.1443566506,4120765.5283218976],[605759.221052933,4120765.47080247],[605759.2918887922,4120765.406203049],[605759.3562131897,4120765.335117353],[605759.4134349326,4120765.2581987185],[605759.463028107,4120765.1761540887],[605759.5045369117,4120765.08973752],[605759.5375798476,4120764.99974325],[605759.5618532234,4120764.9069983987],[605759.5771339472,4120764.8123553656],[605759.583281577,4120764.7166839964],[605759.580239611,4120764.620863588],[605759.5680360075,4120764.525774807],[605759.5467829272,4120764.4322915957],[605759.5166757032,4120764.3412731397],[605759.477991045,4120764.2535559726],[605758.3798010547,4120762.055322734],[605758.120090347,4120759.7859809604],[605758.1154579778,4120759.750983899],[605757.4114230169,4120755.068960299],[605758.2221959702,4120743.716279257],[605758.2240093924,4120743.606918123],[605758.2138683663,4120743.4980130927],[605756.2424423168,4120730.2354761106],[605756.2241698132,4120730.142857127],[605756.1972448545,4120730.0523739397],[605756.1619074002,4120729.96483295],[605740.480164502,4120695.851173613],[605733.0776493746,4120679.2960270196],[605733.0325842565,4120679.2073600353],[605732.9789339586,4120679.123608351],[605732.917229227,4120679.045600498],[605732.8480804883,4120678.9741081847],[605732.7721718099,4120678.9098386616],[605732.6902541337,4120678.853427729],[605732.6031378465,4120678.805433443],[605732.5116847634,4120678.766330596],[605732.4167996024,4120678.736506021],[605732.319421034,4120678.7162547647],[605732.2205123947,4120678.705777165],[605732.1210521581,4120678.7051768745],[605732.0220242543,4120678.7144598314],[605731.9244083366,4120678.7335342024],[605731.82917009,4120678.7622112907],[605731.7372516776,4120678.800207402],[605710.9839038876,4120688.6143379076],[605710.8957559293,4120688.661553053],[605710.8127641333,4120688.717335616],[605710.7357583622,4120688.7811278077],[605710.6655086223,4120688.8522917493],[605710.6027173642,4120688.9301158483],[605710.5480124584,4120689.013821916],[605710.5019409176,4120689.1025729477],[605710.4649634263,4120689.1954814927],[605710.4374497349,4120689.2916185264],[605710.4196749618,4120689.3900227435],[605710.411816843,4120689.4897101675],[605710.4139539544,4120689.5896839905],[605710.549770245,4120691.488835841],[605710.5551798125,4120691.5434028655],[605710.8727180274,4120694.045499777],[605708.7678150838,4120696.142239125],[605710.1792782309,4120697.5591977644],[605712.6323662609,4120695.115623721],[605712.7005265974,4120695.040462103],[605712.7607196394,4120694.9587804163],[605712.812325693,4120694.871419581],[605712.8548134689,4120694.7792789866],[605712.8877455512,4120694.683307229],[605712.9107829008,4120694.5844923477],[605712.9236883458,4120694.483851651],[605712.9263290234,4120694.382421246],[605712.9186777476,4120694.281245368],[605712.5427190372,4120691.318814127],[605712.4576841758,4120690.129751213]]],[[[605723.2671360188,4120729.754491873],[605734.8635344291,4120724.163729796],[605733.9949812586,4120722.3621706413],[605722.3985828484,4120727.952932718],[605723.2671360188,4120729.754491873]]],[[[605861.5197740912,4119321.512120301],[605861.5469767044,4119321.417680621],[605861.564777685,4119321.321026804],[605861.5730050963,4119321.223092413],[605861.5715794712,4119321.1248233803],[605861.5605145794,4119321.0271688695],[605861.5399172951,4119320.9310721103],[605861.509986564,4119320.8374612853],[605858.5220660822,4119312.8660868555],[605856.6493038662,4119313.5680567147],[605859.2854286976,4119320.6008871407],[605851.6031210857,4119323.460259043],[605833.9405762204,4119330.017409603],[605834.6366485895,4119331.8923718045],[605851.3637685418,4119325.6824940774],[605856.3928341178,4119339.1556104147],[605839.8724803483,4119345.418376101],[605840.5814349715,4119347.2885053325],[605858.0320921545,4119340.6730672773],[605858.0490193012,4119340.6664738394],[605911.7881074805,4119319.16991325],[605931.5504447982,4119312.1578564947],[605930.8816577656,4119310.272989416],[605911.1006768736,4119317.2916612695],[605911.0636659316,4119317.305623631],[605858.2565434014,4119338.4293819135],[605853.2384394207,4119324.985632234],[605860.9224290537,4119322.1256346153],[605861.0127394554,4119322.086867792],[605861.0988083343,4119322.039423263],[605861.1798043652,4119321.983759287],[605861.2549452205,4119321.9204135127],[605861.3235051275,4119321.8499977873],[605861.3848218769,4119321.773192244],[605861.4383032207,4119321.6907387353],[605861.4834325911,4119321.603433666],[605861.5197740912,4119321.512120301]]],[[[605872.6300304561,4119389.9808839164],[605858.6225044006,4119395.219283798],[605815.2892138024,4119411.406480624],[605815.2362718014,4119411.4280003556],[605811.9522942215,4119412.873535355],[605811.9486868083,4119412.8751317607],[605807.9951857727,4119414.6340266666],[605808.8081509478,4119416.461343723],[605812.7598498599,4119414.7032505735],[605816.0158587322,4119413.2700267867],[605859.3225428922,4119397.0927688237],[605872.3296233012,4119392.228506056],[605875.1907568232,4119401.7639782075],[605877.1063821947,4119401.189191781],[605874.2084327212,4119391.531020889],[605929.6022634528,4119371.1384449634],[605928.9113204599,4119369.2615864766],[605872.6348367684,4119389.9791005272],[605872.6349175554,4119389.979319975],[605872.6300304561,4119389.9808839164]]],[[[605791.5719583434,4119404.7983822604],[605789.580833431,4119404.6101760347],[605789.1303702088,4119409.375844863],[605791.1214951212,4119409.5640510884],[605791.5719583434,4119404.7983822604]]],[[[605759.6790858073,4119474.7267051544],[605755.0266503474,4119471.875319436],[605757.7639336832,4119466.056104024],[605755.9541559984,4119465.2048081104],[605752.8357083689,4119471.8343441435],[605752.7986127241,4119471.9243356897],[605752.7704419728,4119472.017507435],[605752.7514630205,4119472.1129766162],[605752.7418556847,4119472.2098387056],[605752.7417109907,4119472.3071759767],[605752.7510303094,4119472.4040662013],[605752.7697253441,4119472.499591386],[605752.797618968,4119472.592846472],[605752.8344469006,4119472.682947907],[605752.8798602136,4119472.76904202],[605752.9334286354,4119472.850313106],[605752.9946446285,4119472.9259911575],[605753.0629281981,4119472.995359157],[605753.137632387,4119473.057759874],[605753.2180494055,4119473.1126020877],[605758.165055819,4119476.1445245203],[605758.2053138716,4119478.779793807],[605759.8903140917,4119478.7540526697],[605761.1674461891,4119479.3098983173],[605762.1697938602,4119477.006866191],[605763.9772491544,4119474.1374386777],[605765.6460590215,4119471.8368050284],[605766.6078271533,4119470.675489041],[605765.0674809904,4119469.3998191394],[605764.0852525806,4119470.5858405074],[605764.0459574432,4119470.636511765],[605762.3390954552,4119472.98960435],[605762.302434384,4119473.0437903474],[605760.4370546144,4119476.005175921],[605760.3991202265,4119476.0707871513],[605760.366263769,4119476.1390828653],[605760.1720239056,4119476.585375762],[605760.1564213341,4119475.564040287],[605760.1498355985,4119475.4637301783],[605760.1332121042,4119475.3645881126],[605760.1067188397,4119475.2676159684],[605760.0706235325,4119475.1737936973],[605760.0252909433,4119475.0840694187],[605759.9711791801,4119474.999349841],[605759.9088350688,4119474.9204910966],[605759.8388886271,4119474.848290092],[605759.7620466982,4119474.7834764533],[605759.6790858073,4119474.7267051544]]],[[[605789.339835968,4119474.996790348],[605788.6104213214,4119472.3134391364],[605788.5911097238,4119472.250627326],[605788.0432129615,4119470.656982689],[605786.1518694706,4119471.3072286416],[605786.6890779807,4119472.8697848013],[605787.3367556916,4119475.252444347],[605786.5007299,4119478.179173505],[605785.3341214501,4119481.6370422347],[605782.7962009889,4119487.3319585193],[605784.6230080709,4119488.146069007],[605787.1800419125,4119482.408263631],[605787.2141657018,4119482.320883157],[605788.4033213671,4119478.796183683],[605788.4173338243,4119478.7511745957],[605789.3363924124,4119475.5337671963],[605789.357301277,4119475.445634744],[605789.3701496321,4119475.3559718784],[605789.3748320632,4119475.2655142387],[605789.3713101533,4119475.175003986],[605789.3596127979,4119475.0851837117],[605789.339835968,4119474.996790348]]],[[[605781.6807579766,4120097.628787017],[605781.6161294375,4120097.705596054],[605781.5595270129,4120097.7884974517],[605781.5115210557,4120097.8766558566],[605781.4725952969,4120097.969182942],[605780.5349405269,4120100.5538771],[605780.5068301539,4120100.6445875443],[605780.4874512474,4120100.737555473],[605780.4769785777,4120100.831942448],[605780.4755065935,4120100.9268972324],[605780.5583017495,4120103.5133424145],[605780.5679660493,4120103.623646508],[605780.589765976,4120103.732205962],[605780.6234342537,4120103.8376897937],[605781.5945720308,4120106.384084901],[605778.0358980882,4120108.3611589777],[605777.9484450094,4120108.415828912],[605777.8670879286,4120108.4792155675],[605777.7926922282,4120108.55064471],[605777.7260492436,4120108.6293565603],[605777.6678678459,4120108.7145138714],[605777.6187669012,4120108.805210839],[605773.3622958404,4120117.7395066703],[605775.1678564646,4120118.599710618],[605779.2867709618,4120109.9541448206],[605783.3233627267,4120107.711556411],[605789.5076833395,4120104.2716886317],[605788.5355047502,4120102.523870337],[605783.3606374338,4120105.4022560497],[605782.551911603,4120103.2817170825],[605782.4806360245,4120101.055133001],[605783.2652404147,4120098.892330178],[605784.8731704201,4120097.4801601283],[605786.5945012699,4120096.5942715886],[605785.6792883818,4120094.815961894],[605783.8483217148,4120095.758274865],[605783.7429494406,4120095.8209583196],[605783.646040162,4120095.8960657315],[605781.7527614023,4120097.558844305],[605781.6807579766,4120097.628787017]]],[[[605826.4247240227,4120124.944192884],[605824.4250091101,4120124.977960738],[605824.5506121673,4120132.416109072],[605824.0828556257,4120135.3902975954],[605822.9486225051,4120137.9517657855],[605822.9300175352,4120137.996703064],[605821.9295099229,4120140.589969213],[605821.1772401256,4120142.0838090368],[605820.5124178921,4120141.7744005295],[605820.4306862082,4120141.7406739336],[605820.3462949089,4120141.714298566],[605820.2599037274,4120141.695480617],[605820.1721880315,4120141.6843671976],[605820.0838335428,4120141.681045187],[605817.7764980078,4120141.6963705346],[605817.6859292437,4120141.701084646],[605817.5961600295,4120141.7139847265],[605817.5079287103,4120141.7349646743],[605817.421960982,4120141.7638519304],[605817.3389639225,4120141.8004089],[605817.0152862726,4120141.9608771177],[605815.7717762166,4120140.6612393865],[605815.6865326038,4120140.581950417],[605815.59265162,4120140.513105845],[605814.3339840635,4120139.6983315866],[605814.2476216137,4120139.648356465],[605814.156708783,4120139.607236607],[605814.0621506986,4120139.575381401],[605813.9648887794,4120139.553107996],[605811.4680922386,4120139.1111069266],[605811.1194584187,4120141.0804861337],[605813.4170152216,4120141.4872163367],[605814.4075980966,4120142.1284511276],[605815.1434559332,4120142.897523002],[605815.1278388526,4120142.907975633],[605815.0585064364,4120142.9639215097],[605814.9944284018,4120143.025816021],[605814.9361133312,4120143.0931679145],[605813.5113890207,4120144.894994052],[605813.4583356223,4120144.968743393],[605813.4121943387,4120145.0470032827],[605813.3733460031,4120145.1291277925],[605813.3421112549,4120145.2144390983],[605813.3187478944,4120145.3022330715],[605812.8290296806,4120147.548584486],[605812.8138982556,4120147.636795737],[605812.8067143993,4120147.7260065945],[605812.8075356557,4120147.8155024624],[605812.8163554466,4120147.9045664626],[605812.8331031236,4120147.992485176],[605813.3639687297,4120150.229497258],[605813.388664084,4120150.316026701],[605813.4210378779,4120150.399985872],[605813.4608279741,4120150.480694938],[605813.5077121841,4120150.5575003796],[605813.5613108769,4120150.629780288],[605815.0118818965,4120152.4123367234],[605815.0722452973,4120152.4800017844],[605815.1384898836,4120152.541920726],[605815.2100709729,4120152.597584433],[605815.2864000037,4120152.646535221],[605815.3668493759,4120152.688370602],[605816.4419355752,4120153.186879899],[605815.347948845,4120154.9835062986],[605815.3388068984,4120154.9988258583],[605813.3437663895,4120158.410801867],[605812.4660385073,4120159.5963459252],[605810.7305703982,4120158.381026464],[605809.5833341634,4120160.019272179],[605811.273852371,4120161.2031139713],[605809.9492736582,4120162.9846286695],[605803.8392807427,4120166.1500220764],[605784.8050922825,4120176.0191037212],[605776.1768470359,4120180.4932031306],[605777.0975129023,4120182.2686958406],[605785.7257089955,4120177.7946219184],[605804.7594334927,4120167.9257807718],[605811.0741186981,4120164.654342786],[605811.1526453586,4120164.609032093],[605811.2267455847,4120164.5567955947],[605811.2958103103,4120164.4980626483],[605811.3592718579,4120164.4333160096],[605811.4166086055,4120164.3630878623],[605813.4927020791,4120161.570810588],[605813.4939141367,4120161.5691769435],[605814.9833957215,4120159.557339245],[605815.0429502568,4120159.467071951],[605817.0608213707,4120156.016050381],[605818.4425367393,4120153.746894605],[605820.1835311726,4120153.735201677],[605820.2733101926,4120153.7305576894],[605820.3623093547,4120153.717869577],[605820.449809382,4120153.697239883],[605820.5351031134,4120153.668835333],[605820.6175012186,4120153.6328854887],[605822.688987996,4120152.615936743],[605822.7672886357,4120152.5730577568],[605822.8414531598,4120152.5233665],[605822.9108905067,4120152.4672589917],[605822.9750472887,4120152.405182386],[605823.033412202,4120152.3376314086],[605823.9252138077,4120151.207162431],[605824.4562549153,4120150.5381852845],[605824.5096571768,4120150.4642187227],[605824.5560962872,4120150.385693168],[605824.5951857405,4120150.3032621755],[605824.626600201,4120150.2176118083],[605824.6500782106,4120150.1294549205],[605825.1397989825,4120147.883104018],[605825.1549746832,4120147.794541057],[605825.162139441,4120147.704973395],[605825.16123541,4120147.6151241735],[605825.1522698889,4120147.525718808],[605825.1353152627,4120147.4374791314],[605824.9858422794,4120146.812544992],[605826.307942968,4120146.859088001],[605830.8062409014,4120150.1748733455],[605833.1444983772,4120151.9017689945],[605833.2284904567,4120151.9574858276],[605833.317664574,4120152.0044646706],[605833.4111148064,4120152.0422282633],[605833.5078917897,4120152.070392965],[605833.607012363,4120152.088672648],[605833.7074695571,4120152.0968816103],[605833.8082428236,4120152.0949364556],[605833.9083084037,4120152.0828569448],[605834.0066497275,4120152.0607657945],[605834.102267742,4120152.0288874293],[605836.2044321903,4120151.208158087],[605837.312825234,4120151.032263874],[605839.5054905089,4120151.330377465],[605839.5992597594,4120151.3386549256],[605839.6933918825,4120151.33807863],[605839.7870527554,4120151.3286536857],[605846.3054409581,4120150.3609894663],[605851.9045150629,4120150.6188949817],[605854.832444054,4120152.5315786805],[605856.6333190649,4120154.2959810514],[605856.4993885091,4120157.1498259036],[605856.4605605549,4120157.3840079797],[605854.4849343441,4120158.548299661],[605854.3975926719,4120158.606141657],[605854.316781356,4120158.6728034555],[605854.243387241,4120158.7475534934],[605854.1782157735,4120158.8295714427],[605854.1219821624,4120158.9179572174],[605854.07530353,4120159.0117408484],[605852.9786313887,4120161.5389435366],[605852.9419413257,4120161.6373461625],[605852.9157735982,4120161.7390540163],[605852.9004168166,4120161.842945338],[605852.8960403542,4120161.947874286],[605852.9026924802,4120162.0526835737],[605852.9202998268,4120162.156217234],[605853.5252728087,4120164.8491082517],[605853.5537807181,4120164.950636776],[605853.5928219027,4120165.0485986467],[605853.6419621956,4120165.1419044547],[605853.7006551202,4120165.2295165705],[605853.7682479677,4120165.3104606816],[605853.8439890554,4120165.3838366303],[605855.9241953193,4120167.196525392],[605856.0060039713,4120167.260647892],[605856.0940268188,4120167.3159319665],[605856.1873128319,4120167.3617803073],[605856.2848541159,4120167.397697552],[605856.3855968007,4120167.4232956385],[605856.4884524269,4120167.4382979963],[605858.390828447,4120167.6154269148],[605858.4347651209,4120168.3471457185],[605858.4350475335,4120168.3516770513],[605858.5628871142,4120170.3305071266],[605857.222660809,4120172.4873139476],[605852.7369859336,4120176.241128813],[605847.8413401436,4120179.2707500937],[605835.1869966679,4120185.1102308976],[605823.637668735,4120190.4350894126],[605823.622227276,4120190.442369211],[605820.256460901,4120192.064400633],[605820.1772277263,4120192.107080172],[605820.1021525586,4120192.1567103867],[605817.899060047,4120193.760097818],[605817.8963876298,4120193.762049547],[605816.839551818,4120194.536566186],[605816.7589252513,4120194.6023683064],[605816.6855740485,4120194.676193528],[605814.3185220605,4120197.320555206],[605813.9943990845,4120197.6827754686],[605813.9198763882,4120197.7768588746],[605813.8571621957,4120197.8791928845],[605810.0674040373,4120204.9883886734],[605801.9739577988,4120220.1630274076],[605799.8886693603,4120219.9683381366],[605799.7848078937,4120219.9640675113],[605799.6810642333,4120219.9706016863],[605799.5785593755,4120219.9878700566],[605799.4784009305,4120220.015686031],[605799.3816711548,4120220.053749044],[605799.2894152562,4120220.101647809],[605796.9025338348,4120221.5029953737],[605796.8148738972,4120221.5608574334],[605796.7337666401,4120221.627594945],[605796.6601068614,4120221.7024716414],[605796.5947071966,4120221.7846614607],[605796.5382891534,4120221.8732576626],[605796.4914751515,4120221.967282829],[605795.6243461422,4120223.965570795],[605778.5751595193,4120225.940950022],[605778.57368687,4120225.9411217547],[605772.2557781319,4120226.682631567],[605755.8161804067,4120228.5949869505],[605756.0472744374,4120230.581590975],[605772.4873817412,4120228.6691763145],[605772.488400968,4120228.6690572216],[605778.8060832212,4120227.927573991],[605795.5345231259,4120225.989357616],[605795.9418318067,4120227.794466363],[605795.9702212203,4120227.8953378657],[605796.0090106032,4120227.9926846824],[605796.0577740084,4120228.0854378454],[605796.1159759641,4120228.1725788303],[605796.1829773536,4120228.2531507406],[605796.2580424332,4120228.3262688145],[605798.3381047008,4120230.1500379564],[605798.4203790288,4120230.2148779836],[605798.5089848428,4120230.2707555634],[605798.6029498453,4120230.317057534],[605798.7012429306,4120230.3532758113],[605798.8027854997,4120230.37901296],[605798.9064632963,4120230.3939865604],[605799.587177065,4120230.456124946],[605799.8861897901,4120237.3655960546],[605799.8963230886,4120237.470732757],[605801.4108091951,4120247.5651108874],[605801.4308721442,4120247.6643141196],[605801.4608599934,4120247.7609812394],[605801.5004655528,4120247.8541220087],[605801.549283111,4120247.942782311],[605805.7757613108,4120254.7757559717],[605805.8281514815,4120254.8522805525],[605805.8874056247,4120254.923622602],[605805.953014111,4120254.9891685247],[605806.0244126585,4120255.048354578],[605809.5789481257,4120257.726828688],[605809.3425960189,4120257.9767597816],[605806.5419358902,4120260.748093969],[605806.4466412013,4120260.8571434347],[605803.2249563924,4120265.132975748],[605803.1807321117,4120265.1966658304],[605803.1415754926,4120265.263590959],[605800.9514305793,4120269.3637797087],[605800.8995471545,4120269.4774893015],[605799.826027613,4120272.282393705],[605799.7946647418,4120272.3786846935],[605799.7732015589,4120272.4776539607],[605799.7618581814,4120272.5782865197],[605799.6169030742,4120274.9288456505],[605799.615086266,4120274.977805412],[605799.5766665842,4120278.0287637785],[605799.5808899966,4120278.134020794],[605799.5961625391,4120278.2382495143],[605799.6223147343,4120278.3402933246],[605800.1727523537,4120280.097405924],[605799.7585176405,4120283.6302671786],[605798.8316738696,4120285.6668217666],[605796.6862903971,4120285.72576277],[605796.6072070177,4120285.731077861],[605796.5287930089,4120285.742639622],[605793.9315840852,4120286.2314545494],[605793.887622942,4120286.2407556493],[605791.1108776225,4120286.893753008],[605790.9924777035,4120286.9294517604],[605790.4129996437,4120287.144078284],[605790.3258708327,4120287.1811285974],[605790.2426365017,4120287.2262528874],[605790.1640427761,4120287.2790466533],[605789.4295488339,4120287.824605933],[605790.6221055683,4120289.4301614244],[605791.2417737173,4120288.9698911766],[605791.6290265288,4120288.8264608546],[605794.3235900452,4120288.192789899],[605796.8206356129,4120287.722826495],[605799.156284424,4120287.6586582535],[605802.5397529518,4120290.2520643696],[605802.6156475804,4120290.3048528754],[605802.6960928596,4120290.3504069974],[605802.7804012542,4120290.3883374017],[605802.8678522124,4120290.4183199117],[605808.4288188085,4120292.0418126537],[605808.4841434174,4120292.056261329],[605812.0940238447,4120292.889550747],[605812.2053424403,4120292.90870004],[605814.7910174624,4120293.204353],[605816.9021394567,4120294.66857105],[605818.5556676189,4120296.6405181615],[605818.6180148507,4120296.7082741596],[605818.6863299003,4120296.77000832],[605818.7600335892,4120296.8251972576],[605818.8385010535,4120296.8733730777],[605821.3423444503,4120298.2561106556],[605822.7860502444,4120299.165745985],[605823.5344894454,4120301.0394442175],[605821.7249396116,4120301.721335432],[605821.629736404,4120301.762980364],[605821.5393688091,4120301.8142799633],[605821.4548126117,4120301.874680299],[605814.4006897438,4120307.48925772],[605815.6461910637,4120309.0540984343],[605822.5773045974,4120303.537427648],[605825.1940769971,4120302.5513514],[605851.0164285894,4120292.800741238],[605872.0363715108,4120291.5121752205],[605889.0957903716,4120290.462181737],[605889.1087610835,4120290.4612987307],[605903.6127846766,4120289.3791468693],[605903.7107651075,4120289.366948473],[605917.2549500335,4120286.9966629185],[605917.3734512273,4120286.968391048],[605917.4876351508,4120286.9259191365],[605921.7598598942,4120285.033134365],[605922.2023564155,4120285.5364431897],[605922.2680343076,4120285.604385131],[605922.3398321008,4120285.6658242866],[605922.4171086628,4120285.7202120232],[605922.4991739377,4120285.767062675],[605922.5852951077,4120285.805957881],[605922.6747031374,4120285.8365503172],[605925.4331377257,4120286.636962042],[605925.5256514841,4120286.6590956827],[605925.6198497497,4120286.672338806],[605925.7148801511,4120286.6765715797],[605925.8098827872,4120286.6717557027],[605925.9039980085,4120286.657934752],[605925.996374195,4120286.6352337888],[605928.6393000447,4120285.8507226496],[605929.9353790992,4120287.3716390682],[605931.8256612243,4120290.272338751],[605933.027361694,4120295.276459739],[605934.163797303,4120305.1726849],[605934.1800545926,4120305.2708574794],[605934.205988403,4120305.3669282463],[605934.2413419336,4120305.459945894],[605934.2857651083,4120305.548989346],[605935.2610454271,4120307.282221983],[605935.6795285535,4120309.250413729],[605935.0199686033,4120311.0090379682],[605934.9874295251,4120311.112567995],[605934.966300902,4120311.2190144104],[605934.9568315712,4120311.3271235675],[605934.7131211073,4120318.6919009937],[605936.7120269681,4120318.758047497],[605936.9503028342,4120311.5575002097],[605937.654719532,4120309.679271735],[605937.6837341062,4120309.589143684],[605937.7040945787,4120309.4966755155],[605937.7156184196,4120309.402696198],[605937.7182023186,4120309.308048248],[605937.7118231114,4120309.2135801753],[605937.6965379869,4120309.120138878],[605937.1855591685,4120306.7169253933],[605937.1596012996,4120306.6193508063],[605937.1239363619,4120306.5248911683],[605937.0789279455,4120306.4345094585],[605936.1277196158,4120304.7440566826],[605935.0073732086,4120294.9879383286],[605934.9862581958,4120294.868520163],[605933.7300663987,4120289.637486394],[605933.6972085072,4120289.528435753],[605933.6521637447,4120289.423828618],[605933.5955164176,4120289.32502192],[605931.5759441769,4120286.2259223303],[605931.4992619894,4120286.1232837806],[605930.1063212237,4120284.4887025617],[605931.1021782979,4120283.3379375846],[605931.1615552875,4120283.2622537822],[605931.2133854991,4120283.18121494],[605931.2571893132,4120283.0955709633],[605931.2925613842,4120283.0061143734],[605931.3191743906,4120282.913672972],[605931.3367820648,4120282.81910218],[605931.4151941974,4120282.2459345087],[605936.9203045446,4120282.190893144],[605944.5469917689,4120282.298139454],[605944.5751129453,4120280.2983371634],[605936.9363968602,4120280.190921704],[605936.9123385407,4120280.1908728275],[605931.6987341722,4120280.242999648],[605931.7352136247,4120279.9915597606],[605931.7444463327,4120279.895473814],[605931.7443718031,4120279.7989453394],[605931.7349907305,4120279.702873765],[605931.7163905253,4120279.6081542615],[605931.6887444996,4120279.5156694017],[605931.6523102522,4120279.426280937],[605930.4428113098,4120276.825626363],[605930.398214127,4120276.740653189],[605930.3743496039,4120276.70417428],[605931.6554883124,4120275.372992194],[605931.7317076045,4120275.2838811013],[605931.7969715925,4120275.186460471],[605933.7012340216,4120271.9481991054],[605933.7550608501,4120271.8428621255],[605933.7960722728,4120271.7319059633],[605934.7125968131,4120268.714210416],[605934.7345673854,4120268.6283601373],[605934.7488513662,4120268.5409018947],[605934.7553365837,4120268.4525224944],[605934.7539721098,4120268.363915979],[605934.5561108828,4120265.054765807],[605934.5427688577,4120264.9411861524],[605934.5165462925,4120264.82987252],[605933.7181226761,4120262.140245687],[605933.2099496824,4120260.3501876094],[605933.1481310272,4120258.2378064557],[605933.6125602844,4120255.3432899434],[605934.2326210439,4120252.0454361406],[605941.0130255383,4120253.7184274024],[605949.0122323874,4120255.913203503],[605949.5414231594,4120253.984484465],[605941.5297382382,4120251.7862847033],[605941.5046976623,4120251.7797613805],[605933.6848379597,4120249.8502958207],[605933.6845653806,4120249.8514005467],[605933.6246950605,4120249.8374046204],[605931.5907475483,4120249.466471465],[605932.7231739461,4120244.7180757676],[605930.7777329867,4120244.2541151294],[605929.6206358299,4120249.1059581903],[605924.1974300342,4120248.1098170555],[605924.0638897783,4120248.094473565],[605918.8804692233,4120247.8499661987],[605920.4445053953,4120241.958154946],[605918.5114556971,4120241.4450088996],[605916.8369255954,4120247.7530569313],[605914.189572704,4120247.626494369],[605903.9416565862,4120246.8664888674],[605899.8311984268,4120246.4470600947],[605898.6451858057,4120241.2273084056],[605898.6116327193,4120241.1121203764],[605898.5645262761,4120241.001779656],[605894.981241104,4120233.83288371],[605894.9412243281,4120233.7604779303],[605894.8953596222,4120233.6916275993],[605894.8439608812,4120233.6268039253],[605890.2087110877,4120228.2533253036],[605890.1440178034,4120228.185095978],[605890.0732023957,4120228.1232442204],[605889.9968909054,4120228.0683168285],[605889.9157579615,4120228.0207993863],[605889.8305208166,4120227.98111197],[605889.7419330066,4120227.9496054337],[605889.6507776884,4120227.926558311],[605889.5578607173,4120227.9121743483],[605886.1837890663,4120227.551279322],[605886.4375285732,4120224.7060618782],[605886.4414303579,4120224.607106127],[605886.4355251809,4120224.5082496977],[605886.419870957,4120224.410462122],[605886.3946212145,4120224.314702448],[605886.3600235892,4120224.221909835],[605885.6396531125,4120222.548114916],[605884.4582779745,4120217.094509169],[605883.1950724024,4120209.2599532166],[605883.1817258882,4120209.1921686404],[605882.154688941,4120204.7851481885],[605882.1325969703,4120204.7054274986],[605880.702977858,4120200.2685319427],[605886.7406184195,4120197.190287397],[605886.816270201,4120197.147476233],[605894.615438899,4120192.27469114],[605894.6932139114,4120192.220821522],[605894.7655499937,4120192.1598430057],[605894.8317996738,4120192.0923014022],[605899.3051710068,4120187.0777390273],[605899.3655749593,4120187.003102842],[605899.4185424204,4120186.923017601],[605899.4635850723,4120186.8382216273],[605900.4665121975,4120184.7093043737],[605900.5094920398,4120184.6025272133],[605900.5399172024,4120184.4915184826],[605900.643663854,4120184.0045952364],[605899.6656176426,4120183.796207117],[605900.6459627317,4120183.993497528],[605900.9122044276,4120182.670530346],[605902.5592254588,4120182.5546144517],[605902.6528711038,4120182.54356698],[605902.745059858,4120182.523748123],[605902.83497202,4120182.495334102],[605902.921808131,4120182.458577561],[605903.0047960832,4120182.4138053237],[605903.0831979846,4120182.3614154835],[605905.0179077084,4120180.932205066],[605905.0918173636,4120180.8719540695],[605905.1596522181,4120180.8049372635],[605905.220795462,4120180.731764021],[605905.2746911307,4120180.653099692],[605905.3208491608,4120180.5696595577],[605905.3588498455,4120180.482202324],[605906.2124903096,4120178.2293462744],[605906.2420250162,4120178.1385321287],[605906.2627625455,4120178.0453148405],[605906.2745137812,4120177.950544506],[605906.277171558,4120177.8550853827],[605906.2707116381,4120177.759808012],[605906.2551929331,4120177.665581276],[605905.9080152212,4120176.044650517],[605908.5454030726,4120174.591653498],[605908.6465594043,4120174.527751745],[605916.0342230431,4120169.217048365],[605914.8668320777,4120167.5931030666],[605907.5278317216,4120172.8688243097],[605904.9518748615,4120174.2879775967],[605903.7833814436,4120173.113920355],[605903.7130213833,4120173.0496609695],[605903.636864555,4120172.9923901726],[605903.5556024476,4120172.9426279715],[605903.4699729057,4120172.900826198],[605903.3807534288,4120172.867364404],[605903.2887541126,4120172.842546416],[605900.9260329759,4120172.3245351193],[605900.8331442557,4120172.308714612],[605900.7391788434,4120172.3017071816],[605900.6449710206,4120172.303575044],[605900.5513572212,4120172.3143016156],[605900.4591686048,4120172.3337916587],[605900.3692236777,4120172.36187213],[605898.1049209898,4120173.187736836],[605898.0167266126,4120173.224773995],[605897.932474483,4120173.2700683437],[605897.852935508,4120173.3232054384],[605897.778837469,4120173.3836990744],[605897.7108583633,4120173.450995735],[605897.6496201995,4120173.524479656],[605896.196727829,4120175.4479949875],[605896.1430273531,4120175.5266094273],[605896.0970462414,4120175.6099743396],[605896.0592012653,4120175.6973341075],[605896.0298354508,4120175.787896904],[605896.0092149687,4120175.8808418717],[605895.9975267223,4120175.975326559],[605895.81649621,4120178.369814595],[605895.8138595216,4120178.4656477156],[605895.820411851,4120178.5612929254],[605895.8360929765,4120178.6558711543],[605895.8607587735,4120178.7485131402],[605895.8941825404,4120178.8383674165],[605895.9360570812,4120178.9246081375],[605897.089629006,4120181.036320998],[605897.1386571402,4120181.1168077937],[605897.1950444935,4120181.1923216907],[605897.2582902404,4120181.262191983],[605897.3278326395,4120181.325798091],[605897.4030540232,4120181.3825750733],[605897.4832862843,4120181.4320186423],[605898.9573081305,4120182.2471594634],[605898.6863905475,4120183.5933613423],[605898.607930742,4120183.961603619],[605897.7161344169,4120185.854623097],[605893.4344914613,4120190.6542616854],[605885.7934321393,4120195.4282627874],[605879.0357346875,4120198.873622794],[605877.1201212578,4120199.851030102],[605865.7014644152,4120203.900985622],[605865.699887521,4120203.9015463986],[605863.1347042195,4120204.8161986726],[605858.9232797894,4120206.1214993633],[605858.8386275443,4120206.1519740173],[605858.7570569637,4120206.189933832],[605858.6792283376,4120206.2350715334],[605858.6057716658,4120206.287021745],[605856.1324569674,4120208.2087831763],[605856.0476351029,4120208.2827053466],[605855.9716541818,4120208.3656880897],[605845.3278849907,4120221.3916323544],[605845.30218882,4120221.424452519],[605841.2758935558,4120226.793890387],[605838.4611763508,4120227.170719208],[605806.0415735074,4120224.783264809],[605805.5991612502,4120222.81400982],[605805.5706530154,4120222.7124816277],[605805.5316115649,4120222.614520112],[605805.4824710668,4120222.521214674],[605805.4237779973,4120222.4336029342],[605805.356185064,4120222.3526591966],[605805.2804439473,4120222.2792836106],[605803.7999887558,4120220.9892237047],[605811.8321455849,4120205.929498275],[605815.5652878169,4120198.9265081785],[605815.8087700024,4120198.654407176],[605818.1060705222,4120196.0879686326],[605819.0772877199,4120195.3761987705],[605821.2060546634,4120193.8269047015],[605824.4828107406,4120192.2477691565],[605836.0245393312,4120186.926414345],[605848.7347110264,4120181.0611710805],[605848.841938093,4120181.003528957],[605853.850193624,4120177.9042202677],[605853.9657390866,4120177.8207712523],[605858.6291750189,4120173.9181979243],[605858.7067087087,4120173.845996038],[605858.7761684855,4120173.7659965083],[605858.8367746924,4120173.679097296],[605860.4308484999,4120171.113777359],[605860.4807971877,4120171.023272378],[605860.521135713,4120170.928094511],[605860.5514330175,4120170.829260831],[605860.5713653432,4120170.727827476],[605860.5807196931,4120170.6248783665],[605860.5793961063,4120170.5215136185],[605860.4310332747,4120168.2250039517],[605860.3724949451,4120167.250110025],[605862.2233720288,4120166.1593368873],[605862.310713624,4120166.1014949693],[605862.3915248787,4120166.0348332645],[605862.4649189506,4120165.9600833347],[605862.5300903954,4120165.878065504],[605862.586324006,4120165.789679856],[605862.633002661,4120165.695896356],[605863.7296767975,4120163.1686946335],[605863.7664135795,4120163.070143517],[605863.7925963382,4120162.968279015],[605863.8079354423,4120162.8642279427],[605863.8122612117,4120162.759141305],[605863.8055257953,4120162.654181561],[605863.7878036996,4120162.550509766],[605863.3646985574,4120160.675343798],[605865.899035022,4120159.5712939724],[605865.9845211519,4120159.52909634],[605866.065600526,4120159.4789500176],[605866.141536253,4120159.4213107605],[605869.1189799274,4120156.9289035886],[605869.1961732538,4120156.8570315605],[605872.8194822449,4120153.107802092],[605872.8848346041,4120153.0330893868],[605878.0968532938,4120146.4410731127],[605878.1611520209,4120146.349683739],[605882.5446423364,4120139.314479507],[605880.8471820604,4120138.2568271016],[605876.4932840995,4120145.244537614],[605871.3467916426,4120151.7536781314],[605867.7947140468,4120155.4292007075],[605864.968213725,4120157.7952537527],[605862.3894579107,4120158.9186542747],[605860.7864168622,4120157.513121897],[605860.7043886406,4120157.4484553947],[605860.6160625203,4120157.3926980444],[605860.5224021734,4120157.34645818],[605860.4244294703,4120157.3102402966],[605860.323213331,4120157.2844395447],[605860.2198580627,4120157.2693374213],[605858.503480943,4120157.10952677],[605858.6521258098,4120153.9421436056],[605858.6521341021,4120153.8485640935],[605858.6433948241,4120153.75539355],[605858.6259845069,4120153.663447881],[605858.6000556146,4120153.5735322665],[605858.5658352099,4120153.486434109],[605858.5236229651,4120153.4029161376],[605858.4737885381,4120153.3237097296],[605858.4167683353,4120153.2495085057],[605858.3530616896,4120153.180962255],[605856.1617069414,4120151.033988429],[605856.0882610804,4120150.968782187],[605856.0087729624,4120150.9110952076],[605852.769937074,4120148.7953100824],[605852.6778222946,4120148.741906517],[605852.5805515535,4120148.698599748],[605852.479227616,4120148.665880746],[605852.3749991991,4120148.6441204506],[605852.2690479478,4120148.633565559],[605846.3005655208,4120148.358644294],[605846.2039010697,4120148.3588687065],[605846.1077099055,4120148.3684251914],[605839.6340268556,4120149.3294528658],[605837.4363005629,4120149.0306511815],[605837.3391987261,4120149.0222427007],[605837.2417395365,4120149.023326966],[605837.1448488048,4120149.033893676],[605835.7844658754,4120149.249776919],[605835.6794803384,4120149.272273547],[605835.5775118942,4120149.3058964205],[605833.8888487769,4120149.965186121],[605831.9940386455,4120148.565793879],[605827.2456233434,4120145.0656414963],[605827.1622957747,4120145.0104258405],[605827.073871993,4120144.963805167],[605826.9812355512,4120144.926245321],[605826.8853120958,4120144.8981216107],[605826.7870601184,4120144.879715055],[605826.6874613774,4120144.8712095767],[605824.3983390242,4120144.790623701],[605822.9569502141,4120143.0193490656],[605822.9495653865,4120143.011077569],[605823.7379209178,4120141.4455795363],[605823.7777485537,4120141.3557585543],[605824.7872050497,4120138.7392973425],[605825.9647002494,4120136.0801292723],[605825.9964077445,4120135.9991921936],[605826.0209665361,4120135.9158072923],[605826.0381910538,4120135.83060464],[605826.5397902622,4120132.6412305194],[605826.5495147511,4120132.555366873],[605826.5517901635,4120132.468984271],[605826.4247240227,4120124.944192884]],[[605821.2123680807,4120144.30614717],[605821.2172511412,4120144.3084037895],[605821.5526373526,4120144.4623032045],[605822.708392583,4120145.8825722607],[605822.7322745824,4120145.9879505443],[605822.7349749318,4120145.99954511],[605823.137010001,4120147.6804203717],[605822.7454344725,4120149.476578698],[605822.3578149087,4120149.964881065],[605822.355932549,4120149.967259761],[605821.6038103545,4120150.9206677866],[605819.9414146628,4120151.736782681],[605818.0957243748,4120151.7491787714],[605816.4175158708,4120150.9710062477],[605815.2570690833,4120149.5449734223],[605814.8316203014,4120147.7521768007],[605815.2236059194,4120145.9541275906],[605816.3644130176,4120144.511367028],[605817.2414037416,4120144.0810598694],[605817.2450843218,4120144.079244564],[605818.0205536084,4120143.6947936304],[605819.8723324321,4120143.6824940955],[605821.2123680807,4120144.30614717]],[[605824.5227874325,4120298.122005876],[605824.478909154,4120298.0269356812],[605824.4253305043,4120297.9369747248],[605824.362638901,4120297.8531093076],[605824.2915216725,4120297.7762589],[605824.2127585231,4120297.7072660625],[605824.1272129838,4120297.6468872083],[605822.3841009026,4120296.5486050383],[605822.3344485566,4120296.5192855694],[605819.9684668357,4120295.2126815547],[605818.3485007274,4120293.280759522],[605818.2884522779,4120293.215289082],[605818.2228302615,4120293.155406315],[605818.1521525796,4120293.1015838278],[605815.7242840137,4120291.4176787827],[605815.6407053795,4120291.3656110573],[605815.5524110369,4120291.322015815],[605815.4602571261,4120291.287315774],[605815.3651372119,4120291.261847401],[605815.2679736181,4120291.245857649],[605812.4887482281,4120290.928073625],[605808.9618544141,4120290.1139404834],[605803.6079463587,4120288.5508973114],[605800.7229016827,4120286.3395297616],[605801.6436701547,4120284.316324433],[605801.6815815311,4120284.2201134795],[605801.709354243,4120284.120501751],[605801.7266912943,4120284.018554477],[605802.1839839796,4120280.1184670185],[605802.1907201139,4120280.0136569873],[605802.1864264779,4120279.9087185157],[605802.1711504326,4120279.8048091293],[605802.1450604806,4120279.703075003],[605801.5785153395,4120277.894543808],[605801.6146191625,4120275.027490877],[605801.7486393721,4120272.8542495663],[605802.7450344216,4120270.250856937],[605804.8690624583,4120266.274446149],[605808.000292702,4120262.118665478],[605810.7611404541,4120259.3867267887],[605810.7843338219,4120259.363001962],[605811.1855094874,4120258.9387778067],[605813.0554630108,4120260.3513822686],[605813.1373481522,4120260.4070935547],[605813.2243425682,4120260.4544316516],[605813.315592937,4120260.4929322232],[605813.4102041908,4120260.5222176206],[605823.8030547089,4120263.1830362612],[605823.8883654574,4120263.2009557895],[605823.9749126709,4120263.2113775546],[605824.0620386739,4120263.2142223604],[605836.309158922,4120263.0799885527],[605836.3504472787,4120263.0786827463],[605850.7083613256,4120262.327482449],[605850.7179395988,4120262.326935233],[605866.3425318786,4120261.3590711784],[605875.4477375094,4120260.8860301976],[605875.5302134575,4120260.8783097705],[605875.6117674508,4120260.8637896744],[605875.6918398751,4120260.842569545],[605883.7093029565,4120258.358200841],[605883.793787493,4120258.3278016862],[605893.6857998968,4120254.258123555],[605893.7811742512,4120254.2128598318],[605893.8712452889,4120254.1577936867],[605893.9550091615,4120254.093538836],[605898.2158229343,4120250.452221113],[605898.2898340476,4120250.3821375347],[605898.3563264888,4120250.3048840035],[605898.4146094447,4120250.221263134],[605899.5337646386,4120248.4270952037],[605903.752391914,4120248.8575614905],[605903.7799453809,4120248.859988502],[605914.0547476066,4120249.62198793],[605914.080953781,4120249.6235858263],[605917.5484095977,4120249.789355223],[605923.9023655654,4120250.0890781702],[605930.1925776423,4120251.244472089],[605930.1938246397,4120251.2447003224],[605932.2767099738,4120251.6245583203],[605931.6445291004,4120254.9868741347],[605931.6399376865,4120255.0132307727],[605931.1584249215,4120258.0142188193],[605931.1479024488,4120258.107770076],[605931.146223867,4120258.2018962805],[605931.2144419499,4120260.5329497857],[605931.2202467846,4120260.615172537],[605931.232803549,4120260.6966378954],[605931.252026929,4120260.7767923623],[605931.7957814103,4120262.6921875393],[605931.7991158509,4120262.7036714195],[605932.5665357909,4120265.2888570535],[605932.7468435941,4120268.3044332084],[605931.9169469827,4120271.0369026614],[605930.1327126484,4120274.0710522737],[605928.7150893061,4120275.5440503075],[605927.6541670093,4120274.865351142],[605927.5715427138,4120274.8178837365],[605927.4847755607,4120274.7784960493],[605927.3946533897,4120274.747545717],[605927.3019945037,4120274.7253137664],[605927.2076402388,4120274.7120020627],[605927.1124473249,4120274.707731474],[605924.2373339771,4120274.715867998],[605924.1420346685,4120274.7206903184],[605924.0476288479,4120274.7345739068],[605923.9549761002,4120274.7573923506],[605923.8649200489,4120274.788937883],[605923.7782806731,4120274.8289232748],[605923.695846843,4120274.876984451],[605921.2802443159,4120276.4443772775],[605921.2034275017,4120276.4995523784],[605921.1321668017,4120276.561737805],[605921.0670996511,4120276.6303773024],[605921.0088080828,4120276.704856882],[605920.9578135217,4120276.784510315],[605920.9145721201,4120276.868625093],[605919.7281934674,4120279.4723618794],[605919.6926083319,4120279.561587733],[605919.6657485366,4120279.653816288],[605919.6478619314,4120279.7481964985],[605919.6391135661,4120279.8438574676],[605919.6395841667,4120279.9399164775],[605919.6492693907,4120280.0354871387],[605920.0749511585,4120282.8703742223],[605920.0934896006,4120282.963484668],[605920.1207742542,4120283.054417482],[605920.1565591965,4120283.1423530662],[605920.2005218897,4120283.226498836],[605920.2522660878,4120283.306096367],[605920.3113254086,4120283.3804282285],[605920.378782748,4120283.457513457],[605916.7895058941,4120285.0477220668],[605903.4146856776,4120287.3883681316],[605888.9664362723,4120288.466358655],[605871.913874491,4120289.5159301213],[605850.743291065,4120290.8137307134],[605850.6440077057,4120290.824816395],[605850.5463258553,4120290.845752819],[605850.4512203861,4120290.8763310383],[605825.4061347502,4120300.3334430982],[605824.5227874325,4120298.122005876]],[[605880.4156746035,4120226.9206323754],[605880.3286718407,4120226.914902078],[605880.2415006324,4120226.9167722315],[605880.1548236816,4120226.926228618],[605869.3062044858,4120228.591133106],[605857.76933057,4120229.3569694394],[605852.0362584561,4120228.807669146],[605843.5705898898,4120227.0674484596],[605846.8897948305,4120222.640981067],[605857.4488415631,4120209.718720939],[605859.6891918859,4120207.9779724427],[605863.746843146,4120206.7203326393],[605863.7866470988,4120206.7070743195],[605865.2683139521,4120206.178765112],[605866.3248370397,4120211.8232230595],[605868.2906956777,4120211.4552559215],[605867.1760103488,4120205.500067116],[605877.8504761755,4120201.7140603736],[605877.9706902964,4120201.6623369255],[605878.8983166543,4120201.18903223],[605880.2162784439,4120205.2793936115],[605881.2260748458,4120209.612434801],[605882.4880350666,4120217.4392669317],[605882.4979527338,4120217.491799971],[605883.7054929433,4120223.0661920626],[605883.7304527712,4120223.1594177424],[605883.7642830131,4120223.249803223],[605884.4229721761,4120224.7802804015],[605884.1950796418,4120227.3356720386],[605880.4156746035,4120226.9206323754]],[[605869.5670606396,4120230.5745153464],[605880.3281484445,4120228.923044034],[605884.9913044046,4120229.43513381],[605884.9941096783,4120229.4354378697],[605888.9523400991,4120229.8588152668],[605893.2480545918,4120234.8386828075],[605896.721623593,4120241.7880752045],[605897.9488171514,4120247.1890680226],[605896.7992691244,4120249.031960068],[605892.7771081119,4120252.469323671],[605883.0744072376,4120256.4611170436],[605875.2192057922,4120258.895205787],[605866.2337929802,4120259.3620231943],[605866.2238494048,4120259.362589455],[605850.5990746099,4120260.3304648157],[605836.2665816938,4120261.08033509],[605824.17166238,4120261.2129007084],[605814.1007746988,4120258.634512265],[605811.6767697491,4120256.803365039],[605811.6758107392,4120256.802641486],[605807.3779352322,4120253.5640331283],[605803.3582080444,4120247.0653151176],[605801.8820330917,4120237.226289131],[605801.5971948799,4120230.644357225],[605801.6587940715,4120230.6502365093],[605801.7632672596,4120230.6547156656],[605801.8676369967,4120230.6482606013],[605801.97076203,4120230.630941901],[605802.0715147172,4120230.602948939],[605802.1687933567,4120230.564587811],[605802.2615342351,4120230.5162779843],[605804.6395422838,4120229.114819943],[605804.7268832116,4120229.056977218],[605804.8076937255,4120228.9903147896],[605804.8810869933,4120228.9155642265],[605804.9462575811,4120228.8335458566],[605805.0024902928,4120228.745159768],[605805.0491680184,4120228.6513759294],[605805.8631616096,4120226.7755420017],[605838.4176766659,4120229.172931648],[605838.5209042252,4120229.1751886173],[605838.6238142551,4120229.1667892938],[605841.7890022534,4120228.74304013],[605851.6861153968,4120230.7775115827],[605851.7920915995,4120230.7934339694],[605857.6592890387,4120231.355585153],[605857.7400470368,4120231.360036968],[605857.8209006595,4120231.3579478087],[605869.4816054578,4120230.583891381],[605869.5670606396,4120230.5745153464]],[[605804.1813087314,4120225.6271452517],[605803.3439166509,4120227.5569005865],[605801.5257087545,4120228.628445352],[605800.6434671375,4120228.5442405273],[605800.6393609374,4120228.5438571568],[605799.41211989,4120228.431829487],[605797.8211784884,4120227.0369145945],[605797.3595425896,4120224.9910387313],[605798.1963613179,4120223.062600429],[605800.0238760794,4120221.989659253],[605802.1293514796,4120222.186233244],[605803.7195911042,4120223.571958656],[605804.1813087314,4120225.6271452517]],[[605859.1084236156,4120165.6735910703],[605856.9949839021,4120165.4768101573],[605855.4048457695,4120164.0911660637],[605854.9431366964,4120162.035979712],[605855.7805452797,4120160.1062313914],[605857.599884232,4120159.034044155],[605859.7116455724,4120159.230668749],[605861.3033426797,4120160.6262548584],[605861.7649661816,4120162.6721309167],[605860.9277616495,4120164.6014047684],[605859.1084236156,4120165.6735910703]],[[605902.1287376791,4120180.5799647016],[605900.307122217,4120180.708168399],[605898.7054874632,4120179.822457056],[605897.8331142914,4120178.225502756],[605897.9696893191,4120176.419026787],[605899.067584725,4120174.9654995413],[605900.7815483243,4120174.340361369],[605902.573230359,4120174.7331760433],[605903.8583125259,4120176.0243771756],[605904.2378249137,4120177.7962746266],[605903.5928730073,4120179.498377403],[605902.1287376791,4120180.5799647016]],[[605928.7542660479,4120277.9376402744],[605929.7131373069,4120279.9993972867],[605929.5518575931,4120281.1110409745],[605929.5507249045,4120281.1190775796],[605929.3954946197,4120282.2537614335],[605928.0320342673,4120283.8293112405],[605928.0242244999,4120283.8384462],[605927.901813019,4120283.9833832993],[605925.7086138842,4120284.634400108],[605923.5119580014,4120283.99699905],[605922.777866266,4120283.162021077],[605922.0092856473,4120282.28374433],[605921.6711323487,4120280.03176529],[605922.6135950555,4120277.963349094],[605924.5374591827,4120276.7150266576],[605926.824074675,4120276.708555573],[605928.328083622,4120277.670708617],[605928.3362414694,4120277.6758720744],[605928.7542660479,4120277.9376402744]]],[[[605771.970485472,4120170.4720613346],[605772.2861361556,4120168.4971272484],[605764.5993214673,4120167.268555456],[605764.2836707837,4120169.243489542],[605771.970485472,4120170.4720613346]]],[[[605854.111712577,4120362.477815414],[605854.0499221947,4120362.403777503],[605853.9812876034,4120362.336035666],[605853.9064470818,4120362.2752198796],[605853.8260966216,4120362.2218957096],[605853.740983455,4120362.176559053],[605853.6518991058,4120362.1396315256],[605853.5596720284,4120362.1114565404],[605853.4651599037,4120362.092296116],[605853.3692416628,4120362.082328438],[605846.3641467137,4120361.6944759036],[605846.2535816425,4120363.691417406],[605852.2870419258,4120364.0254732436],[605851.2640874211,4120400.4600276523],[605844.8629114053,4120400.2451128517],[605844.7958006829,4120402.2439865726],[605852.2019181395,4120402.4926415468],[605852.202963392,4120402.4926760932],[605856.1844857724,4120402.6221842756],[605855.7265733754,4120409.942607929],[605857.7226719783,4120410.067469322],[605858.1937171905,4120402.5370977134],[605868.4739607136,4120401.1447087773],[605868.4999006455,4120401.139813374],[605868.1016746779,4120414.336272681],[605870.1007646645,4120414.396598676],[605870.5219003501,4120400.4409544165],[605877.9386182326,4120397.8336314247],[605878.0101412724,4120407.5413828185],[605880.0100869929,4120407.5266479747],[605879.9335072296,4120397.1325524966],[605881.2115568367,4120396.6836714814],[605881.2948480464,4120396.650145565],[605881.3747964316,4120396.6092839898],[605886.5325336154,4120393.6739714122],[605895.2065767061,4120393.8693235544],[605895.3029823592,4120393.8668434713],[605895.3987008214,4120393.85508861],[605895.4928418918,4120393.834168294],[605895.5845300396,4120393.8042770857],[605895.6729125464,4120393.7656929796],[605895.7571674373,4120393.718774816],[605895.836511125,4120393.663958942],[605895.9102056972,4120393.601755158],[605895.9775657794,4120393.53274197],[605896.0379649096,4120393.457561216],[605896.0908413635,4120393.3769120905],[605896.1357033796,4120393.291544648],[605896.1721337322,4120393.202252822],[605896.1997936117,4120393.1098670447],[605896.2184257755,4120393.0152465226],[605896.2278569409,4120392.919271245],[605896.5115727404,4120387.21708904],[605897.5596085299,4120386.5298641785],[605896.7913720903,4120404.3321774537],[605898.7895124417,4120404.418404687],[605899.6187851835,4120385.201699545],[605904.5400399313,4120382.2203583717],[605909.6002364481,4120379.2155971425],[605909.0928515298,4120390.0251711346],[605911.0906519433,4120390.1189448396],[605911.6599217169,4120377.990945924],[605912.1396080506,4120377.7044420443],[605912.0795800795,4120378.4692375595],[605912.0766615662,4120378.5646655485],[605912.0828567265,4120378.6599369436],[605912.0981090913,4120378.754183345],[605912.1222796352,4120378.8465456944],[605912.155148043,4120378.9361821073],[605912.1964147186,4120379.0222755466],[605912.2457035157,4120379.1040412686],[605912.3025651657,4120379.180733977],[605912.3664813738,4120379.2516546166],[605912.4368695425,4120379.3161567445],[605912.5130880821,4120379.3736524223],[605912.5944422595,4120379.4236175762],[605912.6801905298,4120379.4655967727],[605912.7695512957,4120379.4992073704],[605912.8617100323,4120379.5241430085],[605912.955826711,4120379.540176398],[605913.0510434564,4120379.5471613943],[605921.5154631749,4120379.762824595],[605920.875032122,4120394.3711467665],[605922.8731129293,4120394.4587429315],[605923.5581527255,4120378.8328890665],[605923.557874787,4120378.8328768816],[605923.5584009126,4120378.82680454],[605923.7746072784,4120373.098027511],[605933.6658439718,4120368.759328913],[605942.0792836284,4120365.2880624393],[605945.8196590578,4120363.797373978],[605945.3694663482,4120381.3605930815],[605947.3688096366,4120381.411841646],[605947.8409748599,4120362.991416139],[605953.4806363902,4120360.740259961],[605953.4924848174,4120360.7354424093],[605960.5660330867,4120357.8064949075],[605959.8008919088,4120355.9586423757],[605952.733252448,4120358.8851432144],[605946.4877183831,4120361.378142732],[605941.3332390449,4120363.432407877],[605941.322061303,4120363.436940962],[605934.3581159789,4120366.310166529],[605935.0372670932,4120353.710598908],[605933.0401662815,4120353.6029497185],[605932.3088316186,4120367.170623162],[605922.5997847776,4120371.429405883],[605914.2788619134,4120371.246903156],[605914.2532061343,4120355.3793577715],[605914.2480400058,4120352.000931987],[605920.9509451491,4120352.095070515],[605920.979031253,4120350.0952677317],[605913.2605310759,4120349.9868657435],[605913.1614861706,4120349.990386342],[605913.0632761781,4120350.0036936793],[605912.9668657449,4120350.026657047],[605912.8732018424,4120350.0590508925],[605912.7832044641,4120350.100557034],[605912.6977575904,4120350.1507677864],[605912.617700505,4120350.2091899645],[605912.5438195515,4120350.27524973],[605912.47684041,4120350.348298224],[605912.417420969,4120350.4276179434],[605912.3661448633,4120350.5124297873],[605912.3235157415,4120350.601900709],[605912.2899523191,4120350.6951518995],[605912.2657842658,4120350.7912674192],[605912.2512489673,4120350.889303193],[605912.246489193,4120350.9882962857],[605912.251631743,4120354.3513027555],[605896.8238187972,4120353.901467232],[605896.8277367936,4120345.3749242118],[605894.8277370047,4120345.3740052003],[605894.8238456574,4120353.842553256],[605889.3779412735,4120353.6805896955],[605889.2771904545,4120353.6826731013],[605889.1771608843,4120353.6948859305],[605889.0788683699,4120353.71710416],[605888.9833110786,4120353.749102163],[605888.8914594011,4120353.790554997],[605888.8042460976,4120353.841041706],[605888.7225568249,4120353.900049594],[605888.6472211434,4120353.966979432],[605888.5790040918,4120354.041151542],[605888.5185984191,4120354.121812703],[605888.466617549,4120354.208143794],[605888.4235893507,4120354.2992681167],[605888.3899507785,4120354.3942602985],[605888.3660434344,4120354.4921556865],[605888.352110099,4120354.591960147],[605888.3482922666,4120354.692660158],[605888.4013415719,4120358.9320614235],[605890.4011850052,4120358.9070365913],[605890.3611881833,4120355.7107161833],[605895.7936451043,4120355.8722798107],[605912.2547765562,4120356.3522444163],[605912.2804437667,4120372.226862199],[605912.2867664355,4120375.286968472],[605910.1745217534,4120376.548556001],[605903.5150987661,4120380.5029431344],[605903.5075269671,4120380.507484626],[605898.1246497243,4120383.7684809323],[605898.0944437191,4120383.787525421],[605895.2423367193,4120385.6577276196],[605887.7087369214,4120385.609977039],[605887.8587942036,4120379.7075179256],[605888.2006593964,4120366.6631358536],[605886.201345894,4120366.610738148],[605885.8857026994,4120378.654580329],[605874.9560390401,4120378.354193532],[605874.9010925344,4120380.35343861],[605885.8340880974,4120380.65391698],[605885.6840026516,4120386.557473574],[605885.3164370592,4120392.064858737],[605880.4638302659,4120394.826518986],[605878.5968938854,4120395.4822308556],[605869.2113980069,4120398.7816712894],[605869.2074537425,4120398.7830671608],[605868.1022874574,4120399.176787901],[605857.1956538904,4120400.6540171006],[605853.2630204995,4120400.526099145],[605854.3135652153,4120363.108864622],[605854.3116205506,4120363.0124494685],[605854.3003979702,4120362.9166699443],[605854.2800018406,4120362.822416767],[605854.2506218386,4120362.7305664592],[605854.2125311885,4120362.641973198],[605854.1660841206,4120362.5574608706],[605854.111712577,4120362.477815414]],[[605914.2848736073,4120375.932032481],[605914.2879375685,4120375.851718036],[605914.2825566925,4120373.2474651914],[605921.7613529604,4120373.4114975636],[605921.5970781321,4120377.764254982],[605914.1559452479,4120377.574663895],[605914.2848736073,4120375.932032481]],[[605894.4874104665,4120387.652982808],[605894.2786886764,4120391.847919006],[605887.3457858689,4120391.6917798906],[605887.6182429972,4120387.6094436315],[605894.4874104665,4120387.652982808]]],[[[605891.4694835963,4120573.9136815704],[605891.5388530379,4120573.8583136993],[605891.6030398246,4120573.7970129903],[605891.661538311,4120573.730262352],[605891.7138876625,4120573.658587629],[605894.4199690628,4120569.5855917637],[605896.9123610331,4120570.6445247973],[605896.9976455056,4120570.6762607857],[605897.085461791,4120570.700112708],[605897.1750827166,4120570.715883056],[605904.1114679328,4120571.6133415615],[605904.1153841339,4120571.6138403984],[605909.625791281,4120572.3046926684],[605909.767490464,4120572.3123106514],[605913.3582142856,4120572.2501791078],[605917.0127736058,4120573.0665066163],[605920.3429464,4120579.1299521714],[605922.3402870614,4120586.9089053827],[605922.1366219092,4120594.0890482776],[605922.1382336633,4120594.1808333397],[605922.1482555422,4120594.272083859],[605922.1666030905,4120594.3620308586],[605922.1931216919,4120594.4499163474],[605925.191496977,4120602.9540956933],[605925.2276176236,4120603.042760297],[605928.7003263076,4120610.5209787283],[605928.7393356618,4120610.5964195346],[605928.7846057095,4120610.6682782],[605928.8358099158,4120610.7360364045],[605933.135646259,4120615.94997265],[605933.1540394258,4120615.9716411578],[605940.6326101532,4120624.53232311],[605940.7186347396,4120624.6194074284],[605940.814654734,4120624.6953288927],[605943.8253032016,4120626.7896477706],[605944.2464456204,4120627.4820355503],[605944.0997794346,4120627.480185899],[605943.9996768208,4120627.4839411913],[605943.9004521605,4120627.497692639],[605943.8031011369,4120627.52130225],[605943.7086006324,4120627.5545331114],[605943.6178989246,4120627.597051763],[605943.5319061725,4120627.648431546],[605943.4514852819,4120627.7081568833],[605943.377443247,4120627.7756284517],[605943.3105230528,4120627.8501692],[605943.251396219,4120627.931031138],[605943.2006560619,4120628.0174028464],[605943.1588117402,4120628.1084176158],[605941.0149753804,4120633.4630220733],[605941.0058066815,4120633.4867958855],[605937.9385515021,4120641.7521254234],[605935.7697004341,4120646.081854663],[605933.7166679895,4120646.356463276],[605933.5739288401,4120646.386282219],[605925.149557515,4120648.7988843415],[605925.071409818,4120648.8247898836],[605924.9956579544,4120648.8570360434],[605924.9228153822,4120648.895404251],[605915.7571613035,4120654.216300276],[605909.0898037967,4120656.337027892],[605907.9120484433,4120653.7516094646],[605906.091996367,4120654.580711653],[605907.6375071952,4120657.9734299826],[605907.6818101199,4120658.0594021054],[605907.7342109798,4120658.1406923565],[605907.7942196194,4120658.2165403506],[605907.8612747206,4120658.286236609],[605907.9347490532,4120658.349129196],[605908.0139553414,4120658.4046298168],[605908.0981526932,4120658.452219322],[605908.1865535304,4120658.4914525608],[605908.2783309555,4120658.521962547],[605908.3726264866,4120658.5434638923],[605908.4685580876,4120658.5557554737],[605908.5652284184,4120658.5587223163],[605908.6617332294,4120658.5523366686],[605908.7571698187,4120658.5366582614],[605908.8506454768,4120658.5118337497],[605916.4676808851,4120656.0890362132],[605916.569557727,4120656.0504028713],[605916.6666267709,4120656.000915229],[605925.8195525999,4120650.6874082773],[605934.0542812133,4120648.329116725],[605936.5593678071,4120647.9940424515],[605940.9658883694,4120647.400473749],[605945.3818078038,4120647.15184214],[605950.8844306442,4120651.4538746816],[605950.9485292848,4120651.5000283634],[605954.8291781098,4120654.0678025056],[605954.9112062653,4120654.116616709],[605954.9975149189,4120654.157387545],[605955.0873176742,4120654.189743532],[605955.1797962982,4120654.2133898605],[605955.274108177,4120654.2281110785],[605961.1125540652,4120654.8557883915],[605965.454627028,4120656.476992294],[605965.5415412692,4120656.504993356],[605965.6306473656,4120656.5249495166],[605965.7212023376,4120656.5366943795],[605965.812451125,4120656.5401300136],[605965.9036328819,4120656.5352277723],[605970.052585113,4120656.121524136],[605970.1423412483,4120656.1084402245],[605970.2305426041,4120656.0872772047],[605970.3164635167,4120656.058209192],[605977.0838964273,4120653.4209696893],[605984.4193684307,4120651.3523872746],[605984.4818976953,4120651.332517905],[605990.6734921318,4120649.1389662367],[605998.4773513201,4120647.073542785],[605998.5604475621,4120647.04763133],[605998.64097576,4120647.0145919845],[605998.7183258003,4120646.974675068],[606003.1295110467,4120644.4493246702],[606009.3663713457,4120642.620798807],[606009.4643095094,4120642.586473527],[606009.5581628217,4120642.542182845],[606014.7664829096,4120639.7450964],[606014.8581457407,4120639.689336505],[606014.9433071057,4120639.624077157],[606015.0209866915,4120639.5500695733],[606015.0902903096,4120639.4681656724],[606015.1504201898,4120639.3793082694],[606017.2621888982,4120635.8662801143],[606017.3126910893,4120635.770977569],[606017.3526354828,4120635.6707902844],[606017.3815574031,4120635.5668837447],[606017.3991204005,4120635.4604666987],[606018.0405545979,4120629.631976398],[606018.0464761878,4120629.5352041796],[606018.1432229666,4120621.868972131],[606018.1400073299,4120621.775238193],[606018.1280242882,4120621.6822177754],[606018.107379249,4120621.5907291216],[606018.078253814,4120621.501577002],[606016.9649343588,4120618.567617017],[606018.5045906196,4120617.8486688132],[606028.837513958,4120613.0867452375],[606028.0004292537,4120611.2703506774],[606017.665224944,4120616.033325438],[606017.6606682688,4120616.035439271],[606015.5608377276,4120617.015962933],[606010.82227551,4120616.206036218],[606010.7320595763,4120616.194808704],[606010.6411967991,4120616.191820811],[606010.5504381569,4120616.1970972335],[606010.4605337672,4120616.2105943626],[606003.895844555,4120617.5036816304],[606003.8258878696,4120617.520092666],[605997.0233970215,4120619.376089115],[605996.9401498307,4120619.402762789],[605993.3643249137,4120620.723467514],[605989.5453828163,4120617.1566477334],[605986.6935129903,4120613.5730175795],[605983.6078474434,4120608.2517650505],[605981.6745204137,4120604.1577148377],[605980.5245803714,4120596.6197320805],[605980.521097654,4120596.5984450653],[605979.660437704,4120591.671985672],[605979.6392860622,4120591.577920149],[605979.6091740144,4120591.4863287793],[605979.5703814735,4120591.398062969],[605979.5232690439,4120591.3139432124],[605979.4682746693,4120591.2347514625],[605979.4059095618,4120591.1612238633],[605979.3367534494,4120591.0940439063],[605979.2614491879,4120591.0338360774],[605979.1806967839,4120590.981160051],[605979.0952468888,4120590.936505489],[605979.0058938205,4120590.900287487],[605978.9134681796,4120590.872842717],[605978.8188291285,4120590.8544262983],[605978.7228564047,4120590.8452094244],[605978.6264421432,4120590.8452777728],[605978.5304825836,4120590.854630708],[605978.4358697385,4120590.873181288],[605978.3434831017,4120590.900757072],[605978.2541814734,4120590.9371017227],[605978.1687949757,4120590.981877391],[605978.0881173372,4120591.034667856],[605978.0128985144,4120591.094982391],[605975.464491754,4120593.3486446207],[605975.4485237641,4120593.3630749583],[605973.106567469,4120595.525747113],[605970.1648738744,4120597.0388821145],[605966.0200813153,4120595.3269799054],[605965.9703466389,4120595.307971813],[605961.0648938784,4120593.581368227],[605955.2272923838,4120589.4829422403],[605953.9579212583,4120587.0735016167],[605955.0317633229,4120583.7039864375],[605955.0566250314,4120583.6105952975],[605955.0723555116,4120583.5152403736],[605955.0788078407,4120583.418812281],[605955.0759217538,4120583.3222116595],[605955.0637242071,4120583.22634076],[605955.0423291257,4120583.132095017],[605955.0119363399,4120583.0403546873],[605954.9728297186,4120582.9519766257],[605954.9253745181,4120582.867786285],[605952.8985529888,4120579.6465281947],[605952.8480310828,4120579.5736200656],[605952.7912471928,4120579.5054757474],[605952.7286480975,4120579.442631404],[605952.6607263304,4120579.3855814976],[605948.5566516032,4120576.2379920613],[605947.3395128103,4120577.824993372],[605951.301273935,4120580.8634364544],[605952.985068833,4120583.539517135],[605951.9251515815,4120586.86533886],[605951.8997686284,4120586.9611684764],[605951.8839987267,4120587.059040433],[605951.8779968568,4120587.1579928817],[605951.8818220029,4120587.257053358],[605951.8954365728,4120587.355248333],[605951.9187067681,4120587.4516127855],[605951.951403898,4120587.5451996825],[605951.993206628,4120587.6350892894],[605953.5703653896,4120590.628753091],[605953.6184363319,4120590.710373179],[605953.6740143249,4120590.787078726],[605953.7366006866,4120590.85818148],[605953.8056338511,4120590.9230434597],[605953.8804944078,4120590.9810826816],[605960.0283918616,4120595.2973592742],[605960.1053412129,4120595.346302553],[605960.1864293558,4120595.3880321626],[605960.2709819087,4120595.422201052],[605965.281204704,4120597.185681217],[605969.0199513996,4120598.7298764056],[605968.5521560637,4120600.495405635],[605967.1123035763,4120602.962453134],[605964.3168191293,4120607.1401831135],[605964.3134160711,4120607.1453028144],[605961.6715839622,4120611.1464065635],[605959.2671595144,4120613.584505093],[605955.0925037237,4120616.0952871614],[605955.0268580595,4120616.138365863],[605954.964794612,4120616.186462186],[605951.4761959466,4120619.116235481],[605951.4024260634,4120619.1848123088],[605951.3359287515,4120619.2604620573],[605948.1891885332,4120623.2264916063],[605948.1264653621,4120623.3150140936],[605946.0538697124,4120626.6049487763],[605945.4242166302,4120625.5697547896],[605945.3655701036,4120625.48376022],[605945.2983023374,4120625.404327678],[605945.223142143,4120625.332317774],[605945.1409038419,4120625.2685106983],[605942.0578224958,4120623.1238048202],[605934.669591495,4120614.6665342944],[605930.4603169112,4120609.5624122843],[605927.0617576163,4120602.243869017],[605924.1410846879,4120593.9600739502],[605924.3434741427,4120586.824905314],[605924.3417726962,4120586.7317245123],[605924.331403963,4120586.6391067705],[605924.3124580013,4120586.547856525],[605922.248744971,4120578.5104058213],[605921.280163158,4120578.7591009587],[605922.15666716,4120578.277706386],[605918.5482623368,4120571.7076670704],[605918.4990344107,4120571.6272660447],[605918.4424538919,4120571.551858098],[605918.3790236516,4120571.482113433],[605918.3093074398,4120571.4186519217],[605918.2339248741,4120571.3620375916],[605918.1535459333,4120571.312773614],[605918.0688850022,4120571.2712978334],[605917.9806945231,4120571.237978875],[605917.8897583075,4120571.213112868],[605913.6779870997,4120570.27231963],[605913.5610458464,4120570.253387942],[605913.4426863688,4120570.248418074],[605909.8040094767,4120570.3113793666],[605904.3661395538,4120569.629621253],[605897.5679750842,4120568.7500463254],[605895.3842484578,4120567.8222547546],[605896.7257449978,4120564.8958271914],[605896.7649702216,4120564.7965981574],[605896.7933994357,4120564.6937545906],[605896.8107089731,4120564.5884673675],[605896.8167017645,4120564.4819351854],[605896.8113095815,4120564.3753709146],[605896.2967358951,4120559.442188426],[605896.2793181773,4120559.3335494986],[605896.2500708459,4120559.2274816567],[605896.2093479633,4120559.125268936],[605893.8892236985,4120554.1216384885],[605893.5852010018,4120553.117880823],[605895.1168334968,4120552.98437202],[605899.0106562482,4120552.812746266],[605899.1066502132,4120552.803863815],[605899.201342798,4120552.7857791902],[605899.2938539542,4120552.7586604655],[605899.3833239074,4120552.7227596752],[605899.4689211472,4120552.6784104723],[605899.549850155,4120552.6260250267],[605899.625358798,4120552.5660901945],[605901.9396238968,4120550.539850214],[605905.1176717458,4120547.8966452996],[605910.1453221077,4120544.8670610995],[605913.8649474591,4120543.862255909],[605918.9439212341,4120544.4715167205],[605919.040774866,4120544.478387326],[605919.1378382667,4120544.4758324344],[605919.2341963388,4120544.463876132],[605919.3289406347,4120544.4426311417],[605919.4211779214,4120544.412297758],[605919.5100386009,4120544.3731619576],[605919.59468491,4120544.3255927074],[605919.6743188174,4120544.2700384813],[605919.7481895484,4120544.207023036],[605919.8156006618,4120544.13714047],[605919.8759166172,4120544.061049625],[605919.928568766,4120543.9794678716],[605920.9775499556,4120542.1666094023],[605926.7710658592,4120538.713858093],[605926.7982141365,4120538.697085849],[605933.1932396247,4120534.603825706],[605939.261753709,4120532.494332275],[605946.0951547559,4120532.580505616],[605946.1930567004,4120532.5769410892],[605946.2901400521,4120532.5638140393],[605946.3854730537,4120532.5412504533],[605946.4781407469,4120532.509466885],[605946.5672537541,4120532.4687683773],[605946.6519568135,4120532.4195455336],[605946.7314369876,4120532.36227077],[605946.8049314659,4120532.2974937814],[605946.8717348851,4120532.225836264],[605946.9312060999,4120532.147985951],[605946.9827743354,4120532.0646900106],[605947.0259446657,4120531.976747875],[605947.0603027636,4120531.885003569],[605947.0855188774,4120531.790337608],[605947.1013509955,4120531.693658548],[605947.1076471694,4120531.5958942664],[605947.1043469714,4120531.4979830547],[605947.091482075,4120531.4008646165],[605947.0691759514,4120531.3054710454],[605947.0376426833,4120531.2127178805],[605946.9971849112,4120531.1234953203],[605946.9481909282,4120531.0386596774],[605946.8911309541,4120530.9590251627],[605945.4812240704,4120529.1820864487],[605943.3924809145,4120525.231229141],[605943.3270587898,4120525.1242948854],[605939.7130800468,4120519.972923702],[605938.674652174,4120515.1203426346],[605938.6546529543,4120515.0423690923],[605937.1048929692,4120509.8742069015],[605937.091103161,4120509.831697159],[605935.2326118686,4120504.5106986715],[605934.1766836772,4120498.7423108844],[605933.2103796175,4120493.1207880857],[605933.1920391582,4120493.036201512],[605933.1664531113,4120492.9535176856],[605930.9465618391,4120486.74496412],[605930.94124363,4120486.7304452998],[605928.853701225,4120481.1650187587],[605927.373887832,4120474.5701325405],[605927.4257056474,4120470.4603593675],[605927.4211889742,4120470.3519856776],[605927.4049611188,4120470.244738702],[605926.6437815794,4120466.573407869],[605926.6211423387,4120466.484809305],[605926.5905043073,4120466.3986492692],[605926.552123688,4120466.315648252],[605922.2726443586,4120458.0727246497],[605920.4976081523,4120458.9942703443],[605924.7134623637,4120467.114642359],[605925.4244910333,4120470.544084879],[605925.3725691682,4120474.662110435],[605925.377899262,4120474.778592206],[605925.396752218,4120474.893661659],[605926.9173704816,4120481.6703974814],[605926.9568068477,4120481.8026519786],[605929.0659261862,4120487.425603022],[605931.2539920171,4120493.545147743],[605932.2065085232,4120499.08646075],[605932.2083991406,4120499.097113999],[605933.0828202601,4120503.873954079],[605928.8743328542,4120504.270692761],[605928.7587065465,4120504.2884659823],[605928.6459470593,4120504.319620893],[605923.4594572962,4120506.085093572],[605923.3769937279,4120506.1173037235],[605923.2977021243,4120506.156681072],[605923.2222039523,4120506.2029169886],[605923.1510909462,4120506.2556490884],[605918.8478497515,4120509.7521658763],[605918.8200534366,4120509.7756028892],[605914.1615174069,4120513.850716217],[605910.4532260147,4120515.5949680055],[605907.9442331278,4120515.5633381815],[605905.6282539902,4120515.4409555877],[605904.0178663955,4120513.60067692],[605901.2360964089,4120509.619778168],[605897.8219089796,4120504.311674229],[605896.080706509,4120499.254615625],[605896.0423978049,4120499.159501911],[605893.7226401161,4120494.156702433],[605891.980199563,4120488.36595552],[605891.9413208696,4120488.259161522],[605891.8905756507,4120488.1574686826],[605889.2959828347,4120483.6228396506],[605885.4721080996,4120474.8145799115],[605883.6375262837,4120475.6110154465],[605887.4833518908,4120484.4698388143],[605887.5326781723,4120484.5682470705],[605890.0979293485,4120489.0515950494],[605891.8279406797,4120494.801035257],[605891.8783146015,4120494.933564157],[605894.2063728004,4120499.9542645514],[605895.9701148348,4120505.0767859016],[605896.0158837907,4120505.187628232],[605896.0745919517,4120505.29219482],[605899.5643712764,4120510.7178229564],[605899.5857157833,4120510.749650314],[605902.40970183,4120514.790963069],[605902.4768559671,4120514.876710323],[605903.9014550277,4120516.504678193],[605902.2822069174,4120518.978752706],[605897.3022155914,4120520.6328383987],[605897.1898471001,4120520.677882643],[605897.083745109,4120520.736175261],[605892.1017276815,4120523.880168122],[605892.0847595002,4120523.8911173106],[605886.9846155973,4120527.255547371],[605886.9703598594,4120527.2651282186],[605881.8775537867,4120530.751711511],[605881.8011314634,4120530.8096005316],[605881.7306039355,4120530.874541874],[605881.6666194573,4120530.9459386296],[605881.6097661429,4120531.0231345547],[605881.5605665601,4120531.1054201014],[605881.5194729273,4120531.192038942],[605881.4868629572,4120531.282194918],[605881.3243128102,4120531.8093355675],[605879.3443994876,4120531.2276122984],[605876.551050014,4120527.642763871],[605873.8036775046,4120521.9769660076],[605873.7735431357,4120521.9196290905],[605869.7197421324,4120514.778096273],[605869.6880787783,4120514.7260721033],[605864.959192365,4120507.463899931],[605859.0960382124,4120497.9716682225],[605854.2947626414,4120489.5704692085],[605852.5583289277,4120490.5628390783],[605857.3680698648,4120498.978850661],[605857.3855009528,4120499.008178405],[605863.2638950931,4120508.5250830953],[605863.2766843663,4120508.545246028],[605867.9954616443,4120515.7918935553],[605872.0182272864,4120522.8787517473],[605874.797539932,4120528.610418493],[605874.8483396092,4120528.7025055853],[605874.9085297092,4120528.7887482177],[605877.9647259474,4120532.7109213583],[605878.0326907635,4120532.789379002],[605878.1084224953,4120532.8603685996],[605878.1911051475,4120532.92312525],[605878.2798478293,4120532.9769727616],[605878.3736943546,4120533.021330938],[605878.471633544,4120533.055721828],[605880.734919641,4120533.720703558],[605880.6449911658,4120534.0123364525],[605880.6207609306,4120534.1071700454],[605880.6059179634,4120534.2039181767],[605880.6006044676,4120534.30165395],[605880.6048713492,4120534.3994410057],[605880.618677729,4120534.4963424946],[605880.6418913353,4120534.5914300494],[605880.6742897693,4120534.683792683],[605883.0152686522,4120540.438916641],[605883.0596755042,4120540.5335793714],[605883.1137240989,4120540.623087753],[605883.1768235229,4120540.7064631917],[605886.682536475,4120544.8673248226],[605886.7747104861,4120544.963024518],[605889.6626346094,4120547.5876880786],[605890.572423174,4120550.084064823],[605891.3141652073,4120552.519271753],[605891.9954335428,4120554.7685390655],[605892.0452807392,4120554.899324719],[605894.3248164183,4120559.81542094],[605894.7937377755,4120564.310937693],[605893.1702930361,4120567.8524253457],[605890.1729337793,4120572.3638313436],[605884.9649619081,4120575.488753181],[605882.1474389832,4120575.637589945],[605877.8290313183,4120572.820333891],[605873.0182034514,4120566.547006252],[605872.9636664286,4120566.4818245918],[605872.9037917187,4120566.421509131],[605865.6326977757,4120559.6943747466],[605865.561645632,4120559.63451749],[605865.4853451023,4120559.5815125136],[605858.5160949655,4120555.2055194643],[605850.6662162299,4120547.191876793],[605842.083257147,4120537.737230241],[605836.683058284,4120530.8293927475],[605836.6549432192,4120530.7950288593],[605826.4844914393,4120518.9124430497],[605823.5860933294,4120514.929167857],[605819.3270063035,4120506.123071917],[605817.5265333445,4120506.9938744917],[605821.8245952388,4120515.880554939],[605821.8670001107,4120515.959084516],[605821.9162376693,4120516.0335205984],[605824.8905202057,4120520.1210839334],[605824.939395918,4120520.1829692833],[605835.121067484,4120532.078663662],[605840.5302641902,4120538.9980110344],[605840.5776831671,4120539.054273264],[605849.198148218,4120548.5502349],[605849.2241942482,4120548.577854079],[605857.169975471,4120556.6893999525],[605857.2569502512,4120556.768332423],[605857.3525798931,4120556.8365227366],[605864.3428810615,4120561.2257337314],[605871.4830052004,4120567.831696325],[605876.345975173,4120574.173017358],[605876.4195469043,4120574.2585031497],[605876.5022769306,4120574.335160589],[605876.5931128749,4120574.402014545],[605881.3279486753,4120577.4909412647],[605881.4188594868,4120577.543656916],[605881.5148004885,4120577.5865409425],[605881.6147121352,4120577.619119745],[605881.7174910309,4120577.641033534],[605881.822002115,4120577.652040298],[605881.9270911965,4120577.652018483],[605884.3844626262,4120577.522206864],[605884.6674157028,4120579.8858355694],[605881.527543373,4120582.068953567],[605875.642652218,4120585.7711066958],[605872.907092644,4120586.9825171945],[605873.7169161228,4120588.811228744],[605876.5187247925,4120587.57048061],[605876.6463019676,4120587.502561812],[605882.612000628,4120583.7495731195],[605882.6503751216,4120583.7241811897],[605885.2612706122,4120581.9088548524],[605887.562210211,4120587.8051815154],[605889.071158861,4120593.813053884],[605890.6886762445,4120601.58515483],[605891.5538071857,4120606.049962443],[605891.5598055457,4120606.07865987],[605893.9541345553,4120616.750061404],[605893.9790724538,4120616.840929848],[605894.0124525117,4120616.929047637],[605897.8030489029,4120625.6686211913],[605901.0375841936,4120633.4801495993],[605901.0772722884,4120633.564614997],[605903.9978040442,4120639.0940336445],[605904.065504306,4120639.204288974],[605906.9078541121,4120643.224581687],[605904.9062904854,4120645.815424741],[605904.855676006,4120645.8872556128],[605904.8115627681,4120645.963252468],[605904.7742913922,4120646.042828496],[605903.3559624577,4120649.453663034],[605903.3226342598,4120649.5464756596],[605903.2986097195,4120649.6421196545],[605903.2841224744,4120649.739664885],[605903.2793134123,4120649.8381627286],[605903.2842293009,4120649.936655299],[605903.2988223337,4120650.0341847595],[605903.322950594,4120650.129802641],[605903.3563794356,4120650.2225790652],[605903.3987837648,4120650.3116117846],[605904.439189504,4120652.2443642444],[605906.2002485049,4120651.2963815467],[605905.3852791674,4120649.782420279],[605906.5700725975,4120646.933198034],[605908.9425145084,4120643.86228659],[605908.9985018668,4120643.781977686],[605909.0463682392,4120643.6965791225],[605909.0856548693,4120643.606909367],[605909.1159852298,4120643.5138278245],[605909.1370686315,4120643.418226598],[605909.1487030087,4120643.3210219396],[605909.1507768565,4120643.223145469],[605909.1432702987,4120643.1255352446],[605909.1262552792,4120643.0291267727],[605909.0998948715,4120642.9348440426],[605909.0644417166,4120642.8435906693],[605909.0202356012,4120642.756241235],[605908.9677002014,4120642.6736329054],[605905.7360029864,4120638.102637198],[605902.8675645052,4120632.671846316],[605899.6477132133,4120624.895780336],[605899.6412109812,4120624.8804400065],[605895.884919536,4120616.219959705],[605893.5144980598,4120605.655112821],[605892.650843864,4120601.197926464],[605892.6481264253,4120601.184402335],[605891.0250381411,4120593.385533452],[605891.0158924985,4120593.3456899575],[605889.4865985502,4120587.256812874],[605889.4483029303,4120587.1368755214],[605886.7095679668,4120580.1186660915],[605886.3360457617,4120576.998474516],[605891.395477973,4120573.9626804306],[605891.4694835963,4120573.9136815704]],[[605945.3821902686,4120629.7592186187],[605945.2946753775,4120629.8024566947],[605945.2117930125,4120629.854021227],[605945.1343329088,4120629.913420888],[605945.0630331364,4120629.980089695],[605944.9985730672,4120630.053392403],[605944.9415669016,4120630.132630553],[605943.7925638881,4120631.906357234],[605944.7605361858,4120629.4886779385],[605945.5250510036,4120629.4983194633],[605945.6485752317,4120629.668173171],[605945.4735038101,4120629.7247189875],[605945.3821902686,4120629.7592186187]],[[605943.6045288658,4120632.4797356115],[605943.5670317963,4120635.453035251],[605943.5670238055,4120635.4776053657],[605943.6231719902,4120640.1719917734],[605943.6276366105,4120640.255172382],[605943.6390087013,4120640.337692816],[605944.5163460618,4120645.1974030705],[605940.8146751861,4120645.4058200032],[605940.7373928624,4120645.4131894726],[605938.1681826763,4120645.759268392],[605939.7511885238,4120642.599075972],[605939.7946169559,4120642.4991188883],[605942.876425981,4120634.1945711165],[605943.6161575126,4120632.3469628613],[605943.6100951759,4120632.3862338103],[605943.6045288658,4120632.4797356115]],[[605911.0963021003,4120517.502685084],[605915.1398559001,4120515.600737475],[605915.222060871,4120515.5572943348],[605915.2998756106,4120515.5064039626],[605915.3726274131,4120515.4485063036],[605920.1231751941,4120511.292904532],[605924.2733863253,4120507.9207294118],[605929.1791123734,4120506.2508282447],[605933.5771015837,4120505.836225022],[605935.1955899949,4120510.47007745],[605936.7273600883,4120515.5782466875],[605937.7998813292,4120520.590146314],[605937.8257304403,4120520.686951276],[605937.8611371542,4120520.780683564],[605937.9057460093,4120520.8704021648],[605937.9591091609,4120520.9552063583],[605941.6537242286,4120526.22151669],[605943.756330464,4120530.1985960105],[605943.8031182484,4120530.2780070384],[605943.8570187914,4120530.3527729367],[605944.0167906521,4120530.55413716],[605939.1116440541,4120530.4922802798],[605939.0249232651,4120530.4949507904],[605938.9387603573,4120530.505128227],[605938.8538039332,4120530.5227359775],[605938.770693513,4120530.5476414976],[605932.4251466264,4120532.753435089],[605932.316762927,4120532.7983991285],[605932.214392398,4120532.855749507],[605925.7334641229,4120537.0039933953],[605919.730288971,4120540.5816949517],[605919.6456768042,4120540.638142871],[605919.5672363908,4120540.70289384],[605919.4957792426,4120540.775277971],[605919.4320446259,4120540.8545464072],[605919.3766919124,4120540.939879071],[605918.5276268681,4120542.407240709],[605913.9105426419,4120541.853386996],[605913.8150174379,4120541.846546838],[605913.7192759765,4120541.848875983],[605913.6241963842,4120541.860353068],[605913.530650717,4120541.8808728266],[605909.4884486824,4120542.9728176338],[605909.4000859186,4120543.0011471994],[605909.3147295351,4120543.037545415],[605909.2331144968,4120543.081698873],[605904.0204385279,4120546.2227766365],[605903.9571159083,4120546.2642801576],[605903.8971148399,4120546.3104555644],[605900.6509820996,4120549.0102871656],[605900.6316920973,4120549.026749025],[605898.5719523382,4120550.830140975],[605895.0073336951,4120550.987256591],[605894.9645289942,4120550.9900642247],[605892.9914858558,4120551.162049756],[605892.4777984676,4120549.475567083],[605892.4607389924,4120549.424528714],[605891.4572798689,4120546.671128509],[605891.4198191375,4120546.581991034],[605891.3739249615,4120546.4968880345],[605891.3200263963,4120546.4166151215],[605891.2586273282,4120546.34192275],[605891.1903017649,4120546.2735092044],[605888.1691264198,4120543.527741483],[605884.8082567196,4120539.5387914544],[605882.6613266327,4120534.260722152],[605882.9447452526,4120533.3416118007],[605883.2952545187,4120532.204930687],[605888.0930893718,4120528.920287486],[605893.1776354538,4120525.5661468958],[605898.0481678974,4120522.4925086647],[605903.2433234043,4120520.766956986],[605903.3326541677,4120520.7324545966],[605903.4182750963,4120520.689565708],[605903.499401012,4120520.638683629],[605903.5752879576,4120520.5802749684],[605903.6452400193,4120520.514875357],[605903.7086157091,4120520.4430845347],[605903.7648338464,4120520.3655608534],[605905.6754883316,4120517.4462419823],[605907.8587635254,4120517.561612141],[605907.8989270228,4120517.562925946],[605910.6580646102,4120517.59770924],[605910.7484388734,4120517.594760123],[605910.8381772839,4120517.583659564],[605910.9265461222,4120517.564498323],[605911.0128228663,4120517.5374330655],[605911.0963021003,4120517.502685084]],[[605956.1907447749,4120617.7686252464],[605960.4060207135,4120615.233412819],[605960.4757994723,4120615.187367487],[605960.5414882762,4120615.1356545403],[605960.6026280099,4120615.078635414],[605963.1642341285,4120612.481153877],[605963.2291679876,4120612.408555171],[605963.2867310288,4120612.3299837103],[605965.9807295364,4120608.2498729825],[605968.7915868101,4120604.0491689816],[605968.8241522085,4120603.997111422],[605970.3477707877,4120601.3865388543],[605970.389479426,4120601.307088038],[605970.4238979497,4120601.2242182125],[605970.4507492195,4120601.1385966493],[605971.0635798549,4120598.8256826117],[605974.1424172306,4120597.242004214],[605974.2206422358,4120597.197197767],[605974.2945142499,4120597.145528679],[605974.3634329318,4120597.087416852],[605976.7974710753,4120594.839712005],[605977.998066148,4120593.777975782],[605978.5490807951,4120596.9320104085],[605979.7194005115,4120604.6035841582],[605979.7385546693,4120604.698227484],[605979.7667478293,4120604.7905821623],[605979.8037171117,4120604.879787056],[605981.817365023,4120609.1439263],[605981.8565336743,4120609.21855307],[605985.0002152728,4120614.6398546994],[605985.0828255471,4120614.760908383],[605988.026405691,4120618.4597807745],[605988.0743614617,4120618.515685348],[605988.1263020155,4120618.567908486],[605991.258786325,4120621.4935896597],[605990.935858912,4120621.6112675895],[605990.8892623774,4120621.6295817727],[605984.3058252397,4120624.4093338978],[605984.2086867108,4120624.4566873964],[605978.9237061752,4120627.3965631565],[605972.886877121,4120628.322874974],[605972.8297229258,4120628.333352863],[605966.3227842756,4120629.7227800973],[605961.0631394968,4120630.099577277],[605955.2299665611,4120629.690198889],[605949.680692236,4120628.491511942],[605949.5757534443,4120628.4746233043],[605949.4696148775,4120628.468968155],[605949.3634756228,4120628.4746103813],[605949.2585347755,4120628.4914862416],[605949.1559778918,4120628.5194050823],[605947.6482044335,4120629.0173201184],[605947.2461753625,4120628.4645044534],[605949.7897060013,4120624.4270311208],[605952.8398376184,4120620.5827633124],[605956.1907447749,4120617.7686252464]],[[605961.1353229254,4120632.0995317264],[605966.535057427,4120631.7126986193],[605966.6724237892,4120631.693208433],[605973.2189431363,4120630.295329529],[605979.4045535746,4120629.346188184],[605979.4916591054,4120629.3288319414],[605979.5768810418,4120629.3038152624],[605979.6595471008,4120629.2713354947],[605979.739005162,4120629.2316488577],[605985.1336384584,4120626.230776564],[605991.6441561747,4120623.4818135104],[605993.4747639422,4120622.81472201],[605993.478845555,4120622.8132245713],[605997.5920426385,4120621.2940453747],[606004.3176430574,4120619.4590277653],[606010.6666072251,4120618.208433188],[606014.9685026689,4120618.943723744],[606016.1409861291,4120622.0336001846],[606016.0472478691,4120629.461436661],[606015.4351048757,4120635.0237679402],[606013.5779606054,4120638.1132161757],[606008.7037026375,4120640.7308972445],[606002.4536770585,4120642.5632829107],[606002.3432346039,4120642.602832984],[606002.2381837389,4120642.6550446674],[605997.8386560727,4120645.1737212413],[605990.1222422551,4120647.2160007954],[605990.0441584303,4120647.240121428],[605983.84495385,4120649.43636921],[605976.4944856422,4120651.5091805123],[605976.4027984086,4120651.53989329],[605969.7178688855,4120654.1449815775],[605965.9364617541,4120654.5220362633],[605961.6942899738,4120652.93813256],[605961.6150185474,4120652.9122463926],[605961.5338659546,4120652.8930550045],[605961.451396535,4120652.880691853],[605955.7298633658,4120652.265583546],[605952.0851341342,4120649.853914287],[605946.6176284504,4120645.579336862],[605945.6220300861,4120640.0645602234],[605945.5670277008,4120635.4659707695],[605945.6007286161,4120632.7936840863],[605946.4267345631,4120631.5185709936],[605947.5760811381,4120631.1473468393],[605947.5823041316,4120631.145314374],[605949.5245704894,4120630.5039158813],[605954.8775369622,4120631.6601987863],[605955.0186663164,4120631.680288943],[605960.9938578876,4120632.0996343526],[605961.1353229254,4120632.0995317264]]],[[[605908.5035128898,4119459.3615307505],[605936.8949430601,4119445.1899733944],[605953.2789258998,4119438.352788604],[605952.5086849268,4119436.5070560006],[605936.0934842492,4119443.3572682785],[605936.032000292,4119443.3854030725],[605907.6060816107,4119457.5741753383],[605907.5976568857,4119457.578430313],[605887.2955441944,4119467.952710958],[605888.2056025317,4119469.7336640237],[605908.5035128898,4119459.3615307505]]],[[[605940.8344961446,4119547.415893546],[605940.0171857959,4119545.590515833],[605921.6503059369,4119553.81426091],[605922.4676162855,4119555.6396386228],[605940.8344961446,4119547.415893546]]],[[[605929.4249003001,4119651.1181982],[605929.4747598898,4119651.0335377096],[605929.5160708373,4119650.9443929796],[605930.3497257202,4119648.885975675],[605935.5196606616,4119645.21749375],[605935.5404404163,4119645.2023434],[605939.6345867891,4119642.1359376647],[605939.7145909177,4119642.069239221],[605939.7872231565,4119641.994580659],[605939.8516954936,4119641.912771975],[605939.9073084461,4119641.82470074],[605939.9534586504,4119641.7313224683],[605939.9896454068,4119641.633650253],[605941.439419308,4119636.991502742],[605943.0296602818,4119634.7829257],[605945.9763668922,4119633.6653033067],[605945.2671105231,4119631.795288493],[605942.0392269883,4119633.019555242],[605941.9500062878,4119633.058460999],[605941.8649906077,4119633.1058564144],[605941.784985386,4119633.1612924663],[605941.7107485912,4119633.2242439524],[605941.6429835423,4119633.294114472],[605941.5823322446,4119633.3702420713],[605939.7216762356,4119635.9543800806],[605939.6638593054,4119636.0444859164],[605939.6160066262,4119636.1402563723],[605939.5786666784,4119636.2405937403],[605938.1769348374,4119640.72891152],[605934.3517851467,4119643.593845961],[605928.9539064871,4119647.4240721674],[605928.8792991763,4119647.4825189337],[605928.8105599987,4119647.547766162],[605928.7483063886,4119647.6192277833],[605928.6930975249,4119647.6962619103],[605928.6454293091,4119647.7781766006],[605928.60572991,4119647.8642360745],[605927.6993453524,4119650.1022337107],[605925.7681106778,4119653.041006976],[605916.6498810253,4119657.8740748516],[605916.5728437769,4119657.9194305874],[605916.5001649933,4119657.9714851244],[605916.4324255148,4119658.029822449],[605912.2024717679,4119662.015506984],[605912.1362403198,4119662.0841658115],[605912.0768526555,4119662.158823327],[605912.0248492408,4119662.2388000996],[605911.9807033398,4119662.323368289],[605911.9448167086,4119662.4117582715],[605911.9175159384,4119662.5031656413],[605911.8990494836,4119662.5967585323],[605911.8895854008,4119662.691685191],[605911.8892098193,4119662.787081722],[605911.897926157,4119662.8820799575],[605911.9156550897,4119662.9758153525],[605911.9422352728,4119663.0674348543],[605917.0411641109,4119677.9498463366],[605895.6452401647,4119685.6570025925],[605896.3230390582,4119687.5386477932],[605917.8176434024,4119679.795945269],[605922.235509549,4119688.4135452793],[605921.2751258231,4119689.7182334336],[605921.2218392445,4119689.7984451377],[605921.1765150368,4119689.883410384],[605921.1395735088,4119689.9723412585],[605921.1113572328,4119690.064413071],[605921.0921278693,4119690.1587720052],[605921.0820637392,4119690.2545430353],[605921.0812581711,4119690.3508380405],[605921.0897186353,4119690.4467640403],[605921.1073666748,4119690.5414314773],[605921.1340386326,4119690.6339624645],[605921.1694871695,4119690.723498927],[605922.0587627355,4119692.6876301975],[605923.8807207185,4119691.862724683],[605923.2330228809,4119690.43216297],[605924.2130273742,4119689.100819863],[605924.2685692366,4119689.016811448],[605924.3153797629,4119688.9276425806],[605924.3529841861,4119688.8342176396],[605924.3810011104,4119688.737484169],[605924.3991463796,4119688.6384232715],[605924.4072359583,4119688.5380396526],[605924.4051877997,4119688.437351434],[605924.393022677,4119688.3373798276],[605924.3708639725,4119688.239138777],[605924.3389364267,4119688.1436246727],[605924.2975638588,4119688.051806249],[605919.2289586862,4119678.1648584474],[605914.0432093258,4119663.0290410477],[605917.7057666578,4119659.577987209],[605926.9313160143,4119654.6880351095],[605927.0175199081,4119654.63664339],[605927.0981384714,4119654.576869922],[605927.172359696,4119654.5093167583],[605927.2394360095,4119654.434664308],[605927.2986918045,4119654.3536644876],[605929.4249003001,4119651.1181982]]],[[[605900.929359516,4120082.7604945246],[605899.0758269272,4120083.5117713986],[605902.294498218,4120091.4528013086],[605904.1480308068,4120090.7015244346],[605900.929359516,4120082.7604945246]]],[[[605932.1880793156,4120406.407570391],[605913.9848131479,4120414.014499024],[605910.9905030102,4120414.541095149],[605911.0197726911,4120414.432347667],[605911.0408183963,4120414.335115383],[605911.0520988874,4120414.2362731383],[605911.053502521,4120414.1367991786],[605911.0450154054,4120414.037678002],[605911.0267215378,4120413.9398906142],[605910.9988019734,4120413.844404821],[605910.9615330332,4120413.7521656486],[605909.6226063258,4120410.8613813017],[605909.5761396086,4120410.7729338035],[605909.5210790057,4120410.6895644707],[605909.4579741381,4120410.612105505],[605909.3874549259,4120410.5413301107],[605909.3102253004,4120410.4779447764],[605909.2270561762,4120410.4225822217],[605909.1387777573,4120410.3757950817],[605909.0099077065,4120410.3155377284],[605910.5929157481,4120401.7545246943],[605908.6262545447,4120401.3908714107],[605907.1386448939,4120409.4359635864],[605906.2572101689,4120409.0203582933],[605906.1649594082,4120408.9823635328],[605906.0693818,4120408.9537501535],[605905.971428705,4120408.9348029676],[605905.8720751294,4120408.9257105715],[605905.7723100191,4120408.9265634688],[605905.6731264166,4120408.9373531705],[605905.5755115761,4120408.9579722774],[605902.4861808656,4120409.773433916],[605902.3915588136,4120409.803508126],[605902.3003854227,4120409.842817204],[605902.2135594607,4120409.8909736485],[605902.13193684,4120409.947502744],[605902.0563221794,4120410.011847238],[605901.9874608723,4120410.0833728365],[605901.926031739,4120410.1613744544],[605900.0831528625,4120412.756838317],[605900.0292364156,4120412.84146922],[605899.9840731203,4120412.9310775325],[605899.9481177425,4120413.0247609555],[605899.9217323306,4120413.1215761555],[605899.9051825689,4120413.220548264],[605899.8986351031,4120413.3206806947],[605899.9021558623,4120413.420965176],[605900.1728171259,4120416.5867826045],[605900.1862204843,4120416.6854080562],[605900.2093616821,4120416.782212574],[605900.2420114678,4120416.876237152],[605900.2838463921,4120416.9665503227],[605900.334452012,4120417.052257388],[605900.3933269962,4120417.1325092786],[605900.4598880921,4120417.2065109694],[605901.5781380275,4120418.3317119554],[605900.0364314715,4120420.527672992],[605880.3115992504,4120429.6438196315],[605880.2701551184,4120411.540716766],[605878.2701603594,4120411.545295431],[605878.3137085176,4120430.5674524046],[605868.1006533542,4120435.2924163593],[605868.4926411522,4120425.8054069234],[605866.4943461773,4120425.722840626],[605866.059949443,4120436.2362442026],[605837.7946598529,4120449.2984730126],[605838.6336609559,4120451.113983175],[605867.4533828489,4120437.7955347504],[605879.7348783499,4120432.113628358],[605901.1197679657,4120422.2302596467],[605901.2127260788,4120422.181212801],[605901.3000228613,4120422.1226801127],[605901.3806939629,4120422.055308181],[605901.4538482258,4120421.9798412495],[605901.5186775291,4120421.897112988],[605903.0654128615,4120419.6939891116],[605903.1379274183,4120419.719365294],[605903.2340368904,4120419.7426503673],[605903.3319762681,4120419.7563289483],[605906.5050497769,4120420.0404431997],[605906.6039436467,4120420.0443807263],[605906.7027423872,4120420.038523213],[605906.8004782153,4120420.0229280377],[605906.8961937595,4120419.9977479624],[605906.9889514381,4120419.9632296385],[605907.0778426429,4120419.9197111907],[605907.1619966401,4120419.867618904],[605909.7846879438,4120418.0587179065],[605909.8635777321,4120417.9983100877],[605909.9360832945,4120417.9303715364],[605910.0014888047,4120417.85557299],[605910.0591485339,4120417.7746529127],[605910.1084932244,4120417.688410204],[605910.1490357108,4120417.5976963127],[605910.1803757293,4120417.50340683],[605910.4110715202,4120416.6736903987],[605914.4408749063,4120415.964986641],[605914.5487850095,4120415.939774619],[605914.6532429229,4120415.902777581],[605933.5464755434,4120408.0075201564],[605965.3385468217,4120394.726903465],[605965.4006384129,4120394.6984375212],[605966.7547815817,4120394.020737304],[605973.788952866,4120391.071363325],[605973.0155975843,4120389.2269334383],[605965.9505239305,4120392.1892645434],[605965.889655893,4120392.2172184144],[605964.5361064716,4120392.894621482],[605934.2249317522,4120405.5566179086],[605934.9264588136,4120388.5718719903],[605932.9281626014,4120388.489335644],[605932.1880793156,4120406.407570391]],[[605908.9941207025,4120414.263207002],[605908.6520380175,4120415.5341682644],[605908.3506204652,4120416.6182413413],[605906.3237361205,4120418.016207281],[605903.8696947912,4120417.7964745476],[605903.5847505043,4120417.513566045],[605902.1345970624,4120416.0543984375],[605901.9261122526,4120413.6158343246],[605903.3469811467,4120411.6147186165],[605905.7337376176,4120410.984708907],[605907.4595249039,4120411.798434882],[605907.4624379505,4120411.7998026875],[605907.9611502588,4120412.032991731],[605908.9941207025,4120414.263207002]]],[[[605957.6673665834,4119562.0485069654],[605955.8819449535,4119562.9497669744],[605958.7851968032,4119568.7011912],[605932.6064629448,4119580.3378665536],[605933.4188379608,4119582.1654460547],[605960.5509600458,4119570.1049813256],[605980.223382151,4119561.693322858],[605981.4257302058,4119564.691842136],[605983.2820552315,4119563.9474918162],[605982.0629195684,4119560.9071061527],[605998.1428613274,4119554.037701145],[605997.3571489847,4119552.198501288],[605980.3779646235,4119559.452065749],[605960.6210559999,4119567.899849441],[605957.6673665834,4119562.0485069654]]],[[[606024.3315698853,4119725.9394433135],[606024.3289543142,4119725.9404870206],[606000.7021198152,4119735.407033451],[606001.4459721721,4119737.263558073],[606025.0714996442,4119727.797535328],[606049.5344720379,4119718.075834383],[606048.795850823,4119716.2172223465],[606024.3315698853,4119725.9394433135]]],[[[605978.2476516285,4119884.3216681276],[605978.1869882232,4119884.3850462055],[605978.1321131826,4119884.453497352],[605973.6896106176,4119890.5225457274],[605973.6406055123,4119890.596106761],[605973.5982875181,4119890.673707749],[605970.8047084439,4119896.38320521],[605958.327891543,4119900.505082078],[605958.3049219693,4119900.5129810506],[605944.1850364986,4119905.5612304485],[605944.1499683661,4119905.5745149897],[605933.9597918695,4119909.65485366],[605930.6033643273,4119903.496469197],[605928.8472506657,4119904.4535819422],[605932.6287915232,4119911.391965736],[605932.6791785226,4119911.4746246967],[605932.7373219084,4119911.5520243095],[605932.8026767984,4119911.6234392365],[605932.8746307291,4119911.6882002223],[605932.9525093945,4119911.745700369],[605933.0355829663,4119911.795400823],[605933.1230729325,4119911.836835823],[605933.2141593939,4119911.8696170673],[605933.3079887469,4119911.893437351],[605933.4036816836,4119911.9080734467],[605933.5003414317,4119911.913388193],[605933.5970621584,4119911.909331785],[605933.6929374597,4119911.8959422354],[605933.7870688541,4119911.8733450235],[605933.8785742032,4119911.841751915],[605944.8760105622,4119907.4381711856],[605958.966800581,4119902.400324216],[605971.8265615634,4119898.1519368477],[606062.183659017,4119869.378414209],[606061.576800939,4119867.4727061326],[605973.4450228356,4119895.537592942],[605975.3558130908,4119891.6323331227],[605979.6677473289,4119885.7416584184],[605985.4540476963,4119881.1040778006],[605994.4629541226,4119877.279771427],[605995.965594501,4119876.838753418],[605999.5635762201,4119875.7857319987],[605999.6076681932,4119875.771712376],[606017.4862589175,4119869.628069991],[606017.5133359286,4119869.618327682],[606026.8181715921,4119866.1184339677],[606039.9238804013,4119862.943781628],[606049.3442570397,4119862.0739509654],[606055.6445858722,4119861.7730114246],[606058.6239489833,4119863.48749013],[606059.6214792508,4119861.7540157675],[606056.3882289961,4119859.893437347],[606056.3037785089,4119859.8500408162],[606056.2155929158,4119859.814849272],[606056.1244672225,4119859.7881799703],[606056.03122294,4119859.7702733395],[606055.9367006791,4119859.7612908096],[606055.8417525715,4119859.76131336],[606049.2266838154,4119860.07728667],[606049.1824512002,4119860.08038365],[606039.6673813363,4119860.958957813],[606039.5238995673,4119860.9828296453],[606026.2879071888,4119864.189041136],[606026.1712765268,4119864.22495468],[606016.8226916629,4119867.7413040907],[605998.9795933178,4119873.8727501854],[605995.9994128275,4119874.7449597004],[605987.499694929,4119865.513279674],[605986.0283549421,4119866.867959948],[605993.8587967406,4119875.3727284605],[605993.8440196326,4119875.3770654704],[605993.7348833799,4119875.4160968703],[605984.5455494054,4119879.3169952505],[605984.463166937,4119879.3565011313],[605984.3847340074,4119879.403361149],[605984.3109053422,4119879.457184136],[605978.3136364825,4119884.263850928],[605978.2476516285,4119884.3216681276]]],[[[605989.9005592369,4119982.8011998604],[605989.5586660438,4120003.6368703125],[605991.5583968417,4120003.6696839603],[605991.9037258138,4119982.6246301075],[605991.9000950765,4119982.5215255395],[605991.8858606822,4119982.419343759],[605991.861174138,4119982.3191723614],[605991.8262982009,4119982.2220775457],[605990.4394065869,4119978.9090247173],[605988.5945310149,4119979.681316193],[605989.9005592369,4119982.8011998604]]],[[[606016.7104172223,4120077.828297631],[606016.7950614971,4120077.8733507977],[606016.8836317179,4120077.910089839],[606016.9753135309,4120077.9381769584],[606017.0692639732,4120077.957353911],[606017.1646192229,4120077.967444376],[606017.2605025417,4120077.968355577],[606017.3560323362,4120077.9600791354],[606017.4503302634,4120077.942691149],[606017.5425293063,4120077.9163514907],[606017.6317817464,4120077.881302339],[606017.7172669574,4120077.8378659505],[606020.0298028082,4120076.5196811473],[606021.506342863,4120076.3017892856],[606021.5966093977,4120076.2841941076],[606021.6848777753,4120076.2583807185],[606021.7704014541,4120076.2245674385],[606021.8524571055,4120076.183040247],[606021.9303507328,4120076.1341503668],[606035.7702640267,4120066.533077914],[606035.8465217751,4120066.474553028],[606035.9168078754,4120066.4089765805],[606035.9804728555,4120066.336954523],[606036.0369284251,4120066.2591523696],[606036.0856529119,4120066.1762890434],[606036.1261960819,4120066.089130236],[606036.1581832995,4120065.9984813286],[606036.1813189898,4120065.9051799555],[606036.19538937,4120065.8100882587],[606036.2002644236,4120065.7140849237],[606036.1958991034,4120065.6180570615],[606036.1823337467,4120065.522892007],[606036.1596937028,4120065.4294691253],[606036.128188175,4120065.3386516813],[606036.0881082873,4120065.251278865],[606036.0398243939,4120065.168158037],[606035.9837826578,4120065.0900572673],[606035.2282283256,4120064.1373481695],[606044.8568794793,4120059.1708636973],[606044.9428730889,4120059.1209457503],[606045.0234843034,4120059.062734631],[606045.0979161438,4120058.9968058555],[606045.1654327248,4120058.923811242],[606045.2253665298,4120058.844472466],[606045.2771250112,4120058.759573927],[606045.3201964484,4120058.6699549914],[606045.3541550068,4120058.576501695],[606045.3786649483,4120058.4801379824],[606045.3934839504,4120058.3818165734],[606045.398465502,4120058.282509542],[606045.4023709991,4120048.1295719617],[606045.3977306659,4120048.032962137],[606045.3837787526,4120047.9372524973],[606045.3606457793,4120047.843338406],[606045.3285481549,4120047.7520984286],[606045.2877861522,4120047.664386114],[606043.7280126153,4120044.6931221285],[606043.6771524608,4120044.6069985614],[606043.6179433988,4120044.5263864594],[606043.550977758,4120044.4520922666],[606043.4769254646,4120044.384859225],[606043.3965273391,4120044.3253599345],[606043.3105876866,4120044.2741896287],[606043.2199662494,4120044.2318602153],[606043.1255696065,4120044.19879516],[606043.0283421042,4120044.1753252456],[606042.9292564087,4120044.161685266],[606042.8293037758,4120044.1580116753],[606042.729484134,4120044.1643412253],[606042.6307960814,4120044.1806105943],[606042.0759640906,4120044.300852786],[606041.5691447309,4120044.1832251013],[606040.9644098461,4120043.432060898],[606040.897426082,4120043.356935263],[606040.8232297018,4120043.2889236254],[606040.7425723657,4120043.22871499],[606040.6562711877,4120043.1769193113],[606040.5652004579,4120043.1340613146],[606040.4702827852,4120043.100575182],[606040.372479751,4120043.07680015],[606040.2727821668,4120043.062977076],[606040.1722000375,4120043.0592459976],[606040.0717523292,4120043.065644713],[606039.9724566459,4120043.082108399],[606039.8753189212,4120043.108470267],[606037.2556539447,4120043.963102743],[606037.8759535541,4120045.8644781383],[606039.8393912887,4120045.223931478],[606040.2277850113,4120045.7063700943],[606040.2907743194,4120045.7774227266],[606040.3602187417,4120045.8421807513],[606040.4354921583,4120045.9000603007],[606040.5159158944,4120045.9505395256],[606040.6007648392,4120045.9931632993],[606040.6892739835,4120046.02754732],[606040.7806453175,4120046.0533815767],[606041.8423841026,4120046.2998004886],[606041.9510515194,4120046.318775065],[606042.0611476976,4120046.325665168],[606042.1713329166,4120046.320386955],[606042.2802663716,4120046.3030046546],[606042.3108213354,4120046.296382838],[606043.4022762389,4120048.3755312334],[606043.3986999595,4120057.672616741],[606033.5540783942,4120062.7504993393],[606025.5936658372,4120060.9566940973],[606023.9810723106,4120060.082496395],[606030.3842729888,4120049.2146735094],[606028.6611231059,4120048.199412715],[606021.3744067773,4120060.566781232],[606020.120107425,4120061.0535721052],[606005.6420606178,4120066.654513852],[606005.606369088,4120066.61993961],[606005.529755994,4120066.5590436812],[606005.4475572545,4120066.5059282645],[606005.3605601594,4120066.4611020917],[606005.2695979564,4120066.4249945036],[606005.1755418708,4120066.397951334],[606003.1317787741,4120065.917224713],[606003.0348937389,4120065.899420033],[606002.9367270115,4120065.891234053],[606002.8382311737,4120065.8927462064],[606002.7403620015,4120065.9039418204],[606002.6440691893,4120065.924712256],[606002.5502871355,4120065.9548559627],[606002.4599258746,4120065.9940804346],[606002.3738622465,4120066.042005048],[606000.5939978876,4120067.151358892],[606000.5136309115,4120067.207084973],[606000.4390915825,4120067.2703948095],[606000.3710928136,4120067.3406828907],[606000.3102849611,4120067.4172769636],[606000.2572496069,4120067.499444464],[606000.212493994,4120067.586399522],[606000.1764461761,4120067.677310477],[606000.1494509234,4120067.771307835],[605999.6712104626,4120069.806967747],[605999.653461832,4120069.9036330585],[605999.6452878263,4120070.001573765],[605999.6467673997,4120070.0998438383],[605999.657886261,4120070.1974940677],[605999.6785370108,4120070.2935812306],[605999.7085201794,4120070.3871772024],[605999.7475461536,4120070.4773779213],[605999.7952379737,4120070.563312121],[606000.899765619,4120072.3415357536],[606000.9558572419,4120072.422627118],[606001.0196621361,4120072.4978003516],[606001.0905599855,4120072.566324614],[606001.1678615154,4120072.6275337064],[606001.2508151943,4120072.68083255],[606001.33861454,4120072.7257029684],[606001.4304059602,4120072.7617087285],[606001.5252970513,4120072.788499779],[606002.8767354754,4120073.0990228495],[606003.0140381079,4120074.3484024736],[606003.0273607332,4120074.434717722],[606003.0481639019,4120074.519541319],[606003.0762889313,4120074.6022262457],[606003.1115212889,4120074.6821417976],[606005.13626917,4120078.7799767475],[606005.1765686404,4120078.8535885015],[606007.4364730456,4120082.5993138],[606007.488806117,4120082.677488511],[606009.469360832,4120085.354458683],[606009.5386916437,4120085.4382279376],[606009.6167080355,4120085.513974172],[606009.7024875374,4120085.58080176],[606011.5233726212,4120086.8465456176],[606011.6040529478,4120086.897108064],[606011.6891763945,4120086.9397680555],[606011.7779712429,4120086.974138842],[606011.8696324897,4120086.9999088226],[606011.9633291457,4120087.0168443695],[606012.0582117684,4120087.0247919466],[606014.4352834724,4120087.1102647022],[606014.5382511789,4120087.1086612423],[606014.6405079977,4120087.0964767165],[606014.7409695034,4120087.07384034],[606014.8385703099,4120087.0409921706],[606014.9322753685,4120086.99828056],[606015.0210909445,4120086.946158462],[606015.1040751558,4120086.8851786265],[606016.5277380242,4120085.721529913],[606025.5126591441,4120080.8657419183],[606024.56176543,4120079.106253031],[606015.4931198228,4120084.0072888755],[606015.4119105145,4120084.0562903304],[606015.3357089375,4120084.1127652274],[606014.130318152,4120085.0980065144],[606012.4236829939,4120085.0366407554],[606010.9792310222,4120084.0325651946],[606009.124612841,4120081.525814175],[606006.9107298609,4120077.8563680393],[606004.982785132,4120073.9544504895],[606004.856032492,4120072.8010700853],[606006.1088888586,4120072.0241415957],[606006.189707479,4120071.9683497553],[606006.2646639036,4120071.9048996707],[606006.3330352246,4120071.8344032783],[606006.3941620428,4120071.7575404723],[606006.447454828,4120071.6750525464],[606006.4923996045,4120071.5877350457],[606006.5285629078,4120071.4964300934],[606006.5555959654,4120071.4020182686],[606006.6470886394,4120071.010818065],[606007.1743512022,4120071.264041658],[606014.558820048,4120075.532845925],[606014.6687374159,4120075.587673095],[606015.3747739822,4120075.887208919],[606015.7287836024,4120076.4562389194],[606016.3716715468,4120077.4952621353],[606016.4259758428,4120077.5742905135],[606016.487599621,4120077.647754458],[606016.5559762851,4120077.7149785077],[606016.6304771502,4120077.775344576],[606016.7104172223,4120077.828297631]],[[606007.0252307814,4120068.876808753],[606006.994316087,4120068.7818838703],[606006.9540907088,4120068.6905144523],[606006.9049555513,4120068.6036111275],[606006.7558092051,4120068.368094633],[606018.9802850962,4120063.638963814],[606016.0765804822,4120074.012405239],[606015.5064940201,4120073.7705462105],[606008.1422035941,4120069.5134066585],[606008.0746528796,4120069.4777275636],[606007.0477036672,4120068.9845240107],[606007.0465266823,4120068.974343035],[606007.0252307814,4120068.876808753]],[[606020.9827372123,4120074.35739797],[606019.5518878187,4120074.5685472963],[606019.4607521651,4120074.5863542017],[606019.3716611816,4120074.6125379726],[606019.2853830811,4120074.6468728324],[606019.2026618221,4120074.6890627192],[606017.7288984772,4120075.529132915],[606021.3095555499,4120062.737288928],[606022.4191851703,4120062.306644066],[606023.2802755939,4120061.977566428],[606024.762205036,4120062.780930259],[606024.8447180707,4120062.82088113],[606024.9305430489,4120062.8531076116],[606025.0189586569,4120062.877338857],[606033.1249811694,4120064.703955954],[606033.7542875843,4120065.4974739333],[606020.9827372123,4120074.35739797]],[[606004.9833355339,4120069.342345655],[606004.7025527928,4120070.5429036943],[606003.615922331,4120071.2167512206],[606002.3789940599,4120070.9325394076],[606001.7130912965,4120069.8604756747],[606002.0020728799,4120068.6304078056],[606003.0787535654,4120067.959334276],[606004.3156236722,4120068.2502664234],[606004.4105870256,4120068.40290855],[606004.4148365464,4120068.4096786655],[606004.9893892836,4120069.3169529634],[606004.984420101,4120069.337757122],[606004.9833355339,4120069.342345655]]],[[[605943.4020350651,4120232.9480981682],[605946.3925627342,4120235.270846383],[605946.4763821102,4120235.3293352704],[605946.5657339381,4120235.3789627682],[605946.6596847918,4120235.4192104368],[605954.5028735311,4120238.3143482334],[605955.1954514217,4120236.438092423],[605947.4972918225,4120233.5964888916],[605944.5261948251,4120231.288832514],[605944.455942821,4120231.2389665055],[605944.381659511,4120231.195332199],[605944.3038962231,4120231.1582534458],[605941.066841834,4120229.782622595],[605938.7479798321,4120228.32983438],[605937.6861433,4120230.024680444],[605940.0720247567,4120231.519456959],[605940.1404881978,4120231.5586767723],[605940.2118306218,4120231.592376847],[605943.4020350651,4120232.9480981682]]],[[[605971.833680026,4120231.5083698514],[605971.7397661195,4120231.5126674934],[605971.6466708163,4120231.5257654353],[605971.5552169199,4120231.5475479146],[605971.4662127264,4120231.5778224105],[605968.8978870055,4120232.5884679435],[605969.6302339667,4120234.4495611517],[605971.9288190884,4120233.5450595277],[605976.9700266558,4120234.5113822166],[605977.7565168184,4120235.160123378],[605977.8361304897,4120235.219407056],[605977.9212292971,4120235.2705058246],[605978.0109747711,4120235.3129162127],[605978.1044826596,4120235.3462203555],[605978.2008316393,4120235.370090111],[605978.2990723944,4120235.3842902933],[605978.3982369694,4120235.388680989],[605981.4354021272,4120235.372270103],[605998.8998478388,4120236.7525833813],[605998.9955417024,4120238.435186815],[605999.0056226165,4120238.5308912457],[605999.0248561937,4120238.6251835166],[605999.0530643123,4120238.717190391],[605999.089985738,4120238.8060597964],[605999.135278543,4120238.8909687162],[605999.1885232723,4120238.9711308125],[605999.2492268282,4120239.045803707],[605999.3168270374,4120239.114295857],[606000.0952211524,4120239.8305059536],[605998.1505917384,4120247.9561153944],[605996.1437219671,4120254.4350292794],[605998.0541694654,4120255.026798116],[606000.0707297113,4120248.5165998144],[606000.088042905,4120248.4534639623],[606001.9807568038,4120240.5447828462],[606017.3010575683,4120241.540836756],[606021.4766846512,4120245.437554739],[606024.9944682266,4120254.5343538686],[606025.0354298818,4120254.626246418],[606025.0854177072,4120254.7135580154],[606025.1439257211,4120254.7954048854],[606025.2103616997,4120254.8709585653],[606025.2840531715,4120254.939454294],[606025.3642542242,4120255.00019875],[606025.450153055,4120255.0525770723],[606025.5408801874,4120255.096059083],[606025.6355172726,4120255.1302046524],[606025.7331063846,4120255.154668156],[606025.8326597172,4120255.1692019715],[606025.9331695815,4120255.1736589866],[606026.0336186069,4120255.167994086],[606033.6146423654,4120254.356309125],[606041.3320430825,4120255.297263873],[606041.7239896681,4120256.3079510573],[606041.5927444559,4120265.427931672],[606026.492521935,4120270.35532532],[606007.034515733,4120276.6894097286],[606006.1681699889,4120269.876560598],[606008.7440144126,4120266.1431399384],[606007.0978096966,4120265.007353852],[606004.6615003541,4120268.538532812],[605976.2164496463,4120264.1008528234],[605977.0363298939,4120260.103515013],[605977.0513268783,4120260.006336897],[605977.0567075396,4120259.9081557165],[605977.0524198548,4120259.8099207357],[605977.0385052793,4120259.712581739],[605977.0150983464,4120259.6170798475],[605976.9824253657,4120259.5243384214],[605976.9408022357,4120259.435254131],[605976.8906313898,4120259.350688287],[605976.8323979042,4120259.2714585145],[605976.7666648094,4120259.198330845],[605976.6940676455,4120259.1320123146],[605976.6153083177,4120259.0731441225],[605976.5311483104,4120259.022295436],[605976.4424013242,4120258.9799578856],[605976.349925409,4120258.9465408116],[605976.2546146677,4120258.9223673064],[605970.8024161636,4120257.821654973],[605970.7055826772,4120257.8069983544],[605970.6077798873,4120257.801884173],[605970.5099458733,4120257.806361481],[605970.4130190143,4120257.8203873346],[605970.3179289881,4120257.8438272043],[605970.2255878545,4120257.876456265],[605970.1368813073,4120257.9179615546],[605970.052660179,4120257.9679449727],[605969.9737322798,4120258.0259271017],[605969.90085465,4120258.091351804],[605969.8347262982,4120258.1635915553],[605969.7759814973,4120258.241953465],[605969.7251837003,4120258.3256859225],[605969.6828201365,4120258.4139858037],[605969.6492971376,4120258.506006177],[605969.624936241,4120258.6008644253],[605968.954337918,4120261.8688397324],[605968.0504146606,4120261.6917449106],[605968.0451924128,4120261.690736192],[605960.6181553954,4120260.2766228323],[605960.2440742245,4120262.241327206],[605967.668498792,4120263.6549431533],[605968.5534500229,4120263.8283210136],[605967.8563344661,4120267.2458075145],[605967.8414616182,4120267.3428129703],[605967.8361689409,4120267.4408091316],[605967.8405074097,4120267.538852172],[605967.8544352395,4120267.635997813],[605967.8778182877,4120267.7313104207],[605967.9104313463,4120267.8238720135],[605967.9519603102,4120267.912791107],[605968.0020052035,4120267.9972112984],[605968.0600840304,4120268.076319515],[605968.1256374189,4120268.1493538446],[605968.1980340072,4120268.215610875],[605968.2765765248,4120268.2744524674],[605968.3605085085,4120268.325311903],[605968.4490215875,4120268.367699341],[605968.5412632691,4120268.4012065376],[605968.63634515,4120268.4255107758],[605974.0883982491,4120269.5373164904],[605974.1854399225,4120269.5521873436],[605974.2834721192,4120269.557471001],[605974.3815499827,4120269.553116538],[605974.4787282159,4120269.5391659243],[605974.5740701929,4120269.515753618],[605974.6666569858,4120269.4831052735],[605974.755596222,4120269.441535562],[605974.8400306848,4120269.391445142],[605974.9191465756,4120269.333316798],[605974.9921813572,4120269.2677107817],[605975.058431104,4120269.1952594207],[605975.1172572853,4120269.1166610173],[605975.1680929213,4120269.032673121],[605975.2104480463,4120268.944105226],[605975.2439144322,4120268.85181097],[605975.268169522,4120268.7566799065],[605975.8158106337,4120266.0625420334],[606004.2307743669,4120270.495528187],[606005.0689976339,4120277.0872252025],[606004.9156159912,4120277.9307792056],[606004.373403546,4120280.881349939],[606002.0261819613,4120285.1482889913],[605998.6199485832,4120288.454601162],[605974.1854682491,4120298.1644302635],[605972.3412355419,4120288.7670993526],[605972.3170125083,4120288.6697826753],[605972.2831640561,4120288.5753815453],[605972.2400306088,4120288.4848453826],[605972.1880459721,4120288.3990847357],[605972.1277329708,4120288.3189621237],[605972.0596981901,4120288.245283364],[605971.9846258756,4120288.1787894648],[605971.9032710515,4120288.1201491747],[605971.8164519268,4120288.069952256],[605971.7250416669,4120288.028703554],[605971.6299596113,4120287.996817919],[605971.5321620279,4120287.9746160335],[605971.4326324954,4120287.9623211888],[605971.3323720114,4120287.9600570374],[605971.2323889247,4120287.967846351],[605965.3397141433,4120288.7257359996],[605965.2375499096,4120288.74431161],[605965.1378627485,4120288.7733814195],[605958.5692078075,4120291.0651163245],[605959.2280401941,4120292.953485962],[605965.6982532246,4120290.6960964086],[605970.5589634194,4120290.07093346],[605972.4547364208,4120299.7308891453],[605972.4781475149,4120299.825511621],[605972.5106598102,4120299.9174052705],[605972.5519643914,4120300.0056969672],[605972.6016688033,4120300.0895478087],[605972.6593007798,4120300.1681610867],[605972.7243127312,4120300.240789857],[605972.7960869469,4120300.3067440395],[605972.8739414648,4120300.36539697],[605972.9571365508,4120300.4161913577],[605973.0448817273,4120300.458644581],[605973.1363432845,4120300.4923532703],[605973.2306522008,4120300.5169971436],[605973.326912401,4120300.5323420465],[605973.4242092693,4120300.53824218],[605973.5216183406,4120300.5346414833],[605973.6182140833,4120300.5215741694],[605973.7130786935,4120300.4991643964],[605973.8053108158,4120300.4676250913],[605998.9250768698,4120290.4854755993],[606000.6555654005,4120292.2516608364],[606000.0585892237,4120297.215149088],[606000.0515900893,4120297.3168885615],[606000.054989239,4120297.4188118377],[606000.0687513219,4120297.5198589233],[606000.0927332136,4120297.6189789376],[606000.1266855047,4120297.715141042],[606000.1702550944,4120297.8073451594],[606002.67576967,4120302.477152731],[606004.4381272848,4120301.531586426],[606002.0820133586,4120297.140233544],[606002.698561818,4120292.014013849],[606002.705511781,4120291.914866058],[606002.7025851865,4120291.815518076],[606002.6898109446,4120291.7169513213],[606002.667315247,4120291.620139493],[606002.6353203193,4120291.526038956],[606002.5941422263,4120291.43557929],[606002.5441877493,4120291.3496541097],[606002.4859503678,4120291.269112233],[606002.420005385,4120291.194749301],[606000.5913040058,4120289.3283252697],[606003.5266709724,4120286.479066734],[606003.5942611753,4120286.4066185458],[606003.6543501331,4120286.3278372497],[606003.7063479421,4120286.243496255],[606006.2038386234,4120281.703387818],[606006.2503244375,4120281.6070039016],[606006.28624499,4120281.5062045753],[606006.3111889621,4120281.402144071],[606006.7752001447,4120278.877123062],[606025.6078509648,4120272.7466080086],[606023.3130211376,4120290.497725539],[606023.1460018153,4120291.782416574],[606025.1293111774,4120292.0402614386],[606025.1637520946,4120291.7753463555],[606027.40331148,4120292.131230667],[606028.7929716766,4120293.127867999],[606031.830999825,4120297.7410658174],[606031.754077287,4120303.8361650673],[606030.2660253127,4120311.6033501],[606013.5415068679,4120318.657019239],[606013.4292396632,4120318.7043665135],[606014.4966033247,4120309.2436513714],[606012.5092115788,4120309.019432621],[606011.3157077553,4120319.598207318],[606008.9712861389,4120320.59776909],[606000.8271898198,4120324.048126224],[605998.3253505129,4120324.8337297053],[605998.3207954798,4120324.8351719966],[605992.3332192178,4120326.74680952],[605988.9242640537,4120326.1721037077],[605986.3121511531,4120321.40171256],[605986.2541385319,4120321.3083455437],[605986.1862288057,4120321.221909827],[605983.8304967615,4120318.541020441],[605990.5211434816,4120311.2388458014],[605989.0465321247,4120309.887727248],[605982.5028663522,4120317.029486819],[605982.2237126296,4120316.71155423],[605982.1595573581,4120316.644966005],[605982.0895258093,4120316.5845882543],[605982.0142167452,4120316.5309372013],[605976.2402009817,4120312.8074664227],[605976.157712726,4120312.7596793296],[605976.0710489006,4120312.719964094],[605975.9809970993,4120312.6886816444],[605975.8883757053,4120312.6661162735],[605975.7940264546,4120312.652473053],[605975.6988067852,4120312.647875972],[605975.6035820459,4120312.6523668086],[605970.2464648447,4120313.161796124],[605970.1516391585,4120313.175422973],[605970.0585525595,4120313.1980611454],[605969.9680593594,4120313.229502877],[605964.9379223656,4120315.252137554],[605964.8443855724,4120315.29547618],[605964.7558076062,4120315.348214327],[605964.6731298178,4120315.409791527],[605964.5972308546,4120315.4795533763],[605964.5289173226,4120315.55675849],[605964.4689152151,4120315.640586381],[605963.804905011,4120316.6772894966],[605963.4817626105,4120314.2561511905],[605963.7750132404,4120309.6087388685],[605961.7789829705,4120309.4827898256],[605961.4795505664,4120314.2281704056],[605961.4781723225,4120314.325971272],[605961.4863551841,4120314.423438958],[605962.1835861034,4120319.6474283948],[605962.1846302863,4120319.6472890307],[605962.1934162778,4120319.7072088877],[605963.1658634868,4120324.675804178],[605964.4630230342,4120332.5561408806],[605960.5986572364,4120338.8881837265],[605956.2848203621,4120340.455982765],[605954.0588671732,4120341.165006102],[605954.6658695658,4120343.070668217],[605956.9109906063,4120342.355539426],[605956.9490652665,4120342.3425625777],[605961.0304533108,4120340.8592435652],[605963.7035107481,4120343.3918896574],[605963.7769357513,4120343.4550009086],[605963.8561199172,4120343.510715619],[605963.9403209531,4120343.558511505],[605964.0287495364,4120343.5979405143],[605964.1205767143,4120343.62863303],[605969.0525199029,4120345.0155905075],[605972.9865027504,4120348.6567568895],[605975.055242752,4120353.0677187885],[605975.1034815497,4120353.158194328],[605975.1607312218,4120353.2432547766],[605975.2263899135,4120353.3220059103],[605981.2578861272,4120359.844959103],[605981.3306838769,4120359.916062188],[605981.4103308107,4120359.979398804],[605981.4960021719,4120360.0343130906],[605981.5868108197,4120360.0802364014],[605981.6818164161,4120360.116693193],[605981.7800351626,4120360.14330595],[605981.8804499885,4120360.159799092],[606001.4715025759,4120362.3611218613],[606001.499957992,4120364.694134492],[606001.6174552579,4120380.6601585215],[606001.5741087524,4120381.804401524],[605995.9378922632,4120381.932976806],[605995.847663739,4120381.9391256915],[605995.758359727,4120381.953401153],[605995.6707106442,4120381.9756864323],[605995.5854333722,4120382.005799257],[605991.5719128997,4120383.6306850035],[605992.3224434931,4120385.4845199017],[605996.1663955179,4120383.9282844476],[606002.5323661608,4120383.783061766],[606006.2027987959,4120383.906453866],[606006.2699965595,4120381.9075830695],[606003.5750666021,4120381.8169852844],[606003.6168778462,4120380.7132694717],[606003.6175675296,4120380.668055362],[606003.4998860378,4120364.6769979494],[606003.4998387423,4120364.6721610087],[606003.4743921906,4120362.585840194],[606015.6426262793,4120363.949499488],[606016.8483609522,4120367.9095043023],[606016.8769988903,4120367.990805782],[606016.912531935,4120368.0693389904],[606016.9546960738,4120368.144520421],[606017.0031780244,4120368.215791471],[606024.210544905,4120377.8867845903],[606025.5961293944,4120383.620401779],[606025.6222541932,4120383.7099759653],[606028.0956635615,4120390.920409912],[606028.134177242,4120391.016245573],[606028.1823706669,4120391.1075974824],[606029.8848860457,4120393.966490752],[606028.088716603,4120396.2913343986],[606026.1883279507,4120397.5854751524],[606026.1471408089,4120397.6150794285],[606022.1872358599,4120400.616551607],[606023.3953461007,4120402.210436686],[606027.3350330009,4120399.2242890955],[606029.3457790181,4120397.854996365],[606029.4293419707,4120397.7914220593],[606029.5057783717,4120397.7194363945],[606029.574245551,4120397.639832973],[606031.6666559837,4120394.9315544637],[606034.4397057868,4120394.2788402913],[606041.3894412364,4120394.7683534906],[606041.4925087516,4120394.770286689],[606041.5952276556,4120394.7615989577],[606041.6965063908,4120394.742382617],[606041.7952687035,4120394.7128418735],[606041.890465081,4120394.6732906452],[606041.9810839047,4120394.62414923],[606047.1944664917,4120391.4387763506],[606047.2848448247,4120391.37649637],[606047.3678532749,4120391.3046866474],[606047.4424918364,4120391.224212277],[606047.5078613354,4120391.136042738],[606049.8056101633,4120387.652322184],[606051.4627606288,4120387.1509338254],[606058.0960235157,4120388.1365781613],[606058.1843115882,4120388.1457146113],[606058.2730620308,4120388.1469863825],[606058.3615756446,4120388.140383456],[606058.4491550963,4120388.125957851],[606063.1201024099,4120387.1418844247],[606063.2115216117,4120387.1180638573],[606063.3002850043,4120387.0857227063],[606063.3856003841,4120387.0451496136],[606063.4667063209,4120386.9967066892],[606067.9319152486,4120384.0349206147],[606068.0176426063,4120383.971212756],[606068.0960862046,4120383.8987250123],[606068.1663511695,4120383.8182843146],[606071.9451971235,4120378.994774999],[606071.991182083,4120378.9310730183],[606072.0320241966,4120378.8639575904],[606073.5797517061,4120376.0798877007],[606078.3425951621,4120375.395624082],[606078.4082959181,4120375.3839355824],[606080.9707101862,4120374.839288543],[606081.0658457443,4120374.814116895],[606081.1580465146,4120374.779716252],[606081.2464195889,4120374.736419762],[606081.3301091285,4120374.684646726],[606081.4083046514,4120374.624898534],[606085.9711139813,4120370.768570214],[606090.9905087425,4120367.1487226225],[606091.0598795073,4120367.093873176],[606095.2943913763,4120363.4301292542],[606095.3701000506,4120363.3573317546],[606095.4377557795,4120363.2769950777],[606095.4966122337,4120363.19000544],[606095.5460201513,4120363.0973224477],[606095.5854344998,4120362.999968514],[606095.6144204885,4120362.899017576],[606095.6326583648,4120362.7955832533],[606096.1237153508,4120358.7901902986],[606097.1466891777,4120357.4591164463],[606097.9675611204,4120356.4014306627],[606104.8417093592,4120352.3038538448],[606104.9497831002,4120352.2294078637],[606107.6027985215,4120350.1324491506],[606111.302846908,4120347.2067257822],[606114.9396519774,4120344.3579942533],[606115.0142261692,4120344.2933974266],[606115.0820719559,4120344.221766363],[606115.1425289228,4120344.143798323],[606115.1950085779,4120344.0602522525],[606115.2390000812,4120343.971941394],[606117.1495871004,4120339.6096424293],[606118.0056815111,4120337.8531869114],[606118.931729259,4120335.961757029],[606124.238062511,4120332.4978605844],[606132.0458440834,4120331.9277847894],[606137.8672502894,4120332.6343569714],[606139.3484469774,4120332.815796424],[606150.7692195578,4120334.9992032726],[606154.1956250102,4120343.6981513714],[606156.0564748319,4120342.965186201],[606152.4282688128,4120333.7539074165],[606152.3867279156,4120333.662257695],[606152.3361867855,4120333.575246709],[606152.2771571674,4120333.4937554714],[606152.2102367551,4120333.418609108],[606152.1361031389,4120333.3505684985],[606152.0555069452,4120333.2903225766],[606151.9692642362,4120333.2384813507],[606151.8782482465,4120333.1955697304],[606151.7833805421,4120333.1620222083],[606151.6856216885,4120333.138178465],[606140.8187719684,4120331.060669791],[606140.9844010925,4120330.9577823356],[606141.0854862457,4120330.885936085],[606143.9094688856,4120328.6025133543],[606143.9795498684,4120328.5401916867],[606144.0434843472,4120328.4715788835],[606144.1007099967,4120328.3972784164],[606144.1507234982,4120328.317943783],[606146.8916094827,4120323.4813530417],[606146.9348020045,4120323.395824737],[606146.9696106969,4120323.306555259],[606146.9957159924,4120323.2143641617],[606147.0128782266,4120323.1200978234],[606147.0209398383,4120323.0246216734],[606147.1526912048,4120319.397679083],[606152.5649160955,4120320.7913708934],[606152.6622515722,4120320.8113380843],[606152.761088096,4120320.8215471664],[606152.860449865,4120320.821897346],[606156.8203228213,4120320.638910719],[606156.9265237317,4120320.6283014785],[606164.5103545135,4120319.4591648467],[606164.614555523,4120319.437367613],[606164.7158489131,4120319.4046167517],[606164.8130867287,4120319.361283427],[606164.9051669767,4120319.3078587353],[606170.3004311078,4120315.78087633],[606170.3865292736,4120315.7177865617],[606170.4654124309,4120315.645879256],[606170.5361818471,4120315.5659736693],[606175.7389127292,4120309.0184029825],[606175.8008852134,4120308.9312151126],[606175.8531901151,4120308.837906427],[606175.8952289447,4120308.7395445937],[606175.926520681,4120308.6372550987],[606175.9467072742,4120308.5322083714],[606176.4225807628,4120305.0636063856],[606178.8693086539,4120300.1951996465],[606178.8697867598,4120300.194247064],[606179.0388087771,4120299.8570381524],[606185.4577791678,4120303.1082121357],[606185.3668979602,4120304.350843772],[606185.364482227,4120304.4460559958],[606185.3711354473,4120304.5410661954],[606185.3867972683,4120304.6350125135],[606185.4113256185,4120304.7270427444],[606185.4444979961,4120304.816322063],[606185.4860134879,4120304.9020405984],[606185.5354954985,4120304.9834207804],[606186.5580780178,4120306.497715954],[606187.4668724719,4120307.8995124125],[606187.5222384463,4120307.9766296046],[606187.5846677156,4120308.0481491038],[606187.653597639,4120308.113426344],[606187.7284069887,4120308.1718730177],[606187.8084215492,4120308.222962376],[606187.8929201928,4120308.2662339797],[606187.9811413797,4120308.3012978444],[606188.0722900205,4120308.32783796],[606190.850121678,4120308.995429008],[606190.9539286335,4120309.0146454885],[606191.0591829842,4120309.022811197],[606191.164711654,4120309.0198351247],[606191.2693385091,4120309.0057504405],[606194.1334310983,4120308.4649500027],[606194.2284575294,4120308.442147669],[606194.3208045386,4120308.4101789505],[606194.4095902145,4120308.3693491477],[606194.4939666569,4120308.3200481837],[606194.5731280732,4120308.2627468817],[606194.6463184744,4120308.1979924673],[606194.7128388946,4120308.1264033425],[606194.7720540655,4120308.0486631817],[606194.8233984844,4120307.9655144014],[606194.8663818133,4120307.877751069],[606195.5885888635,4120306.2002613964],[606195.6233998358,4120306.106836679],[606195.6487349846,4120306.010409962],[606195.664342479,4120305.9119397243],[606195.6700671809,4120305.8124047588],[606195.6658521869,4120305.712794441],[606195.6517393938,4120305.614098896],[606195.6278690826,4120305.517299155],[606194.8955824734,4120303.0779817156],[606194.8650880117,4120302.9911348578],[606194.826737377,4120302.9074597857],[606194.7808554868,4120302.8276654184],[606194.7278310658,4120302.7524277973],[606194.6681133523,4120302.6823843564],[606194.6022082919,4120302.618128525],[606194.5306742514,4120302.5602046964],[606194.4541172876,4120302.509103618],[606191.8033999122,4120300.9110398944],[606191.7167766778,4120300.8644639077],[606191.6259971426,4120300.8266223534],[606191.5319394087,4120300.797881268],[606191.4355132879,4120300.778518663],[606189.3364812159,4120300.4634882635],[606189.231710815,4120300.4533656347],[606189.1264567918,4120300.45431175],[606189.0218852877,4120300.4663161268],[606188.9191548823,4120300.489245766],[606188.819403757,4120300.522846622],[606186.5537198792,4120301.4213931644],[606179.9323458091,4120298.067702806],[606181.6828676849,4120294.5489201755],[606184.4206662945,4120289.138360822],[606184.458797609,4120289.053400094],[606184.4888601678,4120288.9652606305],[606184.5105932587,4120288.8747068057],[606185.2494226358,4120285.0115294103],[606185.9033300654,4120284.3769524097],[606184.5104899144,4120282.9416836845],[606183.9421627778,4120283.493210267],[606167.1390556176,4120282.65244779],[606164.1956417086,4120280.749565834],[606164.1158430751,4120280.7030562046],[606164.0320936247,4120280.6641075574],[606163.9451078214,4120280.6330521624],[606163.8556277382,4120280.6101549515],[606163.7644167268,4120280.5956112607],[606153.3085397639,4120279.4204585804],[606153.2015774063,4120279.414213027],[606153.0945607941,4120279.419447297],[606152.9887184729,4120279.436101304],[606149.9381390269,4120280.0852430947],[606145.1090154254,4120281.1001123064],[606142.6008581897,4120281.6230620346],[606142.4881123684,4120281.6535363076],[606142.3796885591,4120281.6969480473],[606130.6056642552,4120287.2294485215],[606130.6047575284,4120287.2298751385],[606128.7988639659,4120288.080657355],[606115.596537889,4120294.0804495276],[606103.9406378822,4120299.3815477686],[606094.4373447328,4120303.7018365883],[606087.4356733694,4120303.1724162833],[606087.7587387076,4120299.970379728],[606087.7637880201,4120299.87195636],[606087.763197729,4120299.8594953585],[606087.7637347529,4120299.859489716],[606087.6065606666,4120284.899872509],[606087.6007291825,4120284.8020332335],[606087.5907990376,4120284.739540958],[606087.5918824429,4120284.739352897],[606085.5528466894,4120272.992609045],[606098.4747581778,4120257.3097758642],[606112.8865163923,4120242.2966970396],[606128.0146977562,4120232.1526005785],[606140.5002784962,4120225.7920217533],[606142.0365726077,4120225.430411914],[606147.5972225387,4120224.142516337],[606149.5142758002,4120223.9849923933],[606149.3504881442,4120221.9917102745],[606147.3607458579,4120222.155207063],[606147.2170036681,4120222.177636448],[606142.4975267741,4120223.2707089293],[606141.6345598734,4120220.3934156126],[606141.6027262289,4120220.3032040964],[606141.5624181788,4120220.2164471964],[606141.514004602,4120220.1339388685],[606141.4579285552,4120220.0564341876],[606136.8718094093,4120214.3172616633],[606136.7984806198,4120214.2351971795],[606136.7165781284,4120214.161687501],[606127.6178222551,4120206.8580038506],[606120.9354863518,4120201.437920595],[606120.8496753582,4120201.3755627843],[606120.7577418091,4120201.322645436],[606110.9266510357,4120196.338359839],[606110.8195362779,4120196.2917056466],[606110.7077111006,4120196.257863148],[606096.8890333202,4120192.9431407386],[606096.775064316,4120192.9226963073],[606083.8746944222,4120191.372785535],[606083.7841640005,4120191.366058922],[606083.6933965973,4120191.367569905],[606071.2251027526,4120192.142232149],[606071.1293841118,4120192.152825281],[606071.0351282988,4120192.1725765932],[606070.1003290229,4120192.4159870194],[606070.091210093,4120192.418407469],[606057.1200060911,4120195.9269552203],[606055.8487092188,4120196.2654540534],[606055.7165745464,4120196.310731241],[606045.0646771607,4120200.814478052],[606044.9583982019,4120200.867045825],[606044.85908825,4120200.9318233007],[606035.9286942413,4120207.543387827],[606035.9293906136,4120207.544328433],[606035.8911866215,4120207.5725610447],[606026.2456332743,4120215.449653765],[606014.2562739584,4120225.1469261716],[606004.1478423926,4120233.150254468],[605999.7063686157,4120234.810090346],[605981.5509505955,4120233.375165643],[605981.4667574015,4120233.3720714836],[605978.7496896469,4120233.3867527694],[605978.0455482431,4120232.805937479],[605977.965300703,4120232.7462293627],[605977.8794898412,4120232.6948365336],[605977.7889741717,4120232.652273164],[605977.6946592794,4120232.618965088],[605977.5974887587,4120232.5952455443],[605972.0206435961,4120231.526249289],[605971.9275824974,4120231.512910494],[605971.833680026,4120231.5083698514]],[[606043.7233507636,4120256.0461878385],[606043.7109248681,4120255.9509477583],[606043.6894192934,4120255.857339073],[606043.6590324302,4120255.766225329],[606042.9801203216,4120254.015558803],[606042.9402075909,4120253.9259463977],[606042.8917066044,4120253.840675866],[606042.8350841068,4120253.760567802],[606042.7708849998,4120253.686393117],[606042.6997270974,4120253.618865625],[606042.6222951815,4120253.5586351706],[606042.539334411,4120253.5062813764],[606042.4516431513,4120253.4623080636],[606042.3600652914,4120253.4271384063],[606042.2654821223,4120253.4011108563],[606042.1688038568,4120253.384475887],[606033.7430532234,4120252.3571545966],[606033.6293560131,4120252.3498303224],[606033.5155636171,4120252.3554864],[606026.583245397,4120253.0977157643],[606023.2593374953,4120244.5022686995],[606023.2230620375,4120244.4197306335],[606023.1795001199,4120244.3407952134],[606023.1290058328,4120244.266104061],[606023.0719896163,4120244.1962643],[606023.0089149233,4120244.1318436177],[606018.4045321014,4120239.8350084396],[606018.329732286,4120239.7717665485],[606018.2491040848,4120239.7161460277],[606018.1634210886,4120239.6686805314],[606018.0735053873,4120239.6298254696],[606017.9802196815,4120239.599953639],[606017.8844590054,4120239.579351646],[606017.7871421397,4120239.5682171583],[606001.6216722886,4120238.5172143285],[606000.9693006662,4120237.916959093],[606000.8889001505,4120236.5032615094],[606004.9953234729,4120234.968638296],[606005.0906899445,4120234.927228776],[606005.1812415065,4120234.876141332],[606005.2659993406,4120234.8159281956],[606015.5018384842,4120226.711725232],[606015.5099655573,4120226.705221542],[606027.5052051547,4120217.0031930273],[606027.5088653543,4120217.000218267],[606036.3216910803,4120209.803177011],[606044.6209321773,4120221.671238285],[606044.6852876337,4120221.7537186467],[606044.7579079195,4120221.8290242176],[606049.027725285,4120225.816487269],[606048.0606896869,4120242.2788696033],[606050.0572479522,4120242.3961517117],[606050.9267952213,4120227.5933671724],[606051.5451137207,4120228.1721450966],[606051.6211038232,4120228.2364857816],[606051.7031157033,4120228.292950558],[606051.7903362775,4120228.3409796213],[606051.8819008215,4120228.380096801],[606051.9769015445,4120228.4099142803],[606052.0743965885,4120228.4301364427],[606073.5840133913,4120231.7847326263],[606072.7707073818,4120239.4626551527],[606072.0462005992,4120243.7956678406],[606070.1930652866,4120254.9344843808],[606069.8246086581,4120257.112791166],[606060.20077572,4120259.372334127],[606060.1193750902,4120259.3951155436],[606048.8484950516,4120263.0697570518],[606043.6023610517,4120264.774082882],[606043.72658235,4120256.142180716],[606043.7233507636,4120256.0461878385]],[[605974.8755696603,4120260.684310176],[605974.0465258132,4120264.7263252465],[605974.0461733578,4120264.7280513714],[605973.5075734567,4120267.3777107215],[605970.0158603585,4120266.6656658263],[605970.7144038178,4120263.2411792846],[605971.3837379265,4120259.979364776],[605974.8755696603,4120260.684310176]],[[606027.5291987266,4120383.105208404],[606026.1065596269,4120377.218257403],[606026.0779760154,4120377.121601922],[606026.039807746,4120377.0283147953],[606025.9924425818,4120376.9393437547],[606025.93636172,4120376.8555926844],[606018.710905154,4120367.1603264534],[606017.3998913056,4120362.8545523323],[606017.2625687128,4120360.2396798087],[606019.7524575886,4120359.5609018942],[606019.8474739079,4120359.529819677],[606019.9389119842,4120359.489405777],[606020.0258579666,4120359.4400640978],[606020.1074428993,4120359.382287771],[606020.1828514056,4120359.3166542253],[606020.2513298374,4120359.2438194156],[606020.3121938072,4120359.1645112676],[606020.3648350281,4120359.0795224034],[606021.1946874831,4120357.576773728],[606023.5272967684,4120358.022703509],[606023.625742614,4120358.036493259],[606023.7250711541,4120358.0404407703],[606023.8243008498,4120358.0345070343],[606023.9224511387,4120358.018750687],[606024.0185521253,4120357.9933274277],[606024.1116541643,4120357.958488483],[606024.2008372453,4120357.914578122],[606024.2852200844,4120357.8620302565],[606024.363968832,4120357.80136415],[606026.5848239303,4120355.9073383096],[606028.3119817568,4120355.283360448],[606031.7891806274,4120358.144521788],[606031.7935257469,4120358.1480766973],[606036.3327758797,4120361.8405897766],[606040.6294809654,4120365.705256554],[606046.1474056186,4120370.7103163223],[606048.5849135359,4120374.8520806637],[606047.9640916571,4120380.3037665053],[606047.9579790835,4120380.3920534737],[606047.8629189631,4120384.2148738685],[606046.9209217809,4120384.1080688154],[606044.7732061849,4120383.0079802894],[606044.6856114252,4120382.96830768],[606044.5946111407,4120382.9372318685],[606044.5010467888,4120382.915040205],[606040.0896312125,4120382.090497615],[606037.5996308251,4120380.172661504],[606036.3792295865,4120381.757155372],[606039.0595556054,4120383.8215831746],[606039.1368707957,4120383.8755236426],[606039.2189218522,4120383.9219438634],[606039.3049795696,4120383.9604312903],[606039.3942791347,4120383.9906438775],[606039.4860269234,4120384.012313119],[606043.9907561304,4120384.854297064],[606046.17132056,4120385.9712112],[606046.2532701062,4120386.008627645],[606046.3382544372,4120386.0385171403],[606046.4255838442,4120386.060637112],[606046.5145495863,4120386.0748080397],[606048.07086202,4120386.2512650765],[606048.1216753769,4120386.5729491524],[606045.9612185517,4120389.848515114],[606041.2110960855,4120392.7508364045],[606034.4287081888,4120392.2731105364],[606034.3282740454,4120392.2710943753],[606034.2281443699,4120392.2791647017],[606034.1293295793,4120392.297240078],[606031.5764414504,4120392.8981330954],[606029.953806107,4120390.173375763],[606027.5291987266,4120383.105208404]],[[606026.9530308549,4120351.806847261],[606026.9346048274,4120351.7088563726],[606026.9065120441,4120351.6131875264],[606026.8690317958,4120351.5207918356],[606026.822536701,4120351.432587874],[606026.7674890016,4120351.349452542],[606026.7044359673,4120351.2722123484],[606026.6340044542,4120351.201635195],[606026.5568946738,4120351.13842274],[606024.0689391356,4120349.298350775],[606023.986286878,4120349.243351395],[606023.8985883902,4120349.1968185813],[606023.8067080571,4120349.159210977],[606023.7115514813,4120349.130899255],[606023.6140565573,4120349.1121624648],[606023.515184227,4120349.1031852826],[606023.4159090084,4120349.10405619],[606023.3172093906,4120349.1147666033],[606023.2200581892,4120349.135210957],[606022.0764168012,4120349.4358615167],[606021.1329815887,4120348.51400696],[606019.4816072491,4120345.128559566],[606018.2804929231,4120341.0223631174],[606018.2565489354,4120340.9506794405],[606018.2272595713,4120340.881008806],[606015.5663562855,4120335.1661959966],[606015.5455209499,4120335.1240648525],[606014.0291754116,4120332.2310246904],[606014.0275973566,4120332.2280262797],[606013.2129459466,4120330.686476275],[606013.2009247605,4120330.664404764],[606010.6899680255,4120326.188984093],[606010.4094494086,4120322.158792149],[606012.6344574036,4120321.210143272],[606014.3187072792,4120320.4998321757],[606031.5360598048,4120313.2383072046],[606033.9100589423,4120312.2374256817],[606032.5589561557,4120323.4794074963],[606032.5521008437,4120323.5746743204],[606032.5543656545,4120323.6701606214],[606032.5657299265,4120323.7649953007],[606032.586089986,4120323.858313204],[606032.6152600934,4120323.9492630134],[606032.6529741364,4120324.0370150167],[606032.6988880589,4120324.120768672],[606040.6054141162,4120337.0387635995],[606041.026710805,4120347.2900232417],[606039.4973890149,4120349.0853353026],[606028.1668024869,4120353.209292494],[606027.023829098,4120353.622219489],[606026.9616069398,4120351.9061859916],[606026.9530308549,4120351.806847261]],[[606053.5666704556,4120314.4965618635],[606053.5625479652,4120314.594438377],[606053.5680220525,4120314.692248607],[606053.5830401841,4120314.7890538885],[606053.6074582336,4120314.8839251995],[606053.6410418658,4120314.9759520786],[606053.6834687851,4120315.064251361],[606053.7343318285,4120315.147975656],[606053.7931428734,4120315.226321478],[606060.3089139631,4120323.074147833],[606060.6322174972,4120326.4777374538],[606060.6449343907,4120326.5678368392],[606060.6657885095,4120326.6564072883],[606060.6946071897,4120326.7427154705],[606060.7311518234,4120326.8260467877],[606060.775119835,4120326.905711288],[606063.2843383352,4120330.9999676873],[606062.3337832236,4120340.0603515827],[606055.9188071097,4120345.3073156322],[606056.5519254322,4120346.0813706624],[606055.8487914286,4120346.792428025],[606059.1696140413,4120350.076246492],[606063.1616761894,4120354.240684033],[606057.7178774329,4120357.8050517803],[606058.8134440889,4120359.4782922603],[606064.4289036884,4120355.8015282983],[606067.5797739459,4120360.600915358],[606070.3313392249,4120368.0004132623],[606071.8881002016,4120375.0066755405],[606070.3222448612,4120377.8233539793],[606066.6916689094,4120382.4576039957],[606062.520606155,4120385.2242820575],[606058.2124596301,4120386.13192075],[606051.5348410988,4120385.1396855563],[606051.4250378931,4120385.1295166],[606051.3147826429,4120385.1314993906],[606051.2054160688,4120385.1456098165],[606051.0982680848,4120385.171676293],[606049.9786375237,4120385.5104323328],[606049.9277382984,4120385.1882046494],[606049.8514743159,4120384.699980313],[606049.9562599682,4120380.486049938],[606050.6099001829,4120374.746173129],[606050.6160970832,4120374.6542252763],[606050.6138030826,4120374.562097394],[606050.6030376637,4120374.470571906],[606050.5838922552,4120374.380426121],[606050.5565294552,4120374.29242563],[606050.5211816509,4120374.207317805],[606050.4781490444,4120374.12582545],[606047.793843105,4120369.5647068815],[606047.7384758996,4120369.480620212],[606047.674934338,4120369.4025268992],[606047.6038624836,4120369.3312185057],[606042.3549798311,4120364.570194562],[606043.3913677988,4120356.054465694],[606043.3979296059,4120355.9727035332],[606043.3977684365,4120355.890678645],[606043.0728836736,4120348.33792641],[606046.5180825378,4120347.1269680657],[606045.8548750613,4120345.2401305414],[606042.9856019174,4120346.2486558524],[606042.59306363,4120336.6971639707],[606042.5837417482,4120336.5960037927],[606042.564204496,4120336.4963113912],[606042.5346535032,4120336.3991156197],[606042.4953937444,4120336.305419566],[606042.4468303913,4120336.2161902],[606034.5861290591,4120323.37306552],[606036.0319522419,4120311.3429534594],[606054.568246677,4120303.5322194155],[606053.5666704556,4120314.4965618635]],[[606032.4813470009,4120310.6692909547],[606033.7350184288,4120304.125502083],[606033.7477884982,4120304.0381247564],[606033.752800399,4120303.94996154],[606033.8347095457,4120297.459739141],[606033.8310465679,4120297.3606836298],[606033.817594951,4120297.2624773886],[606033.7944868627,4120297.166085335],[606033.7619493494,4120297.0724545605],[606033.7203021056,4120296.9825050253],[606033.6699543328,4120296.8971205214],[606030.3614367391,4120291.8731887476],[606030.3076463275,4120291.799125882],[606030.2473089986,4120291.7302918555],[606030.1809303015,4120291.667263409],[606030.1090664048,4120291.6105686408],[606028.376670636,4120290.3681280054],[606028.2987611277,4120290.317560913],[606028.2164960131,4120290.274440463],[606028.1305849868,4120290.2391386526],[606028.0417691966,4120290.2119600265],[606027.9508148495,4120290.193139054],[606025.4210114104,4120289.7911325875],[606027.7131538658,4120272.0608044327],[606042.8919530996,4120267.1077704653],[606047.9064791934,4120265.478687726],[606045.0265052132,4120283.104854783],[606047.0003312044,4120283.4273620797],[606050.0467170173,4120264.7827126384],[606060.5721984076,4120261.351093219],[606071.7435204259,4120261.7180512827],[606079.0845611157,4120264.6445242097],[606082.3519309676,4120266.1776965074],[606083.5034747444,4120272.8804667694],[606083.5035548997,4120272.8804529984],[606083.503769193,4120272.88217182],[606085.4987534104,4120284.375137821],[606062.7365846601,4120296.7748909197],[606062.7370208306,4120296.775691596],[606062.7166263189,4120296.786061126],[606055.270705178,4120301.0659148586],[606034.7200935442,4120309.7254321356],[606032.4813470009,4120310.6692909547]],[[605998.8281184542,4120330.6967231464],[605999.5113975193,4120326.5575834676],[606001.4724238307,4120325.941800874],[606001.5629344509,4120325.908505338],[606008.4621568094,4120322.9855559827],[606008.7103881383,4120326.551878651],[606008.7204073005,4120326.639639611],[606008.7381318273,4120326.7261740603],[606008.7634234254,4120326.8108068244],[606008.7960847605,4120326.8928775676],[606008.8358609965,4120326.9717459437],[606011.4505484162,4120331.6320517003],[606011.797179543,4120332.287975459],[606006.0907242591,4120335.3839528677],[606007.0444766623,4120337.141893809],[606012.7286832494,4120334.0579871973],[606013.7631825448,4120336.0317114796],[606016.38219365,4120341.6565525974],[606017.5858602743,4120345.7714744755],[606017.6130258343,4120345.8515968695],[606017.6468666537,4120345.929136309],[606019.4113959131,4120349.546560196],[606019.4673045261,4120349.6462729373],[606019.5342280584,4120349.738953273],[606019.6112919264,4120349.8233900187],[606019.8843450524,4120350.0901971776],[606019.862536295,4120350.105382661],[606019.7871765861,4120350.169820971],[606019.7185687382,4120350.2414054996],[606019.657387261,4120350.3194324723],[606019.6042336533,4120350.4031347753],[606019.559630488,4120350.4916894995],[606018.308326106,4120353.316517356],[606018.272341385,4120353.4101825017],[606018.2459243115,4120353.5069822846],[606018.229340854,4120353.605942118],[606018.222757976,4120353.7060656687],[606018.2262419543,4120353.8063448872],[606018.2397577118,4120353.9057701556],[606018.2631691712,4120354.003340455],[606018.2962406244,4120354.098073441],[606018.3386391061,4120354.1890153373],[606019.5332987693,4120356.448063673],[606018.8184615638,4120357.7425355488],[606015.9586450326,4120358.522160824],[606015.8665022289,4120358.5521462546],[606015.7776941559,4120358.5909089753],[606015.6930546704,4120358.6380850268],[606015.6133784881,4120358.6932314527],[606015.5394137222,4120358.75583046],[606015.4718548595,4120358.825294281],[606015.4113362383,4120358.9009706895],[606015.3584260937,4120358.9821491283],[606015.3136212213,4120359.068067379],[606015.2773423132,4120359.157918718],[606015.249930007,4120359.250859494],[606015.2316416888,4120359.346017046],[606015.2226490751,4120359.4424979],[606015.2230366014,4120359.539396157],[606015.3472094253,4120361.903873106],[606002.5721736841,4120360.472211323],[605982.4736458741,4120358.2138667703],[605976.8001320659,4120352.078065023],[605974.7143742015,4120347.630817682],[605974.669314438,4120347.5456695105],[605974.6162704662,4120347.465252283],[605974.5557345657,4120347.390312319],[605974.4882685456,4120347.3215451064],[605970.7843443695,4120343.893313537],[605973.183669936,4120344.9363581096],[605975.234729798,4120347.454879479],[605976.8608598261,4120349.92967245],[605976.9180891963,4120350.008175889],[605976.9826660546,4120350.0807556394],[605977.0539809251,4120350.146726694],[605977.1313607388,4120350.205466418],[605977.2140751856,4120350.2564204275],[605977.3013436074,4120350.2991078184],[605977.3923423656,4120350.333125707],[605977.4862126148,4120350.358153034],[605977.5820684085,4120350.373953591],[605977.6790050606,4120350.380378253],[605977.7761076837,4120350.3773663826],[605977.8724598243,4120350.3649464077],[605977.9671521117,4120350.3432355467],[605979.3652346532,4120349.950313104],[605979.4590440845,4120349.9188642967],[605979.5492866013,4120349.8782992247],[605979.635078798,4120349.8290149895],[605979.7155808349,4120349.771494046],[605979.790004658,4120349.70629948],[605979.8576217152,4120349.6340694968],[605979.917770087,4120349.5555111733],[605979.9698609668,4120349.4713935344],[605980.0133844245,4120349.3825400285],[605980.0479143987,4120349.2898204634],[605980.0731128674,4120349.194142493],[605980.0887331568,4120349.096442731],[605980.0946223562,4120348.9976775846],[605980.0907228148,4120348.898813888],[605980.077072706,4120348.800819442],[605980.0538056542,4120348.704653538],[605980.0211494259,4120348.6112575657],[605974.957761218,4120336.1466003065],[605975.0370523748,4120336.123859174],[605974.4856710392,4120334.201366359],[605973.3368425865,4120334.5308565716],[605973.3314396524,4120334.5324226227],[605970.534851047,4120335.3515528245],[605971.0970382509,4120337.2709135376],[605973.0262223833,4120336.705849021],[605977.0118957608,4120346.5174713098],[605976.8781276875,4120346.313890857],[605976.8177931021,4120346.2315552235],[605974.5808448589,4120343.4847792485],[605974.5171305494,4120343.4137524436],[605974.4469368613,4120343.349121442],[605974.3709028602,4120343.2914746646],[605974.289720784,4120343.2413369464],[605974.2041297406,4120343.1991647575],[605970.4976169104,4120341.5878544184],[605970.3949406411,4120341.5497576185],[605970.288714156,4120341.5231171176],[605970.1802115125,4120341.508252436],[605970.0707340675,4120341.5053418567],[605964.7778678219,4120341.654670047],[605963.1299520624,4120340.0933166137],[605966.016581021,4120339.038707963],[605965.3302646778,4120337.1601527],[605963.6135113679,4120337.7873558896],[605966.3636505326,4120333.281053968],[605966.4120784034,4120333.191805212],[605966.4512058828,4120333.0981054814],[605966.4806295431,4120333.0009208773],[605966.5000460086,4120332.90125343],[605966.509255084,4120332.800130772],[605966.508161818,4120332.6985955373],[605966.4967774831,4120332.5976946154],[605965.1368592792,4120324.3360946015],[605965.1315181346,4120324.306441462],[605964.2332220798,4120319.71671206],[605965.9806585506,4120316.988481647],[605970.5799016966,4120315.139110808],[605975.447715304,4120314.6762112924],[605980.8129535099,4120318.136075016],[605981.735558165,4120319.186844048],[605984.6109547853,4120322.4591264655],[605987.4028669677,4120327.5578774256],[605987.4553732073,4120327.6433005263],[605987.5161700746,4120327.7230360406],[605987.5846463171,4120327.796282307],[605987.6601134739,4120327.8623029063],[605987.7418127974,4120327.920434067],[605987.8289228816,4120327.9700913383],[605987.9205679208,4120328.010775464],[605988.0158265146,4120328.042077407],[605988.1137409322,4120328.063682456],[605992.2399876406,4120328.7593143582],[605992.3344848978,4120328.770652323],[605992.4296320319,4120328.772955349],[605992.5245671736,4120328.766202575],[605992.6184303734,4120328.7504551695],[605992.7103713922,4120328.725855777],[605997.3720874726,4120327.237522102],[605996.850457269,4120330.397431989],[605996.8431468612,4120330.4505387945],[605996.0918034734,4120337.2541038655],[605998.0797182824,4120337.473636806],[605998.8281184542,4120330.6967231464]],[[606020.3334518912,4120353.6829344383],[606021.1944217237,4120351.73928939],[606022.0389260546,4120351.5136734536],[606023.2650222827,4120351.1913464363],[606024.9803737799,4120352.4600066477],[606025.0572979709,4120354.5815095427],[606023.4313831814,4120355.9681486925],[606021.3294471409,4120355.5663171965],[606020.3334518912,4120353.6829344383]],[[606177.2005602923,4120298.728131646],[606174.8470683681,4120291.164089964],[606174.8158159892,4120291.0778162824],[606174.7767870617,4120290.994770499],[606174.7303102041,4120290.915651847],[606171.0744199142,4120285.299175111],[606171.0126207197,4120285.2143320795],[606170.9422687542,4120285.136434189],[606170.8641391192,4120285.0663396777],[606170.7790926059,4120285.0048208106],[606170.497747105,4120284.823005768],[606183.1283628584,4120285.454992917],[606182.5726170929,4120288.360866107],[606179.8967855994,4120293.64896329],[606179.8937293086,4120293.6550547034],[606177.7001481738,4120298.0644455836],[606177.2432336089,4120298.976017139],[606177.2423268277,4120298.9430137966],[606177.2273410852,4120298.834426422],[606177.2005602923,4120298.728131646]],[[606085.6241481551,4120286.584332164],[606085.7521811374,4120298.7703384627],[606066.5694597451,4120296.9644253026],[606085.6241481551,4120286.584332164]],[[606109.9154928525,4120215.062902666],[606111.3415073208,4120198.7910455167],[606119.7583381347,4120203.058312453],[606125.5632054126,4120207.7666755742],[606115.9978878696,4120218.963391483],[606117.5185375637,4120220.2624775106],[606127.1202099673,4120209.023206293],[606135.3783947857,4120215.652153182],[606139.7745336744,4120221.1535801445],[606140.5462270668,4120223.7265504855],[606139.9246752087,4120223.87285012],[606139.8097969578,4120223.907277584],[606139.6998661325,4120223.9552095826],[606127.053536356,4120230.3976794262],[606126.9505350088,4120230.458157562],[606112.3228868823,4120240.266624953],[606104.6201454921,4120233.479939972],[606103.1769306056,4120230.927241212],[606103.10661875,4120228.1024121186],[606103.0995076115,4120228.005695455],[606103.0830615815,4120227.9101223964],[606103.0574353298,4120227.816591778],[606103.0228698631,4120227.725983225],[606102.9796902585,4120227.6391488817],[606102.9283026066,4120227.556905398],[606100.6972451926,4120224.3441314795],[606100.6369192775,4120224.265825949],[606100.5691571806,4120224.1938588014],[606100.4946210034,4120224.1289332253],[606100.4140390368,4120224.071683607],[606100.3281986449,4120224.0226693307],[606100.237938572,4120223.982369314],[606100.1441407464,4120223.951177327],[606100.0477216644,4120223.929398145],[606094.5286334545,4120222.966615665],[606095.133961569,4120217.5633802474],[606093.1463955203,4120217.34071188],[606092.4363405403,4120223.678752562],[606092.430183208,4120223.7791650696],[606092.4341458564,4120223.879688111],[606092.4481883814,4120223.979304334],[606092.4721686642,4120224.0770055647],[606092.5058440105,4120224.171803009],[606092.548873606,4120224.262737262],[606092.6008219662,4120224.3488880154],[606092.6611633432,4120224.429383373],[606092.729287047,4120224.5034086755],[606092.804503626,4120224.5702147433],[606092.8860518443,4120224.6291254596],[606092.9731063865,4120224.6795446137],[606093.0647862096,4120224.7209619344],[606093.1601634602,4120224.7529582544],[606093.2582728649,4120224.775209752],[606099.2926699881,4120225.8278857754],[606101.1146917884,4120228.4516390157],[606101.1837669364,4120231.2267825003],[606101.1909903971,4120231.324412532],[606101.2077254637,4120231.420868424],[606101.2338117504,4120231.515225761],[606101.2689992518,4120231.6065802425],[606101.3129507377,4120231.694056344],[606102.733272774,4120234.2062631785],[606100.231390446,4120240.9382346487],[606102.1061104508,4120241.634959059],[606104.2631291434,4120235.830933771],[606110.7957531919,4120241.586658814],[606097.3248632683,4120255.6196122714],[606082.4441651781,4120254.756794196],[606081.0431514496,4120245.7558983164],[606087.1681938173,4120246.3561015474],[606087.3632428736,4120244.365635304],[606079.9545390174,4120243.6396442447],[606074.1952025213,4120243.070594922],[606074.7482828401,4120239.762821832],[606074.756411773,4120239.7032435965],[606075.6721206907,4120231.058598107],[606076.0929937133,4120227.7203665785],[606084.1487506985,4120224.1840135767],[606083.3448317169,4120222.352698675],[606074.7698225374,4120226.116995377],[606074.6858326867,4120226.1586658503],[606074.6061146822,4120226.2080193013],[606074.5313693029,4120226.264621877],[606074.4622536147,4120226.327976001],[606074.3993751945,4120226.397524744],[606074.343286789,4120226.472656722],[606074.2944814562,4120226.552711471],[606074.2533882298,4120226.6369852517],[606074.2203683492,4120226.7247372367],[606074.1957120833,4120226.8151960224],[606074.1796361781,4120226.9075664105],[606073.8153913412,4120229.7966411025],[606052.6869667441,4120226.5014948817],[606050.7369270523,4120224.676157412],[606050.7360776169,4120224.675363223],[606046.1997406406,4120220.4390049595],[606037.9010020392,4120208.5716622635],[606045.9533308514,4120202.6101681255],[606056.1472201087,4120198.300072509],[606055.0590019056,4120205.265654723],[606057.035032637,4120205.574365832],[606058.2670128788,4120197.6885763486],[606069.1973863194,4120194.7320476295],[606067.4647027258,4120210.4269429683],[606069.4526253134,4120210.646405461],[606071.2707112378,4120194.1779236184],[606071.4455782152,4120194.1323903725],[606082.6319448401,4120193.437375001],[606080.9662101287,4120208.634153086],[606082.9543027377,4120208.852069993],[606084.6393567506,4120193.479038669],[606096.4789133639,4120194.901498372],[606109.4030229553,4120198.0016383687],[606107.9231291136,4120214.8882981637],[606109.9154928525,4120215.062902666]],[[606071.358608838,4120258.6868263744],[606071.4288658774,4120258.6189639834],[606071.4921668647,4120258.544570834],[606071.5479078225,4120258.464356737],[606071.5955569069,4120258.3790870444],[606071.6346594807,4120258.2895753444],[606071.6648424523,4120258.1966757],[606071.6858178355,4120258.1012745],[606072.0157752632,4120256.15057407],[606080.7281370384,4120256.660243333],[606081.9416802585,4120263.775952923],[606079.907258305,4120262.821325953],[606079.8527684442,4120262.79770531],[606072.3215677418,4120259.7954259473],[606072.2398125995,4120259.7668712265],[606072.1558935366,4120259.745496797],[606072.0704398853,4120259.731462951],[606071.9840924859,4120259.7248749323],[606068.0058460218,4120259.59419661],[606070.9283943115,4120258.908022665],[606071.0222844045,4120258.881078164],[606071.1130977839,4120258.84510198],[606071.1999679668,4120258.800437374],[606071.282066094,4120258.7475105077],[606071.358608838,4120258.6868263744]],[[606078.9876187977,4120245.5538466666],[606080.4015479954,4120254.637718745],[606072.3483040554,4120254.16660758],[606073.8653845487,4120245.0477460194],[606078.9876187977,4120245.5538466666]],[[606095.7027500463,4120257.5289174267],[606085.1050688084,4120270.3909206297],[606084.2347996037,4120265.3253602376],[606082.7773476517,4120256.779471915],[606095.7027500463,4120257.5289174267]],[[606148.9552665666,4120282.33548799],[606147.5763187403,4120292.0886081425],[606149.5566237246,4120292.368594158],[606151.0372756382,4120281.896134112],[606153.2463422038,4120281.4260603273],[606163.3073233087,4120282.5568300327],[606166.2783887337,4120284.4775883635],[606169.5145296155,4120286.568892812],[606172.3290365598,4120290.892767852],[606162.8485218474,4120293.786500494],[606162.8150143442,4120293.797376757],[606159.891799698,4120294.803479864],[606159.7976284216,4120294.8413387467],[606159.7077797891,4120294.8885483597],[606159.6231793783,4120294.9446223713],[606159.5446987026,4120295.0089831348],[606159.4731462325,4120295.0809676354],[606159.4092590675,4120295.1598343235],[606159.3536953427,4120295.2447707513],[606159.3070274491,4120295.3349019447],[606158.4034602508,4120297.3207955393],[606160.2238863321,4120298.1490762183],[606160.9493427076,4120296.5546412147],[606163.4492379755,4120295.694234881],[606173.2328652374,4120292.7079833513],[606175.22463256,4120299.1094546695],[606174.6046120482,4120303.605514402],[606163.0384504781,4120301.653959063],[606162.7056945078,4120303.6260831626],[606174.3319331752,4120305.5877752947],[606174.0025270348,4120307.988787782],[606169.0708462661,4120314.195245346],[606163.9918611568,4120317.515470396],[606156.6746169481,4120318.6435095747],[606152.9181876552,4120318.8170950236],[606147.1121688078,4120317.3219980756],[606146.350984175,4120310.802430016],[606146.335478382,4120310.708610373],[606146.3111312545,4120310.6166877295],[606143.9560738987,4120303.1746934806],[606143.9227892926,4120303.0847551073],[606143.8810425891,4120302.998418622],[606143.8312177232,4120302.916478042],[606143.773772923,4120302.839686956],[606138.1789036666,4120296.0639709127],[606132.5637603418,4120288.5191516615],[606143.1240003124,4120283.55699674],[606144.2045527914,4120283.331702003],[606143.4722437137,4120292.003917301],[606145.4651509793,4120292.1722046454],[606146.2477459206,4120282.90448965],[606148.9552665666,4120282.33548799]],[[606117.4183379287,4120304.825780654],[606117.4381287239,4120304.724612044],[606117.4473991388,4120304.621943536],[606117.6190666336,4120300.163452161],[606117.6190134572,4120300.085145082],[606117.6128331457,4120300.007082253],[606117.0894720319,4120295.598824312],[606129.6325730035,4120289.898616743],[606129.6450289479,4120289.8928526863],[606130.7171202389,4120289.387775187],[606136.5895339935,4120297.278277314],[606136.6206478715,4120297.317954513],[606142.1078841959,4120303.9633207386],[606144.3755428848,4120311.129134718],[606145.0508534904,4120316.913189288],[606135.4723534847,4120315.30886337],[606135.1419708664,4120317.281386456],[606145.1672513097,4120318.9605447],[606145.0311275696,4120322.7078530076],[606142.5043142731,4120327.1666892613],[606139.8762851872,4120329.2916673925],[606137.7594948843,4120330.606600189],[606133.1779336662,4120330.0505139804],[606134.6464115762,4120317.399280801],[606132.6597500917,4120317.1686812644],[606131.1719630817,4120329.9862662326],[606124.949280985,4120330.440607893],[606125.3461868198,4120319.967241792],[606125.3448489655,4120319.865293447],[606125.3331372201,4120319.7640112173],[606125.3111733304,4120319.6644479586],[606125.2791856164,4120319.567638656],[606125.2375065986,4120319.474589667],[606125.1865695411,4120319.3862682586],[606123.2979125483,4120316.4663121216],[606123.2780668366,4120316.4367944174],[606120.5499526794,4120312.530966907],[606116.295475101,4120306.029496235],[606117.0978904875,4120305.343615743],[606117.1726946335,4120305.272685475],[606117.2397991045,4120305.194431063],[606117.2984907973,4120305.109684096],[606117.348146009,4120305.019345162],[606117.3882370655,4120304.92437427],[606117.4183379287,4120304.825780654]],[[606069.6937304077,4120346.758902325],[606070.1573566563,4120343.069732027],[606070.1648975086,4120342.9679989773],[606070.1620346259,4120342.866027012],[606070.1487978009,4120342.7648772993],[606070.1253247821,4120342.6656024526],[606070.0918598411,4120342.5692355726],[606070.0487512301,4120342.476779499],[606068.9653814465,4120340.432503645],[606068.9133628962,4120340.345347168],[606068.8527773446,4120340.2639127034],[606068.7842489554,4120340.189039204],[606068.7084837202,4120340.1214980297],[606068.6262621862,4120340.0619850024],[606068.5384314145,4120340.0111132357],[606068.4458962538,4120339.9694068204],[606068.349610018,4120339.937295423],[606068.2505646653,4120339.9151098607],[606068.1497805788,4120339.9030786934],[606065.8735953578,4120339.747963581],[606072.6094069247,4120334.2355289585],[606072.3150368255,4120337.1490302347],[606072.3099748874,4120337.2469077627],[606072.3145185494,4120337.3448107187],[606072.3286241667,4120337.441798683],[606072.3521562457,4120337.5369400247],[606072.3848887462,4120337.629320851],[606072.4265072516,4120337.718053786],[606072.4766119898,4120337.8022864927],[606072.534721673,4120337.881209863],[606072.600278121,4120337.954065788],[606072.6726516224,4120338.0201544403],[606072.751146984,4120338.078840996],[606072.8350102082,4120338.129561735],[606072.9234357354,4120338.171829451],[606073.0155741824,4120338.2052381365],[606073.1105405011,4120338.2294668793],[606077.1701735208,4120339.055680133],[606080.8873473629,4120342.090182919],[606084.1084155809,4120347.1025702856],[606084.187058826,4120347.2087933687],[606087.8592271202,4120351.5382825886],[606087.9247537121,4120351.6084172553],[606087.9967024003,4120351.671946713],[606088.0744103496,4120351.72828569],[606088.1571616675,4120351.776915157],[606088.2441939987,4120351.817387111],[606088.3347055487,4120351.849328699],[606092.1353426302,4120352.98865079],[606094.5043155372,4120355.503753417],[606095.1693883648,4120356.7498262106],[606094.3714929986,4120357.7880323017],[606094.311130808,4120357.875899044],[606094.2604651261,4120357.9696921515],[606094.220071726,4120358.068345746],[606094.1904096445,4120358.170738711],[606094.1718159661,4120358.2757074377],[606093.6944083752,4120362.169766694],[606089.7847481875,4120365.552445546],[606084.7700567963,4120369.168901198],[606084.7094852972,4120369.2162260558],[606080.3091684793,4120372.9352213354],[606078.0251357869,4120373.4206977314],[606073.7218492966,4120374.0389381615],[606072.2688026993,4120367.499446412],[606072.2299038598,4120367.3678116286],[606069.4149969886,4120359.797975778],[606069.3699600066,4120359.694987866],[606069.3136495035,4120359.5977049433],[606065.5526590206,4120353.868986342],[606065.4989142983,4120353.7947721723],[606065.4386020256,4120353.7257890734],[606060.6041422078,4120348.682579522],[606060.5853869773,4120348.663530782],[606058.0453294175,4120346.151777251],[606063.6122047812,4120341.5984953083],[606067.4587249857,4120341.8606239827],[606068.1335494495,4120343.1339910068],[606067.7093392689,4120346.5095194704],[606069.6937304077,4120346.758902325]],[[606093.4073296321,4120351.422132709],[606093.3316024395,4120351.3497381485],[606093.2487168615,4120351.2856634967],[606093.1595826154,4120351.2306120098],[606093.0651780011,4120351.1851879098],[606092.9665391642,4120351.1498897523],[606089.1928199107,4120350.018636855],[606085.7551486667,4120345.965619836],[606082.4840272737,4120340.875343432],[606082.4227342464,4120340.7901508403],[606082.3528500898,4120340.7118513025],[606082.2751445508,4120340.641307258],[606078.2437924824,4120337.350326098],[606078.1659871808,4120337.292849604],[606078.0829925507,4120337.2431595274],[606077.9955851907,4120337.2017208287],[606077.9045829901,4120337.1689212583],[606077.8108374756,4120337.1450677295],[606074.3958417799,4120336.450050547],[606074.7978705037,4120332.4710078263],[606081.3748554388,4120327.6064997595],[606081.4352608016,4120327.558096132],[606084.7278576542,4120324.703570186],[606084.801648854,4120324.6326666446],[606084.8678072568,4120324.5545928394],[606084.9256400216,4120324.470166394],[606084.9745414975,4120324.380271461],[606085.0139995662,4120324.2858494604],[606085.0436010048,4120324.1878892225],[606085.0630358136,4120324.0874166316],[606085.8299348613,4120318.6408406394],[606092.7023031967,4120319.1156489286],[606094.3663279628,4120321.3025809913],[606089.3270573928,4120324.966110053],[606090.5031078747,4120326.583795209],[606095.5771503921,4120322.894987084],[606097.911795644,4120325.967581815],[606093.2976735162,4120330.7108054613],[606094.7312622771,4120332.1053746655],[606099.1353335206,4120327.5780790537],[606105.947554692,4120336.54564143],[606106.0089550304,4120336.6189144296],[606106.0770715309,4120336.685989584],[606106.1512816814,4120336.746253898],[606106.23090728,4120336.79915662],[606106.3152206338,4120336.844214276],[606106.4034512084,4120336.8810150865],[606106.4947926707,4120336.9092227314],[606111.7131707063,4120338.2511883876],[606111.8240360953,4120338.273105181],[606111.9366664076,4120338.282373031],[606115.526840718,4120338.374175882],[606115.3428443905,4120338.751682569],[606115.3257598205,4120338.788625745],[606113.508059794,4120342.9388428587],[606110.0677460856,4120345.63366151],[606110.0641456494,4120345.6364950864],[606107.1202425519,4120347.9643149576],[606104.3003876675,4120344.640655352],[606104.2392514498,4120344.574833434],[606104.1724548383,4120344.514763686],[606104.1005368922,4120344.46093088],[606102.0242559677,4120343.0476887724],[606101.9324101638,4120342.992141372],[606101.8351397638,4120342.946758174],[606101.733565436,4120342.912062045],[606101.628857435,4120342.8884527264],[606101.5222221192,4120342.876202224],[606096.2199813537,4120342.5540314103],[606096.098682547,4120344.5503496714],[606101.1263173497,4120344.8558350815],[606102.8630579852,4120346.037965576],[606105.5503659116,4120349.20539694],[606103.7611829166,4120350.619577514],[606096.7813205577,4120354.7801689357],[606096.7035089413,4120354.8316163244],[606096.630829742,4120354.890090382],[606096.5639153762,4120354.955082298],[606096.5113673742,4120355.01663333],[606096.2059176842,4120354.4443463073],[606096.1608995356,4120354.3682946092],[606096.1093425382,4120354.2965145945],[606096.0516493773,4120354.229566901],[606093.4073296321,4120351.422132709]],[[606094.2590912537,4120317.8587785414],[606095.5531983183,4120305.3915293603],[606103.1873601051,4120301.9209657046],[606102.475385708,4120309.0696202973],[606104.4655396179,4120309.267830829],[606105.2925832462,4120300.9638113924],[606115.1785775595,4120296.4676654614],[606115.6175276935,4120300.164931772],[606115.4657181865,4120304.107678059],[606114.6171677527,4120304.8329933994],[606108.7177543888,4120304.706372256],[606108.6211987346,4120304.7089657835],[606108.5253437168,4120304.7208626866],[606108.431083636,4120304.7419519704],[606108.3392979123,4120304.772036878],[606108.2508428809,4120304.8108367254],[606108.1665438026,4120304.857989521],[606108.0871871642,4120304.9130553426],[606108.0135133411,4120304.975520441],[606107.9462096894,4120305.0448020343],[606107.8859041333,4120305.120253745],[606107.8331593069,4120305.2011716296],[606107.7884673047,4120305.286800747],[606107.7522450906,4120305.3763422],[606107.7248306075,4120305.468960594],[606107.7064796253,4120305.563791824],[606107.6973633533,4120305.6599511416],[606107.6975668438,4120305.7565414067],[606107.7401503291,4120306.60038797],[606108.8184862764,4120306.54597132],[606108.6751025019,4120306.693568904],[606108.6748375833,4120306.70591174],[606114.4287632987,4120306.829410232],[606118.8847099213,4120313.638755386],[606118.9016525042,4120313.663810802],[606121.6282420565,4120317.5674555437],[606123.3356574323,4120320.2072032713],[606122.9279860089,4120330.964646704],[606117.6079994319,4120334.4374558385],[606117.5213611337,4120334.5008972483],[606117.4420250213,4120334.5732629066],[606117.3709059202,4120334.653718364],[606117.3088239051,4120334.7413358884],[606117.2564948442,4120334.8351051616],[606116.4912095771,4120336.398181608],[606112.1013093074,4120336.285929298],[606107.3297555646,4120335.0588696245],[606100.0250494,4120325.443003298],[606096.5772697632,4120320.905427594],[606094.2590912537,4120317.8587785414]],[[606065.202712411,4120331.882625824],[606071.4021129762,4120332.639181444],[606064.5336198558,4120338.2601996623],[606065.202712411,4120331.882625824]],[[606062.1987252225,4120322.2888914016],[606062.1559449612,4120322.1988783083],[606062.1044174207,4120322.1135705113],[606062.0446543982,4120322.033815331],[606055.5959852528,4120314.266808943],[606056.6643134141,4120302.571727172],[606063.4377066372,4120298.67843691],[606085.6677835851,4120300.771236346],[606085.342869371,4120303.9915990354],[606083.9766436574,4120317.4587906604],[606083.1347870076,4120323.437721305],[606080.1544181434,4120326.0215603327],[606073.5730876381,4120330.8892824957],[606064.9146422986,4120329.832632677],[606062.6013571059,4120326.0580778895],[606062.2707920067,4120322.5780418804],[606062.2564353483,4120322.479419398],[606062.2323332889,4120322.382715735],[606062.1987252225,4120322.2888914016]],[[606093.5168744661,4120305.6379459254],[606092.3286573157,4120317.085066261],[606086.0686990323,4120316.6525690574],[606087.2343081861,4120305.162899614],[606093.5168744661,4120305.6379459254]],[[606040.5393299197,4120362.9341826555],[606037.6518047897,4120360.3370012767],[606037.6141090668,4120360.3047509487],[606033.0577885326,4120356.5983517254],[606030.4955559372,4120354.4900567676],[606040.4294770558,4120350.8744393997],[606040.5244925242,4120350.8341913302],[606040.614854535,4120350.7843661024],[606040.6996009274,4120350.725494248],[606040.777829335,4120350.6582026244],[606040.8487067935,4120350.5832077432],[606041.1522860795,4120350.2268278385],[606041.3960821942,4120355.8944732957],[606040.5393299197,4120362.9341826555]],[[606187.386838275,4120304.151235563],[606187.4552827332,4120303.2153847837],[606189.306176456,4120302.4813396805],[606190.9415174654,4120302.726777632],[606193.0909978782,4120304.0226557604],[606193.6076634786,4120305.743718789],[606193.2397156581,4120306.5983610535],[606191.1089691144,4120307.0006904574],[606188.9278571535,4120306.4765079296],[606188.2311589789,4120305.4018655512],[606188.2208055326,4120305.386219117],[606187.386838275,4120304.151235563]]],[[[605998.5500187086,4120442.2881355495],[605994.7369251738,4120442.8129932773],[605994.6375626365,4120442.831832279],[605994.5406110319,4120442.8606108855],[605994.447061964,4120442.8990347544],[605994.3578722357,4120442.946710893],[605994.2739540639,4120443.003151678],[605994.1961657485,4120443.0677798437],[605994.1253028946,4120443.1399343843],[605994.0620902749,4120443.2188773165],[605994.0071744168,4120443.3038012255],[605993.9611169898,4120443.393837525],[605992.692089893,4120446.218445239],[605992.6573058859,4120446.3068871642],[605992.6310746616,4120446.3982317],[605992.6136331381,4120446.491653831],[605992.6051388454,4120446.586309778],[605992.6056685032,4120446.6813446176],[605992.6152173275,4120446.775900005],[605992.6336990744,4120446.869121925],[605993.3594157445,4120449.7934197276],[605993.6302613581,4120452.510129844],[605993.6056334863,4120454.462170172],[605993.5762393044,4120456.791994026],[605993.5789948406,4120456.8798570386],[605993.5894559706,4120456.9671385754],[605994.1334286943,4120460.2695627296],[605994.1534508438,4120460.3630154408],[605994.1823029489,4120460.454129938],[605994.219721466,4120460.5420739558],[605994.2653646031,4120460.6260441868],[605995.4127979076,4120462.515772895],[605995.4709039647,4120462.6011877083],[605995.5375119998,4120462.6801520917],[605995.6119111716,4120462.751823337],[605995.693307492,4120462.8154365686],[605995.7808322988,4120462.8703129054],[605995.8735515272,4120462.9158667075],[605996.9322746937,4120463.3697346435],[605998.7929716262,4120465.1619011946],[605999.6882701282,4120468.1966298553],[606000.2029904453,4120472.9628970833],[606000.2242658471,4120473.086570336],[606001.2100612808,4120477.237878417],[606001.2352573553,4120477.32585745],[606001.2683909625,4120477.4111646386],[606003.2267307724,4120481.841052126],[606003.2691879196,4120481.925950479],[606005.9333546334,4120486.6754373205],[606005.9832372459,4120486.755302501],[606006.0404107379,4120486.8301217086],[606008.4095463846,4120489.645153738],[606008.4946178079,4120489.734428131],[606010.5222556683,4120491.615064452],[606012.8107071833,4120495.219527095],[606012.8635134792,4120495.294812027],[606012.9230122528,4120495.364927801],[606012.9887003629,4120495.429281496],[606013.0600223294,4120495.4873289154],[606013.1363750309,4120495.538579192],[606013.2171128036,4120495.5825989363],[606013.301552903,4120495.6190159027],[606014.3347994002,4120496.009324088],[606015.0415539813,4120494.138362314],[606014.3203599651,4120493.8659317484],[606012.1413603808,4120490.433863142],[606012.0923411465,4120490.3635129463],[606012.0374755461,4120490.2976206006],[606011.9771669533,4120490.236670547],[606009.8999701922,4120488.310068292],[606007.6314479152,4120485.6145861326],[606005.0367476846,4120480.9889391945],[606003.134738541,4120476.6864752076],[606002.184679023,4120472.6856555445],[606001.6670571684,4120467.892520322],[606001.653451447,4120467.8039370454],[606001.6319693266,4120467.716927672],[606000.6363733275,4120464.3422278296],[606000.6020234715,4120464.244690304],[606000.55778448,4120464.151221629],[606000.504129422,4120464.062821311],[606000.4416320568,4120463.980434656],[606000.370960699,4120463.9049426652],[605998.1880376835,4120461.802417776],[605998.1201747506,4120461.7427249765],[605998.047199446,4120461.6894031903],[605997.9697078762,4120461.6428879816],[605997.8883330396,4120461.603559316],[605996.9560492624,4120461.203895148],[605996.0753729994,4120459.7534934464],[605995.5771923522,4120456.729070105],[605995.6054743297,4120454.4874011236],[605994.605553908,4120454.474785645],[605995.6054743298,4120454.487401118],[605995.630809304,4120452.479314845],[605995.6259559605,4120452.3674949883],[605995.3424005158,4120449.5232992307],[605995.3178928988,4120449.381641969],[605994.6580605303,4120446.722827001],[605995.5584327184,4120444.7187734754],[605998.8495873903,4120444.2657586336],[605998.9030433497,4120444.256918946],[606002.6745296277,4120443.5277727605],[606002.774402419,4120443.503073927],[606002.8712089639,4120443.4682443463],[606002.9639246033,4120443.423652676],[606003.0515679785,4120443.3697709017],[606003.1332114186,4120443.30716934],[606004.7118848201,4120441.9622598384],[606004.7865573247,4120441.891712985],[606004.8535983234,4120441.813877608],[606006.1742104557,4120440.1110294303],[606006.9282369528,4120439.490484595],[606009.4231989997,4120439.086630009],[606012.3058736568,4120439.5745682083],[606012.4087254853,4120439.5865403335],[606012.5122639402,4120439.587812637],[606012.6153788998,4120439.578371477],[606014.6688500028,4120439.282494725],[606014.764639373,4120439.2638826296],[606014.8581586691,4120439.236023074],[606014.948517399,4120439.1991813383],[606015.0348551658,4120439.15370823],[606018.8969209618,4120436.87224882],[606018.9594878759,4120436.832077884],[606019.0188970926,4120436.787369184],[606024.0665858639,4120432.6861000187],[606027.325198586,4120432.07561122],[606031.5144105714,4120433.0799990715],[606031.6137457003,4120433.0985644683],[606031.7144473494,4120433.1070095655],[606036.5838696046,4120433.268332519],[606036.5904523932,4120433.268528908],[606043.6155928335,4120433.4549633404],[606045.1771759408,4120433.9834536384],[606046.1659423928,4120434.780455793],[606044.3678934673,4120436.1364230025],[606044.2809188258,4120436.210155197],[606044.2029029853,4120436.293308991],[606044.1348602315,4120436.3848032993],[606041.6206262539,4120440.202290246],[606039.6675182597,4120443.150265086],[606039.6202265285,4120443.2293300163],[606039.5804119464,4120443.3124117237],[606039.5484124505,4120443.3988050297],[606039.5244996452,4120443.487776648],[606038.6678652468,4120447.382815182],[606038.6500679387,4120447.49245972],[606038.6445408963,4120447.6034016893],[606038.6638437895,4120450.9370200243],[606038.3565699743,4120455.0877008233],[606038.3542467973,4120455.1900146683],[606038.36239289,4120455.292030163],[606038.6448316014,4120457.4377759863],[606038.0531149104,4120457.304065086],[606035.4981345808,4120455.872851799],[606033.5348217036,4120453.576812106],[606032.0773552641,4120450.20106291],[606032.0412937325,4120450.1262403573],[606031.9991472446,4120450.0546685616],[606031.9512065629,4120449.986841285],[606030.2924295042,4120447.8354423135],[606030.2236735802,4120447.7553864573],[606030.146864074,4120447.683021984],[606030.0628563607,4120447.619154768],[606027.3531335833,4120445.7762817],[606027.2563034961,4120445.7181413583],[606027.1535348805,4120445.6712907795],[606027.0461386907,4120445.6363276057],[606023.1636946808,4120444.6108683385],[606023.0669251137,4120444.5903689205],[606022.9686037116,4120444.579530233],[606022.8696925075,4120444.5784583287],[606022.7711593058,4120444.587163695],[606022.6739682119,4120444.6055611544],[606019.6122333376,4120445.3436548337],[606019.5197180554,4120445.37073689],[606019.4302402367,4120445.4066010113],[606019.3446313553,4120445.4509139284],[606013.1321805734,4120449.056445636],[606013.0462009745,4120449.112431455],[606012.9664105455,4120449.1769325472],[606012.8936492329,4120449.249269915],[606009.5282418568,4120452.957307523],[606009.4722812485,4120453.0246713306],[606009.4224289968,4120453.0966728944],[606009.3790674419,4120453.1727600014],[606009.3425291441,4120453.2523491024],[606007.4012117549,4120458.021396802],[606007.3678330058,4120458.1169917677],[606007.3442924034,4120458.2154721133],[606007.3308312986,4120458.315828165],[606007.3275877017,4120458.417031018],[606007.4069095666,4120462.6789596598],[606007.4123044324,4120462.765731584],[606007.4252156839,4120462.851706993],[606007.4455457316,4120462.936236044],[606007.8195296467,4120464.239206469],[606007.849149984,4120464.326882705],[606007.8867487432,4120464.411445227],[606007.9320039102,4120464.4921697993],[606007.9845278977,4120464.5683650584],[606008.0438708648,4120464.6393784303],[606008.1095245694,4120464.7046017223],[606027.4102200919,4120482.1805115696],[606028.7526116101,4120480.6979512805],[606009.6632559102,4120463.413400117],[606009.4041219105,4120462.5105700106],[606009.3310638505,4120458.585192832],[606011.1281928247,4120454.170358943],[606014.270326595,4120450.7083263006],[606020.2225600631,4120447.253817403],[606022.8971482826,4120446.609053327],[606026.369925348,4120447.5263083894],[606028.8060695854,4120449.1831216407],[606030.2908385148,4120451.108835727],[606031.758529261,4120454.5082662203],[606031.8026666363,4120454.5979035147],[606031.8555286037,4120454.6826889194],[606031.9165874445,4120454.761776026],[606034.0939032394,4120457.308086166],[606034.1540931744,4120457.3724974226],[606034.2197219997,4120457.431357388],[606034.2902796719,4120457.484208624],[606034.3652178423,4120457.53064039],[606037.2023627214,4120459.1199126835],[606037.288353802,4120459.1627905276],[606037.3780632103,4120459.197217225],[606037.4706626616,4120459.2228749157],[606039.6030467444,4120459.7047321964],[606039.6977508285,4120459.721392799],[606039.793617279,4120459.7288803146],[606039.8897596729,4120459.7271255087],[606039.9852890351,4120459.716144608],[606040.0793220593,4120459.696039146],[606040.1709892749,4120459.666995027],[606040.2594430863,4120459.6292808065],[606040.3438656111,4120459.583245205],[606040.4234762413,4120459.52931389],[606040.497538862,4120459.4679855322],[606040.5653686578,4120459.399827202],[606040.6263384447,4120459.32546912],[606040.679884469,4120459.2455988345],[606040.7255116209,4120459.160954861],[606040.7627980115,4120459.072319855],[606040.7913988747,4120458.9805133743],[606040.8110497541,4120458.8863843023],[606040.8215689493,4120458.790802998],[606040.8228591951,4120458.6946532475],[606040.8149085611,4120458.598824094],[606040.3586973646,4120455.132892443],[606040.6613288583,4120451.044920515],[606040.6640410838,4120450.9653025265],[606040.6451535437,4120447.7034158497],[606041.4377708801,4120444.099457062],[606043.2886596369,4120441.305769512],[606043.2901621773,4120441.3034948856],[606045.7100912895,4120437.6291957237],[606048.1350478532,4120435.800457062],[606050.5928433216,4120435.75444847],[606051.7352964481,4120436.8176883315],[606051.790660791,4120436.8655552906],[606054.9090985087,4120439.3682700335],[606054.9935606022,4120439.4291088562],[606055.0838893837,4120439.4808381405],[606055.1791061222,4120439.522897389],[606055.2781791245,4120439.5548308794],[606059.3551046726,4120440.6382412305],[606059.4491289776,4120440.6584426076],[606059.5446590016,4120440.6695187106],[606059.6408112196,4120440.6713671004],[606061.8269462243,4120440.608208868],[606063.7434477967,4120441.4258974176],[606065.7782616144,4120442.744875364],[606069.5546219922,4120445.4953779364],[606069.636539059,4120445.549105616],[606069.7233201385,4120445.5945601384],[606069.8141323865,4120445.631305274],[606069.9081042715,4120445.658988377],[606070.0043339389,4120445.677343771],[606073.504462481,4120446.168731111],[606077.0092106891,4120447.10776864],[606077.075011786,4120447.123036997],[606080.4649587853,4120447.789845249],[606083.9458593117,4120449.303226451],[606088.7554696533,4120452.7855192907],[606088.8338505393,4120452.8368503563],[606088.9166914928,4120452.880620414],[606089.0032652995,4120452.9164452315],[606089.0928119762,4120452.9440103224],[606089.1845454426,4120452.9630737086],[606089.2776604219,4120452.9734680434],[606089.3713395096,4120452.97510208],[606089.4647603494,4120452.9679614743],[606089.5571028519,4120452.9521089103],[606089.6475563938,4120452.927683548],[606089.7353269339,4120452.8948998046],[606095.1506911274,4120450.577608881],[606095.2384844605,4120450.534855257],[606095.3216892986,4120450.483742669],[606095.3995122387,4120450.4247585046],[606095.4712111967,4120450.358465208],[606095.5361024844,4120450.2854949236],[606095.5935673282,4120450.206543461],[606095.6430577695,4120450.1223636656],[606095.6841018903,4120450.033758238],[606095.7163083126,4120449.941572078],[606095.7393699308,4120449.8466842314],[606095.7530668398,4120449.7499995045],[606096.5036927345,4120441.6037939955],[606096.5078397188,4120441.5000844127],[606096.5012145978,4120441.396503609],[606096.4838887431,4120441.2941674483],[606096.4560488039,4120441.1941783847],[606096.4179946964,4120441.097613588],[606085.7316621878,4120417.6302597933],[606085.8480823954,4120417.421847364],[606085.8921969597,4120417.332738245],[606085.9272441986,4120417.2396886833],[606085.9528776169,4120417.1436186163],[606085.9688437888,4120417.0454778434],[606085.9749848644,4120416.946236637],[606085.9712401297,4120416.8468761477],[606085.9576466071,4120416.7483787057],[606085.9343386894,4120416.6517181094],[606085.9015468112,4120416.5578499967],[606085.8595951701,4120416.467702397],[606080.8906165969,4120407.045323907],[606083.4767581031,4120405.3241239428],[606083.5003580957,4120405.307924902],[606086.64299015,4120403.083988446],[606086.6576115447,4120403.0734422924],[606090.6778526257,4120400.1182594006],[606095.0946100246,4120397.5905793346],[606097.1180259925,4120397.371871247],[606100.1725971381,4120400.0305601615],[606101.6747455274,4120402.0644947407],[606103.9435381333,4120405.8682941357],[606104.0016464102,4120405.9550710963],[606104.0684880468,4120406.0353145283],[606104.1433340135,4120406.108149232],[606107.2096564095,4120408.7950189663],[606109.4693009484,4120413.261681987],[606110.3627398331,4120417.5382234217],[606110.3801966598,4120417.608843686],[606111.6804310075,4120422.152503402],[606111.709406679,4120422.238722812],[606112.4371204971,4120424.1165764],[606113.2168137542,4120427.7334780977],[606113.2402875201,4120427.822330566],[606113.2718191573,4120427.9086528383],[606113.3111423564,4120427.991715856],[606113.3579250022,4120428.070818086],[606113.4117719792,4120428.14529145],[606113.4722285074,4120428.2145069614],[606115.9741330802,4120430.8262600987],[606116.7611532804,4120432.7929929504],[606115.577359929,4120434.3890797817],[606115.5159363239,4120434.4823669773],[606115.4652991394,4120434.581922166],[606115.4260800926,4120434.6865033614],[606114.538362467,4120437.5270065493],[606114.5113587049,4120437.633724958],[606114.4962485143,4120437.742764878],[606114.493215001,4120437.8528049607],[606114.5022949248,4120437.962511738],[606115.2829514798,4120443.5981305633],[606115.298364077,4120443.682556275],[606115.320958743,4120443.7653495716],[606116.5672102106,4120447.664750703],[606116.6034983601,4120447.760935336],[606116.649469688,4120447.85288614],[606116.7046383548,4120447.9396313503],[606116.7684213208,4120448.020254217],[606118.93835972,4120450.4906904334],[606121.8906126348,4120454.0250634607],[606125.8301118758,4120460.4454646497],[606124.9940251223,4120463.69756826],[606122.669687446,4120465.5101152556],[606119.1213258111,4120467.1010144143],[606119.0245288536,4120467.150911482],[606118.9337316373,4120467.211038297],[606115.9554594995,4120469.425661062],[606114.2263689797,4120470.124053077],[606109.5623938794,4120470.1610971205],[606109.5782785591,4120472.1610340383],[606114.432456828,4120472.122479289],[606114.5262624378,4120472.1173210405],[606114.6191700101,4120472.103382497],[606114.7103595333,4120472.0807866827],[606114.7990261595,4120472.0497330297],[606116.8235925989,4120471.2319961796],[606116.9011135434,4120471.196775389],[606116.9753572511,4120471.1550875874],[606117.0457854548,4120471.107235011],[606120.0393612405,4120468.8812325587],[606123.5983194984,4120467.28558243],[606123.7049688981,4120467.229830775],[606123.8041488889,4120467.161671616],[606126.4926218478,4120465.065167466],[606126.5638039092,4120465.004080045],[606126.6289490877,4120464.9365917896],[606126.6874841992,4120464.863296499],[606126.7388942194,4120464.7848390667],[606126.7827268139,4120464.7019098043],[606126.8185963194,4120464.6152383704],[606126.8461871357,4120464.5255873483],[606127.8726876886,4120460.532836429],[606127.8927447434,4120460.434656905],[606127.9028751475,4120460.3349629766],[606127.9029771768,4120460.234755722],[606127.8930498065,4120460.1350413715],[606127.8731927223,4120460.0368212075],[606127.8436053194,4120459.9410815085],[606127.8045846997,4120459.848783645],[606127.7565226888,4120459.7608544263],[606123.5571666277,4120452.916951433],[606123.4723059918,4120452.798865841],[606120.4653576099,4120449.1990125887],[606120.4492015841,4120449.1801519673],[606118.4087608503,4120446.857146537],[606117.2522266781,4120443.238462204],[606116.5141012517,4120437.9098788197],[606117.2845528172,4120435.444601501],[606118.7002954949,4120433.5357816536],[606118.7567178241,4120433.4510040637],[606118.8042253102,4120433.3609276637],[606118.8423252662,4120433.266486611],[606118.8706225684,4120433.1686603283],[606118.8888237532,4120433.0684633427],[606118.8967400613,4120432.96693477],[606118.894289395,4120432.865127534],[606118.8814971694,4120432.7640974494],[606118.858496049,4120432.6648922707],[606118.825524572,4120432.568540827],[606117.7588984026,4120429.903083539],[606117.7190956672,4120429.8159644864],[606117.671140737,4120429.7330530165],[606117.6154735497,4120429.6551097594],[606117.5526047957,4120429.5828497643],[606115.112264111,4120427.0353635377],[606114.5050423,4120424.218535793],[606118.67121891,4120420.8399407277],[606122.323411197,4120419.741237701],[606126.9489865747,4120420.9140521437],[606129.4714242456,4120423.0015683165],[606129.5413732022,4120423.0544650652],[606129.6156876452,4120423.1010299246],[606136.8400725764,4120427.198012692],[606136.9233338281,4120427.240221662],[606137.0101681796,4120427.274482844],[606137.0998189534,4120427.300497685],[606137.1915049297,4120427.3180394913],[606139.6538355435,4120427.670936305],[606139.7541580274,4120427.6801873953],[606139.8549022122,4120427.6792970663],[606139.9550455257,4120427.668274354],[606140.0535714952,4120427.6472311425],[606140.149480064,4120427.616381023],[606143.4745399569,4120426.3587224428],[606150.4589086573,4120427.1122989487],[606150.6734529268,4120425.1238395562],[606143.4515235007,4120424.3446315024],[606143.3579130932,4120424.3389545246],[606143.2641825288,4120424.342071862],[606143.1711561809,4120424.353956098],[606143.0796522287,4120424.374502709],[606142.990475462,4120424.403530984],[606139.68272792,4120425.654641404],[606137.6622989574,4120425.365077143],[606130.6787951969,4120421.404699224],[606128.0506194629,4120419.2296764622],[606127.9799481893,4120419.1762821833],[606127.9048294253,4120419.129350859],[606127.8258525056,4120419.0892506833],[606127.7436370343,4120419.0562962573],[606127.6588280228,4120419.030746121],[606122.5464067433,4120417.73449192],[606122.4582016456,4120417.716311184],[606122.3687185658,4120417.7061398095],[606122.2786832724,4120417.7040602923],[606122.1888260129,4120417.7100895],[606122.0998755905,4120417.7241785307],[606122.0125534534,4120417.746213113],[606117.906336663,4120418.981502074],[606117.8146790914,4120419.0140142064],[606117.7266131379,4120419.0552760167],[606117.6429717432,4120419.1048972453],[606117.5645460002,4120419.162408566],[606113.834432363,4120422.18737479],[606113.590724823,4120421.5584914745],[606112.3130292888,4120417.093593483],[606111.4000485664,4120412.7235129373],[606111.378442809,4120412.638787145],[606111.3495185374,4120412.5562725696],[606111.3134968851,4120412.476600057],[606108.9067889017,4120407.7192351855],[606108.8595569679,4120407.6360135637],[606108.8045868702,4120407.557687436],[606108.742381953,4120407.4849740113],[606108.6735118079,4120407.4185391036],[606105.5802581281,4120404.70807079],[606103.3672096694,4120400.9977306],[606103.3127781277,4120400.9159000325],[606101.7162523444,4120398.7541768495],[606101.6466983929,4120398.670030462],[606101.568386254,4120398.5939674913],[606098.1015129668,4120395.576412117],[606098.0204898863,4120395.5129141514],[606097.9333682521,4120395.4580821167],[606097.8410712688,4120395.4124970525],[606097.7445769825,4120395.376642012],[606097.6449079172,4120395.3508969415],[606097.5431202395,4120395.3355346546],[606097.4402925659,4120395.3307179413],[606097.3375145334,4120395.336497843],[606094.6718646635,4120395.624624058],[606094.5701805514,4120395.640948914],[606094.470714683,4120395.6676453664],[606094.3745220089,4120395.7044302686],[606094.2826227642,4120395.750913474],[606089.6348821615,4120398.4107836485],[606089.5393102845,4120398.472968493],[606085.4803219144,4120401.4566335888],[606082.3567321595,4120403.6670944416],[606079.0308349213,4120405.8806369696],[606079.0309462419,4120405.8808042314],[606079.0272982303,4120405.8830016763],[606078.948254123,4120405.9419524213],[606078.8754001281,4120406.0084013245],[606076.9161017598,4120407.980972956],[606078.3350813591,4120409.390404365],[606079.3352346594,4120408.383475528],[606083.8372835282,4120416.920442995],[606083.7388902584,4120417.096584069],[606083.2342609046,4120418.0006760373],[606081.3639100648,4120419.8751035007],[606081.2890820793,4120419.959046114],[606081.224151849,4120420.0508592655],[606079.4944520531,4120422.8141572764],[606079.4487856304,4120422.8952787216],[606077.1916003423,4120427.3814356863],[606074.8913319062,4120429.6716635986],[606071.8900227449,4120431.511386191],[606067.4094219204,4120432.8740250054],[606065.0099252079,4120433.127389411],[606065.0631073827,4120432.1363203013],[606063.0659807266,4120432.029151651],[606062.9499492889,4120434.1914395657],[606062.9498742679,4120434.1928563914],[606062.8997286208,4120435.152790578],[606062.0053125028,4120437.458761921],[606061.4014214255,4120438.6196679543],[606059.7283148051,4120438.668004611],[606055.9960901224,4120437.6761957575],[606053.0710370666,4120435.3286826536],[606051.6595144939,4120434.0150295766],[606051.5861890685,4120433.9530818136],[606051.5072619253,4120433.898449869],[606051.4234603102,4120433.8516371287],[606051.3355563832,4120433.8130749324],[606051.2443601041,4120433.783118598],[606051.150711768,4120433.762044147],[606051.0554742643,4120433.7500457624],[606050.9595251251,4120433.7472339994],[606048.1365928594,4120433.8000777536],[606046.2938123816,4120432.3146915855],[606046.2229400148,4120432.262537031],[606046.1477571727,4120432.216814715],[606046.068845995,4120432.1778786653],[606045.9868174904,4120432.146030363],[606044.2387087137,4120431.5544137377],[606043.2657520957,4120431.1417132],[606043.138548932,4120431.4415993127],[606036.6468017526,4120431.269320166],[606031.882059019,4120431.1114652236],[606027.5839658981,4120430.080972489],[606027.4806357652,4120430.061875851],[606027.375872205,4120430.0537275732],[606027.2708319959,4120430.0566176274],[606027.1666749703,4120430.0705141015],[606023.4488325724,4120430.767037847],[606023.3521791174,4120430.7901699184],[606023.2582990794,4120430.8227815973],[606023.16811971,4120430.864550778],[606023.0825317095,4120430.9150649076],[606023.002380429,4120430.9738250584],[606017.8155337516,4120435.18816063],[606014.1878863785,4120437.331140753],[606012.4852026716,4120437.5764738983],[606009.593740049,4120437.087048197],[606009.4851074496,4120437.0747219156],[606009.3757784783,4120437.0743283103],[606009.2670599421,4120437.085872086],[606007.046937338,4120437.445238953],[606006.718776754,4120436.831012229],[606006.3366542839,4120435.148294881],[606004.3863101295,4120435.5911917984],[606004.7982161194,4120437.4050640753],[606004.8217979564,4120437.490985125],[606004.8529340208,4120437.5744661125],[606004.891377138,4120437.654844322],[606005.2334269302,4120438.2950678393],[606004.8170259116,4120438.637755401],[606004.735209592,4120438.7130987155],[606004.6622662588,4120438.7970617753],[606003.3363799033,4120440.50671074],[606002.0365298796,4120441.6140839597],[605998.5500187086,4120442.2881355495]],[[606078.7175973804,4120428.684360451],[606078.789332597,4120428.604846661],[606078.8521535108,4120428.518117676],[606078.9053396677,4120428.425168137],[606081.2144439413,4120423.835822161],[606082.859470676,4120421.2077943874],[606084.4412837317,4120419.622533606],[606094.4877601739,4120441.684753443],[606093.816167136,4120448.9732508743],[606089.4694316235,4120450.8332644193],[606085.0307141189,4120447.6195084],[606084.939747236,4120447.560876042],[606084.8429768778,4120447.5124175553],[606081.163006136,4120445.9124871637],[606081.061882833,4120445.874868911],[606080.9572952582,4120445.848364298],[606077.4941769462,4120445.167163126],[606073.962928728,4120444.2210253715],[606073.8431521347,4120444.1966666435],[606070.5299942631,4120443.731528345],[606066.9337549757,4120441.112216515],[606066.8889446846,4120441.0814082185],[606064.7590308195,4120439.700785878],[606064.6850150482,4120439.657204454],[606064.6075324065,4120439.620135394],[606063.4027879712,4120439.106122912],[606063.8049377613,4120438.3330395943],[606063.8501150971,4120438.233175189],[606064.8223320211,4120435.7266188767],[606064.8553430164,4120435.6260074023],[606064.87753028,4120435.52246939],[606064.8886450394,4120435.4171657492],[606064.9026098021,4120435.1498393933],[606067.7142113709,4120434.85296057],[606067.8080859113,4120434.8385126353],[606067.9001663082,4120434.815223739],[606072.5944359892,4120433.387604024],[606072.6745086034,4120433.3594884668],[606072.7519089874,4120433.3246848946],[606072.8260796954,4120433.2834439664],[606076.0364522742,4120431.3155710665],[606076.1321307889,4120431.2489511915],[606076.2194052243,4120431.171648159],[606078.7175973804,4120428.684360451]]],[[[606085.3639240876,4119824.1873504976],[606084.5808112231,4119822.3470423054],[606047.7334128091,4119838.026846288],[606048.5165256736,4119839.86715448],[606085.3639240876,4119824.1873504976]]],[[[606071.8804594012,4119846.0122409454],[606071.8687552663,4119846.017381334],[606054.939397214,4119853.5821017334],[606055.7553258124,4119855.4080974953],[606072.6788482158,4119847.8459846997],[606095.1043240096,4119838.167352389],[606094.311803681,4119836.3310758495],[606071.8804594012,4119846.0122409454]]],[[[606078.6104365052,4119903.578137692],[606079.4156110345,4119905.4089009147],[606123.0959248565,4119886.198182844],[606122.2907503272,4119884.3674196214],[606078.6104365052,4119903.578137692]]],[[[606076.0553258256,4120486.051918734],[606076.151432759,4120486.0475467434],[606076.2466748,4120486.0339595946],[606076.3401704206,4120486.0112830447],[606076.4310542574,4120485.979726981],[606079.3741781467,4120484.7963095983],[606079.404356543,4120484.783597103],[606082.9451983091,4120483.223289302],[606087.3450783117,4120483.106330533],[606090.9514985089,4120484.6140137217],[606090.9721062271,4120484.6223609806],[606094.9189150507,4120486.170185651],[606095.0039253037,4120486.19919107],[606095.0911953294,4120486.2204513634],[606095.1800210284,4120486.233795001],[606098.6803434769,4120486.599788805],[606098.7767406654,4120486.605181937],[606098.8732086592,4120486.6012538346],[606098.9688482316,4120486.588041113],[606101.9039888453,4120486.0370124886],[606101.9995115503,4120486.0141721405],[606102.0923329687,4120485.9820714714],[606102.1815577202,4120485.941020133],[606102.2663251186,4120485.891414117],[606105.6662173705,4120483.670734397],[606105.7280332636,4120483.626930672],[606105.7863554439,4120483.5785726923],[606108.2106019548,4120481.40839011],[606109.1988581531,4120481.045270759],[606108.5090785162,4120479.167984406],[606107.3412588737,4120479.597081548],[606107.254220047,4120479.6338169435],[606107.1710362901,4120479.6786020887],[606107.0924500384,4120479.7310372647],[606107.0191626936,4120479.7906544744],[606104.5089537425,4120482.037790531],[606101.3393046128,4120484.10808424],[606098.7432203076,4120484.5954601285],[606095.5228729673,4120484.258740529],[606091.7126546414,4120482.764482715],[606087.9186121133,4120481.1783630108],[606087.819179811,4120481.1428367733],[606087.716555864,4120481.1179928253],[606087.611884416,4120481.1041081483],[606087.5063324381,4120481.1013375414],[606082.6953997756,4120481.2292230204],[606082.5985909039,4120481.236510617],[606082.5029449133,4120481.253151267],[606082.4093632739,4120481.2789881295],[606082.3187279988,4120481.313777691],[606078.6128523505,4120482.9468093445],[606075.9605081764,4120484.0133054615],[606073.8912719347,4120483.604290424],[606071.0195803937,4120482.8012727075],[606070.9152072107,4120482.7780230655],[606070.8089481863,4120482.766051144],[606070.7020183187,4120482.7654938335],[606070.5956402769,4120482.7763575064],[606070.4910304201,4120482.798517945],[606066.5824155455,4120483.847690743],[606066.5033049627,4120483.8724843157],[606066.426519991,4120483.9037456927],[606066.3525883893,4120483.941260008],[606063.0818158677,4120485.7752190367],[606062.999067201,4120485.8270842955],[606062.9217722209,4120485.8867737665],[606062.850668116,4120485.95371817],[606062.786433031,4120486.0272790343],[606062.729679598,4120486.1067547835],[606062.6809490945,4120486.1913874303],[606062.6407062799,4120486.280369804],[606062.6093349641,4120486.372853248],[606061.5231454779,4120490.1762224906],[606061.5019055742,4120490.2661373923],[606061.4890546467,4120490.357628795],[606061.4847023886,4120490.4499157434],[606061.4804423838,4120495.11105468],[606059.7426458037,4120495.9024404823],[606057.646054757,4120496.724632391],[606054.1778735569,4120497.291749761],[606050.4116821795,4120496.8105555023],[606046.9996718438,4120496.0880718185],[606043.2949258483,4120494.33677627],[606043.203584303,4120494.2990010334],[606043.1089596588,4120494.2704279153],[606043.0119764218,4120494.251336081],[606042.9135821421,4120494.241912063],[606042.8147381562,4120494.242247937],[606042.7164101938,4120494.25234042],[606042.6195589438,4120494.272090907],[606042.5251306664,4120494.301306431],[606039.7884493265,4120495.2987070447],[606039.7029279764,4120495.3344478896],[606039.6210832313,4120495.3779536025],[606039.5436182449,4120495.428850412],[606039.4711985429,4120495.486701048],[606039.4044463051,4120495.551008498],[606037.0392227508,4120498.0510811172],[606038.4920754503,4120499.4255697615],[606040.6950753125,4120497.096969733],[606042.8176746035,4120496.323375159],[606046.2506948537,4120497.9462213917],[606046.3586400377,4120497.989756453],[606046.470912643,4120498.020453788],[606050.0373046866,4120498.7756273686],[606050.1177221996,4120498.7892554486],[606054.068824309,4120499.294075161],[606054.1648753448,4120499.3016678374],[606054.261211248,4120499.299981435],[606054.3569376891,4120499.2890316094],[606058.073633449,4120498.681277111],[606058.1769694128,4120498.658711548],[606058.2773438953,4120498.6253575482],[606060.4977790773,4120497.7545993514],[606060.5471362419,4120497.7337006694],[606061.3827608855,4120497.353160457],[606061.020117638,4120503.4345106226],[606063.0165711149,4120503.553563194],[606063.478081252,4120495.814263571],[606063.4798540958,4120495.755651226],[606063.4845740324,4120490.5912722065],[606064.4193147476,4120487.3182115383],[606067.2216758674,4120485.7468960634],[606070.7448748678,4120484.8011788027],[606073.3900149278,4120485.540845407],[606073.4654036517,4120485.558808266],[606075.8640751838,4120486.032941044],[606075.9592435322,4120486.0470351004],[606076.0553258256,4120486.051918734]]],[[[606052.8258353457,4120550.6744939233],[606052.9158468128,4120550.68921992],[606053.0068256137,4120550.6956834304],[606053.0980149031,4120550.6938306848],[606058.0356341549,4120550.3677978315],[606058.1411040935,4120550.355179765],[606058.2446405917,4120550.331445463],[606058.3450754344,4120550.296862723],[606058.4412754029,4120550.2518217457],[606064.4624647177,4120547.032275365],[606064.5345535261,4120546.9897577837],[606064.602834547,4120546.941361056],[606069.5988732188,4120543.0762401973],[606073.3801321978,4120542.2976287003],[606076.3551222311,4120542.630386],[606079.7485872649,4120543.803345079],[606079.8358152568,4120543.829118993],[606079.9250242992,4120543.8468605815],[606080.0154763641,4120543.8564230683],[606080.1064231402,4120543.8577273423],[606082.8937097567,4120543.7708650366],[606082.9961027987,4120543.762393472],[606083.0970861613,4120543.7434603535],[606083.1955938535,4120543.7142655416],[606083.2905860181,4120543.6751172193],[606083.3810599081,4120543.6264286404],[606083.466060472,4120543.568713767],[606085.5594729374,4120541.9842757285],[606090.1135982004,4120538.7467812365],[606094.7097110413,4120536.689716351],[606099.5002509409,4120535.5725833983],[606103.379819031,4120535.683668911],[606107.5280249716,4120537.096974896],[606112.1711169855,4120539.108642829],[606115.598068971,4120543.3666575775],[606115.6630103358,4120543.439726737],[606115.7347758984,4120543.506105852],[606115.8126798325,4120543.5651605716],[606115.8959776502,4120543.616326541],[606115.9838733176,4120543.659114794],[606116.0755268611,4120543.6931164237],[606116.1700623953,4120543.718006496],[606121.3559051153,4120544.815456264],[606121.4234547245,4120544.82734713],[606125.9230419332,4120545.4611879126],[606125.9250836,4120545.461473369],[606133.6667032642,4120546.5357361464],[606133.9415984512,4120544.554718066],[606126.2009997488,4120543.480596962],[606121.736412069,4120542.851686438],[606116.9327317514,4120541.835111479],[606113.5743271582,4120537.6622674037],[606113.5100444633,4120537.5898707556],[606113.4390620348,4120537.5240297774],[606113.3620452293,4120537.465361633],[606113.2797159668,4120537.41441625],[606113.1928459639,4120537.3716711667],[606108.2861847474,4120535.2458091336],[606108.2111327563,4120535.2168194023],[606104.1987780291,4120533.849798326],[606093.7591909264,4120518.4690410173],[606092.1043715937,4120519.5922386735],[606101.6343574559,4120533.632870574],[606099.4279659595,4120533.56969392],[606099.3420921966,4120533.5709244763],[606099.2566407141,4120533.5795187517],[606099.1722417866,4120533.5954133566],[606094.1618605603,4120534.7638123455],[606094.0696876138,4120534.79002124],[606093.9804464959,4120534.8249322856],[606089.2062885418,4120536.9616841506],[606089.1184338193,4120537.0063247173],[606089.0353994732,4120537.0593957063],[606084.3884828521,4120540.362854899],[606084.3643890703,4120540.3805307867],[606082.5130420203,4120541.7817571275],[606080.228047279,4120541.8529661344],[606076.9034373458,4120540.703806981],[606076.7970212904,4120540.67350081],[606076.6879084901,4120540.6551367785],[606073.4448911287,4120540.292400202],[606073.3403001161,4120540.28622447],[606073.2356370108,4120540.2910259212],[606073.1320507433,4120540.3067518477],[606068.9685609386,4120541.1640697536],[606068.8803150096,4120541.1864723274],[606068.7944723567,4120541.2168080863],[606068.7117445485,4120541.2548255697],[606068.632817334,4120541.3002096433],[606068.5583449581,4120541.352584108],[606063.4454090311,4120545.30814102],[606057.6885257092,4120548.386362264],[606053.2961787514,4120548.6763905827],[606047.8147007683,4120545.1416804357],[606043.1698000083,4120538.2385499715],[606038.6239349156,4120530.1815441246],[606036.8820600881,4120531.164332039],[606041.4472455618,4120539.2555809664],[606041.4885152308,4120539.3224445065],[606046.2702070207,4120546.428870234],[606046.3310059841,4120546.5100193345],[606046.3997102184,4120546.584594254],[606046.4756133277,4120546.651828237],[606046.5579348999,4120546.7110300036],[606052.4901881397,4120550.536420854],[606052.5690154365,4120550.582303056],[606052.6516953291,4120550.6208122047],[606052.7375400106,4120550.651627945],[606052.8258353457,4120550.6744939233]]],[[[606130.2381122381,4120570.502098463],[606130.0418240869,4120572.492442896],[606137.3974055278,4120573.2178517543],[606137.593693679,4120571.227507321],[606130.2381122381,4120570.502098463]]],[[[606166.41839981,4120096.3765587355],[606167.284084743,4120098.1794978906],[606201.915307041,4120081.5512454784],[606201.049622108,4120079.7483063233],[606166.41839981,4120096.3765587355]]],[[[606228.7994611488,4120153.000746875],[606228.7199893843,4120152.946870071],[606228.6357170214,4120152.900863112],[606228.5474209224,4120152.8631501123],[606228.4559150425,4120152.8340787287],[606228.3620429259,4120152.8139169547],[606228.2666699302,4120152.80285065],[606228.1706752484,4120152.800981831],[606228.0749438049,4120152.8083277233],[606227.9803580972,4120152.82482061],[606195.6685890871,4120160.0727205556],[606196.1063344312,4120162.0242274124],[606227.4749738933,4120154.987882229],[606229.2455812313,4120161.78979245],[606231.1810798952,4120161.285962199],[606229.1669801013,4120153.548658913],[606229.1383603091,4120153.4570107874],[606229.1010831781,4120153.36852979],[606229.0554923464,4120153.28403158],[606229.0020080919,4120153.204295102],[606228.9411234576,4120153.1300554043],[606228.8733997068,4120153.061996863],[606228.7994611488,4120153.000746875]]],[[[606197.233303218,4120293.3603037703],[606198.79458725,4120294.610260638],[606208.4685854662,4120282.526756537],[606206.9073014342,4120281.2767996695],[606197.233303218,4120293.3603037703]]],[[[606260.5039885793,4120293.9185450478],[606257.2774086309,4120290.3586211056],[606255.7955173504,4120291.7017511185],[606258.521269789,4120294.7091061263],[606220.6059608706,4120309.8192536025],[606216.818448861,4120309.4274128275],[606216.7293874325,4120309.4221996875],[606216.6402158075,4120309.4249448995],[606216.5516437134,4120309.4356266144],[606213.5105301632,4120309.9408929003],[606213.4681028598,4120309.948886756],[606210.9857885274,4120310.4723144383],[606210.9074281888,4120310.492176999],[606210.830928235,4120310.5183040155],[606206.8360549451,4120312.065651947],[606207.5584269613,4120313.9306395263],[606211.4777335391,4120312.412561108],[606213.8596269449,4120311.9103084602],[606216.7465910414,4120311.4306533593],[606220.6447893801,4120311.833945297],[606220.7410713809,4120311.839232344],[606220.8374149797,4120311.8352214186],[606220.9329243567,4120311.821949815],[606221.0267114487,4120311.7995409346],[606221.1179042069,4120311.76820314],[606260.5997506052,4120296.033753422],[606274.9498216256,4120290.3059934946],[606277.9452369648,4120295.3509644708],[606279.6649518663,4120294.3298960803],[606276.8305852755,4120289.5561683774],[606278.7130818556,4120288.806289988],[606277.9729561426,4120286.948276552],[606275.0031182352,4120288.131289202],[606260.5039885793,4120293.9185450478]]],[[[606244.8531628995,4120332.9609908583],[606261.4621341557,4120323.705277654],[606269.7963240187,4120326.539790247],[606273.3582915136,4120331.290397184],[606278.2590170671,4120342.138102952],[606278.2814768077,4120342.1845812513],[606283.3134537298,4120351.9462949745],[606298.522641857,4120381.416546392],[606318.0531454458,4120423.0028682956],[606316.1061884947,4120423.7564891954],[606302.1605873243,4120421.717433748],[606269.0190270954,4120416.826490789],[606268.727034968,4120418.8050611313],[606300.8573528394,4120423.546767643],[606300.7515963456,4120424.1661210693],[606300.7484014186,4120424.186040926],[606291.2122398422,4120487.7356548407],[606266.3767916536,4120484.677186177],[606263.9733887673,4120484.353647901],[606264.1321692261,4120482.754677382],[606264.1352744367,4120482.7156519163],[606264.315253308,4120479.710864163],[606264.3163484008,4120479.613826103],[606264.3080324446,4120479.5171388276],[606264.2903837553,4120479.421712898],[606264.2635685414,4120479.328446995],[606264.2278393371,4120479.238219459],[606262.3459723222,4120475.0866386113],[606260.5243783337,4120475.912347604],[606262.3040281262,4120479.838427362],[606262.1400230883,4120482.57652837],[606261.8877452475,4120485.1170477355],[606261.8828554411,4120485.21288379],[606261.8871740534,4120485.3087472823],[606261.9006613166,4120485.4037554567],[606261.9231930338,4120485.4970334354],[606261.9545617225,4120485.5877222707],[606261.9944785255,4120485.6749868593],[606262.0425758705,4120485.7580236276],[606262.098410855,4120485.836067936],[606262.161469325,4120485.908401116],[606262.2311706088,4120485.97435709],[606262.3068728653,4120486.033328506],[606262.3878789931,4120486.084772328],[606262.4734430505,4120486.128214837],[606262.5627771246,4120486.163255995],[606262.655058586,4120486.189573127],[606262.7494376646,4120486.206923892],[606266.1155545916,4120486.660059599],[606266.1267419419,4120486.6615014123],[606291.934413661,4120489.839698747],[606292.0306340473,4120489.8468582476],[606292.1270965361,4120489.844711276],[606292.2229030977,4120489.8332778187],[606292.3171618098,4120489.812664318],[606292.4089951591,4120489.783062677],[606292.4975482122,4120489.744748476],[606292.5819965735,4120489.698078405],[606292.6615540608,4120489.643486946],[606292.735480024,4120489.581482324],[606292.8030862405,4120489.5126417787],[606292.8637433221,4120489.4376061894],[606292.9168865741,4120489.357074109],[606292.9620212531,4120489.2717952607],[606292.9987271723,4120489.182563558],[606293.0266626135,4120489.090209715],[606293.0455675083,4120488.9955935106],[606302.7247601491,4120424.492811085],[606302.8366480388,4120423.837549689],[606316.0771475238,4120425.7735087257],[606316.1795509994,4120425.783135826],[606316.2824016893,4120425.782193229],[606316.3846115202,4120425.7706909087],[606316.4850991985,4120425.748750549],[606316.5828016499,4120425.71660426],[606319.7599760869,4120424.486795323],[606340.6899061811,4120417.1563602765],[606340.0288068817,4120415.2687830688],[606319.9355372026,4120422.3061887166],[606300.3249980184,4120380.5494469344],[606300.308484297,4120380.515926616],[606285.0910549402,4120351.0297067384],[606280.0710173568,4120341.2911545695],[606275.1356503378,4120330.366770273],[606275.0851903206,4120330.2696296773],[606275.0244151003,4120330.1785863843],[606271.2110482124,4120325.0926873083],[606271.1472074864,4120325.0158593566],[606271.0760204396,4120324.9457838484],[606270.9981973886,4120324.883160009],[606270.9145148651,4120324.828612711],[606270.8258078679,4120324.782686236],[606270.7329615308,4120324.7458388456],[606261.6854627592,4120321.6687252177],[606261.5962329509,4120321.6429338087],[606261.504995057,4120321.625532597],[606261.4125362011,4120321.6166717047],[606261.3196540399,4120321.6164275766],[606261.2271498824,4120321.6248023184],[606261.1358217762,4120321.641723681],[606261.0464576234,4120321.66704568],[606260.959828382,4120321.700549859],[606260.8766814163,4120321.741947172],[606243.9371679975,4120331.18186224],[606236.333703369,4120334.1902700104],[606225.959059528,4120329.8294259063],[606225.1840668066,4120331.673168373],[606235.9347848125,4120336.19209027],[606236.0257296492,4120336.225235892],[606236.1194530538,4120336.249433392],[606236.2150768758,4120336.26445605],[606236.3117051587,4120336.270163109],[606236.4084325345,4120336.2665010965],[606236.504352707,4120336.2535043242],[606236.5985669428,4120336.2312945663],[606236.6901924927,4120336.2000799193],[606244.7342860335,4120333.0173316994],[606244.8531628995,4120332.9609908583]]],[[[606152.7186309692,4120411.4250300373],[606156.084502072,4120411.9003096377],[606156.0859156941,4120411.90050822],[606179.8251606737,4120415.218064225],[606176.1817071597,4120443.157876409],[606172.4397580134,4120471.893507874],[606147.7218564206,4120468.520026213],[606147.7160181882,4120468.5192469223],[606144.4205847027,4120468.0892445664],[606144.161809761,4120470.0724327895],[606147.454322948,4120470.5020540925],[606172.1811535563,4120473.876754379],[606170.5062900698,4120486.7039494263],[606163.75456685,4120485.7012714185],[606163.6569926288,4120485.691640424],[606163.5589442537,4120485.691611214],[606163.4613643114,4120485.7011840693],[606163.3651908851,4120485.720266961],[606163.2713485366,4120485.748676437],[606163.1807394178,4120485.7861393825],[606163.0942345981,4120485.8322956483],[606163.0126656903,4120485.8867015117],[606162.9368168558,4120485.948833943],[606162.8674172662,4120486.0180956325],[606162.8051340935,4120486.093820735],[606162.7505660959,4120486.175281267],[606162.7042378621,4120486.2616941105],[606162.6665947678,4120486.352228536],[606162.6379986944,4120486.4460141915],[606162.6187245498,4120486.5421494716],[606158.9074703603,4120511.2952001165],[606158.9058352831,4120511.3065489684],[606158.1831486103,4120516.5348108844],[606160.1643114333,4120516.8086609696],[606160.8862131004,4120511.5860781614],[606164.4485497528,4120487.826266769],[606171.219206822,4120488.8317565853],[606195.7969611,4120492.4713058462],[606195.8099587819,4120492.4731434854],[606199.2646541968,4120492.9384682532],[606199.5316301568,4120490.9563673884],[606196.0834395817,4120490.4919187794],[606172.484952936,4120486.9973825575],[606174.2266340419,4120473.658454677],[606182.7801255946,4120469.0619619326],[606189.8882490492,4120470.159045956],[606189.9858038494,4120470.1692354465],[606190.0838876123,4120470.1698187245],[606190.1815566971,4120470.160790179],[606190.2778714525,4120470.142236671],[606190.3719052569,4120470.1143366997],[606190.462753433,4120470.077358684],[606190.5495419522,4120470.031658381],[606190.6314358425,4120469.9776754626],[606190.7076472217,4120469.9159292853],[606190.7774428786,4120469.8470138945],[606190.8401513251,4120469.7715923097],[606190.8951692584,4120469.6903901435],[606190.9419673635,4120469.604188623],[606190.9800954071,4120469.513817073],[606191.0091865682,4120469.420144937],[606191.0289609677,4120469.324073412],[606193.4053870038,4120454.0081021124],[606193.4157144879,4120453.9094692334],[606193.4162215911,4120453.8102984484],[606193.4069033257,4120453.7115651118],[606193.3878513379,4120453.6142402766],[606193.3592530059,4120453.5192811424],[606193.3213895975,4120453.4276216417],[606193.2746335028,4120453.340163255],[606193.2194445729,4120453.257766145],[606193.1563655966,4120453.1812406946],[606193.0860169618,4120453.1113395407],[606193.0090905549,4120453.048750167],[606192.9263429546,4120452.994088147],[606192.8385879921,4120452.9478910873],[606192.7466887464,4120452.9106133403],[606192.6515490559,4120452.882621537],[606192.5541046291,4120452.8641909794],[606185.1765834338,4120451.8446590165],[606178.2192948429,4120442.9994893083],[606181.8060047354,4120415.494815413],[606204.6348367361,4120418.683535131],[606210.2857286348,4120419.476186601],[606210.5635490955,4120417.4955766466],[606204.9123703133,4120416.702884936],[606181.066855786,4120413.372155349],[606156.3634323627,4120409.919855548],[606152.9982679406,4120409.4446757347],[606152.7186309692,4120411.4250300373]],[[606174.5447354652,4120471.217024229],[606177.8578015995,4120445.774923694],[606183.5928532592,4120453.066198815],[606181.678273606,4120467.3835889464],[606174.5447354652,4120471.217024229]],[[606191.2731423308,4120454.7061765557],[606189.2058123946,4120468.030035783],[606183.7227964875,4120467.1837745733],[606185.4980744167,4120453.9080946296],[606191.2731423308,4120454.7061765557]]],[[[606212.7147102037,4120438.558963786],[606262.187654336,4120445.850809736],[606265.2738337546,4120446.3871310363],[606265.6162647639,4120444.416663832],[606262.5174114452,4120443.8781400407],[606262.4920111867,4120443.8740618043],[606213.0000813516,4120436.57941754],[606212.9875515053,4120436.5776516814],[606207.7966034324,4120435.879545376],[606207.5300326326,4120437.861700771],[606212.7147102037,4120438.558963786]]],[[[606333.3432379267,4120490.9566083206],[606333.2807890351,4120490.892285957],[606333.2043403324,4120490.827872378],[606333.1218424056,4120490.7714134953],[606333.0341196992,4120490.7234735317],[606332.9420488708,4120490.684531576],[606332.8465500317,4120490.6549767954],[606331.833736002,4120490.3962284187],[606331.487043619,4120488.3046497563],[606331.4679401519,4120488.215057981],[606331.4407183237,4120488.1275902684],[606331.4056065696,4120488.0429806155],[606331.3628995348,4120487.9619390345],[606331.3129556004,4120487.8851455967],[606331.2561938777,4120487.813244724],[606329.6907369869,4120486.0069463653],[606329.6197738964,4120485.933076228],[606329.5416262753,4120485.8668530695],[606329.4571140922,4120485.80897174],[606327.8281751614,4120484.811891472],[606327.7397354027,4120484.7637036643],[606327.6468970834,4120484.7246562294],[606327.5506019233,4120484.6951452508],[606327.4518267072,4120484.675470078],[606324.4848058639,4120484.2384568765],[606324.1933696977,4120486.217109186],[606326.9582815839,4120486.6243537115],[606328.2808325452,4120487.4338926338],[606329.5600884149,4120488.9099586895],[606329.8677224478,4120490.7659001825],[606328.9947754006,4120491.4164595674],[606328.9171183017,4120491.480664213],[606328.8463165589,4120491.5523578306],[606328.7830890123,4120491.630812524],[606328.7280776025,4120491.715231754],[606328.6818408527,4120491.8047584235],[606328.6448481983,4120491.8984835804],[606328.6174752206,4120491.995455647],[606328.5999998335,4120492.0946900784],[606328.5925994623,4120492.195179362],[606328.5533720412,4120493.8923986033],[606328.556014445,4120493.991730705],[606328.5685019706,4120494.0903101675],[606328.5907113181,4120494.187163632],[606328.6224231955,4120494.281334782],[606328.6633244848,4120494.3718937864],[606328.7130113329,4120494.4579464784],[606328.7709931391,4120494.538643188],[606328.8366974,4120494.6131871263],[606328.9094753616,4120494.6808422594],[606329.6667645877,4120495.3177039097],[606328.8244526009,4120497.5483966647],[606328.7917009714,4120497.6517785722],[606327.8406301498,4120501.3372413153],[606325.5578985472,4120506.6317777364],[606322.8112159875,4120512.31120601],[606316.9711794185,4120517.507138962],[606309.2727858417,4120520.7771931845],[606303.4489712779,4120521.9935928592],[606297.4383306394,4120522.7330312124],[606297.3274923597,4120522.753057619],[606297.2196091908,4120522.7854212266],[606293.404359663,4120524.1685556653],[606293.309773249,4120524.2084505395],[606293.2197752573,4120524.257832239],[606293.135314104,4120524.316180369],[606293.0572798568,4120524.3828800465],[606292.9864948554,4120524.4572283775],[606292.9237050457,4120524.538441865],[606292.302162915,4120525.4338216023],[606292.6496446199,4120520.863801025],[606292.6521859744,4120520.7620318457],[606292.6443673956,4120520.6605316284],[606292.6262699104,4120520.5603522626],[606292.5980810708,4120520.46253195],[606292.5600930098,4120520.3680844433],[606292.5126994138,4120520.2779885423],[606292.4563914427,4120520.193177949],[606292.3917526398,4120520.1145315925],[606289.6612189994,4120517.1173050343],[606289.5882969188,4120517.045081406],[606289.5083560307,4120516.98071265],[606289.4222384231,4120516.9248768194],[606289.3308512487,4120516.878162082],[606289.2351571693,4120516.841060525],[606289.136164215,4120516.8139629727],[606283.7364168682,4120515.629998288],[606278.3218438107,4120514.1546396497],[606274.4628248343,4120512.470883547],[606271.9852468399,4120510.12987856],[606267.5632191064,4120505.3065293636],[606267.4776097204,4120505.2236548206],[606267.3827509261,4120505.151550965],[606263.2473645011,4120502.380679421],[606262.1340876314,4120504.0421891594],[606266.1699574937,4120506.7463806923],[606270.5352759775,4120511.507873987],[606270.5855931279,4120511.5589539194],[606273.2161290183,4120514.0444852132],[606273.2814220692,4120514.1010458176],[606273.3513529033,4120514.151760341],[606273.4253996767,4120514.196250338],[606273.5030098312,4120514.234183811],[606277.5887758664,4120516.016873541],[606277.7257898789,4120516.065143088],[606283.2348371998,4120517.566244],[606283.2835567937,4120517.578214748],[606288.3970299999,4120518.6994101116],[606290.6226848387,4120521.142446042],[606290.2828446598,4120525.6119665634],[606290.2817073602,4120525.628801833],[606290.0897587771,4120528.8775540367],[606289.5472544443,4120538.0918222456],[606291.5437969826,4120538.2093717796],[606292.0697696548,4120529.275888357],[606294.3851876514,4120525.940348808],[606297.7948580397,4120524.7042481275],[606303.7346350158,4120523.973527532],[606303.8169883565,4120523.959885948],[606309.777819315,4120522.7148681404],[606309.8725051216,4120522.6902012187],[606309.9643270022,4120522.656398833],[606317.9042004546,4120519.283770966],[606318.0015475542,4120519.2360348743],[606318.0931544853,4120519.1780403713],[606318.1779443909,4120519.110469193],[606324.2894459476,4120513.6730114054],[606324.35956577,4120513.6041622236],[606324.4225893795,4120513.528763126],[606324.4779081573,4120513.4475422413],[606324.52498789,4120513.36128392],[606327.3678416287,4120507.4829985513],[606327.3858796685,4120507.4435386956],[606329.7078511534,4120502.0579898288],[606329.7356695078,4120501.985934056],[606329.7578435027,4120501.911946157],[606330.7146888436,4120498.2041067677],[606331.5923950345,4120495.879679629],[606332.7129126731,4120495.654689185],[606332.8097478361,4120495.6301564667],[606332.9036522208,4120495.596084931],[606332.9936887647,4120495.5528145735],[606333.0789590017,4120495.500777186],[606333.1586120285,4120495.4404920437],[606333.2318529951,4120495.3725607265],[606333.2979510371,4120495.2976611145],[606333.3562465685,4120495.216540624],[606333.4061578639,4120495.1300087473],[606334.17950351,4120493.619620062],[606334.220435384,4120493.528788192],[606334.2521259042,4120493.4343341943],[606334.2742605153,4120493.3371956036],[606334.2866195127,4120493.2383366027],[606334.2890802227,4120493.1387384515],[606334.2816182208,4120493.0393897453],[606334.2658764919,4120492.950168907],[606336.153339631,4120490.758319528],[606336.1881080552,4120490.7156208097],[606338.6010139363,4120487.579834358],[606340.3524381237,4120485.5068645696],[606342.4687795488,4120484.2410934223],[606348.4233594444,4120480.8956726957],[606362.4033586003,4120473.9156966195],[606361.5099579215,4120472.12632935],[606347.5081235742,4120479.117207366],[606347.465011014,4120479.140063424],[606341.4773215727,4120482.5040858593],[606341.4538419727,4120482.517699704],[606340.1288807483,4120483.310151087],[606336.1235896017,4120474.8404619005],[606334.3155637003,4120475.69547204],[606338.5171146984,4120484.5801772345],[606337.0585474336,4120486.3065242246],[606337.0298800212,4120486.3420703136],[606334.6198425507,4120489.47412901],[606333.3432379267,4120490.9566083206]],[[606331.1687943991,4120492.290588423],[606331.8834277333,4120492.4731591716],[606332.1800437984,4120493.1363163753],[606331.845933886,4120493.7888523196],[606331.1276813159,4120493.9330713474],[606330.5639240098,4120493.4589652917],[606330.5808004229,4120492.728787969],[606331.1687943991,4120492.290588423]]],[[[606225.2791692426,4120535.129629473],[606222.1796147833,4120556.416128344],[606221.3454111016,4120562.0523728034],[606223.3238584874,4120562.3451968827],[606224.1582338549,4120556.7077924386],[606224.1585744965,4120556.7054721336],[606227.2582979116,4120535.4178129425],[606225.2791692426,4120535.129629473]]],[[[606155.7549019696,4120573.3559056153],[606140.9669816296,4120571.6599767706],[606140.7391084791,4120573.6469528214],[606155.5270288191,4120575.342881666],[606155.7549019696,4120573.3559056153]]],[[[606219.0300916046,4120584.3895780914],[606216.4289117414,4120585.8990584286],[606216.3826050593,4120585.9276424055],[606214.0778203486,4120587.438448023],[606212.5742588867,4120588.405509178],[606211.4752682962,4120588.9421845],[606212.3528847406,4120590.7393459775],[606213.5046349762,4120590.1769062863],[606213.6067766637,4120590.1193803586],[606215.1633668314,4120589.118212183],[606215.1706397369,4120589.113489689],[606217.456286361,4120587.615229247],[606220.0228490069,4120586.1258374895],[606222.921730786,4120584.5413992745],[606227.0622324396,4120583.825183707],[606227.069666104,4120583.8238689294],[606229.7102196978,4120583.3465539603],[606232.5223274695,4120584.488538015],[606235.8762471403,4120586.850775804],[606240.8097457407,4120590.6552482657],[606241.8361596175,4120592.416790135],[606242.1902090721,4120593.4200317776],[606244.0762108786,4120592.7544514397],[606243.6907320532,4120591.6621509017],[606243.65526439,4120591.5749608115],[606243.6117559215,4120591.491491774],[606242.4393240847,4120589.4793524058],[606242.3867515447,4120589.3983829515],[606242.3266163311,4120589.3228602363],[606242.2594788997,4120589.2534881253],[606242.1859649662,4120589.190913162],[606237.0804391075,4120585.253781705],[606237.0456046291,4120585.228101619],[606233.5804347809,4120582.7875079364],[606233.4837528567,4120582.72734312],[606233.3808577086,4120582.678560049],[606230.9032077924,4120581.6723977937],[606232.1453127514,4120571.5070623555],[606232.6014194395,4120568.3058434078],[606233.2722073778,4120563.666043997],[606231.2927865771,4120563.3798739538],[606230.6218518853,4120568.02068845],[606230.6215604586,4120568.0227189353],[606230.1639028079,4120571.23482343],[606230.1612872968,4120571.2545897975],[606228.9145333834,4120581.4579720846],[606226.7176196118,4120581.855093291],[606222.4173058055,4120582.5989528405],[606222.3105092976,4120582.6235199724],[606222.2070422147,4120582.659625385],[606222.1081470969,4120582.706835487],[606219.0524022662,4120584.377010145],[606219.0300916046,4120584.3895780914]]],[[[606482.9781765782,4120679.5901344954],[606478.1558822237,4120683.409479516],[606469.7477109316,4120689.4700053744],[606470.9171643755,4120691.09246605],[606479.3437179936,4120685.0186903947],[606479.3798636153,4120684.991371744],[606484.2199212655,4120681.157957869],[606482.9781765782,4120679.5901344954]]],[[[606425.9292252463,4120680.601250315],[606425.9999145224,4120680.533611474],[606426.0636558533,4120680.4593886384],[606426.1198391076,4120680.379292269],[606426.1679265003,4120680.2940890454],[606426.2074577393,4120680.2045945334],[606426.2380544321,4120680.1116653723],[606426.2594237077,4120680.0161910793],[606426.5709627745,4120678.2148614307],[606429.3105791043,4120677.9274475276],[606429.1019037692,4120675.9383636666],[606425.6101379334,4120676.3046857812],[606425.5117463024,4120676.3199928924],[606425.415364777,4120676.3450093325],[606425.3219490015,4120676.3794870586],[606425.2324252139,4120676.4230842167],[606425.1476810622,4120676.4753685305],[606425.0685568035,4120676.5358215896],[606424.9958369723,4120676.6038439893],[606424.9302426015,4120676.678761272],[606424.8724240742,4120676.7598306164],[606424.8229546736,4120676.846248202],[606424.7823248997,4120676.9371571797],[606424.7509376059,4120677.0316561665],[606424.7291040038,4120677.128808184],[606424.4582862145,4120678.6946859993],[606405.0838456646,4120675.4393244684],[606404.9857552759,4120675.427788745],[606404.8870053617,4120675.4259854984],[606404.7885592073,4120675.4339323184],[606404.6913771351,4120675.4515516856],[606404.5964071364,4120675.4786717263],[606404.5045756244,4120675.51502789],[606404.4167783967,4120675.56026553],[606404.3338718977,4120675.613943362],[606404.2566648632,4120675.67553777],[606404.1859104324,4120675.744447913],[606344.3296909025,4120740.0989262345],[606345.7941598324,4120741.4610315],[606405.283578365,4120677.500919662],[606425.1083513432,4120680.831947629],[606425.205512919,4120680.843419976],[606425.303330551,4120680.845342846],[606425.4008679303,4120680.837697833],[606425.4971914301,4120680.820558115],[606425.5913790434,4120680.7940877527],[606425.6825292076,4120680.758540121],[606425.7697694345,4120680.7142554806],[606425.8522646618,4120680.6616577236],[606425.9292252463,4120680.601250315]]],[[[606511.6153411104,4120731.6269604443],[606511.5504873114,4120731.6513301795],[606508.8833871885,4120732.760421858],[606509.6513198059,4120734.607116065],[606512.2864153704,4120733.5113332192],[606530.8955629133,4120727.245314158],[606530.2573378938,4120725.3498804807],[606511.6153411104,4120731.6269604443]]],[[[606587.6976721254,4120927.9950669575],[606570.6966107335,4120936.9958644323],[606558.2955687105,4120941.22830546],[606558.9415746665,4120943.121101356],[606571.4175424465,4120938.863088377],[606571.4912269663,4120938.834644147],[606571.562436758,4120938.8004732793],[606588.6328905361,4120929.76293759],[606603.9792303307,4120921.6467319974],[606603.0442042948,4120919.878759624],[606587.6976721254,4120927.9950669575]]],[[[606583.6081533392,4120963.459135228],[606582.782001657,4120961.637741971],[606582.1394621952,4120961.9291864764],[606582.0331603868,4120961.9853382804],[606579.1896827682,4120963.7135550804],[606579.1288267288,4120963.7536498657],[606577.4455253659,4120964.95287402],[606577.391473069,4120964.994225561],[606576.0196553108,4120966.1197286905],[606576.0158330367,4120966.122880535],[606573.9982393663,4120967.79500052],[606573.9094353274,4120967.8782168697],[606571.5890936551,4120970.334326481],[606571.5069289104,4120970.433354192],[606570.125259771,4120972.3354672613],[606570.1001018549,4120972.371760721],[606568.3245492253,4120975.0580203193],[606565.7583573719,4120977.874656355],[606567.2367700455,4120979.221614397],[606569.8552113911,4120976.3476296477],[606569.9050897409,4120976.2884350535],[606569.950240014,4120976.22555976],[606571.7563935978,4120973.493003529],[606573.0871928625,4120971.660921881],[606575.321394483,4120969.295992552],[606577.2901423839,4120967.664354448],[606578.633722852,4120966.5620185058],[606580.2595970691,4120965.403706824],[606583.0204554965,4120963.7257045475],[606583.6081533392,4120963.459135228]]],[[[606204.8974304041,4120977.939784222],[606203.316406582,4120979.1646775533],[606207.384275816,4120984.4152557044],[606183.620554344,4121002.3468301655],[606171.0704288954,4121011.8084490905],[606159.4423801719,4121020.5830856017],[606150.2134631589,4121027.5499250693],[606146.15562411,4121022.08629092],[606144.5500153566,4121023.2787759434],[606148.6144389096,4121028.751275728],[606144.2693944768,4121032.0],[606147.6093369421,4121032.0],[606149.807096935,4121030.3567679585],[606151.0280543927,4121032.0],[606153.5197057142,4121032.0],[606151.4061490736,4121029.1554586426],[606159.89569753,4121022.7467628736],[606165.0023626225,4121028.7273637126],[606165.068683598,4121028.7978249644],[606165.1415042066,4121028.8615463795],[606165.2201426103,4121028.9179313174],[606165.3038624972,4121028.9664518316],[606165.3918799764,4121029.006653612],[606165.4833709173,4121029.0381602384],[606165.5774786663,4121029.0606767065],[606165.6733220683,4121029.0739921886],[606165.7700037166,4121029.077982009],[606165.8666183556,4121029.0726088085],[606165.9622613577,4121029.0579228993],[606180.4480393714,4121026.1100451397],[606172.5930791517,4121032.0],[606175.9268707936,4121032.0],[606185.2036301553,4121025.0439248113],[606190.5671310243,4121021.018885004],[606193.62780575,4121018.751444018],[606193.6289620725,4121018.750586089],[606204.9056625066,4121010.3712886325],[606204.9134750087,4121010.365424007],[606219.1226872838,4120999.590055043],[606221.6156775386,4121002.798969087],[606223.1950571719,4121001.571956465],[606220.7162851178,4120998.3813437293],[606229.6206059784,4120991.626357373],[606261.9674741485,4120967.214455829],[606276.0133049483,4120956.6403095783],[606274.8104112246,4120955.0424839654],[606260.7641067074,4120965.6169868456],[606260.7631596988,4120965.617700664],[606229.2094665163,4120989.430999907],[606220.0267006384,4120977.375681037],[606239.4252331407,4120962.7458977066],[606238.2209762781,4120961.1490992196],[606218.0202070886,4120976.383905065],[606208.9806663144,4120983.2101968196],[606204.8974304041,4120977.939784222]],[[606182.7168298303,4121013.4642350865],[606182.8087489041,4121013.4304840467],[606182.8969263814,4121013.3879049285],[606182.9805167945,4121013.3369059907],[606183.0587186579,4121013.277976224],[606183.1307821525,4121013.2116806624],[606183.1960163157,4121013.1386549626],[606183.253795666,4121013.059599315],[606183.3035662009,4121012.9752717232],[606183.3448507077,4121012.886480742],[606183.3772533406,4121012.794077722],[606183.400463415,4121012.698948645],[606185.1319321487,4121003.7118820082],[606185.563213443,4121003.38644676],[606195.1545317225,4121007.09599329],[606192.1667251383,4121017.3448172417],[606189.374098984,4121019.4136796882],[606189.3691426801,4121019.417375253],[606184.1836114823,4121023.3088577944],[606166.1407580805,4121026.9806057815],[606161.4949540528,4121021.5397360623],[606172.0114010812,4121013.603924683],[606182.4275648699,4121013.509724606],[606182.5253196898,4121013.5040462255],[606182.6220505029,4121013.488834434],[606182.7168298303,4121013.4642350865]],[[606181.5913602565,4121011.5172051564],[606174.696321076,4121011.579561436],[606182.7489913532,4121005.5086024003],[606181.5913602565,4121011.5172051564]],[[606194.8258261641,4121015.3695406425],[606197.0265591214,4121007.820549766],[606202.2583318535,4121009.8467215886],[606194.8258261641,4121015.3695406425]],[[606219.4945389476,4120996.797802927],[606210.2018743694,4120984.794194858],[606218.430264133,4120978.5804510587],[606227.6145709615,4120990.637792919],[606219.4945389476,4120996.797802927]],[[606196.7326585242,4121005.561978014],[606187.4420363622,4121001.9687288785],[606208.605495822,4120985.999254263],[606217.9009685566,4120998.0064897104],[606204.149802851,4121008.4345050915],[606196.7326585242,4121005.561978014]]],[[[606379.8854243369,4121032.0],[606382.4366034056,4121032.0],[606391.2651371587,4121020.8516586693],[606397.619163523,4121025.490872446],[606398.7985149729,4121023.875592236],[606392.52206272,4121019.2930170163],[606409.4329945911,4120998.6241609724],[606415.1886180887,4121003.478528015],[606416.4780588829,4121001.9496910586],[606409.9831095125,4120996.471767046],[606407.8868583028,4120994.3292443035],[606418.1980199696,4120981.8673731163],[606416.6571031223,4120980.592392619],[606406.4373346027,4120992.9438078105],[606402.7915587776,4120989.656432142],[606402.4222641248,4120988.6418328956],[606402.3865336884,4120988.5562426564],[606402.3430270776,4120988.474330948],[606402.2921185514,4120988.3968024044],[606402.2342460433,4120988.3243239527],[606402.1699073927,4120988.257519079],[606401.100252158,4120987.245312331],[606401.0274222164,4120987.182740388],[606400.9489268984,4120987.1274418035],[606400.8654898875,4120987.0799263995],[606400.7778804268,4120987.0406322423],[606400.6869062275,4120987.0099216015],[606400.5934060214,4120986.9880776126],[606400.4982418286,4120986.9753016657],[606400.4022910107,4120986.9717115476],[606400.3064381813,4120986.977340357],[606398.3606639056,4120987.1857135575],[606398.2662526966,4120987.2004149696],[606398.1736755572,4120987.224059867],[606398.0837776806,4120987.2564323815],[606397.9973797989,4120987.2972369636],[606397.915270691,4120987.3461010847],[606397.125389109,4120987.868827182],[606394.7554708034,4120987.9779662923],[606394.6673848674,4120987.9859383004],[606394.5803478678,4120988.0016623484],[606394.4950406674,4120988.0250154333],[606394.4121305974,4120988.05581487],[606391.9143849767,4120989.111604902],[606391.8308611561,4120989.151563869],[606391.7513912005,4120989.1990767494],[606391.6766564017,4120989.253736218],[606391.6072974572,4120989.3150736815],[606389.4064188437,4120991.4509551665],[606389.3502389168,4120991.510113412],[606389.2990682784,4120991.573654328],[606387.4845948926,4120994.0251237834],[606387.4281951751,4120994.110059858],[606387.380737096,4120994.2002972974],[606387.3427139848,4120994.2948980792],[606387.3145210946,4120994.392878821],[606386.8551796528,4120996.362032106],[606385.4532013482,4120994.7684980524],[606385.3910515282,4120994.7039356004],[606385.3233712926,4120994.6451963796],[606382.5626490063,4120992.4581461325],[606382.1950540303,4120989.8312148377],[606380.2143523814,4120990.108380813],[606380.6374436639,4120993.1319034486],[606380.6551069904,4120993.2254390325],[606380.6815837397,4120993.316871414],[606380.7166340087,4120993.405372133],[606380.7599402104,4120993.4901392935],[606380.8111099517,4120993.570404829],[606380.8696795888,4120993.6454414614],[606380.9351184281,4120993.7145692916],[606381.006833535,4120993.777161959],[606384.0109927936,4120996.1570635093],[606386.6368974153,4120999.141751948],[606386.7062888766,4120999.2131237676],[606386.782432402,4120999.2772429935],[606386.864573477,4120999.3334742603],[606386.9518981563,4120999.3812603666],[606387.0435411299,4120999.4201277946],[606387.1385942976,4120999.4496914027],[606387.2361157667,4120999.469658241],[606387.3351391862,4120999.4798304564],[606387.434683322,4120999.480107252],[606387.53376178,4120999.4704858838],[606387.6313927809,4120999.451061691],[606387.7266088881,4120999.4220271516],[606387.8184665947,4120999.3836699706],[606387.9060556722,4120999.3363702344],[606387.988508191,4120999.2805966404],[606388.0650071194,4120999.2169018565],[606388.1347944215,4120999.1459170408],[606388.1971785668,4120999.06834559],[606388.251541384,4120998.984956168],[606388.2973441859,4120998.8965750905],[606388.3341331073,4120998.8040781347],[606388.3615436028,4120998.7083818633],[606389.2152348842,4120995.04868814],[606390.8579734083,4120992.829243453],[606392.8656798566,4120990.8808293045],[606395.0261075215,4120989.967622622],[606397.4931029264,4120989.8540129317],[606397.6002324859,4120989.8432772765],[606397.7055869321,4120989.821086345],[606397.8079449969,4120989.787697374],[606397.9061201456,4120989.743497408],[606397.9989743325,4120989.6889988137],[606398.8158597458,4120989.1484021805],[606400.0606802026,4120989.0150942085],[606400.6236748523,4120989.5478518344],[606400.9973262637,4120990.5744208293],[606401.9370156913,4120990.232391913],[606401.2673560139,4120990.9750600196],[606405.8497083547,4120995.1069414937],[606407.9610257888,4120997.264863024],[606390.3685927996,4121018.7666624337],[606385.8977757331,4121015.429496651],[606384.7014376447,4121017.0322365486],[606389.1242437317,4121020.3335653474],[606379.8854243369,4121032.0]]],[[[606350.58093515,4120993.476382802],[606350.6578626129,4120993.4063009056],[606350.7270904197,4120993.3286039466],[606350.7878688816,4120993.2441333286],[606350.8395398099,4120993.15380381],[606350.8815436441,4120993.0585935973],[606350.913425512,4120992.959533751],[606350.9348401551,4120992.85769702],[606351.6106155519,4120988.5387385986],[606351.6209431814,4120988.442318518],[606351.6218832401,4120988.3453514716],[606351.613426888,4120988.2487492873],[606351.5956536445,4120988.153420364],[606351.5687306401,4120988.0602611257],[606351.532911045,4120987.970147595],[606351.4885316886,4120987.8839271534],[606351.4360098916,4120987.802410574],[606351.3758395425,4120987.726364398],[606351.3085864525,4120987.656503724],[606351.2348830356,4120987.593485487],[606351.1554223615,4120987.5379022784],[606351.0709516375,4120987.4902767744],[606350.9822651837,4120987.451056821],[606350.8901969624,4120987.4206112223],[606350.7956127364,4120987.399226274],[606350.6994019275,4120987.3871030686],[606350.6024692535,4120987.3843556074],[606350.5057262199,4120987.391009725],[606322.079416252,4120990.7372781495],[606321.9764852023,4120990.754884963],[606321.875951476,4120990.783129799],[606321.7789113735,4120990.821704653],[606321.6864230977,4120990.8701888747],[606321.5994952149,4120990.928053752],[606309.4986561524,4120999.929119138],[606301.5271118941,4121005.8533331337],[606285.8228516822,4121017.5302041434],[606284.1859260531,4121015.321681518],[606282.5791537758,4121016.5125983283],[606284.8112095643,4121019.5240642265],[606285.6723210267,4121020.6960035553],[606270.1678134826,4121032.0],[606273.5626763431,4121032.0],[606287.6365257094,4121021.739065059],[606288.6259959998,4121021.1077825627],[606291.824085005,4121025.693842972],[606295.8560123608,4121031.483956773],[606295.1680451565,4121032.0],[606296.215357423,4121032.0],[606296.8041810389,4121032.0],[606297.4497955829,4121032.0],[606297.2282776977,4121031.7046816386],[606297.4510465299,4121032.0],[606298.4973262827,4121032.0],[606313.4984498364,4121020.684134776],[606342.4620989222,4120998.833456571],[606350.4971411023,4120993.5380906966],[606350.58093515,4120993.476382802]],[[606311.4543659895,4121003.087112078],[606311.1458139753,4121004.316339583],[606310.6278479878,4121005.501095277],[606309.6853674412,4121006.693224841],[606308.0395649859,4121007.3907077652],[606306.4267005494,4121007.507917648],[606304.9878131078,4121007.4897073917],[606304.8421281574,4121007.498515329],[606304.0678256163,4121007.602444656],[606303.5210004546,4121006.8633627896],[606310.0752600307,4121001.992432509],[606311.4543659895,4121003.087112078]],[[606301.9158947592,4121008.056533343],[606302.0970422343,4121008.301369944],[606301.1851293122,4121008.747245647],[606301.0606512905,4121008.8196502593],[606298.9765221992,4121010.2420978886],[606301.9158947592,4121008.056533343]],[[606308.4582298346,4121009.3595590326],[606308.5645605506,4121009.3339100773],[606308.6674538951,4121009.2968014567],[606310.7013468546,4121008.4348476995],[606310.7914877078,4121008.3911993885],[606310.8768104714,4121008.3387534693],[606310.9564593114,4121008.2780360025],[606311.0296353062,4121008.2096560183],[606311.0956044605,4121008.134299405],[606312.2768434226,4121006.6401678883],[606312.3269979394,4121006.5708233532],[606312.3710396347,4121006.4974444113],[606312.4086459411,4121006.4205684997],[606313.0117049942,4121005.0411774507],[606313.041796499,4121004.963731837],[606313.0653550291,4121004.8840555083],[606313.5419454286,4121002.985386886],[606313.606641965,4121002.791601349],[606314.8523517733,4121001.743787265],[606317.1622015022,4121000.4484822717],[606319.6392717748,4121000.197661245],[606322.2239643958,4121000.162236063],[606323.6448697922,4121001.138549849],[606324.3978501639,4121001.959930096],[606324.3089694867,4121003.8266204917],[606324.3018032154,4121003.9678007327],[606324.1635972711,4121003.9576415834],[606323.1187662629,4121003.6239420804],[606323.012018707,4121003.596232959],[606322.9028690698,4121003.580447117],[606322.7926449206,4121003.576776555],[606322.6826868976,4121003.585265917],[606321.0829004336,4121003.7980362615],[606320.9810872403,4121003.8169870866],[606320.8817799734,4121003.846366107],[606320.786043709,4121003.88585823],[606320.6949052246,4121003.935039901],[606320.6093419858,4121003.993383643],[606320.5302716634,4121004.0602637166],[606319.6323268358,4121004.903304531],[606319.5672303028,4121004.9704159815],[606319.5086860841,4121005.043313717],[606319.4572059442,4121005.1213605017],[606319.4132398971,4121005.2038740893],[606318.775115552,4121006.5495321904],[606318.734346993,4121006.648985298],[606318.7044881887,4121006.752239585],[606318.6858840978,4121006.858102155],[606318.6787496534,4121006.965349979],[606318.6613928681,4121008.3366204924],[606317.951488795,4121009.283572162],[606316.9315284779,4121010.3077693097],[606316.8628383437,4121010.3842306607],[606316.8023597173,4121010.4673390742],[606316.7507315356,4121010.5562165384],[606316.7084992336,4121010.6499240906],[606316.1195817126,4121012.1593007403],[606314.7243642905,4121013.9511918523],[606313.0356757622,4121015.9479800216],[606310.6327427124,4121017.372215858],[606310.6332716661,4121017.373108295],[606310.5780660925,4121017.407066631],[606309.66783823,4121018.029640563],[606307.0052149089,4121019.583766002],[606304.6180144695,4121020.6837574285],[606303.3893329299,4121020.5176324635],[606301.9151848025,4121019.960856206],[606301.8280703777,4121019.932441274],[606301.738720705,4121019.9121196764],[606301.647885994,4121019.9000620386],[606301.5563289231,4121019.896369601],[606301.4648182356,4121019.901073367],[606301.3741222856,4121019.9141338416],[606301.2850025864,4121019.9354413655],[606300.0680671688,4121020.286055104],[606298.9087810669,4121020.4330698964],[606297.7466338142,4121019.4544205833],[606297.543235163,4121018.9571685703],[606297.5726043176,4121018.201879647],[606298.5665013161,4121017.171795647],[606298.6315764935,4121017.0973061123],[606298.6889744904,4121017.0167521583],[606298.7381337553,4121016.9309218824],[606298.7785733399,4121016.840655003],[606298.809897605,4121016.746834643],[606298.8318000904,4121016.650378691],[606298.8440665139,4121016.552230821],[606298.8465768673,4121016.4533512597],[606298.802312358,4121014.616498629],[606299.0033562134,4121013.404253017],[606299.852386063,4121012.065734079],[606302.1284840796,4121010.512264939],[606303.908976205,4121009.641701359],[606305.035668272,4121009.4904731987],[606306.4440131073,4121009.5082969144],[606306.5291486178,4121009.5057468023],[606308.3497338975,4121009.3734414564],[606308.4582298346,4121009.3595590326]],[[606297.156267994,4121012.59174188],[606297.1158810651,4121012.6834276025],[606297.084870984,4121012.7786943363],[606297.0635490101,4121012.8765858538],[606296.8138007817,4121014.382507004],[606296.8027838952,4121014.4760464416],[606296.8006162026,4121014.57020747],[606296.837090663,4121016.0837949873],[606295.8685427996,4121017.08760691],[606295.8002907275,4121017.1661395244],[606295.7405680894,4121017.25133884],[606295.6900214256,4121017.342282513],[606295.6491979398,4121017.437986013],[606295.6185395757,4121017.5374132805],[606295.5983782321,4121017.639487945],[606295.5889321698,4121017.7431049743],[606295.5363185299,4121019.096174205],[606295.5378691305,4121019.2028984153],[606295.5507859243,4121019.3088494316],[606295.5749217572,4121019.412820211],[606295.6100016627,4121019.5136262705],[606295.7594098763,4121019.8788869763],[606292.7198843646,4121023.481932012],[606289.7175096984,4121019.1765256925],[606289.6591582249,4121019.1008340055],[606289.593847458,4121019.0310584395],[606289.5221739539,4121018.9678363334],[606289.4447923878,4121018.9117451655],[606289.3624095725,4121018.8632972795],[606289.2757780028,4121018.822935205],[606289.1856889827,4121018.7910276144],[606289.0929653966,4121018.767865955],[606288.9984541932,4121018.753661788],[606288.90301865,4121018.7485448574],[606288.8075304871,4121018.7525619008],[606288.7128619053,4121018.7656762265],[606288.6198776196,4121018.7877680464],[606288.5294269599,4121018.8186355713],[606288.4423361142,4121018.857996853],[606288.3594005812,4121018.9054923607],[606287.3239522153,4121019.5661088903],[606287.0104510654,4121019.139445975],[606298.3738862878,4121010.6901866067],[606298.3326410922,4121010.7374265646],[606298.2739221363,4121010.820359793],[606297.2056263915,4121012.5045574526],[606297.156267994,4121012.59174188]],[[606298.3168907178,4121022.43938893],[606298.4172563826,4121022.4634451955],[606298.5195670015,4121022.477028561],[606298.6227327649,4121022.479994337],[606298.7256547541,4121022.4723109324],[606300.3964077475,4121022.260434499],[606300.4725305979,4121022.247779723],[606300.547450988,4121022.229292785],[606301.5193899546,4121021.949265472],[606302.7891834241,4121022.4288582914],[606302.8972816011,4121022.462824211],[606303.0085283057,4121022.484343279],[606304.6383203295,4121022.7047007387],[606304.7322900433,4121022.712916612],[606304.8266158209,4121022.712241805],[606304.9204583698,4121022.702682322],[606305.0129826968,4121022.684323221],[606305.1033655384,4121022.657327858],[606305.1908026855,4121022.621936432],[606307.8860828157,4121021.379985825],[606307.9716829166,4121021.3354148003],[606310.7069423574,4121019.7388929618],[606310.7673986494,4121019.700642668],[606311.0425229771,4121019.5124642556],[606311.3483596654,4121019.800810983],[606297.4553289701,4121030.2808035207],[606293.9036733852,4121025.180391682],[606297.0343557448,4121021.469289574],[606297.9557120436,4121022.2451677653],[606298.037982796,4121022.30748545],[606298.1262385137,4121022.360991514],[606298.2195390994,4121022.4051160114],[606298.3168907178,4121022.43938893]],[[606317.7872111708,4121013.2729751645],[606317.8427458291,4121013.1940750065],[606317.8904181834,4121013.1101900865],[606317.9297844355,4121013.0221013166],[606318.4958731147,4121011.5712342537],[606319.4181180636,4121010.6451583756],[606319.5096727976,4121010.5393512202],[606320.4573098155,4121009.275284017],[606320.5158241758,4121009.1880307095],[606320.5648616669,4121009.095120029],[606320.6038810587,4121008.9975774377],[606320.6324516913,4121008.8964795195],[606320.6502582286,4121008.7929421],[606320.6571041389,4121008.6881079283],[606320.6758246376,4121007.2090974054],[606321.1392492944,4121006.2318409374],[606321.6650099879,4121005.7382273995],[606322.723985579,4121005.5973844766],[606323.6679331046,4121005.89886368],[606323.7820795833,4121005.928034388],[606323.8988646413,4121005.943577844],[606325.1753515182,4121006.037408977],[606325.274873659,4121006.039756131],[606325.3741360286,4121006.032196525],[606325.4721549203,4121006.0148050752],[606325.5679589508,4121005.9877541345],[606325.6605986861,4121005.9513117815],[606325.7491560513,4121005.9058391666],[606325.832753428,4121005.85178693],[606325.9105623526,4121005.7896907395],[606325.9818117255,4121005.7201659777],[606326.045795454,4121005.6439016466],[606326.1018794483,4121005.561653539],[606326.149507907,4121005.474236747],[606326.1882088241,4121005.3825175846],[606326.2175986671,4121005.287405005],[606326.2373861779,4121005.18984159],[606326.2473752588,4121005.0907942075],[606326.306477447,4121003.9264423843],[606326.3066316134,4121003.923308079],[606326.4154029565,4121001.638869794],[606326.4152284139,4121001.5402153186],[606326.4053338479,4121001.4420581306],[606326.3858155595,4121001.3453535684],[606326.3568635155,4121001.251042831],[606326.3187594981,4121001.160043821],[606326.2718743639,4121001.0732422075],[606326.2166644334,4121000.9914828073],[606326.1536670502,4121000.915561363],[606325.0421758383,4120999.7031035614],[606324.9609768473,4120999.624033129],[606324.8713521223,4120999.5546586514],[606323.094511216,4120998.3337791497],[606323.0071008744,4120998.2801020015],[606322.9146516577,4120998.235661633],[606322.8181362981,4120998.2009256366],[606322.7185703117,4120998.176259498],[606322.617001312,4120998.1619227496],[606322.5144979882,4120998.1580662397],[606319.568235129,4120998.1984470175],[606319.481197611,4120998.2034405223],[606316.753769054,4120998.4796121106],[606316.6524574339,4120998.4951502327],[606316.5532684836,4120998.520977151],[606316.4572442302,4120998.5568215423],[606316.3653934546,4120998.6023068433],[606313.7917762181,4121000.0455259476],[606313.7119653724,4121000.095356766],[606313.6371911828,4121000.1524680797],[606312.3442598302,4121001.2400020077],[606311.736216659,4121000.7573614735],[606322.5786930467,4120992.6923143193],[606349.4309725672,4120989.5313365073],[606349.0272573078,4120992.111527245],[606341.33496779,4120997.1810074663],[606341.2829935356,4120997.2176833437],[606312.9679518086,4121018.579040932],[606312.7947139388,4121018.415710061],[606314.2003335874,4121017.582589106],[606314.2926902762,4121017.5206619017],[606314.377600524,4121017.4488636674],[606314.4540144381,4121017.3680821694],[606316.2645292301,4121015.227240649],[606316.2899998189,4121015.1958580585],[606317.7872111708,4121013.2729751645]]],[[[606368.752582102,4121021.7815116313],[606368.6582147309,4121021.7635392416],[606368.5625582818,4121021.754704581],[606368.466495492,4121021.7550891773],[606368.3709128491,4121021.764689482],[606368.2766924093,4121021.783416901],[606368.1847036585,4121021.8110986133],[606368.0957954879,4121021.847479167],[606368.0107883605,4121021.8922228343],[606367.9304667398,4121021.944916712],[606362.6946053489,4121025.751701418],[606361.9500696305,4121024.945491291],[606360.4807732047,4121026.302387755],[606361.0666360502,4121026.9367811726],[606354.6400118124,4121031.6195721794],[606354.1186951334,4121032.0],[606355.7942387804,4121032.0],[606356.1592453143,4121032.0],[606357.5140661808,4121032.0],[606363.1518188108,4121027.8920241273],[606368.3241740329,4121024.1314122085],[606374.4543167357,4121032.0],[606376.989621485,4121032.0],[606369.3073856295,4121022.1391614852],[606369.2447758007,4121022.066303975],[606369.1754639867,4121021.9997902173],[606369.100089811,4121021.9402340157],[606369.0193488422,4121021.8881849675],[606368.9339861748,4121021.8441233914],[606368.844789553,4121021.808455897],[606368.752582102,4121021.7815116313]]],[[[606652.6372711832,4121022.810770136],[606643.8285225533,4121032.0],[606646.5990128564,4121032.0],[606654.0810589473,4121024.194777684],[606652.6372711832,4121022.810770136]]]]}},{"type":"Feature","properties":{"class":"path","widthMeters":1.5},"geometry":{"type":"MultiPolygon","coordinates":[[[[605441.2353744053,4119958.697176231],[605467.9972933576,4120011.0978133506],[605472.7237559239,4120020.339453517],[605478.5903880567,4120036.142433177],[605470.3651491512,4120039.0965578225],[605437.0,4119967.6164340978],[605437.0,4119971.162816561],[605469.2894598345,4120040.338427721],[605472.8141844766,4120048.671900478],[605474.5608386168,4120069.1062658676],[605470.8020176135,4120095.160607469],[605470.795221932,4120095.231181851],[605470.7951208667,4120095.3020825884],[605470.8017153211,4120095.3726760577],[605470.8149463619,4120095.442331383],[605470.8346957468,4120095.510426071],[605475.191488892,4120108.247999967],[605475.2151373302,4120108.308457512],[605475.2439253301,4120108.3666435448],[605481.4122554888,4120119.58459953],[605481.4453735271,4120119.639188522],[605481.4830146492,4120119.690762822],[605481.5249060482,4120119.738948642],[605495.2654685581,4120134.2476693434],[605495.3116663845,4120134.292437538],[605495.3615306894,4120134.3330821134],[605495.4146946108,4120134.3693040386],[605510.7706783373,4120143.893976743],[605510.7731138683,4120143.8954809722],[605518.6910527602,4120148.7648970294],[605521.296371201,4120152.0533969547],[605531.7913499771,4120165.6438284037],[605552.7757834016,4120206.116488131],[605567.7756736398,4120240.336711026],[605576.9429365388,4120261.251744909],[605591.7332591824,4120296.50706615],[605591.7437617759,4120296.530929488],[605613.1744528167,4120343.0157436933],[605618.5042172594,4120354.5674554035],[605622.9981752118,4120364.29273473],[605631.8750263836,4120395.163340204],[605631.8946325671,4120395.222230168],[605631.9190410096,4120395.2792973057],[605638.0661518693,4120408.150447004],[605638.0999134005,4120408.2132701213],[605638.1394896099,4120408.2726023104],[605646.267451236,4120419.2851672103],[605631.2260432395,4120426.896588611],[605631.1471987134,4120426.942721233],[605631.0745474913,4120426.9980970216],[605615.8931153577,4120440.1054122183],[605593.7148297296,4120448.9227455338],[605574.1052092836,4120448.9627135126],[605574.0857486741,4120448.9630057113],[605548.3763555472,4120449.6827818924],[605529.815946124,4120449.926612363],[605529.802229487,4120449.9269180642],[605503.377441254,4120450.7577232225],[605464.8619177255,4120446.3405538644],[605464.8009360483,4120446.3360690787],[605464.7397917064,4120446.3365668096],[605440.1139046762,4120447.5421190728],[605437.0,4120445.2081554974],[605437.0,4120447.0827321787],[605439.4306553948,4120448.9045802266],[605439.4920932761,4120448.9460520004],[605439.5573248817,4120448.9812565297],[605439.6257130267,4120449.0098499362],[605439.6965896932,4120449.031552918],[605439.7692625552,4120449.0461534793],[605439.8430217415,4120449.0535090016],[605439.9171467695,4120449.053547636],[605464.7519099364,4120447.83776991],[605503.2608800635,4120452.2541876887],[605503.3699026273,4120452.2587014297],[605529.842509835,4120451.426392825],[605548.401629012,4120451.182579304],[605548.4127662592,4120451.1823502583],[605574.1179987456,4120450.4626905615],[605593.8607147707,4120450.4224513094],[605593.9311728183,4120450.418990152],[605594.0009940151,4120450.4089245405],[605594.0695606684,4120450.392343523],[605594.1362661835,4120450.3693937883],[605616.5646882714,4120441.4526147097],[605616.6403619765,4120441.4175384203],[605616.7116729135,4120441.374276359],[605616.7777391273,4120441.3233635793],[605631.9852778651,4120428.1935085137],[605647.0916259931,4120420.5492253816],[605652.8312369601,4120430.9183334336],[605644.6312923069,4120445.7914391537],[605638.4261698619,4120455.895678237],[605638.3927394098,4120455.956206453],[605631.4841205752,4120469.9530281913],[605621.6400552471,4120484.925463094],[605622.8934199256,4120485.7495243675],[605632.762880455,4120470.7384643657],[605632.8087354066,4120470.658387931],[605639.7224953582,4120456.6511503197],[605645.9187053163,4120446.561424068],[605645.936392039,4120446.5310496693],[605654.344862661,4120431.2797183744],[605654.3780089645,4120431.211690247],[605654.4041313691,4120431.140668254],[605654.422963937,4120431.067375431],[605654.4343149443,4120430.9925579317],[605654.4380688325,4120430.916977432],[605654.4341873854,4120430.8414033763],[605654.4227101178,4120430.766605142],[605654.4037538734,4120430.693344209],[605654.3775116355,4120430.622366406],[605654.3442505619,4120430.5543943197],[605648.8018663847,4120420.541593673],[605659.4944482833,4120422.2782539707],[605666.6553066539,4120443.5238495977],[605666.6780683422,4120443.5829976955],[605666.7057424405,4120443.6400129236],[605676.9373394237,4120462.6321634287],[605676.970194578,4120462.687351498],[605677.0076510533,4120462.739526172],[605686.7540253324,4120475.156665327],[605686.8008071906,4120475.2107456904],[605686.8525267135,4120475.2601250275],[605702.2985455584,4120488.659522197],[605704.0970501828,4120491.6543097906],[605705.3829802948,4120490.8820509305],[605703.523071081,4120487.785015225],[605703.4789990563,4120487.719672466],[605703.4283131022,4120487.6593155814],[605703.3715729738,4120487.604611127],[605687.8896602382,4120474.1740760636],[605678.227353316,4120461.86404095],[605668.0564414636,4120442.9845357276],[605660.7715227861,4120421.370864798],[605659.8179497533,4120418.5426512095],[605657.1749754137,4120409.601645258],[605657.1532040321,4120409.53848926],[605657.1258992279,4120409.477521064],[605657.0932776277,4120409.4192243717],[605654.0928730929,4120404.576859151],[605654.0386214677,4120404.500422682],[605646.9937376571,4120395.7846460016],[605644.2114563549,4120390.2925360603],[605638.3150080577,4120373.6419947483],[605629.6611617721,4120349.1330864658],[605629.6331820021,4120349.064759449],[605577.0670463329,4120236.7990362686],[605542.8892755873,4120163.800879621],[605542.8562987156,4120163.738311144],[605533.264433053,4120147.4507541843],[605533.2550695706,4120147.435284035],[605530.1467164183,4120142.4367696205],[605529.0100666115,4120138.890447822],[605526.5671040028,4120126.397442418],[605526.5607457969,4120126.368065668],[605525.397686426,4120121.4711576756],[605525.3758415298,4120121.396597616],[605525.3464003603,4120121.3246975495],[605525.3096788621,4120121.256229064],[605525.2660711075,4120121.19192692],[605525.2160450678,4120121.1324811685],[605522.1952523498,4120117.898855263],[605522.1464020477,4120117.851119037],[605522.0934115483,4120117.808024881],[605522.0367203291,4120117.769930197],[605521.9767985591,4120117.737150924],[605521.9141432,4120117.709958916],[605514.4427830491,4120114.864288667],[605514.3776359305,4120114.8428317737],[605507.515764863,4120112.925801126],[605507.4392916213,4120112.90868726],[605507.3614501001,4120112.8996463157],[605507.283090127,4120112.898776996],[605507.2050671898,4120112.9060887913],[605500.5876290401,4120113.8771812217],[605495.211926518,4120112.649195398],[605490.7912226678,4120109.5815685913],[605485.6916497776,4120098.6430771174],[605484.1405972599,4120091.80424323],[605485.1548178869,4120083.413326866],[605485.1565001383,4120083.3981063925],[605486.7289274556,4120067.705719175],[605486.7326350481,4120067.637598144],[605486.730137257,4120067.569422033],[605485.3981632146,4120051.3856309843],[605485.3851947434,4120051.295480864],[605485.3613944893,4120051.2075674217],[605481.2292726076,4120038.9499449],[605481.2219486089,4120038.929226591],[605480.2606994874,4120036.331760139],[605480.2604327251,4120036.3310404313],[605474.1146579088,4120019.776132569],[605474.0792841163,4120019.6956506423],[605469.6760220947,4120011.08596392],[605482.2564705076,4120004.723824801],[605481.5795356702,4120003.3852586923],[605468.9933867496,4120009.7502806517],[605442.2070922616,4119957.301915505],[605437.0,4119947.10872996],[605437.0,4119950.406013034],[605440.5516102305,4119957.358496346],[605437.0,4119959.475136224],[605437.0,4119961.2213164894],[605441.2353744053,4119958.697176231]],[[605479.8113749507,4120039.439523272],[605483.9107302324,4120051.599946189],[605485.2295785537,4120067.624256706],[605483.6647378406,4120083.2409317237],[605482.6358335625,4120091.75332983],[605482.6304270051,4120091.8389413217],[605482.6348316913,4120091.924610203],[605482.6489899992,4120092.009215763],[605484.2465539834,4120099.0531260027],[605484.2683583779,4120099.1300136],[605484.2982204378,4120099.2041445086],[605489.5173550906,4120110.399093798],[605489.5545380852,4120110.4689664003],[605489.5988776553,4120110.5345313163],[605489.6498799757,4120110.595058326],[605489.7069770162,4120110.649873321],[605489.7695328674,4120110.698365806],[605494.4759269906,4120113.964239582],[605494.536640139,4120114.002208879],[605494.6006976475,4120114.034214965],[605494.6675155677,4120114.059966071],[605494.736484787,4120114.0792274503],[605500.3905235224,4120115.370794345],[605500.4588272938,4120115.383103161],[605500.5279764301,4120115.3890453056],[605500.5973787796,4120115.3885698942],[605500.6664400223,4120115.381680998],[605507.2654158905,4120114.413297861],[605513.9409646402,4120116.2782748356],[605521.217797321,4120119.049854019],[605523.9842212992,4120122.0111893625],[605525.0978704132,4120126.7000619886],[605527.5463824162,4120139.2214463013],[605527.5682303346,4120139.3064280716],[605528.555067295,4120142.385337163],[605519.2243088728,4120147.331885831],[605511.5601090743,4120142.6185155874],[605496.2878254835,4120133.145758567],[605482.6802426045,4120118.7774516456],[605476.5896931016,4120107.7009504708],[605472.3124489116,4120095.1959468764],[605476.0577595939,4120069.23525233],[605476.0651293874,4120069.149910717],[605476.0627199562,4120069.064285373],[605474.298594628,4120048.4255219684],[605474.2877906065,4120048.347585306],[605474.2688810169,4120048.2712094095],[605474.242073977,4120048.1972348676],[605470.974417875,4120040.471546801],[605479.1117441978,4120037.5489962813],[605479.8113749507,4120039.439523272]],[[605531.9765001164,4120148.2197213573],[605541.5458121258,4120164.468980876],[605575.3622920094,4120236.6954790344],[605568.8660162386,4120239.087817418],[605554.1397768413,4120205.491891943],[605554.1186946442,4120205.4477670407],[605533.0919763896,4120164.8935525953],[605533.058404352,4120164.8353422983],[605533.0197568438,4120164.780370574],[605522.4807360698,4120151.1329071135],[605522.474997435,4120151.1255705217],[605520.3441538857,4120148.4359650044],[605529.1936052198,4120143.744573402],[605531.9765001164,4120148.2197213573]],[[605624.3839212816,4120363.7156673027],[605620.171465986,4120354.599582205],[605628.5292453996,4120350.4325921442],[605636.9007038987,4120374.141738549],[605642.8136146655,4120390.838767962],[605642.851547473,4120390.9273419464],[605645.6915138648,4120396.5333199045],[605645.7308977854,4120396.6018465613],[605645.7772745871,4120396.665848031],[605652.8425324825,4120405.406831085],[605655.7650917361,4120410.123561486],[605658.3834970357,4120418.9814520143],[605658.3920401643,4120419.0084651094],[605658.9524418059,4120420.6705669896],[605647.8197528826,4120418.8624256966],[605639.3888663381,4120407.439428209],[605633.2994142879,4120394.689007612],[605624.4238871417,4120363.8230066393],[605624.4059562833,4120363.768572919],[605624.3839212816,4120363.7156673027]],[[605614.536611498,4120342.387632446],[605593.1114252475,4120295.9147585533],[605578.3238441901,4120260.6659723627],[605578.3191528126,4120260.6550337686],[605569.4692858112,4120240.46413598],[605576.00065273,4120238.0588748227],[605627.9644148666,4120349.038106246],[605619.5423860262,4120353.237129543],[605614.536611498,4120342.387632446]]],[[[605649.3203123766,4120338.106568021],[605646.2905203596,4120339.8327565114],[605647.0330674549,4120341.136069141],[605650.0628594719,4120339.40988065],[605649.3203123766,4120338.106568021]]],[[[605960.8093901527,4120970.785724622],[605925.5867530053,4120925.230259669],[605903.6933926864,4120890.5363282165],[605881.0395201962,4120846.4011476613],[605871.3381426975,4120826.5803800193],[605857.5644111322,4120798.02473709],[605857.5446676789,4120797.9866313846],[605838.1448916078,4120763.0306057464],[605825.4456905191,4120734.0525983754],[605825.4357142966,4120734.0307891727],[605812.3390177755,4120706.5692572542],[605812.3308471834,4120706.5526551823],[605808.1058634447,4120698.2285693544],[605803.0574507617,4120682.7738881633],[605803.0243608797,4120682.6900367225],[605791.0349291583,4120656.9560740716],[605781.9918815434,4120636.8073432753],[605781.9672761522,4120636.7575437264],[605767.8095386086,4120610.590454422],[605759.3071543575,4120592.2063167226],[605751.451599071,4120573.764849145],[605751.4283325634,4120573.7153228563],[605745.9455927849,4120563.071671558],[605744.6121129302,4120563.7585714613],[605750.0823155078,4120574.377884272],[605757.9316232447,4120592.804685288],[605757.940905457,4120592.8255862314],[605766.4579724781,4120611.241471504],[605766.4790578032,4120611.283545377],[605780.6347729639,4120637.4468968054],[605789.6686100984,4120657.5751058157],[605789.6730172167,4120657.5847424553],[605801.6456174573,4120683.2825782313],[605806.6979706793,4120698.7493225746],[605806.717989798,4120698.8034551614],[605806.7421122894,4120698.855888047],[605810.9890885935,4120707.2233037464],[605824.076639748,4120734.6656593955],[605836.7851302206,4120763.6648639925],[605836.8162834038,4120763.7277677027],[605856.222692458,4120798.695745166],[605869.9880345064,4120827.233994984],[605869.9899193568,4120827.237874106],[605879.6953841279,4120847.0669924053],[605879.7017842638,4120847.079759161],[605902.3741192182,4120891.250909027],[605902.4070866338,4120891.3086784985],[605924.3372871357,4120926.060989787],[605924.3782238945,4120926.1194924153],[605959.6166489306,4120971.6953767543],[605965.2113317819,4120979.341423341],[605949.9190904101,4120988.0540604866],[605922.4606332296,4120951.6013495405],[605922.4576681699,4120951.5974399275],[605894.0720450057,4120914.422459999],[605892.8798539432,4120915.332778883],[605921.2639881956,4120952.5058088712],[605949.0769175278,4120989.4291023705],[605956.1172104385,4121003.4939235942],[605956.1504182847,4121003.5533608487],[605956.1888794402,4121003.609541698],[605956.2322769475,4121003.6620031567],[605980.6070218453,4121030.54360416],[605981.6270065177,4121032.0],[605983.4582897054,4121032.0],[605981.8086205255,4121029.644502515],[605981.7499006604,4121029.570952541],[605957.412536086,4121002.730576295],[605950.7058350742,4120989.332191891],[605966.1026412008,4120980.559979779],[606002.7455844161,4121030.679053779],[606003.6650678824,4121032.0],[606005.4926851087,4121032.0],[606003.971721484,4121029.8149567386],[606003.9616087092,4121029.8007823387],[605966.9184410997,4120979.1342939045],[605960.8213289792,4120970.8015956823],[605960.8093901527,4120970.785724622]]],[[[606589.3852533884,4120917.0180526325],[606589.3727023953,4120916.95130664],[606589.3541649176,4120916.885969692],[606589.3297929646,4120916.8225775566],[606589.2997863886,4120916.761650056],[606521.7637642487,4120793.991042681],[606520.4494954844,4120794.714020976],[606587.8847888035,4120917.301518092],[606587.415802972,4120928.8486169605],[606588.9145673147,4120928.909489328],[606589.3920341778,4120917.1535753873],[606589.3917149779,4120917.0856603445],[606589.3852533884,4120917.0180526325]]],[[[606583.8597892891,4120962.201079654],[606576.4637580863,4120948.04585927],[606571.7787586905,4120937.6095356527],[606570.4103202466,4120938.223845205],[606575.1044650719,4120948.6805412173],[606575.1239518208,4120948.720705803],[606582.530345025,4120962.895757961],[606618.6472912928,4121032.0],[606620.339805271,4121032.0],[606583.8597892891,4120962.201079654]]]]}},{"type":"Feature","properties":{"class":"pedestrian","widthMeters":3},"geometry":{"type":"MultiPolygon","coordinates":[[[[605596.0009457237,4118931.5697559994],[605596.0222853364,4118931.645431247],[605600.6710051764,4118946.617020847],[605600.7222964428,4118946.7571717594],[605600.7872608105,4118946.8915321077],[605600.865255188,4118947.0187718393],[605605.5097962627,4118953.812476055],[605602.6271141212,4118961.6660897373],[605599.1413380135,4118969.1776137846],[605589.4351906561,4118990.1166942525],[605589.4189940719,4118990.1528809755],[605580.787037692,4119010.142927173],[605577.1580603552,4119014.996180625],[605569.7247646932,4119020.5818317165],[605530.992902291,4119029.629000348],[605499.0681335819,4119037.116809217],[605497.7820033743,4119037.410296131],[605497.7782248625,4119037.4111635024],[605437.0,4119051.4457368716],[605437.0,4119054.5246804487],[605498.4513178602,4119040.334680147],[605499.7399666447,4119040.0406185095],[605499.7487772683,4119040.0385800186],[605531.6759526508,4119032.5502060363],[605569.360787848,4119023.7476068907],[605577.2897510668,4119048.9019596973],[605577.290893438,4119048.9055679464],[605585.3418395824,4119074.2239269554],[605587.7881189538,4119083.0382187595],[605590.678853177,4119082.2359372317],[605588.2251207089,4119073.394790862],[605588.2092221031,4119073.341377129],[605580.1504039144,4119047.998262366],[605572.1231751764,4119022.5321657076],[605579.1318984799,4119017.265553864],[605579.2413351064,4119017.1748989043],[605579.3417017213,4119017.074294533],[605579.4320974919,4119016.9646437163],[605583.2954135067,4119011.7979948106],[605583.392218148,4119011.651344759],[605583.4712085209,4119011.4943801225],[605592.1653274389,4118991.3603767557],[605601.8627362705,4118970.440147597],[605605.3745016918,4118962.872618991],[605605.4220086168,4118962.7580677867],[605608.3917190374,4118954.6673532207],[605621.7870799402,4118947.719936863],[605651.6890899424,4118934.4902216373],[605658.9719138283,4118933.0123500447],[605663.1932600874,4118935.330992079],[605665.9246600145,4118939.412738626],[605687.9272845101,4119001.8497582134],[605687.937303409,4119001.8773260475],[605697.685993102,4119027.9060493843],[605696.6547755963,4119032.925336828],[605693.5020088655,4119036.4089956353],[605681.9574219236,4119041.1906229923],[605683.1054113322,4119043.96228681],[605694.9617455858,4119039.051537512],[605695.0819958835,4119038.995376193],[605695.1968112525,4119038.9288054868],[605695.3052928554,4119038.8523465456],[605695.4065914389,4119038.7665979313],[605695.4999139827,4119038.6722309315],[605699.1538487839,4119034.634805001],[605699.2546190425,4119034.5107719754],[605699.3416217872,4119034.376722138],[605699.4138694848,4119034.2341770343],[605699.4705420814,4119034.0847546356],[605699.510996309,4119033.930150975],[605700.7115813787,4119028.08649381],[605700.7333472401,4119027.94799603],[605700.742087463,4119027.808071064],[605700.7377256951,4119027.667941257],[605700.7203000399,4119027.5288307457],[605700.689962723,4119027.391954762],[605700.6469787628,4119027.2585090166],[605690.7518636548,4119000.838834],[605668.6912340352,4118938.237212818],[605668.6446370679,4118938.1207621647],[605668.5884741166,4118938.0086115743],[605668.5231378735,4118937.901545205],[605665.482914857,4118933.3582999352],[605665.3974449749,4118933.2429314842],[605665.3013362892,4118933.1362633035],[605665.195469368,4118933.0392727097],[605665.0808141868,4118932.952848352],[605664.9584212409,4118932.8777820677],[605659.9344205208,4118930.1182692167],[605659.7990684005,4118930.05253545],[605659.6578116259,4118930.0006929184],[605659.5120716244,4118929.963263298],[605659.3633149372,4118929.940623233],[605659.2130384616,4118929.933000544],[605659.0627543879,4118929.9404719365],[605658.9139749829,4118929.962962227],[605650.932837065,4118931.582539631],[605650.7758775002,4118931.623336325],[605650.6242396486,4118931.680839692],[605620.5307958329,4118944.9952520616],[605620.4470947942,4118945.0354263247],[605607.6728106658,4118951.6607252737],[605603.4691606909,4118945.5119251884],[605598.8990114569,4118930.7933787717],[605594.6332009324,4118913.991865513],[605592.2991863452,4118901.446677055],[605591.2349563005,4118892.0],[605588.2159790756,4118892.0],[605589.3240720896,4118901.836028311],[605589.3399485985,4118901.9424705533],[605591.6926900212,4118914.588314629],[605591.7135127856,4118914.6830797293],[605596.0009457237,4118931.5697559994]]],[[[605487.6621549929,4119181.8304213695],[605437.0,4119196.4273695257],[605437.0,4119199.5494097904],[605488.4894384979,4119184.7141019665],[605507.096064917,4119248.45255362],[605507.1460261891,4119248.5961894244],[605507.210274422,4119248.734028234],[605507.2881492187,4119248.8646532274],[605507.3788501174,4119248.9867217327],[605507.4814448188,4119249.098979027],[605515.0988954598,4119256.62901173],[605517.2079382885,4119254.495484522],[605509.8669376204,4119247.238729249],[605491.3707796806,4119183.8786959974],[605522.9363444207,4119174.6696065357],[605528.3706203449,4119173.336770684],[605527.6560062099,4119170.423125778],[605522.190149312,4119171.7637073263],[605522.127352688,4119171.780560027],[605490.5435641812,4119180.9949661777],[605471.7057265621,4119114.1584667643],[605470.0970229267,4119106.694079464],[605467.1643576236,4119107.3261191943],[605468.782932589,4119114.836309481],[605468.8055146595,4119114.9272100744],[605487.6621549929,4119181.8304213695]]],[[[605582.5885273713,4119225.5405717366],[605582.5929006302,4119225.5595166376],[605585.3491730829,4119237.156196912],[605590.9373959376,4119260.683506099],[605593.1040812206,4119269.776970467],[605598.188028724,4119291.1560603585],[605597.1200019113,4119298.5474976487],[605592.2929134837,4119302.2945390055],[605572.7496428798,4119307.128526157],[605572.7467714003,4119307.129239417],[605559.6602669486,4119310.393564661],[605559.5191746723,4119310.436223188],[605559.3829504641,4119310.4925236804],[605559.2529097525,4119310.561922482],[605559.1303082556,4119310.643749454],[605559.0163298559,4119310.737214446],[605558.9120751685,4119310.8414149284],[605558.8185509127,4119310.955344705],[605558.7366601912,4119311.0779036297],[605558.6671937692,4119311.2079082318],[605546.0952781332,4119337.8027713373],[605546.0797594307,4119337.8366847695],[605539.1972226581,4119353.3852949413],[605536.2430317551,4119357.3516393085],[605532.8111847624,4119358.3988940497],[605527.0519382464,4119359.7800691808],[605527.7515570527,4119362.6973510534],[605533.5551660332,4119361.305536973],[605533.6431624265,4119361.2815827914],[605537.589661164,4119360.0772780767],[605537.7386371957,4119360.0230575786],[605537.881058556,4119359.9534165235],[605538.0153343212,4119359.86913284],[605538.1399645582,4119359.7711480227],[605538.2535570795,4119359.660556615],[605538.3548429951,4119359.5385939823],[605541.7037234424,4119355.042333065],[605541.7961217316,4119354.9026209083],[605541.8723668864,4119354.753478001],[605548.8154730435,4119339.068033145],[605561.0757548051,4119313.1324061067],[605573.4714144195,4119310.040406655],[605593.3217917794,4119305.130457289],[605593.4715774588,4119305.0849944334],[605593.6158097185,4119305.0241694693],[605593.7529178612,4119304.9486447833],[605593.8814087721,4119304.8592428435],[605599.437791526,4119300.5460846564],[605599.5470236456,4119300.4525676905],[605599.6467992933,4119300.349021087],[605599.7362015495,4119300.2363964207],[605599.8144088242,4119300.1157286903],[605599.880702407,4119299.9881268106],[605599.9344730725,4119299.854763418],[605599.9752266782,4119299.716864098],[605600.0025887062,4119299.5756961186],[605601.1981105648,4119291.301910534],[605601.2117091016,4119291.1612565373],[605601.2120114755,4119291.0199470343],[605601.1990150029,4119290.879236129],[605601.1728350262,4119290.740372614],[605596.0226169653,4119269.0826008124],[605593.8560693475,4119259.989715202],[605588.2679435378,4119236.46281459],[605585.5138416528,4119224.8752666432],[605583.1378161061,4119214.2691746736],[605581.2133692577,4119205.692241076],[605689.7027589838,4119171.8983473787],[605689.7027514015,4119171.8983230367],[605689.703258798,4119171.8981915936],[605750.4996271575,4119152.9371512006],[605756.6697623424,4119154.343920059],[605763.2432169216,4119159.644930124],[605771.2605220228,4119179.1211934597],[605771.2621208256,4119179.125062052],[605771.5712957869,4119179.8702195985],[605792.1505159092,4119229.914682975],[605793.1059525622,4119232.245075679],[605793.1066891686,4119232.246869023],[605817.013414892,4119290.3433948206],[605832.8891106485,4119331.4947007103],[605838.5876459494,4119346.2714065206],[605833.0195512879,4119357.285576778],[605819.5343952219,4119369.261992927],[605803.717355713,4119379.4512304193],[605783.7696826166,4119387.5230778614],[605783.6312756642,4119387.5874635424],[605783.500129239,4119387.6655827817],[605783.3776015516,4119387.7566265413],[605783.2649615533,4119387.8596519325],[605783.163375794,4119387.9735919773],[605783.0738963408,4119388.097266663],[605782.9974498829,4119388.229395159],[605782.9348281339,4119388.368609084],[605782.8866796322,4119388.5134666767],[605782.8535030253,4119388.6624677274],[605782.8356419047,4119388.814069115],[605782.8332812483,4119388.9667007886],[605782.846445504,4119389.1187820258],[605784.2128249967,4119399.0115430066],[605784.2380625806,4119399.147609155],[605784.2757325775,4119399.28077035],[605784.3255143582,4119399.4098931854],[605784.386984204,4119399.53387863],[605784.4596189124,4119399.6516713784],[605784.5428002515,4119399.7622688343],[605789.4204773031,4119405.6602353323],[605789.5205436203,4119405.7697255285],[605789.6309344696,4119405.8687973777],[605789.7505704067,4119405.9564821166],[605789.8782815848,4119406.03192233],[605790.0128191948,4119406.0943803354],[605790.152867676,4119406.1432453925],[605790.2970575799,4119406.178039681],[605790.4439789618,4119406.1984229684],[605799.9337692714,4119407.039445658],[605809.323996195,4119411.7966902102],[605811.0857826928,4119414.587952599],[605813.5590491468,4119418.526559739],[605813.7027098667,4119427.5061605787],[605808.590233154,4119433.975868665],[605803.5617007914,4119437.3280013236],[605796.0890196048,4119438.249958141],[605787.5598259044,4119436.3854290303],[605787.4109860403,4119436.360659962],[605787.2604108043,4119436.350969235],[605787.1096238046,4119436.3564549047],[605786.9601507917,4119436.377061465],[605786.8135042208,4119436.4125804054],[605786.6711679476,4119436.4626523256],[605786.5345822133,4119436.5267705685],[605786.4051290719,4119436.604286348],[605786.2841184061,4119436.694415315],[605786.1727746722,4119436.796245491],[605786.0722245108,4119436.9087465],[605785.9834853475,4119437.0307799904],[605785.9074550966,4119437.161111156],[605785.8449030765,4119437.298421231],[605782.3986272622,4119445.998798242],[605782.3537806513,4119446.1292376593],[605782.3211056103,4119446.263245128],[605782.3008784344,4119446.399687502],[605782.2932701616,4119446.5374110453],[605782.2983451262,4119446.6752511873],[605782.3160604151,4119446.8120423737],[605782.3462662305,4119446.946627918],[605784.1872083358,4119453.6829641433],[605784.2341684476,4119453.8261038023],[605784.2952492062,4119453.9638113],[605784.3698345319,4119454.0946976757],[605784.4571721334,4119454.2174427668],[605784.556381096,4119454.330808528],[605784.6664607666,4119454.4336515157],[605788.4686441163,4119457.6439118255],[605788.5788379746,4119457.7285297266],[605788.696388324,4119457.802589101],[605788.8202866936,4119457.865454589],[605788.9494701523,4119457.9165868643],[605789.0828304279,4119457.95554726],[605797.1427560914,4119459.9100643857],[605797.2791881912,4119459.93652438],[605797.4174836027,4119459.950244011],[605797.5564552075,4119459.9511055104],[605797.6949100826,4119459.9391014827],[605818.6899930239,4119457.1339132083],[605844.4005481484,4119454.683794346],[605866.0134642672,4119457.802952289],[605884.3995161059,4119465.68910402],[605886.4226198429,4119469.540711289],[605896.4355276278,4119488.5818418544],[605914.2888132007,4119538.6066549304],[605914.3004902275,4119538.638248793],[605920.6579115348,4119555.2627296504],[605920.6725289957,4119555.299493205],[605931.6262183372,4119581.8241997426],[605931.6391626077,4119581.85459174],[605952.6519732276,4119629.7218064936],[605957.1939911135,4119641.063371004],[605957.2046263566,4119641.089226734],[605968.0532248594,4119666.7804557537],[605968.0689879286,4119666.8164614597],[605989.1494183588,4119713.3005418046],[605995.8136935194,4119728.4891694947],[605995.8245722306,4119728.513378878],[605999.7113287748,4119736.9621943035],[606030.3791013364,4119803.5860871496],[606034.6823704878,4119813.208963087],[606034.6837777669,4119813.2121003596],[606035.4423337944,4119814.8979860004],[606043.617700921,4119834.7108447077],[606043.987538767,4119838.1477945675],[606039.1420794639,4119846.62367522],[606033.892654251,4119849.6106431005],[606017.8440775486,4119852.764473322],[606017.7334795854,4119852.790594869],[606017.6251765827,4119852.8250144026],[606001.4276598031,4119858.6569774314],[606001.3744834114,4119858.6772714676],[605986.2027032387,4119864.799606528],[605986.0530535532,4119864.869817141],[605971.0876360906,4119872.925512198],[605970.9354919374,4119873.019517585],[605954.43447844,4119884.6288366653],[605954.4002359944,4119884.6536569707],[605932.8472678865,4119900.7444210327],[605929.0565918096,4119902.6323344917],[605929.054282761,4119902.6334869736],[605915.693972941,4119909.3161857734],[605904.7305712802,4119912.14709622],[605898.700236253,4119912.7678541644],[605881.6365135415,4119888.8453230187],[605881.6202446459,4119888.8229539515],[605854.2134022608,4119851.8609469887],[605831.8854708998,4119821.687268961],[605831.8655619924,4119821.6609739014],[605827.5344949383,4119816.069450813],[605827.4346270233,4119815.9532923535],[605827.323432693,4119815.8479253333],[605827.2020716495,4119815.7544486774],[605827.0718096284,4119815.673837302],[605826.9340051981,4119815.606931943],[605826.7900955909,4119815.5544303902],[605819.57690966,4119813.3331317394],[605819.4412527354,4119813.298200355],[605819.3029287489,4119813.2760762167],[605819.1631440698,4119813.266952276],[605819.0231178073,4119813.2709081066],[605818.8840711772,4119813.2879092083],[605818.7472168518,4119813.3178073084],[605795.846106829,4119819.454113559],[605795.8330450684,4119819.4576766887],[605728.6977138374,4119838.097518845],[605728.5940416773,4119838.1303950576],[605707.0666599011,4119845.8265870344],[605706.9307400933,4119845.882839252],[605706.8009837078,4119845.952134176],[605706.6786386266,4119846.0338053904],[605702.1282708939,4119849.4052714813],[605702.0102719783,4119849.502388648],[605691.5970186198,4119859.0028541153],[605693.6189807081,4119861.219082739],[605703.9757114811,4119851.7701852936],[605708.2859503282,4119848.576635899],[605729.5527236372,4119840.9736133013],[605796.6290996006,4119822.350139827],[605819.1066188028,4119816.327333883],[605825.4534669126,4119818.2818440367],[605829.4837325375,4119823.485024457],[605851.8022878709,4119853.6460318416],[605879.2021957522,4119890.598687836],[605896.7646215779,4119915.22037713],[605896.8535388574,4119915.3331910744],[605896.9528393227,4119915.4369826266],[605897.061612355,4119915.5307999817],[605897.1788604682,4119915.613782803],[605897.3035084571,4119915.6851701094],[605897.4344132572,4119915.7443072554],[605897.5703744265,4119915.7906519324],[605897.7101451549,4119915.823779145],[605897.8524436968,4119915.843385104],[605897.9959651262,4119915.849290017],[605898.1393933024,4119915.8414397333],[605905.1499724083,4119915.1197762345],[605905.2614308058,4119915.1040571225],[605905.3713966383,4119915.0800242173],[605916.5978881338,4119912.1811801326],[605916.7488169733,4119912.1335860463],[605916.8938914696,4119912.070355499],[605930.3951781624,4119905.31714142],[605934.305342095,4119903.3697180673],[605934.422817732,4119903.304486657],[605934.5339843892,4119903.229003967],[605956.1780056976,4119887.070262466],[605972.5884579621,4119875.5246579116],[605987.4021087348,4119867.5506569454],[606002.4707311597,4119861.469949584],[606018.5343149735,4119855.686209509],[606034.7111425181,4119852.5071757203],[606034.8677619151,4119852.467530354],[606035.0192090173,4119852.4112705467],[606035.1637269445,4119852.339048948],[606040.9824459553,4119849.028148024],[606041.1172271335,4119848.941617838],[606041.2420136184,4119848.8412098093],[606041.3553826535,4119848.728068743],[606041.4560416584,4119848.60348462],[606041.5428429666,4119848.468877889],[606046.6807199167,4119839.4814880234],[606046.8114078287,4119839.6797440243],[606053.9869694621,4119855.1270279866],[606057.7623751455,4119863.2527955757],[606057.7678188868,4119863.2643824345],[606060.5253347477,4119869.0691896565],[606073.9497735413,4119897.3228128455],[606077.6578586,4119905.136580237],[606081.7157858894,4119913.6887035123],[606093.0837336507,4119938.5778108924],[606111.1651604937,4119978.1745094536],[606112.2267079651,4119980.5059757424],[606130.6252322674,4120020.9606912853],[606165.4849484487,4120097.8970930725],[606165.5007542385,4120097.930854522],[606194.2232736761,4120157.348534729],[606194.3654406782,4120160.5807839446],[606193.021377691,4120162.3852315233],[606175.5160818807,4120172.3689842466],[606176.2592085695,4120173.671966489],[606174.7805190822,4120173.923913706],[606175.9606018639,4120180.8498723423],[606173.5616002836,4120188.8392274524],[606168.149685597,4120194.0898881736],[606162.5392186394,4120196.463919001],[606154.5614986074,4120196.8895113496],[606154.4228376398,4120196.9033909556],[606148.7331574494,4120197.741392551],[606148.951726215,4120199.225383014],[606147.6165779853,4120198.541731637],[606145.742378061,4120202.201981284],[606145.6781088308,4120202.3456041683],[606145.6292382098,4120202.495169302],[606145.5963039502,4120202.6490309327],[606145.5796684468,4120202.8054960305],[606145.5795147499,4120202.9628429185],[606145.5958445508,4120203.119340217],[606145.6284781629,4120203.2732658945],[606146.6860239895,4120207.226577089],[606147.9355904638,4120223.088072147],[606148.1651086138,4120227.3005113183],[606148.1771908914,4120227.4255603203],[606149.2672385197,4120235.2621308155],[606149.2873233162,4120235.3748225286],[606149.3159430653,4120235.485654524],[606152.0234599055,4120244.5299511678],[606152.0678911869,4120244.657243457],[606152.1235727869,4120244.780031995],[606157.4312535825,4120255.210915643],[606157.5149151115,4120255.3549400014],[606166.9350888494,4120269.6770683248],[606167.032198151,4120269.808510005],[606167.143030264,4120269.9286073595],[606176.1105221844,4120278.6414607726],[606176.2505443613,4120278.761677952],[606184.3016563972,4120284.8553598244],[606184.4513591722,4120284.955135535],[606187.1307090258,4120286.5173809836],[606196.9243759203,4120295.0257093804],[606201.4473537875,4120300.7446985194],[606203.200385284,4120305.295000807],[606203.9831163626,4120310.035964246],[606204.0191748783,4120310.1979885986],[606204.0729145821,4120310.3550368445],[606204.1436774111,4120310.5051858686],[606205.8777921664,4120313.711626576],[606210.0396969758,4120321.40942132],[606212.6786824644,4120319.982622248],[606208.5167336975,4120312.284746201],[606206.9020910877,4120309.299213774],[606206.1352927908,4120304.654754406],[606206.1026997131,4120304.5052511874],[606206.0550452668,4120304.359846322],[606204.1648987171,4120299.453637742],[606204.1037511623,4120299.3159606797],[606204.029102493,4120299.1851112507],[606203.9417056323,4120299.062409231],[606199.1904698818,4120293.054803965],[606199.0987877001,4120292.9493686827],[606198.9976928362,4120292.8529215483],[606188.9917865596,4120284.1602084483],[606188.8815200862,4120284.0731304144],[606188.7635897751,4120283.9967516162],[606186.0403092952,4120282.4088915875],[606178.1347673138,4120276.425387986],[606169.3513162873,4120267.8913494907],[606160.0671845393,4120253.776055021],[606154.8586597875,4120243.540037115],[606152.222825942,4120234.73519319],[606151.1572449552,4120227.074518277],[606150.93016039,4120222.906743667],[606150.9277488263,4120222.870546532],[606149.6659619759,4120206.8539309273],[606149.648971509,4120206.7179577593],[606149.6196432495,4120206.584102496],[606148.6757253632,4120203.0555545567],[606149.934717057,4120200.5967859677],[606154.7909673972,4120199.881535656],[606162.9615539551,4120199.4456543378],[606163.0910306894,4120199.433098417],[606163.2189326775,4120199.4093716945],[606163.3442979899,4120199.3746526167],[606163.4661837746,4120199.329202299],[606169.5772642433,4120196.743340279],[606169.7023574213,4120196.6834456627],[606169.8213838339,4120196.6122530974],[606169.9333259019,4120196.5303712212],[606170.037226612,4120196.438500058],[606175.9305538271,4120190.720771025],[606176.0345163527,4120190.6090941736],[606176.1265961574,4120190.487433846],[606176.2058405253,4120190.3570488165],[606176.2714295438,4120190.219288131],[606176.3226845874,4120190.075577149],[606178.9349768047,4120181.3759037745],[606178.9685608115,4120181.2419565213],[606178.9896840935,4120181.10548836],[606178.9981676214,4120180.967655919],[606178.9939394937,4120180.829627389],[606178.9770355454,4120180.692572624],[606177.9142223424,4120174.4548743917],[606194.780095764,4120164.8358018817],[606194.9102116178,4120164.7524291924],[606195.0310590146,4120164.656111762],[606195.1413552996,4120164.5478718877],[606195.2399298054,4120164.4288584115],[606197.0904224894,4120161.944512756],[606197.17211827,4120161.822849635],[606197.2415520808,4120161.693795145],[606197.2980611804,4120161.5585811026],[606197.3411061929,4120161.418498119],[606197.3702762561,4120161.2748832763],[606197.3852929436,4120161.129107371],[606197.3860129218,4120160.9825618244],[606197.2067978196,4120156.9080025717],[606197.1923889897,4120156.756379594],[606197.1626788888,4120156.6069993693],[606197.1179738231,4120156.461401983],[606197.058734695,4120156.321088522],[606168.2098429865,4120096.64198462],[606133.3573848488,4120019.721601545],[606133.3565133418,4120019.719681694],[606114.9574187667,4119979.2637122343],[606113.8951284388,4119976.930614081],[606113.8944450119,4119976.9291152605],[606095.8126489884,4119937.331608227],[606084.4400754998,4119912.4323732164],[606084.430840164,4119912.412537386],[606080.3682059064,4119903.8504941273],[606076.6599175406,4119896.0362983174],[606063.235098895,4119867.7818752932],[606060.4803559389,4119861.982905274],[606056.7077275899,4119853.8631153256],[606049.4853612924,4119838.3150720117],[606049.4349384536,4119838.2162605785],[606049.3773508623,4119838.121445858],[606046.417790386,4119833.6317373896],[606038.2065218453,4119813.7318722354],[606038.1878375272,4119813.688537305],[606037.420303893,4119811.982698994],[606033.1144053309,4119802.3539432264],[606033.1076619728,4119802.339081358],[606002.4366915282,4119735.708241397],[605998.5555531211,4119727.2716383664],[605991.8929081052,4119712.0867259577],[605991.8854004977,4119712.0698970007],[605970.8092819974,4119665.5953248157],[605959.973767243,4119639.93508022],[605955.4278177064,4119628.5836982513],[605955.4088189167,4119628.538419495],[605934.3927777696,4119580.663845595],[605923.4529443901,4119554.1726917094],[605917.1086052676,4119537.582420403],[605899.2252956388,4119487.473480079],[605899.1401974331,4119487.279523681],[605889.0783643979,4119468.1453543515],[605886.8879503525,4119463.9752198677],[605883.3420335684,4119450.381704801],[605883.2737181926,4119450.179807878],[605860.3598907738,4119395.5854092925],[605844.9118145085,4119357.2464122307],[605841.6688198447,4119345.939878823],[605841.6685534536,4119345.9399552303],[605841.6264935746,4119345.813719285],[605835.6881483196,4119330.415169272],[605819.8063610246,4119289.2480735052],[605819.7940397,4119289.217161026],[605795.8813507387,4119231.106143766],[605794.9259825706,4119228.775918103],[605794.9253832903,4119228.7744585937],[605774.3449631537,4119178.727077028],[605774.343156314,4119178.722702794],[605774.0338765893,4119177.977292752],[605765.8710722531,4119158.1475713174],[605765.8069070668,4119158.011512281],[605765.7294367927,4119157.8825642713],[605765.6394405827,4119157.7620241754],[605765.5378235683,4119157.651104317],[605765.4256077561,4119157.550920266],[605758.2829863633,4119151.7909188187],[605758.1731113588,4119151.7102676975],[605758.0563691267,4119151.639923037],[605757.933723549,4119151.5804656376],[605757.8061872489,4119151.53238641],[605757.6748132292,4119151.49608232],[605750.7723743975,4119149.922350837],[605750.6168190056,4119149.8954057945],[605750.4592931871,4119149.884959181],[605750.301541874,4119149.8911267137],[605750.1453124962,4119149.9138400746],[605749.992335625,4119149.952847665],[605690.2305497555,4119168.5912246997],[605680.8726929681,4119139.4147541826],[605680.0613718809,4119136.8856529803],[605666.0725249548,4119093.3015821367],[605656.524673616,4119063.543873322],[605653.668109363,4119064.460410647],[605663.2159832106,4119094.218189615],[605677.204793496,4119137.8021462667],[605678.0160423742,4119140.3310223664],[605687.3663489944,4119169.4839525335],[605579.5225993042,4119203.0767326397],[605547.5405616828,4119189.6793489438],[605538.9936847859,4119185.549998817],[605538.8504759058,4119185.4897450227],[605538.701802596,4119185.444627953],[605538.5492599098,4119185.4151316504],[605538.3944844133,4119185.401572567],[605538.2391366279,4119185.4040961736],[605538.0848832144,4119185.4226753954],[605537.933379093,4119185.457110903],[605531.013255002,4119187.411904299],[605531.8287806856,4119190.29893008],[605538.2011276057,4119188.498872522],[605546.2715290426,4119192.3980176244],[605546.3445131069,4119192.430906873],[605578.1529937177,4119205.7555869506],[605580.2104312625,4119214.925237201],[605582.5885273713,4119225.5405717366]],[[605883.25508217,4119461.9339177813],[605867.0145057725,4119454.9680041205],[605866.8920804298,4119454.921706984],[605866.7660852106,4119454.8862585127],[605866.6374794362,4119454.8619286097],[605844.6513025748,4119451.6889019893],[605844.4732802712,4119451.6739585926],[605844.294743967,4119451.6802858165],[605818.3771564849,4119454.1501340806],[605818.3208039613,4119454.156581514],[605797.5764051989,4119456.928275455],[605790.1336806734,4119455.123428468],[605786.9581543563,4119452.4422673667],[605785.3720478882,4119446.6384202894],[605788.1645762436,4119439.588476868],[605795.6983518375,4119441.2354020523],[605795.8651231761,4119441.262125692],[605796.0338415913,4119441.269931378],[605796.2023679708,4119441.2587201456],[605804.2817159801,4119440.2619146095],[605804.4192361288,4119440.2384105176],[605804.5539777108,4119440.2022312456],[605804.6847751077,4119440.1536897724],[605804.810496821,4119440.0932060187],[605804.9300552612,4119440.0213032165],[605810.4518843925,4119436.340327848],[605810.5777568948,4119436.246547995],[605810.6931401145,4119436.1401277888],[605810.7967705519,4119436.0222325805],[605816.387968139,4119428.946715512],[605816.4731705836,4119428.82732804],[605816.5463057607,4119428.70019004],[605816.6066744063,4119428.566517112],[605816.6536993203,4119428.4275873364],[605816.6869308854,4119428.2847290565],[605816.7060513663,4119428.1393081765],[605816.7108779469,4119427.992715103],[605816.5519634839,4119418.0596697535],[605816.5436113353,4119417.9237919836],[605816.5229745436,4119417.7892310326],[605816.4902230876,4119417.657095236],[605816.4456267304,4119417.528472953],[605816.389552798,4119417.4044236047],[605816.3224631533,4119417.2859689454],[605813.6254771366,4119412.991094705],[605813.6236316848,4119412.988163396],[605811.6398410053,4119409.8451717123],[605811.5463673318,4119409.7133814488],[605811.4392606565,4119409.5924097113],[605811.3197637025,4119409.4836600944],[605811.189262953,4119409.388394384],[605811.0492725649,4119409.3077179166],[605801.0318471243,4119404.2327242033],[605800.9016775242,4119404.174381551],[605800.7665545518,4119404.1286675246],[605800.6277001987,4119404.0959955407],[605800.4863702012,4119404.0766610713],[605791.3329745514,4119403.2654510047],[605787.1262922091,4119398.17883472],[605785.9780959361,4119389.865747946],[605804.9736009258,4119382.179196356],[605805.1014780472,4119382.1203242177],[605805.2232727972,4119382.049723044],[605821.256296879,4119371.721349647],[605821.350848721,4119371.6551578674],[605821.4400312655,4119371.581892076],[605835.2253465421,4119359.3388989884],[605835.3263508378,4119359.240314217],[605835.4176420291,4119359.1326724812],[605835.4984118511,4119359.0169268083],[605835.5679451919,4119358.894101976],[605839.8397689264,4119350.444067129],[605842.049553974,4119358.1483685714],[605842.1001130677,4119358.295409664],[605857.5813066277,4119396.716597145],[605857.5894935118,4119396.736502175],[605880.4661378136,4119451.242308407],[605883.25508217,4119461.9339177813]]],[[[605543.494461285,4119473.6908356217],[605543.3659352203,4119473.728653796],[605533.3925596942,4119477.154166567],[605533.2524386537,4119477.2103247778],[605533.1186716206,4119477.280282133],[605532.9926133668,4119477.3633301146],[605532.8755405907,4119477.4586276263],[605522.4096430436,4119486.8920684485],[605522.3219163172,4119486.9779006336],[605522.2415002682,4119487.070617415],[605515.5695472535,4119495.430996524],[605515.4775636006,4119495.559620361],[605515.3996317436,4119495.697212909],[605508.6630616076,4119509.2053885115],[605508.6019356122,4119509.345388516],[605508.5553659468,4119509.490879597],[605504.5494869131,4119524.620088354],[605504.5244102284,4119524.7318955357],[605504.5079414166,4119524.845290704],[605502.1310031984,4119547.1806947584],[605499.8902597271,4119558.16751867],[605496.1594065623,4119565.2421316234],[605483.5022948784,4119579.297794182],[605473.0289877638,4119585.8319696486],[605472.9198601784,4119585.906940154],[605472.8177685734,4119585.991241463],[605472.7235083294,4119586.084216798],[605466.9211891843,4119592.33618616],[605466.8267736674,4119592.4484636933],[605466.7437771936,4119592.5694269924],[605466.6729935977,4119592.697919081],[605466.6150999024,4119592.832710974],[605466.5706498424,4119592.9725134294],[605466.5400685683,4119593.1159892813],[605466.5236485804,4119593.2617662284],[605466.0588163465,4119600.6015681336],[605466.0572547789,4119600.7620268078],[605466.0728430438,4119600.921734136],[605466.1054027462,4119601.078862397],[605467.4353541348,4119606.1220990727],[605467.4856106126,4119606.2777157133],[605481.6748328757,4119643.1982851685],[605489.0806169995,4119677.515307756],[605490.494146543,4119703.777603405],[605487.8793452614,4119743.501366923],[605487.8768189917,4119743.6461301586],[605487.8882612645,4119743.79046259],[605492.1959144148,4119777.421430253],[605492.2073010323,4119777.4955676743],[605497.8739035421,4119809.1019345406],[605500.212829035,4119826.6851463653],[605503.186634518,4119826.289569634],[605500.8432424078,4119808.6727793664],[605500.8327979085,4119808.6058583455],[605495.1668379162,4119777.003075222],[605490.8824102157,4119743.5534346807],[605493.4935621461,4119703.8851116905],[605493.4946332632,4119703.7059693797],[605492.0698674192,4119677.234911877],[605492.0587566791,4119677.1163824126],[605492.0382811265,4119676.9991073757],[605484.5828526911,4119642.452042306],[605484.5540886223,4119642.339925341],[605484.5167650945,4119642.23036011],[605470.3153026949,4119605.277941636],[605469.068170773,4119600.5487601766],[605469.4838544537,4119593.9850245994],[605474.7864917164,4119588.271459924],[605485.2695375212,4119581.7312086006],[605485.3846510799,4119581.651700762],[605485.491856475,4119581.5618139943],[605485.5902211327,4119581.4623302175],[605498.5137396775,4119567.1108241025],[605498.5927542968,4119567.01543637],[605498.6636295472,4119566.9138547354],[605498.7258821497,4119566.806771856],[605502.6439420535,4119559.377168995],[605502.7041607124,4119559.248570814],[605502.7519492917,4119559.114854581],[605502.7868795253,4119558.97721862],[605505.0847663173,4119547.71020931],[605505.1065993602,4119547.5691914815],[605507.4789441922,4119525.276950154],[605511.4161764504,4119510.4070031936],[605518.0134377854,4119497.1781697054],[605524.5095935577,4119489.03807566],[605534.6566613745,4119479.892012139],[605544.1491799979,4119476.631657238],[605547.508679697,4119476.420390354],[605554.4226595853,4119477.0529356324],[605554.6959817153,4119474.065412408],[605547.6667260779,4119473.422320797],[605547.55138693,4119473.416233958],[605547.4359213653,4119473.4190396667],[605543.7590505547,4119473.6502648816],[605543.6258491077,4119473.664636316],[605543.494461285,4119473.6908356217]]],[[[605640.4230335205,4119849.053154406],[605641.0000585275,4119851.1461775415],[605641.0468334652,4119851.2879057494],[605641.1074611166,4119851.4242841476],[605641.181341274,4119851.553962604],[605641.2677425309,4119851.6756573142],[605641.3658095235,4119851.7881635125],[605641.474571398,4119851.8903673985],[605641.5929514227,4119851.9812571635],[605641.7197776467,4119852.0599330086],[605641.8537945029,4119852.12561605],[605641.9936752376,4119852.1776560317],[605642.1380350454,4119852.2155377637],[605643.7647799819,4119852.5569232935],[605651.1342710569,4119855.37864294],[605658.6598952248,4119859.157730038],[605658.795926508,4119859.217792081],[605658.9372362329,4119859.264090253],[605659.0824356728,4119859.296169556],[605659.2300978749,4119859.3137147306],[605659.3787716832,4119859.31655335],[605659.5269960004,4119859.304657518],[605659.6733141467,4119859.2781441407],[605659.8162881747,4119859.2372737806],[605659.954513002,4119859.1824480915],[605660.0866302188,4119859.1142058754],[605660.2113414383,4119859.033217785],[605660.3274210565,4119858.940279734],[605660.4337282963,4119858.836305075],[605660.5292184196,4119858.7223156216],[605664.4546098756,4119853.534296966],[605664.5186004363,4119853.4428404537],[605664.5756129388,4119853.3468786897],[605668.8267274663,4119845.544268732],[605668.8910080839,4119845.411040939],[605668.9418536809,4119845.272129572],[605668.9787697749,4119845.128885568],[605669.0013973506,4119844.9827020005],[605669.0095163508,4119844.83500053],[605669.0591579743,4119835.9476168817],[605669.0540028377,4119835.81470428],[605669.0370935311,4119835.6827709237],[605669.0085630169,4119835.552854239],[605667.7798022663,4119830.943600873],[605667.7347178308,4119830.8027761835],[605667.6759872467,4119830.6670746063],[605667.6041812238,4119830.5378148113],[605667.5199975317,4119830.41625287],[605667.4242542186,4119830.3035700517],[605667.317881663,4119830.2008613427],[605667.2019135316,4119830.1091248062],[605667.0774767359,4119830.029251886],[605666.9457804806,4119829.9620187404],[605666.8081045139,4119829.9080787017],[605666.6657866914,4119829.867955929],[605666.5202099751,4119829.8420403115],[605666.3727889955,4119829.8305836827],[605666.2249563046,4119829.833697371],[605666.0781484551,4119829.85135112],[605665.9337920407,4119829.88337338],[605662.1153259021,4119830.930311325],[605640.5323304507,4119752.7276339275],[605644.3459739184,4119751.6820165794],[605644.4871712094,4119751.635670141],[605644.6230895143,4119751.5755795287],[605644.7523947397,4119751.502334556],[605644.873817702,4119751.4166541523],[605644.9861665854,4119751.3193793064],[605645.0883386396,4119751.2114648093],[605645.1793310045,4119751.0939698867],[605645.2582505527,4119750.9680477986],[605645.324322657,4119750.8349345224],[605645.3768987923,4119750.6959366184],[605645.4154629027,4119750.552418408],[605645.4396364657,4119750.405788581],[605645.4491822079,4119750.2574863685],[605645.444006434,4119750.1089674183],[605645.4241599462,4119749.9616895034],[605645.3898375458,4119749.8170982166],[605642.6764871515,4119740.473327978],[605642.6099573852,4119740.289782882],[605637.7273710727,4119729.1433625575],[605637.678621613,4119729.0424989164],[605637.6224804157,4119728.945554861],[605630.3140706846,4119717.3469920033],[605630.2495032211,4119717.2526895753],[605630.1779432558,4119717.1635768567],[605624.5704851174,4119710.7012586216],[605616.0560068317,4119700.8968878216],[605607.9562012673,4119689.428809878],[605600.0689260464,4119670.4284792286],[605597.3421963678,4119656.1205529138],[605597.3407185809,4119656.112906539],[605594.7971863124,4119643.1330934386],[605596.1813426084,4119628.3691701884],[605599.961485149,4119612.440662833],[605599.9873680746,4119612.3034550627],[605600.0003807008,4119612.16443503],[605600.4249659734,4119603.0931339324],[605600.423631922,4119602.928586682],[605599.3506529484,4119585.9158292124],[605599.3301543052,4119585.7459193454],[605597.6219678675,4119576.20397376],[605597.5890863108,4119576.0610061605],[605597.5423964906,4119575.921934265],[605597.482344988,4119575.788088278],[605597.4095061875,4119575.6607484156],[605597.3245767818,4119575.541132667],[605597.2283691086,4119575.430385139],[605597.1218033808,4119575.3295651167],[605597.0058988843,4119575.2396369283],[605596.8817642292,4119575.1614607256],[605596.7505867459,4119575.0957842516],[605596.6136211286,4119575.0432356936],[605596.4721774339,4119575.00431767],[605596.3276085507,4119574.979402427],[605596.18129726,4119574.968728275],[605596.0346430085,4119574.972397311],[605595.8890485233,4119574.990374441],[605595.7459063951,4119575.0224877163],[605592.157779927,4119576.014027744],[605575.5130751812,4119516.190932498],[605579.088156788,4119515.201171411],[605579.2324958105,4119515.153209738],[605579.3712357755,4119515.0908775833],[605579.5029501852,4119515.0148158334],[605579.6262847766,4119514.9258065415],[605579.7399714469,4119514.8247648845],[605579.8428412911,4119514.712729753],[605579.9338366209,4119514.590853072],[605580.0120218394,4119514.4603879536],[605580.076593061,4119514.3226758162],[605580.1268863766,4119514.1791325896],[605580.1623846799,4119514.0312341587],[605580.1827229839,4119513.8805011865],[605580.1876921741,4119513.7284834813],[605580.1772411581,4119513.576744061],[605579.7996603665,4119510.431795708],[605579.7754763413,4119510.289009205],[605579.7376355331,4119510.1492203437],[605579.6864906664,4119510.0137321334],[605579.622518476,4119509.883807496],[605579.546315264,4119509.7606574944],[605576.8446434522,4119505.831975102],[605576.7180309651,4119505.6722903824],[605571.9473947483,4119500.430467067],[605571.8229622608,4119500.3087494513],[605571.6852668585,4119500.202266598],[605568.5969440081,4119498.0884950436],[605568.4158537217,4119497.9823473273],[605563.247694959,4119495.4207986956],[605563.2454221332,4119495.4196745832],[605558.5622038658,4119493.108335195],[605558.4252274289,4119493.0490147686],[605558.2830333702,4119493.0036021383],[605558.1370298191,4119492.9725470194],[605557.9886626299,4119492.9561569477],[605557.8394010634,4119492.9545942307],[605557.6907232375,4119492.9678743444],[605557.5441014895,4119492.995865777],[605557.4009877954,4119493.038291334],[605557.2627993915,4119493.09473088],[605545.0420957924,4119498.811092505],[605544.9090747454,4119498.8816585243],[605544.7837988831,4119498.9652056387],[605544.6675306611,4119499.06089191],[605544.5614417614,4119499.167753069],[605544.4666012849,4119499.284712233],[605544.3839649776,4119499.410590756],[605544.3143655988,4119499.5441201106],[605544.2585045298,4119499.6839546664],[605544.2169447055,4119499.828685254],[605544.1901049406,4119499.9768533646],[605544.1782557105,4119500.1269658483],[605544.1815164249,4119500.2775099603],[605544.199854224,4119500.426968607],[605544.2330843104,4119500.573835633],[605550.4831110366,4119522.919572646],[605602.3231672386,4119710.9706883826],[605604.3516814576,4119718.3311098837],[605637.3421450639,4119837.8963961913],[605640.4230335205,4119849.053154406]],[[605574.4305941215,4119507.616014463],[605576.8650843132,4119511.1561701214],[605577.0449125929,4119512.653996982],[605573.2651557637,4119513.7004223894],[605573.1252749355,4119513.746655231],[605572.9906040729,4119513.806386969],[605572.8624422486,4119513.879041415],[605572.7420257468,4119513.9639177243],[605572.6305161384,4119514.0601971564],[605572.5289890758,4119514.1669509728],[605572.4384239172,4119514.283149397],[605572.3596942791,4119514.407671547],[605572.2935596093,4119514.5393162477],[605572.2406578613,4119514.676813618],[605572.2014993398,4119514.8188373195],[605572.1764617787,4119514.964017354],[605572.1657866973,4119515.1109532733],[605572.1695770704,4119515.2582276934],[605572.187796335,4119515.4044199646],[605572.220268743,4119515.5481198756],[605589.668934204,4119578.26074781],[605589.7152435473,4119578.400303339],[605589.7749939732,4119578.534654326],[605589.8476113384,4119578.6625097883],[605589.9323978609,4119578.782641161],[605590.0285388253,4119578.893894098],[605590.1351104109,4119578.995199567],[605590.2510885687,4119579.085584123],[605590.3753588621,4119579.1641792576],[605590.5067271751,4119579.230229749],[605590.6439311864,4119579.2831009156],[605590.7856524998,4119579.322284718],[605590.9305293118,4119579.347404638],[605591.0771694977,4119579.3582192976],[605591.224163989,4119579.3546247785],[605591.370100312,4119579.3366556205],[605591.5135761613,4119579.3044844894],[605594.9588857066,4119578.352410377],[605596.3619967366,4119586.1902018515],[605597.4243941334,4119603.0351817547],[605597.0102108957,4119611.884242477],[605593.2382115199,4119627.778436719],[605593.2042246311,4119627.984780822],[605591.7900540209,4119643.068847853],[605591.7835085732,4119643.21213768],[605591.7906796376,4119643.3553975597],[605591.8115016394,4119643.497317472],[605594.3959630444,4119656.6859946586],[605597.1508690495,4119671.1417701743],[605597.1873672944,4119671.2911712704],[605597.2389716204,4119671.4360498507],[605605.2493880098,4119690.7330257734],[605605.3214254868,4119690.882599877],[605605.4095509899,4119691.0232970924],[605613.6489511989,4119702.6890195664],[605613.7416260529,4119702.807200524],[605622.305201577,4119712.6681065],[605627.8369869683,4119719.0432158266],[605635.0244882621,4119730.449895065],[605639.8227814789,4119741.4038833026],[605642.0842160988,4119749.1914235856],[605638.2900243856,4119750.2317076894],[605638.1499942233,4119750.2776064044],[605638.0151434529,4119750.337023642],[605637.8867735424,4119750.409385956],[605637.766123412,4119750.493994965],[605637.654357477,4119750.5900340932],[605637.5525544095,4119750.6965764505],[605637.4616967288,4119750.8125937777],[605637.3826613178,4119750.936966372],[605637.3162109611,4119751.068493892],[605637.2629869824,4119751.2059069425],[605637.2235030555,4119751.347879327],[605637.1981402468,4119751.493040845],[605637.1871433369,4119751.639990518],[605637.190618459,4119751.787310109],[605637.2085320741,4119751.9335778113],[605637.2407112948,4119752.0773819704],[605659.621832952,4119833.1719473978],[605659.6678538626,4119833.3116056793],[605659.7273279302,4119833.446086887],[605659.7996836127,4119833.574098664],[605659.8842255765,4119833.6944108256],[605659.9801413786,4119833.805867179],[605660.0865092742,4119833.907396636],[605660.2023070742,4119833.998023505],[605660.3264219693,4119834.076876867],[605660.4576612228,4119834.143198946],[605660.5947636338,4119834.1963523915],[605660.7364116566,4119834.235826402],[605660.8812440626,4119834.2612416344],[605661.0278690213,4119834.27235385],[605661.1748774761,4119834.2690562615],[605661.3208566847,4119834.251380558],[605661.4644037962,4119834.219496602],[605665.2701665958,4119833.1760416287],[605666.0580833605,4119836.13162757],[605666.0116725287,4119844.4405997265],[605661.9947512923,4119851.813365018],[605658.8902783967,4119855.916411422],[605652.4136668327,4119852.6640992346],[605652.2768933225,4119852.603752773],[605644.7260392489,4119849.7125906735],[605644.6132295511,4119849.67445808],[605644.4977504906,4119849.6453942],[605643.6491299969,4119849.467304353],[605643.3150546319,4119848.255524171],[605640.2339544254,4119837.097998645],[605607.2436760992,4119717.5333837136],[605605.2153278843,4119710.173564301],[605553.3744861087,4119522.119598863],[605553.372985782,4119522.1141958293],[605547.4645976063,4119500.989920026],[605557.8809247209,4119496.117574329],[605561.9165728085,4119498.1093141646],[605566.9893278984,4119500.6235768753],[605569.8464564449,4119502.5791098108],[605574.4305941215,4119507.616014463]]],[[[605559.3018710292,4119901.042470703],[605559.4381784231,4119901.101953061],[605559.5797061109,4119901.1476451843],[605575.1628138799,4119905.3380313194],[605575.1794813029,4119905.3416707953],[605575.1793030578,4119905.3423650195],[605623.1651563712,4119917.662935975],[605623.2763088049,4119917.6870232946],[605668.7130062067,4119925.743380181],[605677.365465024,4119927.6327164653],[605678.0054600218,4119924.7017769567],[605669.3240557031,4119922.8061201815],[605669.2659377014,4119922.79462713],[605623.8561009252,4119914.743032887],[605578.7757246181,4119903.1684554517],[605582.9920627598,4119899.678223794],[605583.0851761978,4119899.594349785],[605583.1709634248,4119899.5029960037],[605583.2488256475,4119899.4048000975],[605594.7925149846,4119883.5266159046],[605604.5782163899,4119871.482537941],[605613.76661001,4119865.2577327606],[605629.5110158809,4119864.6996039264],[605629.6678498335,4119864.685776379],[605647.4291288535,4119862.1747746514],[605661.5830816246,4119865.0994171663],[605662.1901496911,4119862.161481094],[605647.7808560387,4119859.18407729],[605647.653481432,4119859.1634252886],[605647.5248031834,4119859.1537970016],[605647.3957735572,4119859.155263683],[605647.2673474185,4119859.167814478],[605629.3259542979,4119861.7042798456],[605613.2292632117,4119862.274896959],[605613.0897839596,4119862.2863742374],[605612.9519814582,4119862.31080087],[605612.8170552751,4119862.347964223],[605612.6861799386,4119862.3975407905],[605612.5604947155,4119862.4590990096],[605612.4410936917,4119862.5321030184],[605602.7123233742,4119869.122993916],[605602.5952205856,4119869.2109638355],[605602.4872554209,4119869.3099350086],[605602.3894572329,4119869.418963832],[605592.4387674887,4119881.6661066893],[605592.389691346,4119881.729935528],[605580.9334742409,4119897.4878028817],[605575.1931086279,4119902.2396053025],[605560.5028990557,4119898.289324561],[605545.6085882856,4119890.890149025],[605530.7907072135,4119880.6607128265],[605520.3996797389,4119868.731348304],[605518.1375228405,4119870.701791444],[605528.6523454736,4119882.773278348],[605528.7382752174,4119882.864004818],[605528.831458392,4119882.9472641055],[605528.9312482974,4119883.0224783854],[605543.9927412178,4119893.420090576],[605544.1775606527,4119893.5290362737],[605559.3018710292,4119901.042470703]]],[[[605591.2060006312,4119507.2957540457],[605591.0935771456,4119507.205475986],[605590.9730052663,4119507.1264089877],[605590.845399033,4119507.0592836016],[605590.7119374801,4119507.004720041],[605590.5738537431,4119506.9632224534],[605590.4324236646,4119506.9351742603],[605590.2889540063,4119506.9208346177],[605590.1447703746,4119506.920336018],[605590.0012049732,4119506.933683068],[605589.8595842932,4119506.960752446],[605589.7212168573,4119507.001294041],[605584.7388341104,4119508.7251714454],[605584.5986350158,4119508.781741354],[605584.4648423225,4119508.8521363535],[605584.3388151233,4119508.935641358],[605584.2218336269,4119509.031408107],[605584.1150861543,4119509.138463783],[605584.0196570674,4119509.2557208943],[605583.9365157533,4119509.381988319],[605583.8665067779,4119509.515983409],[605583.8103413063,4119509.656345015],[605583.7685898779,4119509.801647317],[605583.7416766122,4119509.9504143056],[605583.7298748994,4119510.101134776],[605583.7333046235,4119510.252277681],[605583.7519309447,4119510.402307681],[605583.7855646533,4119510.5497007417],[605603.8031969754,4119581.560809112],[605605.9705785365,4119590.292837888],[605606.2806195567,4119603.6658494123],[605605.0844969457,4119612.966497005],[605602.9664806374,4119622.36940594],[605602.9408623397,4119622.517322486],[605602.9301571434,4119622.667058923],[605602.9344722698,4119622.8171155164],[605602.9537644995,4119622.9659893275],[605602.987840605,4119623.1121892617],[605603.0363592857,4119623.254251006],[605603.0988345875,4119623.390751696],[605603.1746407687,4119623.5203241645],[605603.2630185678,4119623.641670637],[605603.3630828087,4119623.753575728],[605603.4738312655,4119623.854918616],[605603.5941547013,4119623.9446842694],[605603.722847978,4119624.0219736104],[605603.8586221264,4119624.0860125227],[605604.0001172565,4119624.136159605],[605606.9978053352,4119625.0324594397],[605606.3553653118,4119628.9574814127],[605606.3389083259,4119629.1012226986],[605605.8782764073,4119636.0970940553],[605605.8750499857,4119636.1890369966],[605605.841634044,4119643.7734362846],[605605.585668586,4119650.0789932343],[605605.5860381715,4119650.209182365],[605605.5976952387,4119650.338849088],[605606.7091087893,4119658.641628283],[605606.728088947,4119658.751941089],[605606.7552423434,4119658.860531395],[605609.9278480691,4119669.7968065133],[605609.988366432,4119669.9665609864],[605614.2637393309,4119680.006814477],[605614.3520131438,4119680.1815182543],[605619.860870683,4119689.51602911],[605619.977959457,4119689.6864021374],[605628.1871904993,4119700.025277216],[605625.2130966533,4119703.0584459943],[605625.1123318981,4119703.1722081783],[605625.0235952486,4119703.2955823145],[605624.9477975519,4119703.4273020155],[605624.8857168417,4119703.56601523],[605624.8379903521,4119703.710298121],[605624.805107977,4119703.8586696815],[605624.7874072411,4119704.0096069346],[605624.7850698356,4119704.161560569],[605624.7981197529,4119704.3129708394],[605624.8264230408,4119704.4622835796],[605624.8696891771,4119704.607966152],[605624.9274740518,4119704.7485231822],[605624.9991845258,4119704.882511907],[605625.0840845192,4119705.0085569844],[605625.1813025665,4119705.1253646114],[605630.0565148122,4119710.4133893703],[605635.6145038871,4119716.6831124644],[605640.3082093758,4119724.8733781604],[605643.7282342934,4119731.4084420768],[605647.118410495,4119739.720835006],[605650.6108698417,4119751.2510069897],[605653.53157088,4119761.9860624676],[605672.245565456,4119830.5635964023],[605672.2596549579,4119830.6120085455],[605674.434114751,4119837.641018553],[605674.4857331746,4119837.7823441993],[605674.5512497411,4119837.9177878383],[605674.6300052843,4119838.0459867627],[605674.7212074392,4119838.165651155],[605674.823938615,4119838.2755770637],[605674.9371652266,4119838.3746585166],[605675.0597480931,4119838.461898649],[605675.1904539006,4119838.5364197316],[605675.327967609,4119838.597472003],[605675.4709056838,4119838.644441213],[605675.6178300155,4119838.6768548],[605675.7672623885,4119838.6943866494],[605675.9176993539,4119838.696860372],[605676.0676273553,4119838.6842510793],[605676.2155379571,4119838.656685635],[605676.359943021,4119838.614441376],[605681.0392334656,4119836.986676196],[605681.1789705149,4119836.9300431237],[605681.3123161662,4119836.8596678074],[605681.4379231099,4119836.7762613115],[605681.5545222273,4119836.6806663657],[605681.6609354141,4119836.5738488506],[605681.7560874835,4119836.456888038],[605681.8390170296,4119836.3309656885],[605681.9088861415,4119836.1973541053],[605681.9649888695,4119836.0574032865],[605682.006758358,4119835.9125272785],[605682.0337725728,4119835.7641898924],[605682.0457585652,4119835.613889913],[605682.0425952302,4119835.463145954],[605682.0243145295,4119835.3134811153],[605681.9911011696,4119835.1664075945],[605676.0135744372,4119813.766528149],[605670.0474434369,4119792.167252583],[605665.3710538662,4119775.220406848],[605647.5226510586,4119710.5053421594],[605625.8374560009,4119631.8939619116],[605623.8004175726,4119624.5115186227],[605623.7998470558,4119624.509456745],[605622.8238389269,4119620.9918736005],[605607.028811107,4119563.7381154583],[605591.6576659348,4119508.0199346575],[605591.6126858054,4119507.8829457667],[605591.5547609106,4119507.7509083673],[605591.4844264545,4119507.6250424366],[605591.4023323017,4119507.506510929],[605591.3092369718,4119507.396409032],[605591.2060006312,4119507.2957540457]],[[605644.6306370519,4119711.302998092],[605662.4791102582,4119776.018317982],[605667.1556795303,4119792.9658147567],[605673.1224371911,4119814.5673590316],[605673.1235948808,4119814.571526808],[605678.7225853261,4119834.616225211],[605676.8411229021,4119835.270721669],[605675.1331008443,4119829.749486383],[605656.4261940958,4119761.197927477],[605653.5000364633,4119750.4428162514],[605653.4882395482,4119750.4017722704],[605649.9693248227,4119738.7842592364],[605649.9226608705,4119738.6526278597],[605646.4791895906,4119730.2095604152],[605646.4192706575,4119730.080513023],[605642.9529185768,4119723.4569260753],[605642.9253478817,4119723.4066098393],[605638.1406958725,4119715.0576473163],[605638.0575938594,4119714.9284573244],[605637.9617150436,4119714.808443778],[605632.2917198276,4119708.4123714813],[605632.2720976127,4119708.3906667237],[605628.3536851152,4119704.1404595003],[605631.2565386876,4119701.179946053],[605631.3526870804,4119701.0719316257],[605631.4379875679,4119700.9551606677],[605631.5116473621,4119700.830718454],[605631.572981865,4119700.699761558],[605631.62142103,4119700.5635071006],[605631.6565146608,4119700.4232214387],[605631.677936595,4119700.2802083953],[605631.6854877361,4119700.1357971416],[605631.6790979033,4119699.9913298446],[605631.658826484,4119699.8481491916],[605631.624861882,4119699.7075859117],[605631.5775197663,4119699.570946408],[605631.5172401371,4119699.4395006164],[605631.4445832369,4119699.3144702013],[605631.3602243431,4119699.1970172026],[605622.3918369698,4119687.902044966],[605616.9854881264,4119678.7412304757],[605612.7839078289,4119668.874270974],[605609.6677046419,4119658.1324207964],[605608.5884953651,4119650.0702225943],[605608.840265611,4119643.8680122043],[605608.8414854092,4119643.813780617],[605608.8748181056,4119636.248275469],[605609.3276679991,4119629.370594027],[605610.1714531023,4119624.2154434286],[605610.1878780456,4119624.072187591],[605610.1904718921,4119623.928016561],[605610.1792106722,4119623.7842626087],[605610.1541984496,4119623.642254149],[605610.1156663598,4119623.5033034678],[605610.0639704736,4119623.3686945927],[605609.9995885073,4119623.239671431],[605609.9231154082,4119623.1174262716],[605609.8352578557,4119623.00308877],[605609.7368277325,4119622.897715506],[605609.6287346211,4119622.802280224],[605609.5119773984,4119622.7176648304],[605609.3876350059,4119622.6446512477],[605609.2568564783,4119622.583914187],[605609.1208503264,4119622.536014912],[605606.2007822009,4119621.662923213],[605608.0266142273,4119613.557163022],[605608.0510254357,4119613.4188786587],[605609.2705950419,4119603.9359151074],[605609.2807920775,4119603.823088732],[605609.2824449927,4119603.7098145583],[605608.96593076,4119590.0575937033],[605608.9530393658,4119589.8930960037],[605608.9221583832,4119589.7310094647],[605606.7091598324,4119580.8151972364],[605606.6970688555,4119580.769567848],[605587.0569367255,4119511.0976142096],[605589.1909556692,4119510.359255231],[605604.1368447467,4119564.5359441177],[605619.9321667766,4119621.790768712],[605619.9327567727,4119621.7929011914],[605620.9087746978,4119625.3105196413],[605622.9454853765,4119632.691775117],[605644.6306370519,4119711.302998092]]],[[[605745.3260697768,4120191.435596533],[605743.8215102802,4120200.992637389],[605743.8049702258,4120201.1543167513],[605743.8060192965,4120201.316836563],[605744.680701545,4120215.7195513127],[605744.6867099688,4120215.7905613193],[605746.3093024439,4120230.732470748],[605746.4361273523,4120239.177207453],[605737.3985745247,4120252.0600008387],[605688.7594030758,4120310.597190227],[605673.595109164,4120322.5324688517],[605648.9147117069,4120337.4750772472],[605650.4684601416,4120340.0413714238],[605675.2274782405,4120325.051162601],[605675.3783201078,4120324.9467194052],[605690.7394647957,4120312.856506507],[605690.8582607268,4120312.752424688],[605690.9654540963,4120312.636428654],[605737.5646998403,4120256.5542876106],[605740.012633487,4120274.559217999],[605740.0373174443,4120274.6941898833],[605740.0742315793,4120274.8263415154],[605744.1767159234,4120287.2834715634],[605744.2263904202,4120287.413625848],[605744.2879256317,4120287.5386102917],[605744.3607907771,4120287.6573468233],[605744.4443573479,4120287.7688112645],[605744.5379045288,4120287.872042163],[605744.6406254153,4120287.9661490857],[605744.7516339738,4120288.0503203003],[605744.8699726844,4120288.1238297755],[605757.7347857335,4120295.309622215],[605757.8252841955,4120295.356215331],[605837.9988476115,4120333.249421827],[605838.1089474905,4120333.2961839368],[605838.2224234063,4120333.3340243218],[605854.7200195466,4120338.1134842033],[605854.8694166153,4120338.148592],[605855.0216189882,4120338.168251075],[605855.1750334756,4120338.172255645],[605881.0847459825,4120337.522280472],[605881.199524854,4120337.5149906133],[605945.2238823633,4120330.9764416935],[605945.4200579516,4120330.943140482],[605950.4932007348,4120329.7310561812],[605949.7960570072,4120326.8131818487],[605944.8198951937,4120328.0020952835],[605880.9519818998,4120334.524667188],[605855.33185312,4120335.1673778174],[605839.1723857741,4120330.485876026],[605759.1532689614,4120292.6656671213],[605746.8433035213,4120285.789791331],[605742.96674158,4120274.018671153],[605740.1568998733,4120253.351851037],[605749.1712272646,4120240.502164899],[605749.2543571799,4120240.3694278966],[605749.3231933743,4120240.228746437],[605749.3769853896,4120240.0816542422],[605749.4151467805,4120239.929754924],[605749.4372615084,4120239.7747045015],[605749.4430884765,4120239.6181933484],[605749.3079143021,4120230.6175141726],[605749.2993165042,4120230.4781009196],[605747.6730239665,4120215.5021188552],[605746.8103978452,4120201.2979230094],[605748.2790841823,4120191.968750344],[605760.6687044252,4120142.6238026484],[605760.6742287232,4120142.6010503117],[605763.2860444997,4120131.4657203383],[605770.0402941235,4120116.313108538],[605767.3001869636,4120115.0917106695],[605760.488076992,4120130.3741274723],[605760.436582663,4120130.506076427],[605760.3977636086,4120130.6422941703],[605757.756168157,4120141.9045881177],[605745.3529776221,4120191.303583099],[605745.3260697768,4120191.435596533]]]]}},{"type":"Feature","properties":{"class":"residential","widthMeters":5},"geometry":{"type":"MultiPolygon","coordinates":[[[[605459.8274490901,4119105.380178646],[605460.0223140087,4119105.4890708057],[605467.5088580928,4119109.244264428],[605472.0585467692,4119111.531209907],[605472.1955038981,4119111.594944737],[605479.70645451,4119114.81790583],[605497.2713043664,4119122.372492076],[605497.2749119934,4119122.3740403494],[605500.5180612818,4119123.7628777414],[605504.2363330964,4119125.7269791127],[605509.4209760579,4119128.4678093614],[605512.4870535582,4119131.1335154707],[605518.6074418043,4119137.664442808],[605519.4141421014,4119145.7319595153],[605519.4291586434,4119145.852482776],[605520.7308039983,4119154.5681837853],[605520.7910515124,4119154.8551650476],[605525.593541293,4119172.508841854],[605527.870799575,4119181.6977056772],[605528.9358917398,4119189.1373587274],[605529.6874198256,4119198.091002777],[605529.2258290274,4119206.7647011317],[605527.7808019302,4119217.3067082656],[605524.085175903,4119229.777842356],[605518.8283327686,4119242.12925182],[605518.8070579981,4119242.180828454],[605513.8318175344,4119254.6347911158],[605513.7608456198,4119254.8372634416],[605513.7074953007,4119255.045075373],[605511.6412887916,4119264.817011429],[605511.6284787412,4119264.8818139774],[605509.9521778728,4119273.992878129],[605509.9173061164,4119274.2665245733],[605509.9127958429,4119274.542347113],[605510.0564765804,4119278.2389004007],[605509.7292143881,4119286.1570732137],[605509.7277355057,4119286.203146472],[605509.4719887584,4119297.384827803],[605509.4758482793,4119297.5921442565],[605509.4968747563,4119297.798427787],[605511.0805043307,4119308.7923752726],[605511.112740439,4119308.9703003163],[605513.7498524489,4119321.0228816206],[605512.8771852201,4119323.351042163],[605511.0032785177,4119326.326582637],[605507.9549091795,4119329.9585409025],[605492.5643134404,4119335.07842578],[605489.1711919393,4119336.076136789],[605437.0,4119351.2781241504],[605437.0,4119356.4860655935],[605490.5728851369,4119340.875643587],[605490.5787474383,4119340.8739276184],[605494.0169780228,4119339.862952767],[605493.3117352064,4119337.4644881394],[605494.1008737723,4119339.8366728546],[605509.8704231208,4119334.5907240557],[605515.0355153838,4119334.3761836975],[605515.3079049917,4119334.46082633],[605513.3803954008,4119336.037128467],[605508.2567678287,4119338.8133032806],[605504.4533638139,4119338.441966181],[605504.209721951,4119338.4301355835],[605503.9660868937,4119338.4421055135],[605503.7247780992,4119338.477762014],[605503.488092878,4119338.536765628],[605491.3112041628,4119342.2118773414],[605437.0,4119358.572630301],[605437.0,4119363.7945697056],[605492.7540180162,4119346.9991822834],[605504.4595180358,4119343.4663409395],[605508.532259444,4119343.863974211],[605508.5362572229,4119343.8643612834],[605513.1514229012,4119344.3074687836],[605522.3342712846,4119351.2366937622],[605524.1732455409,4119358.614668652],[605524.9755440444,4119361.8416496944],[605527.7293391882,4119372.927717771],[605527.730809542,4119372.9336064733],[605528.7358748924,4119376.9381605717],[605531.9538047914,4119389.880689589],[605538.4840060031,4119416.138598226],[605541.8549906503,4119429.6741913385],[605544.1174910592,4119438.7727022385],[605552.0217988781,4119475.649046014],[605551.6066282341,4119478.587783262],[605551.5844480857,4119478.8279609075],[605551.5855164934,4119479.0691581685],[605551.7646993193,4119482.466823969],[605551.7898977657,4119482.712678163],[605551.8392477505,4119482.9548430354],[605552.6851524033,4119486.261017844],[605552.7568399495,4119486.4934626827],[605552.8507780965,4119486.717840337],[605554.320711516,4119489.7988345986],[605554.4358979745,4119490.0128334463],[605554.571318809,4119490.214636877],[605556.6047030329,4119492.9476326187],[605556.761928507,4119493.138468945],[605556.9372364938,4119493.312840568],[605559.4732151804,4119495.5972086317],[605559.6605810327,4119495.750231903],[605559.8618596914,4119495.8844294655],[605562.7949336467,4119497.6411721865],[605563.008663542,4119497.7554880893],[605563.232459106,4119497.8485694476],[605566.4569901195,4119499.0097834594],[605566.687886205,4119499.080536404],[605566.9245316071,4119499.128681343],[605569.6028692067,4119499.540024786],[605571.3863407664,4119501.06777408],[605580.2454672821,4119511.1177631393],[605581.5549470705,4119515.308449438],[605598.780372615,4119574.6831684127],[605602.0270979608,4119588.384180883],[605602.3575123987,4119600.345904922],[605600.882339095,4119616.781009402],[605600.0181407384,4119622.111800661],[605598.4330984041,4119630.195990985],[605598.4074854689,4119630.352898573],[605596.8562790351,4119642.2173643596],[605596.8373285533,4119642.4378810646],[605596.8379559398,4119642.6592096537],[605597.3844811817,4119654.2504405035],[605597.4183181318,4119654.558977829],[605599.8506758389,4119668.6150566135],[605599.9082539157,4119668.868536242],[605599.9918405989,4119669.1146671483],[605607.3817713936,4119687.649311576],[605607.4820912427,4119687.86934381],[605607.6032003849,4119688.0786541817],[605615.7941413504,4119700.775711119],[605615.9055423877,4119700.9345148914],[605616.028920796,4119701.084203226],[605621.4618763506,4119707.1777407317],[605624.2611580631,4119711.000479961],[605624.3712094167,4119711.140071411],[605637.1025462906,4119726.1582134827],[605644.2807874416,4119742.098720291],[605645.9565994682,4119748.413452509],[605645.9647212124,4119748.443310031],[605668.6870351786,4119829.980449713],[605669.5866421855,4119833.523897265],[605666.7115452895,4119852.3348960546],[605665.1386372569,4119853.6530402023],[605665.1350070616,4119853.656088278],[605663.8614375679,4119854.7274949374],[605663.6886270703,4119854.887358496],[605663.5316197061,4119855.0627680537],[605663.3918076867,4119855.252168224],[605660.8051615437,4119859.125483126],[605660.6852054594,4119859.3245636295],[605660.5842565005,4119859.5339241237],[605660.5031872296,4119859.751754981],[605659.5062674703,4119862.8662848263],[605659.1190717119,4119864.0688505378],[605659.058489656,4119864.291856931],[605659.0187581009,4119864.5195045546],[605659.0002165262,4119864.7498483127],[605658.9158603607,4119867.223562193],[605658.8454103206,4119869.2976544853],[605658.8482832013,4119869.529322833],[605658.8725904234,4119869.7597303754],[605658.9181232229,4119869.986898245],[605660.0163037946,4119874.3947787443],[605660.0819700302,4119874.6147513795],[605660.1675373085,4119874.827773105],[605660.2722841261,4119875.032047721],[605662.5298865432,4119878.9773738845],[605662.6534715184,4119879.171951258],[605662.7944526969,4119879.3543187655],[605662.9516315445,4119879.5229260316],[605666.203844189,4119882.70403049],[605666.3749993676,4119882.856724945],[605666.5594287348,4119882.9930902645],[605666.7555798467,4119883.1119785863],[605669.9980275955,4119884.8791584657],[605670.889507806,4119886.952356199],[605675.2587687683,4119897.114375045],[605674.8867861765,4119905.5473920195],[605674.6141640558,4119911.7020910652],[605674.6137096955,4119911.9125647293],[605675.1874231441,4119926.2662415868],[605675.3016644539,4119929.174017817],[605675.3233205619,4119929.418452182],[605675.368836309,4119929.659585885],[605676.3469708968,4119933.733075466],[605676.3476646753,4119933.735957215],[605677.4356980484,4119938.24357869],[605679.6711024148,4119947.4932676665],[605679.7040858482,4119947.6159967952],[605685.5861206892,4119967.4744007844],[605685.5877943287,4119967.4800269143],[605693.736078742,4119994.75421199],[605694.5746575767,4119997.585014206],[605700.8200420385,4120021.5749263996],[605694.6640016016,4120023.7898243642],[605657.7502144722,4120035.6910249563],[605636.4724573881,4120042.2876658365],[605636.4541457418,4120042.293420054],[605629.3382519108,4120044.5595561876],[605628.4855321376,4120044.0586871034],[605628.2917481195,4120043.956017776],[605628.0897121212,4120043.8707259716],[605627.8809787929,4120043.803468005],[605625.8470406432,4120043.245284657],[605625.6311040306,4120043.1961944625],[605625.411670484,4120043.1664054305],[605625.1904617129,4120043.15615129],[605623.0874439442,4120043.1519071376],[605622.8649992598,4120043.161372483],[605622.6442788563,4120043.1905912063],[605622.4270333546,4120043.2393315625],[605620.3968934267,4120043.790811093],[605620.1838963196,4120043.859038012],[605619.9778492628,4120043.9460281865],[605619.7804013803,4120044.0510853794],[605617.8314541568,4120045.2027776153],[605617.628650102,4120045.336318308],[605617.4397580264,4120045.4889039733],[605617.2665599413,4120045.6590951146],[605615.7372087511,4120047.3153884225],[605615.5864493456,4120047.4948579045],[605615.4531602229,4120047.687657549],[605615.3385129983,4120047.892092642],[605614.8033309875,4120048.9609736046],[605563.5425672801,4120065.023028086],[605555.4163579799,4120067.1514475006],[605548.2469482153,4120067.4214608497],[605532.3761097797,4120064.322430125],[605531.4178783392,4120069.229750423],[605547.5727390989,4120072.384240972],[605547.8580554731,4120072.4230578663],[605548.1459427796,4120072.4288096866],[605555.8785841311,4120072.137583985],[605556.1504391391,4120072.1124272477],[605556.4179298816,4120072.057776452],[605564.8668638039,4120069.8448288986],[605564.9809432877,4120069.812036211],[605613.7904839147,4120054.518048294],[605613.90541,4120055.669483159],[605613.9398947414,4120055.9028859506],[605613.9962286759,4120056.131998474],[605614.0739100615,4120056.3547801217],[605614.6203668668,4120057.71223665],[605565.3893633415,4120071.1289364216],[605565.3554353372,4120071.138440006],[605556.9304756107,4120073.5625133878],[605556.704062685,4120073.639562073],[605556.4860482775,4120073.737893304],[605556.2784276318,4120073.856607163],[605549.6857590673,4120078.0568960444],[605549.496131356,4120078.190469104],[605549.3196993325,4120078.3410419174],[605549.157981736,4120078.5073183444],[605549.0123706426,4120078.6878670654],[605548.8841194827,4120078.881133904],[605548.7743322512,4120079.0854552076],[605548.683954004,4120079.2990721627],[605547.4999327562,4120082.5044316784],[605539.9695612817,4120087.6439369284],[605542.7881773004,4120091.7737557795],[605550.9777976285,4120086.184310848],[605551.1826600783,4120086.0284466622],[605551.370409153,4120085.8523428505],[605551.539054344,4120085.657866458],[605551.6868076808,4120085.4470793162],[605551.8121026882,4120085.222216183],[605551.9136109934,4120084.9856610484],[605553.0824615757,4120081.821371266],[605558.6602914992,4120078.267651436],[605566.7210414632,4120075.948370388],[605618.1419831907,4120061.9348567943],[605619.4709637272,4120062.8315831865],[605619.6569956944,4120062.9456203533],[605619.8522628673,4120063.0430015605],[605620.0552777044,4120063.1229849597],[605620.2644936432,4120063.1849612393],[605622.9359787067,4120063.8510233355],[605623.2149750565,4120063.9039614755],[605623.4981750363,4120063.92491813],[605623.7819246226,4120063.913622903],[605626.518358387,4120063.648426437],[605626.7350622341,4120063.6178003964],[605626.9482571746,4120063.568339007],[605627.1563093332,4120063.500421329],[605627.3576242478,4120063.4145678678],[605629.8394653278,4120062.2251919424],[605630.0299714933,4120062.1235554563],[605630.2109970506,4120062.0058595682],[605630.3811916194,4120061.8729822445],[605630.5392856143,4120061.725914698],[605632.4627842862,4120059.774982594],[605632.6079014703,4120059.614456031],[605632.7385930293,4120059.441981422],[605632.8538797641,4120059.2588510225],[605632.9528978954,4120059.066436927],[605633.7003918244,4120057.4450179697],[605640.2603726056,4120054.628765891],[605695.014036482,4120038.732736599],[605704.194016942,4120036.7643011333],[605709.0223286945,4120049.8994295644],[605709.1362881382,4120050.161966218],[605725.5856273399,4120082.802969065],[605725.729599879,4120083.051906708],[605725.9012075833,4120083.2826638054],[605727.5530125785,4120085.25579702],[605738.2790877374,4120098.0841929005],[605738.3106125192,4120098.1211605985],[605743.5501194134,4120104.145731377],[605743.706813797,4120104.310179151],[605743.8777875585,4120104.4597257096],[605744.0616292424,4120104.593136487],[605751.9470792229,4120109.785513617],[605751.992511495,4120109.8147309655],[605754.9858970642,4120111.6943679075],[605755.1442554903,4120111.785904846],[605761.593882023,4120115.205564494],[605762.357917343,4120115.613172761],[605762.5146830474,4120115.689900985],[605767.6239108394,4120117.973098279],[605770.0941613143,4120119.1461424907],[605770.2109166399,4120119.1979729943],[605773.3094316914,4120120.4797479613],[605773.3704041546,4120120.5040383423],[605785.1951629062,4120125.0358863324],[605785.4154981656,4120125.1087933294],[605785.6416449193,4120125.1609536842],[605797.9389205719,4120127.401865414],[605798.1612704557,4120127.4321467173],[605798.3854399396,4120127.4423678056],[605818.8566383724,4120127.4560476225],[605825.4229520774,4120127.461076078],[605825.4275435178,4120127.4610753777],[605830.2966632739,4120127.455861616],[605834.027879918,4120127.459557171],[605844.6343168962,4120128.2407361153],[605858.812221126,4120131.704963058],[605870.1619316858,4120135.7834518333],[605880.5722074345,4120141.0188769577],[605883.7415568074,4120142.614462847],[605888.6622612723,4120146.3069049325],[605888.6692985853,4120146.312166349],[605898.2411292478,4120153.4423148613],[605913.5233165029,4120170.0030271304],[605925.9620281478,4120186.735255718],[605933.6230747737,4120198.833602756],[605940.584668528,4120210.734373068],[605940.7104582868,4120210.9282527426],[605940.853614497,4120211.109687831],[605941.0129137482,4120211.2771277907],[605948.7810230018,4120218.720739093],[605948.9777110793,4120218.8905111086],[605954.5138549159,4120223.187961851],[605954.7152305773,4120223.3289784337],[605954.9294828774,4120223.4495345852],[605955.1545399848,4120223.5484645204],[605955.3882255853,4120223.6248115823],[605955.6282799267,4120223.67783749],[605957.3924418086,4120223.9774220386],[605955.4532878377,4120228.3279294763],[605955.3841883426,4120228.499814239],[605952.4966253309,4120236.5303072245],[605949.8847020615,4120243.7991517554],[605949.8346314196,4120243.9541956806],[605946.8742336483,4120254.257799865],[605943.3758985011,4120266.407680451],[605943.3107131892,4120266.6981162336],[605942.156387914,4120273.7961988114],[605942.1330046145,4120273.9851526935],[605942.1240690583,4120274.1753381398],[605942.0611504943,4120281.276087091],[605942.0611152647,4120281.280503205],[605942.0497509936,4120282.8824088336],[605942.0361278816,4120283.962766347],[605942.0363310991,4120284.0391169973],[605942.3333095029,4120300.598332826],[605942.363077295,4120300.940723163],[605945.0404750477,4120318.0181880374],[605945.0835622449,4120318.2317337138],[605947.7178858136,4120328.872883639],[605947.7370710094,4120328.9456657046],[605950.7682494065,4120339.7804563637],[605950.8499017279,4120340.0235139607],[605952.0364628292,4120343.034441446],[605957.8575917426,4120357.799261233],[605965.441065304,4120377.046627001],[605965.4474272542,4120377.062612556],[605971.0825546164,4120391.0812944993],[605973.0255549498,4120395.9182514534],[605984.5929483498,4120424.933370446],[605984.6867730287,4120425.140738061],[605984.799068523,4120425.3387131104],[605986.6614061461,4120428.2992781084],[605986.479000115,4120428.387659239],[605983.0126851163,4120429.7994947536],[605982.9694208263,4120429.8175913086],[605951.7753930003,4120443.210542576],[605920.4269954353,4120456.22438825],[605909.054476642,4120460.9409633838],[605908.9489847368,4120460.9875948606],[605883.4920240141,4120472.9499519286],[605868.0235600118,4120480.2114201263],[605867.995263065,4120480.22492094],[605852.3358898096,4120487.817105401],[605839.2297208318,4120494.1765741557],[605836.5019677962,4120495.498321755],[605830.2963636195,4120498.242360131],[605829.2708194279,4120498.695213128],[605829.2080322651,4120498.723981098],[605824.3682952533,4120501.0228703083],[605820.7429792982,4120502.715723116],[605817.3678873518,4120504.2937948806],[605808.2530771879,4120508.560619999],[605794.8627515942,4120512.8831402953],[605783.2154159406,4120514.681854034],[605764.2695556098,4120513.8101581386],[605751.2416103864,4120508.920060919],[605749.4845386064,4120513.6011610846],[605762.8819246913,4120518.6299295756],[605763.1305404328,4120518.7087183706],[605763.3860114653,4120518.761178],[605763.6455575505,4120518.7867375556],[605770.1727682869,4120519.0870534405],[605764.7653183744,4120520.950343991],[605764.5868901719,4120521.0195751367],[605764.4142809644,4120521.102253045],[605759.1083892599,4120523.8982643783],[605753.6410552681,4120526.781359226],[605755.9733029028,4120531.204098306],[605761.4396825009,4120528.321506623],[605766.5755653122,4120525.615083773],[605783.9528713886,4120519.6272390895],[605795.82273368,4120517.7941602627],[605796.0177775559,4120517.756046788],[605796.2091778092,4120517.702561336],[605809.9386462548,4120513.270562607],[605810.23056198,4120513.155645173],[605819.4861691408,4120508.8229098697],[605822.8590400026,4120507.2458762582],[605826.4912503451,4120505.5498040942],[605826.5061511815,4120505.54278622],[605831.3221322078,4120503.255181172],[605832.3166713652,4120502.8160191723],[605838.5639140925,4120500.053569125],[605838.6430295402,4120500.016922837],[605841.4106324901,4120498.6758657447],[605854.5175605002,4120492.3160289563],[605870.1624688896,4120484.730857543],[605885.6171762198,4120477.4758472354],[605911.0232309151,4120465.5374113754],[605922.3428614239,4120460.8427708345],[605951.4899807144,4120448.7427549763],[605954.2005433275,4120454.5852056057],[605985.9068721521,4120523.8422282534],[605991.7533843605,4120536.599518978],[605993.1394443616,4120539.625987374],[606026.1378865903,4120613.2016076585],[606030.4159586779,4120622.728247697],[606032.504889833,4120629.957819374],[606044.5375896825,4120711.9030682],[606045.361441613,4120718.1318332218],[606057.4377252947,4120808.8090961725],[606058.072411574,4120813.5698036626],[606057.4612622358,4120819.843870291],[605977.9855352213,4120807.0578430663],[605977.8874197728,4120807.044046928],[605932.1264818816,4120801.531887976],[605921.5313032569,4120797.200141211],[605913.4531853412,4120789.1688861153],[605872.9258202408,4120714.335122843],[605872.8168985057,4120714.1529234042],[605872.6929128274,4120713.9806209626],[605859.7156242697,4120697.472431882],[605859.5802000398,4120697.3141986867],[605859.4320749457,4120697.167786862],[605859.2722770342,4120697.034212562],[605854.4655617251,4120693.345254554],[605862.1263525104,4120679.4584022257],[605857.7483413038,4120677.0432380755],[605850.2574082377,4120690.6221862817],[605833.4507637275,4120681.340261848],[605824.8307118616,4120676.559167825],[605815.3839649311,4120669.884327179],[605800.000504577,4120658.5640628897],[605797.0370408861,4120662.591206164],[605812.4399051127,4120673.925749228],[605812.4789844365,4120673.953930196],[605822.0565067632,4120680.721173543],[605822.2865685215,4120680.8656559754],[605831.0275661479,4120685.7138323155],[605831.0315359861,4120685.71602947],[605831.099679244,4120685.753663429],[605831.0748588769,4120685.751314282],[605819.278649731,4120685.3585987436],[605819.0494803139,4120685.3614805155],[605818.8215378108,4120685.385337205],[605811.5761971892,4120686.481363176],[605812.3240548334,4120691.425117715],[605819.3420689978,4120690.363480148],[605830.6017066563,4120690.7383323237],[605850.0944847922,4120696.2933958345],[605855.9789339539,4120700.80947063],[605868.630536183,4120716.9033596455],[605909.2315800245,4120791.8731706836],[605909.3576636121,4120792.0811424903],[605909.5033586584,4120792.2758789705],[605909.6672863208,4120792.4555371595],[605918.3602745814,4120801.0980956107],[605918.5433530789,4120801.262990896],[605918.7417741243,4120801.409063755],[605918.9536103925,4120801.5348953363],[605919.1768042521,4120801.6392633985],[605930.5465292932,4120806.287676739],[605930.756931309,4120806.36290964],[605930.9732104497,4120806.4190552635],[605931.193638939,4120806.4556650817],[605977.2402699876,4120812.0022373605],[606052.4593833913,4120824.103462073],[606050.4843297376,4120825.2702002684],[606016.0602875347,4120820.6782928617],[606015.8204016736,4120820.657988073],[606015.5796750356,4120820.660851037],[606000.298683337,4120821.5797295338],[605963.744490908,4120815.666673488],[605963.6594999733,4120815.654419134],[605930.4898284955,4120811.452021374],[605922.2634159903,4120809.7622791696],[605911.6304865588,4120803.9134825026],[605904.9003207134,4120794.915846969],[605869.4032025468,4120729.2172035766],[605869.3470154669,4120729.118628238],[605858.1621776008,4120710.4914706764],[605858.0180458169,4120710.277322408],[605857.8526002123,4120710.079178006],[605857.6676046607,4120709.8991499585],[605851.5616544096,4120704.542299968],[605847.5533656459,4120701.0094678574],[605847.3731730145,4120700.8648790186],[605847.1804022808,4120700.7375418246],[605846.9766997165,4120700.628543742],[605846.7638049521,4120700.538815619],[605846.5435361195,4120700.4691237393],[605832.5444769674,4120696.741978115],[605832.390692152,4120696.7061937996],[605824.7967223773,4120695.1902187667],[605824.562197885,4120695.154873115],[605824.3253793329,4120695.141910632],[605816.0564595009,4120695.082134016],[605816.0203150858,4120700.0820033727],[605824.0512641523,4120700.140059681],[605831.3344039464,4120701.5939840996],[605841.763015585,4120704.3705245666],[605838.2550483583,4120704.566302328],[605837.9988922329,4120704.593894378],[605837.746936069,4120704.6477030506],[605837.5018557329,4120704.7271568775],[605837.2662540673,4120704.831412031],[605837.0426332479,4120704.959361282],[605836.8333682094,4120705.1096457643],[605836.640681423,4120705.2806694005],[605831.0972848688,4120710.7367192544],[605830.9387219748,4120710.908079484],[605830.7968357796,4120711.0934839803],[605830.6728636788,4120711.2913158224],[605830.5678868383,4120711.499849711],[605830.4828207659,4120711.717267012],[605830.4184073264,4120711.941671621],[605830.3752082721,4120712.171106495],[605830.3536003439,4120712.4035707223],[605830.3537719855,4120712.637036973],[605830.7254289425,4120720.464513808],[605830.7276219875,4120720.5040798024],[605830.949649382,4120724.0071413815],[605830.6514087004,4120733.761565189],[605835.649073274,4120733.9143683603],[605835.9509021811,4120724.042586076],[605835.9470635406,4120723.808049406],[605835.7188625947,4120720.2075839434],[605835.4011508579,4120713.5162487924],[605839.475638367,4120709.5059625427],[605849.0300290692,4120708.972737144],[605854.0766062976,4120713.400181861],[605865.0312061528,4120731.643902509],[605900.588762818,4120797.4544064575],[605900.7863212088,4120797.7634466314],[605907.9502525998,4120807.3409882733],[605908.1206371702,4120807.5451639723],[605908.3117456067,4120807.730086073],[605908.5214155214,4120807.893662186],[605908.7472745037,4120808.034041451],[605920.185006847,4120814.3255316033],[605920.4099440168,4120814.4349780898],[605920.644692669,4120814.5213976135],[605920.8869024899,4120814.583924939],[605929.5776030322,4120816.369033999],[605929.7663895417,4120816.4003346753],[605962.9884529824,4120820.6093701813],[605999.7733662045,4120826.5597479376],[606069.3458146987,4120837.812876438],[606069.3601850019,4120837.815157898],[606117.1089034817,4120845.253456698],[606198.5613681024,4120857.9448964563],[606198.6272937334,4120857.9542710823],[606214.2470036402,4120859.9635504796],[606215.602080903,4120863.6464824965],[606215.7010644863,4120863.8786206683],[606215.8229469078,4120864.099597038],[606215.9664862173,4120864.3071599132],[606219.292362858,4120868.632341972],[606219.4567757365,4120868.8250957923],[606219.6398528698,4120869.0002197283],[606219.8397141105,4120869.15591531],[606224.3075547083,4120872.2860557404],[606224.5200659096,4120872.419559045],[606224.7448913695,4120872.5310832825],[606224.979765418,4120872.619504572],[606230.1759795375,4120874.283066346],[606230.4168527742,4120874.347135453],[606230.662908583,4120874.3869010876],[606230.9117011782,4120874.4019679795],[606236.3766591526,4120874.4599852143],[606236.6303904798,4120874.4497814164],[606236.8817777755,4120874.4138908666],[606237.1282273779,4120874.352683862],[606240.4564975845,4120873.3441009345],[606248.5221419166,4120887.4932981012],[606248.5267182626,4120887.5012919153],[606276.0827785688,4120935.430332708],[606276.1057606017,4120935.469479166],[606293.0065504526,4120963.6679136883],[606293.1361373136,4120963.862814125],[606298.2269015895,4120970.7924363418],[606291.0764340452,4120976.3350984473],[606286.673276266,4120979.4917292385],[606286.6497994985,4120979.508766836],[606239.2368622354,4121014.339078887],[606235.053820094,4121017.4157252694],[606215.2005857374,4121032.0],[606223.6461088666,4121032.0],[606238.0145568394,4121021.4448738717],[606242.1976225098,4121018.368210197],[606289.5982894271,4120983.546912141],[606294.0276814883,4120980.3714739513],[606294.1026791933,4120980.315554324],[606301.3611961415,4120974.689138068],[606304.4014491875,4120978.1361678694],[606304.5906179857,4120978.3286275584],[606304.7994294289,4120978.499575934],[606305.0254504272,4120978.647021091],[606312.5830065744,4120983.014703597],[606312.7959539972,4120983.124510515],[606313.0184349342,4120983.213428436],[606317.9920783916,4120984.929711731],[606318.248010336,4120985.00303196],[606318.5102879698,4120985.0487206774],[606318.7759369804,4120985.066259758],[606328.7739398925,4120985.1928128465],[606329.0066134871,4120985.1849172544],[606367.0197771839,4120982.118248447],[606367.3958001205,4120985.381927224],[606367.8627256027,4120990.3399332166],[606368.4154030503,4121010.050619785],[606366.376323896,4121013.6403821004],[606341.9153165049,4121032.0],[606350.2446234736,4121032.0],[606369.7938729796,4121017.3269840684],[606369.9907448776,4121017.1627840577],[606370.1697661526,4121016.979285909],[606370.3290543549,4121016.7784191463],[606370.4669345324,4121016.5622959305],[606373.1077742609,4121011.9131449065],[606373.2107495347,4121011.7110218066],[606373.2949797158,4121011.5003967104],[606373.3597713185,4121011.283003742],[606373.4045908987,4121011.060632746],[606373.4290694469,4121010.8351145536],[606373.4330054255,4121010.608305906],[606372.8584527067,4120990.117459741],[606372.8484216842,4120989.9531279313],[606372.371334704,4120984.8872229895],[606372.3659183423,4120984.835482778],[606372.0015546444,4120981.6729999827],[606410.247549718,4120977.938065709],[606422.8484605365,4120978.3160795444],[606428.8662785543,4120982.1367486212],[606433.8181706727,4120987.2591345697],[606433.999536361,4120987.42897866],[606434.1968662826,4120987.5799800833],[606434.4082111173,4120987.7106471746],[606434.631483098,4120987.819689141],[606441.4797780229,4120990.752260258],[606448.3753099391,4120997.038281981],[606447.0868717999,4120997.9393175854],[606446.8798262144,4120998.1009472674],[606446.690881617,4120998.283408134],[606446.522123715,4120998.484686049],[606446.3754153806,4120998.702559162],[606446.2523760864,4120998.9346224307],[606446.1543640295,4120999.178314173],[606443.8509105812,4121005.906706415],[606443.7769549417,4121006.168394063],[606443.7318597386,4121006.4365661805],[606443.7161585374,4121006.70804976],[606443.6782054391,4121018.016498933],[606442.4814370702,4121030.016769615],[606441.817980377,4121031.8296523592],[606441.7557556098,4121032.0],[606447.0799517848,4121032.0],[606447.2854636075,4121031.438442869],[606447.3491472985,4121031.238895854],[606447.3959030759,4121031.0347181833],[606447.4254027173,4121030.827343173],[606448.6654478977,4121018.393125985],[606448.6777740483,4121018.15342592],[606448.7147484102,4121007.136599605],[606450.6206748852,4121001.5693844664],[606453.737655173,4120999.3896056064],[606466.060705589,4120991.8724053693],[606552.1041256655,4120948.28029676],[606559.7490320047,4120944.4045149414],[606557.4881113723,4120939.9448918747],[606549.8441273792,4120943.820206193],[606463.7130895697,4120987.4567045034],[606463.5410194441,4120987.5525793494],[606452.667663531,4120994.185449531],[606444.9462660793,4120987.146562219],[606441.9478113275,4120979.9505571583],[606441.8451004699,4120979.7339445725],[606441.7221143037,4120979.5281657213],[606441.5799837222,4120979.3351128],[606441.4200156562,4120979.1565609854],[606441.2436810579,4120978.994152112],[606431.5947197811,4120970.927014642],[606431.4068560933,4120970.7844479484],[606431.2063943904,4120970.6602177867],[606430.9951185582,4120970.5554296672],[606422.0831210501,4120966.6476172553],[606421.8370580728,4120966.5548241553],[606421.5826089487,4120966.488392299],[606421.3225892104,4120966.4490567693],[606421.0598760302,4120966.4372528214],[606409.6306140953,4120966.525479243],[606409.3888883011,4120966.539068764],[606328.9281994057,4120974.986091746],[606319.4003893167,4120975.3164769453],[606311.8090505087,4120971.057494115],[606302.1974451448,4120958.276520987],[606291.2604362859,4120939.914356296],[606272.0730567354,4120907.462809443],[606272.0545953348,4120907.432090493],[606256.8508708047,4120882.539652703],[606248.2599587429,4120868.4871230437],[606250.8238751387,4120865.68411943],[606250.9906854884,4120865.481321555],[606251.135304124,4120865.2621455505],[606251.2561355506,4120865.029009459],[606253.6019170416,4120859.8545699352],[606253.6986581596,4120859.6069366443],[606253.7685552782,4120859.350430341],[606253.8108179325,4120859.0879518487],[606254.4146747563,4120853.4365360322],[606254.4288238408,4120853.173331745],[606254.4151822608,4120852.9101006663],[606254.3739016599,4120852.6497689444],[606253.6083037626,4120849.0578360287],[606267.8221209443,4120842.4547621273],[606267.9472086496,4120842.392342434],[606275.8978571823,4120838.1432211446],[606276.0118776854,4120838.078382845],[606337.6594734626,4120800.8488367577],[606341.8869507615,4120799.7665761816],[606342.1344736418,4120799.689328153],[606342.3726638634,4120799.586857414],[606345.6852126314,4120797.953267854],[606345.8888663497,4120797.840764366],[606346.0811793366,4120797.709815571],[606346.2604859503,4120797.5615556296],[606346.4252331982,4120797.397268636],[606346.5739941881,4120797.218377497],[606346.7054804863,4120797.0264316057],[606346.8185532767,4120796.823093424],[606346.9122332248,4120796.6101240856],[606346.9857089592,4120796.3893681383],[606347.9518890444,4120792.961781561],[606348.0059790385,4120792.7271573483],[606348.0372474035,4120792.4884178713],[606348.0454040978,4120792.2477776483],[606348.0303734606,4120792.0074688294],[606347.9922949148,4120791.76972049],[606347.9315216719,4120791.536737955],[606347.8486174577,4120791.310682343],[606347.7443512813,4120791.093650518],[606344.5277261557,4120785.149758362],[606344.3980691759,4120784.936368677],[606344.2477727983,4120784.7369768787],[606344.0783362855,4120784.553571976],[606343.8914498301,4120784.3879835005],[606343.6889776945,4120784.24186326],[606343.4729396141,4120784.116668859],[606343.2454906496,4120784.0136491577],[606343.0088996897,4120783.9338318165],[606339.843698802,4120783.0393570233],[606339.6041572932,4120782.9842207064],[606339.3603590747,4120782.952874629],[606339.1146609983,4120782.945621821],[606338.8694382824,4120782.962532397],[606338.6270615499,4120783.003442878],[606338.3898739109,4120783.0679577743],[606338.1601683112,4120783.155453405],[606337.9401653663,4120783.2650839305],[606333.0876636876,4120785.988801061],[606332.8700187558,4120786.1261568675],[606332.6676484974,4120786.28516068],[606332.4826975818,4120786.4641274163],[606332.3171260725,4120786.661160432],[606332.1726886549,4120786.87417162],[606330.5236071185,4120789.598232155],[606269.2369249461,4120826.7948359135],[606261.4556697494,4120831.2283745916],[606261.4304340747,4120831.242948647],[606247.776805922,4120839.234644268],[606244.5486851803,4120836.570965744],[606244.3289301859,4120836.408962548],[606244.0928202473,4120836.271888152],[606243.8431712036,4120836.1613773014],[606238.2975505705,4120834.060638744],[606238.0379703421,4120833.9781724103],[606237.7709595889,4120833.9244337007],[606237.499687519,4120833.900060452],[606231.5752125975,4120833.6919818087],[606231.3019407883,4120833.6973344306],[606231.0308865109,4120833.732487112],[606230.765289672,4120833.797019673],[606225.0826883926,4120835.511643412],[606224.8259635349,4120835.6046824097],[606224.5809171413,4120835.7251654896],[606224.3504726706,4120835.8716552625],[606219.533278147,4120839.3171340586],[606219.3191430997,4120839.4888159866],[606219.1251180281,4120839.6829365017],[606218.9535414312,4120839.8971559554],[606216.3732656894,4120843.508444397],[606200.9379236306,4120841.6559464126],[606126.1143085363,4120830.097199732],[606126.100810333,4120830.0951522514],[606062.4101011319,4120820.6120378915],[606063.0768101214,4120813.767595198],[606063.0881946262,4120813.4809306003],[606063.0666618184,4120813.194849254],[606062.3939426251,4120808.148861514],[606050.3181246056,4120717.4751027077],[606049.4920768563,4120711.229736111],[606049.4871381265,4120711.194344376],[606037.4272005176,4120629.0636006063],[606037.3554752802,4120628.7328334562],[606035.7740275094,4120623.2596085565],[606127.1563639198,4120582.395001574],[606127.3795075191,4120582.2814833783],[606127.5901783527,4120582.1462160633],[606127.7862636636,4120581.9905561856],[606127.9657969686,4120581.8160648136],[606128.1269777803,4120581.6244918704],[606129.6779971693,4120579.581516976],[606131.517677521,4120577.1649177223],[606131.6600942094,4120576.9568478973],[606131.7808280073,4120576.735490911],[606131.8786507993,4120576.503098427],[606131.9525675231,4120576.2620343626],[606132.0018262914,4120576.014750843],[606132.6129479655,4120571.8638452976],[606132.9712543678,4120569.4629407083],[606132.9720219175,4120569.457760427],[606134.5930662635,4120558.437546872],[606135.3715471294,4120553.1250940645],[606189.1664675543,4120560.3003682224],[606222.0043649912,4120564.6768731903],[606231.9526279946,4120566.001100709],[606284.3671172545,4120572.977784979],[606284.5956845382,4120572.9975887774],[606292.5508609413,4120573.3201609273],[606292.7894071805,4120573.318442865],[606293.0267036662,4120573.293996232],[606293.2605897755,4120573.2470436194],[606293.4889359376,4120573.1780125382],[606293.7096630239,4120573.087531527],[606293.9207612785,4120572.9764244305],[606297.9973146406,4120570.5757477153],[606295.4600910516,4120566.2673261417],[606292.0178785785,4120568.2944403724],[606284.9130000895,4120568.006346707],[606232.6123528039,4120561.04481549],[606222.6647047695,4120559.7206698637],[606192.3474126686,4120555.680101209],[606197.3842855996,4120522.2001172923],[606201.7827423533,4120492.8880158192],[606201.8690016379,4120492.3280140944],[606201.8704115849,4120492.3187451344],[606205.1492638738,4120470.4883924695],[606208.755252387,4120470.957838053],[606261.1029156484,4120477.977315439],[606261.3475172356,4120477.9979558466],[606261.5929639305,4120477.99450869],[606261.8368893927,4120477.967007203],[606262.076941948,4120477.9157165256],[606262.3108072609,4120477.8411311493],[606262.5362306465,4120477.7439701483],[606262.7510388084,4120477.625170247],[606262.953160791,4120477.4858767902],[606263.1406479452,4120477.3274326995],[606263.3116927164,4120477.1513655274],[606263.4646460697,4120476.9593727286],[606263.5980333887,4120476.753305298],[606263.7105686927,4120476.5351499217],[606263.8011670335,4120476.307009825],[606263.8689549571,4120476.0710844975],[606263.913278923,4120475.829648483],[606267.923111364,4120445.732364231],[606270.9617453121,4120422.9684667387],[606270.9756163146,4120422.838876294],[606271.3649225926,4120418.0169635555],[606271.3727778572,4120417.7801977606],[606271.3581874964,4120417.5437514284],[606271.3212825194,4120417.3097476475],[606271.2623943017,4120417.0802875757],[606271.1820516102,4120416.8574315715],[606271.0809758548,4120416.643180694],[606270.9600746105,4120416.4394587367],[606270.8204334693,4120416.2480949513],[606270.6633062909,4120416.070807623],[606270.4901039454,4120415.9091886445],[606270.3023816444,4120415.7646892173],[606270.1018249762,4120415.6386068254],[606266.9420999186,4120413.8552584606],[606270.4561974044,4120386.5774332667],[606270.4755575827,4120386.33317713],[606270.470914268,4120386.0881989347],[606270.4423120632,4120385.844851877],[606270.3900257131,4120385.6054734853],[606270.3145574674,4120385.372363167],[606270.2166322538,4120385.147760119],[606270.0971907171,4120384.9338218197],[606269.9573801813,4120384.7326033046],[606269.7985436302,4120384.546037427],[606269.6222068063,4120384.37591629],[606269.4300635556,4120384.223874033],[606269.2239595562,4120384.091371135],[606269.0058745894,4120383.9796803836],[606268.777903523,4120383.889874651],[606268.5422361875,4120383.822816589],[606268.3011363425,4120383.779150339],[606268.0569199303,4120383.7592953476],[606267.8119328304,4120383.763442337],[606267.5685283251,4120383.7915514726],[606267.329044495,4120383.843352745],[606267.0957817595,4120383.918348564],[606225.9224617839,4120399.4205355807],[606225.9098465844,4120399.4253242463],[606221.924164789,4120400.9505874612],[606221.8093901388,4120400.9978085537],[606217.624459228,4120402.8423435786],[606217.3534603209,4120402.982109115],[606217.1014921668,4120403.1538265054],[606212.8180609959,4120406.472909473],[606214.3493240777,4120408.4490758055],[606212.33757633,4120406.96486861],[606209.304146467,4120411.0764884106],[606209.1695200854,4120411.278869527],[606209.0551837662,4120411.493367977],[606208.9622183512,4120411.717956068],[606208.8915026592,4120411.9505107277],[606208.8437051786,4120412.1888335757],[606207.9524498291,4120418.114019593],[606205.1910484036,4120436.49929723],[606200.5687929939,4120467.321800824],[606196.9265690537,4120491.571454694],[606196.8402835359,4120492.1316267266],[606196.8388224274,4120492.1412364757],[606192.8084627406,4120519.000274458],[606189.6796523168,4120518.550735981],[606159.531014124,4120514.1973980214],[606140.9854065723,4120511.526711579],[606141.8279867232,4120504.1343943877],[606142.3513780306,4120499.6089115636],[606146.7648625285,4120469.4427502695],[606152.8550833084,4120427.764361647],[606152.8558807699,4120427.7588614994],[606153.0403058438,4120426.4768354716],[606155.3320005834,4120410.7975457665],[606155.564806271,4120409.2148694657],[606155.5652418422,4120409.2118959213],[606156.303487526,4120404.1508535314],[606160.9942510746,4120372.0983830844],[606161.0185357821,4120371.837948978],[606161.015476819,4120371.5764029715],[606160.9851076703,4120371.31660808],[606160.9277607722,4120371.0614081505],[606160.4437862496,4120369.3353862916],[606160.3868594437,4120369.1580596715],[606157.0405045644,4120359.930330768],[606195.2182265962,4120344.9027105668],[606204.5094062805,4120341.574062761],[606209.672906931,4120340.867957911],[606209.8811138512,4120340.8304510843],[606210.0854041673,4120340.775475177],[606210.2843149357,4120340.7034238763],[606216.4605284497,4120338.165729751],[606218.3542904927,4120338.2413661093],[606218.6172057155,4120338.23802874],[606218.8783162744,4120338.207096097],[606219.1347338458,4120338.1489103474],[606222.1001986102,4120337.309804437],[606222.3288526965,4120337.233011818],[606222.549042063,4120337.1345413127],[606222.7587170182,4120337.015309561],[606222.9559257467,4120336.876426463],[606225.9132907119,4120334.572524254],[606226.1236925573,4120334.3888352313],[606226.3122913463,4120334.1828228766],[606226.4767330464,4120333.9570585727],[606227.6714061917,4120332.108006126],[606227.7976059932,4120331.8891606363],[606227.9010753196,4120331.6586962426],[606227.980757629,4120331.4189662533],[606228.7989489194,4120328.466632702],[606228.8484613495,4120328.251468196],[606228.8787969494,4120328.0327743534],[606228.889719115,4120327.8122568903],[606228.8811426581,4120327.591635745],[606228.6269404304,4120324.5369740035],[606228.5994990923,4120324.32125828],[606228.5534160051,4120324.1087432224],[606228.4890398246,4120323.9010366797],[606228.4068576087,4120323.6997101195],[606227.128723725,4120320.9206029437],[606227.0073036634,4120320.6892663334],[606226.8624036005,4120320.471864791],[606226.6956060643,4120320.2707726713],[606226.5087327363,4120320.088186204],[606223.2967736104,4120317.2624374563],[606223.1228572006,4120317.122692292],[606222.9371746446,4120316.999008757],[606222.7412047371,4120316.8923718785],[606222.5365082021,4120316.803630924],[606220.7615035479,4120316.126515617],[606220.543287118,4120316.0545730796],[606220.3193872296,4120316.0029690196],[606220.0916951791,4120315.9721393404],[606217.033786323,4120315.700459957],[606216.7882561327,4120315.690769233],[606216.5429605953,4120315.705228962],[606216.3002694219,4120315.743699455],[606216.0625271641,4120315.8058090624],[606212.3653421211,4120316.968551563],[606212.1609424037,4120317.042747552],[606211.9637633247,4120317.1344247027],[606211.7752966395,4120317.2428894336],[606211.5969681904,4120317.3673211555],[606209.8407972435,4120318.7099492056],[606209.6508743312,4120318.8707386465],[606209.4778771227,4120319.0496126884],[606209.3235196454,4120319.2447990766],[606208.0035376261,4120321.096374222],[606188.820983081,4120327.8387848884],[606188.8087209894,4120327.843130728],[606166.435344702,4120335.8381229937],[606166.3027112407,4120335.8898226614],[606154.1527630794,4120341.0289067146],[606149.4341431758,4120343.021815038],[606149.3845605506,4120343.043391062],[606133.9461428458,4120349.9609923023],[606133.6630947138,4120350.110261058],[606099.7260929947,4120370.886389531],[606101.0314032615,4120373.0185633297],[606099.7042793788,4120370.8998981365],[606095.2590383445,4120373.6843803474],[606095.0790880937,4120373.808370741],[606094.9106532662,4120373.9476022725],[606089.8902034211,4120378.481186698],[606088.3647190295,4120379.763556675],[606071.2630285785,4120394.1055204775],[606035.0539735937,4120410.6306171017],[606000.8344032252,4120423.327642345],[605991.3486566276,4120426.3602529904],[605989.1529115097,4120422.8696688665],[605977.668859487,4120394.0635995623],[605977.6664327008,4120394.057535364],[605975.7221054378,4120389.217275115],[605970.0898567031,4120375.2057542372],[605962.5094349321,4120355.966134119],[605956.6882058177,4120341.201060088],[605955.5487793252,4120338.3097378123],[605952.56232721,4120327.6348189376],[605949.9632484553,4120317.1360377613],[605947.3294169348,4120300.336454945],[605947.0362118136,4120283.98763355],[605947.0494404453,4120282.9385596267],[605947.0495762734,4120282.9247726905],[605947.0609737848,4120281.3181815078],[605947.12218211,4120274.410443594],[605948.2219470483,4120267.647858978],[605951.6792254687,4120255.6405703127],[605954.6177038852,4120245.4132574564],[605957.2017908378,4120238.2218797547],[605960.057899311,4120230.2788638044],[605962.563907767,4120224.656613797],[605970.9380267375,4120225.1851052344],[605971.1283516745,4120225.189853012],[605983.189504234,4120225.031293213],[605983.4044683784,4120225.0191952353],[605983.6175944014,4120224.9886462116],[605983.8273015573,4120224.939872723],[605997.1311221967,4120221.235139538],[605997.3456653218,4120221.1648125835],[605997.5529887798,4120221.07541674],[606007.391958507,4120216.295044852],[606007.6929688338,4120216.1219893806],[606020.5084778633,4120207.517722859],[606020.5265121568,4120207.5055003925],[606024.0620933644,4120205.086766413],[606024.2293072861,4120204.961814491],[606026.0133516347,4120203.5087565905],[606031.3662522375,4120199.6232552435],[606031.4770988824,4120199.537960691],[606045.8242751431,4120187.8447792134],[606055.1519101242,4120181.428489011],[606066.3373146711,4120177.602459724],[606074.9666325109,4120178.3781188885],[606086.0199340661,4120179.663000532],[606104.8103851203,4120184.323866621],[606124.7369166852,4120189.3129639253],[606124.9982956672,4120189.36378845],[606125.2635976917,4120189.3865247727],[606137.1582456669,4120189.769793245],[606137.3697479645,4120189.7676560553],[606137.5803126349,4120189.74764833],[606146.8891875517,4120188.4638170917],[606148.5760649014,4120190.3182894187],[606148.7672004668,4120190.5069744107],[606148.9774745158,4120190.6740661664],[606150.9650654531,4120192.086198458],[606150.9694455914,4120192.0893033617],[606152.5349561172,4120193.19650689],[606152.7776666832,4120193.3481031824],[606153.036111326,4120193.470969864],[606153.3069038064,4120193.563497089],[606157.5159010291,4120194.737389113],[606157.7953180933,4120194.7983367257],[606158.0798675825,4120194.826974034],[606158.3658258364,4120194.8229262847],[606162.7178167441,4120194.511740683],[606162.9998977286,4120194.4753506193],[606163.2760199215,4120194.4071563887],[606163.5426094662,4120194.3080406324],[606167.5311814317,4120192.560859422],[606167.7247068144,4120192.4659415227],[606167.9093366939,4120192.3547062366],[606168.0836985622,4120192.227980469],[606168.2464962414,4120192.086706278],[606171.4167866396,4120189.0864160014],[606171.5672055114,4120188.9311984954],[606171.7036549977,4120188.7635684],[606171.8251151486,4120188.584778738],[606171.9306780574,4120188.396165951],[606173.887544682,4120184.515042217],[606173.9759262601,4120184.3192527085],[606174.0471738122,4120184.1165987635],[606174.1007613052,4120183.9085766114],[606174.1362930936,4120183.6967221163],[606174.6699265086,4120179.387055784],[606174.6887798206,4120179.101534867],[606174.6748833086,4120178.815729814],[606174.6284190228,4120178.533384792],[606174.015236861,4120175.7959789066],[606174.0123290491,4120175.783155859],[606173.6674952515,4120174.2808156735],[606173.5915359233,4120174.017178404],[606173.4871448051,4120173.763452324],[606173.355579174,4120173.522693287],[606171.2336623837,4120170.1004527835],[606171.0812214373,4120169.8815941033],[606170.9063320395,4120169.680221159],[606170.7109847777,4120169.4986259732],[606167.6200744223,4120166.9185470575],[606167.4100760041,4120166.7611941216],[606167.1847407484,4120166.626719943],[606166.9465512831,4120166.5166060887],[606163.1942306831,4120165.01559573],[606162.9431516433,4120164.930305086],[606162.6844510968,4120164.8720882037],[606162.4210395359,4120164.8416000465],[606158.3955840166,4120164.591007359],[606158.1297937953,4120164.588618766],[606157.8652522264,4120164.614462633],[606157.6049496941,4120164.6682468206],[606153.6964574516,4120165.6951930807],[606153.4475419238,4120165.7747150618],[606153.2082867085,4120165.8797846925],[606152.9813057233,4120166.009254063],[606149.5907092859,4120168.1856503836],[606149.3745048778,4120168.341296816],[606149.1760902597,4120168.5190657596],[606148.9977184741,4120168.716938608],[606146.4646850163,4120171.8473445494],[606146.3078103029,4120172.063958782],[606146.1749738285,4120172.296092089],[606146.0676959094,4120172.5410876996],[606144.653583391,4120176.307015506],[606144.5737649243,4120176.5594629305],[606144.5210923059,4120176.818936022],[606144.4961563176,4120177.082524501],[606144.3300797014,4120181.0972389677],[606144.33051631,4120181.3139606635],[606144.3497209768,4120181.529830219],[606144.38754938,4120181.743225383],[606144.8229890967,4120183.7014491376],[606137.1072989311,4120184.7655566856],[606125.6918984877,4120184.397730492],[606106.0221127431,4120179.472915819],[606106.0167906599,4120179.4715895066],[606087.0688873105,4120174.771668258],[606086.7556819433,4120174.714858519],[606075.5115829188,4120173.4077977855],[606075.4467302359,4120173.4011148713],[606066.2552340586,4120172.5749234646],[606065.993519658,4120172.5651720827],[606065.7322211895,4120172.582853355],[606065.4742062272,4120172.6277732407],[606065.2223063102,4120172.699438775],[606053.2088205536,4120176.8087178045],[606052.9972362116,4120176.8920211266],[606052.7940962896,4120176.994205026],[606052.6010814009,4120177.114424118],[606042.9068097932,4120183.7829161915],[606042.7442458476,4120183.9047595668],[606028.3724948794,4120195.6179698296],[606023.0199241512,4120199.5032317312],[606022.9097090347,4120199.588011749],[606021.15273286,4120201.0190233234],[606017.7123596868,4120203.372624332],[606005.0503763838,4120211.8738144743],[605995.5716338779,4120216.4791659964],[605982.7989397463,4120220.0359956543],[605971.1578786707,4120220.1890327954],[605961.2764931238,4120219.565417622],[605957.0840775488,4120218.8534744955],[605952.1464225568,4120215.0206027827],[605944.7242506406,4120207.908477945],[605937.9166718055,4120196.2709944956],[605937.8709088431,4120196.1958305356],[605930.1362967582,4120183.9813087117],[605930.0304909128,4120183.8272747565],[605917.4568672392,4120166.913566047],[605917.2877918314,4120166.7096524653],[605901.7581323558,4120149.880764171],[605901.593403214,4120149.7180630337],[605901.4143284439,4120149.571299356],[605891.6597425677,4120142.305014731],[605886.5647670416,4120138.4818015727],[605886.3817848094,4120138.3567745876],[605886.1884491731,4120138.2484437237],[605882.820092002,4120136.552668806],[605872.2731067113,4120131.24849092],[605871.9953166542,4120131.1292462046],[605860.3790757376,4120126.954980443],[605860.1270294916,4120126.879131816],[605845.6189148866,4120123.334221321],[605845.4153780566,4120123.2933620736],[605845.2091529829,4120123.2695306176],[605834.3046871297,4120122.466401429],[605834.1235321141,4120122.459649456],[605830.299039064,4120122.4558615163],[605830.293886008,4120122.4558617235],[605825.4244854407,4120122.461075786],[605818.8603478587,4120122.4560489967],[605798.6138641397,4120122.442519333],[605786.7670899625,4120120.2837017253],[605775.1903938294,4120115.8469239264],[605772.1812455347,4120114.602117659],[605771.9813932033,4120114.5072140764],[605773.5043480092,4120111.226777803],[605784.3584006102,4120089.4577230816],[605785.8243812063,4120086.513001864],[605797.5554245058,4120062.994760476],[605804.5109443369,4120052.423948205],[605809.2359293612,4120045.26270266],[605814.8912185556,4120041.0385074522],[605823.3994764708,4120037.48345302],[605831.5390761928,4120036.590304839],[605842.6600595341,4120037.253076009],[605842.8778592111,4120037.256549507],[605846.9317554545,4120037.1445017494],[605857.5367447664,4120037.553359342],[605857.7695385515,4120037.551486973],[605858.0011488418,4120037.527968353],[605858.2295672446,4120037.4830074213],[605865.1458743078,4120035.7836645814],[605865.4831640784,4120035.6749275015],[605872.0455080929,4120033.0325064594],[605880.8987713557,4120029.5644512577],[605881.1089585634,4120029.47073963],[605881.3096379819,4120029.358097265],[605881.4991091174,4120029.227478659],[605891.9459043787,4120021.292222862],[605891.9507249165,4120021.2885520207],[605900.2297351083,4120014.968217889],[605900.2485425964,4120014.9537180346],[605902.9726705203,4120012.8328145556],[605904.3006191553,4120011.9636004576],[605904.5497849302,4120011.777378465],[605905.6440985946,4120010.8479979485],[605905.6488429239,4120010.8439584887],[605920.7906933216,4119997.919164071],[605921.0053368337,4119997.7126156134],[605925.6091969059,4119992.720934499],[605929.3846408111,4119988.9027634826],[605933.8150494267,4119987.369322289],[605942.9700676468,4119986.4577294337],[605955.4154750735,4119987.680989008],[605955.5908452261,4119987.6920211096],[605963.6897958539,4119987.9162098034],[605964.0102571063,4119987.904506201],[605973.5795306409,4119986.9377653114],[605973.9415202943,4119986.874038049],[605984.383816135,4119984.231703789],[605984.5807475344,4119984.173164127],[605984.7722072747,4119984.098652142],[605990.5060428195,4119981.5912369727],[605998.6209281594,4119978.1483582705],[605998.8846860358,4119978.0176273584],[606008.9938310964,4119972.2420032527],[606009.0820892606,4119972.1891411114],[606015.307534003,4119968.2841633544],[606012.6506565138,4119964.048481354],[606006.4687969037,4119967.926119864],[605996.5323486857,4119973.603077659],[605988.5405460967,4119976.9937364017],[605988.515303264,4119977.0046102284],[605982.9575908423,4119979.435006483],[605972.8936176358,4119981.9816094143],[605963.6675421628,4119982.913678539],[605955.8170772922,4119982.69636823],[605943.213018365,4119981.4575147936],[605942.9668835157,4119981.445525935],[605942.7207640975,4119981.4578275103],[605933.0272812576,4119982.423036916],[605932.7386194529,4119982.468951092],[605932.4572894961,4119982.5482429857],[605927.1988044477,4119984.3682957822],[605926.9862159038,4119984.4529582234],[605926.7822589666,4119984.556703998],[605926.5886423587,4119984.678663938],[605926.4069881723,4119984.8178162808],[605926.2388182811,4119984.9729952277],[605922.0232651551,4119989.236256229],[605921.9632366147,4119989.2991129486],[605917.4310667699,4119994.213064777],[605902.4050715046,4120007.038967466],[605901.4319113684,4120007.865454514],[605900.1485798918,4120008.7054642723],[605899.9819246634,4120008.8245796],[605897.1862805327,4120011.0011629057],[605888.9191166282,4120017.3124533845],[605878.7514808992,4120025.0356630716],[605870.2108124134,4120028.381266708],[605870.1888618242,4120028.3899851516],[605863.7803448021,4120030.9704655698],[605857.3780096237,4120032.5435250574],[605847.0417017952,4120032.145026029],[605846.8763176063,4120032.144124531],[605842.8486899263,4120032.2554462384],[605831.6253807746,4120031.586576813],[605831.414453102,4120031.582922831],[605831.2039683347,4120031.5970648727],[605822.4956685295,4120032.5526158083],[605822.2599499201,4120032.5899405717],[605822.0288644067,4120032.6495718244],[605821.8045178774,4120032.730966146],[605812.6786638779,4120036.544074309],[605812.4931422127,4120036.630678009],[605812.3153292404,4120036.732172028],[605812.1464175452,4120036.8478756505],[605805.8937388379,4120041.5182885197],[605805.7262856137,4120041.6550349584],[605805.571273018,4120041.8057375327],[605805.4298603014,4120041.9692692244],[605805.3031050083,4120042.1444070744],[605800.3366453522,4120049.671634548],[605800.3349128261,4120049.674263987],[605793.2964726831,4120060.371096322],[605793.1477859314,4120060.6293838844],[605781.3496758032,4120084.282079968],[605779.8834191533,4120087.227355052],[605769.0141560052,4120109.0269162804],[605768.9839252869,4120109.0897253086],[605767.4403684303,4120112.414538285],[605764.634367496,4120111.160600508],[605763.9445522439,4120110.7925882027],[605763.938902778,4120110.789583528],[605757.5673042178,4120107.41129513],[605754.6742963877,4120105.594688393],[605747.0978486565,4120100.6057817326],[605742.0993496565,4120094.8583303755],[605731.3883721654,4120082.04799132],[605729.9206284891,4120080.2947244486],[605713.6658581636,4120048.0398114724],[605708.211630225,4120033.2019161293],[605706.2730231852,4120022.7005650187],[605706.2339228763,4120022.5245691934],[605699.4028833195,4119996.285025389],[605699.3805600227,4119996.2047836357],[605698.529328869,4119993.331270811],[605698.5276779891,4119993.3257215153],[605690.3794050632,4119966.0515748905],[605684.5162556573,4119946.256930231],[605682.2960300294,4119937.070048478],[605681.2084266983,4119932.564208627],[605680.2881414678,4119928.731635539],[605680.1835352998,4119926.0691019148],[605679.6139271911,4119911.8181216293],[605679.8818984911,4119905.7684192057],[605680.2575807729,4119897.2515294645],[605686.0129862666,4119884.718507881],[605687.9718297761,4119883.5195553405],[605690.0431518566,4119882.260491879],[605690.2722439457,4119882.10315988],[605690.4824575845,4119881.921372175],[605690.6711949849,4119881.7173752706],[605694.1584353179,4119877.5003192155],[605694.3228854846,4119877.2773647383],[605694.4616567016,4119877.0375833684],[605694.5730448018,4119876.7839197186],[605696.4921472894,4119871.659448996],[605696.5751465681,4119871.3935827306],[605696.6280570534,4119871.120133956],[605696.6502220313,4119870.842496665],[605696.7811271233,4119865.37374553],[605696.7722139844,4119865.094711455],[605696.7322451393,4119864.818410984],[605696.6617190117,4119864.5482896697],[605694.9878756395,4119859.3453377457],[605694.9070267724,4119859.128891875],[605694.806540405,4119858.920834565],[605694.6872748575,4119858.72294297],[605692.5882108628,4119855.5785253574],[605692.4124564867,4119855.345869323],[605692.2108086142,4119855.135259336],[605689.4390479643,4119852.559380774],[605689.2501757902,4119852.4004891785],[605689.0465562794,4119852.260996053],[605686.6513707871,4119850.788372657],[605686.472560288,4119850.688293319],[605686.2861543308,4119850.6031940393],[605685.191403624,4119850.1566757183],[605685.1799016165,4119850.152017632],[605684.4652740597,4119849.864670002],[605681.2203322657,4119844.3003906393],[605674.4744092482,4119832.4570375923],[605673.5261702434,4119828.722034246],[605673.5112788463,4119828.666101701],[605650.7853486787,4119747.1159855803],[605649.0608964309,4119740.6179691],[605649.0003729698,4119740.422541907],[605648.9240729966,4119740.232717801],[605641.5169284925,4119723.7838921184],[605641.4113141723,4119723.575868819],[605641.2867682768,4119723.378596424],[605641.144375413,4119723.1937928796],[605628.2426826436,4119707.9746955535],[605625.4249235364,4119704.1267233295],[605625.2739054381,4119703.940012451],[605619.8903371468,4119697.9018671047],[605611.9363430982,4119685.572109664],[605604.7329503098,4119667.505320175],[605602.3716092858,4119653.859631725],[605601.8428622431,4119642.6454579523],[605603.354980127,4119631.0799625367],[605604.9326321717,4119623.033464901],[605604.9471247587,4119622.9525191323],[605605.8321516827,4119617.493247249],[605605.8543593317,4119617.3166792337],[605607.350596619,4119600.6468980755],[605607.359653461,4119600.354372614],[605607.0180888695,4119587.9889886715],[605606.9978992492,4119587.7335699243],[605606.951673158,4119587.4815590004],[605603.6313112188,4119573.469803928],[605603.5996798887,4119573.3497007107],[605586.3498070067,4119513.8907136405],[605586.3350249905,4119513.841646221],[605584.9702220625,4119509.473911048],[605584.8660954131,4119494.6427824832],[605586.338397422,4119493.2911642496],[605586.4963014054,4119493.1326087005],[605586.6393950006,4119492.9605687256],[605588.5073085321,4119490.498503825],[605588.6324962401,4119490.317465011],[605588.7412750506,4119490.126116677],[605590.151422744,4119487.3698013513],[605590.2440820099,4119487.166825515],[605590.3182746564,4119486.9563964754],[605590.949187422,4119484.8750979155],[605593.0428161034,4119483.5311397035],[605599.7020123426,4119480.86376637],[605613.6317393575,4119477.7090391056],[605619.1241380204,4119478.7144323005],[605653.8724138592,4119488.724741065],[605663.2784513012,4119491.867343034],[605663.5251818822,4119491.935947674],[605663.7776363522,4119491.978951357],[605664.033165653,4119491.9959028363],[605664.2890884613,4119491.986624237],[605664.5427193247,4119491.951212921],[605664.7913968409,4119491.890040467],[605672.2206940973,4119489.653265609],[605672.4629921155,4119489.5664803404],[605672.6950835753,4119489.455243805],[605672.914508678,4119489.3207349326],[605673.1189418683,4119489.164379302],[605678.8957331713,4119484.254854886],[605679.0642401802,4119484.0977115035],[605679.2175639629,4119483.9257217585],[605679.3544021588,4119483.7403465635],[605681.2175183274,4119480.956453064],[605681.2193836544,4119480.9536618143],[605684.6925738121,4119475.748866293],[605684.6999839452,4119475.737697004],[605690.1987051395,4119467.401050573],[605692.4361708644,4119464.764872176],[605698.3362777095,4119459.2972772163],[605701.7446375391,4119457.489376163],[605707.8907382078,4119454.2429805812],[605730.5273529007,4119447.388094644],[605755.7996081513,4119439.7502779383],[605777.0811002161,4119433.3161511156],[605780.7404260659,4119432.2109922315],[605788.3857952132,4119434.239229778],[605793.1828359284,4119437.001007873],[605793.3988382767,4119437.1117673987],[605793.6245642013,4119437.2010562215],[605793.8578855695,4119437.2680325313],[605794.096602639,4119437.312064879],[605794.3384647974,4119437.33273813],[605800.3170273367,4119437.5522510186],[605800.5331988994,4119437.55083539],[605800.7484399935,4119437.5307500744],[605800.9611412304,4119437.4921452524],[605805.7403098178,4119436.40941014],[605805.9699137624,4119436.34575084],[605806.192414694,4119436.260522832],[605806.4057915751,4119436.154500266],[605806.6081062444,4119436.0286461744],[605808.9446227557,4119434.4158340925],[605809.13122585,4119434.2736539817],[605809.3036800198,4119434.114608523],[605809.460466678,4119433.94009823],[605809.6002052015,4119433.7516597947],[605811.734593424,4119430.5717478897],[605811.8426895153,4119430.3953401283],[605811.9358289805,4119430.210598408],[605812.0133739341,4119430.018787971],[605813.3380151716,4119426.3071629587],[605813.4078823678,4119426.07695949],[605813.4552994977,4119425.841106404],[605813.479827478,4119425.6017877036],[605813.4812391794,4119425.361219482],[605813.3239543518,4119421.642032676],[605813.2978135123,4119421.3720813114],[605813.2425837703,4119421.1065502246],[605812.1496513701,4119416.9872185276],[605812.0706429569,4119416.7414184795],[605811.9667048963,4119416.5050778934],[605811.8389457499,4119416.2807174837],[605810.5104887489,4119414.204960254],[605809.5216296838,4119412.64391591],[605809.3791073421,4119412.4417869425],[605809.217310443,4119412.2547294633],[605809.0378224924,4119412.084574202],[605808.8424001384,4119411.9329864695],[605808.6329559791,4119411.8014498535],[605808.4115398441,4119411.6912517026],[605803.2396242279,4119409.4291038546],[605802.9717674511,4119409.3297621086],[605802.6943259459,4119409.261628075],[605790.9044501819,4119407.071790901],[605787.2897518699,4119405.351693977],[605781.9370061812,4119401.4569845838],[605781.7333139708,4119401.323448891],[605781.5175942124,4119401.210368018],[605781.2918944245,4119401.1188152814],[605781.0583568519,4119401.049659659],[605780.8191981324,4119401.0035575465],[605780.5766882572,4119400.980946525],[605780.3331290251,4119400.9820412085],[605780.0908321949,4119401.006831207],[605779.8520975437,4119401.055081224],[605767.0854940698,4119404.2898195633],[605766.8356515174,4119404.3672388173],[605766.5952653085,4119404.4703383446],[605766.3669668086,4119404.597989576],[605766.1532550658,4119404.748795189],[605765.9564694557,4119404.921104404],[605758.1400723391,4119412.523455944],[605757.9788833143,4119412.695763166],[605757.8346563157,4119412.8824989507],[605757.7086760409,4119413.0819999552],[605751.5737704497,4119423.8960207165],[605749.2550331206,4119426.6907433663],[605749.2510212037,4119426.6955912434],[605747.721339984,4119428.5487544355],[605743.4022567396,4119433.750276164],[605728.772476053,4119442.69528503],[605706.2113104797,4119449.527323244],[605705.9854033486,4119449.6077493224],[605705.7682409149,4119449.7094491916],[605699.4074474794,4119453.0692463736],[605699.4036032268,4119453.071281203],[605695.7049501137,4119455.033162927],[605695.5184080629,4119455.1427053614],[605695.3420343178,4119455.2679642285],[605695.1771494941,4119455.40800164],[605688.9277751406,4119461.199260784],[605688.7210334229,4119461.41521862],[605686.2889262869,4119464.280723204],[605686.1080242054,4119464.52196338],[605680.5298295105,4119472.979100094],[605677.06129111,4119478.1769246627],[605675.3926375835,4119480.6702494393],[605670.2790332844,4119485.0161507963],[605664.1100128795,4119486.873487939],[605655.407092369,4119483.96580069],[605655.3069339158,4119483.934657159],[605620.3887125631,4119473.875390366],[605620.1468052379,4119473.818553689],[605614.1649240692,4119472.723559864],[605583.2200786367,4119463.431782951],[605580.8331032046,4119461.952481037],[605580.6367119958,4119461.842681571],[605580.431244195,4119461.750984175],[605577.5171151758,4119460.604761513],[605577.3073343827,4119460.532818175],[605577.092003224,4119460.4797491906],[605574.0114708727,4119459.8640513425],[605573.7920790367,4119459.830252023],[605573.5705538946,4119459.816046984],[605570.8546792943,4119459.762739659],[605567.4039243822,4119458.478171525],[605563.1979086465,4119455.9215443637],[605556.2383197688,4119449.2737236884],[605548.887002856,4119437.233463996],[605546.7071134947,4119428.467168513],[605543.3361053866,4119414.931481105],[605536.8060571986,4119388.674187793],[605533.5874782888,4119375.7290484514],[605533.5861390046,4119375.723687156],[605532.581139804,4119371.719396624],[605529.8280137553,4119360.636022151],[605529.0253482917,4119357.407564909],[605526.9719243938,4119349.1692150524],[605524.5461417497,4119349.7738459846],[605526.9300461955,4119349.020852231],[605521.670353581,4119332.3691807585],[605520.6519645994,4119328.6310780044],[605518.7882267772,4119320.6576596308],[605516.0165263566,4119307.9899593033],[605514.47543504,4119297.291322906],[605514.7259011561,4119286.3405197207],[605515.0563513252,4119278.3452131855],[605515.056597512,4119278.1448762473],[605514.9197866026,4119274.6250668066],[605516.5399650645,4119265.8190402864],[605518.5548314925,4119256.289912482],[605523.4399070668,4119244.061649497],[605528.7418348504,4119231.6043097344],[605528.8384806843,4119231.3355808742],[605532.6287822728,4119218.5449578497],[605532.6757591456,4119218.3610765757],[605532.7086513941,4119218.1741614896],[605534.1936154889,4119207.340799187],[605534.213243365,4119207.1341460147],[605534.6894632191,4119198.1855547936],[605534.6842356308,4119197.843596223],[605533.912257656,4119188.646313871],[605533.8957850719,4119188.5011190567],[605532.8024737331,4119180.8643554924],[605532.7542977802,4119180.6172762206],[605530.4399045527,4119171.278570826],[605530.4256437653,4119171.223700094],[605525.654266111,4119153.6843896788],[605524.3832871671,4119145.1740282187],[605523.5799816067,4119137.1404610416],[605526.4806363565,4119132.2401307896],[605526.5957098687,4119132.0218140073],[605526.6886978201,4119131.7932152944],[605529.3311326171,4119124.250169137],[605536.1192667749,4119112.796653677],[605538.9478563473,4119109.859547763],[605539.0714294112,4119109.721322514],[605539.184418399,4119109.574319078],[605546.1409624628,4119099.793208726],[605558.3608775462,4119094.2044059588],[605572.1086868194,4119090.1014207886],[605573.4460147653,4119089.7017704397],[605589.9140682783,4119085.0426564813],[605655.7770113663,4119066.407709814],[605655.9624818327,4119066.347325883],[605656.1426801627,4119066.272666156],[605659.1372936248,4119064.892707208],[605673.1334472093,4119062.0453620194],[605673.1327657559,4119062.0420123287],[605673.279239274,4119062.0111250393],[605676.974655295,4119061.0256465],[605677.2224646865,4119060.94552171],[605677.460593597,4119060.840050868],[605677.6864576808,4119060.7103786194],[605680.889623836,4119058.6423882023],[605681.1016059676,4119058.4892504686],[605681.2964314359,4119058.314806706],[605681.4719684577,4119058.120965679],[605683.8786802416,4119055.1663681567],[605684.03371515,4119054.954168485],[605684.1656177585,4119054.726866428],[605684.2729305008,4119054.486973746],[605685.6398403924,4119050.942304089],[605685.7212686343,4119050.692875811],[605685.7761061402,4119050.4362868937],[605685.803748864,4119050.175363716],[605685.8965797679,4119048.4270477104],[605686.0107733827,4119046.39050056],[605686.0115919353,4119046.126033174],[605685.9844677383,4119045.8629591414],[605685.9297043384,4119045.6042225217],[605684.9464267167,4119041.930137432],[605684.8648700096,4119041.6792395897],[605684.7573275086,4119041.4383333125],[605684.6249968281,4119041.21010138],[605682.544015344,4119038.02154032],[605682.3912637248,4119037.8120815367],[605682.2176424412,4119037.6195674096],[605682.0250184372,4119037.4460680373],[605679.0644006206,4119035.0453689927],[605678.851582788,4119034.890627404],[605678.6236795598,4119034.7591112168],[605678.3832156071,4119034.6522773434],[605674.8149678482,4119033.286975797],[605674.5676761783,4119033.20682674],[605674.3133985926,4119033.1527901706],[605674.0548844235,4119033.125450351],[605670.2501556417,4119032.9222705117],[605669.9909665169,4119032.921884288],[605669.7331303724,4119032.9483356425],[605669.4794186023,4119033.0013402584],[605665.7841328146,4119033.9757273262],[605665.5339217697,4119034.055985323],[605665.2935168584,4119034.162062614],[605665.0655739552,4119034.2927873093],[605661.8624037557,4119036.3607827555],[605661.6504211331,4119036.5139210634],[605661.455595288,4119036.688365506],[605661.2800580191,4119036.882207299],[605658.8733489194,4119039.8368100645],[605658.7183138704,4119040.0490106307],[605658.5864112892,4119040.2763136355],[605658.4790987509,4119040.516207291],[605657.1121972371,4119044.0608803844],[605657.0310890282,4119044.3091237824],[605656.9763202363,4119044.564473945],[605656.9484885276,4119044.824144356],[605656.7409312704,4119048.6275062216],[605656.7407234162,4119048.739958141],[605656.7373302937,4119048.7399258264],[605656.6829852351,4119054.4463058333],[605656.0160460132,4119060.82568423],[605654.22765703,4119061.649798397],[605588.552887905,4119080.2315040217],[605572.0671909183,4119084.895609642],[605572.0319473287,4119084.9058607137],[605570.6783422607,4119085.310375532],[605556.7643024866,4119089.4629716086],[605556.439464439,4119089.585052834],[605543.4521581967,4119095.5248234933],[605544.4919509038,4119097.798329844],[605543.1850965128,4119095.6671021227],[605537.0319160847,4119099.440190648],[605536.8582312304,4119099.5569696752],[605536.6949228881,4119099.6878671735],[605536.5431356211,4119099.8319657347],[605532.3801861439,4119104.129373453],[605529.0607102355,4119107.562480064],[605529.040777911,4119107.5833341535],[605522.0478682857,4119114.9846532512],[605516.0677217756,4119119.257818321],[605505.831548913,4119120.914916586],[605502.7634352917,4119119.294248041],[605502.579906997,4119119.2066569296],[605499.2450152722,4119117.7785320072],[605481.6810038253,4119110.224306359],[605474.2366001136,4119107.029899688],[605469.7534746181,4119104.776412843],[605462.4642046691,4119101.120169411],[605453.0907524948,4119094.089204813],[605444.4893199536,4119085.587961113],[605437.7520497054,4119075.203880436],[605437.0,4119073.2555710617],[605437.0,4119083.2311191745],[605440.4421559188,4119088.536476307],[605440.6008253396,4119088.754339682],[605440.782025866,4119088.9538561087],[605449.6970687952,4119097.7650572867],[605449.9543303325,4119097.986875461],[605459.6430743072,4119105.254338357],[605459.8274490901,4119105.380178646]],[[605579.8175370779,4119497.964749811],[605579.8890341945,4119497.927586435],[605579.9260093609,4119503.194090727],[605576.291952888,4119499.0715366886],[605579.5368149696,4119498.07020005],[605579.8175370779,4119497.964749811]],[[605514.968795089,4119329.374643668],[605515.1432827542,4119329.1354001896],[605515.5019505144,4119328.56587854],[605515.6937205645,4119329.3863066183],[605515.5458490165,4119329.3669916694],[605515.2603772731,4119329.3625323363],[605514.968795089,4119329.374643668]],[[605525.5157658719,4119118.59470242],[605529.1512381298,4119114.7469063387],[605525.1310790825,4119121.530059519],[605520.0232906956,4119125.6768590184],[605517.5416994812,4119126.3781324932],[605519.0213273994,4119123.2926052287],[605525.1520361193,4119118.911854638],[605525.3415714897,4119118.7620755252],[605525.5157658719,4119118.59470242]],[[605520.556601985,4119132.432278669],[605519.2893867913,4119131.080062107],[605521.7723557515,4119130.3783992953],[605520.556601985,4119132.432278669]],[[605516.0805686013,4119340.253976474],[605516.1726991679,4119340.1982749277],[605516.3623096419,4119340.0576135432],[605518.3435803535,4119338.437345986],[605519.8051298856,4119343.0644686013],[605516.0805686013,4119340.253976474]],[[605563.1144063972,4119461.722030469],[605559.0012692143,4119464.2030059523],[605558.7852616139,4119464.3491872246],[605558.5856597504,4119464.5170780933],[605558.4046361941,4119464.7048511473],[605555.5053856944,4119468.0446031475],[605552.0780245257,4119452.0547718303],[605552.1412916627,4119452.1583930957],[605552.2621429787,4119452.338300277],[605552.3981219796,4119452.5070644487],[605552.5482067205,4119452.663417271],[605559.9405821415,4119459.7246369817],[605560.1458218816,4119459.900480061],[605560.3688443233,4119460.053140239],[605563.1144063972,4119461.722030469]],[[605591.6377767695,4119478.507769095],[605591.641876022,4119478.270505559],[605591.623461231,4119478.0339222024],[605591.5826983089,4119477.800150576],[605590.507182102,4119472.9931095755],[605590.4446317863,4119472.764849769],[605590.3607766335,4119472.5435278434],[605590.2563681876,4119472.331127378],[605589.2206109305,4119470.4540964677],[605603.7567510414,4119474.818848309],[605598.4042573174,4119476.0310513815],[605598.2132390426,4119476.082333844],[605598.0268724777,4119476.1485560145],[605591.6244641745,4119478.7130716955],[605591.6377767695,4119478.507769095]],[[605585.7058858918,4119474.433734224],[605586.6250571127,4119478.541988211],[605586.3477022197,4119482.8192670504],[605585.598213046,4119485.291733646],[605584.3905372886,4119487.6522914898],[605582.7917064546,4119489.7596830856],[605580.8555662312,4119491.5371189737],[605577.7743641033,4119493.381418613],[605574.370172872,4119494.431922862],[605570.7972228886,4119494.664830961],[605567.9230739529,4119494.223414495],[605565.1554030541,4119493.226724367],[605562.6392701787,4119491.7197053893],[605560.4680619009,4119489.7639165353],[605558.7284035098,4119487.4257067083],[605557.4686076902,4119484.785162831],[605556.7446974202,4119481.955796791],[605556.5913250159,4119479.047548355],[605556.9893983232,4119476.2298326213],[605558.8402565509,4119471.830228055],[605561.921688465,4119468.2806146634],[605565.9648146803,4119465.841868624],[605570.6420028782,4119464.7595282933],[605573.2498365212,4119464.810714985],[605575.8939306079,4119465.339183072],[605578.3910404284,4119466.321378386],[605580.6233179315,4119467.704807951],[605583.6646303129,4119470.73450857],[605585.7058858918,4119474.433734224]],[[605677.8567420759,4119890.4984024116],[605676.166502203,4119886.567245726],[605679.6764798005,4119886.53572555],[605677.8567420759,4119890.4984024116]],[[605672.583454633,4119849.372922532],[605672.3637316391,4119849.4572154614],[605672.1983489243,4119849.52976592],[605673.5198586817,4119840.8834769954],[605676.8819960314,4119846.7861502874],[605676.8947197404,4119846.8082260787],[605677.9580526504,4119848.63158124],[605677.7349523008,4119848.650157043],[605673.0417497102,4119849.2679996206],[605672.8101302079,4119849.309663732],[605672.583454633,4119849.372922532]],[[605691.7724377308,4119865.676923829],[605691.6617508276,4119870.301030642],[605690.0378030202,4119874.637366532],[605687.0862863875,4119878.2065816987],[605685.3714336584,4119879.2489634864],[605685.3648744798,4119879.252964332],[605683.0667663979,4119880.6595710916],[605679.7440819227,4119881.534916867],[605676.2485264856,4119881.56630753],[605672.8613325136,4119880.7453160305],[605669.4524777323,4119878.887441965],[605666.6967278824,4119876.1919453624],[605664.7841897465,4119872.849644393],[605663.8544069814,4119869.117679519],[605663.9129728097,4119867.393465693],[605663.9854175932,4119865.269049328],[605664.2663081385,4119864.3966499506],[605664.2676160563,4119864.3925758274],[605665.158171061,4119861.610345748],[605667.3523619617,4119858.3247040934],[605668.3519858031,4119857.4837577255],[605670.3720565614,4119855.79087779],[605674.0468127022,4119854.178827568],[605678.029487885,4119853.6545232674],[605682.0683083865,4119854.28992639],[605683.3088192147,4119854.7887286586],[605684.2076082387,4119855.1553196674],[605686.2167644674,4119856.3906020615],[605688.5923794433,4119858.5983308163],[605690.3349880935,4119861.208774969],[605691.7724377308,4119865.676923829]],[[605661.3327344129,4119058.057164942],[605662.6058186322,4119059.084660198],[605661.1953142955,4119059.371609946],[605661.3327344129,4119058.057164942]],[[605664.9068043681,4119040.3467837973],[605667.4434715402,4119038.7090886906],[605670.3750955361,4119037.9360668804],[605673.3955071782,4119038.097362675],[605676.2245213946,4119039.1798148323],[605678.5712125049,4119041.082694385],[605680.2196254721,4119043.608457078],[605680.9962070687,4119046.510208122],[605680.9042139399,4119048.150828262],[605680.9038097962,4119048.158232246],[605680.8318346554,4119049.513764568],[605679.7508685999,4119052.316924894],[605677.8452262966,4119054.6563849263],[605675.305552522,4119056.296019205],[605672.3766186691,4119057.077095392],[605670.9926371839,4119056.9993904918],[605670.979785702,4119056.998702113],[605669.3570045896,4119056.9159676023],[605666.5275144468,4119055.824493418],[605664.1791080494,4119053.9291149373],[605662.532292624,4119051.4058089415],[605661.7552086614,4119048.5022103246],[605661.9195273435,4119045.4911693335],[605663.0011653769,4119042.686246524],[605664.9068043681,4119040.3467837973]],[[605761.8817051703,4119415.8592067603],[605768.9626107683,4119408.9722059118],[605779.9434542425,4119406.189934538],[605784.5353906334,4119409.5310717477],[605784.7282577707,4119409.658205541],[605784.9320361754,4119409.766994768],[605789.0517035316,4119411.7273871815],[605789.2515296862,4119411.812045205],[605789.457944988,4119411.87905413],[605789.669393975,4119411.9279090054],[605801.4989831998,4119414.125122509],[605805.7070859222,4119415.9657075503],[605806.2897415487,4119416.885506238],[605806.2959771347,4119416.895299555],[605807.4170209705,4119418.6469669747],[605808.3399297912,4119422.125468991],[605808.465111904,4119425.085548928],[605807.4091690512,4119428.044285069],[605805.7133792667,4119430.5707524046],[605804.1648941116,4119431.6396151986],[605800.1745088294,4119432.543649065],[605795.1408284458,4119432.3588290997],[605790.5938836082,4119429.741037549],[605790.3993517065,4119429.6401239783],[605790.1967296797,4119429.5566343153],[605789.9875745146,4119429.491210111],[605781.3373218164,4119427.1963873273],[605781.112360446,4119427.147670127],[605780.8838719133,4119427.119849737],[605780.6537931056,4119427.113161989],[605780.4240743913,4119427.127663575],[605780.196663086,4119427.1632315656],[605779.9734869457,4119427.219564453],[605775.63517523,4119428.52978495],[605756.0249395089,4119434.458633408],[605754.2204657254,4119432.0577285867],[605754.2184986351,4119432.055114878],[605752.8305741033,4119430.21346332],[605753.1050453618,4119429.880949573],[605755.5630512375,4119426.9183696345],[605755.6962876774,4119426.7425386934],[605755.8135044972,4119426.555646516],[605761.8817051703,4119415.8592067603]],[[605747.0642320305,4119437.1669399864],[605749.5520549638,4119434.170826155],[605750.2244832003,4119435.063078206],[605750.9280605196,4119435.999208281],[605747.0642320305,4119437.1669399864]],[[605637.9622278704,4120047.0605764813],[605659.2442555847,4120040.462611598],[605659.2710828065,4120040.4541287166],[605696.2381048042,4120028.535764921],[605696.3173425643,4120028.5087454612],[605701.890587725,4120026.5035329405],[605702.892300616,4120031.9297686676],[605693.8785212276,4120033.8625661395],[605693.7056565213,4120033.906133542],[605638.7185431723,4120049.8699376527],[605638.4293332109,4120049.9735560203],[605634.3493007027,4120051.7251465227],[605634.1365338444,4120050.543274229],[605634.0810003339,4120050.303290251],[605634.0021194258,4120050.0699362652],[605633.9006569124,4120049.84547772],[605633.2432182806,4120048.5633979677],[605637.9622278704,4120047.0605764813]],[[606200.2163657309,4120846.6037885724],[606200.3001344921,4120846.615282342],[606214.1263442263,4120848.274657661],[606213.8617802024,4120849.0067555206],[606213.7830711098,4120849.2685285807],[606213.7334119778,4120849.5373300444],[606213.2315870449,4120853.4368409044],[606213.211562779,4120853.709931899],[606213.2215253005,4120853.9835747513],[606213.2961802029,4120854.8000397566],[606199.2982496849,4120852.999381898],[606118.0441772825,4120840.338854438],[606086.991529267,4120831.1264104806],[606086.6580923871,4120831.0518430783],[606067.3328416902,4120828.0989926187],[606065.373074685,4120827.5527606285],[606064.4569391496,4120825.9719173415],[606125.3577097538,4120835.0396287786],[606200.2163657309,4120846.6037885724]],[[605997.6975904723,4120537.5708959596],[605997.689472177,4120537.5529838605],[605996.2991850389,4120534.5172854913],[605990.4528958133,4120521.760481602],[605958.7441404584,4120452.4981586165],[605958.738844598,4120452.4866676377],[605956.0985916791,4120446.79576522],[605984.9204662158,4120434.42128241],[605988.4396547178,4120432.9879114353],[605988.5867256264,4120432.9224117035],[605991.1946384114,4120431.65880063],[606002.4116140017,4120428.0727128894],[606002.5199964809,4120428.035302452],[606036.878738986,4120415.286637983],[606037.0470257862,4120415.2171236305],[606073.6475346063,4120398.513375217],[606073.8475368721,4120398.4110000744],[606074.0375400156,4120398.2910818453],[606074.2160093713,4120398.1545891156],[606091.5787228222,4120383.593724005],[606091.5809719898,4120383.591835538],[606093.1415066912,4120382.2800011723],[606093.2083271971,4120382.221777423],[606098.0990161523,4120377.805370136],[606102.0276355966,4120375.34449774],[606139.7413152608,4120365.724763202],[606139.836801988,4120365.6983815483],[606150.0975665819,4120362.643414172],[606150.2953632679,4120362.5753939413],[606152.384561407,4120361.7576923184],[606155.654623606,4120370.7750406144],[606155.9700367972,4120371.8999140062],[606151.356100992,4120403.42741257],[606150.6178185593,4120408.4887049943],[606150.3850649294,4120410.071027393],[606148.0924640773,4120425.756509278],[606148.09165372,4120425.7620976665],[606147.9072223,4120427.044167809],[606141.8174997326,4120468.7191471914],[606137.39859439,4120498.9223599522],[606137.3888136831,4120498.997050467],[606136.8608574835,4120503.5620034547],[606136.8603863976,4120503.5661063725],[606135.7462346457,4120513.341037744],[606131.4474463485,4120544.1807456026],[606131.4404710776,4120544.235143909],[606131.3211147272,4120545.2544839643],[606131.3204711234,4120545.260034228],[606130.776559439,4120549.996837049],[606129.6461986039,4120557.7105662487],[606128.0256347471,4120568.727513333],[606127.6673515965,4120571.128262119],[606127.6666299155,4120571.133130712],[606127.1490028233,4120574.648995488],[606125.6986241481,4120576.554209087],[606125.6966376499,4120576.5568221034],[606124.5313708698,4120578.0916905864],[606034.0268443406,4120618.5637561087],[606030.699815228,4120611.1549500288],[605997.6975904723,4120537.5708959596]],[[605619.6508961115,4120050.4472253267],[605620.6911077076,4120049.3206721083],[605622.0334452402,4120048.5274440027],[605623.4134349969,4120048.15257521],[605624.8461231021,4120048.1554665538],[605626.2385595987,4120048.537599543],[605627.469221299,4120049.2604635106],[605628.5704420437,4120050.4087624885],[605629.2816117129,4120051.795623846],[605629.5579674635,4120053.330718209],[605629.3912891004,4120054.849317951],[605628.5952781885,4120056.5759770353],[605627.2851472746,4120057.904793373],[605625.5957280666,4120058.714415935],[605623.7279795653,4120058.89542536],[605621.9020147013,4120058.4401707146],[605620.3146994736,4120057.3691336163],[605619.4055624623,4120056.210011208],[605618.8452898436,4120054.818234737],[605618.6946230807,4120053.308717003],[605618.960621299,4120051.8258621106],[605619.6508961115,4120050.4472253267]],[[606164.7208276952,4120171.0114733907],[606167.1969649073,4120173.0783820613],[606168.8871766652,4120175.804366023],[606169.1375836721,4120176.8953162483],[606169.6545236595,4120179.203071842],[606169.2275248457,4120182.6515485668],[606167.6627168178,4120185.7550884304],[606165.1260236129,4120188.1557568237],[606161.9312487012,4120189.55521777],[606158.441593524,4120189.8047427502],[606155.0679536404,4120188.8638324235],[606153.8587718026,4120188.0086414968],[606152.093268135,4120186.754296504],[606150.1485605778,4120184.6163779707],[606149.3393238636,4120180.977145041],[606149.4753215878,4120177.6895537907],[606150.6062478937,4120174.6777801397],[606152.6309650239,4120172.175568211],[606155.3494786727,4120170.4305763748],[606158.4864573376,4120169.6063433182],[606161.709819105,4120169.8070040597],[606164.7208276952,4120171.0114733907]],[[606190.485117574,4120332.5537290773],[606206.347630006,4120326.978268689],[606206.4330327811,4120328.9934416595],[606206.455802726,4120329.2403395437],[606206.5029174588,4120329.4837676384],[606206.573913544,4120329.7213315065],[606207.2678639069,4120331.683030512],[606207.3602328006,4120331.908532041],[606207.4741174043,4120332.1239693854],[606207.6084356694,4120332.3272956153],[606209.4228216186,4120334.802486709],[606209.577878628,4120334.993535009],[606209.7509650683,4120335.1684155785],[606209.940404296,4120335.3254343937],[606210.0384210565,4120335.398849228],[606208.6792593517,4120335.957304124],[606203.5732954718,4120336.6555408635],[606203.3178571606,4120336.704119428],[606203.0688460915,4120336.7789665735],[606193.4954235802,4120340.208730384],[606193.4229200295,4120340.235979964],[606152.9473446169,4120356.1680875486],[606148.5704750001,4120357.881172258],[606138.4575147079,4120360.8921334287],[606116.4639284235,4120366.5020994535],[606136.1369775323,4120354.458319065],[606151.4044101839,4120347.6173323095],[606156.0987294306,4120345.6346873646],[606168.184919669,4120340.5225714855],[606190.485117574,4120332.5537290773]],[[606213.176465699,4120322.453591907],[606214.2846165259,4120321.6063882867],[606217.0874290941,4120320.72492056],[606219.3035967166,4120320.921815589],[606220.3328783704,4120321.3144581444],[606222.8077851384,4120323.491778722],[606223.6806114961,4120325.3896065042],[606223.8613479587,4120327.561455124],[606223.2643972742,4120329.7154716174],[606222.5066817213,4120330.888224017],[606220.2686311058,4120332.6317523997],[606218.1562508554,4120333.2294700914],[606216.5064910002,4120333.1635791156],[606214.3314130183,4120332.3673026385],[606213.2355418587,4120331.5464920006],[606211.8587895503,4120329.6683221143],[606211.4126771464,4120328.4072257797],[606211.3163196258,4120326.13356347],[606211.8580747575,4120324.302935204],[606213.176465699,4120322.453591907]],[[606266.2525352469,4120419.207468778],[606265.9970791587,4120422.371525038],[606262.9670287007,4120445.071119394],[606259.2875075979,4120472.68912882],[606209.4150126752,4120466.0015552305],[606209.4054920529,4120466.000297188],[606205.8914846301,4120465.5428261617],[606210.1356299563,4120437.2416673196],[606212.89686824,4120418.8574754773],[606213.6958341956,4120413.5458418233],[606215.4817050705,4120411.125208289],[606263.4366143341,4120417.6181634227],[606266.2525352469,4120419.207468778]],[[606264.9658521716,4120390.0629482726],[606262.0895246771,4120412.390148618],[606220.985993647,4120406.824850155],[606223.7691810904,4120405.5981425154],[606227.6905881691,4120404.097476312],[606264.9658521716,4120390.0629482726]],[[606188.9659550608,4120523.4995375536],[606192.0655294886,4120523.9448758336],[606187.3905721237,4120555.019214919],[606136.0195012913,4120548.1672386713],[606136.2875118911,4120545.8331954773],[606136.4033540617,4120544.8438676028],[606140.3559657865,4120516.4876466296],[606158.8169172864,4120519.146141896],[606188.9659550608,4120523.4995375536]],[[606061.557714285,4120830.9410325405],[606061.6888728612,4120831.144051933],[606061.8390235223,4120831.333456856],[606062.0067627933,4120831.5074769207],[606062.083779658,4120831.5732818376],[606052.3187247912,4120829.993814396],[606058.7925054966,4120826.169509571],[606061.557714285,4120830.9410325405]],[[606334.3491954171,4120792.9114291356],[606334.4834208998,4120792.712021073],[606336.1090560317,4120790.026690839],[606339.4825831589,4120788.1331245434],[606340.6329468852,4120788.458213343],[606342.864265625,4120792.5813913434],[606342.4752905312,4120793.9613057417],[606340.394695892,4120794.987354841],[606336.0624791887,4120796.0964293587],[606336.682499402,4120798.518324265],[606335.3901140793,4120796.3782915133],[606273.4832665366,4120833.764402109],[606265.6521499137,4120837.949641115],[606251.7338659414,4120844.4154241257],[606250.9771579844,4120843.154946274],[606263.9435965393,4120835.5654741526],[606271.7421711185,4120831.122067381],[606271.8016477075,4120831.0870833104],[606333.6418876627,4120793.5545098316],[606333.841143277,4120793.420058145],[606334.0265652786,4120793.2670916882],[606334.1964394768,4120793.0970246056],[606334.3491954171,4120792.9114291356]],[[606218.6574701464,4120850.447850095],[606219.7803956317,4120847.340506429],[606222.7801416848,4120843.142137986],[606226.9229146652,4120840.1790364566],[606231.8133681992,4120838.7034291932],[606236.9120093519,4120838.8825030094],[606241.6853193418,4120840.690682293],[606245.6102235635,4120843.92931056],[606248.3897106596,4120848.5592102343],[606249.4005944385,4120853.3019436356],[606248.8818716059,4120858.156601735],[606246.8663050951,4120862.6026369072],[606243.5328755828,4120866.2469113404],[606240.5986750296,4120868.0764819444],[606236.0457114199,4120869.4561900455],[606231.3416016055,4120869.4062501476],[606226.8656998182,4120867.9732955107],[606223.0224534012,4120865.280741752],[606220.162760465,4120861.561814709],[606218.5294007575,4120857.122545505],[606218.2258001566,4120853.8022107556],[606218.6574701464,4120850.447850095]],[[606308.295305293,4120974.681758316],[606308.4812214284,4120974.8622078253],[606308.5149199676,4120974.888730351],[606307.8810529422,4120974.5224042707],[606303.6327840032,4120969.7057296666],[606297.2350137398,4120960.996991931],[606280.406119418,4120932.91851283],[606258.6528120433,4120895.082365538],[606267.7782108493,4120910.023008644],[606286.958523517,4120942.4626033036],[606286.962642171,4120942.4695435744],[606297.9706085671,4120960.9508390077],[606298.120416496,4120961.174099584],[606308.129063386,4120974.48303624],[606308.295305293,4120974.681758316]],[[606311.6997228237,4120976.729299901],[606315.1251898361,4120978.651095985],[606314.8767059118,4120978.565350231],[606311.6997228237,4120976.729299901]],[[606437.567585049,4120982.4379916345],[606438.1761244788,4120983.8984281523],[606437.062851171,4120983.421703189],[606432.2545753766,4120978.4478782797],[606432.0368961486,4120978.2478524093],[606431.7971270981,4120978.0749206375],[606424.9491949003,4120973.72721808],[606424.7158223102,4120973.5960310907],[606424.4697595555,4120973.490551649],[606424.213828397,4120973.411989355],[606423.9509637627,4120973.361245134],[606423.6841800915,4120973.3389009023],[606410.2381621274,4120972.9355347576],[606409.9202154819,4120972.946246768],[606369.0048064145,4120976.9418641743],[606328.7207031917,4120980.191738449],[606324.5915862664,4120980.139472761],[606329.1888803832,4120979.980057542],[606329.3632663379,4120979.967895206],[606409.7904019709,4120971.524394754],[606420.5643775495,4120971.441226714],[606428.6609468552,4120974.991482871],[606437.567585049,4120982.4379916345]]],[[[605473.9737499475,4120833.0164816882],[605474.1359794115,4120832.855719868],[605474.2828605535,4120832.680823636],[605477.3590213079,4120828.6582577745],[605477.4826350001,4120828.48126902],[605477.5905185322,4120828.2942756843],[605477.6818674316,4120828.09867215],[605477.7560005226,4120827.895917005],[605478.966225586,4120824.082941779],[605479.0347882623,4120823.817094892],[605479.0737866873,4120823.545332991],[605479.0827505377,4120823.270933543],[605478.9805965725,4120818.6869416544],[605478.9660224742,4120818.467426932],[605478.932206394,4120818.250043422],[605478.8794101988,4120818.036474512],[605478.2071192921,4120815.753322683],[605478.1349829875,4120815.5432679164],[605478.0444888284,4120815.340444204],[605477.9363510184,4120815.1464522835],[605475.5275618379,4120811.2436517044],[605475.3809971941,4120811.031501539],[605475.2133597201,4120810.8355766432],[605475.0264327805,4120810.6579613094],[605474.8222049457,4120810.500545049],[605469.6586497944,4120806.9293308053],[605469.4492732579,4120806.7992942864],[605469.2281097433,4120806.6905067405],[605468.9973088903,4120806.6040255483],[605468.7591140105,4120806.54069128],[605464.7327468061,4120805.6801212784],[605464.4625354353,4120805.6376692583],[605464.1893036293,4120805.6249909676],[605463.9163221413,4120805.6422381736],[605459.3399749036,4120806.1839762195],[605459.0960662329,4120806.225172764],[605458.8574227301,4120806.2902717167],[605458.626380757,4120806.3786357455],[605458.405202255,4120806.4893997526],[605454.1158206678,4120808.9099916145],[605454.1115860491,4120808.9123867378],[605453.307301167,4120809.3683281504],[605453.0870495555,4120809.5088811014],[605452.8826700553,4120809.671653717],[605452.6963950105,4120809.8548681056],[605451.0590799169,4120811.6429859106],[605450.9163705219,4120811.8134794845],[605450.7893733603,4120811.9959781175],[605450.6790929094,4120812.189038347],[605448.5781067403,4120816.2793344352],[605448.4779872268,4120816.499943019],[605448.3996909487,4120816.729206529],[605448.343953165,4120816.9649720136],[605447.782514124,4120819.9871722762],[605447.7496749165,4120820.2293446464],[605447.7406380046,4120820.473566277],[605447.7554897461,4120820.717503351],[605448.2572927512,4120825.273222894],[605448.3008772524,4120825.537683576],[605448.3725236588,4120825.7959583397],[605448.4714084488,4120826.0450785104],[605449.0550090855,4120827.3125905627],[605442.2320163713,4120830.49655279],[605442.0678848437,4120830.58065163],[605441.9103995847,4120830.676621242],[605437.0,4120833.9232242317],[605437.0,4120839.9172716523],[605444.5138523297,4120834.9493469414],[605451.7855774706,4120831.5559828933],[605453.6985948014,4120833.5867308644],[605453.8599558646,4120833.743279652],[605454.0347284529,4120833.8846990922],[605454.2214991476,4120834.0098455],[605456.3877270713,4120835.3241934367],[605456.5846930735,4120835.43191153],[605456.7905281179,4120835.5215258603],[605457.0035723903,4120835.5923137954],[605461.4331410546,4120836.846308314],[605461.6846748581,4120836.9036812596],[605461.9407821395,4120836.934825594],[605462.1987354215,4120836.9394096388],[605462.4557875674,4120836.9173845737],[605468.7220203303,4120836.0528847743],[605468.9768378203,4120836.0041406383],[605469.2252315975,4120835.9292508834],[605469.4645266422,4120835.829022017],[605469.6921459209,4120835.704533431],[605473.6087787456,4120833.2903643576],[605473.7975261351,4120833.1617673715],[605473.9737499475,4120833.0164816882]],[[605456.1170237407,4120813.5230548647],[605456.5752695795,4120813.2632796783],[605460.4257801134,4120811.0903523522],[605464.0927564595,4120810.6562636574],[605467.2254459254,4120811.3258246887],[605471.5476038429,4120814.315112392],[605473.5054276031,4120817.4872437543],[605473.989235209,4120819.1302917404],[605474.0747279011,4120822.9666362903],[605473.1222671102,4120825.96749085],[605470.5918171548,4120829.2764536827],[605467.5169264077,4120831.171782267],[605462.2912192978,4120831.8927294323],[605458.6916261269,4120830.8736979086],[605457.1053210003,4120829.911215223],[605454.4660358233,4120827.1095035328],[605453.182811601,4120824.3224912076],[605452.7658737047,4120820.5372366295],[605453.1929750307,4120818.2381700426],[605454.973337574,4120814.772078712],[605456.1170237407,4120813.5230548647]]],[[[605616.837120785,4120931.151646089],[605616.6764984936,4120931.0856902283],[605603.4113847007,4120926.169758917],[605603.2230282895,4120926.1083278544],[605603.0303988571,4120926.062004913],[605585.1078238954,4120922.4967630156],[605584.8120211224,4120922.4561004615],[605584.5134802625,4120922.450993726],[605558.2004281584,4120923.5738861226],[605557.9859722595,4120923.5923124948],[605557.7738962458,4120923.6291177673],[605537.2480927609,4120928.109262838],[605537.2072140869,4120928.118545102],[605520.1475415535,4120932.142953733],[605519.9681027734,4120932.1924025486],[605519.7928402666,4120932.2550644577],[605496.8300560269,4120941.442749359],[605496.5753090655,4120941.561704425],[605496.335529654,4120941.70851095],[605479.526317348,4120953.348103815],[605479.4071300944,4120953.435969307],[605454.4150543325,4120973.0286637023],[605454.3944393239,4120973.0450007967],[605437.0,4120986.979443532],[605437.0,4120993.385961431],[605457.5102335388,4120976.955499407],[605482.4336668252,4120957.4166177106],[605498.9497358667,4120945.9800128373],[605521.4770731772,4120936.966555466],[605538.334812557,4120932.9897832433],[605558.6292561573,4120928.560136846],[605584.4267382546,4120927.459246064],[605601.8601166481,4120930.927174707],[605614.8575601934,4120935.7439098433],[605633.9368060607,4120944.364337285],[605664.6319755187,4120967.0534739248],[605729.5777047811,4121015.061345815],[605752.405327494,4121032.0],[605760.7960955919,4121032.0],[605732.5553387244,4121011.0446679224],[605732.5516740864,4121011.0419538505],[605667.6040969722,4120963.0327160284],[605636.6948041063,4120940.1853044755],[605636.4735774257,4120940.0392559944],[605636.238129945,4120939.9174533393],[605616.837120785,4120931.151646089]]],[[[605439.5242664645,4121013.5310210837],[605447.3242049088,4121029.5599005925],[605447.4290157158,4121029.753189064],[605447.5504045532,4121029.9365207003],[605447.6874324395,4121030.1084773717],[605449.3358195224,4121032.0],[605455.9680198438,4121032.0],[605451.6749433246,4121027.0736987293],[605443.9317632715,4121011.161457758],[605443.8362925773,4121010.983849877],[605443.7268188448,4121010.814513777],[605437.0,4121001.2763231355],[605437.0,4121009.9517757786],[605439.5242664645,4121013.5310210837]]],[[[605793.1700307175,4120707.78330169],[605771.5000118312,4120748.821425325],[605771.3638349285,4120749.1273398767],[605757.2247793748,4120787.647305372],[605754.7103391163,4120789.918673966],[605752.3248850367,4120789.954129331],[605748.3757467398,4120785.656106846],[605741.9257668875,4120771.6930708066],[605741.2097777822,4120770.053434082],[605725.1689582937,4120727.9634077884],[605725.1464042249,4120727.9063419886],[605716.4776936139,4120706.736742168],[605716.4583366665,4120706.690783659],[605711.7677345013,4120695.8573896284],[605707.1793588134,4120697.844047261],[605711.8600533061,4120708.654558575],[605720.5076874197,4120729.772688109],[605736.5587750253,4120771.889657248],[605736.6037873894,4120771.999813968],[605737.3541063285,4120773.7180670514],[605737.3756347325,4120773.7659884198],[605744.0006518015,4120788.107948273],[605744.1210629727,4120788.336737362],[605744.2644591146,4120788.5518671926],[605744.429306616,4120788.7510369667],[605749.4010196981,4120794.1619729754],[605749.5671970682,4120794.32665177],[605749.7480407563,4120794.475075435],[605749.9419670341,4120794.6059441576],[605750.1472776029,4120794.718111863],[605750.3621744671,4120794.8105962486],[605750.5847756794,4120794.882587387],[605750.8131318223,4120794.9334548214],[605751.0452430795,4120794.9627530817],[605751.2790767499,4120794.9702255903],[605755.725249685,4120794.90414145],[605755.9816400446,4120794.887124101],[605756.2349293756,4120794.8438791996],[605756.4824419047,4120794.774863588],[605756.7215628857,4120794.680806355],[605756.9497662211,4120794.5627011294],[605757.164641149,4120794.421795586],[605757.3639177096,4120794.2595782657],[605761.0346956826,4120790.9436554573],[605761.2062692456,4120790.772873073],[605761.3605204145,4120790.586296849],[605761.4960028292,4120790.3856762475],[605761.6114461174,4120790.1728924187],[605761.7057678067,4120789.9499405646],[605775.9998010742,4120751.0077590193],[605797.3764708824,4120710.525172313],[605807.2886769765,4120701.819134418],[605808.9750033857,4120700.4667136827],[605815.4217124361,4120695.2868920253],[605812.289965653,4120691.3891796083],[605805.8459078,4120696.5668723914],[605804.1168211686,4120697.953586494],[605804.0311416961,4120698.0255089863],[605793.7309626115,4120707.072309324],[605793.5669826776,4120707.2301225304],[605793.4180336113,4120707.402194034],[605793.2853497694,4120707.58709786],[605793.1700307175,4120707.78330169]]],[[[606107.9311685394,4121032.0],[606165.7043619821,4120988.060054147],[606207.3994073223,4120956.341460266],[606204.3721546347,4120952.36204559],[606162.6774272637,4120984.080397601],[606102.5517248063,4121029.8095663195],[606030.0836414844,4120934.94251849],[606026.1102904794,4120937.9777255324],[606097.9330590396,4121032.0],[606101.0833814548,4121032.0],[606104.2175552673,4121032.0],[606107.9311685394,4121032.0]]]]}},{"type":"Feature","properties":{"class":"service","widthMeters":3},"geometry":{"type":"MultiPolygon","coordinates":[[[[605443.4102492637,4119038.1852997798],[605443.5311877583,4119038.278337998],[605443.6609524558,4119038.358608496],[605443.7982005954,4119038.425280662],[605443.9415119804,4119038.477664595],[605444.0894036738,4119038.5152182444],[605444.2403453427,4119038.537553018],[605444.3927750946,4119038.544437803],[605444.5451156386,4119038.535801358],[605444.6957906069,4119038.5117330495],[605487.1681812921,4119029.4909348744],[605529.1778634379,4119020.5754992897],[605564.4787937638,4119013.073871475],[605564.6120719695,4119013.0390835255],[605564.741597062,4119012.9922163514],[605564.8662768116,4119012.9336651633],[605569.6995355226,4119010.3867807407],[605569.8207486382,4119010.3154547866],[605569.934748718,4119010.2330897884],[605570.0405335743,4119010.1404098268],[605570.1371732401,4119010.0382296615],[605570.2238181446,4119009.927447571],[605570.2997065829,4119009.8090374526],[605570.3641714106,4119009.684040264],[605575.0453864165,4118999.456780275],[605585.7127260654,4118976.1558178836],[605588.3134747461,4118970.473890492],[605588.3656027464,4118970.3443991058],[605588.4054676183,4118970.210622652],[605588.4327241258,4118970.0737196556],[605588.4471362233,4118969.934875718],[605588.4485791,4118969.7952932487],[605588.4370402601,4118969.6561810537],[605588.0732623043,4118966.858515394],[605587.6460089165,4118963.4608637104],[605587.6041772424,4118963.250786538],[605581.5956044154,4118941.3714342057],[605574.2118668605,4118914.5035731597],[605568.0301785069,4118892.0],[605564.919048276,4118892.0],[605571.3190935472,4118915.2984709926],[605578.7027453966,4118942.166020083],[605584.6828475517,4118963.9417005647],[605585.0970981105,4118967.235949712],[605585.0978993201,4118967.2422146047],[605585.4066176364,4118969.616439372],[605582.984965469,4118974.9070896786],[605572.3175793713,4118998.208153538],[605567.8489812723,4119007.9708998525],[605563.6517403868,4119010.1826348472],[605528.5548671489,4119017.6408995446],[605486.5450280538,4119026.5563684576],[605444.8910085519,4119035.4033510983],[605441.4306198265,4119031.780057188],[605437.0,4119015.4986455683],[605437.0,4119026.9237914956],[605438.6357695116,4119032.934832356],[605438.6819689953,4119033.076438637],[605438.7419850576,4119033.2127647293],[605438.8152258941,4119033.3424663525],[605438.9009692936,4119033.464264549],[605438.9983697602,4119033.5769582945],[605443.299388402,4119038.080456569],[605443.4102492637,4119038.1852997798]]],[[[605531.064319739,4119143.3138656006],[605531.0400169046,4119143.315432812],[605521.7930587649,4119143.9871580424],[605522.0104145256,4119146.9792737607],[605531.2452275907,4119146.308430783],[605536.6716665119,4119146.0027093827],[605540.0005894641,4119148.342878821],[605542.3559530546,4119156.1236935835],[605551.3034386559,4119185.6632158426],[605551.3542121763,4119185.8048202954],[605551.4189137224,4119185.940627075],[605551.4968925469,4119186.06927028],[605551.587364364,4119186.18945606],[605551.6894192374,4119186.299975625],[605551.8020307325,4119186.3997174045],[605551.9240662392,4119186.4876782284],[605552.0542983639,4119186.5629734145],[605552.1914172738,4119186.6248456696],[605571.1341773832,4119194.053051695],[605571.2700159792,4119194.0989581267],[605571.4096171672,4119194.1316847657],[605571.551705332,4119194.150932571],[605571.6949821338,4119194.1565256636],[605571.838138371,4119194.148412937],[605571.9798659441,4119194.1266685217],[605572.1188698082,4119194.0914911083],[605604.7247581001,4119184.1595273507],[605604.7268812124,4119184.1588789197],[605650.7414622308,4119170.0680894107],[605649.8630519108,4119167.1995714465],[605603.8495322744,4119181.290035934],[605571.7437361323,4119191.0696683996],[605553.9637687794,4119184.097439439],[605545.2272414705,4119155.254381873],[605542.7220518296,4119146.9786249497],[605542.6744246673,4119146.8445747253],[605542.6143127078,4119146.7156392317],[605542.5422566329,4119146.5929781892],[605542.4589045569,4119146.477694883],[605542.365006197,4119146.3708262383],[605542.2614061295,4119146.2733334936],[605542.1490361937,4119146.1860935558],[605538.6959062777,4119143.7586089876],[605539.1396568044,4119139.7312501622],[605539.1486797774,4119139.5659656916],[605539.1394358411,4119139.4006934315],[605539.1120375674,4119139.237446058],[605537.4056312783,4119131.6595606958],[605534.4789163686,4119132.318605336],[605536.130244435,4119139.6518968637],[605535.7558777533,4119143.049546826],[605531.064319739,4119143.3138656006]]],[[[605453.3531797421,4119112.3017887417],[605453.361624932,4119112.44520124],[605453.383750815,4119112.5871481006],[605453.4193544379,4119112.726327294],[605455.3888569453,4119119.1306951507],[605463.9058883487,4119146.910670459],[605472.4301402012,4119174.6870736172],[605470.251871703,4119178.533455121],[605455.441110427,4119182.906620509],[605437.0,4119188.35927422],[605437.0,4119191.4876660747],[605456.2909294285,4119185.7837384674],[605471.6830339935,4119181.238920164],[605471.8190413968,4119181.19155233],[605471.949879209,4119181.13135937],[605472.0743412956,4119181.058896176],[605472.1912802976,4119180.974830753],[605472.2996182073,4119180.8799380623],[605472.3983563068,4119180.7750928756],[605472.4865843748,4119180.6612617136],[605472.5634890769,4119180.5394939333],[605475.358816365,4119175.6035114382],[605475.4270750013,4119175.4672737867],[605475.4811592783,4119175.3248138623],[605475.5205110478,4119175.1776018473],[605475.5447242005,4119175.027156966],[605475.5535488573,4119174.875031805],[605475.5468939481,4119174.7227962925],[605475.5248281513,4119174.5720214946],[605475.4875791854,4119174.424263403],[605466.7740532679,4119146.0311080464],[605458.2568940505,4119118.250715847],[605456.489649528,4119112.5040424373],[605458.2925650929,4119109.6534255226],[605462.3509029289,4119104.144056469],[605459.9354847699,4119102.3647995694],[605455.845580157,4119107.917021887],[605455.7855633044,4119108.0048579937],[605453.5853644715,4119111.4836254586],[605453.514475945,4119111.6085785804],[605453.4558660623,4119111.739740113],[605453.4100724316,4119111.8759069564],[605453.3775151018,4119112.0158301005],[605453.35849271,4119112.1582260784],[605453.3531797421,4119112.3017887417]]],[[[605480.8434928757,4119197.416204711],[605480.7360094748,4119197.3274573768],[605476.058763587,4119193.817865648],[605475.9331466923,4119193.7331735734],[605475.7996275052,4119193.6615846185],[605475.6595680611,4119193.603829066],[605475.5143971127,4119193.560496082],[605475.3655955552,4119193.5320277098],[605475.21468132,4119193.5187143553],[605475.0631938904,4119193.520691829],[605474.9126785962,4119193.5379399583],[605474.7646708508,4119193.5702827945],[605469.1901323736,4119195.0870720227],[605437.0,4119203.8465241925],[605437.0,4119206.9556115787],[605469.9777789183,4119197.9818281303],[605474.8447493954,4119196.6575627364],[605478.530724135,4119199.4233498615],[605499.6133279974,4119273.757726895],[605499.6609811592,4119273.8986948393],[605499.7223670691,4119274.0342476154],[605499.7968816138,4119274.163051217],[605499.8837914779,4119274.283838056],[605499.9822413608,4119274.395419442],[605500.0912623939,4119274.496697275],[605500.209781675,4119274.5866748556],[605500.3366328279,4119274.664466694],[605500.4705674802,4119274.7293072212],[605500.6102675492,4119274.7805583267],[605500.754358213,4119274.8177156365],[605500.9014214416,4119274.8404134754],[605503.8173382134,4119275.143324151],[605503.8318284021,4119275.1447583637],[605512.2704110194,4119275.9386538975],[605512.5514079737,4119272.95184277],[605504.1200739114,4119272.158629175],[605502.2222034167,4119271.9614749765],[605481.2788195248,4119198.1179685127],[605481.2345973997,4119197.9857823774],[605481.1782961058,4119197.858271848],[605481.1104018051,4119197.73653798],[605481.0315007657,4119197.6216319455],[605480.9422742988,4119197.5145459594],[605480.8434928757,4119197.416204711]]],[[[605513.0780872056,4119307.0137630296],[605504.8367176817,4119309.7772186766],[605460.0205737101,4119323.4113387647],[605437.0,4119330.4124698043],[605437.0,4119333.5481400536],[605460.8935373212,4119326.2815189925],[605505.7301157871,4119312.641182259],[605505.7704142529,4119312.6282988735],[605514.0318421588,4119309.858117348],[605513.0780872056,4119307.0137630296]]],[[[605575.7597309604,4119323.073957731],[605575.6244628762,4119323.147463103],[605575.497441363,4119323.234446029],[605575.3800044089,4119323.333990271],[605575.2733890419,4119323.4450472738],[605575.178718301,4119323.5664472124],[605569.485692365,4119331.6949702688],[605569.4102394175,4119331.81428174],[605569.3463368099,4119331.9401579937],[605561.2120371733,4119350.0245343116],[605561.1667833171,4119350.137105237],[605554.6564121405,4119368.4380580257],[605549.2686713807,4119368.2138593732],[605549.1449356418,4119368.213818318],[605549.0216175102,4119368.2239757404],[605548.8995561268,4119368.2442625207],[605543.7726484343,4119369.3153513507],[605545.9443623732,4119368.0664265137],[605545.196570498,4119366.7661160463],[605546.5560266195,4119367.40005536],[605551.9367729984,4119355.8612716896],[605559.9621037055,4119338.6636100565],[605568.5520731753,4119320.271184466],[605572.451209676,4119318.7725520455],[605592.1685160366,4119314.0624244628],[605592.2549459202,4119314.0390301733],[605602.2769006016,4119311.0025543165],[605602.4082435742,4119310.955996254],[605602.5346991704,4119310.8974504443],[605602.6551760151,4119310.8274221676],[605602.7686343323,4119310.7465158026],[605607.8147905011,4119306.782028172],[605607.9260898742,4119306.6853752555],[605608.0273649615,4119306.5782645955],[605608.1176377003,4119306.4617306115],[605608.1960362833,4119306.3368987287],[605608.2618035775,4119306.204974509],[605608.3143044366,4119306.067232008],[605608.3769246705,4119305.8750549597],[605620.823415246,4119313.608389389],[605620.9461211577,4119313.6768801273],[605621.0746980587,4119313.7335872925],[605630.7276674163,4119317.4611475286],[605630.8585306583,4119317.5048786937],[605630.9928586078,4119317.5364001924],[605631.1295146948,4119317.555445317],[605631.2673426509,4119317.5618529236],[605631.405176292,4119317.5555687957],[605631.5418493863,4119317.5366461053],[605635.1800056543,4119316.8611249384],[605634.6323359908,4119313.9115388757],[605631.4119644637,4119314.5094871144],[605622.286917669,4119310.9857877917],[605609.3342427583,4119302.9379476216],[605610.5479263054,4119299.2160145734],[605610.5864535755,4119299.074840659],[605610.6110412837,4119298.9305843967],[605610.6214554157,4119298.7846187484],[605610.617596855,4119298.6383329453],[605610.2068994157,4119293.184973579],[605610.1944676746,4119293.0746303867],[605610.1739071608,4119292.9655091995],[605609.7427166246,4119291.0663489164],[605612.5239377988,4119286.3682491877],[605615.7660782413,4119284.3606385877],[605618.2687517045,4119284.160187551],[605623.5110732655,4119284.648397114],[605623.7892550572,4119281.6613224763],[605618.4175812441,4119281.161066531],[605618.28819267,4119281.1546352287],[605618.1587317262,4119281.1593922023],[605615.1650043973,4119281.399174082],[605615.0238574012,4119281.4172505774],[605614.8850584669,4119281.448620787],[605614.7498567376,4119281.4930023886],[605614.6194689826,4119281.5499959635],[605614.4950686475,4119281.6190885883],[605610.631209557,4119284.0116821867],[605610.5121626443,4119284.093585312],[605610.4015489676,4119284.1865632874],[605610.300395036,4119284.289753265],[605610.2096395711,4119284.4021976287],[605610.1301247951,4119284.5228528804],[605608.7740007357,4119286.8136473466],[605604.4873354583,4119268.004783597],[605612.2298138096,4119258.9476584415],[605615.7388220086,4119257.7748185666],[605614.7878253235,4119254.9295408465],[605610.8843778525,4119256.234216864],[605610.7582245882,4119256.2828050177],[605610.6369581935,4119256.3425537944],[605610.5215636456,4119256.4129778887],[605610.412978228,4119256.493505287],[605610.3120839174,4119256.583481911],[605610.2197002204,4119256.6821769327],[605603.6570777638,4119264.3591106273],[605596.473878049,4119232.8116781325],[605599.332094758,4119229.2445394695],[605606.1423084652,4119228.681248577],[605605.8950149575,4119225.6914582965],[605598.4414961255,4119226.307958667],[605598.2905207891,4119226.328207169],[605598.1423775452,4119226.363663246],[605597.9985941496,4119226.41396125],[605597.8606533956,4119226.478582473],[605597.7299778239,4119226.5568604968],[605597.6079150512,4119226.647988064],[605597.4957238728,4119226.751025405],[605597.3945612819,4119226.8649099264],[605595.6229707877,4119229.0759070585],[605593.9943284021,4119221.926183188],[605595.0169006683,4119214.7124624276],[605592.0465951032,4119214.2914103526],[605590.9851929324,4119221.7790560946],[605590.9721918978,4119221.9151836094],[605590.9716420044,4119222.0519294497],[605590.9835478223,4119222.188157122],[605591.0078104025,4119222.3227344397],[605593.3880208615,4119232.771834648],[605601.3947623523,4119267.9361272627],[605606.6850894506,4119291.148817306],[605607.2237271826,4119293.5212241705],[605607.6037968824,4119298.5678995545],[605606.1173772487,4119303.126216565],[605605.6030935469,4119304.704516586],[605601.1370650087,4119308.213229813],[605591.4279153749,4119311.154931247],[605571.6574098391,4119315.8777672034],[605571.4677833662,4119315.9365742328],[605566.9109225528,4119317.6880028755],[605566.7793740067,4119317.7459420566],[605566.6539753187,4119317.816206826],[605566.5358780372,4119317.8981519346],[605566.426166661,4119317.9910248728],[605566.3258486803,4119318.0939727793],[605566.2358453249,4119318.206050274],[605566.1569831043,4119318.326228137],[605566.089986218,4119318.453402765],[605557.2438411682,4119337.3943390707],[605549.218121956,4119354.592833062],[605544.0375838417,4119365.7022784245],[605537.9372487838,4119369.2105028885],[605529.8564479288,4119370.8551642084],[605530.454762659,4119373.794895401],[605535.2504098609,4119372.818851616],[605530.5389447169,4119374.967485431],[605531.7837417884,4119377.697042218],[605543.1634787885,4119372.507385289],[605549.3303899156,4119371.219023957],[605555.2864914056,4119371.4668736565],[605560.0065817293,4119374.049206222],[605561.8624414762,4119377.0639598826],[605563.048232999,4119379.6678215843],[605563.593218906,4119380.979717532],[605563.463221921,4119396.7947517917],[605561.5362132444,4119402.6697210227],[605558.0110705364,4119406.142215551],[605556.525392566,4119407.15012908],[605550.8454565359,4119410.5012020385],[605545.2640978897,4119412.376457468],[605545.7418321355,4119413.7983470527],[605545.234406889,4119412.386780682],[605540.4026803345,4119414.123673887],[605541.4175308276,4119416.9468066283],[605546.2344659587,4119415.215230596],[605551.9499744184,4119413.2949027773],[605552.0956083032,4119413.2373489924],[605552.2344483989,4119413.1649259683],[605556.0631874946,4119410.9060300966],[605556.5191390758,4119415.595588984],[605558.0120991364,4119415.4504330074],[605556.5230522023,4119415.631372854],[605557.2513768746,4119421.6251306664],[605557.8794183412,4119429.3373949663],[605557.9036958732,4119429.510308495],[605557.9479030302,4119429.679229228],[605560.2035483476,4119436.620449126],[605563.0566808977,4119435.69328428],[605560.8552755242,4119428.918975099],[605560.2390638421,4119421.351978954],[605560.2330598121,4119421.2927872688],[605559.5033173357,4119415.2873616186],[605558.9075031744,4119409.159286376],[605559.808450292,4119408.5480659055],[605559.917640416,4119408.4665073724],[605560.0189772241,4119408.375374893],[605563.9007428153,4119404.5515836617],[605563.9975497525,4119404.446689416],[605564.0839480297,4119404.3330684514],[605564.159155286,4119404.2117496384],[605564.2224904987,4119404.0838315524],[605564.2733801493,4119403.950472528],[605566.3865404085,4119397.507973512],[605564.9612527931,4119397.040474621],[605566.4612021213,4119397.0528039583],[605566.5956293399,4119380.698801069],[605565.0956800117,4119380.686471732],[605566.4809084348,4119380.111022155],[605565.8090196367,4119378.4936441993],[605565.7889025374,4119378.4474257994],[605564.5539238013,4119375.7355546393],[605564.4661814105,4119375.5708838794],[605562.3528178753,4119372.1378278714],[605562.2645802659,4119372.009854465],[605562.1635724069,4119371.891699986],[605562.0508790358,4119371.7846333124],[605561.9277103831,4119371.689804248],[605561.795389174,4119371.6082311757],[605557.5408581446,4119369.2806032547],[605563.9729145103,4119351.199797001],[605572.0242073004,4119333.2999635595],[605577.2612481371,4119325.82249768],[605590.571627854,4119323.9685944077],[605590.1577752935,4119320.9972771816],[605576.2004225851,4119322.9412924843],[605576.049235571,4119322.9703266197],[605575.9018207621,4119323.0147041865],[605575.7597309604,4119323.073957731]]],[[[605545.5170005788,4119498.053250235],[605552.3550671722,4119494.1334300986],[605552.4632431138,4119494.065131482],[605552.5652058359,4119493.9878635155],[605557.5331868024,4119489.8781175944],[605555.620949463,4119487.566549218],[605550.7518132672,4119491.5945261274],[605544.0682082444,4119495.425803462],[605538.7354742268,4119498.02941097],[605527.3148975207,4119503.464026707],[605527.2761889894,4119503.4831345123],[605518.9786728285,4119507.728628086],[605518.8408261226,4119507.808672377],[605518.7122518526,4119507.9028926506],[605518.5944019825,4119508.0102248965],[605518.4886073674,4119508.1294570323],[605518.3960627248,4119508.2592425942],[605518.3178131428,4119508.3981159385],[605513.5103521105,4119518.102346245],[605513.4472108426,4119518.2489298563],[605513.4000018453,4119518.4013925907],[605513.3692595997,4119518.558008328],[605511.7137770455,4119530.2547332994],[605511.7003451043,4119530.4008463714],[605511.2648473668,4119540.5837465897],[605508.9124976043,4119554.050849916],[605504.7794731809,4119565.852908],[605500.4923274068,4119572.9759332873],[605493.1510218271,4119581.1242214628],[605484.241754162,4119587.882550299],[605484.1370453978,4119587.969747871],[605477.6017587463,4119593.935106593],[605477.5020752938,4119594.03509352],[605477.4122343245,4119594.1440098938],[605477.3330317966,4119594.2608907553],[605477.2651694156,4119594.3847005833],[605477.2092484173,4119594.5143424678],[605477.1657642412,4119594.648667829],[605477.1351021413,4119594.7864865935],[605477.1175337725,4119594.926577738],[605477.1132147842,4119595.0677001053],[605477.2542894455,4119603.624584681],[605477.2629629814,4119603.762809693],[605477.2843484267,4119603.8996455325],[605477.3182634694,4119604.033925665],[605477.3644189817,4119604.1645053453],[605477.4052196764,4119604.252972929],[605476.0563912266,4119604.838378539],[605475.9226662697,4119604.904503399],[605475.7961708826,4119604.9835842326],[605475.6781562376,4119605.074838848],[605475.5697896231,4119605.1773646404],[605475.4721428988,4119605.2901475225],[605475.3861818933,4119605.412071953],[605475.3127568511,4119605.5419319714],[605475.2525940229,4119605.678443126],[605475.2062884823,4119605.820255178],[605475.1742982396,4119605.9659654577],[605475.1569397119,4119606.1141327373],[605475.1543845932,4119606.263291487],[605475.1666581566,4119606.4119663704],[605475.1936390032,4119606.558686836],[605475.2350602645,4119606.7020016657],[605475.2905122404,4119606.8404933247],[605481.0740285724,4119619.431282158],[605485.127203215,4119631.073469737],[605488.3056190057,4119641.387733209],[605489.6660452212,4119647.7753521083],[605489.7052109775,4119647.9222580986],[605491.285089941,4119652.833279607],[605494.4626384266,4119668.5869768886],[605496.699697471,4119682.2441575723],[605497.2823245483,4119707.4448287403],[605496.4263302798,4119720.1366848256],[605495.2901827907,4119733.6584629696],[605495.2856725715,4119733.8317006975],[605495.8836155835,4119752.6471483153],[605495.8928695465,4119752.7725128285],[605498.143159473,4119772.152416238],[605498.1565451387,4119772.2433046405],[605500.6171994775,4119786.011548442],[605502.3626967005,4119796.674964758],[605502.3647730569,4119796.687325269],[605505.4655199989,4119814.6854250785],[605506.6265945632,4119821.7369564543],[605508.5428718862,4119833.74122305],[605510.0241175424,4119833.504767333],[605508.5715024088,4119833.878811814],[605509.9760836061,4119839.3335531824],[605510.0088984921,4119839.443417016],[605510.050009352,4119839.5504533458],[605514.1623986467,4119849.1447656644],[605514.1995699246,4119849.2248867108],[605518.1989234624,4119857.2199388687],[605518.2750560731,4119857.3543541143],[605518.3646094371,4119857.4802263817],[605523.2826486148,4119863.6892440612],[605523.3635553783,4119863.783141281],[605523.4519380939,4119863.8700382765],[605530.0413439265,4119869.8337423108],[605530.0870476313,4119869.8734579524],[605533.5987696867,4119872.8027986465],[605539.4908680549,4119878.7309403187],[605539.6176009398,4119878.844731304],[605539.7564167358,4119878.9434216646],[605539.9055256685,4119879.0257389694],[605546.8826956938,4119882.3756393646],[605547.001963407,4119882.4266794897],[605547.1251952245,4119882.467223305],[605547.2514693785,4119882.4969675452],[605547.3798413449,4119882.5156897255],[605557.8110525782,4119883.578797244],[605557.9728943573,4119883.58649551],[605558.1346223127,4119883.5766927963],[605558.2943494729,4119883.549503477],[605565.5382970388,4119881.9095091256],[605565.6620776057,4119881.875862435],[605565.7825309272,4119881.831763388],[605565.8987761558,4119881.7775344714],[605575.9475132166,4119876.5554453903],[605576.0809711623,4119876.477093477],[605589.2058284682,4119867.831462899],[605601.1792340018,4119862.029665081],[605613.9522128981,4119858.541457967],[605629.4983053565,4119855.8054006174],[605636.2282357699,4119854.978130817],[605642.5652506073,4119855.1417877306],[605651.3054243617,4119858.3857013388],[605657.2500655327,4119860.5909852567],[605657.3943229764,4119860.6363694835],[605662.5067319704,4119861.9656141694],[605663.2616432857,4119859.062149187],[605658.2225083687,4119857.751956024],[605652.3491817185,4119855.5731276786],[605643.3752683247,4119852.242461654],[605643.2179443672,4119852.193715938],[605643.0562244982,4119852.16251247],[605642.8920584824,4119852.149227453],[605637.1752355302,4119852.0015873373],[605634.3334513116,4119845.018423664],[605629.0029787086,4119825.5856995657],[605606.195393189,4119742.388817536],[605586.1702612472,4119669.3575940183],[605566.2128494907,4119596.5604559984],[605549.5376497114,4119535.713629892],[605541.1230181536,4119500.20219928],[605545.4291202531,4119498.0998255783],[605545.5170005788,4119498.053250235]],[[605490.664930486,4119602.260454042],[605490.8095745485,4119602.1767189377],[605490.9440052935,4119602.077412104],[605495.7057303187,4119598.1314849774],[605495.803984468,4119598.042453336],[605495.8939925564,4119597.945092897],[605495.9750513001,4119597.8401643923],[605496.046527342,4119597.728487687],[605499.3845548487,4119591.9671174223],[605499.4057207883,4119591.9293385483],[605503.4575590775,4119584.44593495],[605503.5231755119,4119584.308511383],[605503.5745200701,4119584.1651430125],[605503.6110635439,4119584.017307537],[605503.6324292797,4119583.866528697],[605503.6383970609,4119583.71436057],[605503.570251692,4119577.832557389],[605503.5640006748,4119577.7120411303],[605503.2420681486,4119574.2249080855],[605507.4293698461,4119567.2677721614],[605507.5017534073,4119567.1322491053],[605507.559894119,4119566.990032593],[605511.7846248691,4119554.9261025037],[605511.820460496,4119554.808537536],[605511.846551011,4119554.6884334194],[605514.2369269821,4119541.0036316505],[605514.2579295861,4119540.8096216256],[605514.6944667523,4119530.6024172637],[605516.3058020318,4119519.2176125427],[605520.7861363093,4119510.1737127816],[605528.623464104,4119506.163678436],[605538.3552180561,4119501.532708868],[605546.6245051806,4119536.4307568595],[605546.6374303384,4119536.4813601403],[605563.3195512906,4119597.3534412007],[605583.27702708,4119670.150812812],[605603.3021530245,4119743.182014455],[605626.1097576732,4119826.378966263],[605631.4639110302,4119845.8980207765],[605631.5211147742,4119846.06662007],[605634.0276826635,4119852.2260510763],[605629.0936440257,4119852.8325627204],[605629.0166538059,4119852.844061775],[605613.3639308211,4119855.5988857206],[605613.2287612944,4119855.6291693477],[605600.2549395945,4119859.1722251624],[605600.1232345587,4119859.214813377],[605599.9960161351,4119859.269361018],[605587.8089218725,4119865.1747032125],[605587.6378658294,4119865.2719291067],[605574.495381029,4119873.9291713005],[605564.68712244,4119879.026289453],[605557.8711812372,4119880.569385254],[605547.9448252559,4119879.5577305723],[605541.4366830965,4119876.4330212832],[605535.771414043,4119870.7330964925],[605526.8364397266,4119857.8028998678],[605522.090442607,4119848.2170206867],[605516.498746303,4119834.260776949],[605512.9103251447,4119814.4277322283],[605511.8914158924,4119808.137618384],[605508.787819858,4119788.880738347],[605508.7873915302,4119788.8780957167],[605504.5052274554,4119762.6071181037],[605502.9495166201,4119751.7693916718],[605503.1688330228,4119739.8982806862],[605503.1690700569,4119739.878100947],[605503.215987446,4119730.529310049],[605503.4422031848,4119728.272927844],[605503.4425956222,4119728.2689603767],[605504.4406794343,4119718.039763086],[605504.4473077663,4119717.9312953376],[605504.932436884,4119698.374909013],[605504.9309384443,4119698.2610591007],[605504.0901078183,4119681.8282307624],[605504.0825452228,4119681.7361326376],[605501.9576583569,4119662.9680932397],[605501.931086386,4119662.809764467],[605501.8877451676,4119662.6551824226],[605499.4318075561,4119655.411866118],[605499.4308096681,4119655.408933004],[605496.9788236751,4119648.226091757],[605492.3765303132,4119631.9070154238],[605492.3380211139,4119631.78930429],[605486.9204963367,4119617.2852367857],[605486.8898058059,4119617.2094407976],[605483.637658279,4119609.767502003],[605483.5948355504,4119609.6777431504],[605481.5460979408,4119605.726153317],[605484.6052570236,4119604.3984463806],[605485.2458534002,4119604.273316119],[605485.3659316541,4119604.2446852485],[605485.4832490649,4119604.206277712],[605490.5118688444,4119602.3275778554],[605490.664930486,4119602.260454042]],[[605480.2447392936,4119603.020591811],[605480.123959968,4119595.694720957],[605486.1091777936,4119590.231460772],[605495.0770687789,4119583.428661875],[605495.1855047649,4119583.3380505946],[605495.2849328005,4119583.237637284],[605500.5244796514,4119577.4221406826],[605500.5711526137,4119577.9276964003],[605500.6340885849,4119583.359862971],[605496.7779083595,4119590.481902627],[605493.5851245461,4119595.992585115],[605489.224763256,4119599.605911757],[605484.5492574825,4119601.3526876937],[605483.870081737,4119601.485353818],[605484.157648014,4119602.957530994],[605483.5604525697,4119601.58153768],[605480.2447392936,4119603.020591811]],[[605503.5760287684,4119785.516120191],[605503.5723331058,4119785.4945328096],[605501.1178372563,4119771.760747965],[605498.8801036687,4119752.4889820144],[605498.2869156653,4119733.823160052],[605499.4168312689,4119720.3755502473],[605499.4186983982,4119720.350894767],[605500.280093018,4119707.5789674902],[605500.2830922577,4119707.4433602453],[605499.6964783276,4119682.0702436683],[605499.6771520807,4119681.862443548],[605497.4187380297,4119668.0748911677],[605497.4088528437,4119668.020781465],[605494.2092080079,4119652.1575345686],[605494.1667497654,4119651.994748461],[605492.5843803786,4119647.075985523],[605491.225883485,4119640.6974253827],[605491.1922691461,4119640.5681476486],[605487.9861914553,4119630.164118663],[605487.9693151965,4119630.1126718293],[605483.8836517544,4119618.377164635],[605483.8301214247,4119618.244227666],[605478.656148078,4119606.9804216875],[605478.787579966,4119606.923378878],[605480.9086073164,4119611.0144006247],[605484.1244533916,4119618.3732702537],[605489.505979877,4119632.7809613356],[605494.1024630961,4119649.079435731],[605494.1265831268,4119649.1568817296],[605496.5911760635,4119656.376653724],[605498.9948421057,4119663.4658050733],[605501.0963895182,4119682.027699011],[605501.9319466903,4119698.357465258],[605501.4495787406,4119717.8025441654],[605500.4569685014,4119727.975643705],[605500.2238458928,4119730.3009182783],[605500.2163826968,4119730.443024345],[605500.1691584756,4119739.852954809],[605499.947792562,4119751.8350012796],[605499.950423329,4119751.955723468],[605499.962755901,4119752.0758428895],[605501.5376915465,4119763.047497316],[605501.5420105037,4119763.0756781506],[605505.8262526224,4119789.359404515],[605508.9297307847,4119808.6155531914],[605509.951133433,4119814.921062695],[605509.9557982016,4119814.9482714464],[605513.5737529172,4119834.94454683],[605513.6082188373,4119835.0920692896],[605513.657389256,4119835.235362855],[605519.3275951509,4119849.3875576826],[605519.3757298777,4119849.4952294813],[605524.196232355,4119859.2315932363],[605524.3064622375,4119859.4187815506],[605526.480254547,4119862.5645725722],[605525.5571569024,4119861.7291283323],[605520.8125732229,4119855.7390979803],[605516.9023717273,4119847.9222684326],[605512.8526591283,4119838.4741824926],[605511.4942741758,4119833.1988458945],[605509.5885072735,4119821.260420443],[605509.5873323331,4119821.253174137],[605508.4247578116,4119814.192533101],[605508.4229099003,4119814.1815640815],[605505.322282665,4119796.1841591015],[605503.5760287684,4119785.516120191]]],[[[605503.6816584793,4119867.834047698],[605502.8773769694,4119869.1001958936],[605503.5860715037,4119867.7781701535],[605487.9225646079,4119859.3814790836],[605487.7827733812,4119859.315575061],[605487.6369429483,4119859.2644046387],[605487.4866213755,4119859.2285110177],[605487.3334044049,4119859.208275228],[605487.1789185147,4119859.2039120826],[605487.0248036538,4119859.215467899],[605486.8726958317,4119859.242820006],[605486.7242097527,4119859.2856780463],[605486.5809216744,4119859.34358706],[605480.3682916607,4119862.235140011],[605476.8971702721,4119863.7961854357],[605468.2411764896,4119867.6819281406],[605468.2357474654,4119867.684378234],[605466.6672348985,4119868.3959925463],[605457.9326179323,4119872.3243216183],[605453.2293704828,4119874.440208509],[605453.22130508,4119874.4438656205],[605439.8694022108,4119880.5456266054],[605439.737418887,4119880.6140419645],[605439.6128559149,4119880.6951858187],[605439.4969367937,4119880.788261146],[605439.3908001203,4119880.892353728],[605439.295488405,4119881.0064411336],[605439.2119378315,4119881.1294027567],[605439.1409690618,4119881.260030827],[605439.083279175,4119881.397042272],[605439.0394348206,4119881.5390913193],[605439.0098666528,4119881.684782714],[605438.9948651,4119881.8326854273],[605438.9945775126,4119881.9813467083],[605439.0090067154,4119882.1293063555],[605439.0380109798,4119882.2751110597],[605439.0813054161,4119882.4173286776],[605439.1384647718,4119882.5545623004],[605479.4540775042,4119967.258002179],[605480.4937918509,4119969.4393576123],[605482.6922290571,4119978.5466668387],[605483.6450813484,4119982.5082549253],[605483.6978622068,4119982.6811281517],[605485.6207883139,4119987.842778682],[605485.6539654708,4119987.9244198734],[605490.8308591424,4119999.6625464503],[605490.8405619062,4119999.6840855717],[605497.1549233976,4120013.4116096282],[605502.674644971,4120025.409355698],[605506.423583062,4120033.5566972313],[605506.490067405,4120033.684611414],[605506.5685239392,4120033.8055526325],[605506.658227998,4120033.9184038085],[605512.2043785709,4120040.245896898],[605518.3715385427,4120047.291345546],[605518.4613416921,4120047.385381334],[605518.5589513108,4120047.471286499],[605518.663633924,4120047.548415518],[605518.7746029075,4120047.6161888144],[605524.7931223323,4120050.942700778],[605531.5606275395,4120054.689181096],[605531.6921853834,4120054.7538249646],[605531.8294246156,4120054.8053195192],[605531.971034675,4120054.8431730145],[605547.1660402619,4120058.1187596177],[605547.3219076527,4120058.1438608533],[605547.4795499761,4120058.152440681],[605547.6372209252,4120058.1444040565],[605547.7931738765,4120058.1198400063],[605547.9456812373,4120058.0790206427],[605548.0930535845,4120058.022398148],[605564.3879977727,4120050.7558109732],[605613.9643400278,4120035.973864661],[605619.7253265537,4120046.902846402],[605622.379190875,4120045.503916752],[605616.0542584872,4120033.5050915047],[605614.7493772564,4120030.8350700294],[605579.5481972982,4119958.7801891076],[605589.9475252603,4119960.043727173],[605590.0612563327,4119960.053172463],[605590.1753763369,4119960.0539438217],[605608.1341560055,4119959.4918127605],[605608.2540924487,4119959.483236815],[605608.3729566311,4119959.4650818314],[605628.4590142088,4119955.567600037],[605628.5949606673,4119955.534575394],[605644.4309263667,4119950.8957440997],[605644.4706678465,4119950.8835019837],[605658.6109030832,4119946.312146204],[605658.622249053,4119946.3084282586],[605668.7625800868,4119942.940807634],[605672.6651508176,4119941.647401806],[605672.6691046249,4119941.646085321],[605680.3417532974,4119939.0795059856],[605679.3900570864,4119936.234462168],[605671.719384381,4119938.8003805224],[605667.8183569995,4119940.093274847],[605657.6823880048,4119943.459446537],[605643.5676190115,4119948.0225694086],[605627.8188112812,4119952.6358695086],[605607.9198241204,4119956.497052316],[605590.195833787,4119957.051834193],[605577.9336455119,4119955.5619550673],[605572.5898323199,4119945.8195153023],[605578.1881249613,4119945.815462809],[605584.9697174843,4119947.848400795],[605585.0884615543,4119947.87876943],[605585.2092885876,4119947.899342134],[605593.0588200974,4119948.907863983],[605593.2311223473,4119948.919975023],[605601.0832130224,4119949.018653067],[605601.2496423146,4119949.0114938826],[605609.4148294032,4119948.204231034],[605609.4749646526,4119948.1970571456],[605617.4843546229,4119947.0771519826],[605617.6590264533,4119947.0420448114],[605625.8946058048,4119944.8708572476],[605625.9808888983,4119944.8453187835],[605634.6195788505,4119942.0039339373],[605643.1211633678,4119939.2691486026],[605653.8687923744,4119937.281446704],[605654.0177859017,4119937.2459387765],[605654.1623816658,4119937.195421956],[605654.3010720221,4119937.130422963],[605654.4324108998,4119937.0516195153],[605656.0701555813,4119935.9515020787],[605656.1881112899,4119935.8635766055],[605656.2968862631,4119935.764518828],[605656.3954341131,4119935.6552816583],[605656.4828068342,4119935.53691593],[605656.5581639224,4119935.410560292],[605656.6207804615,4119935.277430254],[605657.2798233591,4119933.676776642],[605657.3298186435,4119933.535748844],[605657.3655149485,4119933.390441783],[605657.3865570822,4119933.2423013193],[605657.592324569,4119930.9923720723],[605657.5985491907,4119930.861048738],[605657.5932508414,4119930.7296847724],[605657.3384046443,4119927.7083300506],[605657.3188054687,4119927.562191321],[605657.2849531852,4119927.418682858],[605657.2371748921,4119927.2791913147],[605657.1759322477,4119927.1450645295],[605657.1018170097,4119927.0175985047],[605657.0155453178,4119926.898024882],[605655.9497079558,4119925.564182371],[605655.8461581956,4119925.447580408],[605655.7310621591,4119925.3423593407],[605655.6056638336,4119925.249656425],[605655.471318556,4119925.1704736175],[605655.3294783641,4119925.1056667464],[605655.1816763026,4119925.05593626],[605655.0295098538,4119925.021819659],[605647.7773470748,4119923.787732571],[605647.7672003121,4119923.7860416938],[605633.6765582244,4119921.487577922],[605619.0250577426,4119917.8444115696],[605619.0008332194,4119917.838601187],[605604.2397121757,4119914.427439494],[605590.3493362982,4119910.9097313904],[605575.9617684515,4119906.8943308177],[605575.8185259975,4119906.861820152],[605575.6727905775,4119906.843475361],[605575.5259596545,4119906.839472353],[605575.3794411964,4119906.8498495133],[605575.2346401749,4119906.874507335],[605575.0929450929,4119906.913209373],[605574.9557146706,4119906.9655845123],[605574.8242648161,4119907.031130525],[605574.6998560077,4119907.1092188875],[605574.5836812066,4119907.199100808],[605574.4768544177,4119907.2999144043],[605574.3804000077,4119907.4106929707],[605574.295242882,4119907.530374247],[605574.2221996157,4119907.657810605],[605574.1619706238,4119907.7917800513],[605565.598167592,4119929.642963935],[605562.9978662574,4119932.5256993896],[605562.0510913562,4119931.336295365],[605560.0123794138,4119928.1568213054],[605559.9793682274,4119928.107513078],[605555.9271328844,4119922.3063514945],[605561.9985926801,4119903.700587591],[605559.1466003412,4119902.769921325],[605553.7403403682,4119919.337204984],[605544.0512037632,4119906.3628528058],[605547.1531667167,4119897.3801354226],[605544.3174833378,4119896.4009011425],[605541.8428308412,4119903.5670421743],[605534.9461831017,4119894.9799237065],[605533.7766726706,4119895.9192028726],[605534.9050221897,4119894.9308571015],[605526.7777195335,4119885.652284446],[605526.6619372638,4119885.5339651527],[605515.6692632778,4119875.475979212],[605515.5686135525,4119875.391675583],[605515.4609775383,4119875.316496081],[605503.6816584793,4119867.834047698]],[[605550.8187511932,4120021.003613206],[605544.4663467581,4120008.185276353],[605537.9066801243,4119994.932115135],[605531.4852998961,4119981.957765381],[605531.4665947572,4119981.9212374007],[605523.7871981863,4119967.417227204],[605522.2258632985,4119964.2698433115],[605545.6041826513,4119951.7181917587],[605545.6394824914,4119951.698623214],[605562.4998967582,4119942.0532179167],[605565.2013278065,4119940.7738930252],[605568.8094021206,4119945.1654321505],[605575.6564480605,4119957.6484532147],[605612.0538940532,4120032.1520249695],[605612.5917643718,4120033.2526043076],[605564.6030212969,4120047.5611835904],[605557.4783874851,4120034.454792729],[605550.8187511932,4120021.003613206]],[[605564.8181747627,4119934.9866565666],[605568.0088443533,4119931.449429465],[605568.0947304484,4119931.345130008],[605568.1708830469,4119931.2335254396],[605568.236684304,4119931.115521234],[605568.291600358,4119930.992074788],[605576.4606239107,4119910.148200269],[605588.003380031,4119913.369647426],[605578.7069468988,4119939.088175249],[605577.3555559337,4119942.8160647033],[605570.7657669779,4119942.8208349207],[605566.8257528632,4119938.025277892],[605564.8181747627,4119934.9866565666]],[[605532.3462450937,4119896.5626798323],[605533.7257565039,4119907.4439678243],[605533.7559494429,4119907.608212041],[605533.8042123707,4119907.7680821954],[605533.869947089,4119907.921596765],[605546.5965788019,4119933.5911880443],[605535.9866692409,4119939.1129388493],[605505.0799052845,4119875.5350867948],[605504.7026980412,4119872.036717859],[605513.7412719288,4119877.778192577],[605524.5756421282,4119887.691335028],[605532.3462450937,4119896.5626798323]],[[605533.3246089605,4119940.498661079],[605522.5465745333,4119946.1103846934],[605483.2684431867,4119864.855406224],[605483.2676894859,4119864.8538493286],[605483.0069539906,4119864.316047385],[605487.1665192588,4119862.380055188],[605501.4708958659,4119870.048161195],[605502.1252170745,4119876.116594479],[605502.1446184639,4119876.244495124],[605502.174967916,4119876.3702484523],[605502.2160396985,4119876.49291914],[605502.2675283288,4119876.6115947897],[605533.3246089605,4119940.498661079]],[[605453.7521685328,4119879.1085851225],[605492.9615531092,4119961.5007883334],[605482.6010471997,4119966.8879542565],[605482.1627220366,4119965.96833363],[605442.5020551191,4119882.6409403915],[605453.1241227962,4119877.786702103],[605453.7521685328,4119879.1085851225]],[[605466.568306385,4119871.729924893],[605467.1619159686,4119872.960181414],[605506.5309677785,4119954.440898349],[605495.6247171914,4119960.115549887],[605456.461678095,4119877.8207349153],[605455.85686987,4119876.5477611874],[605459.1632026602,4119875.060315265],[605466.568306385,4119871.729924893]],[[605478.1262423798,4119866.532858966],[605480.2784644053,4119865.564954028],[605480.5678364717,4119866.161822742],[605519.8843472868,4119947.496197119],[605512.9947349647,4119951.0817056736],[605509.1938577339,4119953.0564203393],[605469.8636602102,4119871.6561192167],[605469.3031348676,4119870.494429822],[605469.4725010253,4119870.4175905385],[605478.1262423798,4119866.532858966]],[[605553.0530103025,4119923.430586379],[605556.5408054597,4119928.423697974],[605549.2587514461,4119932.2069320865],[605536.6701161515,4119906.815679313],[605535.9327087997,4119900.9991694223],[605541.1880588809,4119907.5426838137],[605553.0530103025,4119923.430586379]],[[605563.4126547505,4119938.3015563725],[605561.1634280041,4119939.3667295016],[605561.0605925656,4119939.420392025],[605544.1673170613,4119949.084596383],[605520.8032493971,4119961.628596307],[605519.5781147096,4119959.5265951706],[605515.7762308463,4119953.0160980653],[605522.5611006153,4119949.485100218],[605536.0042340998,4119942.4857581663],[605549.2858466636,4119935.573563581],[605558.226081719,4119930.928857269],[605559.5670476928,4119933.0201613125],[605559.6561751984,4119933.1446797396],[605561.7114640484,4119935.7266755523],[605563.4126547505,4119938.3015563725]],[[605518.9153267738,4119964.3470788808],[605520.4658512359,4119967.472670805],[605487.8291571339,4119985.177166291],[605486.5407237344,4119981.718664732],[605485.6089004001,4119977.8445068444],[605483.6487865295,4119969.7244808325],[605495.630191504,4119963.4944938845],[605509.2070228456,4119956.4303072547],[605513.1113832935,4119954.4018287305],[605516.9865395399,4119961.0377995027],[605518.9153267738,4119964.3470788808]],[[605529.4289793542,4119984.5662320284],[605534.5287266308,4119994.8702324885],[605499.2578309213,4120010.8044289527],[605494.207048962,4119999.8239472453],[605529.4289793542,4119984.5662320284]],[[605492.974437295,4119997.088516613],[605488.9566372134,4119987.97852732],[605521.8356313719,4119970.1425908175],[605528.0562840311,4119981.891483946],[605492.974437295,4119997.088516613]],[[605535.8602997352,4119997.5606075064],[605541.0623250075,4120008.070787893],[605504.8002008332,4120022.851653929],[605500.5116242293,4120013.5299422494],[605535.8602997352,4119997.5606075064]],[[605547.4596116926,4120020.98150172],[605513.7059684598,4120037.4077164945],[605509.0578487421,4120032.1047685468],[605506.0553773999,4120025.5796782807],[605542.3972501816,4120010.7663057796],[605547.4596116926,4120020.98150172]],[[605554.1249519216,4120034.4429040626],[605525.5724090777,4120047.945679842],[605520.4558103859,4120045.11767055],[605515.7547168133,4120039.747076386],[605548.7912449489,4120023.669845765],[605554.1249519216,4120034.4429040626]],[[605561.7732606517,4120048.6370511665],[605547.3189737451,4120055.0828134012],[605532.8197982371,4120051.9572268534],[605528.8058456511,4120049.735108968],[605555.5062041426,4120037.10824922],[605561.7732606517,4120048.6370511665]],[[605580.3587422136,4119943.33425885],[605581.5275825757,4119940.1099457],[605590.9123576541,4119914.1470221784],[605601.9474018357,4119916.941623612],[605592.6489972498,4119944.509742441],[605592.2217970677,4119945.7756617637],[605585.7134634271,4119944.9394594165],[605580.3587422136,4119943.33425885]],[[605616.980543639,4119944.118412678],[605611.4797832213,4119944.887551154],[605611.5701346056,4119944.62451193],[605619.6361210442,4119921.087708353],[605631.3658948308,4119924.004373253],[605625.2039102233,4119940.054563231],[605624.3889080617,4119942.165307983],[605616.980543639,4119944.118412678]],[[605633.686899185,4119939.1525951787],[605628.0521521743,4119941.005941561],[605634.3372778959,4119924.635004551],[605645.4702608326,4119926.4510153322],[605641.6079255877,4119936.604529761],[605633.6962309841,4119939.1495596115],[605633.686899185,4119939.1525951787]],[[605604.8735226718,4119917.6529701035],[605616.7049431904,4119920.3871044777],[605608.7326752457,4119943.650435617],[605608.1614204475,4119945.3135248953],[605601.0374976425,4119946.017841668],[605595.3304900993,4119945.9461211073],[605595.4915438247,4119945.4688717253],[605604.8735226718,4119917.6529701035]],[[605654.0198503394,4119933.7147532413],[605653.01759499,4119934.3879952906],[605645.1040743,4119935.8515478647],[605648.4893980849,4119926.9520267937],[605653.962816827,4119927.8834283086],[605654.3873316685,4119928.414687544],[605654.5927841403,4119930.850449988],[605654.4196285577,4119932.7437899676],[605654.0198503394,4119933.7147532413]]],[[[605689.520518467,4119464.045669215],[605697.3790692388,4119472.632302145],[605698.0504543849,4119473.617860115],[605700.0729992281,4119476.583817641],[605701.8963276495,4119482.628801118],[605702.8800805093,4119487.273175726],[605702.9130087199,4119487.4007200957],[605706.1093122822,4119497.860194863],[605706.1698863147,4119498.0237276284],[605709.6550343418,4119505.979110682],[605709.7157220382,4119506.102029215],[605709.7873779942,4119506.2188940356],[605709.8694037402,4119506.3287290903],[605709.9611141987,4119506.4306170386],[605715.5530930876,4119512.0992963263],[605755.9848793716,4119599.0123611963],[605756.0448371682,4119599.127863799],[605760.4841877061,4119606.841834634],[605760.1515977789,4119612.391824036],[605760.1499162674,4119612.53644186],[605760.1621701779,4119612.680549403],[605760.188245592,4119612.8228069693],[605760.2279000995,4119612.96189206],[605762.4352536665,4119619.4920106726],[605762.4866894198,4119619.623440702],[605762.5502501735,4119619.7494546697],[605762.6253732173,4119619.86893696],[605762.7113934788,4119619.9808297837],[605762.8075494117,4119620.084142542],[605762.9129897371,4119620.1779605956],[605763.0267809808,4119620.2614533636],[605763.1479157364,4119620.3338816753],[605763.2753215856,4119620.3946043155],[605763.4078705903,4119620.4430837003],[605763.5443892805,4119620.478890636],[605763.6836690415,4119620.5017081206],[605767.8750432801,4119620.9872095557],[605768.0336289543,4119620.997107022],[605768.1923718412,4119620.990173639],[605768.3494906778,4119620.966487206],[605768.5032224249,4119620.9263135097],[605768.6518420499,4119620.870103342],[605776.6627427293,4119617.34464766],[605821.7401355755,4119599.759770242],[605821.8895203165,4119599.6918599657],[605832.0887141871,4119594.3639044836],[605864.1725391003,4119580.3869723263],[605864.3027376103,4119580.32258197],[605864.4260978475,4119580.2459006696],[605864.5414630894,4119580.157647449],[605864.6477515807,4119580.0586498403],[605864.7439666768,4119579.949836122],[605864.8292061891,4119579.8322266177],[605864.9026708454,4119579.706924127],[605864.9636717828,4119579.5751035837],[605865.0116370086,4119579.4380010413],[605865.0461167634,4119579.2969020815],[605865.0667877375,4119579.153129759],[605865.073456104,4119579.0080321957],[605865.0660593348,4119578.8629699405],[605865.0446667877,4119578.719303212],[605865.0094790563,4119578.578379142],[605864.9608260884,4119578.4415191454],[605859.2435472694,4119564.5326077784],[605859.1808268054,4119564.3990993225],[605859.1052965175,4119564.2723967577],[605859.0176868123,4119564.153725346],[605858.9188449095,4119564.0442326856],[605858.8097266483,4119563.944977613],[605858.691387244,4119563.856919963],[605858.5649710844,4119563.780911286],[605858.431700662,4119563.717686616],[605858.2928647533,4119563.667857359],[605858.1498059547,4119563.631905384],[605858.0039076997,4119563.61017836],[605857.8565808806,4119563.6028863955],[605857.7092502041,4119563.6101000067],[605857.5633404149,4119563.6317494353],[605857.4202625162,4119563.667625323],[605857.2814001266,4119563.717380736],[605840.2782665861,4119570.771190622],[605840.1409441357,4119570.8365040394],[605840.0109399967,4119570.9153850996],[605839.8895902244,4119571.0070231413],[605839.778141933,4119571.1104763974],[605839.6777404789,4119571.224681677],[605839.5894176901,4119571.34846529],[605839.5140812617,4119571.480555109],[605839.4525054278,4119571.6195936454],[605835.4640526251,4119582.0198411993],[605830.3280340586,4119591.8989915745],[605820.5732946652,4119596.9947685436],[605775.5426639328,4119614.5614038673],[605775.4836055598,4119614.5859055454],[605767.8159492376,4119617.9603054575],[605764.9729372958,4119617.63098951],[605763.1637531269,4119612.278794288],[605763.5056922532,4119606.572793079],[605763.5073431073,4119606.4273443143],[605763.4948983175,4119606.2824195214],[605763.4684749099,4119606.1393815125],[605763.428321359,4119605.9995753583],[605763.3748152523,4119605.8643157375],[605763.308459739,4119605.734874576],[605758.6774863391,4119597.6879331507],[605718.1635347812,4119510.598243985],[605718.0824319129,4119510.4471445614],[605717.984612659,4119510.3062896556],[605717.8713555699,4119510.1775203166],[605712.2916173936,4119504.521249637],[605708.9528140776,4119496.8999207546],[605705.8013033445,4119486.587024514],[605704.9840136166,4119482.7285354417],[605708.5563582329,4119479.0577060375],[605712.3520301172,4119476.9860066716],[605712.494605941,4119476.89749321],[605712.6264022827,4119476.793607587],[605712.7457694915,4119476.675650104],[605717.0107011059,4119471.9611172033],[605724.7345208754,4119469.489769421],[605733.0219137464,4119466.82944263],[605738.252759314,4119465.645694033],[605738.2557605236,4119465.645011617],[605744.6568018778,4119464.1826326502],[605752.9958424274,4119465.4064132045],[605756.1985234771,4119466.977197144],[605762.7146640702,4119470.1652315543],[605765.1697395047,4119471.3807464545],[605770.0442254284,4119473.8155180053],[605770.1914083364,4119473.8794407244],[605770.3445775042,4119473.9272751105],[605770.5019800692,4119473.9584737476],[605774.4971060551,4119474.5302750617],[605774.6350166735,4119474.543549759],[605774.7735638232,4119474.544043259],[605778.9911351857,4119474.3641089536],[605779.119681976,4119474.353071008],[605779.2468047235,4119474.331027401],[605785.8852780778,4119472.8833199176],[605785.9759965151,4119472.8605515743],[605787.5078655522,4119472.424892531],[605787.5126408458,4119472.4235259015],[605790.0599340987,4119471.6899573975],[605790.0886381279,4119471.6813798994],[605792.4087684983,4119470.962750897],[605801.802518202,4119490.119923181],[605801.8740652689,4119490.2492870083],[605801.9579986993,4119490.3709799084],[605802.053503258,4119490.483819892],[605802.1596513207,4119490.5867109583],[605802.2754118836,4119490.678653738],[605802.3996605782,4119490.758755202],[605802.5311905917,4119490.8262373344],[605802.6687243889,4119490.8804446887],[605802.8109261201,4119490.9208507566],[605802.956414597,4119490.9470630777],[605803.1037767071,4119490.958827055],[605803.2515811399,4119490.9560284265],[605803.3983922882,4119490.938694375],[605803.5427841933,4119490.906993264],[605803.6833543933,4119490.8612330025],[605803.8187375468,4119490.801858055],[605815.4728953649,4119484.9899615883],[605815.6009858017,4119484.9180453694],[605815.7214275354,4119484.8339448855],[605815.8330654439,4119484.7384667206],[605815.9348288403,4119484.6325265784],[605816.0257417411,4119484.5171405002],[605816.1049322266,4119484.3934151204],[605816.1716408039,4119484.2625370543],[605816.2252276902,4119484.1257615145],[605816.265178949,4119483.984400277],[605816.2911114193,4119483.8398090964],[605816.3027763903,4119483.6933747046],[605816.3000619865,4119483.5465015126],[605816.2829942411,4119483.400598138],[605816.2517368459,4119483.257063899],[605816.2065895816,4119483.117275391],[605816.1479854424,4119482.9825732843],[605806.836226721,4119464.157241945],[605806.765774611,4119464.0306003327],[605806.6834303789,4119463.9113483927],[605806.5899626291,4119463.800599228],[605806.4862437941,4119463.6993865757],[605806.3732419895,4119463.6086551594],[605806.2520119793,4119463.52925187],[605806.1236853298,4119463.4619178604],[605805.9894598473,4119463.4072816307],[605805.8505883984,4119463.3658531574],[605805.7083672151,4119463.338019135],[605805.5641237963,4119463.3240393675],[605805.4192045163,4119463.3240443435],[605805.2749620578,4119463.338034016],[605805.1327427864,4119463.365877805],[605804.9938741828,4119463.4073158153],[605792.7196525534,4119467.7258489276],[605789.2153399991,4119468.8112623454],[605786.6848281036,4119469.539998161],[605785.2003519639,4119469.962178804],[605778.7340010082,4119471.3723501144],[605774.7845578794,4119471.5408452614],[605771.1674749684,4119471.023151259],[605766.5079301198,4119468.695741269],[605766.5032028728,4119468.693390428],[605764.0425958147,4119467.475136805],[605764.0362568543,4119467.4720169334],[605757.5189105783,4119464.2833934324],[605754.106264241,4119462.609630115],[605753.9636972417,4119462.5486342576],[605753.8155948425,4119462.5026829434],[605753.66353982,4119462.472267256],[605744.8144166342,4119461.173630463],[605744.676282566,4119461.1598512838],[605744.5374661984,4119461.1589012314],[605744.3991564708,4119461.1707884427],[605744.2625379838,4119461.195411106],[605737.5890973405,4119462.720022289],[605732.2952913003,4119463.918018941],[605732.1679012177,4119463.9528073245],[605723.8196091576,4119466.6326840087],[605715.7120083941,4119469.2268280676],[605715.5645856084,4119469.282696813],[605715.4238409228,4119469.3537300997],[605715.291329084,4119469.4391432544],[605715.168513894,4119469.537992754],[605715.0567520403,4119469.64918665],[605710.6915886456,4119474.4745175815],[605706.9205167379,4119476.53279014],[605706.7929185665,4119476.6109358533],[605706.6737406156,4119476.701404975],[605706.5641687348,4119476.8032973143],[605704.0514846002,4119479.3852528073],[605702.8784948242,4119475.4963736935],[605701.4423999572,4119475.92953825],[605702.6816823779,4119475.084447082],[605700.5296216178,4119471.9285614565],[605699.7978926088,4119470.8544218796],[605699.6647436332,4119470.6862144554],[605691.7335887287,4119462.020250736],[605689.520518467,4119464.045669215]],[[605804.7362623329,4119466.678221822],[605812.796075386,4119482.9725283855],[605803.8312667104,4119487.4432538277],[605795.2804554122,4119470.0051305676],[605804.7362623329,4119466.678221822]],[[605838.2346980658,4119583.1734230714],[605842.0229056914,4119573.295332734],[605857.0409506689,4119567.065043836],[605861.6275847306,4119578.223339357],[605834.7263693963,4119589.94253003],[605838.1650430609,4119583.328228741],[605838.2346980658,4119583.1734230714]]],[[[605592.349332198,4119495.890418341],[605594.0764977969,4119496.6075746473],[605593.8315418332,4119497.4995760154],[605593.7982180326,4119497.6512977383],[605593.7807639639,4119497.8056522403],[605593.7793668121,4119497.960984159],[605593.8754282244,4119500.2036095257],[605593.8904744243,4119500.3607572215],[605593.9219532704,4119500.515453274],[605593.9695160922,4119500.6659842157],[605594.7594749858,4119502.773078802],[605594.8232242021,4119502.919033269],[605594.9020895713,4119503.0574056744],[605594.9951819594,4119503.186635997],[605596.4107034542,4119504.946514879],[605596.5152379967,4119505.0634017377],[605596.6314041206,4119505.168736632],[605596.7579322588,4119505.2613683683],[605598.6415347306,4119506.494514926],[605598.7773382162,4119506.5735834246],[605598.9206685448,4119506.6380103687],[605599.0699526237,4119506.6870886534],[605601.2544455243,4119507.2804409964],[605601.4066762932,4119507.31340988],[605601.5615051998,4119507.3304147013],[605601.717262765,4119507.331272102],[605603.9726485887,4119507.2264596215],[605604.1313953229,4119507.2105890396],[605604.2875585852,4119507.1779480143],[605604.4393718287,4119507.128905787],[605605.4136988864,4119506.7558507198],[605612.7359353524,4119517.9621185344],[605613.5550913141,4119523.0210206336],[605613.5506402921,4119530.8914509956],[605613.0836495663,4119533.3302413556],[605611.3751951535,4119542.184632846],[605611.3574401758,4119542.3010525405],[605610.3984286657,4119550.821925937],[605610.38977175,4119550.94213047],[605610.1987167781,4119556.9649292026],[605610.1979931446,4119557.0220552166],[605610.2547572899,4119565.921866682],[605610.2655684692,4119566.092320582],[605611.7366207583,4119578.2610729607],[605611.778781489,4119578.4762709904],[605613.7554516789,4119585.713366115],[605615.7235243833,4119592.928161725],[605615.7540891242,4119593.026722156],[605620.0194954793,4119605.2749815728],[605620.0790333351,4119605.420801871],[605620.1535336119,4119605.559575155],[605627.3610821968,4119617.442571824],[605630.6135025807,4119623.078465766],[605633.8218186636,4119630.78456861],[605640.5487769569,4119650.560399738],[605651.5242398743,4119683.072142275],[605653.5611903599,4119694.248910988],[605653.3848326285,4119702.728171641],[605653.3127146817,4119706.3459014357],[605653.3147385216,4119706.4592235824],[605654.321088002,4119724.5252913097],[605654.3348670629,4119724.6610527053],[605656.8209584433,4119741.491863134],[605656.8436620166,4119741.611655359],[605656.8760196307,4119741.7292079614],[605661.5890148031,4119756.4797548414],[605661.633693834,4119756.6012395206],[605661.6886800767,4119756.718419963],[605662.7285630819,4119758.7066082535],[605662.7305734089,4119758.7104384094],[605666.119411042,4119765.144426969],[605666.1230547492,4119765.151301548],[605674.8099925773,4119781.4387123236],[605674.8191578151,4119781.4556341893],[605679.9377630958,4119790.763090467],[605679.9863267953,4119790.8451116495],[605685.9444806385,4119800.2155675413],[605686.6584253355,4119802.6919399775],[605688.0918317968,4119807.6703338237],[605687.3907188574,4119814.6304290667],[605687.3833681631,4119814.7561358786],[605687.386586867,4119814.8820162793],[605687.9403151799,4119823.0668362076],[605687.9566054456,4119823.207962035],[605687.9861734884,4119823.3469138355],[605688.0287540912,4119823.4824452493],[605688.0839653178,4119823.6133405985],[605688.151311939,4119823.7384257875],[605688.2301898743,4119823.856578838],[605688.3198916106,4119823.9667399493],[605688.4196125487,4119824.067921007],[605688.5284582191,4119824.159214446],[605689.7525583192,4119825.0908431094],[605688.4217982802,4119826.3275230085],[605688.3098385588,4119826.443379527],[605688.2109507745,4119826.5705759036],[605688.1262757721,4119826.7076447043],[605687.2179505355,4119828.3717374154],[605687.1493773721,4119828.514896827],[605687.0963165843,4119828.664501134],[605687.0593623797,4119828.8188749743],[605686.6497955556,4119831.044047892],[605686.6301291451,4119831.1918152473],[605686.6252268617,4119831.340804933],[605686.6351371222,4119831.4895454645],[605686.8193910347,4119833.0675148605],[605686.8436944861,4119833.2130662138],[605686.8821819946,4119833.355525211],[605686.9344810722,4119833.4935131115],[605687.8401434148,4119835.5687862528],[605687.9048822117,4119835.699417457],[605687.9819969654,4119835.8231467507],[605688.0707591771,4119835.93880527],[605689.0501108044,4119837.0940257004],[605689.148572463,4119837.1994430916],[605689.2567046279,4119837.294915389],[605689.3735073156,4119837.379559684],[605689.8067383774,4119837.6627774974],[605688.9833680162,4119839.3522870224],[605691.6801641552,4119840.6665512975],[605692.4793431183,4119839.026681157],[605693.4058566293,4119839.280527014],[605693.5540616923,4119839.3131724484],[605693.7048068332,4119839.33067581],[605693.8565490602,4119839.332857939],[605696.1293139949,4119839.2504840195],[605696.2748688238,4119839.238090602],[605696.4185278714,4119839.2115975274],[605696.558928624,4119839.171256064],[605697.940312132,4119838.700401599],[605698.0694428086,4119838.6496055503],[605698.1933269294,4119838.5870939926],[605698.310904323,4119838.513401885],[605700.1818716036,4119837.2164954254],[605700.30795005,4119837.118781472],[605700.4229393516,4119837.0082317013],[605700.5255391692,4119836.886096249],[605701.3203975084,4119835.8306722404],[605756.8520759688,4119820.39381122],[605756.8824293029,4119820.3850280666],[605787.6852483287,4119811.1191084436],[605809.4626799522,4119804.564508045],[605822.0616624074,4119803.0950935446],[605828.010908509,4119804.285665567],[605832.6282725816,4119808.262437241],[605834.716553263,4119810.063243257],[605838.5897922186,4119813.411427746],[605871.7707762907,4119865.101042185],[605885.4953531363,4119886.4897052296],[605892.3970527146,4119897.240349735],[605892.4548135407,4119897.323951617],[605897.3761185401,4119903.9548937106],[605897.4700004028,4119904.069157497],[605897.5746775814,4119904.173621392],[605897.6891326134,4119904.267270005],[605901.935665337,4119907.4055193304],[605902.0557982431,4119907.485655822],[605902.1830804086,4119907.5538688903],[605902.3163321387,4119907.6095263143],[605902.4543184106,4119907.652112241],[605906.0012718912,4119908.5623161527],[605906.150160558,4119908.5925794425],[605906.301346868,4119908.6076260866],[605906.4532797368,4119908.6073017158],[605906.6044004208,4119908.5916096573],[605906.753158509,4119908.560710903],[605906.8980278292,4119908.5149224554],[605910.785301981,4119907.065937008],[605910.9124890462,4119907.011727911],[605911.034144605,4119906.946038484],[605911.1492351163,4119906.8694268013],[605915.4126654036,4119903.7385693253],[605915.5185599399,4119903.6531505175],[605915.6162792927,4119903.5584882037],[605915.7050195566,4119903.455361141],[605915.7840506939,4119903.3446177216],[605915.8527225408,4119903.2271689964],[605915.9104701562,4119903.1039811787],[605918.1573929806,4119897.6839301256],[605925.9438119377,4119893.246708011],[605936.5436848849,4119887.9395441287],[605936.6720507194,4119887.86717896],[605936.7926966349,4119887.7825676827],[605960.1111505842,4119869.6569644813],[605960.270904023,4119869.513298146],[605963.4910738361,4119866.1703252513],[605981.2625908742,4119856.899058579],[605993.9312895079,4119851.1811121968],[606007.545384485,4119846.505402097],[606022.1418466896,4119842.900349344],[606022.2618546672,4119842.8653440005],[606027.9030906636,4119840.9614066775],[606028.0562108946,4119840.900159991],[606028.2016822188,4119840.8224743707],[606028.3377462459,4119840.7292888444],[606028.4627582968,4119840.621729796],[606031.3462622826,4119837.850786428],[606031.4509340147,4119837.739400016],[606031.5437267829,4119837.617939708],[606031.6236770637,4119837.487666699],[606031.6899546855,4119837.3499336923],[606031.7418714477,4119837.2061708528],[606031.7788882673,4119837.057870956],[606032.6514392977,4119832.608226266],[606032.6727914051,4119832.461005186],[606032.6794559251,4119832.3123931307],[606032.6713673087,4119832.163851779],[606032.6486051116,4119832.016842115],[606032.6113932125,4119831.8728100583],[606032.5600976101,4119831.7331722407],[606032.4952228243,4119831.599302076],[606027.9933987025,4119823.375727395],[606027.9211812193,4119823.257181875],[606027.838314455,4119823.145819832],[606027.7455080588,4119823.0425949413],[606027.6435568002,4119822.9483911935],[606027.5333337628,4119822.864015325],[606027.4157828676,4119822.7901899074],[606017.9790595107,4119817.4559324863],[606017.8451388978,4119817.388823429],[606017.7051927064,4119817.33540602],[606017.5606165644,4119817.2962129684],[606017.412852272,4119817.271635132],[606017.2633734241,4119817.261917616],[606007.8232447943,4119817.1206286824],[606007.6841578181,4119817.125002485],[606007.5460746813,4119817.142246743],[606007.4101837777,4119817.172213048],[606007.2776546337,4119817.2146434984],[606007.1496278434,4119817.2691729222],[606007.0272052516,4119817.3353320193],[605996.6635735631,4119823.573789286],[605996.5457839624,4119823.6525021177],[605996.4359455233,4119823.7419762323],[605996.3350380097,4119823.8414135166],[605996.2439615208,4119823.9499269864],[605984.890292431,4119838.853530739],[605983.4489212806,4119840.5456209625],[605969.7632024735,4119856.5924622947],[605967.6703302233,4119858.448040618],[605961.5865481658,4119863.830072786],[605961.5001151853,4119863.9129150207],[605958.1849887919,4119867.354465721],[605935.0683365336,4119885.323207006],[605924.5646358135,4119890.5822192007],[605924.493514136,4119890.620253426],[605916.2257731227,4119895.331765029],[605916.1064056138,4119895.4074530816],[605915.9946919893,4119895.4940403183],[605915.8916241309,4119895.590757949],[605915.7981171572,4119895.6967472374],[605915.7150012968,4119895.8110671276],[605915.6430145187,4119895.9327025963],[605915.5827959782,4119896.0605736673],[605913.2995065665,4119901.5683485875],[605909.5418330556,4119904.327802692],[605906.2911458997,4119905.5394996805],[605903.4833784832,4119904.81898251],[605899.6519093143,4119901.9874711763],[605894.8941310934,4119895.576864258],[605888.0201574002,4119884.869407894],[605874.2955961109,4119863.4807690927],[605840.997187379,4119811.608229493],[605840.9139219548,4119811.491241142],[605840.819851634,4119811.382750682],[605840.7158384939,4119811.28375234],[605838.0878927866,4119809.012049727],[605849.7196337823,4119800.3076030146],[605847.9221932555,4119797.9056855403],[605835.7633752467,4119807.0045627835],[605834.5870929435,4119805.990208599],[605829.6702877114,4119801.755538513],[605829.5486132852,4119801.6611748207],[605829.417906082,4119801.57978195],[605829.2795434172,4119801.5122175706],[605829.1349832747,4119801.4591936357],[605828.9857489442,4119801.4212688813],[605822.4178052592,4119800.106882174],[605822.2627182455,4119800.08419716],[605822.1061107342,4119800.077819139],[605821.9496926423,4119800.0878177513],[605808.983506956,4119801.600059024],[605808.8530522934,4119801.621134218],[605808.724958737,4119801.653609186],[605786.820948406,4119808.2463074313],[605756.0333708682,4119817.507642201],[605702.6631437938,4119832.3436565413],[605702.6625490084,4119832.2888726965],[605702.4939277562,4119829.468331785],[605702.4776958188,4119829.320447449],[605702.4468943512,4119829.174898412],[605702.4018263475,4119829.03311644],[605702.3429351416,4119828.896496242],[605701.3392583268,4119826.853277282],[605701.2644622491,4119826.7188947923],[605701.1762991392,4119826.592877441],[605701.075695811,4119826.4765499844],[605699.9019856699,4119825.2523067915],[605699.7940655946,4119825.150356388],[605699.6765960361,4119825.0595735135],[605699.5507277068,4119824.9808474625],[605697.5592075298,4119823.868375165],[605697.4420027856,4119823.809473682],[605697.3201002618,4119823.7610370074],[605697.1944321789,4119823.723435549],[605697.0659595534,4119823.6969568552],[605694.8962316117,4119823.347877219],[605694.7281714339,4119823.3304766626],[605694.5592205212,4119823.3320865855],[605694.391522448,4119823.352686561],[605692.799801133,4119823.6399913966],[605690.8874854613,4119822.1845809333],[605690.3882670247,4119814.805487406],[605691.1056965415,4119807.683414075],[605691.1132291382,4119807.540890374],[605691.1071820889,4119807.398295919],[605691.0876101389,4119807.2569216494],[605691.0546904776,4119807.118047457],[605689.9660544589,4119803.337083018],[605711.8080568193,4119797.5961445654],[605711.0454412438,4119794.694693638],[605689.1352799285,4119800.4535469487],[605688.7673145279,4119799.1772303227],[605688.721276903,4119799.042075689],[605688.6625974661,4119798.911910557],[605688.5918078853,4119798.7879142943],[605682.5434917865,4119789.275659204],[605677.4525015478,4119780.0184169556],[605668.7719228381,4119763.7429290893],[605666.2571737973,4119758.9684700244],[605689.2496823923,4119752.724803231],[605688.4634970803,4119749.8296499266],[605664.828139873,4119756.2478836887],[605664.4071845675,4119755.443044678],[605659.7708961929,4119740.9325717157],[605657.3126457371,4119724.2902440308],[605656.313249056,4119706.348993522],[605656.3841974342,4119702.789906414],[605656.5396975768,4119695.3134763753],[605679.8706707604,4119689.6355335596],[605679.1612808801,4119686.7206122917],[605656.2545634556,4119692.295306095],[605654.456052388,4119682.4268569727],[605654.4015614348,4119682.2160240742],[605643.3906266293,4119649.599205979],[605643.3895142366,4119649.5959233455],[605637.1689238367,4119631.308706464],[605658.5543953931,4119625.8827894097],[605657.8166126349,4119622.974924798],[605636.1126507589,4119628.481649145],[605633.3458521403,4119621.8360337648],[605633.260257745,4119621.6628180365],[605630.9315538841,4119617.627568458],[605654.3577801259,4119611.434403097],[605653.5910158879,4119608.534045773],[605629.35298369,4119614.9418273717],[605622.8006014324,4119604.1389953657],[605618.6041887136,4119592.0888535217],[605616.6496384852,4119584.9236302166],[605614.70174321,4119577.791887117],[605613.2541507165,4119565.817197482],[605613.1981143482,4119557.031491116],[605613.3524932718,4119552.1648646374],[605637.2135858515,4119546.088160403],[605636.4732079925,4119543.180955452],[605613.6223824442,4119549.0003749905],[605614.3320273757,4119542.6951382393],[605616.0295183051,4119533.8975670966],[605616.0299184329,4119533.8954854524],[605616.5237938982,4119531.316293496],[605616.5438132137,4119531.1762984153],[605616.5505595667,4119531.035040204],[605616.5551593117,4119522.901633377],[605616.5503642203,4119522.7809393406],[605616.5358735282,4119522.6610224396],[605615.6464808558,4119517.168356003],[605615.6133706089,4119517.0151257063],[605615.5644487899,4119516.8661879078],[605615.5002497513,4119516.7231693924],[605615.4214747124,4119516.5876322924],[605607.9993717142,4119505.2285244116],[605608.8507351468,4119504.5302018654],[605608.9477226365,4119504.4433406894],[605609.0368124633,4119504.348396286],[605609.117333427,4119504.2460839627],[605609.1886788848,4119504.1371745383],[605610.4397666112,4119502.0335354526],[605610.518393163,4119501.8824024983],[605610.5793753999,4119501.723328707],[605610.6219266967,4119501.558366009],[605611.0956859941,4119499.167555293],[605611.1152848579,4119499.040160132],[605611.1238744983,4119498.911552743],[605611.1213914909,4119498.7826827425],[605611.1078541697,4119498.6545016854],[605610.7477009618,4119496.2421152983],[605610.7127535965,4119496.074335523],[605610.6588961512,4119495.9116371917],[605610.5868316779,4119495.7561441595],[605609.4336442852,4119493.600099207],[605609.3445960622,4119493.4542496186],[605609.2395370017,4119493.3194746864],[605609.1198306156,4119493.197523591],[605607.3123683886,4119491.55477512],[605607.2128390963,4119491.4718736843],[605607.1065286198,4119491.397868207],[605606.9942297387,4119491.333310563],[605606.8767798897,4119491.2786821728],[605604.6078766014,4119490.3402879797],[605604.450166062,4119490.2851300263],[605604.2872996073,4119490.247853599],[605604.1212978682,4119490.228921175],[605601.6737714974,4119490.0872044796],[605601.5444546083,4119490.085301603],[605601.415454475,4119490.094545213],[605601.287730083,4119490.114866592],[605601.1622309344,4119490.1461146707],[605598.8195967429,4119490.8379264995],[605598.6598220537,4119490.8951196596],[605598.5075300826,4119490.9699939834],[605598.3646700998,4119491.061591113],[605596.3764851165,4119492.501298057],[605596.2439525555,4119492.609298211],[605596.124570303,4119492.731677911],[605596.0198892097,4119492.8668473666],[605595.3253721837,4119493.877799179],[605593.7092949843,4119493.2067691656],[605593.0957060248,4119492.6964386273],[605587.497010631,4119487.8530487274],[605585.534259269,4119490.121882589],[605591.1439640867,4119494.9747966602],[605591.166165725,4119494.993629553],[605591.9653749372,4119495.6583430567],[605592.0853919918,4119495.7484015413],[605592.2138060706,4119495.826018862],[605592.349332198,4119495.890418341]],[[605597.4839280436,4119501.4942256585],[605596.8624561359,4119499.8365443503],[605596.7866755514,4119498.0673900465],[605597.2526858504,4119496.370424527],[605598.3458754108,4119494.7791576087],[605599.9158986052,4119493.6422546976],[605601.7612580534,4119493.0972948833],[605603.6951969669,4119493.209273833],[605605.4883229891,4119493.9508916247],[605606.9104187163,4119495.243391986],[605607.8189406892,4119496.942000752],[605608.1022827787,4119498.8398891627],[605607.729333066,4119500.721967624],[605606.7447192511,4119502.3775446564],[605605.2441201458,4119503.6083964263],[605603.5921687738,4119504.2409035764],[605601.8133983114,4119504.323566748],[605600.0857939518,4119503.85431455],[605598.599653276,4119502.881376106],[605597.4839280436,4119501.4942256585]],[[605693.9772381667,4119836.3265139055],[605692.7221743119,4119835.982651937],[605692.5505186856,4119835.8723044186],[605691.197502142,4119834.987791694],[605690.5015873461,4119834.166906766],[605689.7732758363,4119832.498022852],[605689.6410304679,4119831.3654599595],[605689.9663129715,4119829.598203006],[605690.6426808352,4119828.359066641],[605691.9649782608,4119827.130251078],[605692.8916770638,4119826.67188623],[605694.6724654926,4119826.3504548827],[605696.327654478,4119826.616752218],[605697.8917633275,4119827.4904705896],[605698.7491584402,4119828.3847800903],[605699.5172752115,4119829.9484614744],[605699.6501762993,4119832.1715083933],[605699.0871234338,4119833.8092813306],[605698.274374043,4119834.8884613276],[605696.7740634589,4119835.928438086],[605695.8000155279,4119836.2604493015],[605693.9772381667,4119836.3265139055]],[[606025.5672424253,4119825.1913911332],[606029.60304139,4119832.5636680783],[606028.9260920918,4119836.015825883],[606026.6259330465,4119838.226195795],[606021.3617836288,4119840.0028650495],[606006.7614367408,4119843.6088772463],[606006.6338670164,4119843.646457155],[605993.1867248835,4119848.2648279234],[605990.3617322962,4119848.036638637],[605987.8908395432,4119846.1249241107],[605986.3018777639,4119841.8227792224],[605987.200579796,4119840.7677528625],[605987.251905778,4119840.7040594323],[605998.4565301891,4119825.9961019345],[606008.2070539368,4119820.126709085],[606016.8358894902,4119820.255855521],[606025.5672424253,4119825.1913911332]],[[605985.7148767187,4119848.234470268],[605988.4606358235,4119850.3588472],[605979.989547584,4119854.1822255715],[605979.9128225252,4119854.2195164147],[605972.3769254892,4119858.1509371754],[605984.070445308,4119844.4399980726],[605985.2256718439,4119847.5677963626],[605985.280068992,4119847.696334904],[605985.3461782138,4119847.8192608054],[605985.423427115,4119847.9355097353],[605985.5111468502,4119848.044075174],[605985.6085779143,4119848.1440171273],[605985.7148767187,4119848.234470268]]],[[[605682.8895477297,4119851.833819862],[605685.6049299106,4119853.1092412085],[605689.5530609707,4119844.703638813],[605686.8376787899,4119843.4282174665],[605682.8895477297,4119851.833819862]]],[[[605697.4250900953,4119914.6904925494],[605697.289876939,4119914.7355396454],[605697.1595493305,4119914.793215923],[605697.0352838002,4119914.86300071],[605696.9182021532,4119914.9442640254],[605692.4201323474,4119918.3940651617],[605692.3115411267,4119918.4858412584],[605692.2121270417,4119918.587486449],[605692.1227832685,4119918.6980875134],[605692.0443125075,4119918.8166507655],[605691.9774197716,4119918.9421109864],[605691.9227060521,4119919.073340991],[605691.880662919,4119919.2091617556],[605691.8516681048,4119919.348353012],[605691.8359821105,4119919.4896642105],[605691.8337458653,4119919.6318257535],[605692.0560857174,4119926.6473843884],[605692.06528037,4119926.772331891],[605692.0848699076,4119926.8960762653],[605693.6467483948,4119934.649733814],[605693.6854896352,4119934.800933728],[605697.455106889,4119946.863885413],[605699.1064674647,4119954.149737533],[605700.5693624043,4119953.8181679393],[605699.2263686131,4119954.486275473],[605703.7702201256,4119963.6200811276],[605703.8436928655,4119963.7509205886],[605703.9298705251,4119963.873764469],[605704.0278906692,4119963.987383391],[605715.6851951558,4119976.2066453663],[605715.6866669165,4119976.2081858837],[605734.5866293445,4119995.9629919715],[605736.818592464,4119998.305730378],[605745.6408293259,4120008.930232091],[605746.3738187661,4120009.8117400976],[605750.5351589869,4120017.968158893],[605751.5401067008,4120024.54991466],[605751.628523209,4120033.2393052573],[605749.8441239473,4120041.3248726223],[605743.4476505553,4120053.753059195],[605743.3692378175,4120053.9336462934],[605741.0148520427,4120060.506223827],[605740.9683209882,4120060.6623575543],[605740.938997558,4120060.82261677],[605740.9272276756,4120060.9851109227],[605740.7792671353,4120069.216589945],[605740.7847194476,4120069.3741286863],[605740.8066743263,4120069.5302253426],[605740.8448893096,4120069.6831560386],[605740.8989423651,4120069.8312318637],[605740.9682365505,4120069.972817522],[605745.8796484529,4120078.800584869],[605745.9676483925,4120078.940101076],[605746.0704352465,4120079.0691112457],[605746.1867660357,4120079.1860552873],[605746.3152339971,4120079.2895190213],[605754.159631909,4120084.925226064],[605754.2802836038,4120085.0034223134],[605754.4078676058,4120085.0697081136],[605754.5412117592,4120085.1234744755],[605754.6790909875,4120085.16422743],[605754.8202385495,4120085.1915925657],[605759.5615142172,4120085.8769488204],[605759.6446630941,4120087.7453433047],[605759.6599346945,4120087.902225169],[605759.6915847114,4120088.0566383083],[605759.7392636563,4120088.2068776484],[605759.8024450446,4120088.351284204],[605759.8804312093,4120088.488263397],[605759.9723610051,4120088.6163026635],[605761.9293068402,4120091.0598956863],[605762.0337190803,4120091.177130426],[605762.1498124546,4120091.2828102657],[605762.2763153074,4120091.375777616],[605762.4118419602,4120091.455014138],[605762.5549078902,4120091.519651896],[605762.7039459912,4120091.5689828647],[605764.387121231,4120092.029910441],[605763.5358291863,4120096.5783084603],[605762.6945768682,4120098.3384483587],[605752.3890957157,4120106.5228999257],[605754.254838205,4120108.8721561832],[605762.1187464879,4120102.6267635114],[605761.3055849955,4120112.4788024235],[605756.1544027994,4120120.0014973143],[605750.9515840539,4120126.007083541],[605750.8634460906,4120126.1191711626],[605750.7863493674,4120126.2391212806],[605748.3370874361,4120130.4803117155],[605748.2774123455,4120130.594748862],[605748.2277953475,4120130.7138921814],[605748.1886037614,4120130.8368596425],[605746.9049106004,4120135.557661138],[605736.8595291667,4120172.280449222],[605736.6268169302,4120173.132499808],[605736.6237318782,4120173.143974006],[605734.0667803468,4120182.8064759267],[605730.3801339158,4120190.8308694595],[605730.3535568184,4120190.8922939324],[605729.4561623153,4120193.1002308065],[605729.4541111675,4120193.1053039306],[605726.8343036699,4120199.6190643515],[605726.7782837991,4120199.786066942],[605724.3124066666,4120208.876071596],[605724.2832784859,4120209.006030813],[605724.2657926948,4120209.1380614764],[605724.2600871423,4120209.2711227243],[605724.2862955017,4120226.112284226],[605723.1369334377,4120234.5396357635],[605723.124345043,4120234.6830887203],[605723.1255706721,4120234.8270877353],[605723.6118777205,4120243.420401913],[605723.6807257091,4120244.673335877],[605720.7182342366,4120252.325272405],[605700.0784193091,4120279.596223573],[605691.4227409835,4120290.7529183887],[605683.2221681009,4120299.166956014],[605658.9668178734,4120317.9087543357],[605656.4519011722,4120319.3673598333],[605653.9978590749,4120319.3364989203],[605652.3620620689,4120318.472518334],[605638.3382785989,4120289.706281538],[605627.1280252611,4120266.7085251035],[605625.0268181699,4120262.3780196058],[605625.0256901034,4120262.375699786],[605610.4930659516,4120232.555213616],[605596.2803736357,4120203.39344289],[605566.6177573288,4120142.524564986],[605563.9209368469,4120143.8387793098],[605593.5835660637,4120204.7076837053],[605607.7962714478,4120233.869481247],[605622.3283226589,4120263.6887917602],[605624.429559646,4120268.0193588724],[605624.4307476874,4120268.0218017446],[605635.6416116672,4120291.0208109072],[605649.8800857309,4120320.2274310365],[605649.9565698032,4120320.3653910593],[605650.0471190172,4120320.494556152],[605650.1507319883,4120320.6134978747],[605650.2662628589,4120320.7209008504],[605650.3924339716,4120320.8155773077],[605650.5278499984,4120320.896480218],[605652.9166830936,4120322.1581926495],[605653.045200541,4120322.218475586],[605653.1788410156,4120322.266339876],[605653.316407647,4120322.301356853],[605653.4566684028,4120322.323212907],[605653.5983671221,4120322.331712299],[605656.8277845401,4120322.372323978],[605656.9890129092,4120322.365671211],[605657.1485936958,4120322.3417375763],[605657.3046801001,4120322.3008000543],[605657.4554657622,4120322.2433324074],[605657.5992056665,4120322.1699996986],[605660.5578910342,4120320.4540165244],[605660.7224731913,4120320.3434099206],[605685.1399013363,4120301.476376069],[605685.2969587686,4120301.336371935],[605693.6302091009,4120292.786203204],[605693.7411573881,4120292.658727404],[605702.4542127836,4120281.4280766915],[605702.4651258318,4120281.4138353183],[605723.2372201944,4120253.9681061283],[605723.315979835,4120253.853341526],[605723.3837624295,4120253.7317704977],[605723.4399843247,4120253.6044398514],[605726.595016392,4120245.4551825975],[605726.6444906361,4120245.3040439924],[605726.6776856313,4120245.148516917],[605726.6942282574,4120244.9903495363],[605726.6939325711,4120244.831319692],[605726.6072914398,4120243.2545762276],[605726.6071547233,4120243.252124808],[605726.1289429305,4120234.8018582696],[605727.2726950137,4120226.41564023],[605727.2864521426,4120226.2106053345],[605727.2603963567,4120209.4674856304],[605729.6505425159,4120200.656649346],[605732.236407801,4120194.227281172],[605733.1201688878,4120192.0528877643],[605736.8468203187,4120183.941418926],[605736.8955640565,4120183.822048425],[605736.9338761825,4120183.6989328316],[605739.5223848908,4120173.9171790294],[605739.7532966641,4120173.0717201997],[605749.798898657,4120136.34812582],[605749.7994950829,4120136.345938981],[605751.0323880168,4120131.811956108],[605753.3127128556,4120127.863300486],[605758.4776362308,4120121.9014566857],[605758.5815620006,4120121.766761431],[605764.0054540895,4120113.845805861],[605762.7678057387,4120112.9983233777],[605764.262722382,4120113.1217098827],[605765.3708588406,4120099.695836162],[605766.32740097,4120097.694477081],[605766.3784558447,4120097.5745171756],[605766.4189014174,4120097.450577131],[605766.4484321539,4120097.323593216],[605767.4343363257,4120092.055971357],[605769.5660013767,4120091.25778931],[605769.7093280046,4120091.1954258974],[605769.8453867629,4120091.118486104],[605769.9727002517,4120091.027805384],[605770.0898860326,4120090.924368397],[605770.1956716388,4120090.809298318],[605770.2889083929,4120090.6838446404],[605772.0164721761,4120088.086900535],[605772.0971448171,4120087.9505196437],[605772.162980678,4120087.8063896266],[605772.2132450943,4120087.6561188344],[605772.2473771638,4120087.501384144],[605772.2649960056,4120087.3439122452],[605772.2659050105,4120087.185460372],[605772.1188315778,4120084.065591193],[605772.1033237724,4120083.909905025],[605772.0716836689,4120083.756681075],[605772.0242554926,4120083.60758633],[605771.9615552343,4120083.464242852],[605771.884265036,4120083.3282101345],[605771.8229776829,4120083.2425512127],[605776.895119504,4120077.7143963696],[605776.9782791858,4120077.6155312355],[605777.0526234681,4120077.5098772002],[605777.1176008864,4120077.398217975],[605784.2271101859,4120063.8727470543],[605784.2520735718,4120063.823038859],[605789.9717568505,4120051.886919126],[605796.5988472976,4120040.87010532],[605806.279774047,4120031.7589058382],[605817.4918309875,4120025.2962772874],[605819.506590196,4120024.1971384436],[605822.303288971,4120024.2752321344],[605823.7298534854,4120025.192341595],[605823.8509983035,4120025.262459143],[605823.9781516022,4120025.3209790215],[605824.1102061569,4120025.3673916506],[605824.2460120633,4120025.401292879],[605824.3843867518,4120025.4223875017],[605824.524125284,4120025.430491831],[605824.6640108455,4120025.4255352966],[605826.7692713764,4120025.252319503],[605826.905122377,4120025.234867522],[605827.0388151213,4120025.205096461],[605827.1692349052,4120025.1632545446],[605827.2952943136,4120025.109690643],[605827.4159422874,4120025.044851362],[605827.5301728873,4120024.969277318],[605827.6370336802,4120024.883598634],[605829.2163122185,4120023.4942782857],[605829.3171844067,4120023.396803582],[605829.4085101152,4120023.2903323127],[605829.4894906902,4120023.1757955817],[605829.5594179466,4120023.0541950264],[605829.6176803625,4120022.9265940585],[605829.6637684262,4120022.7941085626],[605829.697279092,4120022.6578971404],[605830.1049200498,4120020.5880512693],[605830.1255488279,4120020.4494180046],[605830.1331478361,4120020.309464499],[605830.1276507275,4120020.1694126856],[605830.1091054975,4120020.0304853553],[605830.077674064,4120019.8938954817],[605830.0336308547,4120019.760835629],[605829.9773604105,4120019.6324675423],[605829.0427616012,4120017.7454470103],[605828.9756037056,4120017.6242667376],[605828.8975515651,4120017.509799691],[605828.8092710458,4120017.4030223927],[605828.7115152724,4120017.3048457652],[605828.6051182032,4120017.216107357],[605828.4909875161,4120017.1375641986],[605828.3700968646,4120017.0698863454],[605826.4830116649,4120016.1251386013],[605826.3562310659,4120016.0688405344],[605826.2247917871,4120016.0244952017],[605826.0898179433,4120015.992481859],[605825.9524638784,4120015.9730742965],[605825.813904293,4120015.966438494],[605825.6753241972,4120015.972631204],[605825.5379087769,4120015.9915994634],[605823.4654812947,4120016.376055876],[605823.3311235396,4120016.4074344123],[605823.2002173777,4120016.4510256466],[605823.0738703697,4120016.506460766],[605822.953151502,4120016.5732707493],[605822.839082143,4120016.6508903364],[605822.7326274017,4120016.7386628087],[605822.6346879618,4120016.835845549],[605821.2255061785,4120018.369061746],[605818.2237635084,4120021.4795854716],[605816.0396404373,4120022.671119674],[605816.008935426,4120022.688341199],[605804.6300621656,4120029.2471226607],[605804.4845606624,4120029.3426455907],[605804.3511042411,4120029.4543805504],[605794.3921090006,4120038.827284057],[605794.29671713,4120038.925657054],[605794.2107005293,4120039.0323247616],[605794.13477703,4120039.1463970095],[605787.3643950046,4120050.401417408],[605787.2970472864,4120050.5264119054],[605781.5586721101,4120062.501538821],[605774.5528018812,4120075.829841811],[605769.9273807445,4120080.8711133604],[605769.8417547123,4120080.7645081044],[605769.7374270009,4120080.6476781573],[605769.6214851917,4120080.5423643175],[605769.4951934888,4120080.4497149047],[605769.3599289493,4120080.3707401473],[605769.217166468,4120080.306301169],[605769.068462696,4120080.2571005984],[605766.0529302161,4120079.431314898],[605765.9004659798,4120079.397981212],[605765.7453634983,4120079.380669417],[605765.5893017718,4120079.379566915],[605765.4339701843,4120079.394685641],[605765.2810502157,4120079.4258619337],[605765.1321972405,4120079.472758306],[605762.1989723163,4120080.5676433844],[605762.0548163578,4120080.6302404655],[605761.9180011423,4120080.70757695],[605761.7900285567,4120080.798803877],[605761.6723034175,4120080.9029198056],[605761.5661180504,4120081.0187818045],[605761.4726381034,4120081.145118001],[605760.2785800094,4120082.949420954],[605755.6122865264,4120082.274903451],[605748.3381115455,4120077.0488657574],[605743.7860361595,4120068.8669695426],[605743.9223096396,4120061.2856759676],[605746.160236536,4120055.0382087096],[605752.6006480223,4120042.524651527],[605752.654700373,4120042.4075048952],[605752.6984862938,4120042.2861468173],[605752.7316818663,4120042.1614750726],[605754.5949427147,4120033.71856578],[605754.6221586707,4120033.5503074895],[605754.6301105958,4120033.3800479006],[605754.5388710282,4120024.4132128917],[605754.5217636155,4120024.2020685617],[605753.4642223389,4120017.2758590677],[605753.4316584303,4120017.119157184],[605753.3825836466,4120016.966816926],[605753.3175566965,4120016.8205726636],[605748.9701723328,4120008.299498766],[605748.8864788928,4120008.155749655],[605748.78738392,4120008.0221510567],[605747.9485304223,4120007.013329404],[605739.0939291095,4119996.3498516157],[605739.025940941,4119996.273433332],[605736.757594438,4119993.892505787],[605736.755420476,4119993.8902287176],[605717.8551061889,4119974.135054856],[605706.3551511307,4119962.0807275693],[605701.9924889286,4119953.3111389107],[605700.4013521951,4119946.2909961785],[605700.2778440813,4119940.1663112575],[605702.1543111226,4119933.640313293],[605705.3121559698,4119924.3106416664],[605710.6776016575,4119916.4500030447],[605714.9947741682,4119912.637565646],[605793.5751009088,4119891.341479823],[605793.1827388657,4119889.8937049694],[605793.9940229792,4119891.1553777033],[605799.2444633469,4119887.779225755],[605799.6532072843,4119888.3148078565],[605799.7492413186,4119888.4284762307],[605799.8560652293,4119888.5320700877],[605799.972627725,4119888.6245699236],[605800.0977816734,4119888.7050654157],[605800.2302953909,4119888.7727643796],[605800.368864764,4119888.8270005663],[605800.5121260828,4119888.8672402184],[605802.520732597,4119889.325280726],[605802.6668537686,4119889.3510747347],[605802.8148084535,4119889.3623058936],[605802.9631488835,4119889.358864304],[605803.110423516,4119889.340783642],[605803.2551912375,4119889.308240832],[605803.3960354651,4119889.26155431],[605803.531578008,4119889.201180916],[605805.3713240527,4119888.270077353],[605805.5032310528,4119888.19469542],[605805.6268362108,4119888.1063571083],[605805.7408715088,4119888.0059686466],[605805.844167102,4119887.8945598816],[605805.9356633204,4119887.773273714],[605806.0144215389,4119887.6433543717],[605806.0796338071,4119887.5061346483],[605806.3341833467,4119886.892085387],[605806.8721375468,4119885.6158259613],[605806.9232958094,4119885.4752516197],[605806.9601977353,4119885.330280722],[605806.9824763008,4119885.1823551366],[605806.9899099253,4119885.032946119],[605806.9824246743,4119884.883539679],[605806.9600949958,4119884.7356218006],[605806.9231429787,4119884.5906636626],[605806.3177826472,4119882.6301193913],[605806.2668255009,4119882.4901548848],[605806.2022380737,4119882.355934327],[605806.1246572464,4119882.228781234],[605806.0348480243,4119882.109949431],[605805.9336959939,4119882.0006106882],[605805.8221985904,4119881.9018431692],[605805.7014552621,4119881.814620795],[605803.976276536,4119880.6943797786],[605803.8460012492,4119880.6188013195],[605803.7088035829,4119880.5566679616],[605803.5660667184,4119880.508606113],[605803.4192296815,4119880.4751003166],[605803.2697728344,4119880.456488367],[605803.1192029514,4119880.4529579044],[605802.9690380284,4119880.464544521],[605800.9158602421,4119880.7271923115],[605800.7698766334,4119880.7532568346],[605800.6271800435,4119880.793608496],[605800.4891651298,4119880.847852915],[605800.3571807935,4119880.915459929],[605800.232516995,4119880.9957687748],[605800.1163921471,4119881.087994547],[605800.009941206,4119881.1912358687],[605798.6066950229,4119882.693739628],[605798.5099881656,4119882.8082589344],[605798.4251933395,4119882.9318579845],[605798.353157245,4119883.0633026073],[605798.2945991831,4119883.201280291],[605798.2501038726,4119883.3444132893],[605798.2201156117,4119883.491272378],[605798.2049338417,4119883.640391128],[605798.1388266431,4119884.9234816222],[605792.5665286689,4119888.5065952935],[605713.8720263971,4119909.833623873],[605714.2643884402,4119911.2813987266],[605713.8199302516,4119909.8487588842],[605705.8302364805,4119912.3274591933],[605697.4250900953,4119914.6904925494]],[[605699.2807469844,4119932.7778517893],[605697.8026980868,4119937.918226699],[605696.5722425723,4119933.9807114494],[605695.0506012223,4119926.4268037435],[605694.8566223249,4119920.306127152],[605698.5148952393,4119917.500409455],[605706.6615009353,4119915.2100625513],[605706.699986287,4119915.1986850617],[605708.2217213662,4119914.726586215],[605702.7183783929,4119922.78925106],[605702.6467634791,4119922.9051442575],[605702.5859588706,4119923.0270570484],[605702.5364661358,4119923.153983792],[605699.3015178322,4119932.7114531617],[605699.2807469844,4119932.7778517893]],[[605803.5210264208,4119885.844189348],[605802.659909553,4119886.2800043817],[605801.7085793042,4119886.0630640364],[605801.1235851417,4119885.296539143],[605801.1727967433,4119884.3413793487],[605801.8331707681,4119883.634294258],[605802.803931178,4119883.510112086],[605803.6117031724,4119884.0346370563],[605803.8955391718,4119884.953879718],[605803.5680007492,4119885.73094215],[605803.5645702711,4119885.7391486196],[605803.5210264208,4119885.844189348]],[[605823.6093021431,4120020.954849143],[605823.7362849806,4120020.070577669],[605824.504780997,4120019.234439597],[605825.5901438982,4120019.0330937207],[605826.5775451087,4120019.5274249073],[605827.0630999416,4120020.5077941627],[605826.8522649779,4120021.578333987],[605826.0283546046,4120022.303143081],[605824.9245988677,4120022.393957459],[605823.960540916,4120021.774184109],[605823.6093021431,4120020.954849143]],[[605769.2460563804,4120086.8350834274],[605768.0597579158,4120088.618375503],[605766.043958194,4120089.373172861],[605763.9663213196,4120088.8042243007],[605762.619937484,4120087.1230259314],[605762.5250490884,4120084.9908389244],[605763.7051597157,4120083.207611542],[605765.7276268803,4120082.452685078],[605767.8072350593,4120083.0221734545],[605768.6806410889,4120084.1095725903],[605769.1450232711,4120084.6918677688],[605769.2460563804,4120086.8350834274]]],[[[605689.0685008402,4120389.293120215],[605676.415775857,4120363.1356544294],[605664.196016236,4120337.8384523545],[605661.4946673177,4120339.1433332],[605673.714603093,4120364.440899947],[605686.3675704093,4120390.5988670727],[605698.7085311543,4120416.130823484],[605733.7250885054,4120488.5633832123],[605733.7965640676,4120488.694211186],[605733.8806730779,4120488.817298103],[605733.9765847368,4120488.931428153],[605734.0833516627,4120489.035474],[605739.2523186731,4120493.5944733303],[605739.3618130974,4120493.6822905024],[605739.4790364953,4120493.7594886865],[605739.6029624649,4120493.825391939],[605764.971319009,4120505.828977536],[605765.1286261462,4120505.892784158],[605765.2921353633,4120505.9384082346],[605771.4774844575,4120507.292338494],[605771.6278114871,4120507.3173200036],[605771.7798974081,4120507.326920226],[605771.932172539,4120507.3210400767],[605789.9474413659,4120505.7059127386],[605790.0495700951,4120505.693211877],[605794.3075858604,4120505.014624866],[605798.9834162311,4120504.2747239466],[605799.1184003032,4120504.2469547614],[605799.2502661177,4120504.2069143527],[605799.3779006203,4120504.1549406946],[605826.1394548331,4120491.795365628],[605825.9993585163,4120494.3515766496],[605825.9988008878,4120494.5048488444],[605826.013887397,4120494.657377772],[605826.0444605228,4120494.8075708495],[605826.0902010454,4120494.9538598824],[605826.1506313793,4120495.0947174393],[605826.22512056,4120495.2286727997],[605830.0348208867,4120501.3240699754],[605832.578801338,4120499.7340500182],[605829.0208573362,4120494.041454811],[605829.2713752767,4120489.470480103],[605834.8381664603,4120387.0780295497],[605834.838340254,4120387.0747673535],[605835.0020987416,4120383.936617861],[605835.0036916214,4120383.8219035454],[605834.996512498,4120383.707403014],[605834.5467128078,4120379.2632742263],[605834.5205723051,4120379.0978485825],[605834.4761534096,4120378.936368147],[605834.4140098565,4120378.7808459676],[605833.3167579934,4120376.425734984],[605833.3141242068,4120376.420112326],[605823.9200897284,4120356.473122009],[605812.5989687862,4120332.4184893332],[605812.4995705901,4120332.239971867],[605811.1341113215,4120330.1384984455],[605809.7339963049,4120327.9700152976],[605809.6429190905,4120327.8438371634],[605809.5392594875,4120327.7277739597],[605809.4241331491,4120327.623074835],[605809.2987791405,4120327.5308666304],[605809.164546604,4120327.452141751],[605809.0228802386,4120327.3877474857],[605805.1867030362,4120325.8788988553],[605777.8681728587,4120313.2801180445],[605742.6498776996,4120297.035887768],[605742.4607938319,4120296.9637104855],[605739.8531729564,4120296.165257533],[605739.7012786119,4120296.1272930535],[605739.5462544394,4120296.105368193],[605739.389789389,4120296.099721816],[605739.2335881086,4120296.1104154396],[605739.0793523726,4120296.137332559],[605738.9287625412,4120296.1801799187],[605738.7834592531,4120296.2384907077],[605708.213680266,4120310.4008636605],[605709.4747620238,4120313.122935078],[605739.523696681,4120299.2018589843],[605741.4854660115,4120299.802552332],[605776.6116926306,4120316.004316539],[605803.9694202894,4120328.621174477],[605804.0485665594,4120328.6549568935],[605807.4755455964,4120330.0028593373],[605808.614974747,4120331.7675950066],[605808.6173283916,4120331.7712287875],[605809.9281746311,4120333.788651493],[605821.2057704364,4120357.7508038227],[605830.5987237577,4120377.6954985573],[605831.5875113342,4120379.817804802],[605832.000183291,4120383.8951026825],[605831.8893551071,4120386.0189340287],[605828.7512110523,4120387.4852669886],[605828.7494703401,4120387.486081715],[605793.0007695521,4120404.245901308],[605755.7527926519,4120421.697150125],[605755.6227368474,4120421.766057407],[605755.5000602847,4120421.847378909],[605755.3859440789,4120421.940331679],[605755.2814869268,4120422.044020777],[605755.1876945293,4120422.1574478988],[605755.1054699081,4120422.279520981],[605755.0356047117,4120422.4090647195],[605754.9787715939,4120422.544831882],[605754.935517737,4120422.68551532],[605754.9062595837,4120422.829760549],[605754.891278828,4120422.976178795],[605754.8907197029,4120423.1233603605],[605754.9045875914,4120423.269888199],[605754.9327489755,4120423.4143515583],[605754.9749327204,4120423.5553595633],[605755.0307326864,4120423.6915546055],[605790.7178079565,4120499.905317975],[605791.3917447225,4120501.345114337],[605791.86936315,4120502.3653391264],[605789.6282737121,4120502.7224947284],[605771.8938362254,4120504.312444625],[605766.1002564654,4120503.0442699706],[605741.0777270843,4120491.2043199623],[605736.2944617638,4120486.9855073155],[605701.4095358356,4120414.8252302413],[605689.0685008402,4120389.293120215]],[[605798.3089803712,4120501.344118947],[605794.9524067632,4120501.8752613757],[605794.1088049355,4120500.0732716573],[605793.4348417264,4120498.6334188026],[605758.3835866678,4120423.777520978],[605794.2737191317,4120406.9624431175],[605830.022064695,4120390.202790115],[605831.7066461284,4120389.415650571],[605826.3248588062,4120488.4052458974],[605798.3089803712,4120501.344118947]]],[[[605707.7695097107,4119535.242726739],[605710.1550864492,4119540.2990467385],[605723.6562024247,4119568.9413052266],[605735.8089164519,4119594.726251962],[605745.9479464521,4119616.225256624],[605753.994991918,4119633.2924573617],[605754.0516764892,4119633.400966789],[605754.1170209396,4119633.5044923383],[605757.6379456004,4119638.608642573],[605757.7297657098,4119638.7283844007],[605757.8331515415,4119638.838295308],[605757.947056875,4119638.9372630436],[605758.0703290373,4119639.024286097],[605758.2017205665,4119639.098483831],[605758.3399018368,4119639.1591053973],[605758.4834745128,4119639.205537331],[605758.6309857003,4119639.237309761],[605760.030227258,4119639.4657461024],[605760.0380401058,4119639.467000459],[605763.0935534785,4119639.9493010053],[605763.24370992,4119639.965307435],[605763.394714811,4119639.966135451],[605763.5450377564,4119639.951776662],[605763.6931552723,4119639.9223765903],[605763.8375662263,4119639.878233198],[605769.2042353447,4119637.937376225],[605769.2452676017,4119637.9218547163],[605838.492308108,4119610.563295588],[605849.3932447914,4119607.135791351],[605851.968392313,4119611.1491372096],[605851.970301268,4119611.1521046157],[605853.6153940188,4119613.702747547],[605853.7021130925,4119613.823595332],[605853.8003745532,4119613.935260323],[605853.9092121901,4119614.0366445114],[605856.9562024394,4119616.604947067],[605857.0814831126,4119616.6997827115],[605857.2159969948,4119616.780992699],[605857.358268077,4119616.847685919],[605857.5067352318,4119616.8991305544],[605857.6597693425,4119616.9347621063],[605857.8156911796,4119616.954189594],[605861.9473298606,4119617.2503510774],[605862.1041299601,4119617.253371222],[605862.260388379,4119617.2400033884],[605862.4143970119,4119617.2103937035],[605862.5644723466,4119617.1648658398],[605865.9789865775,4119615.93067316],[605872.8004759348,4119613.7519559627],[605882.2271941691,4119612.635258923],[605888.5956739718,4119612.586383902],[605898.3037671292,4119614.024658729],[605898.483913983,4119614.0403294177],[605898.6646375204,4119614.034208763],[605906.7497726497,4119613.2705987394],[605906.8658920226,4119613.2550360467],[605906.9804426101,4119613.23045823],[605913.0166022999,4119611.6864939323],[605913.1698983716,4119611.6384017733],[605913.3171714294,4119611.57418972],[605913.4567319214,4119611.4945944287],[605913.586978776,4119611.4005290354],[605919.7462043694,4119606.429410694],[605919.8547538202,4119606.332750766],[605919.9534384271,4119606.226038661],[605920.0413316018,4119606.11027634],[605920.1176080813,4119605.986550742],[605923.350713957,4119600.124151087],[605922.0372222123,4119599.3997620777],[605923.528184764,4119599.564172143],[605924.1293526392,4119594.1124451607],[605924.1383604497,4119593.938605748],[605924.1271678047,4119593.764893323],[605923.1934312625,4119586.1744559156],[605923.1919938021,4119586.1746327444],[605923.1699446436,4119586.036783104],[605922.2636999997,4119581.897594061],[605922.2177379814,4119581.73312011],[605922.1533788166,4119581.574936401],[605922.0714567198,4119581.4250932904],[605919.8272970511,4119577.8238487737],[605919.7287280887,4119577.684104957],[605919.614893942,4119577.5564884944],[605919.4872741601,4119577.4426580686],[605916.166069382,4119574.8043005895],[605916.0282347288,4119574.7069291286],[605915.8803348778,4119574.625656581],[605915.7242418855,4119574.561511661],[605911.7040279323,4119573.1682104906],[605911.5409409655,4119573.1218308145],[605911.3736617048,4119573.094152629],[605911.2043274906,4119573.08552958],[605906.9532680764,4119573.109627836],[605906.7842401124,4119573.1201465344],[605906.617475163,4119573.1496515726],[605906.4550990066,4119573.1977668456],[605902.4524682836,4119574.6342084417],[605902.295270208,4119574.7009518715],[605902.1466776365,4119574.7851312514],[605902.0086167199,4119574.885655396],[605898.7267728299,4119577.573950183],[605898.6017581375,4119577.688769802],[605898.4905161762,4119577.8169783987],[605898.3944714473,4119577.9569342067],[605896.5597016035,4119580.984552905],[605887.7577213806,4119582.2507286286],[605887.6150230635,4119582.2783707473],[605887.4756700887,4119582.3196944073],[605887.3409709434,4119582.3743115906],[605873.2284962325,4119588.9096707744],[605873.1577332695,4119588.944731436],[605853.0479633918,4119599.5767184994],[605852.9221740627,4119599.6512856213],[605852.8042431214,4119599.7377466187],[605852.6952913424,4119599.8352797963],[605852.596354165,4119599.942958234],[605849.166178533,4119604.062387957],[605837.5412018962,4119607.7175469426],[605837.4399488502,4119607.753415097],[605768.1633270051,4119635.123661408],[605763.1801530094,4119636.9258272923],[605760.5096949805,4119636.5043061897],[605759.744723764,4119636.3794190856],[605756.6561624882,4119631.9020495648],[605748.6614278458,4119614.9457962965],[605738.5225402452,4119593.447093668],[605726.3698878689,4119567.6622777395],[605712.8686116284,4119539.0196792497],[605710.5092409857,4119534.018903842],[605705.4540605482,4119520.504177616],[605704.9774507232,4119518.5434945193],[605702.5221706312,4119508.437413479],[605702.5027256309,4119508.365261028],[605700.5021581539,4119501.6158408266],[605700.4494077807,4119501.4670911],[605700.3813200117,4119501.3247073265],[605700.2986486263,4119501.1902657957],[605700.2023088551,4119501.0652548694],[605700.093367247,4119500.951058507],[605695.0154035235,4119496.1602389766],[605694.8861636859,4119496.0513912407],[605694.7455019751,4119495.957769404],[605694.5952032794,4119495.8805614556],[605683.8287273279,4119491.0958804884],[605672.1090249725,4119485.8886267096],[605670.8909031466,4119488.630191813],[605682.6104522774,4119493.8373775072],[605693.1429080893,4119498.518058641],[605697.7406944624,4119502.855853464],[605699.6157957218,4119509.181981658],[605702.0622746677,4119519.2518366496],[605702.5601422061,4119521.299970028],[605702.6127648675,4119521.4711769894],[605707.7211710707,4119535.1281991554],[605707.7695097107,4119535.242726739]],[[605895.1701112569,4119585.935881728],[605895.1448116162,4119586.093074577],[605895.136316035,4119586.2520635347],[605895.1447202287,4119586.4110573493],[605895.5652088542,4119590.3665839084],[605895.5909980519,4119590.5264723925],[605895.6338749124,4119590.6826485265],[605895.6933395978,4119590.833291685],[605897.3516205825,4119594.449339623],[605897.4252074577,4119594.5897155353],[605897.5131953491,4119594.7215432865],[605897.6146019044,4119594.8433510675],[605900.3286792936,4119597.773647145],[605900.4441860826,4119597.885656736],[605900.5710257824,4119597.984649954],[605900.7077390052,4119598.069487808],[605904.206610441,4119599.9888295536],[605904.3488295177,4119600.057369372],[605904.4974646331,4119600.110581917],[605904.6508693082,4119600.1478777374],[605908.5728483498,4119600.885265646],[605908.7317448714,4119600.9064251054],[605908.8919920635,4119600.9105073432],[605909.0517598445,4119600.8974657394],[605913.0164365218,4119600.3593367725],[605913.1731675554,4119600.329500799],[605913.325843046,4119600.283186689],[605913.4727357379,4119600.2209184044],[605917.0622514517,4119598.468582888],[605917.2018458713,4119598.3909730003],[605917.3323968621,4119598.298960308],[605917.452424272,4119598.1935880273],[605920.3006183484,4119595.411064855],[605920.4111971115,4119595.2905719345],[605920.508001017,4119595.158756872],[605920.5898793376,4119595.017186581],[605921.1281826341,4119593.9569724067],[605921.1282510255,4119593.9575283662],[605920.5790882129,4119598.9376443136],[605917.6328509432,4119604.279882093],[605911.9568690322,4119608.86097388],[605906.3507832934,4119610.2949313424],[605898.5635683183,4119611.0304039493],[605888.9202875834,4119609.6017312217],[605888.8049300658,4119609.5891780606],[605888.6889473484,4119609.5855797273],[605882.1214121643,4119609.6359824026],[605881.9564661296,4119609.64635347],[605872.3046924077,4119610.789710774],[605872.1632825228,4119610.8133622683],[605872.0247766952,4119610.850406626],[605865.0393073374,4119613.081497437],[605864.9857849041,4119613.0997104594],[605861.8441777814,4119614.235259545],[605858.5167134211,4119613.9967423715],[605856.0146200351,4119611.8877323936],[605854.4923650409,4119609.5275439247],[605851.8928191366,4119605.476173391],[605854.712129125,4119602.0903556924],[605874.5249969389,4119591.6153400377],[605888.4023021508,4119585.188885718],[605895.5535595649,4119584.160168509],[605895.1701112569,4119585.935881728]],[[605907.2268982879,4119576.108124892],[605910.9644020678,4119576.086937862],[605914.5002390126,4119577.312366611],[605917.4182795952,4119579.6304513747],[605919.3884744052,4119582.792059417],[605920.1840273441,4119586.42567428],[605919.7171651815,4119590.109420435],[605918.0270363761,4119593.438210223],[605915.5289136581,4119595.8787336433],[605912.3736521015,4119597.4190742713],[605908.8887095755,4119597.8920885106],[605905.4399949751,4119597.243681056],[605902.3641360415,4119595.556387149],[605899.978563221,4119592.980766164],[605898.5224805952,4119589.805632019],[605898.1533850848,4119586.333559279],[605898.8882010462,4119582.93069535],[605900.8268086655,4119579.7317302604],[605903.7094324877,4119577.37045323],[605907.2268982879,4119576.108124892]]],[[[606003.3813210443,4120024.8303001216],[606003.4822544532,4120024.7224271987],[606003.5720872071,4120024.6051489105],[606003.6499479633,4120024.479602811],[606003.715081503,4120024.3470066474],[606003.7668560562,4120024.2086465517],[606003.80476943,4120024.0658645616],[606003.8284538795,4120023.9200456077],[606003.8376796748,4120023.772604076],[606003.8323573293,4120023.6249700924],[606003.8125384677,4120023.4785756483],[606003.7784153252,4120023.3348407126],[606003.7303188829,4120023.1951594586],[605995.6695415339,4120003.064907193],[605995.6070218568,4120002.928874417],[605995.5312533529,4120002.7997513753],[605995.4429907984,4120002.6788243414],[605995.3431134308,4120002.567297943],[605995.2326161894,4120002.4662831626],[605995.112599805,4120002.376786271],[605994.9842598342,4120002.2996988012],[605994.8488747498,4120002.2357886685],[605994.7077932057,4120002.185692521],[605994.5624206011,4120002.149909396],[605994.4142050818,4120002.1287957532],[605994.2646231129,4120002.1225619167],[605990.5461209991,4120002.153328477],[605990.5585314428,4120003.6532771364],[605989.0737637789,4120003.4400519403],[605987.3490300896,4120015.450024776],[605985.0799508538,4120019.83084743],[605982.3041861391,4120021.8750500786],[605963.0507373668,4120021.5242854143],[605950.757063298,4120020.7826651684],[605950.7175018089,4120020.7808024185],[605939.4347508256,4120020.398757686],[605934.7452751594,4120018.926719541],[605929.0800996446,4120015.219930098],[605923.8353065259,4120011.2873710385],[605923.723681738,4120011.211278037],[605923.6056634982,4120011.1455366258],[605923.4822090778,4120011.090680047],[605923.3543198426,4120011.0471532545],[605923.2230331299,4120011.0153093035],[605916.7256864074,4120009.7461169222],[605916.5919768336,4120009.726204794],[605916.457017549,4120009.718411562],[605911.1921531163,4120009.65204775],[605908.3385196246,4120009.324587407],[605906.348643043,4120009.086668448],[605905.0617406417,4120007.8576841713],[605902.9898040807,4120010.027264519],[605904.6382311281,4120011.6015027217],[605904.742168376,4120011.69200747],[605904.853973648,4120011.772590608],[605904.9727031059,4120011.842571868],[605905.0973544586,4120011.9013604824],[605905.2268754239,4120011.9484601696],[605905.360172611,4120011.9834733224],[605905.4961207509,4120012.0061043673],[605907.9858976378,4120012.3037937465],[605907.9929704177,4120012.304622377],[605910.9259455724,4120012.64118734],[605911.0780453964,4120012.650847739],[605916.2836187533,4120012.7164641847],[605922.310579292,4120013.89377128],[605927.3188044815,4120017.648951112],[605927.3973696259,4120017.7040241826],[605933.2765452655,4120021.550836367],[605933.3949962731,4120021.620801217],[605933.5193591055,4120021.679619644],[605933.648587693,4120021.726796901],[605938.7308854673,4120023.322142888],[605938.8614865564,4120023.356761123],[605938.9946728846,4120023.3794870703],[605939.1293638628,4120023.390136345],[605950.5961840859,4120023.778413838],[605961.4376592634,4120024.432429671],[605960.2400630137,4120056.1729988423],[605963.2379298741,4120056.28611068],[605964.4353575759,4120024.550008626],[605982.7568948056,4120024.883795468],[606002.3095306857,4120025.2524962276],[606002.4571922796,4120025.248004657],[606002.6036959209,4120025.2290098257],[606002.7476205814,4120025.195695976],[606002.8875702483,4120025.148386238],[606003.0221874645,4120025.087539499],[606003.1501664955,4120025.013745948],[606003.2702659948,4120024.927721354],[606003.3813210443,4120024.8303001216]],[[605987.4349650296,4120021.7523199944],[605987.5142701435,4120021.6401335285],[605987.58297811,4120021.5211616014],[605990.1296514908,4120016.604398774],[605990.1982827482,4120016.451548703],[605990.2494390247,4120016.2919979934],[605990.28248204,4120016.127737369],[605991.8600464521,4120005.142559858],[605993.2652631003,4120005.1309332186],[606000.1044037923,4120022.2103811987],[605987.2288399911,4120021.967588862],[605987.2473078192,4120021.952636858],[605987.3457280537,4120021.856779873],[605987.4349650296,4120021.7523199944]]],[[[605795.8033823963,4120089.8021304063],[605795.9482016169,4120089.777762954],[605796.089943993,4120089.739351001],[605796.2272509161,4120089.687262728],[605796.3588062911,4120089.621997403],[605796.4833491524,4120089.5441805986],[605796.5996857495,4120089.454558193],[605796.7067009894,4120089.353989223],[605796.8033691248,4120089.243437647],[605796.8887635862,4120089.1239631088],[605796.9620658626,4120088.996710778],[605812.9378324505,4120057.8280035974],[605820.1130113732,4120049.88835129],[605817.8872445805,4120047.8768935637],[605810.579955254,4120055.9627318666],[605810.496709805,4120056.063322185],[605810.4225274066,4120056.170770725],[605810.3579701378,4120056.28426335],[605794.6570187561,4120086.9168062946],[605790.7301903468,4120087.381253492],[605787.7190281729,4120085.8490484427],[605784.2767063624,4120084.066044171],[605782.8969158113,4120086.729909414],[605786.3440463482,4120088.5154044405],[605786.3536816044,4120088.520351135],[605789.77475263,4120090.261134925],[605789.9089200135,4120090.3213178236],[605790.0483354364,4120090.3680747263],[605790.1916590938,4120090.400956291],[605790.337513622,4120090.41964652],[605790.4844973352,4120090.423965798],[605790.6311976956,4120090.4138726164],[605795.8033823963,4120089.8021304063]]],[[[605772.9569972943,4120137.488974435],[605771.5505615844,4120138.978938443],[605771.4433210925,4120139.1059687147],[605771.3507963134,4120139.244085977],[605771.2741237478,4120139.3915937077],[605770.2882706531,4120141.57622072],[605770.229275707,4120141.728585844],[605770.1872024967,4120141.8864635807],[605770.1625502072,4120142.04798076],[605769.9383114508,4120144.3531570337],[605769.9313526043,4120144.514649562],[605769.9418115756,4120144.675953227],[605769.9695669089,4120144.835194879],[605770.5080591808,4120147.172165237],[605770.5550193851,4120147.333872281],[605770.6198080643,4120147.489297041],[605770.7016087536,4120147.6364808585],[605771.0950681192,4120148.259311101],[605768.9615275288,4120149.325635963],[605768.8277029995,4120149.4013290843],[605768.7023296984,4120149.490323402],[605768.5867247949,4120149.5916839447],[605768.482102832,4120149.7043458195],[605768.3895629654,4120149.827125404],[605768.3100774172,4120149.9587327777],[605768.244481261,4120150.0977852773],[605768.1934636487,4120150.242822019],[605763.0028359627,4120167.8314557364],[605762.9893854435,4120167.8800244047],[605760.2658970708,4120178.3981802603],[605760.2635113801,4120178.4075173372],[605757.8448760633,4120188.0019277795],[605755.4121025535,4120191.5424397504],[605755.3697646421,4120191.607610779],[605752.7153410526,4120195.9349866174],[605752.6452735211,4120196.0627504424],[605752.5879334109,4120196.19671001],[605752.5438618358,4120196.335601155],[605752.5134746954,4120196.478113175],[605752.4970587504,4120196.6229011947],[605751.8573540889,4120206.5569997053],[605751.8545351897,4120206.68245036],[605751.8622115292,4120206.807697663],[605753.3019677982,4120220.729295813],[605753.3058189002,4120220.762839667],[605754.4435363468,4120229.776138167],[605754.4441925943,4120229.781265998],[605757.8646486118,4120256.1473434586],[605758.9707197489,4120265.4738781066],[605758.9789437305,4120265.533104086],[605759.8586263215,4120271.057574545],[605760.2116960353,4120273.3020509593],[605760.2392940128,4120273.436869572],[605760.2791314775,4120273.5685915635],[605760.3308731267,4120273.696108262],[605760.3940834638,4120273.81834639],[605764.796837964,4120281.4524411676],[605764.8668568162,4120281.5624968563],[605764.9461723975,4120281.6660532802],[605765.0341849092,4120281.762327327],[605771.0192251772,4120287.763017837],[605771.1189893978,4120287.854402985],[605771.226581935,4120287.9364273157],[605771.3411275047,4120288.0084235477],[605782.363113725,4120294.261170155],[605782.4543828657,4120294.3088821364],[605814.3745676597,4120309.624070092],[605839.6038597848,4120321.7194090807],[605847.8424505977,4120325.8884161855],[605847.9960718185,4120325.95564874],[605848.1562374562,4120326.005314265],[605855.9226726033,4120327.9451257773],[605856.058655373,4120327.9724798007],[605856.1965835072,4120327.9871558375],[605862.3057738681,4120328.3526308406],[605862.4324919699,4120328.3548478964],[605862.5589449169,4120328.3463599733],[605911.6347127401,4120322.9618572737],[605932.4272124555,4120320.6829840196],[605932.4650421407,4120320.678350775],[605935.8817912447,4120320.2157494086],[605939.465273614,4120319.887023552],[605939.4674015507,4120319.8868268197],[605947.6494583592,4120319.1245006183],[605947.3711522454,4120316.1374375615],[605939.1901593957,4120316.8996646334],[605935.5755489175,4120317.231245985],[605935.7125740377,4120318.7249742453],[605935.5113218615,4120317.2385363686],[605932.081423193,4120317.702918084],[605911.307780965,4120319.9797245436],[605862.3580738299,4120325.350396087],[605856.5146396162,4120325.000819627],[605849.0466688023,4120323.135555129],[605840.9440733251,4120319.0353662884],[605840.9152550843,4120319.021168837],[605815.6721046937,4120306.9191860463],[605783.7985823628,4120291.62638657],[605772.9990710241,4120285.4998494345],[605767.2972796581,4120279.783148492],[605763.1319819494,4120272.5607886077],[605762.8219643054,4120270.5899956934],[605762.8215233141,4120270.587209367],[605761.9463212568,4120265.0908769853],[605760.8428031444,4120255.785869771],[605760.8407763959,4120255.769545816],[605757.4195947929,4120229.397875287],[605756.2843153775,4120220.403891514],[605754.8592382692,4120206.6242322326],[605755.4669669837,4120197.1866944395],[605757.9066747372,4120193.2093592365],[605760.218940306,4120189.844227262],[605765.0639302981,4120187.8280712017],[605777.2140966877,4120182.7655675197],[605776.0602632505,4120179.9963314515],[605763.9110329213,4120185.058445279],[605761.4193663932,4120186.095307807],[605763.171326279,4120179.1455117348],[605765.8872895553,4120168.656417923],[605770.8861659707,4120151.7175404713],[605773.0589276798,4120150.6316132382],[605774.1890859805,4120151.5397080015],[605774.3233222807,4120151.635906043],[605774.4673201417,4120151.7167643355],[605774.6193340891,4120151.781302753],[605776.8807028355,4120152.5975983385],[605777.0382845827,4120152.644888627],[605777.2000975861,4120152.6746364064],[605777.3641951721,4120152.6864837995],[605779.7684238349,4120152.727848051],[605779.9346589014,4120152.72148185],[605780.0991666814,4120152.696746932],[605780.2599237565,4120152.6539475317],[605782.5498586278,4120151.9060468473],[605782.7029973696,4120151.8465670953],[605782.8487130265,4120151.7706970586],[605782.9852577029,4120151.6793468175],[605784.902348161,4120150.2387912394],[605785.0281974209,4120150.132950011],[605785.141704902,4120150.0139691154],[605785.2415064764,4120149.8832784593],[605786.5886085546,4120147.9029317256],[605786.6748822269,4120147.7594987443],[605786.7446384685,4120147.6073467364],[605786.7970087008,4120147.448370243],[605787.4207802851,4120145.126032162],[605787.4548506197,4120144.963927342],[605787.470839123,4120144.7990542753],[605787.4685508152,4120144.6334235896],[605787.3033937828,4120142.2456718734],[605787.2827136035,4120142.080516935],[605787.2438628625,4120141.9186699595],[605787.1873199217,4120141.7621237384],[605786.247905055,4120139.5532584772],[605786.1752951795,4120139.405591745],[605786.0869472772,4120139.2667670143],[605785.9839245722,4120139.1384549723],[605784.3825172883,4120137.3540051645],[605784.2633260997,4120137.2353114453],[605784.131594946,4120137.1307091434],[605783.9889804043,4120137.0415136786],[605781.8827663966,4120135.883189339],[605781.7348763322,4120135.812099184],[605781.5801060407,4120135.757588284],[605781.420307626,4120135.72030896],[605779.0474404822,4120135.3020701823],[605778.8842434492,4120135.2824501637],[605778.7198794982,4120135.2808044506],[605778.5563223277,4120135.297152804],[605776.1824106508,4120135.666728193],[605776.0227653751,4120135.7005662364],[605775.8677408501,4120135.7515468597],[605775.7191719894,4120135.819066641],[605775.5246472214,4120135.92058261],[605773.9877605434,4120132.9098310703],[605771.1410558635,4120124.94912853],[605772.6394744203,4120117.171605335],[605769.6936477816,4120116.6040620194],[605768.1176465863,4120124.78427695],[605768.0957957663,4120124.9428281304],[605768.090962627,4120125.102804928],[605768.1032021927,4120125.26238603],[605768.1323751177,4120125.4197546276],[605768.1781492725,4120125.5731191016],[605771.1954502102,4120134.010887659],[605771.271859794,4120134.187800447],[605772.9569972943,4120137.488974435]],[[605781.3819654277,4120149.1315335464],[605779.5680730953,4120149.7239570837],[605777.6649304709,4120149.691213913],[605775.8731925776,4120149.0444429093],[605774.3832380787,4120147.8472479],[605773.3741668396,4120146.2499289913],[605772.9479108292,4120144.400046062],[605773.1245020827,4120142.584686513],[605773.9050083215,4120140.85510325],[605775.2094861539,4120139.4731524037],[605775.57665789,4120139.277387715],[605776.888065093,4120138.5930081634],[605778.7718422876,4120138.2997379056],[605780.6548374384,4120138.6316324207],[605782.3199981087,4120139.547396976],[605783.5847361941,4120140.9566959445],[605784.3279424289,4120142.704211863],[605784.4583887544,4120144.5901348116],[605783.9654786501,4120146.4252679506],[605782.9010661385,4120147.990038635],[605781.3819654277,4120149.1315335464]]],[[[605935.3648037273,4120168.4997596326],[605936.4447264645,4120172.2036059923],[605936.4489942265,4120172.2179756896],[605938.3826860903,4120178.611551626],[605938.4290413833,4120178.742578859],[605938.4873252372,4120178.868753108],[605938.5570372669,4120178.98899113],[605938.6375789728,4120179.1022606427],[605938.7282588797,4120179.2075891923],[605938.8282984721,4120179.3040725007],[605938.9368388794,4120179.390882229],[605947.0352326526,4120185.2740958594],[605947.1654107434,4120185.3587325267],[605947.303640827,4120185.4294583686],[605958.9774506954,4120190.6587118423],[605959.0868473593,4120190.702639835],[605959.1993558622,4120190.737841191],[605973.8440952388,4120194.695236327],[605974.0465922413,4120194.7352450583],[605986.4763304701,4120196.31233883],[605986.6031288711,4120196.322986758],[605986.7303734942,4120196.3228497715],[605997.402275908,4120195.8582842215],[605997.5912999179,4120195.8379970696],[606007.8092164438,4120194.080562386],[606007.8654620798,4120194.0697790585],[606012.4118097837,4120193.1078333263],[606014.3579152377,4120193.242032793],[606016.8841805416,4120196.0275104605],[606016.9335258895,4120196.0793760642],[606023.4267417605,4120202.585989125],[606025.5502471384,4120200.466856069],[606019.0823229555,4120193.9855868793],[606016.1745169587,4120190.779419794],[606016.0731831647,4120190.6778974887],[606015.9626154959,4120190.5865185694],[606015.8438250476,4120190.506118658],[606015.7178981091,4120190.4374329792],[606015.58598623,4120190.3810896347],[606015.4492956898,4120190.337603861],[606015.3090764666,4120190.3073733174],[606015.1666108072,4120190.29067445],[606012.4093255553,4120190.1005376773],[606012.2707303354,4120190.097401803],[606012.1324375146,4120190.1070746714],[606011.9956283267,4120190.1294736625],[606007.2724712607,4120191.128829866],[605997.1766484171,4120192.8652649974],[605986.7273706408,4120193.320139329],[605974.5268350405,4120191.772126945],[605960.0960337636,4120187.8725435305],[605948.6723375842,4120182.7553278483],[605941.1081938744,4120177.2602291135],[605939.3227049279,4120171.3566726176],[605938.1850283268,4120167.454745941],[605938.1390418238,4120167.3208822613],[605938.0806425337,4120167.1919490765],[605938.01035045,4120167.069094422],[605931.2668603675,4120156.4760115077],[605931.1554185196,4120156.323162457],[605923.3322797837,4120146.903763708],[605923.2607514742,4120146.8236576533],[605916.9458391339,4120140.241702879],[605916.9147290215,4120140.2102203975],[605908.4351002963,4120131.878618223],[605912.5657680602,4120127.103820409],[605912.652869335,4120126.9930161303],[605912.7291864112,4120126.8745259442],[605912.7940455202,4120126.749395947],[605912.8468740506,4120126.6187308533],[605912.8872056033,4120126.483684246],[605912.9146841097,4120126.3454483896],[605912.9290669747,4120126.2052437053],[605913.8486180991,4120109.5726014404],[605913.8495536478,4120109.426135782],[605913.8362000406,4120109.280277133],[605913.8086846004,4120109.136416211],[605913.7672696784,4120108.995924686],[605913.7123501532,4120108.860142102],[605913.6444496659,4120108.7303631045],[605913.5642156269,4120108.607825097],[605913.4724130431,4120108.4936964414],[605913.3699172245,4120108.3890653206],[605913.2577054373,4120108.2949293596],[605908.6783318168,4120104.8195905345],[605908.5533627255,4120104.7343273014],[605908.4204408162,4120104.6620856323],[605908.2809181759,4120104.603600373],[605908.1362140347,4120104.5594664374],[605907.9878003293,4120104.530132758],[605907.8371867298,4120104.5158977183],[605900.01493097,4120104.1731886617],[605899.8667389451,4120104.174023612],[605899.7193525383,4120104.1894774307],[605899.5742103442,4120104.219399276],[605899.432729052,4120104.263497092],[605899.2962896179,4120104.3213404515],[605899.1662237864,4120104.392364763],[605899.0438010909,4120104.47587678],[605898.9302164625,4120104.571061367],[605898.8265785666,4120104.6769894557],[605898.7338989816,4120104.7926271134],[605895.6001332384,4120109.125015379],[605895.518862178,4120109.250014666],[605895.4504018881,4120109.3824646403],[605895.3954287508,4120109.5210567075],[605895.3544858956,4120109.6644215905],[605895.3279778346,4120109.811142856],[605895.3161664652,4120109.95977091],[605894.8060905801,4120127.1967669874],[605894.8091442618,4120127.3465691856],[605894.827127608,4120127.4953193883],[605894.8598611851,4120127.6415333976],[605894.907018384,4120127.7837523213],[605894.9681286803,4120127.9205571283],[605895.0425823284,4120128.05058281],[605895.1296364457,4120128.172531997],[605895.2284224243,4120128.2851879066],[605895.3379545991,4120128.387426482],[605895.4571400807,4120128.4782276084],[605895.5847896622,4120128.5566852908],[605898.0023062628,4120129.880975866],[605894.1469959168,4120134.991796745],[605894.06734825,4120135.108422174],[605888.885612067,4120143.5205789423],[605891.4399058219,4120145.0939776246],[605896.5845663405,4120136.742010393],[605900.7410075046,4120131.2319932026],[605905.5346140433,4120133.234537374],[605914.7963815498,4120142.3346247477],[605921.0587722197,4120148.8618368367],[605928.7870321324,4120158.1669973624],[605935.3648037273,4120168.4997596326]],[[605907.2378831437,4120107.4925188627],[605910.8091941614,4120110.2028274913],[605909.961909062,4120125.5283374945],[605905.9557485253,4120130.159212613],[605900.8959878078,4120128.0454816986],[605897.831957111,4120126.3670373918],[605898.3012108452,4120110.5095443954],[605900.6910049712,4120107.205686712],[605907.2378831437,4120107.4925188627]]],[[[605970.7029843783,4120233.942686629],[605967.8251365939,4120233.095342466],[605967.1168435384,4120235.500928874],[605964.1500226656,4120242.519367771],[605964.114187234,4120242.6126981718],[605961.5172444115,4120250.1142383167],[605961.4810961544,4120250.234797466],[605959.641924004,4120257.4573949035],[605959.622888579,4120257.5423986386],[605958.9589857716,4120260.9711494767],[605958.3149361338,4120264.2337101386],[605958.2923970823,4120264.391747915],[605957.5475494515,4120272.79324385],[605957.5426330265,4120272.8724998697],[605957.2364142698,4120281.499555992],[605950.842313417,4120281.4640965485],[605944.5632546338,4120281.4070993816],[605944.5360237282,4120284.4069757923],[605950.8177309921,4120284.4639970004],[605950.8230280982,4120284.46403573],[605957.1648998202,4120284.4992055288],[605957.088246416,4120290.5772571196],[605957.0958986019,4120290.7486654455],[605957.1230753517,4120290.918078534],[605957.43357221,4120292.3312067976],[605957.4340148845,4120292.3332149223],[605961.3123889891,4120309.869678126],[605964.2416072218,4120309.221850568],[605960.3634551535,4120291.6863913243],[605960.0901822511,4120290.4426761246],[605960.1834948462,4120283.0436731363],[605960.5393360377,4120273.0186114376],[605961.2736173738,4120264.7362978407],[605961.9027152956,4120261.54947805],[605961.9037626575,4120261.544121152],[605962.5599011813,4120258.1554692467],[605964.3727780657,4120251.036135726],[605966.9327538119,4120243.6413788362],[605969.9133075653,4120236.590452847],[605969.9706027235,4120236.430085511],[605970.7029843783,4120233.942686629]]],[[[605848.7435335519,4120361.188967876],[605848.8860640828,4120361.1455404465],[605852.2822268418,4120359.9233664176],[605852.4201038314,4120359.86584196],[605852.5515748087,4120359.7948876815],[605852.6753356323,4120359.7112074206],[605852.7901586429,4120359.6156312535],[605852.8949048409,4120359.509107258],[605852.9885351844,4120359.392692112],[605853.0701208969,4120359.2675406076],[605854.8749256529,4120356.1722595314],[605854.9440339819,4120356.0387876136],[605854.9994381007,4120355.8990696925],[605855.0405817346,4120355.7545085796],[605855.0670517884,4120355.6065557147],[605855.0785824943,4120355.456696592],[605855.0750580803,4120355.3064358435],[605855.0565139326,4120355.157282136],[605854.4355646089,4120351.6208806885],[605854.4024401677,4120351.475233474],[605854.3549947339,4120351.333602719],[605854.2936987625,4120351.197392794],[605854.2191600463,4120351.067954316],[605854.1321176895,4120350.9465707587],[605854.0334347785,4120350.8344457266],[605853.924089824,4120350.732691018],[605851.1670765805,4120348.412146984],[605851.0477933084,4120348.321524995],[605850.9200658968,4120348.2432526993],[605850.7851682614,4120348.1781107625],[605850.6444458319,4120348.126748891],[605850.4993021329,4120348.0896793543],[605850.3511847852,4120348.0672718715],[605850.2015710681,4120348.0597499297],[605846.5989799611,4120348.0587467765],[605846.4505735427,4120348.0660647918],[605846.3036192567,4120348.088029678],[605846.1595590853,4120348.1244259058],[605846.0198066118,4120348.174896338],[605845.885733151,4120348.2389457365],[605845.7586542922,4120348.31594562],[605845.6398169907,4120348.40514043],[605842.8778896274,4120350.700537811],[605842.7677538949,4120350.8017689954],[605842.668248841,4120350.9134666966],[605842.5803641042,4120351.034520013],[605842.5049737527,4120351.163724994],[605842.4428275893,4120351.299796617],[605842.3945436962,4120351.4413815667],[605842.3606022862,4120351.587071693],[605841.721592544,4120355.1186953643],[605841.7022718491,4120355.26779138],[605841.6979730824,4120355.4180725557],[605841.7087394282,4120355.568029206],[605841.7344627305,4120355.716154905],[605841.7748845797,4120355.860961622],[605841.8295989087,4120356.0009946655],[605841.8980560714,4120356.134847301],[605843.6955628749,4120359.253320322],[605843.7770119014,4120359.379559862],[605843.8706802235,4120359.4970188374],[605843.9756282286,4120359.6045189844],[605844.0908031549,4120359.70098194],[605844.2150496509,4120359.785440058],[605844.3471213661,4120359.8570461157],[605844.4856934529,4120359.915081813],[605844.8483997944,4120360.046050917],[605844.8092956882,4120362.6529303635],[605843.3304594408,4120401.1870260416],[605841.8407290761,4120440.0414484194],[605837.0598982087,4120446.8847836847],[605836.9828267272,4120447.0072983312],[605836.9179221852,4120447.1366708647],[605836.8657889116,4120447.2716966905],[605836.8269123218,4120447.4111185777],[605836.8016543975,4120447.553638363],[605836.7902503163,4120447.6979290377],[605836.7148628903,4120450.160326412],[605835.5213491276,4120489.9592464706],[605835.5244487155,4120490.1105417297],[605835.5427764717,4120490.260754766],[605835.5761458618,4120490.4083567536],[605835.6242172613,4120490.551845441],[605835.6865014132,4120490.6897604414],[605838.9863088588,4120497.1116230343],[605841.6546562236,4120495.740520434],[605838.5315930393,4120489.6626255964],[605839.71347229,4120450.2516603554],[605839.775168004,4120448.236478617],[605844.5523942282,4120441.3983030785],[605844.6285173672,4120441.27746841],[605844.6928039666,4120441.1499420106],[605844.7446712827,4120441.0168798785],[605844.7836491498,4120440.879488193],[605844.8093842423,4120440.7390123783],[605844.8216432773,4120440.5967258173],[605846.3282537684,4120401.3020441704],[605847.8077607814,4120362.7504703254],[605847.8086954487,4120362.71544465],[605847.8324512828,4120361.131759416],[605847.8635506899,4120361.143117865],[605848.0058738417,4120361.187220182],[605848.1518702507,4120361.216984967],[605848.3000993611,4120361.2321185283],[605848.4490985868,4120361.232471544],[605848.5973977428,4120361.2180405287],[605848.7435335519,4120361.188967876]],[[605848.3819286452,4120358.138616946],[605846.8788780563,4120357.589657156],[605846.8737188319,4120357.5877835415],[605846.0206768181,4120357.279759845],[605844.7714334137,4120355.112462428],[605845.2154230598,4120352.6586589254],[605847.1403291892,4120351.058897633],[605849.6537283562,4120351.0595974973],[605851.5750698633,4120352.6767669404],[605852.0067742951,4120355.13538976],[605850.7532209834,4120357.285262111],[605848.3819286452,4120358.138616946]]],[[[605993.3760777343,4120384.1012625457],[605987.58000306,4120365.9524916383],[605984.7222039843,4120366.865171452],[605990.5177606168,4120385.012320258],[605991.0970609772,4120386.840548197],[605986.0239278268,4120389.1508240243],[605987.2672570123,4120391.881049754],[605992.0928570923,4120389.6834990713],[605994.0590015218,4120394.8755847695],[605994.1516387778,4120395.0747880787],[605998.4814611636,4120402.8412500257],[605998.5647298424,4120402.973831057],[605998.6613641302,4120403.09701067],[605998.7703112972,4120403.2094469527],[605998.8903844777,4120403.309915027],[605999.0202755996,4120403.3973204],[606004.0489223425,4120406.4123475943],[606004.1735622609,4120406.4792980654],[606004.3039556214,4120406.534207504],[606004.4389423593,4120406.5765873985],[606004.577321544,4120406.6060607103],[606004.7178620638,4120406.622365225],[606004.8593135778,4120406.6253558877],[606009.164306732,4120406.513232731],[606009.3372635909,4120406.498682754],[606009.5073817852,4120406.4642505473],[606023.173420154,4120402.864003469],[606022.4091618066,4120399.962984824],[606008.9118127347,4120403.5187915806],[606005.2173811448,4120403.6150127165],[606000.9066342375,4120401.030416936],[605996.8255739666,4120393.7101630154],[605994.3459809422,4120387.162190605],[605993.377110133,4120384.1045079185],[605993.3760777343,4120384.1012625457]]],[[[605827.5751116379,4120517.1612343285],[605832.0323221702,4120519.048248886],[605832.0783796438,4120519.0668547177],[605836.9969228884,4120520.959683595],[605837.147282542,4120521.0086172763],[605837.3019579333,4120521.041451006],[605837.4592302734,4120521.057819929],[605837.6173519144,4120521.0575421494],[605837.7745657717,4120521.040620754],[605837.9291248478,4120521.0072437776],[605840.8940636411,4120520.2012886447],[605840.1071332274,4120517.306337777],[605837.6160807331,4120517.9834770653],[605833.1790359498,4120516.2759457743],[605829.1153734642,4120514.5555445924],[605826.0560194176,4120510.4973051557],[605823.1578211635,4120504.3419545866],[605820.4436305915,4120505.619909805],[605823.4078508101,4120511.915481401],[605823.4807097822,4120512.051576105],[605823.5671703569,4120512.1794618634],[605826.9621301248,4120516.68288298],[605827.0632292591,4120516.803301879],[605827.1763780647,4120516.912476483],[605827.3003333259,4120517.009207241],[605827.433733091,4120517.092431329],[605827.5751116379,4120517.1612343285]]],[[[605958.4107592556,4120545.2281911215],[605958.2993017844,4120545.3404025165],[605958.200278889,4120545.4637257964],[605958.1147914473,4120545.596789926],[605958.0437898578,4120545.738115576],[605953.0501119563,4120557.139536678],[605946.9130175485,4120564.469737594],[605940.0934890707,4120571.8866493423],[605932.2526611789,4120576.396383827],[605926.4498965013,4120579.285400418],[605921.8563780824,4120577.374190723],[605920.7039482335,4120580.1440111944],[605925.9294512214,4120582.3181685745],[605926.063612571,4120582.366641971],[605926.2017718408,4120582.4021518854],[605926.3426795225,4120582.424377167],[605926.4850612506,4120582.433116812],[605926.6276293289,4120582.428291777],[605926.7690943754,4120582.4099457017],[605926.9081769843,4120582.3782445067],[605927.0436192964,4120582.3334748964],[605927.174196375,4120582.276041766],[605933.6300263285,4120579.061884226],[605933.709359618,4120579.019370062],[605941.7893118245,4120574.372100717],[605941.9175709063,4120574.2893737275],[605942.036759531,4120574.1940415786],[605942.1456437443,4120574.08709124],[605949.1449794915,4120566.474621301],[605949.1909065058,4120566.422283289],[605955.4881246735,4120558.90082911],[605955.574056804,4120558.7877126466],[605955.648903082,4120558.6669745008],[605955.711992231,4120558.539697541],[605960.5947018085,4120547.3916361104],[605970.5741005958,4120541.610717203],[605970.6908030597,4120541.535698701],[605970.8000753587,4120541.450218847],[605970.9009827415,4120541.3550088643],[605970.9926620132,4120541.25088321],[605979.5075217419,4120530.627274411],[605985.2868902327,4120526.986869065],[605985.4170733031,4120526.894855259],[605989.109633145,4120523.9787634374],[605987.2503416877,4120521.624398284],[605983.620425143,4120524.491019382],[605977.6952832912,4120528.2232468924],[605977.5596013013,4120528.319624241],[605977.4354312312,4120528.4304393544],[605977.3243016527,4120528.5543280644],[605968.8273760675,4120539.1555612367],[605958.6658969887,4120545.041956578],[605958.5334121844,4120545.12833911],[605958.4107592556,4120545.2281911215]]],[[[605868.333185358,4120676.5040227333],[605896.2950684382,4120663.607632427],[605896.4264299212,4120663.5389825637],[605896.5503749514,4120663.4577035843],[605896.6656933491,4120663.364589084],[605896.7712591636,4120663.260548218],[605896.8660416672,4120663.146596825],[605896.9491154186,4120663.0238475082],[605897.0196692987,4120662.893498772],[605897.0770144308,4120662.7568233213],[605897.120590906,4120662.6151556335],[605897.1499732506,4120662.469878929],[605897.6402555553,4120659.2287931363],[605899.8901390724,4120658.1653075325],[605899.9417594092,4120658.139682843],[605918.6090362436,4120648.4217623645],[605917.223751011,4120645.7607503724],[605898.5820381731,4120655.4653625954],[605895.6356454499,4120656.8580774716],[605896.2766677295,4120658.2142081573],[605894.7935408829,4120657.989854069],[605894.304618406,4120661.2219505133],[605867.1117735644,4120673.7636502124],[605859.3799736754,4120676.8582200357],[605860.4947201388,4120679.6434202655],[605868.2623365555,4120676.534515262],[605868.333185358,4120676.5040227333]]],[[[606223.1843964495,4120393.6211337186],[606223.0737105982,4120393.719274143],[606222.9732297476,4120393.827839788],[606222.8839311477,4120393.945774773],[606222.8066832931,4120394.0719320937],[606222.7422374755,4120394.2050847774],[606222.6912204779,4120394.3439378166],[606222.654128478,4120394.487140764],[606222.6313222229,4120394.633300866],[606222.6230235199,4120394.7809966076],[606222.6293130801,4120394.9287915397],[606222.6501297329,4120395.075248249],[606222.6852710211,4120395.218942335],[606222.7343951698,4120395.3584762686],[606223.8863809106,4120398.1783141517],[606225.3957179631,4120402.278385201],[606228.2110179465,4120401.2420039955],[606226.6925836457,4120397.1172205303],[606226.673527332,4120397.0681302524],[606226.0832769275,4120395.62331163],[606269.3430820346,4120378.3404118186],[606268.2300771851,4120375.554515158],[606223.566486423,4120393.3982470576],[606223.4319883684,4120393.4598358055],[606223.3042108003,4120393.534373002],[606223.1843964495,4120393.6211337186]]],[[[606157.0528956775,4120405.7935674516],[606175.1115340646,4120408.4962156666],[606175.5555676089,4120405.529258604],[606157.4979956507,4120402.8267699904],[606154.0539012584,4120402.306264665],[606153.6056025494,4120405.2725802697],[606157.0507630951,4120405.793246723],[606157.0528956775,4120405.7935674516]]],[[[606051.6279309089,4120523.5037525427],[606051.7756871865,4120523.50315742],[606051.922668056,4120523.488028119],[606052.0674473278,4120523.4585114424],[606065.0910452699,4120520.1276321732],[606065.2158776296,4120520.0898527517],[606065.3369563237,4120520.041372317],[606065.4533659758,4120519.98255739],[606075.901184821,4120514.120359997],[606086.2257368754,4120511.1338306647],[606097.573980118,4120511.146443496],[606097.7104120031,4120511.140378312],[606097.8457268114,4120511.1219297806],[606097.978802907,4120511.091250822],[606107.7560914482,4120508.363017474],[606107.9036743687,4120508.313448345],[606108.0453245335,4120508.248849213],[606116.5396191842,4120503.8288993733],[606116.6910771389,4120503.7383913826],[606121.5420796614,4120500.437526252],[606119.8543863056,4120497.9572659563],[606115.0764466021,4120501.2084154845],[606106.7992148099,4120505.5154181067],[606097.3711093529,4120508.1462161657],[606086.0156300936,4120508.133595292],[606085.8744865955,4120508.140092993],[606085.7345806373,4120508.159842172],[606085.5971535709,4120508.1926675984],[606074.9013143245,4120511.2865972407],[606074.7389051521,4120511.3438673024],[606074.5841304916,4120511.419374943],[606064.1570222616,4120517.2699517556],[606051.5404922634,4120520.496720457],[606035.8566836547,4120519.7866263986],[606028.217235292,4120518.776513222],[606026.7372640937,4120514.410976281],[606026.6727308396,4120514.251385761],[606026.590337661,4120514.1002400066],[606024.0984003603,4120510.0944978325],[606023.0358019908,4120504.1775130657],[606023.55960792,4120499.610894727],[606025.8897143208,4120494.838220548],[606030.0037315862,4120490.4277817663],[606034.172660234,4120488.5303209717],[606040.1479815466,4120487.154620547],[606040.2666705059,4120487.122114789],[606040.3822955235,4120487.079989398],[606040.4940783822,4120487.028527899],[606043.5663038852,4120485.458361694],[606043.6720064546,4120485.398829493],[606043.7725525338,4120485.3309501735],[606053.9894280995,4120477.8146178597],[606057.5692214994,4120475.8038255195],[606070.9924576909,4120476.853116658],[606074.5602189197,4120477.1530616507],[606074.7045977219,4120477.1582178916],[606074.8488029103,4120477.149460666],[606074.9914967845,4120477.126871208],[606075.131355664,4120477.0906590666],[606093.714017046,4120471.311181924],[606093.8551082651,4120471.259415966],[606093.9903112991,4120471.1937913815],[606094.1182689231,4120471.114966938],[606094.2376966449,4120471.023733908],[606094.3473955984,4120470.921008127],[606094.4462645797,4120470.8078207998],[606094.5333111002,4120470.6853081486],[606094.6076613503,4120470.5547000063],[606094.668568971,4120470.417307473],[606094.7154225459,4120470.274509752],[606094.7477517392,4120470.127740308],[606096.2251242558,4120461.347134296],[606093.2667075479,4120460.8493687054],[606091.9423671972,4120468.7204443584],[606074.5198886067,4120474.13908783],[606071.239402349,4120473.8632943104],[606071.2306372945,4120473.862583292],[606057.3487699219,4120472.777441065],[606057.2014413092,4120472.773187783],[606057.0544065045,4120472.783414061],[606056.909085133,4120472.808021164],[606056.7668802763,4120472.84677151],[606056.6291649261,4120472.899290962],[606056.497268728,4120472.9650724446],[606052.4400277053,4120475.2440501004],[606052.2857440307,4120475.3436017167],[606042.0927382293,4120482.842373566],[606039.2940503429,4120484.2727389913],[606033.3522953094,4120485.6407114393],[606033.207450427,4120485.68181328],[606033.0674556503,4120485.7372286553],[606028.4891682254,4120487.821006438],[606028.3582345067,4120487.888549466],[606028.2345583512,4120487.968611367],[606028.1193328601,4120488.0604197844],[606028.0136696112,4120488.163089046],[606023.543170848,4120492.9556943863],[606023.4475777068,4120493.0689039184],[606023.3636201567,4120493.190992315],[606023.292117416,4120493.3207682944],[606020.7507858532,4120498.526087471],[606020.6850142569,4120498.682735847],[606020.6373786795,4120498.8458170183],[606020.6084902246,4120499.013238862],[606020.0302186006,4120504.0546972626],[606020.0206616435,4120504.2002735934],[606020.0252918609,4120504.346089795],[606020.0440654537,4120504.490766524],[606021.1964644978,4120510.907798381],[606021.2281519719,4120511.0462201177],[606021.2727869082,4120511.181025146],[606021.3299692848,4120511.311005333],[606021.3991866289,4120511.4349957863],[606023.9516359137,4120515.538009833],[606025.3165934677,4120519.5642859065],[606024.1159924414,4120520.4156054407],[605994.9266618671,4120533.6694593756],[605993.5449142028,4120534.137572123],[605994.5075224347,4120536.97894246],[605995.9600659177,4120536.4868452856],[605996.0989223504,4120536.431956915],[606025.4868441283,4120523.087929662],[606025.6139696859,4120523.022734062],[606025.7343160717,4120522.9457397694],[606027.4832920963,4120521.705579698],[606035.5275802109,4120522.7692221277],[606035.6563599227,4120522.780629866],[606051.6279309089,4120523.5037525427]]],[[[606327.6582876381,4120558.800439966],[606333.8469916936,4120555.5229648715],[606340.9964563891,4120554.343436676],[606349.4455278094,4120554.1563736233],[606354.6194652278,4120554.415776929],[606359.2202479179,4120555.2777160453],[606359.36774514,4120555.2978338553],[606359.5165100857,4120555.3032327206],[606359.6650775751,4120555.2938594674],[606364.5168038771,4120554.744995138],[606364.6491152369,4120554.724006637],[606364.779026292,4120554.691296839],[606369.9272933054,4120553.1475333693],[606370.0490058522,4120553.105259441],[606370.1666415487,4120553.0526964124],[606370.279332451,4120552.990232106],[606374.3302859986,4120550.5115942173],[606374.4467439121,4120550.432599183],[606374.5552866103,4120550.3430383457],[606374.6549587894,4120550.2436999455],[606374.7448832162,4120550.135458279],[606374.8242684494,4120550.0192659996],[606374.892415805,4120549.8961457377],[606375.8941619521,4120547.867131981],[606373.2041473718,4120546.5390425427],[606372.3944629934,4120548.179039609],[606368.879403695,4120550.3297824045],[606364.0460557138,4120551.7791140014],[606359.5514715953,4120552.2875756794],[606355.0721451094,4120551.44839092],[606354.8710418387,4120551.4246219667],[606349.5416198771,4120551.1574232047],[606349.4333074418,4120551.1559089995],[606340.8238725265,4120551.3465225114],[606340.6129032229,4120551.3661616347],[606333.1171276955,4120552.602824652],[606332.9592480217,4120552.6377038327],[606332.8060397418,4120552.689373665],[606332.6592829693,4120552.757233803],[606326.3448745648,4120556.1012806497],[606316.0704452492,4120559.8578859046],[606308.9054711092,4120561.0567845902],[606303.0728997971,4120561.2667398313],[606302.9427364918,4120561.277112363],[606299.8500207171,4120561.659633692],[606299.7043027781,4120561.685004796],[606299.5617919882,4120561.724603854],[606299.4238740215,4120561.778045833],[606299.2918898951,4120561.8448111014],[606299.1671229292,4120561.9242504803],[606299.0507862698,4120562.015591557],[606298.9440110924,4120562.1179461963],[606298.8478356033,4120562.230319173],[606298.7631949451,4120562.3516178527],[606295.4577531739,4120567.6248645172],[606297.9996525183,4120569.21820934],[606300.9262236259,4120564.5493836883],[606303.2461285901,4120564.262447159],[606309.1108238562,4120564.051335551],[606309.3044132225,4120564.0317384386],[606316.7025872688,4120562.793818948],[606316.8379898939,4120562.764679105],[606316.9701275502,4120562.723174393],[606327.4713618788,4120558.883643179],[606327.6582876381,4120558.800439966]]],[[[606140.9053081705,4120571.8973867805],[606141.3719737958,4120568.93390518],[606138.0777012073,4120568.415149208],[606138.0073617118,4120568.4057719116],[606130.6616311191,4120567.602814051],[606130.3356444846,4120570.5850502443],[606137.6460943898,4120571.384151592],[606140.9053081705,4120571.8973867805]]],[[[606131.7888115745,4120590.070334585],[606128.9176572871,4120592.3223645645],[606121.6690651011,4120597.343482205],[606056.3079789827,4120627.308777211],[606056.1775801956,4120627.376475332],[606056.0544300044,4120627.456605911],[606055.939709933,4120627.5484001613],[606055.834520625,4120627.650977394],[606055.7398712843,4120627.763353466],[606055.6566699927,4120627.8844502224],[606055.5857149974,4120628.0131058395],[606055.5276870525,4120628.1480859746],[606055.483142888,4120628.2880956056],[606055.4525098682,4120628.4317914555],[606055.4360818913,4120628.577794883],[606055.4340165701,4120628.724705106],[606055.4463337197,4120628.8711126437],[606055.4729151671,4120629.0156128374],[606055.5135058857,4120629.1568193273],[606061.6484657478,4120647.1320436574],[606065.491221936,4120658.4096680945],[606064.8432906098,4120660.935210866],[606061.6219617852,4120664.93287379],[606061.5329660488,4120665.0555155827],[606061.4567978486,4120665.1865104516],[606061.3942344808,4120665.324521594],[606061.3459144048,4120665.4681406063],[606061.3123307271,4120665.615901856],[606061.293826169,4120665.7662974405],[606061.2905895695,4120665.9177925717],[606061.302653958,4120666.0688412427],[606065.527158138,4120698.323271358],[606065.5273699991,4120698.324882159],[606066.303004021,4120704.19750564],[606059.8802272554,4120705.609746917],[606059.7196296513,4120705.654546704],[606046.5309389882,4120710.137341656],[606047.4963846597,4120712.9777491363],[606060.6060233536,4120708.5218237033],[606067.349047278,4120707.0391664244],[606067.3529327544,4120707.0383066805],[606068.2961270513,4120706.8282921696],[606068.4390565794,4120706.7889624285],[606068.577405983,4120706.735716574],[606068.7098240079,4120706.6690746564],[606068.8350173318,4120706.589687566],[606068.951763195,4120706.4983306727],[606069.0589213447,4120706.3958962574],[606069.1554451705,4120706.283384793],[606069.2403919273,4120706.1618951764],[606069.3129319429,4120706.0326139918],[606069.3723567211,4120705.896803925],[606069.4180858622,4120705.7557914285],[606069.449672731,4120705.610953767],[606069.4668088196,4120705.463705565],[606069.4693267602,4120705.3154849913],[606069.4572019604,4120705.1677397112],[606068.6387589475,4120698.9709928967],[606078.3843370106,4120693.8663840215],[606076.9923626164,4120691.2088650116],[606068.2226042949,4120695.8023520135],[606064.3605860578,4120666.315531307],[606067.3833856051,4120662.564242837],[606067.4770433606,4120662.4343967587],[606067.5563285527,4120662.2953081625],[606067.6203379722,4120662.148561532],[606067.66834243,4120661.9958285913],[606068.5082561147,4120658.7219663016],[606068.5374320666,4120658.5801072856],[606068.5527912012,4120658.4360957807],[606068.5541903357,4120658.291274308],[606068.541616427,4120658.1469929395],[606068.5151866932,4120658.0045967116],[606068.4751475205,4120657.8654130874],[606064.7794410492,4120647.01934647],[606071.840165505,4120639.5293270056],[606071.9431936268,4120639.4076862046],[606072.0327311117,4120639.2757986872],[606072.1077667322,4120639.1351539786],[606072.1674530432,4120638.987340506],[606073.5270064735,4120635.0260400386],[606124.8552725915,4120610.984980846],[606124.9906144193,4120610.9129367853],[606125.1178948737,4120610.8274532026],[606125.2357841422,4120610.7294232203],[606125.3430505303,4120610.6198710455],[606125.4385733306,4120610.4999412675],[606125.521354531,4120610.3708868995],[606125.5905292426,4120610.234056288],[606125.6453747355,4120610.090879024],[606126.6885244496,4120606.8861662927],[606126.726179442,4120606.7485674047],[606126.7505925399,4120606.608013667],[606126.7615429254,4120606.4657763955],[606126.758931552,4120606.323142132],[606126.7427820395,4120606.1814010097],[606126.7132404611,4120606.0418350836],[606126.6705740216,4120605.905706735],[606124.2219162398,4120599.224572104],[606130.6625300116,4120594.7631430984],[606130.7341326344,4120594.7103339927],[606133.9831163886,4120592.161948192],[606176.4487332663,4120599.4749345086],[606178.0516546459,4120613.004484225],[606163.5633807671,4120610.922083056],[606163.1365764425,4120613.8915675343],[606179.551632548,4120616.2509053205],[606217.5562568828,4120622.0233910964],[606218.0067570412,4120619.057409032],[606181.1260868702,4120613.4556395714],[606179.5323544224,4120600.00364956],[606179.935442103,4120600.0725939013],[606179.9727860739,4120600.078497839],[606228.5952827242,4120607.1386411376],[606257.1958223117,4120611.7153110034],[606257.6698527458,4120608.752998537],[606229.058589641,4120604.1746126898],[606229.0371188464,4120604.171336169],[606180.4225841165,4120597.1123489668],[606178.0603263973,4120596.708307089],[606134.6813387275,4120589.238029566],[606132.2799303259,4120582.8825828237],[606132.2276678086,4120582.760824283],[606132.1648642682,4120582.644152829],[606128.9759219938,4120577.299895853],[606126.3997052556,4120578.8371360153],[606129.5205528345,4120584.0672750426],[606131.7888115745,4120590.070334585]],[[606071.3045853921,4120632.8285857067],[606071.198659338,4120632.935271949],[606071.1039447328,4120633.0520256506],[606071.021393028,4120633.177673966],[606070.9518334934,4120633.3109547016],[606070.8959648868,4120633.45052899],[606069.4350551775,4120637.7071489836],[606063.6838824421,4120643.807995434],[606058.7906021514,4120629.4708496365],[606121.564476435,4120600.6916818894],[606123.6752632672,4120606.450939515],[606122.9939561432,4120608.544017417],[606071.6784935263,4120632.5790797244],[606071.545713608,4120632.64959055],[606071.420658819,4120632.7330386355],[606071.3045853921,4120632.8285857067]]],[[[606341.416151034,4120743.599116008],[606341.3170282799,4120743.4990229947],[606335.7475275685,4120738.379815925],[606425.3912078957,4120642.531751995],[606423.2001583101,4120640.4825322134],[606332.522948837,4120737.4356575073],[606332.4273007383,4120737.5486166193],[606332.3432511268,4120737.6704525035],[606332.2716183966,4120737.7999788392],[606332.2131000374,4120737.935934426],[606332.1682658446,4120738.0769954585],[606332.13755237,4120738.2217884217],[606332.1212586715,4120738.3689034623],[606332.1195434016,4120738.5169081166],[606332.1324232619,4120738.6643612585],[606332.1597728406,4120738.8098271317],[606332.2013258341,4120738.9518893315],[606332.2566776398,4120739.089164593],[606332.3252892952,4120739.2203162625],[606332.4064927265,4120739.3440673132],[606332.4994972536,4120739.4592127767],[606332.6033972884,4120739.564631478],[606338.9671089696,4120745.413837631],[606339.4392696959,4120747.161829645],[606338.9970906043,4120752.927432989],[606338.0250093266,4120754.5556994476],[606335.5389053985,4120757.8120488753],[606330.2868903615,4120762.300978983],[606330.1742299299,4120762.4078438217],[606330.0732211234,4120762.5257831602],[606329.9849464181,4120762.6535330834],[606329.9103518231,4120762.7897245404],[606329.8502367428,4120762.932898015],[606329.8052454095,4120763.0815191655],[606328.8980799834,4120766.753970227],[606328.8697467888,4120766.899038395],[606328.8558287255,4120767.0461908015],[606328.8564609383,4120767.1939985943],[606328.8716372885,4120767.341026556],[606328.9012104133,4120767.485847044],[606328.944893157,4120767.6270538466],[606329.0022613596,4120767.763275844],[606329.0727579745,4120767.893190318],[606331.9008123486,4120772.5426836573],[606335.5679648893,4120780.7362620933],[606332.9116581623,4120787.6294909157],[606335.711005257,4120788.7082197247],[606338.5917490649,4120781.2325671413],[606338.6380380234,4120781.0921919993],[606338.6702864622,4120780.94794261],[606338.6881812441,4120780.8012196566],[606338.6915486078,4120780.6534478427],[606338.6803558557,4120780.5060620545],[606338.6547116713,4120780.360493432],[606338.6148650635,4120780.2181554674],[606338.5612029489,4120780.080430286],[606334.6005230121,4120771.2310188254],[606334.5129469989,4120771.064287612],[606331.9602206816,4120766.8674503383],[606332.6021984179,4120764.2685507867],[606337.6091161289,4120759.989106897],[606337.7240366036,4120759.879859018],[606337.8267827978,4120759.759090504],[606340.4613824532,4120756.3082383564],[606340.5570700464,4120756.1669024606],[606341.7536795539,4120754.162544214],[606340.4657408344,4120753.3936398933],[606341.9613488833,4120753.5083419583],[606342.450196605,4120747.1342231636],[606342.4535668282,4120746.9641664275],[606342.4376630875,4120746.794821446],[606342.4026898744,4120746.628365667],[606341.7500532569,4120744.212231643],[606341.7069736767,4120744.0781119894],[606341.651502472,4120743.948625013],[606341.5841288724,4120743.824912727],[606341.505447081,4120743.708066215],[606341.416151034,4120743.599116008]]],[[[606312.5266840887,4120724.330853226],[606318.6558757744,4120733.472732895],[606313.5315067171,4120739.243365139],[606309.3386715936,4120743.776933611],[606304.3534144728,4120736.401908879],[606301.8679809683,4120738.081974442],[606307.2455498257,4120746.0373721994],[606302.469455986,4120751.185182814],[606302.3790765657,4120751.292213964],[606302.2990760941,4120751.4072097517],[606302.2301523209,4120751.5291672037],[606302.1729063877,4120751.657022629],[606302.1278375832,4120751.789660895],[606302.0953389897,4120751.925925153],[606302.0756940542,4120752.0646269307],[606302.0690741166,4120752.2045564954],[606302.0662326134,4120757.2652890547],[606277.3010546549,4120773.5221684105],[606267.6690652483,4120758.3009161376],[606265.1339956227,4120759.905105027],[606274.7928036662,4120775.168738289],[606237.9192531523,4120799.375574558],[606228.1742559653,4120784.340903406],[606225.6568201559,4120785.9726254856],[606235.1394573342,4120800.6025252067],[606221.1213204855,4120804.870730278],[606216.5665141627,4120796.7893699673],[606213.9530378623,4120798.2623742535],[606218.1817691202,4120805.7651962247],[606215.8365408636,4120806.47852926],[606215.6973321042,4120806.528493162],[606215.5637206377,4120806.591923803],[606215.4370054925,4120806.6682044836],[606215.3184186479,4120806.756593569],[606215.2091130563,4120806.856231704],[606215.1101514339,4120806.9661501623],[606215.022495928,4120807.08528027],[606214.9469987635,4120807.2124637924],[606214.8843939563,4120807.346464196],[606214.8352901774,4120807.4859786727],[606214.8001648346,4120807.6296508014],[606214.779359432,4120807.7760837395],[606214.7730762486,4120807.9238538034],[606214.7813763721,4120808.071524309],[606214.8041791052,4120808.2176595395],[606214.8412627499,4120808.360838705],[606217.2631375858,4120816.1144044804],[606217.2791580914,4120816.162789384],[606219.156889718,4120821.5267129946],[606215.2855559592,4120823.3006025185],[606215.1293100682,4120823.3836778854],[606214.983934978,4120823.4845757456],[606208.3790048731,4120828.671749586],[606208.245270481,4120828.790316489],[606208.1265876311,4120828.9239479946],[606202.9142793914,4120835.549044785],[606202.8123594712,4120835.695800331],[606202.7286126412,4120835.853633562],[606199.2334885732,4120843.5101953745],[606199.1774461536,4120843.6515164557],[606199.1359963092,4120843.7977843992],[606197.8494906018,4120849.407283716],[606197.8271745382,4120849.526536035],[606197.8145688956,4120849.647201772],[606197.4492954193,4120855.379309671],[606197.4475594646,4120855.5371477446],[606197.4624196907,4120855.6942943153],[606198.7703468058,4120864.5322942897],[606198.7941226345,4120864.6565254824],[606198.8282802805,4120864.778311912],[606198.8725768649,4120864.8967876136],[606202.3531311258,4120873.1297740736],[606202.407511856,4120873.2445909316],[606202.4714133426,4120873.354394277],[606202.5443771939,4120873.4583964455],[606207.9912313254,4120880.5622429326],[606208.072598719,4120880.6595492],[606208.1618962527,4120880.749633122],[606208.2584853829,4120880.831850531],[606215.3225308411,4120886.3472030666],[606215.4250897815,4120886.4205538626],[606215.5334467941,4120886.485032024],[606215.6468362199,4120886.5401819437],[606223.8622370207,4120890.1171720535],[606223.9801436418,4120890.1627008705],[606224.1014646,4120890.1981419427],[606224.2253385247,4120890.2232436407],[606233.0892333144,4120891.6335913036],[606233.214789019,4120891.6481760195],[606233.3411268601,4120891.6521381913],[606233.4673497296,4120891.6454496845],[606242.4042241782,4120890.7931082565],[606242.5287202146,4120890.775946138],[606242.6513426843,4120890.7484228504],[606242.7712308427,4120890.710731593],[606251.2034660849,4120887.6660681935],[606251.3374620782,4120887.6102170246],[606251.4654316074,4120887.5416744915],[606255.4887352311,4120885.1292121746],[606255.6157714266,4120885.043939968],[606255.7334602174,4120884.9461703785],[606262.9603032402,4120878.2911068974],[606263.0581650144,4120878.192216776],[606263.1464435591,4120878.0846850057],[606263.2243794366,4120877.9694366567],[606268.3345454861,4120869.6009814143],[606268.4016449297,4120869.478647039],[606268.4570870274,4120869.350607168],[606268.5003920688,4120869.2179696616],[606271.1042637378,4120859.774768687],[606271.1350468325,4120859.6387385065],[606271.1530624763,4120859.5004372215],[606271.1581549194,4120859.3610604806],[606271.0603003978,4120849.5618913746],[606271.0524277559,4120849.422664838],[606271.0316597963,4120849.2847710424],[606270.9981760095,4120849.149401759],[606268.2066446572,4120839.760003511],[606268.1657462126,4120839.640970025],[606268.1150125487,4120839.525784311],[606268.0548008679,4120839.41525736],[606263.9792600159,4120832.6283170986],[606263.8785376558,4120832.481173325],[606263.7610659365,4120832.3470216226],[606257.4972338373,4120825.9984429916],[606257.4047571446,4120825.912296095],[606257.3053566881,4120825.8342398605],[606257.1997381328,4120825.7648284263],[606249.5470914086,4120821.185174187],[606249.4368764916,4120821.1253272374],[606249.3220473729,4120821.0748965046],[606249.2034067841,4120821.034234532],[606240.6465139374,4120818.495945163],[606240.468280305,4120818.4547108137],[606240.2863526194,4120818.4354802007],[606231.8795262305,4120818.062853076],[606231.7024424057,4120818.065469391],[606231.5269012423,4120818.0889390744],[606223.2725327822,4120819.693368659],[606223.1013992663,4120819.7372306855],[606222.9366096389,4120819.8009090675],[606221.8971155804,4120820.274713782],[606220.1190954985,4120815.1956259278],[606218.1554034234,4120808.9089196785],[606220.8424829087,4120808.0916079474],[606237.9180810716,4120802.8924752413],[606238.0523932995,4120802.844492151],[606238.1815411097,4120802.7839694717],[606238.304356882,4120802.7114543864],[606277.6722908816,4120776.8670993047],[606304.3889301847,4120759.3292006203],[606304.5087627597,4120759.2417633617],[606304.6193728943,4120759.142917429],[606304.7196788151,4120759.0336295413],[606304.8086995252,4120758.914968539],[606304.8855643971,4120758.7880949336],[606304.9495216882,4120758.654249556],[606304.999945893,4120758.5147414207],[606305.0363438597,4120758.3709349246],[606305.0583596147,4120758.2242365037],[606305.0657778424,4120758.0760808755],[606305.0687433884,4120752.7944275406],[606310.2550264957,4120747.2045031954],[606310.2566444193,4120747.202756573],[606314.6581060013,4120742.4436074835],[606318.5208052946,4120746.5067655123],[606320.695082223,4120744.4397580526],[606316.679811112,4120740.216110335],[606321.6695050014,4120734.597137907],[606321.681152752,4120734.5838646404],[606331.8562673227,4120722.850143628],[606349.7083585388,4120703.0039196843],[606370.7931160467,4120681.467601135],[606368.6494410847,4120679.3688735063],[606347.5425106396,4120700.927839859],[606347.4991412124,4120700.9740518644],[606330.9485897684,4120719.3733500964],[606327.4468148715,4120713.769804835],[606324.9027299992,4120715.359657709],[606328.8724075183,4120721.7119414243],[606320.7006738373,4120731.1354071293],[606315.0184730609,4120722.660228278],[606312.5266840887,4120724.330853226]],[[606205.3831166858,4120837.262844729],[606210.3732502592,4120830.920142724],[606216.6969647971,4120825.9538211883],[606221.6477031024,4120823.6853361228],[606224.0192677481,4120822.6043693763],[606231.9245441766,4120821.0677939937],[606239.9697214444,4120821.4243912557],[606248.1688814044,4120823.856563884],[606255.4956095078,4120828.241175199],[606261.4996340249,4120834.3264311804],[606265.3851476302,4120840.796921768],[606268.0625530819,4120849.8024541745],[606268.1562010557,4120859.1803788547],[606265.664342288,4120868.2173538427],[606260.7735125178,4120876.226621963],[606253.8142283564,4120882.635295533],[606250.0476011906,4120884.8938489384],[606241.9306874406,4120887.8246578523],[606233.3723334667,4120888.6408984396],[606224.8850351658,4120887.2904716115],[606217.0188314646,4120883.8655221146],[606210.2555272492,4120878.584977521],[606205.0417209076,4120871.7850745],[606201.7100928783,4120863.9043617174],[606200.4533030106,4120855.411909278],[606200.8007617418,4120849.9593618936],[606202.0259643532,4120844.6171600115],[606205.3831166858,4120837.262844729]]],[[[606077.3361119762,4120794.993097812],[606076.7315050295,4120805.3239212553],[606075.1278818112,4120805.067584608],[606074.9854645174,4120805.0517507847],[606074.8421861939,4120805.049578786],[606074.6993543921,4120805.0610884326],[606059.7240846248,4120806.9913711236],[606060.1076057791,4120809.966755389],[606074.86814301,4120808.0641512973],[606077.8953011682,4120808.5480377637],[606077.8990556919,4120808.5486330404],[606123.6280622717,4120815.739539285],[606123.7721189756,4120815.7551080277],[606123.9170057231,4120815.756704925],[606124.061370578,4120815.7443150757],[606124.2038664736,4120815.7180540897],[606124.3431637828,4120815.6781670074],[606124.4779627244,4120815.625026015],[606124.6070054909,4120815.559126971],[606124.7290879864,4120815.481084777],[606124.8430710605,4120815.3916276447],[606124.9478911387,4120815.2915902976],[606125.0425701465,4120815.181906182],[606125.126224635,4120815.0635987595],[606125.1980740257,4120814.937771955],[606125.2574478925,4120814.805599856],[606125.3037922189,4120814.6683157603],[606125.3366745665,4120814.527200662],[606126.5758902173,4120807.74089942],[606123.6246902643,4120807.201994199],[606122.6483677821,4120812.5486168545],[606079.708987846,4120805.7963806167],[606080.3290468714,4120795.2015299457],[606080.5688360388,4120792.875747393],[606100.7468352525,4120795.9225156587],[606101.194741741,4120792.956140804],[606080.6058697285,4120789.8473329777],[606079.4511533092,4120779.097447712],[606076.468312458,4120779.417854416],[606077.7297232207,4120791.1610155464],[606077.3414589865,4120794.926899517],[606077.3361119762,4120794.993097812]]],[[[606424.7277738511,4120803.498751832],[606480.0255838375,4120790.7784047695],[606492.1765944178,4120791.412383259],[606492.3373606597,4120791.412144232],[606492.497177956,4120791.394700795],[606507.199045018,4120788.9869567],[606510.2760131243,4120788.5403446127],[606520.2374165512,4120787.1358426083],[606520.3830937286,4120787.1078961194],[606520.5252983929,4120787.065698019],[606520.6626399187,4120787.009660965],[606520.7937752376,4120786.9403329445],[606520.9174219713,4120786.85839192],[606521.0323709735,4120786.764639197],[606521.1374981527,4120786.659991586],[606521.2317754659,4120786.5454724417],[606521.314280971,4120786.422201651],[606521.3842078433,4120786.2913846844],[606521.440872265,4120786.1543008066],[606521.4837201121,4120786.012290567],[606521.5123323739,4120785.866742689],[606521.5264292497,4120785.7190804924],[606521.5258728855,4120785.570747972],[606521.5106687221,4120785.4231956773],[606518.6587201528,4120766.8230986344],[606518.6288059973,4120766.676948282],[606518.5845225889,4120766.534492106],[606518.5263079356,4120766.3971391437],[606518.4547378392,4120766.266247954],[606518.3705202006,4120766.1431131843],[606518.2744880177,4120766.0289527616],[606518.1675911461,4120765.924895849],[606518.0508869045,4120765.8319716747],[606517.925529616,4120765.7510993527],[606517.7927591915,4120765.683078793],[606517.653888865,4120765.628582787],[606517.510292205,4120765.588150356],[606517.3633895281,4120765.562181418],[606517.2146338508,4120765.5509328316],[606517.0654965177,4120765.5545158572],[606506.0437755352,4120766.369040779],[606505.8951599711,4120766.387520147],[606505.7491277897,4120766.420726697],[606505.6071346449,4120766.468329425],[606505.4705959285,4120766.5298538255],[606505.3408726631,4120766.6046866216],[606505.2192579344,4120766.692081877],[606505.1069640019,4120766.7911684336],[606505.0051102152,4120766.900958593],[606504.9147118562,4120767.020357963],[606504.8366700185,4120767.1481763674],[606504.7717626259,4120767.283139708],[606504.7206366771,4120767.423902666],[606504.6838017976,4120767.5690621114],[606504.6616251583,4120767.71717109],[606504.6543278169,4120767.8667532476],[606504.6619825134,4120768.016317543],[606504.6845129456,4120768.1643731156],[606508.2768313132,4120785.7990827826],[606506.7546187656,4120786.0200270694],[606506.727653759,4120786.024191706],[606492.1716632271,4120788.4080454092],[606479.9721538743,4120787.771536499],[606479.833092095,4120787.7707359972],[606479.6945538014,4120787.78281741],[606479.5577297348,4120787.8076768965],[606424.3454063396,4120800.5083591817],[606419.0432222486,4120799.621104954],[606418.8878365806,4120799.603369551],[606418.731448862,4120799.6019094964],[606418.5757591488,4120799.616740662],[606418.4224599091,4120799.647701822],[606389.27876687,4120807.134025436],[606371.8906051537,4120808.5046711112],[606367.4667015268,4120808.448653127],[606364.5931318016,4120807.293093561],[606358.4496360134,4120804.820977102],[606353.9971820896,4120798.0935539305],[606353.9064472758,4120797.970566284],[606353.803668451,4120797.8574500573],[606353.6899126316,4120797.7553795855],[606353.5663607935,4120797.6654145317],[606353.4342956117,4120797.5884888833],[606353.2950881439,4120797.525401258],[606345.1282423721,4120794.3150762757],[606344.0307162604,4120797.107107156],[606351.756830168,4120800.144183793],[606356.2056323787,4120806.8660894185],[606356.2950952733,4120806.9875230896],[606356.3963010217,4120807.0993584264],[606356.5082263326,4120807.2004646612],[606356.6297395296,4120807.2898195097],[606356.7596119929,4120807.366519505],[606356.896530582,4120807.4297891343],[606360.5781702464,4120808.911265207],[606347.3443492632,4120816.3749565515],[606348.8180819927,4120818.9880221537],[606364.142398642,4120810.3453202704],[606366.607623191,4120811.336670463],[606366.7384493727,4120811.3823802494],[606366.8729357381,4120811.415821121],[606367.0099343787,4120811.4367076447],[606367.1482759428,4120811.444861542],[606371.9211568489,4120811.5052984753],[606371.9401491797,4120810.0054187165],[606372.0580230919,4120811.5007801247],[606389.6440184488,4120810.1145399413],[606389.7725996985,4120810.098793298],[606389.8993428205,4120810.0720112976],[606418.861290597,4120802.632373732],[606424.1439417888,4120803.5163593735],[606424.2898449259,4120803.5334807946],[606424.4367231432,4120803.536248051],[606424.5831676591,4120803.5246346],[606424.7277738511,4120803.498751832]],[[606511.2516698772,4120785.373110098],[606507.964279424,4120769.2352931593],[606515.9035585162,4120768.648566214],[606518.3152245287,4120784.3771885154],[606511.2516698772,4120785.373110098]]],[[[606165.3975498118,4120985.179054962],[606162.98434681,4120986.96131512],[606163.4505183361,4120987.5925173163],[606165.0494995262,4120989.902049761],[606165.0869600786,4120989.953768819],[606176.3623436233,4121004.8431145498],[606178.75396205,4121003.031992991],[606167.4978593725,4120988.1681079906],[606165.9040086732,4120985.8659859113],[606165.8773404083,4120985.8286975534],[606165.3975498118,4120985.179054962]]],[[[605992.0483555761,4120974.3945104186],[605989.6455939217,4120976.190822316],[606031.3687043486,4121032.0],[606035.1143942231,4121032.0],[605992.0483555761,4120974.3945104186]]],[[[606448.4964796563,4121032.0],[606458.9163100313,4121032.0],[606463.0922659355,4121031.9763168413],[606463.268956706,4121031.9648643415],[606474.5195642847,4121030.5650975574],[606474.6699577959,4121030.5385518135],[606474.8168726614,4121030.496851609],[606474.9587860017,4121030.440429197],[606490.2643435302,4121023.4330231803],[606490.343512308,4121023.393918624],[606516.9724680798,4121009.25101629],[606517.001691667,4121009.235077133],[606564.1313347375,4120982.846893336],[606562.665711363,4120980.229270727],[606515.55059165,4121006.6093228045],[606488.9753447574,4121020.7236998207],[606473.919959726,4121027.6165683395],[606462.9865683252,4121028.9768680404],[606444.9292361129,4121029.0792768477],[606444.9415925104,4121031.258030624],[606444.3127910251,4121031.196071745],[606444.2335760506,4121032.0],[606444.945800452,4121032.0],[606448.4964796563,4121032.0]]],[[[606250.2726970267,4121032.0],[606253.9710231924,4121032.0],[606244.046053951,4121018.233037761],[606244.0198820909,4121018.197831598],[606241.9075464912,4121015.4414524706],[606239.5263568786,4121017.266263701],[606241.6253491112,4121020.005231117],[606250.2726970267,4121032.0]]],[[[606244.7441112389,4121032.0],[606248.587991193,4121032.0],[606239.6627388232,4121020.8583314917],[606239.6477700559,4121020.8399452157],[606237.6902061045,4121018.473891197],[606235.3787593845,4121020.3862755885],[606237.3287662962,4121022.7431956204],[606244.7441112389,4121032.0]]],[[[606275.8058577332,4121025.9073946625],[606275.8382254534,4121025.766735604],[606275.8569243029,4121025.623616797],[606276.297597378,4121020.2475410975],[606273.3076253184,4121020.0024552285],[606272.9236242672,4121024.687149702],[606262.7377322152,4121032.0],[606267.8817507235,4121032.0],[606275.2367407243,4121026.719565008],[606275.3498024846,4121026.6298450083],[606275.4537176584,4121026.529673772],[606275.5475241004,4121026.4199787793],[606275.6303532611,4121026.3017756906],[606275.7014382295,4121026.176158943],[606275.7601208334,4121026.0442916164],[606275.8058577332,4121025.9073946625]]],[[[606192.493080088,4121020.9820116684],[606190.1182063235,4121022.815035018],[606197.207532726,4121032.0],[606200.9972078379,4121032.0],[606192.493080088,4121020.9820116684]]]]}},{"type":"Feature","properties":{"class":"tertiary","widthMeters":8},"geometry":{"type":"Polygon","coordinates":[[[605502.1354830653,4120061.647196739],[605499.2260995775,4120076.039165286],[605497.8129925632,4120082.787515129],[605497.7567904919,4120083.1289267316],[605497.7303037177,4120083.4739180445],[605497.7337304287,4120083.8199076583],[605497.7670449846,4120084.1643066937],[605498.7283000011,4120091.000500538],[605498.7914498978,4120091.3415865107],[605498.8839137155,4120091.6759186694],[605499.0049960825,4120092.0009826794],[605499.1537864024,4120092.3143339055],[605502.3869386368,4120098.424518266],[605502.5608161743,4120098.72147306],[605502.7595733299,4120099.002384328],[605502.9817391079,4120099.2651730543],[605503.2256692655,4120099.5078943465],[605508.340379675,4120104.177017501],[605508.6046743518,4120104.398185636],[605508.8870254857,4120104.595783351],[605509.1853372017,4120104.7683438915],[605509.4973951501,4120104.9145863503],[605515.3625926801,4120107.3609155584],[605524.9352269138,4120115.072368501],[605537.2189123915,4120126.141393193],[605540.0205280571,4120132.6060733283],[605540.1127743467,4120132.8039468],[605584.4471386883,4120221.4993002466],[605643.0471556621,4120342.1978262085],[605706.2799243359,4120478.8773290054],[605714.4267010008,4120509.994981204],[605712.8985818148,4120512.1314379387],[605712.6666506552,4120512.4957801094],[605712.4753539282,4120512.883004647],[605711.2473025353,4120515.7488789586],[605706.9073464836,4120518.116337484],[605697.6278225771,4120522.5711097186],[605689.3518977182,4120524.4686377733],[605684.654678079,4120525.1871432234],[605671.2506170423,4120525.5198509484],[605629.0642355531,4120520.5214122133],[605538.0795180912,4120506.637737577],[605537.9338143691,4120506.618236639],[605450.2423245382,4120496.518116233],[605450.1619717558,4120496.5096827256],[605437.0,4120495.2625097847],[605437.0,4120503.298344162],[605449.3670868755,4120504.4701971635],[605536.9454118605,4120514.557283482],[605627.9236775175,4120528.439973615],[605628.0564204577,4120528.4579603323],[605670.5933255721,4120533.497930737],[605671.1632271605,4120533.5244841194],[605685.1073939133,4120533.1783702075],[605685.6129599048,4120533.1336113876],[605690.7071126607,4120532.354389465],[605690.9962267743,4120532.2992105004],[605699.8506152066,4120530.26905064],[605700.277345795,4120530.14591098],[605700.6877940295,4120529.9762212113],[605709.5899773325,4120525.7025968954],[605710.3751159826,4120531.1510361442],[605710.4501977167,4120531.536742224],[605710.562761833,4120531.913220333],[605710.7117220424,4120532.2768373056],[605711.8562979411,4120534.7210814888],[605706.5572350974,4120533.6726810713],[605706.2297924164,4120533.6218885826],[605705.8992692365,4120533.5983723407],[605705.5679337435,4120533.6022937233],[605691.5927673734,4120534.347402818],[605685.5309911793,4120534.6686829915],[605671.7136963997,4120535.2022322565],[605656.7377800407,4120533.961509363],[605603.743924762,4120526.907300018],[605495.240153577,4120511.2108305623],[605495.0306077388,4120511.1861398686],[605437.0,4120505.895922113],[605437.0,4120513.9290957698],[605494.1992204745,4120519.143522148],[605602.6209722224,4120534.8281264347],[605602.665863063,4120534.8343610438],[605655.7806862539,4120541.904672878],[605655.978225533,4120541.925990017],[605671.2951539265,4120543.1949650343],[605671.7797573226,4120543.2056434676],[605685.8683690552,4120542.6616174076],[605685.9257325327,4120542.6589898486],[605692.0168097282,4120542.336156693],[605705.494814266,4120541.6175548015],[605719.4111429208,4120544.3708500923],[605723.1015246152,4120546.743417401],[605723.3837934239,4120546.908976262],[605723.6786506393,4120547.0509080742],[605723.9841228294,4120547.1682629115],[605728.2888855527,4120548.6229338483],[605736.6847752987,4120554.6901212404],[605737.1642332324,4120555.046525846],[605737.2103216721,4120555.0802773754],[605741.8152840165,4120558.4023320028],[605747.4183377535,4120564.3569823434],[605748.8977612194,4120567.420376591],[605748.9005876556,4120567.4262170997],[605794.9114123238,4120662.306017207],[605808.3072219347,4120690.606532171],[605810.1873386683,4120694.932433819],[605810.2986546906,4120695.167363418],[605812.4500868629,4120699.3508901177],[605829.5329002555,4120735.5452587917],[605829.5401847061,4120735.5606082487],[605854.1343854226,4120787.1014831895],[605854.1421445472,4120787.117650272],[605883.6029353308,4120848.1516970955],[605883.7024459064,4120848.3443351905],[605906.7333435605,4120890.11215683],[605906.8165846474,4120890.255971274],[605916.3780501192,4120906.0110327653],[605916.4526861765,4120906.1293032654],[605927.8916078329,4120923.5724789514],[605928.0408171625,4120923.7846698724],[605976.2100592114,4120987.771455931],[606008.9289909649,4121032.0],[606018.8801003811,4121032.0],[605982.6315481593,4120983.000212921],[605982.6115264146,4120982.9733836283],[605934.5102639975,4120919.0768999695],[605923.1808570058,4120901.800722851],[605913.6987900806,4120886.1764916168],[605890.760385827,4120844.576411935],[605861.3506365595,4120783.6481080395],[605836.7639557876,4120732.1229922823],[605819.655728025,4120695.874776677],[605819.5955716473,4120695.7527410933],[605817.4725005578,4120691.6243634],[605815.6186263876,4120687.358842443],[605815.5655565151,4120687.241906968],[605802.1342032354,4120658.8663010495],[605802.1179026136,4120658.8322795224],[605756.1002630027,4120563.9384261915],[605754.757428792,4120561.15786289],[605754.8050863917,4120551.587330732],[605754.7911930921,4120551.2337229317],[605753.8402713708,4120539.8745777914],[605756.2019037378,4120536.5204144316],[605756.3948172509,4120536.2185605345],[605756.559950668,4120535.9006574783],[605756.6959795016,4120535.5692550717],[605758.5718860279,4120530.344387613],[605758.683297324,4120529.98050779],[605758.7596246622,4120529.6076872707],[605758.8001771799,4120529.2293005697],[605759.1719940302,4120522.9535569996],[605759.1753706348,4120522.5467228517],[605759.1374033879,4120522.141650126],[605759.0584850739,4120521.742529436],[605757.5290789504,4120515.653679958],[605757.4109097957,4120515.267080251],[605757.2543226872,4120514.8943823036],[605757.0609169987,4120514.539392836],[605753.7744016827,4120509.17186812],[605753.5522368671,4120508.846228395],[605753.2990976239,4120508.5440381253],[605753.0174425431,4120508.2682323037],[605748.5508381263,4120504.3061629143],[605748.2531891526,4120504.06653369],[605747.9340326021,4120503.8563999874],[605747.5962811188,4120503.677679501],[605742.1801163674,4120501.135064966],[605741.8266852284,4120500.9893289884],[605741.4609555362,4120500.8779991297],[605741.0862680613,4120500.8020923357],[605736.5446176071,4120500.106041261],[605730.5409034966,4120493.6575021064],[605713.4220762782,4120475.262179949],[605650.292114847,4120338.8048980525],[605650.2601191795,4120338.7373995935],[605591.6337078488,4120217.9845091426],[605591.6133061206,4120217.9430976175],[605547.3174455595,4120129.3247748553],[605544.452626527,4120122.7142540347],[605541.7138355034,4120097.952453072],[605543.2466495553,4120095.6394404694],[605543.4596989747,4120095.278139739],[605543.6337433894,4120094.8965158206],[605545.1002689053,4120091.1755381795],[605545.2162977129,4120090.837625831],[605545.3017116508,4120090.4907081192],[605545.35582929,4120090.137552742],[605546.0689569219,4120083.5221158233],[605546.0919687869,4120083.078406496],[605546.0656291207,4120082.6348822745],[605545.9902629015,4120082.1970153474],[605544.5009753073,4120075.720355985],[605544.3782650146,4120075.2956977417],[605544.2094475323,4120074.8871722254],[605543.9965844637,4120074.4997683614],[605540.4736827003,4120068.851968651],[605540.2183886585,4120068.4891703883],[605539.9244905346,4120068.1568730515],[605539.595603232,4120067.8591638487],[605534.4127897262,4120063.66630376],[605534.1362777917,4120063.461635814],[605533.8432024609,4120063.281484022],[605533.5357315352,4120063.1271809186],[605530.1296985118,4120061.5975200213],[605529.7852605016,4120061.4616190917],[605529.4297314284,4120061.358150818],[605526.5002509815,4120060.650868799],[605518.0295575521,4120054.90015112],[605517.3472632696,4120054.1556878304],[605517.2667399986,4120054.070373618],[605504.4114700368,4120040.8442905103],[605485.5095187929,4120002.293571858],[605437.0,4119903.3942830022],[605437.0,4119921.5607033144],[605478.3266158649,4120005.815773671],[605497.3477649956,4120044.6095976057],[605502.1354830653,4120061.647196739]],[[605513.8465584918,4120070.3616288286],[605518.8848506417,4120068.491334314],[605524.4191847395,4120068.378287546],[605527.1910921776,4120069.047525769],[605529.7847472108,4120070.212344976],[605534.0415782322,4120073.6560916738],[605536.8544853628,4120078.1656514467],[605538.0429019732,4120083.333873888],[605537.4597126438,4120088.743918385],[605536.3453782604,4120091.571290483],[605534.4998609665,4120094.3561715027],[605531.3046103123,4120097.3649307457],[605527.2754308046,4120099.439320549],[605522.8361436799,4120100.3256948106],[605518.3875416464,4120099.9546215977],[605513.2197071444,4120097.799157196],[605509.1328287125,4120094.0683225663],[605506.552752683,4120089.1923566167],[605505.7864729738,4120083.742776077],[605506.9180877312,4120078.3387039197],[605509.6965486894,4120073.777704169],[605513.8465584918,4120070.3616288286]],[[605512.7808540781,4120060.9736045287],[605513.1495771178,4120061.2565669925],[605513.9403224387,4120061.793400622],[605510.4317855592,4120063.095825548],[605510.0246650984,4120063.2732524187],[605509.9612186451,4120063.3097543092],[605510.1680562523,4120062.286582098],[605510.2254264707,4120061.912368306],[605510.2471613918,4120061.5344068035],[605510.233066315,4120061.156083354],[605510.1832675033,4120060.780786961],[605510.0982110524,4120060.4118795143],[605509.2132374085,4120057.2626075717],[605511.4891516382,4120059.6041710577],[605512.447443791,4120060.649780477],[605512.7808540781,4120060.9736045287]],[[605530.1017154821,4120106.9628741825],[605530.4391196814,4120106.8085195255],[605534.418004593,4120104.76002348],[605535.4116811111,4120113.7439948563],[605530.2084218379,4120109.0552550247],[605530.0400819285,4120108.9117926694],[605528.1832380061,4120107.415969871],[605529.3913683639,4120107.174747435],[605529.75146049,4120107.085301281],[605530.1017154821,4120106.9628741825]],[[605721.7292509656,4120513.5366441025],[605725.4333368749,4120510.4340036665],[605729.7966137116,4120508.510094791],[605734.5211002182,4120507.889326573],[605739.3033764542,4120508.6222558343],[605743.6740228012,4120510.674052528],[605747.2629173918,4120513.857555716],[605749.91903098,4120518.1955106505],[605751.1496059152,4120523.094657736],[605750.848185655,4120528.1822062363],[605749.3493063663,4120532.3569588214],[605746.7660479678,4120536.025891713],[605743.4535678279,4120538.788206471],[605739.5344793906,4120540.61964732],[605735.2730721186,4120541.3998308973],[605730.9440916993,4120541.0757656023],[605727.0127237017,4120539.74727269],[605723.5582482296,4120537.5263708285],[605720.2761341607,4120533.8373112436],[605718.2086072306,4120529.4221032364],[605717.5127791283,4120524.593431074],[605718.2563199289,4120519.7033513477],[605719.6578214205,4120516.4327006685],[605721.7292509656,4120513.5366441025]],[[605726.6075840873,4120501.1730743325],[605721.686244108,4120503.343051169],[605721.3498593587,4120503.51067058],[605721.0478581468,4120503.6984474715],[605717.9518406407,4120491.8728138595],[605724.684805576,4120499.1078339624],[605726.6075840873,4120501.1730743325]],[[605742.4548574708,4120548.08534203],[605746.3473677412,4120546.266321503],[605746.8043036285,4120551.724605764],[605746.8022574394,4120552.1355185932],[605741.9139365072,4120548.6090469398],[605741.5933217352,4120548.3707182496],[605741.8145739048,4120548.3203686154],[605742.1397342404,4120548.216527379],[605742.4548574708,4120548.08534203]]]}},{"type":"Feature","properties":{"class":"track","widthMeters":2.5},"geometry":{"type":"MultiPolygon","coordinates":[[[[605718.3557895938,4120892.7172158184],[605700.282979392,4120891.297905016],[605686.4542084469,4120887.6405442343],[605672.0993561677,4120879.43495601],[605661.9753360272,4120873.3448937437],[605661.9627019635,4120873.3373945365],[605648.2927354096,4120865.3315707366],[605648.1724695468,4120865.269620696],[605648.0462131838,4120865.221030408],[605635.2612275914,4120861.07989963],[605627.8472796648,4120857.4979729634],[605621.8384621586,4120850.2870263676],[605617.5481997682,4120833.3834632547],[605614.3153076258,4120815.492860332],[605611.7265930786,4120798.5995389842],[605611.7056875711,4120798.4937965516],[605611.6757499578,4120798.390248294],[605611.63700285,4120798.2896641805],[605605.7122855941,4120784.6889685644],[605605.6691140009,4120784.599710718],[605600.4592144408,4120774.8361787456],[605600.3984831988,4120774.734316139],[605592.807691523,4120763.2757384474],[605590.9156700424,4120754.1552060796],[605590.8872149667,4120754.0439900435],[605590.8486767173,4120753.9358535497],[605590.80038034,4120753.831708661],[605590.7427331839,4120753.7324337726],[605590.6762214665,4120753.6388662066],[605579.7280954681,4120739.6454022345],[605574.7898930082,4120732.2541103256],[605574.726374434,4120732.1673619086],[605574.6556361883,4120732.0863927933],[605574.5782016162,4120732.0118020154],[605567.7244987834,4120725.9559415807],[605566.0691424635,4120727.8293863903],[605572.8012760284,4120733.777829486],[605577.675373984,4120741.073172493],[605577.7302502764,4120741.1490005823],[605588.5271496224,4120754.9491725964],[605590.4087088632,4120764.0192715],[605590.4383616358,4120764.134386308],[605590.4788151426,4120764.246163854],[605590.5297035367,4120764.35359326],[605590.5905666008,4120764.4557029726],[605598.2815306229,4120776.065494485],[605603.4401261454,4120785.7328809164],[605609.2800743461,4120799.1389819104],[605611.8466828311,4120815.8880444732],[605611.8521819705,4120815.9209851837],[605615.0958028013,4120833.870959931],[605615.1142961014,4120833.956190793],[605619.485052115,4120851.176897455],[605619.5172752693,4120851.283641254],[605619.5588824206,4120851.387088899],[605619.6095425076,4120851.486417273],[605619.6688524355,4120851.580836036],[605619.7363402847,4120851.6695939116],[605626.0997639524,4120859.306089476],[605626.1902701077,4120859.403638269],[605626.290633218,4120859.491013191],[605626.3997159123,4120859.5672240625],[605626.5162820038,4120859.631407217],[605634.2507890058,4120863.368206714],[605634.4093870095,4120863.4318569144],[605647.1465829308,4120867.557508342],[605660.6929574437,4120875.4909503916],[605670.8226055831,4120881.584398157],[605670.8466082489,4120881.598475423],[605685.3558258401,4120889.892302674],[605685.4523677042,4120889.942053737],[605685.5528637387,4120889.9832368265],[605685.6565552872,4120890.0155410464],[605699.7529365597,4120893.7436780035],[605699.8629565069,4120893.767531847],[605699.97467639,4120893.7813905035],[605718.3144316156,4120895.221665282],[605718.4170394494,4120895.2254931834],[605718.5196152797,4120895.220886729],[605718.6214669729,4120895.2078770017],[605731.9503109911,4120892.9455773346],[605732.0865558198,4120892.914530214],[605732.2184839898,4120892.8684700904],[605732.3444467934,4120892.807972577],[605739.6084476826,4120888.8049241165],[605739.7280353722,4120888.7299208203],[605739.8384039263,4120888.641912342],[605739.9381458046,4120888.5420210627],[605740.3010701435,4120888.1349728024],[605739.1487560779,4120892.830117929],[605734.5132418075,4120903.517716078],[605727.7114690256,4120908.0283154994],[605713.4517209446,4120915.092140366],[605713.4486050782,4120915.0936892712],[605702.144678901,4120920.7325366274],[605702.0306208095,4120920.7971125892],[605701.923951595,4120920.8732767655],[605701.8258440589,4120920.9601917495],[605701.7373768697,4120921.056901932],[605701.6595227022,4120921.1623440096],[605692.9099291008,4120934.41398449],[605681.9698317439,4120947.2384615587],[605674.6018339015,4120954.577231595],[605674.5901355883,4120954.5890394785],[605665.2242056595,4120964.1692592483],[605667.0118525457,4120965.916920145],[605676.3719725717,4120956.342643207],[605683.7700211888,4120948.973941603],[605683.8388809118,4120948.89955404],[605694.8617366853,4120935.978063811],[605694.9538865159,4120935.8555583013],[605703.560903329,4120922.8198565748],[605714.563005285,4120917.3315711287],[605728.8916456569,4120910.233619216],[605729.0276203643,4120910.155268018],[605736.2035156144,4120905.396569073],[605736.3001878062,4120905.325554919],[605736.3896080948,4120905.2456015907],[605736.4709530398,4120905.1574453507],[605736.5434735636,4120905.061897999],[605736.60650185,4120904.959839399],[605736.6594574929,4120904.8522093724],[605741.4843367515,4120893.728013085],[605741.5221388882,4120893.6297051935],[605741.5515307301,4120893.528563893],[605743.9202138426,4120883.8772793133],[605747.52682022,4120871.644748025],[605747.5578155621,4120871.514131162],[605748.3683129504,4120867.0414851005],[605748.3835122598,4120866.9284062316],[605748.3883375496,4120866.8144125207],[605748.3827486183,4120866.7004536972],[605748.3667920294,4120866.5874792007],[605745.4932239575,4120851.3139624116],[605746.4228048013,4120836.456870394],[605749.699870433,4120819.0375544718],[605756.5678061489,4120799.6307218987],[605756.6031846303,4120799.5124920183],[605756.6267323557,4120799.391349762],[605756.6382198017,4120799.2684759237],[605756.9368951678,4120792.4591935934],[605754.4392966536,4120792.3496414977],[605754.1487963562,4120798.9725463865],[605747.3108863952,4120818.2945347177],[605747.2822691683,4120818.386527256],[605747.2608217878,4120818.480450537],[605743.9516191032,4120836.070591685],[605743.9325088883,4120836.2236403334],[605742.9883560811,4120851.313629794],[605742.9861748447,4120851.417099468],[605742.9925604224,4120851.520394945],[605743.007469042,4120851.6228081486],[605745.8672150568,4120866.8228582875],[605745.1098644842,4120871.00221914],[605741.59344545,4120882.9288619054],[605738.2144911865,4120886.7186255227],[605731.3232493816,4120890.5162537606],[605718.3557895938,4120892.7172158184]]],[[[605444.8246507687,4120870.989317314],[605452.6188972248,4120865.439515935],[605461.4905391175,4120862.0367906746],[605478.8746524301,4120857.234248271],[605479.0409443518,4120857.1753955036],[605489.9610488852,4120852.419121298],[605490.0726147079,4120852.3637609],[605490.1781176623,4120852.2975730384],[605497.7868548775,4120846.9782059034],[605497.8748744222,4120846.91066251],[605507.4880641758,4120838.8313440285],[605507.4989797858,4120838.8220628365],[605514.4970934053,4120832.802348917],[605519.1505463192,4120828.922506347],[605527.6949616816,4120822.377006342],[605526.1746463169,4120820.392405326],[605517.6097422515,4120826.953600823],[605517.569430184,4120826.985824157],[605512.8887643844,4120830.888355624],[605512.8740810402,4120830.9007907594],[605505.8741048031,4120836.922106886],[605496.3089089831,4120844.961089299],[605488.8481381803,4120850.177011191],[605478.1237104841,4120854.848057944],[605460.7665187354,4120859.643162985],[605460.6517346915,4120859.680932834],[605451.5754726182,4120863.1621403256],[605451.4789373382,4120863.203906236],[605451.3862551596,4120863.253640182],[605451.298082329,4120863.3109900164],[605443.2584091567,4120869.035544598],[605443.1476532395,4120869.124298616],[605443.0476725084,4120869.225035909],[605437.4571718902,4120875.5373977753],[605437.0,4120876.03455596],[605437.0,4120879.727944446],[605439.3053032224,4120877.2210091115],[605439.3209606941,4120877.2036594134],[605444.8246507687,4120870.989317314]]]]}},{"type":"Feature","properties":{"class":"unclassified","widthMeters":4},"geometry":{"type":"Polygon","coordinates":[[[605820.156635308,4120589.545873395],[605800.578462003,4120551.816465065],[605797.0280122734,4120553.658829502],[605816.5893595509,4120591.3558121277],[605858.129665367,4120679.1065581064],[605861.7450284472,4120677.395082195],[605820.1890919834,4120589.611317658],[605820.156635308,4120589.545873395]]]}}]}
